{"type":"FeatureCollection", "features": [
{"type":"Feature","geometry":{"type":"Polygon","coordinates":[[[29.796102,-3.626735],[29.781577,-3.616169],[29.776899,-3.620429],[29.745359,-3.620722],[29.718227,-3.645241],[29.721425,-3.653115],[29.742246,-3.655689],[29.748897,-3.654639],[29.756309,-3.645762],[29.76329,-3.647495],[29.780465,-3.667825],[29.776645,-3.674819],[29.780803,-3.685312],[29.774722,-3.704375],[29.769859,-3.75689],[29.762323,-3.766128],[29.7614,-3.788104],[29.754831,-3.798888],[29.755973,-3.805923],[29.750036,-3.820781],[29.753621,-3.825923],[29.770536,-3.828033],[29.775037,-3.824302],[29.779275,-3.823838],[29.800521,-3.79773],[29.810323,-3.779794],[29.80692,-3.766737],[29.821334,-3.760263],[29.826814,-3.736191],[29.832368,-3.727675],[29.838901,-3.726501],[29.849853,-3.70204],[29.868194,-3.692966],[29.872644,-3.674752],[29.869226,-3.665039],[29.876247,-3.653821],[29.864665,-3.654691],[29.857763,-3.648191],[29.844547,-3.657079],[29.833602,-3.646915],[29.835006,-3.638737],[29.826354,-3.648617],[29.817827,-3.649848],[29.798061,-3.640265],[29.796102,-3.626735]]]},"properties":{"shapeName":"Ryansoro","shapeISO":"","shapeID":"21766830B51581455705264","shapeGroup":"BDI","shapeType":"ADM2"}},
{"type":"Feature","geometry":{"type":"Polygon","coordinates":[[[29.783258,-3.297831],[29.776334,-3.300792],[29.772928,-3.316508],[29.77506,-3.335161],[29.767513,-3.343112],[29.768102,-3.349057],[29.761747,-3.356101],[29.762796,-3.362139],[29.757678,-3.370971],[29.732185,-3.354229],[29.716163,-3.362004],[29.713018,-3.369962],[29.698543,-3.405082],[29.675737,-3.405813],[29.659637,-3.426223],[29.655479,-3.430691],[29.662414,-3.437052],[29.658283,-3.449069],[29.670194,-3.44504],[29.68041,-3.454381],[29.682552,-3.470113],[29.685403,-3.468251],[29.696334,-3.475606],[29.700843,-3.471719],[29.709367,-3.45505],[29.720685,-3.445343],[29.728452,-3.475502],[29.735938,-3.480119],[29.750198,-3.434896],[29.751111,-3.420675],[29.765125,-3.409698],[29.779966,-3.414027],[29.78539,-3.419481],[29.804641,-3.412303],[29.824113,-3.393168],[29.825614,-3.366646],[29.838092,-3.351022],[29.840318,-3.341721],[29.829646,-3.328767],[29.818502,-3.322222],[29.815841,-3.310257],[29.799724,-3.310571],[29.793596,-3.298615],[29.783258,-3.297831]]]},"properties":{"shapeName":"Ndava","shapeISO":"","shapeID":"21766830B24037016071048","shapeGroup":"BDI","shapeType":"ADM2"}},
{"type":"Feature","geometry":{"type":"Polygon","coordinates":[[[29.53519,-3.743711],[29.527719,-3.744806],[29.518981,-3.762203],[29.527271,-3.775126],[29.525331,-3.789423],[29.508693,-3.810868],[29.501222,-3.862215],[29.492818,-3.871726],[29.494487,-3.885721],[29.486585,-3.893353],[29.484477,-3.891032],[29.476371,-3.898042],[29.467668,-3.898309],[29.448478,-3.925153],[29.465364,-3.941092],[29.473638,-3.982629],[29.481334,-3.979136],[29.483156,-3.973865],[29.498918,-3.973058],[29.499589,-3.962079],[29.504304,-3.955709],[29.514657,-3.95224],[29.51624,-3.944473],[29.527217,-3.941705],[29.534971,-3.934757],[29.542791,-3.9119],[29.551103,-3.907784],[29.550145,-3.894532],[29.558219,-3.886636],[29.56756,-3.852742],[29.591565,-3.821923],[29.597795,-3.799325],[29.607332,-3.782702],[29.588943,-3.751822],[29.588666,-3.742631],[29.566465,-3.716176],[29.552366,-3.742002],[29.545356,-3.747945],[29.53519,-3.743711]]]},"properties":{"shapeName":"Buyengero","shapeISO":"","shapeID":"21766830B72694279365930","shapeGroup":"BDI","shapeType":"ADM2"}},
{"type":"Feature","geometry":{"type":"Polygon","coordinates":[[[29.336312,-3.648562],[29.331805,-3.671592],[29.3204,-3.695275],[29.320498,-3.704789],[29.310527,-3.716057],[29.312171,-3.731394],[29.380861,-3.721823],[29.40883,-3.724344],[29.415021,-3.720684],[29.422265,-3.727248],[29.428987,-3.724235],[29.434909,-3.714283],[29.44687,-3.708807],[29.456199,-3.717346],[29.465867,-3.71703],[29.477405,-3.705421],[29.481248,-3.711525],[29.49266,-3.708792],[29.495473,-3.698144],[29.488738,-3.688519],[29.496457,-3.675157],[29.499244,-3.670445],[29.496448,-3.662986],[29.472667,-3.662931],[29.457954,-3.67466],[29.453138,-3.672792],[29.450479,-3.658803],[29.445894,-3.656055],[29.447997,-3.644702],[29.444116,-3.642242],[29.429889,-3.665736],[29.4188,-3.663646],[29.401958,-3.648756],[29.393321,-3.655479],[29.384179,-3.655324],[29.384696,-3.668448],[29.381616,-3.668735],[29.36819,-3.65695],[29.3621,-3.658025],[29.345752,-3.647953],[29.336312,-3.648562]]]},"properties":{"shapeName":"Bugarama","shapeISO":"","shapeID":"21766830B31049489476840","shapeGroup":"BDI","shapeType":"ADM2"}},
{"type":"Feature","geometry":{"type":"Polygon","coordinates":[[[29.448478,-3.925153],[29.439342,-3.921577],[29.4414,-3.911973],[29.429975,-3.907706],[29.425332,-3.890157],[29.426849,-3.879183],[29.418313,-3.87813],[29.415977,-3.854408],[29.40697,-3.845684],[29.412048,-3.83712],[29.411762,-3.83356],[29.40867,-3.834352],[29.411039,-3.825799],[29.386646,-3.82283],[29.378158,-3.825366],[29.373533,-3.831819],[29.371742,-3.820565],[29.361574,-3.81887],[29.358133,-3.812701],[29.359239,-3.787519],[29.369893,-3.78351],[29.363574,-3.761688],[29.369766,-3.75841],[29.373739,-3.747523],[29.390888,-3.749248],[29.406535,-3.739856],[29.428815,-3.736022],[29.428987,-3.724235],[29.422265,-3.727248],[29.415021,-3.720684],[29.40883,-3.724344],[29.380861,-3.721823],[29.312171,-3.731394],[29.325535,-3.740185],[29.330663,-3.74843],[29.33459,-3.766903],[29.330656,-3.771287],[29.338957,-3.781155],[29.346601,-3.804789],[29.345391,-3.816069],[29.357839,-3.828402],[29.365696,-3.847692],[29.363835,-3.853189],[29.376719,-3.867541],[29.390161,-3.896941],[29.399719,-3.903129],[29.401492,-3.914753],[29.409154,-3.925221],[29.413779,-3.958954],[29.425858,-3.963679],[29.434602,-3.973725],[29.435391,-3.979248],[29.426074,-3.996199],[29.426261,-4.00801],[29.442852,-4.017646],[29.457938,-4.042629],[29.462658,-4.063588],[29.471683,-4.068258],[29.475698,-4.080806],[29.488397,-4.094224],[29.508232,-4.144431],[29.50888,-4.166804],[29.518528,-4.180288],[29.536874,-4.19135],[29.540359,-4.165941],[29.556764,-4.156426],[29.559213,-4.15119],[29.55408,-4.142967],[29.553962,-4.132458],[29.544505,-4.12525],[29.545274,-4.111038],[29.52564,-4.089968],[29.531301,-4.083277],[29.534372,-4.050236],[29.517783,-4.013333],[29.546743,-3.991374],[29.55471,-3.992646],[29.560771,-3.984633],[29.549735,-3.967103],[29.552495,-3.955271],[29.544006,-3.950912],[29.514657,-3.95224],[29.504304,-3.955709],[29.499589,-3.962079],[29.498918,-3.973058],[29.483156,-3.973865],[29.481334,-3.979136],[29.473638,-3.982629],[29.465364,-3.941092],[29.448478,-3.925153]]]},"properties":{"shapeName":"Rumonge","shapeISO":"","shapeID":"21766830B32777890626704","shapeGroup":"BDI","shapeType":"ADM2"}},
{"type":"Feature","geometry":{"type":"Polygon","coordinates":[[[29.53519,-3.743711],[29.534404,-3.733876],[29.528043,-3.727021],[29.526084,-3.705797],[29.506942,-3.712393],[29.49266,-3.708792],[29.481248,-3.711525],[29.477405,-3.705421],[29.465867,-3.71703],[29.456199,-3.717346],[29.44687,-3.708807],[29.434909,-3.714283],[29.428987,-3.724235],[29.428815,-3.736022],[29.406535,-3.739856],[29.390888,-3.749248],[29.373739,-3.747523],[29.369766,-3.75841],[29.363574,-3.761688],[29.369893,-3.78351],[29.359239,-3.787519],[29.358133,-3.812701],[29.361574,-3.81887],[29.371742,-3.820565],[29.373533,-3.831819],[29.378158,-3.825366],[29.386646,-3.82283],[29.411039,-3.825799],[29.40867,-3.834352],[29.411762,-3.83356],[29.412048,-3.83712],[29.40697,-3.845684],[29.415977,-3.854408],[29.418313,-3.87813],[29.426849,-3.879183],[29.425332,-3.890157],[29.429975,-3.907706],[29.4414,-3.911973],[29.439342,-3.921577],[29.448478,-3.925153],[29.467668,-3.898309],[29.476371,-3.898042],[29.484477,-3.891032],[29.486585,-3.893353],[29.494487,-3.885721],[29.492818,-3.871726],[29.501222,-3.862215],[29.508693,-3.810868],[29.525331,-3.789423],[29.527271,-3.775126],[29.518981,-3.762203],[29.527719,-3.744806],[29.53519,-3.743711]]]},"properties":{"shapeName":"Burambi","shapeISO":"","shapeID":"21766830B13270332643198","shapeGroup":"BDI","shapeType":"ADM2"}},
{"type":"Feature","geometry":{"type":"Polygon","coordinates":[[[29.400766,-3.378885],[29.40357,-3.401047],[29.39005,-3.393858],[29.38408,-3.395717],[29.382678,-3.401494],[29.387109,-3.408572],[29.381976,-3.409579],[29.382251,-3.4191],[29.397378,-3.422478],[29.385558,-3.427501],[29.373374,-3.425041],[29.369766,-3.445447],[29.375215,-3.451324],[29.370809,-3.46488],[29.375335,-3.478704],[29.376918,-3.478452],[29.401344,-3.485822],[29.417911,-3.466244],[29.427295,-3.461878],[29.446439,-3.456145],[29.452001,-3.448622],[29.44732,-3.441277],[29.450246,-3.437506],[29.448444,-3.428756],[29.469886,-3.435857],[29.469608,-3.443702],[29.47389,-3.441963],[29.473754,-3.42802],[29.466121,-3.423955],[29.455312,-3.40939],[29.450027,-3.386158],[29.4444,-3.381736],[29.425824,-3.389085],[29.403354,-3.379416],[29.400766,-3.378885]]]},"properties":{"shapeName":"Kanyosha1","shapeISO":"","shapeID":"21766830B91002704780807","shapeGroup":"BDI","shapeType":"ADM2"}},
{"type":"Feature","geometry":{"type":"Polygon","coordinates":[[[29.375335,-3.478704],[29.364522,-3.476316],[29.350295,-3.483017],[29.334613,-3.484001],[29.344791,-3.495552],[29.336944,-3.514493],[29.340153,-3.519589],[29.338281,-3.541935],[29.349944,-3.559897],[29.348387,-3.571869],[29.343381,-3.575771],[29.34708,-3.595695],[29.37128,-3.59149],[29.382926,-3.568985],[29.382337,-3.564214],[29.400329,-3.540803],[29.405847,-3.54333],[29.410892,-3.540034],[29.41706,-3.524658],[29.406953,-3.523263],[29.399072,-3.498544],[29.376918,-3.478452],[29.375335,-3.478704]]]},"properties":{"shapeName":"Kabezi","shapeISO":"","shapeID":"21766830B36835382033084","shapeGroup":"BDI","shapeType":"ADM2"}},
{"type":"Feature","geometry":{"type":"Polygon","coordinates":[[[29.496448,-3.662986],[29.499801,-3.639292],[29.493219,-3.624398],[29.482097,-3.623683],[29.473396,-3.618233],[29.462434,-3.608782],[29.450784,-3.584312],[29.4442,-3.584734],[29.429067,-3.582416],[29.424396,-3.591476],[29.418905,-3.588449],[29.41163,-3.591511],[29.414153,-3.584548],[29.409643,-3.566458],[29.413583,-3.563432],[29.406638,-3.558816],[29.382926,-3.568985],[29.37128,-3.59149],[29.34708,-3.595695],[29.347687,-3.613427],[29.342525,-3.617437],[29.336312,-3.648562],[29.345752,-3.647953],[29.3621,-3.658025],[29.36819,-3.65695],[29.381616,-3.668735],[29.384696,-3.668448],[29.384179,-3.655324],[29.393321,-3.655479],[29.401958,-3.648756],[29.4188,-3.663646],[29.429889,-3.665736],[29.444116,-3.642242],[29.447997,-3.644702],[29.445894,-3.656055],[29.450479,-3.658803],[29.453138,-3.672792],[29.457954,-3.67466],[29.472667,-3.662931],[29.496448,-3.662986]]]},"properties":{"shapeName":"Muhuta","shapeISO":"","shapeID":"21766830B14140898215143","shapeGroup":"BDI","shapeType":"ADM2"}},
{"type":"Feature","geometry":{"type":"Polygon","coordinates":[[[29.496457,-3.675157],[29.503839,-3.676085],[29.51188,-3.665545],[29.517055,-3.62728],[29.531247,-3.605932],[29.533105,-3.592169],[29.548951,-3.579175],[29.548118,-3.567898],[29.557014,-3.559608],[29.566116,-3.557982],[29.574006,-3.543221],[29.587007,-3.54422],[29.589044,-3.526413],[29.578557,-3.523515],[29.579789,-3.503334],[29.570754,-3.502666],[29.565,-3.510268],[29.553533,-3.50968],[29.545459,-3.505007],[29.549484,-3.486516],[29.526035,-3.501729],[29.510864,-3.499243],[29.504026,-3.515846],[29.492868,-3.516006],[29.482604,-3.527108],[29.476407,-3.523788],[29.469764,-3.534791],[29.470098,-3.544877],[29.462329,-3.54494],[29.464288,-3.561995],[29.451478,-3.570179],[29.4442,-3.584734],[29.450784,-3.584312],[29.462434,-3.608782],[29.473396,-3.618233],[29.482097,-3.623683],[29.493219,-3.624398],[29.499801,-3.639292],[29.496448,-3.662986],[29.499244,-3.670445],[29.496457,-3.675157]]]},"properties":{"shapeName":"Mukike","shapeISO":"","shapeID":"21766830B24780978451442","shapeGroup":"BDI","shapeType":"ADM2"}},
{"type":"Feature","geometry":{"type":"Polygon","coordinates":[[[29.376918,-3.478452],[29.399072,-3.498544],[29.406953,-3.523263],[29.41706,-3.524658],[29.410892,-3.540034],[29.405847,-3.54333],[29.400329,-3.540803],[29.382337,-3.564214],[29.382926,-3.568985],[29.406638,-3.558816],[29.413583,-3.563432],[29.409643,-3.566458],[29.414153,-3.584548],[29.41163,-3.591511],[29.418905,-3.588449],[29.424396,-3.591476],[29.429067,-3.582416],[29.4442,-3.584734],[29.451478,-3.570179],[29.464288,-3.561995],[29.462329,-3.54494],[29.470098,-3.544877],[29.469764,-3.534791],[29.476407,-3.523788],[29.482604,-3.527108],[29.492868,-3.516006],[29.49438,-3.512548],[29.490825,-3.51018],[29.487031,-3.512697],[29.482654,-3.508755],[29.471399,-3.509913],[29.460248,-3.502743],[29.447267,-3.502897],[29.447606,-3.493701],[29.455657,-3.487572],[29.453796,-3.485209],[29.448606,-3.490037],[29.433076,-3.491133],[29.437822,-3.475486],[29.431186,-3.472166],[29.427295,-3.461878],[29.417911,-3.466244],[29.401344,-3.485822],[29.376918,-3.478452]]]},"properties":{"shapeName":"Mutambu","shapeISO":"","shapeID":"21766830B26172674635426","shapeGroup":"BDI","shapeType":"ADM2"}},
{"type":"Feature","geometry":{"type":"Polygon","coordinates":[[[29.427295,-3.461878],[29.431186,-3.472166],[29.437822,-3.475486],[29.433076,-3.491133],[29.448606,-3.490037],[29.453796,-3.485209],[29.455657,-3.487572],[29.447606,-3.493701],[29.447267,-3.502897],[29.460248,-3.502743],[29.471399,-3.509913],[29.482654,-3.508755],[29.487031,-3.512697],[29.490825,-3.51018],[29.49438,-3.512548],[29.492868,-3.516006],[29.504026,-3.515846],[29.510864,-3.499243],[29.504432,-3.496388],[29.500682,-3.485822],[29.50743,-3.485431],[29.519199,-3.468385],[29.515947,-3.463645],[29.508115,-3.465014],[29.506889,-3.470768],[29.502731,-3.46773],[29.502607,-3.45099],[29.496127,-3.444098],[29.508729,-3.433284],[29.497545,-3.41695],[29.495023,-3.40201],[29.474864,-3.394706],[29.466424,-3.385426],[29.458206,-3.38957],[29.450027,-3.386158],[29.455312,-3.40939],[29.466121,-3.423955],[29.473754,-3.42802],[29.47389,-3.441963],[29.469608,-3.443702],[29.469886,-3.435857],[29.448444,-3.428756],[29.450246,-3.437506],[29.44732,-3.441277],[29.452001,-3.448622],[29.446439,-3.456145],[29.427295,-3.461878]]]},"properties":{"shapeName":"Nyabiraba","shapeISO":"","shapeID":"21766830B65855218165696","shapeGroup":"BDI","shapeType":"ADM2"}},
{"type":"Feature","geometry":{"type":"Polygon","coordinates":[[[29.514657,-3.95224],[29.544006,-3.950912],[29.552495,-3.955271],[29.549735,-3.967103],[29.560771,-3.984633],[29.55471,-3.992646],[29.594051,-4.007283],[29.600295,-4.004351],[29.624837,-4.010433],[29.630752,-4.013294],[29.631282,-4.022754],[29.637496,-4.028168],[29.649858,-4.026233],[29.668823,-4.013548],[29.673471,-4.014876],[29.683437,-4.00929],[29.690551,-4.02508],[29.686546,-4.031694],[29.689746,-4.043052],[29.670663,-4.059953],[29.670099,-4.07823],[29.676406,-4.077317],[29.681047,-4.069996],[29.691825,-4.074599],[29.705348,-4.065449],[29.724155,-4.062257],[29.733232,-4.065983],[29.742263,-4.051429],[29.747749,-4.018232],[29.759595,-4.018303],[29.767423,-4.003001],[29.770059,-4.004288],[29.781665,-3.991131],[29.778619,-3.984098],[29.791343,-3.981957],[29.798547,-3.971533],[29.802474,-3.955183],[29.809207,-3.945471],[29.809867,-3.939019],[29.804176,-3.930789],[29.805969,-3.911639],[29.800586,-3.900604],[29.791843,-3.896698],[29.772979,-3.908899],[29.745702,-3.904094],[29.73969,-3.905947],[29.731641,-3.901056],[29.714326,-3.905674],[29.709728,-3.901716],[29.689983,-3.906698],[29.683645,-3.899828],[29.668924,-3.912503],[29.636659,-3.904274],[29.631109,-3.89499],[29.612432,-3.888855],[29.599799,-3.894393],[29.59118,-3.887697],[29.558219,-3.886636],[29.550145,-3.894532],[29.551103,-3.907784],[29.542791,-3.9119],[29.534971,-3.934757],[29.527217,-3.941705],[29.51624,-3.944473],[29.514657,-3.95224]]]},"properties":{"shapeName":"Bururi","shapeISO":"","shapeID":"21766830B40262547233983","shapeGroup":"BDI","shapeType":"ADM2"}},
{"type":"Feature","geometry":{"type":"Polygon","coordinates":[[[29.670099,-4.07823],[29.660407,-4.081968],[29.634908,-4.129988],[29.626745,-4.133384],[29.621881,-4.143317],[29.614375,-4.144912],[29.606063,-4.153607],[29.589853,-4.151664],[29.586244,-4.157528],[29.576709,-4.155792],[29.568944,-4.161577],[29.577892,-4.172628],[29.578803,-4.185794],[29.590301,-4.210367],[29.607152,-4.203869],[29.615428,-4.191621],[29.626186,-4.18486],[29.647142,-4.195853],[29.655341,-4.213946],[29.671436,-4.234407],[29.683692,-4.231787],[29.694803,-4.262316],[29.716394,-4.246331],[29.72256,-4.22499],[29.722532,-4.220331],[29.718383,-4.21868],[29.718879,-4.209615],[29.723609,-4.207175],[29.719947,-4.193763],[29.726926,-4.182966],[29.736411,-4.183129],[29.732902,-4.173269],[29.737083,-4.132118],[29.741866,-4.126084],[29.753368,-4.122646],[29.755418,-4.110348],[29.752538,-4.094207],[29.744054,-4.079653],[29.734622,-4.075808],[29.733232,-4.065983],[29.724155,-4.062257],[29.705348,-4.065449],[29.691825,-4.074599],[29.681047,-4.069996],[29.676406,-4.077317],[29.670099,-4.07823]]]},"properties":{"shapeName":"Vugizo","shapeISO":"","shapeID":"21766830B72373703869549","shapeGroup":"BDI","shapeType":"ADM2"}},
{"type":"Feature","geometry":{"type":"Polygon","coordinates":[[[29.556764,-4.156426],[29.568944,-4.161577],[29.576709,-4.155792],[29.586244,-4.157528],[29.589853,-4.151664],[29.606063,-4.153607],[29.614375,-4.144912],[29.621881,-4.143317],[29.626745,-4.133384],[29.634908,-4.129988],[29.660407,-4.081968],[29.670099,-4.07823],[29.670663,-4.059953],[29.689746,-4.043052],[29.686546,-4.031694],[29.690551,-4.02508],[29.683437,-4.00929],[29.673471,-4.014876],[29.668823,-4.013548],[29.649858,-4.026233],[29.637496,-4.028168],[29.631282,-4.022754],[29.630752,-4.013294],[29.624837,-4.010433],[29.600295,-4.004351],[29.594051,-4.007283],[29.55471,-3.992646],[29.546743,-3.991374],[29.517783,-4.013333],[29.534372,-4.050236],[29.531301,-4.083277],[29.52564,-4.089968],[29.545274,-4.111038],[29.544505,-4.12525],[29.553962,-4.132458],[29.55408,-4.142967],[29.559213,-4.15119],[29.556764,-4.156426]]]},"properties":{"shapeName":"Vyanda","shapeISO":"","shapeID":"21766830B58261819569057","shapeGroup":"BDI","shapeType":"ADM2"}},
{"type":"Feature","geometry":{"type":"Polygon","coordinates":[[[29.659637,-3.426223],[29.64982,-3.425879],[29.6468,-3.421072],[29.642442,-3.408577],[29.6466,-3.399282],[29.642835,-3.38377],[29.639943,-3.380729],[29.634065,-3.382499],[29.627757,-3.372968],[29.619403,-3.373714],[29.618867,-3.355665],[29.581552,-3.349041],[29.578771,-3.362211],[29.581426,-3.38252],[29.591354,-3.393127],[29.579866,-3.414609],[29.582149,-3.42067],[29.57756,-3.436729],[29.584255,-3.442529],[29.585241,-3.45086],[29.597762,-3.462085],[29.598558,-3.470928],[29.594777,-3.476923],[29.595863,-3.5009],[29.602012,-3.504643],[29.61424,-3.495991],[29.629936,-3.497705],[29.63145,-3.510433],[29.626512,-3.521646],[29.641296,-3.528445],[29.647533,-3.536675],[29.668559,-3.53246],[29.676847,-3.541614],[29.692964,-3.538496],[29.69839,-3.535738],[29.699075,-3.527411],[29.707176,-3.522953],[29.699809,-3.512188],[29.703513,-3.493448],[29.700843,-3.471719],[29.696334,-3.475606],[29.685403,-3.468251],[29.682552,-3.470113],[29.68041,-3.454381],[29.670194,-3.44504],[29.658283,-3.449069],[29.662414,-3.437052],[29.655479,-3.430691],[29.659637,-3.426223]]]},"properties":{"shapeName":"Rusaka","shapeISO":"","shapeID":"21766830B4360406366219","shapeGroup":"BDI","shapeType":"ADM2"}},
{"type":"Feature","geometry":{"type":"Polygon","coordinates":[[[29.607332,-3.782702],[29.614253,-3.777745],[29.621566,-3.76965],[29.630826,-3.768605],[29.633354,-3.757425],[29.644538,-3.751105],[29.669219,-3.72014],[29.664075,-3.704253],[29.673614,-3.690048],[29.670469,-3.679841],[29.676799,-3.674855],[29.678394,-3.651654],[29.667192,-3.655257],[29.653772,-3.651104],[29.652339,-3.644192],[29.646604,-3.641408],[29.643768,-3.628778],[29.648095,-3.623153],[29.642633,-3.620183],[29.636485,-3.625371],[29.628141,-3.623693],[29.613885,-3.606045],[29.613027,-3.586739],[29.600408,-3.579366],[29.593143,-3.566458],[29.569335,-3.562695],[29.566116,-3.557982],[29.557014,-3.559608],[29.548118,-3.567898],[29.548951,-3.579175],[29.533105,-3.592169],[29.531247,-3.605932],[29.517055,-3.62728],[29.51188,-3.665545],[29.503839,-3.676085],[29.496457,-3.675157],[29.488738,-3.688519],[29.495473,-3.698144],[29.49266,-3.708792],[29.506942,-3.712393],[29.526084,-3.705797],[29.528043,-3.727021],[29.534404,-3.733876],[29.53519,-3.743711],[29.545356,-3.747945],[29.552366,-3.742002],[29.566465,-3.716176],[29.588666,-3.742631],[29.588943,-3.751822],[29.607332,-3.782702]]]},"properties":{"shapeName":"Mugamba","shapeISO":"","shapeID":"21766830B94080264403798","shapeGroup":"BDI","shapeType":"ADM2"}},
{"type":"Feature","geometry":{"type":"Polygon","coordinates":[[[29.753621,-3.825923],[29.747167,-3.837961],[29.722099,-3.839134],[29.725103,-3.803015],[29.722547,-3.798923],[29.713109,-3.797946],[29.690597,-3.810354],[29.683395,-3.808311],[29.676103,-3.811518],[29.670188,-3.803535],[29.663272,-3.801698],[29.659946,-3.793107],[29.650041,-3.800333],[29.629653,-3.802681],[29.614253,-3.777745],[29.607332,-3.782702],[29.597795,-3.799325],[29.591565,-3.821923],[29.56756,-3.852742],[29.558219,-3.886636],[29.59118,-3.887697],[29.599799,-3.894393],[29.612432,-3.888855],[29.631109,-3.89499],[29.636659,-3.904274],[29.668924,-3.912503],[29.683645,-3.899828],[29.689983,-3.906698],[29.709728,-3.901716],[29.714326,-3.905674],[29.731641,-3.901056],[29.73969,-3.905947],[29.745702,-3.904094],[29.785829,-3.839397],[29.775037,-3.824302],[29.770536,-3.828033],[29.753621,-3.825923]]]},"properties":{"shapeName":"Songa","shapeISO":"","shapeID":"21766830B2637956321101","shapeGroup":"BDI","shapeType":"ADM2"}},
{"type":"Feature","geometry":{"type":"Polygon","coordinates":[[[29.579789,-3.503334],[29.584047,-3.484201],[29.594777,-3.476923],[29.598558,-3.470928],[29.597762,-3.462085],[29.585241,-3.45086],[29.584255,-3.442529],[29.57756,-3.436729],[29.582149,-3.42067],[29.579866,-3.414609],[29.591354,-3.393127],[29.581426,-3.38252],[29.569944,-3.386591],[29.559356,-3.399297],[29.55039,-3.368459],[29.523118,-3.340657],[29.525346,-3.356813],[29.522237,-3.38679],[29.541126,-3.410718],[29.533372,-3.419693],[29.508729,-3.433284],[29.496127,-3.444098],[29.502607,-3.45099],[29.502731,-3.46773],[29.506889,-3.470768],[29.508115,-3.465014],[29.515947,-3.463645],[29.519199,-3.468385],[29.50743,-3.485431],[29.500682,-3.485822],[29.504432,-3.496388],[29.510864,-3.499243],[29.526035,-3.501729],[29.549484,-3.486516],[29.545459,-3.505007],[29.553533,-3.50968],[29.565,-3.510268],[29.570754,-3.502666],[29.579789,-3.503334]]]},"properties":{"shapeName":"Mugongoman","shapeISO":"","shapeID":"21766830B4857646374703","shapeGroup":"BDI","shapeType":"ADM2"}},
{"type":"Feature","geometry":{"type":"Polygon","coordinates":[[[29.566116,-3.557982],[29.569335,-3.562695],[29.593143,-3.566458],[29.600408,-3.579366],[29.613027,-3.586739],[29.613885,-3.606045],[29.628141,-3.623693],[29.636485,-3.625371],[29.642633,-3.620183],[29.648095,-3.623153],[29.659055,-3.605634],[29.672069,-3.600405],[29.681749,-3.589684],[29.690141,-3.569458],[29.702897,-3.554544],[29.707675,-3.537941],[29.713573,-3.534076],[29.707275,-3.529115],[29.707176,-3.522953],[29.699075,-3.527411],[29.69839,-3.535738],[29.692964,-3.538496],[29.676847,-3.541614],[29.668559,-3.53246],[29.647533,-3.536675],[29.641296,-3.528445],[29.626512,-3.521646],[29.63145,-3.510433],[29.629936,-3.497705],[29.61424,-3.495991],[29.602012,-3.504643],[29.595863,-3.5009],[29.594777,-3.476923],[29.584047,-3.484201],[29.579789,-3.503334],[29.578557,-3.523515],[29.589044,-3.526413],[29.587007,-3.54422],[29.574006,-3.543221],[29.566116,-3.557982]]]},"properties":{"shapeName":"Gisozi","shapeISO":"","shapeID":"21766830B19333977175167","shapeGroup":"BDI","shapeType":"ADM2"}},
{"type":"Feature","geometry":{"type":"Polygon","coordinates":[[[29.796102,-3.626735],[29.803378,-3.626955],[29.80458,-3.618531],[29.796737,-3.615066],[29.796619,-3.607132],[29.791734,-3.604799],[29.784625,-3.584049],[29.786317,-3.580426],[29.76947,-3.559845],[29.760761,-3.567959],[29.757198,-3.578706],[29.724698,-3.598758],[29.726074,-3.577194],[29.717916,-3.572006],[29.703641,-3.577693],[29.690141,-3.569458],[29.681749,-3.589684],[29.672069,-3.600405],[29.659055,-3.605634],[29.648095,-3.623153],[29.643768,-3.628778],[29.646604,-3.641408],[29.652339,-3.644192],[29.653772,-3.651104],[29.667192,-3.655257],[29.678394,-3.651654],[29.676799,-3.674855],[29.670469,-3.679841],[29.673614,-3.690048],[29.664075,-3.704253],[29.669219,-3.72014],[29.700652,-3.699224],[29.721425,-3.653115],[29.718227,-3.645241],[29.745359,-3.620722],[29.776899,-3.620429],[29.781577,-3.616169],[29.796102,-3.626735]]]},"properties":{"shapeName":"Bisoro","shapeISO":"","shapeID":"21766830B89840065497772","shapeGroup":"BDI","shapeType":"ADM2"}},
{"type":"Feature","geometry":{"type":"Polygon","coordinates":[[[29.721425,-3.653115],[29.700652,-3.699224],[29.669219,-3.72014],[29.644538,-3.751105],[29.633354,-3.757425],[29.630826,-3.768605],[29.621566,-3.76965],[29.614253,-3.777745],[29.629653,-3.802681],[29.650041,-3.800333],[29.659946,-3.793107],[29.663272,-3.801698],[29.670188,-3.803535],[29.676103,-3.811518],[29.683395,-3.808311],[29.690597,-3.810354],[29.713109,-3.797946],[29.722547,-3.798923],[29.725103,-3.803015],[29.722099,-3.839134],[29.747167,-3.837961],[29.753621,-3.825923],[29.750036,-3.820781],[29.755973,-3.805923],[29.754831,-3.798888],[29.7614,-3.788104],[29.762323,-3.766128],[29.769859,-3.75689],[29.774722,-3.704375],[29.780803,-3.685312],[29.776645,-3.674819],[29.780465,-3.667825],[29.76329,-3.647495],[29.756309,-3.645762],[29.748897,-3.654639],[29.742246,-3.655689],[29.721425,-3.653115]]]},"properties":{"shapeName":"Matana","shapeISO":"","shapeID":"21766830B18921295675400","shapeGroup":"BDI","shapeType":"ADM2"}},
{"type":"Feature","geometry":{"type":"Polygon","coordinates":[[[29.700843,-3.471719],[29.703513,-3.493448],[29.699809,-3.512188],[29.707176,-3.522953],[29.707275,-3.529115],[29.713573,-3.534076],[29.707675,-3.537941],[29.702897,-3.554544],[29.690141,-3.569458],[29.703641,-3.577693],[29.717916,-3.572006],[29.726074,-3.577194],[29.724698,-3.598758],[29.757198,-3.578706],[29.760761,-3.567959],[29.76947,-3.559845],[29.771642,-3.545368],[29.779016,-3.54071],[29.778858,-3.536148],[29.788711,-3.535733],[29.793977,-3.525569],[29.808965,-3.523037],[29.812814,-3.491853],[29.789441,-3.486084],[29.783168,-3.488781],[29.778262,-3.500685],[29.773546,-3.50193],[29.767768,-3.500951],[29.762071,-3.49174],[29.766153,-3.487602],[29.763761,-3.481195],[29.781495,-3.472307],[29.779865,-3.466543],[29.773443,-3.46561],[29.756145,-3.475687],[29.751535,-3.473877],[29.735938,-3.480119],[29.728452,-3.475502],[29.720685,-3.445343],[29.709367,-3.45505],[29.700843,-3.471719]]]},"properties":{"shapeName":"Kayokwe","shapeISO":"","shapeID":"21766830B55907977289604","shapeGroup":"BDI","shapeType":"ADM2"}},
{"type":"Feature","geometry":{"type":"Polygon","coordinates":[[[29.41475,-3.255562],[29.401857,-3.223849],[29.402253,-3.206121],[29.410304,-3.20082],[29.426065,-3.200516],[29.43065,-3.195231],[29.457008,-3.201441],[29.462617,-3.189822],[29.457704,-3.184905],[29.457832,-3.175905],[29.460845,-3.170028],[29.473966,-3.174511],[29.477071,-3.168561],[29.47474,-3.158083],[29.471509,-3.151037],[29.460773,-3.146946],[29.459001,-3.123724],[29.454276,-3.120713],[29.44585,-3.125045],[29.44485,-3.11744],[29.439779,-3.114363],[29.426549,-3.114887],[29.423642,-3.122189],[29.396741,-3.128669],[29.388921,-3.141289],[29.385703,-3.162894],[29.37351,-3.173023],[29.366245,-3.194294],[29.359857,-3.200949],[29.362569,-3.222626],[29.358125,-3.224277],[29.350087,-3.240346],[29.343906,-3.243217],[29.348874,-3.253135],[29.345695,-3.264441],[29.41475,-3.255562]]]},"properties":{"shapeName":"Mpanda","shapeISO":"","shapeID":"21766830B27994781295310","shapeGroup":"BDI","shapeType":"ADM2"}},
{"type":"Feature","geometry":{"type":"Polygon","coordinates":[[[29.212901,-2.781631],[29.215516,-2.791254],[29.202674,-2.801851],[29.189094,-2.806293],[29.187988,-2.814338],[29.16846,-2.832742],[29.168851,-2.83828],[29.157558,-2.842598],[29.158641,-2.846885],[29.15389,-2.855799],[29.148975,-2.855555],[29.143667,-2.874095],[29.136291,-2.886498],[29.142644,-2.890681],[29.14097,-2.894182],[29.153627,-2.899482],[29.153945,-2.91764],[29.180339,-2.911243],[29.200517,-2.92714],[29.215478,-2.931546],[29.232322,-2.92273],[29.233602,-2.931026],[29.227905,-2.937304],[29.239627,-2.941894],[29.233711,-2.954546],[29.241956,-2.954333],[29.247966,-2.948575],[29.261377,-2.948874],[29.264116,-2.957737],[29.258987,-2.964309],[29.262138,-2.975326],[29.259591,-2.981854],[29.272626,-2.983326],[29.278236,-2.990437],[29.288204,-2.987824],[29.300697,-2.994566],[29.293744,-3.009779],[29.302528,-3.008785],[29.317241,-3.004302],[29.325763,-3.008853],[29.340335,-2.999135],[29.344529,-3.002183],[29.353729,-2.999908],[29.357524,-2.994653],[29.353137,-2.984179],[29.360132,-2.958307],[29.35542,-2.938911],[29.341207,-2.925422],[29.333953,-2.908062],[29.328304,-2.915288],[29.308614,-2.911783],[29.290344,-2.913682],[29.281486,-2.922395],[29.268789,-2.915756],[29.268987,-2.889771],[29.256601,-2.881084],[29.273849,-2.865469],[29.273055,-2.851336],[29.266555,-2.844523],[29.254428,-2.846344],[29.247112,-2.836106],[29.2422,-2.835037],[29.231796,-2.836746],[29.232185,-2.811439],[29.223989,-2.806973],[29.227653,-2.792289],[29.216819,-2.776736],[29.212901,-2.781631]]]},"properties":{"shapeName":"Murwi","shapeISO":"","shapeID":"21766830B66237815735217","shapeGroup":"BDI","shapeType":"ADM2"}},
{"type":"Feature","geometry":{"type":"Polygon","coordinates":[[[29.426549,-3.114887],[29.412675,-3.106852],[29.411767,-3.101805],[29.429267,-3.089884],[29.42974,-3.066443],[29.425664,-3.065701],[29.422618,-3.047452],[29.433296,-3.035816],[29.436326,-3.0049],[29.432338,-3.002707],[29.424596,-3.016653],[29.42036,-3.017293],[29.415353,-3.004651],[29.407001,-3.00771],[29.401153,-3.000299],[29.394655,-3.002394],[29.383939,-2.983629],[29.392305,-2.971739],[29.386386,-2.961653],[29.387618,-2.947089],[29.370128,-2.949528],[29.360132,-2.958307],[29.353137,-2.984179],[29.357524,-2.994653],[29.353729,-2.999908],[29.344529,-3.002183],[29.340335,-2.999135],[29.325763,-3.008853],[29.317241,-3.004302],[29.302528,-3.008785],[29.30293,-3.01913],[29.288844,-3.032263],[29.289779,-3.049675],[29.298545,-3.065001],[29.29502,-3.064929],[29.292032,-3.075326],[29.295528,-3.096719],[29.319454,-3.097122],[29.333894,-3.109791],[29.330076,-3.116143],[29.341651,-3.116107],[29.356586,-3.159929],[29.385703,-3.162894],[29.388921,-3.141289],[29.396741,-3.128669],[29.423642,-3.122189],[29.426549,-3.114887]]]},"properties":{"shapeName":"Bubanza","shapeISO":"","shapeID":"21766830B70249907645493","shapeGroup":"BDI","shapeType":"ADM2"}},
{"type":"Feature","geometry":{"type":"Polygon","coordinates":[[[29.750402,-3.097821],[29.728481,-3.10955],[29.714643,-3.131861],[29.70371,-3.13518],[29.698072,-3.14471],[29.677284,-3.156904],[29.674363,-3.164995],[29.676673,-3.173481],[29.693054,-3.186706],[29.702911,-3.208004],[29.710805,-3.216604],[29.730457,-3.221811],[29.738563,-3.22926],[29.749395,-3.224304],[29.756383,-3.206949],[29.762025,-3.209933],[29.787071,-3.192457],[29.799619,-3.191817],[29.808919,-3.196192],[29.812795,-3.182071],[29.84081,-3.154238],[29.849637,-3.150469],[29.851003,-3.144129],[29.850713,-3.12608],[29.84502,-3.127826],[29.828006,-3.118962],[29.822627,-3.097533],[29.791654,-3.102958],[29.772268,-3.094572],[29.772342,-3.088094],[29.756702,-3.102041],[29.750402,-3.097821]]]},"properties":{"shapeName":"Rango","shapeISO":"","shapeID":"21766830B52252554978419","shapeGroup":"BDI","shapeType":"ADM2"}},
{"type":"Feature","geometry":{"type":"Polygon","coordinates":[[[29.677284,-3.156904],[29.667852,-3.156312],[29.645992,-3.167516],[29.634595,-3.166511],[29.623922,-3.162085],[29.61444,-3.146378],[29.587026,-3.143049],[29.576885,-3.127439],[29.574655,-3.112005],[29.548154,-3.107506],[29.534452,-3.124805],[29.536319,-3.132678],[29.545013,-3.145736],[29.558723,-3.156641],[29.561345,-3.166168],[29.550678,-3.173116],[29.539941,-3.213733],[29.523126,-3.238575],[29.525073,-3.249254],[29.556463,-3.254543],[29.559488,-3.245441],[29.564594,-3.246458],[29.572522,-3.236115],[29.590923,-3.231581],[29.598096,-3.24016],[29.63832,-3.236959],[29.660945,-3.260325],[29.666316,-3.25805],[29.664951,-3.2277],[29.684045,-3.217093],[29.689662,-3.206466],[29.702911,-3.208004],[29.693054,-3.186706],[29.676673,-3.173481],[29.674363,-3.164995],[29.677284,-3.156904]]]},"properties":{"shapeName":"Bukeye","shapeISO":"","shapeID":"21766830B89600323039153","shapeGroup":"BDI","shapeType":"ADM2"}},
{"type":"Feature","geometry":{"type":"Polygon","coordinates":[[[29.627757,-3.372968],[29.637439,-3.350156],[29.642072,-3.347171],[29.639612,-3.3132],[29.643842,-3.29493],[29.651735,-3.291106],[29.656867,-3.28252],[29.667119,-3.279171],[29.678041,-3.264529],[29.666316,-3.25805],[29.660945,-3.260325],[29.63832,-3.236959],[29.598096,-3.24016],[29.590923,-3.231581],[29.572522,-3.236115],[29.564594,-3.246458],[29.559488,-3.245441],[29.556463,-3.254543],[29.525073,-3.249254],[29.515762,-3.263952],[29.502488,-3.263551],[29.507951,-3.277128],[29.522586,-3.290554],[29.526016,-3.308263],[29.533658,-3.318685],[29.521823,-3.339721],[29.523118,-3.340657],[29.55039,-3.368459],[29.559356,-3.399297],[29.569944,-3.386591],[29.581426,-3.38252],[29.578771,-3.362211],[29.581552,-3.349041],[29.618867,-3.355665],[29.619403,-3.373714],[29.627757,-3.372968]]]},"properties":{"shapeName":"Muramvya","shapeISO":"","shapeID":"21766830B75311935252649","shapeGroup":"BDI","shapeType":"ADM2"}},
{"type":"Feature","geometry":{"type":"Polygon","coordinates":[[[29.450027,-3.386158],[29.458206,-3.38957],[29.466424,-3.385426],[29.474864,-3.394706],[29.495023,-3.40201],[29.497545,-3.41695],[29.508729,-3.433284],[29.533372,-3.419693],[29.541126,-3.410718],[29.522237,-3.38679],[29.525346,-3.356813],[29.523118,-3.340657],[29.521823,-3.339721],[29.497888,-3.337856],[29.493518,-3.341726],[29.486541,-3.338377],[29.483156,-3.331078],[29.459844,-3.32078],[29.454885,-3.300617],[29.444312,-3.296565],[29.434587,-3.298517],[29.433854,-3.308737],[29.425697,-3.324676],[29.406293,-3.345557],[29.407977,-3.363198],[29.403354,-3.379416],[29.425824,-3.389085],[29.4444,-3.381736],[29.450027,-3.386158]]]},"properties":{"shapeName":"Isale","shapeISO":"","shapeID":"21766830B17268150669588","shapeGroup":"BDI","shapeType":"ADM2"}},
{"type":"Feature","geometry":{"type":"Polygon","coordinates":[[[29.41475,-3.255562],[29.416541,-3.271493],[29.42772,-3.26579],[29.433259,-3.260741],[29.460061,-3.262315],[29.470941,-3.256618],[29.47832,-3.258542],[29.489503,-3.249048],[29.502488,-3.263551],[29.515762,-3.263952],[29.525073,-3.249254],[29.523126,-3.238575],[29.539941,-3.213733],[29.550678,-3.173116],[29.561345,-3.166168],[29.558723,-3.156641],[29.545013,-3.145736],[29.536319,-3.132678],[29.525516,-3.139323],[29.514676,-3.138813],[29.509433,-3.144835],[29.492202,-3.144244],[29.47474,-3.158083],[29.477071,-3.168561],[29.473966,-3.174511],[29.460845,-3.170028],[29.457832,-3.175905],[29.457704,-3.184905],[29.462617,-3.189822],[29.457008,-3.201441],[29.43065,-3.195231],[29.426065,-3.200516],[29.410304,-3.20082],[29.402253,-3.206121],[29.401857,-3.223849],[29.41475,-3.255562]]]},"properties":{"shapeName":"Rugazi","shapeISO":"","shapeID":"21766830B29868880431968","shapeGroup":"BDI","shapeType":"ADM2"}},
{"type":"Feature","geometry":{"type":"Polygon","coordinates":[[[29.502488,-3.263551],[29.489503,-3.249048],[29.47832,-3.258542],[29.470941,-3.256618],[29.460061,-3.262315],[29.433259,-3.260741],[29.42772,-3.26579],[29.435401,-3.28229],[29.430799,-3.292588],[29.444312,-3.296565],[29.454885,-3.300617],[29.459844,-3.32078],[29.483156,-3.331078],[29.486541,-3.338377],[29.493518,-3.341726],[29.497888,-3.337856],[29.521823,-3.339721],[29.533658,-3.318685],[29.526016,-3.308263],[29.522586,-3.290554],[29.507951,-3.277128],[29.502488,-3.263551]]]},"properties":{"shapeName":"Mubimbi","shapeISO":"","shapeID":"21766830B38784521668340","shapeGroup":"BDI","shapeType":"ADM2"}},
{"type":"Feature","geometry":{"type":"Polygon","coordinates":[[[29.783258,-3.297831],[29.780164,-3.288481],[29.799838,-3.269959],[29.810022,-3.254128],[29.794219,-3.252903],[29.783443,-3.262289],[29.769449,-3.266566],[29.763042,-3.277303],[29.754541,-3.277575],[29.738881,-3.286869],[29.723535,-3.28602],[29.702728,-3.2904],[29.695514,-3.304049],[29.7058,-3.305228],[29.704089,-3.312624],[29.70803,-3.314832],[29.698392,-3.319741],[29.69659,-3.325407],[29.705667,-3.358809],[29.702663,-3.363564],[29.713018,-3.369962],[29.716163,-3.362004],[29.732185,-3.354229],[29.757678,-3.370971],[29.762796,-3.362139],[29.761747,-3.356101],[29.768102,-3.349057],[29.767513,-3.343112],[29.77506,-3.335161],[29.772928,-3.316508],[29.776334,-3.300792],[29.783258,-3.297831]]]},"properties":{"shapeName":"Rutegama","shapeISO":"","shapeID":"21766830B72733606015225","shapeGroup":"BDI","shapeType":"ADM2"}},
{"type":"Feature","geometry":{"type":"Polygon","coordinates":[[[29.713018,-3.369962],[29.702663,-3.363564],[29.705667,-3.358809],[29.69659,-3.325407],[29.698392,-3.319741],[29.70803,-3.314832],[29.704089,-3.312624],[29.7058,-3.305228],[29.695514,-3.304049],[29.702728,-3.2904],[29.723535,-3.28602],[29.694879,-3.276346],[29.691146,-3.267859],[29.678041,-3.264529],[29.667119,-3.279171],[29.656867,-3.28252],[29.651735,-3.291106],[29.643842,-3.29493],[29.639612,-3.3132],[29.642072,-3.347171],[29.637439,-3.350156],[29.627757,-3.372968],[29.634065,-3.382499],[29.639943,-3.380729],[29.642835,-3.38377],[29.6466,-3.399282],[29.642442,-3.408577],[29.6468,-3.421072],[29.64982,-3.425879],[29.659637,-3.426223],[29.675737,-3.405813],[29.698543,-3.405082],[29.713018,-3.369962]]]},"properties":{"shapeName":"Kiganda","shapeISO":"","shapeID":"21766830B86275018260755","shapeGroup":"BDI","shapeType":"ADM2"}},
{"type":"Feature","geometry":{"type":"Polygon","coordinates":[[[29.702911,-3.208004],[29.689662,-3.206466],[29.684045,-3.217093],[29.664951,-3.2277],[29.666316,-3.25805],[29.678041,-3.264529],[29.691146,-3.267859],[29.694879,-3.276346],[29.723535,-3.28602],[29.738881,-3.286869],[29.754541,-3.277575],[29.763042,-3.277303],[29.769449,-3.266566],[29.783443,-3.262289],[29.794219,-3.252903],[29.810022,-3.254128],[29.827207,-3.237206],[29.845685,-3.237514],[29.851808,-3.232919],[29.837486,-3.224067],[29.822509,-3.222059],[29.808202,-3.203978],[29.808919,-3.196192],[29.799619,-3.191817],[29.787071,-3.192457],[29.762025,-3.209933],[29.756383,-3.206949],[29.749395,-3.224304],[29.738563,-3.22926],[29.730457,-3.221811],[29.710805,-3.216604],[29.702911,-3.208004]]]},"properties":{"shapeName":"Mbuye","shapeISO":"","shapeID":"21766830B36103898428570","shapeGroup":"BDI","shapeType":"ADM2"}},
{"type":"Feature","geometry":{"type":"Polygon","coordinates":[[[29.718553,-2.936468],[29.719468,-2.95152],[29.710832,-2.970463],[29.695367,-2.981512],[29.688117,-2.999007],[29.699632,-3.002799],[29.701019,-3.014904],[29.706016,-3.015398],[29.717157,-3.050385],[29.718978,-3.064312],[29.726573,-3.059864],[29.73344,-3.064904],[29.74666,-3.064228],[29.756336,-3.047658],[29.751212,-3.043329],[29.755645,-3.035496],[29.746591,-3.028444],[29.749881,-3.006166],[29.758851,-2.997168],[29.768329,-2.97561],[29.756633,-2.959348],[29.758458,-2.926233],[29.749883,-2.922275],[29.750224,-2.913182],[29.731241,-2.933147],[29.718553,-2.936468]]]},"properties":{"shapeName":"Gahombo","shapeISO":"","shapeID":"21766830B38836808291040","shapeGroup":"BDI","shapeType":"ADM2"}},
{"type":"Feature","geometry":{"type":"Polygon","coordinates":[[[29.718553,-2.936468],[29.705417,-2.927089],[29.689725,-2.913064],[29.66595,-2.912281],[29.664146,-2.937366],[29.668937,-2.947711],[29.663177,-2.967865],[29.641162,-2.961262],[29.637521,-2.969013],[29.638919,-2.988379],[29.630563,-3.008272],[29.632917,-3.019712],[29.643483,-3.02472],[29.66069,-3.05278],[29.662408,-3.067141],[29.666208,-3.06939],[29.676772,-3.065537],[29.682531,-3.073267],[29.690236,-3.07301],[29.687389,-3.058574],[29.692424,-3.051451],[29.717157,-3.050385],[29.706016,-3.015398],[29.701019,-3.014904],[29.699632,-3.002799],[29.688117,-2.999007],[29.695367,-2.981512],[29.710832,-2.970463],[29.719468,-2.95152],[29.718553,-2.936468]]]},"properties":{"shapeName":"Gatara","shapeISO":"","shapeID":"21766830B25707783862584","shapeGroup":"BDI","shapeType":"ADM2"}},
{"type":"Feature","geometry":{"type":"Polygon","coordinates":[[[29.750402,-3.097821],[29.756191,-3.087377],[29.767963,-3.078222],[29.775123,-3.058553],[29.772701,-3.055753],[29.767446,-3.063164],[29.75134,-3.068167],[29.74666,-3.064228],[29.73344,-3.064904],[29.726573,-3.059864],[29.718978,-3.064312],[29.717157,-3.050385],[29.692424,-3.051451],[29.687389,-3.058574],[29.690236,-3.07301],[29.682531,-3.073267],[29.676772,-3.065537],[29.666208,-3.06939],[29.662408,-3.067141],[29.65141,-3.071264],[29.64779,-3.078947],[29.653425,-3.099309],[29.64779,-3.113035],[29.652675,-3.122365],[29.642167,-3.152591],[29.632913,-3.155698],[29.634595,-3.166511],[29.645992,-3.167516],[29.667852,-3.156312],[29.677284,-3.156904],[29.698072,-3.14471],[29.70371,-3.13518],[29.714643,-3.131861],[29.728481,-3.10955],[29.750402,-3.097821]]]},"properties":{"shapeName":"Butaganzwa","shapeISO":"","shapeID":"21766830B87758575998638","shapeGroup":"BDI","shapeType":"ADM2"}},
{"type":"Feature","geometry":{"type":"Polygon","coordinates":[[[29.705417,-2.927089],[29.704776,-2.914454],[29.712968,-2.907589],[29.70902,-2.889257],[29.700298,-2.883105],[29.702094,-2.875191],[29.69643,-2.873225],[29.679939,-2.877759],[29.677673,-2.872911],[29.664888,-2.872493],[29.657846,-2.866718],[29.64949,-2.868145],[29.645719,-2.859947],[29.629091,-2.867007],[29.623376,-2.864855],[29.598544,-2.870548],[29.58249,-2.881607],[29.586536,-2.884264],[29.585613,-2.891516],[29.59278,-2.903259],[29.59613,-2.921011],[29.59175,-2.930928],[29.60161,-2.937259],[29.613502,-2.974731],[29.611249,-3.003353],[29.619289,-3.005284],[29.62317,-3.010978],[29.630563,-3.008272],[29.638919,-2.988379],[29.637521,-2.969013],[29.641162,-2.961262],[29.663177,-2.967865],[29.668937,-2.947711],[29.664146,-2.937366],[29.66595,-2.912281],[29.689725,-2.913064],[29.705417,-2.927089]]]},"properties":{"shapeName":"Kayanza","shapeISO":"","shapeID":"21766830B84106347559317","shapeGroup":"BDI","shapeType":"ADM2"}},
{"type":"Feature","geometry":{"type":"Polygon","coordinates":[[[29.799838,-3.269959],[29.813663,-3.284707],[29.834987,-3.279187],[29.861669,-3.290375],[29.86741,-3.279278],[29.880849,-3.289156],[29.897405,-3.285743],[29.898364,-3.304076],[29.912151,-3.320987],[29.923063,-3.320334],[29.935544,-3.331677],[29.965776,-3.335382],[29.970392,-3.340302],[29.987848,-3.338383],[29.992168,-3.343328],[30.00238,-3.323889],[29.999673,-3.310282],[30.00547,-3.311043],[30.013061,-3.297265],[30.026565,-3.289202],[30.022802,-3.28368],[30.026447,-3.26247],[30.021762,-3.258487],[30.027946,-3.253022],[30.026414,-3.248101],[30.016408,-3.241117],[30.023076,-3.235359],[30.011394,-3.227241],[30.013908,-3.224973],[29.997724,-3.221189],[29.996789,-3.205239],[29.993392,-3.206517],[29.979879,-3.195251],[29.960649,-3.159616],[29.945209,-3.156203],[29.944196,-3.166461],[29.939174,-3.164972],[29.923831,-3.18192],[29.918458,-3.186873],[29.910497,-3.184519],[29.900659,-3.198607],[29.890712,-3.203083],[29.891462,-3.207413],[29.88327,-3.216315],[29.873571,-3.215678],[29.862439,-3.23016],[29.851808,-3.232919],[29.845685,-3.237514],[29.827207,-3.237206],[29.810022,-3.254128],[29.799838,-3.269959]]]},"properties":{"shapeName":"Bugendana","shapeISO":"","shapeID":"21766830B71062038912102","shapeGroup":"BDI","shapeType":"ADM2"}},
{"type":"Feature","geometry":{"type":"Polygon","coordinates":[[[30.098274,-3.633337],[30.091977,-3.647691],[30.092927,-3.664933],[30.080997,-3.67115],[30.058566,-3.709548],[30.032716,-3.711386],[30.030368,-3.716522],[30.020301,-3.721344],[30.002654,-3.724396],[29.973865,-3.754404],[29.974841,-3.758436],[29.997903,-3.77017],[30.001596,-3.767638],[30.007736,-3.774452],[30.019004,-3.796895],[30.002645,-3.802396],[29.994655,-3.817832],[30.015548,-3.828892],[30.02444,-3.828239],[30.032619,-3.822463],[30.037124,-3.824174],[30.028972,-3.838876],[30.033782,-3.855135],[30.032764,-3.875232],[30.037298,-3.889658],[30.054607,-3.894691],[30.066451,-3.884104],[30.074825,-3.882287],[30.077081,-3.869236],[30.072414,-3.83513],[30.081943,-3.824625],[30.082797,-3.813962],[30.078166,-3.807034],[30.090701,-3.798646],[30.090404,-3.790602],[30.106317,-3.763519],[30.113595,-3.757863],[30.114459,-3.750607],[30.120725,-3.749917],[30.12483,-3.743392],[30.134525,-3.745403],[30.140222,-3.729378],[30.152629,-3.715354],[30.155614,-3.706769],[30.153722,-3.690702],[30.157445,-3.683285],[30.121467,-3.642396],[30.098274,-3.633337]]]},"properties":{"shapeName":"Musongati","shapeISO":"","shapeID":"21766830B89324425383518","shapeGroup":"BDI","shapeType":"ADM2"}},
{"type":"Feature","geometry":{"type":"Polygon","coordinates":[[[29.997903,-3.77017],[29.990421,-3.777411],[29.982299,-3.777298],[29.946962,-3.795212],[29.947305,-3.803741],[29.936387,-3.8197],[29.946824,-3.829],[29.947826,-3.841213],[29.944547,-3.845058],[29.925048,-3.839062],[29.916015,-3.820462],[29.906341,-3.832179],[29.890106,-3.842443],[29.900003,-3.851763],[29.896577,-3.858257],[29.900693,-3.860393],[29.905395,-3.877507],[29.907546,-3.885401],[29.903085,-3.896282],[29.91868,-3.898345],[29.92979,-3.930733],[29.94149,-3.930882],[29.959613,-3.937813],[29.968368,-3.950563],[29.969344,-3.957305],[29.962032,-3.968019],[29.964353,-3.977149],[29.958829,-3.984014],[29.968568,-3.987606],[30.002733,-3.986748],[30.008674,-3.981205],[30.033141,-3.978544],[30.037885,-3.983706],[30.043857,-3.983283],[30.050929,-3.974786],[30.046563,-3.965451],[30.056955,-3.959476],[30.059703,-3.95436],[30.056869,-3.950969],[30.051513,-3.940908],[30.056379,-3.932694],[30.054607,-3.894691],[30.037298,-3.889658],[30.032764,-3.875232],[30.033782,-3.855135],[30.028972,-3.838876],[30.037124,-3.824174],[30.032619,-3.822463],[30.02444,-3.828239],[30.015548,-3.828892],[29.994655,-3.817832],[30.002645,-3.802396],[30.019004,-3.796895],[30.007736,-3.774452],[30.001596,-3.767638],[29.997903,-3.77017]]]},"properties":{"shapeName":"Rutana","shapeISO":"","shapeID":"21766830B95746888860763","shapeGroup":"BDI","shapeType":"ADM2"}},
{"type":"Feature","geometry":{"type":"Polygon","coordinates":[[[29.905395,-3.877507],[29.887117,-3.880573],[29.880288,-3.91853],[29.875045,-3.919956],[29.868314,-3.92961],[29.859918,-3.957865],[29.855447,-3.958029],[29.841251,-3.98241],[29.839259,-3.996355],[29.831334,-4.000679],[29.831352,-4.019285],[29.814678,-4.04164],[29.818364,-4.052038],[29.824273,-4.054385],[29.816451,-4.062238],[29.813434,-4.07321],[29.820285,-4.076443],[29.819265,-4.080725],[29.844882,-4.081394],[29.842292,-4.077171],[29.846799,-4.07917],[29.850684,-4.075536],[29.85357,-4.079644],[29.869914,-4.071625],[29.869842,-4.077904],[29.87329,-4.078841],[29.870916,-4.081713],[29.879331,-4.083078],[29.880386,-4.091934],[29.885082,-4.095989],[29.898364,-4.093066],[29.904165,-4.087795],[29.906446,-4.09671],[29.910465,-4.097801],[29.910514,-4.091182],[29.917133,-4.091571],[29.916301,-4.086528],[29.934341,-4.085027],[29.937494,-4.080844],[29.94342,-4.084017],[29.946264,-4.097057],[29.959689,-4.095475],[29.970899,-4.086086],[29.974368,-4.091121],[29.979453,-4.086293],[29.986902,-4.089463],[29.995384,-4.084974],[29.997005,-4.07743],[30.00603,-4.078159],[30.015371,-4.070864],[30.016538,-4.065508],[29.983659,-4.067858],[29.944713,-4.036186],[29.946243,-4.015188],[29.968627,-3.99338],[29.968568,-3.987606],[29.958829,-3.984014],[29.964353,-3.977149],[29.962032,-3.968019],[29.969344,-3.957305],[29.968368,-3.950563],[29.959613,-3.937813],[29.94149,-3.930882],[29.92979,-3.930733],[29.91868,-3.898345],[29.903085,-3.896282],[29.907546,-3.885401],[29.905395,-3.877507]]]},"properties":{"shapeName":"Gitanga","shapeISO":"","shapeID":"21766830B87895722039818","shapeGroup":"BDI","shapeType":"ADM2"}},
{"type":"Feature","geometry":{"type":"Polygon","coordinates":[[[29.733232,-4.065983],[29.734622,-4.075808],[29.744054,-4.079653],[29.752538,-4.094207],[29.755418,-4.110348],[29.753368,-4.122646],[29.741866,-4.126084],[29.737083,-4.132118],[29.732902,-4.173269],[29.746002,-4.181823],[29.764703,-4.186912],[29.765579,-4.202245],[29.768602,-4.20138],[29.768909,-4.207495],[29.779914,-4.211433],[29.78288,-4.21935],[29.800405,-4.220997],[29.806964,-4.2102],[29.820365,-4.201556],[29.830207,-4.201008],[29.842275,-4.210758],[29.845794,-4.208967],[29.847936,-4.214659],[29.852371,-4.215439],[29.852941,-4.212423],[29.861066,-4.217665],[29.865367,-4.208421],[29.874654,-4.20485],[29.87174,-4.199875],[29.8777,-4.191932],[29.881761,-4.191609],[29.885211,-4.197569],[29.89377,-4.197563],[29.892211,-4.172269],[29.904575,-4.154605],[29.916717,-4.15185],[29.921327,-4.12871],[29.904889,-4.109205],[29.906179,-4.100704],[29.910465,-4.097801],[29.906446,-4.09671],[29.904165,-4.087795],[29.898364,-4.093066],[29.885082,-4.095989],[29.880386,-4.091934],[29.879331,-4.083078],[29.870916,-4.081713],[29.87329,-4.078841],[29.869842,-4.077904],[29.869914,-4.071625],[29.85357,-4.079644],[29.850684,-4.075536],[29.846799,-4.07917],[29.842292,-4.077171],[29.844882,-4.081394],[29.819265,-4.080725],[29.820285,-4.076443],[29.813434,-4.07321],[29.816451,-4.062238],[29.824273,-4.054385],[29.818364,-4.052038],[29.814678,-4.04164],[29.804984,-4.033015],[29.797506,-4.015176],[29.789588,-4.009359],[29.780532,-4.013653],[29.770059,-4.004288],[29.767423,-4.003001],[29.759595,-4.018303],[29.747749,-4.018232],[29.742263,-4.051429],[29.733232,-4.065983]]]},"properties":{"shapeName":"Makamba","shapeISO":"","shapeID":"21766830B66939921424101","shapeGroup":"BDI","shapeType":"ADM2"}},
{"type":"Feature","geometry":{"type":"Polygon","coordinates":[[[29.775037,-3.824302],[29.785829,-3.839397],[29.745702,-3.904094],[29.772979,-3.908899],[29.791843,-3.896698],[29.800586,-3.900604],[29.805969,-3.911639],[29.804176,-3.930789],[29.809867,-3.939019],[29.809207,-3.945471],[29.802474,-3.955183],[29.798547,-3.971533],[29.791343,-3.981957],[29.778619,-3.984098],[29.781665,-3.991131],[29.770059,-4.004288],[29.780532,-4.013653],[29.789588,-4.009359],[29.797506,-4.015176],[29.804984,-4.033015],[29.814678,-4.04164],[29.831352,-4.019285],[29.831334,-4.000679],[29.839259,-3.996355],[29.841251,-3.98241],[29.855447,-3.958029],[29.859918,-3.957865],[29.868314,-3.92961],[29.875045,-3.919956],[29.880288,-3.91853],[29.887117,-3.880573],[29.905395,-3.877507],[29.900693,-3.860393],[29.896577,-3.858257],[29.900003,-3.851763],[29.890106,-3.842443],[29.906341,-3.832179],[29.916015,-3.820462],[29.914447,-3.815974],[29.904081,-3.81357],[29.899848,-3.801172],[29.887124,-3.801513],[29.86145,-3.793175],[29.861835,-3.782799],[29.852287,-3.782805],[29.856771,-3.755003],[29.83707,-3.743931],[29.838901,-3.726501],[29.832368,-3.727675],[29.826814,-3.736191],[29.821334,-3.760263],[29.80692,-3.766737],[29.810323,-3.779794],[29.800521,-3.79773],[29.779275,-3.823838],[29.775037,-3.824302]]]},"properties":{"shapeName":"Rutovu","shapeISO":"","shapeID":"21766830B25905143515438","shapeGroup":"BDI","shapeType":"ADM2"}},
{"type":"Feature","geometry":{"type":"Polygon","coordinates":[[[29.838901,-3.726501],[29.83707,-3.743931],[29.856771,-3.755003],[29.852287,-3.782805],[29.861835,-3.782799],[29.86145,-3.793175],[29.887124,-3.801513],[29.899848,-3.801172],[29.904081,-3.81357],[29.914447,-3.815974],[29.916015,-3.820462],[29.925048,-3.839062],[29.944547,-3.845058],[29.947826,-3.841213],[29.946824,-3.829],[29.936387,-3.8197],[29.947305,-3.803741],[29.946962,-3.795212],[29.982299,-3.777298],[29.990421,-3.777411],[29.997903,-3.77017],[29.974841,-3.758436],[29.973865,-3.754404],[29.96475,-3.752702],[29.942149,-3.758656],[29.933639,-3.751327],[29.929656,-3.732255],[29.938638,-3.69176],[29.924323,-3.685565],[29.919858,-3.690289],[29.908035,-3.685282],[29.891593,-3.695852],[29.882173,-3.694097],[29.873538,-3.697365],[29.868194,-3.692966],[29.849853,-3.70204],[29.838901,-3.726501]]]},"properties":{"shapeName":"Buraza","shapeISO":"","shapeID":"21766830B3303123993236","shapeGroup":"BDI","shapeType":"ADM2"}},
{"type":"Feature","geometry":{"type":"Polygon","coordinates":[[[29.835006,-3.638737],[29.847507,-3.614378],[29.84848,-3.601712],[29.835838,-3.591733],[29.843406,-3.576643],[29.855096,-3.569875],[29.856687,-3.579406],[29.861417,-3.573391],[29.86288,-3.560792],[29.874639,-3.562756],[29.879613,-3.553607],[29.889604,-3.560061],[29.89763,-3.548914],[29.89528,-3.538852],[29.898504,-3.527714],[29.908092,-3.516361],[29.901836,-3.513688],[29.886634,-3.509918],[29.870166,-3.520524],[29.866718,-3.515888],[29.84884,-3.513577],[29.840434,-3.518878],[29.840007,-3.523845],[29.827794,-3.523726],[29.822496,-3.528698],[29.808965,-3.523037],[29.793977,-3.525569],[29.788711,-3.535733],[29.778858,-3.536148],[29.779016,-3.54071],[29.771642,-3.545368],[29.76947,-3.559845],[29.786317,-3.580426],[29.784625,-3.584049],[29.791734,-3.604799],[29.796619,-3.607132],[29.796737,-3.615066],[29.80458,-3.618531],[29.803378,-3.626955],[29.796102,-3.626735],[29.798061,-3.640265],[29.817827,-3.649848],[29.826354,-3.648617],[29.835006,-3.638737]]]},"properties":{"shapeName":"Nyanrusang","shapeISO":"","shapeID":"21766830B73562224956549","shapeGroup":"BDI","shapeType":"ADM2"}},
{"type":"Feature","geometry":{"type":"Polygon","coordinates":[[[29.868194,-3.692966],[29.873538,-3.697365],[29.882173,-3.694097],[29.891593,-3.695852],[29.908035,-3.685282],[29.919858,-3.690289],[29.924323,-3.685565],[29.925033,-3.679482],[29.933339,-3.671701],[29.932842,-3.663775],[29.922674,-3.643358],[29.928115,-3.629802],[29.922691,-3.602165],[29.927633,-3.598887],[29.921905,-3.579134],[29.923507,-3.572264],[29.929214,-3.573802],[29.929231,-3.562269],[29.936637,-3.558013],[29.929111,-3.550534],[29.927461,-3.542789],[29.919982,-3.538928],[29.921777,-3.533752],[29.908962,-3.525491],[29.908092,-3.516361],[29.898504,-3.527714],[29.89528,-3.538852],[29.89763,-3.548914],[29.889604,-3.560061],[29.879613,-3.553607],[29.874639,-3.562756],[29.86288,-3.560792],[29.861417,-3.573391],[29.856687,-3.579406],[29.855096,-3.569875],[29.843406,-3.576643],[29.835838,-3.591733],[29.84848,-3.601712],[29.847507,-3.614378],[29.835006,-3.638737],[29.833602,-3.646915],[29.844547,-3.657079],[29.857763,-3.648191],[29.864665,-3.654691],[29.876247,-3.653821],[29.869226,-3.665039],[29.872644,-3.674752],[29.868194,-3.692966]]]},"properties":{"shapeName":"Gishubi","shapeISO":"","shapeID":"21766830B32665034860455","shapeGroup":"BDI","shapeType":"ADM2"}},
{"type":"Feature","geometry":{"type":"Polygon","coordinates":[[[29.735938,-3.480119],[29.751535,-3.473877],[29.756145,-3.475687],[29.773443,-3.46561],[29.779865,-3.466543],[29.781495,-3.472307],[29.763761,-3.481195],[29.766153,-3.487602],[29.762071,-3.49174],[29.767768,-3.500951],[29.773546,-3.50193],[29.778262,-3.500685],[29.783168,-3.488781],[29.789441,-3.486084],[29.812814,-3.491853],[29.808965,-3.523037],[29.822496,-3.528698],[29.827794,-3.523726],[29.840007,-3.523845],[29.840434,-3.518878],[29.84884,-3.513577],[29.85177,-3.4833],[29.857402,-3.483037],[29.851049,-3.469691],[29.856101,-3.465107],[29.856687,-3.454109],[29.861696,-3.453165],[29.856445,-3.449445],[29.860296,-3.44734],[29.856408,-3.444021],[29.860296,-3.440911],[29.853122,-3.432169],[29.860275,-3.419359],[29.859939,-3.411308],[29.871797,-3.409153],[29.875007,-3.404536],[29.868263,-3.401099],[29.873718,-3.39816],[29.867412,-3.389359],[29.855575,-3.384381],[29.856988,-3.381196],[29.851402,-3.375515],[29.841066,-3.377126],[29.825614,-3.366646],[29.824113,-3.393168],[29.804641,-3.412303],[29.78539,-3.419481],[29.779966,-3.414027],[29.765125,-3.409698],[29.751111,-3.420675],[29.750198,-3.434896],[29.735938,-3.480119]]]},"properties":{"shapeName":"Nyabihanga","shapeISO":"","shapeID":"21766830B17486429962760","shapeGroup":"BDI","shapeType":"ADM2"}},
{"type":"Feature","geometry":{"type":"Polygon","coordinates":[[[29.825614,-3.366646],[29.841066,-3.377126],[29.851402,-3.375515],[29.856988,-3.381196],[29.855575,-3.384381],[29.867412,-3.389359],[29.877626,-3.385879],[29.907586,-3.39186],[29.911447,-3.384521],[29.920717,-3.379935],[29.93724,-3.388952],[29.955892,-3.380249],[29.9649,-3.366436],[29.971401,-3.364862],[29.981284,-3.352788],[29.985038,-3.346411],[29.991311,-3.348669],[29.992168,-3.343328],[29.987848,-3.338383],[29.970392,-3.340302],[29.965776,-3.335382],[29.935544,-3.331677],[29.923063,-3.320334],[29.912151,-3.320987],[29.898364,-3.304076],[29.897405,-3.285743],[29.880849,-3.289156],[29.86741,-3.279278],[29.861669,-3.290375],[29.834987,-3.279187],[29.813663,-3.284707],[29.799838,-3.269959],[29.780164,-3.288481],[29.783258,-3.297831],[29.793596,-3.298615],[29.799724,-3.310571],[29.815841,-3.310257],[29.818502,-3.322222],[29.829646,-3.328767],[29.840318,-3.341721],[29.838092,-3.351022],[29.825614,-3.366646]]]},"properties":{"shapeName":"Giheta","shapeISO":"","shapeID":"21766830B76485672774701","shapeGroup":"BDI","shapeType":"ADM2"}},
{"type":"Feature","geometry":{"type":"Polygon","coordinates":[[[30.098274,-3.633337],[30.098426,-3.619255],[30.104959,-3.610364],[30.104312,-3.594075],[30.094766,-3.582212],[30.096906,-3.574737],[30.083358,-3.555656],[30.080791,-3.540282],[30.085595,-3.534925],[30.069911,-3.516207],[30.066663,-3.493866],[30.055751,-3.479111],[30.056283,-3.474273],[30.03803,-3.473253],[30.024879,-3.486686],[30.024379,-3.496907],[30.016212,-3.507056],[30.017194,-3.517931],[30.012245,-3.527591],[30.009223,-3.580503],[30.017387,-3.610811],[30.015024,-3.635896],[29.994678,-3.646826],[29.980731,-3.644619],[29.973459,-3.649174],[29.983819,-3.659637],[30.003675,-3.654845],[30.007871,-3.663764],[29.996974,-3.672951],[30.016958,-3.679657],[30.020538,-3.684562],[29.996396,-3.705164],[29.993564,-3.712379],[30.002654,-3.724396],[30.020301,-3.721344],[30.030368,-3.716522],[30.032716,-3.711386],[30.058566,-3.709548],[30.080997,-3.67115],[30.092927,-3.664933],[30.091977,-3.647691],[30.098274,-3.633337]]]},"properties":{"shapeName":"Itaba","shapeISO":"","shapeID":"21766830B81399712036677","shapeGroup":"BDI","shapeType":"ADM2"}},
{"type":"Feature","geometry":{"type":"Polygon","coordinates":[[[30.002654,-3.724396],[29.993564,-3.712379],[29.996396,-3.705164],[30.020538,-3.684562],[30.016958,-3.679657],[29.996974,-3.672951],[30.007871,-3.663764],[30.003675,-3.654845],[29.983819,-3.659637],[29.973459,-3.649174],[29.953237,-3.647839],[29.943385,-3.666204],[29.932842,-3.663775],[29.933339,-3.671701],[29.925033,-3.679482],[29.924323,-3.685565],[29.938638,-3.69176],[29.929656,-3.732255],[29.933639,-3.751327],[29.942149,-3.758656],[29.96475,-3.752702],[29.973865,-3.754404],[30.002654,-3.724396]]]},"properties":{"shapeName":"Bukirasazi","shapeISO":"","shapeID":"21766830B80629459024639","shapeGroup":"BDI","shapeType":"ADM2"}},
{"type":"Feature","geometry":{"type":"Polygon","coordinates":[[[29.901836,-3.513688],[29.929458,-3.499342],[29.945768,-3.496542],[29.953304,-3.487333],[29.970115,-3.493825],[29.995931,-3.495271],[30.005546,-3.504895],[30.007217,-3.512151],[30.017194,-3.517931],[30.016212,-3.507056],[30.024379,-3.496907],[30.024879,-3.486686],[30.03803,-3.473253],[30.056283,-3.474273],[30.065957,-3.466831],[30.071515,-3.442904],[30.082052,-3.433836],[30.079534,-3.424799],[30.058009,-3.407426],[30.057113,-3.396163],[30.047826,-3.391058],[30.046245,-3.375745],[30.041555,-3.375716],[30.041883,-3.372147],[30.020036,-3.385997],[30.022701,-3.391617],[30.013549,-3.393871],[30.010007,-3.390322],[30.010543,-3.379246],[30.001973,-3.369473],[29.994054,-3.367265],[29.99331,-3.362705],[29.98468,-3.359595],[29.981284,-3.352788],[29.971401,-3.364862],[29.9649,-3.366436],[29.955892,-3.380249],[29.93724,-3.388952],[29.920717,-3.379935],[29.911447,-3.384521],[29.907586,-3.39186],[29.877626,-3.385879],[29.867412,-3.389359],[29.873718,-3.39816],[29.868263,-3.401099],[29.875007,-3.404536],[29.871797,-3.409153],[29.859939,-3.411308],[29.860275,-3.419359],[29.853122,-3.432169],[29.860296,-3.440911],[29.856408,-3.444021],[29.860296,-3.44734],[29.856445,-3.449445],[29.861696,-3.453165],[29.856687,-3.454109],[29.856101,-3.465107],[29.851049,-3.469691],[29.857402,-3.483037],[29.85177,-3.4833],[29.84884,-3.513577],[29.866718,-3.515888],[29.870166,-3.520524],[29.886634,-3.509918],[29.901836,-3.513688]]]},"properties":{"shapeName":"Gitega","shapeISO":"","shapeID":"21766830B69591063381574","shapeGroup":"BDI","shapeType":"ADM2"}},
{"type":"Feature","geometry":{"type":"Polygon","coordinates":[[[29.908092,-3.516361],[29.908962,-3.525491],[29.921777,-3.533752],[29.919982,-3.538928],[29.927461,-3.542789],[29.929111,-3.550534],[29.936637,-3.558013],[29.929231,-3.562269],[29.929214,-3.573802],[29.923507,-3.572264],[29.921905,-3.579134],[29.927633,-3.598887],[29.922691,-3.602165],[29.928115,-3.629802],[29.922674,-3.643358],[29.932842,-3.663775],[29.943385,-3.666204],[29.953237,-3.647839],[29.973459,-3.649174],[29.980731,-3.644619],[29.994678,-3.646826],[30.015024,-3.635896],[30.017387,-3.610811],[30.009223,-3.580503],[30.012245,-3.527591],[30.017194,-3.517931],[30.007217,-3.512151],[30.005546,-3.504895],[29.995931,-3.495271],[29.970115,-3.493825],[29.953304,-3.487333],[29.945768,-3.496542],[29.929458,-3.499342],[29.901836,-3.513688],[29.908092,-3.516361]]]},"properties":{"shapeName":"Makebuko","shapeISO":"","shapeID":"21766830B15811078155518","shapeGroup":"BDI","shapeType":"ADM2"}},
{"type":"Feature","geometry":{"type":"Polygon","coordinates":[[[30.157445,-3.683285],[30.176683,-3.666337],[30.155618,-3.644594],[30.153249,-3.629859],[30.16044,-3.629411],[30.164155,-3.620089],[30.181253,-3.606622],[30.203061,-3.611522],[30.213485,-3.602236],[30.207168,-3.594847],[30.228994,-3.587342],[30.251827,-3.56428],[30.25307,-3.544518],[30.261056,-3.529372],[30.249456,-3.517086],[30.226611,-3.511616],[30.21878,-3.522717],[30.210143,-3.526375],[30.193185,-3.520762],[30.171235,-3.520824],[30.189546,-3.474093],[30.190044,-3.455745],[30.197137,-3.436738],[30.192048,-3.428426],[30.184236,-3.428973],[30.176282,-3.419893],[30.161718,-3.418813],[30.133437,-3.433064],[30.097181,-3.431227],[30.08604,-3.423811],[30.079534,-3.424799],[30.082052,-3.433836],[30.071515,-3.442904],[30.065957,-3.466831],[30.056283,-3.474273],[30.055751,-3.479111],[30.066663,-3.493866],[30.069911,-3.516207],[30.085595,-3.534925],[30.080791,-3.540282],[30.083358,-3.555656],[30.096906,-3.574737],[30.094766,-3.582212],[30.104312,-3.594075],[30.104959,-3.610364],[30.098426,-3.619255],[30.098274,-3.633337],[30.121467,-3.642396],[30.157445,-3.683285]]]},"properties":{"shapeName":"Butaganzwa","shapeISO":"","shapeID":"21766830B11414555561270","shapeGroup":"BDI","shapeType":"ADM2"}},
{"type":"Feature","geometry":{"type":"Polygon","coordinates":[[[30.054607,-3.894691],[30.056379,-3.932694],[30.051513,-3.940908],[30.056869,-3.950969],[30.115453,-3.934237],[30.143684,-3.900661],[30.152231,-3.88499],[30.168609,-3.871413],[30.174318,-3.859704],[30.173658,-3.849051],[30.180417,-3.838784],[30.177936,-3.810473],[30.186124,-3.786855],[30.185079,-3.778065],[30.197904,-3.765476],[30.206252,-3.734591],[30.214698,-3.726242],[30.229463,-3.660805],[30.237703,-3.654707],[30.241643,-3.657532],[30.24463,-3.652246],[30.206588,-3.650049],[30.176683,-3.666337],[30.157445,-3.683285],[30.153722,-3.690702],[30.155614,-3.706769],[30.152629,-3.715354],[30.140222,-3.729378],[30.134525,-3.745403],[30.12483,-3.743392],[30.120725,-3.749917],[30.114459,-3.750607],[30.113595,-3.757863],[30.106317,-3.763519],[30.090404,-3.790602],[30.090701,-3.798646],[30.078166,-3.807034],[30.082797,-3.813962],[30.081943,-3.824625],[30.072414,-3.83513],[30.077081,-3.869236],[30.074825,-3.882287],[30.066451,-3.884104],[30.054607,-3.894691]]]},"properties":{"shapeName":"Mpinga-Kay","shapeISO":"","shapeID":"21766830B77564167498805","shapeGroup":"BDI","shapeType":"ADM2"}},
{"type":"Feature","geometry":{"type":"Polygon","coordinates":[[[30.176683,-3.666337],[30.206588,-3.650049],[30.24463,-3.652246],[30.25817,-3.661418],[30.260801,-3.671015],[30.279506,-3.693304],[30.286529,-3.683196],[30.295205,-3.629374],[30.289241,-3.589134],[30.32129,-3.570437],[30.334634,-3.57161],[30.345687,-3.578167],[30.344236,-3.568337],[30.328683,-3.552979],[30.326959,-3.54563],[30.342725,-3.533066],[30.355207,-3.528661],[30.351707,-3.519223],[30.356298,-3.514899],[30.360841,-3.496403],[30.362937,-3.480593],[30.342149,-3.46135],[30.32944,-3.467335],[30.319385,-3.47773],[30.297145,-3.487107],[30.291078,-3.496866],[30.266763,-3.505558],[30.257724,-3.503684],[30.247873,-3.509316],[30.249456,-3.517086],[30.261056,-3.529372],[30.25307,-3.544518],[30.251827,-3.56428],[30.228994,-3.587342],[30.207168,-3.594847],[30.213485,-3.602236],[30.203061,-3.611522],[30.181253,-3.606622],[30.164155,-3.620089],[30.16044,-3.629411],[30.153249,-3.629859],[30.155618,-3.644594],[30.176683,-3.666337]]]},"properties":{"shapeName":"Nyabitsind","shapeISO":"","shapeID":"21766830B24825002042526","shapeGroup":"BDI","shapeType":"ADM2"}},
{"type":"Feature","geometry":{"type":"Polygon","coordinates":[[[30.249456,-3.517086],[30.247873,-3.509316],[30.257724,-3.503684],[30.266763,-3.505558],[30.291078,-3.496866],[30.297145,-3.487107],[30.319385,-3.47773],[30.32944,-3.467335],[30.342149,-3.46135],[30.362533,-3.451452],[30.370164,-3.434879],[30.386604,-3.421417],[30.393478,-3.405128],[30.39076,-3.399967],[30.395904,-3.395976],[30.395839,-3.389318],[30.38647,-3.390763],[30.37642,-3.379169],[30.371526,-3.382878],[30.357694,-3.346972],[30.344369,-3.354871],[30.335607,-3.354389],[30.325893,-3.364198],[30.318622,-3.366184],[30.301725,-3.35606],[30.298545,-3.361889],[30.276241,-3.375148],[30.271142,-3.399215],[30.25419,-3.389601],[30.244378,-3.389339],[30.228715,-3.39416],[30.222358,-3.406503],[30.21395,-3.399456],[30.198682,-3.401238],[30.176282,-3.419893],[30.184236,-3.428973],[30.192048,-3.428426],[30.197137,-3.436738],[30.190044,-3.455745],[30.189546,-3.474093],[30.171235,-3.520824],[30.193185,-3.520762],[30.210143,-3.526375],[30.21878,-3.522717],[30.226611,-3.511616],[30.249456,-3.517086]]]},"properties":{"shapeName":"Ruyigi","shapeISO":"","shapeID":"21766830B17506602240665","shapeGroup":"BDI","shapeType":"ADM2"}},
{"type":"Feature","geometry":{"type":"Polygon","coordinates":[[[29.992168,-3.343328],[29.991311,-3.348669],[29.985038,-3.346411],[29.981284,-3.352788],[29.98468,-3.359595],[29.99331,-3.362705],[29.994054,-3.367265],[30.001973,-3.369473],[30.010543,-3.379246],[30.010007,-3.390322],[30.013549,-3.393871],[30.022701,-3.391617],[30.020036,-3.385997],[30.041883,-3.372147],[30.045612,-3.370713],[30.046871,-3.362745],[30.057514,-3.364336],[30.058215,-3.350992],[30.076751,-3.352194],[30.083232,-3.34692],[30.097976,-3.344785],[30.094791,-3.328501],[30.09778,-3.324471],[30.065727,-3.296556],[30.065786,-3.292341],[30.073589,-3.275366],[30.087562,-3.264802],[30.085969,-3.26093],[30.094312,-3.247508],[30.104532,-3.2419],[30.109439,-3.2337],[30.113668,-3.203088],[30.118448,-3.194181],[30.113668,-3.185251],[30.081363,-3.170613],[30.076082,-3.183227],[30.06212,-3.19229],[30.061416,-3.199286],[30.042709,-3.21943],[30.037595,-3.235081],[30.032989,-3.236028],[30.026414,-3.248101],[30.027946,-3.253022],[30.021762,-3.258487],[30.026447,-3.26247],[30.022802,-3.28368],[30.026565,-3.289202],[30.013061,-3.297265],[30.00547,-3.311043],[29.999673,-3.310282],[30.00238,-3.323889],[29.992168,-3.343328]]]},"properties":{"shapeName":"Shombo","shapeISO":"","shapeID":"21766830B50673772074896","shapeGroup":"BDI","shapeType":"ADM2"}},
{"type":"Feature","geometry":{"type":"Polygon","coordinates":[[[30.079534,-3.424799],[30.08604,-3.423811],[30.097181,-3.431227],[30.133437,-3.433064],[30.161718,-3.418813],[30.176282,-3.419893],[30.198682,-3.401238],[30.21395,-3.399456],[30.222358,-3.406503],[30.228715,-3.39416],[30.244378,-3.389339],[30.25419,-3.389601],[30.271142,-3.399215],[30.276241,-3.375148],[30.298545,-3.361889],[30.301725,-3.35606],[30.311389,-3.344902],[30.318446,-3.342464],[30.323253,-3.331342],[30.340286,-3.31518],[30.338477,-3.301183],[30.323718,-3.290153],[30.321039,-3.283294],[30.313987,-3.284852],[30.307355,-3.281084],[30.300519,-3.285315],[30.300916,-3.280261],[30.296054,-3.280952],[30.283277,-3.26706],[30.278291,-3.269412],[30.27448,-3.262752],[30.259069,-3.262923],[30.257898,-3.243073],[30.24732,-3.251056],[30.248605,-3.258892],[30.230726,-3.27844],[30.235805,-3.292403],[30.228967,-3.294963],[30.217752,-3.289103],[30.218768,-3.30377],[30.212703,-3.309184],[30.2082,-3.305233],[30.19918,-3.309608],[30.193229,-3.315355],[30.195838,-3.326592],[30.186141,-3.327215],[30.178197,-3.328863],[30.174997,-3.321317],[30.165134,-3.320291],[30.163709,-3.323329],[30.171466,-3.326983],[30.17139,-3.330704],[30.160157,-3.329998],[30.159673,-3.339798],[30.146112,-3.332783],[30.135259,-3.341413],[30.129215,-3.338259],[30.126468,-3.346633],[30.115552,-3.338345],[30.104354,-3.339231],[30.107438,-3.342256],[30.103822,-3.348748],[30.097976,-3.344785],[30.083232,-3.34692],[30.076751,-3.352194],[30.058215,-3.350992],[30.057514,-3.364336],[30.046871,-3.362745],[30.045612,-3.370713],[30.041883,-3.372147],[30.041555,-3.375716],[30.046245,-3.375745],[30.047826,-3.391058],[30.057113,-3.396163],[30.058009,-3.407426],[30.079534,-3.424799]]]},"properties":{"shapeName":"Butezi","shapeISO":"","shapeID":"21766830B26044748371423","shapeGroup":"BDI","shapeType":"ADM2"}},
{"type":"Feature","geometry":{"type":"Polygon","coordinates":[[[30.097976,-3.344785],[30.103822,-3.348748],[30.107438,-3.342256],[30.104354,-3.339231],[30.115552,-3.338345],[30.126468,-3.346633],[30.129215,-3.338259],[30.135259,-3.341413],[30.146112,-3.332783],[30.159673,-3.339798],[30.160157,-3.329998],[30.17139,-3.330704],[30.171466,-3.326983],[30.163709,-3.323329],[30.165134,-3.320291],[30.174997,-3.321317],[30.178197,-3.328863],[30.186141,-3.327215],[30.175121,-3.314837],[30.205306,-3.279258],[30.208875,-3.25314],[30.201459,-3.239074],[30.204658,-3.237303],[30.200155,-3.221859],[30.190885,-3.214088],[30.191379,-3.209955],[30.177741,-3.207736],[30.169889,-3.198102],[30.161836,-3.20155],[30.154512,-3.199533],[30.147245,-3.17889],[30.155681,-3.158406],[30.148887,-3.156183],[30.130208,-3.165333],[30.118448,-3.194181],[30.113668,-3.203088],[30.109439,-3.2337],[30.104532,-3.2419],[30.094312,-3.247508],[30.085969,-3.26093],[30.087562,-3.264802],[30.073589,-3.275366],[30.065786,-3.292341],[30.065727,-3.296556],[30.09778,-3.324471],[30.094791,-3.328501],[30.097976,-3.344785]]]},"properties":{"shapeName":"Nyabikere","shapeISO":"","shapeID":"21766830B35176009375128","shapeGroup":"BDI","shapeType":"ADM2"}},
{"type":"Feature","geometry":{"type":"Polygon","coordinates":[[[30.393478,-3.405128],[30.406783,-3.406316],[30.409925,-3.394202],[30.41975,-3.390012],[30.436002,-3.390641],[30.456239,-3.377198],[30.465701,-3.364846],[30.469938,-3.350199],[30.488523,-3.333236],[30.508106,-3.323255],[30.520717,-3.326906],[30.533565,-3.317827],[30.542537,-3.317625],[30.536954,-3.314238],[30.523464,-3.308234],[30.522022,-3.30336],[30.506166,-3.304729],[30.50683,-3.301863],[30.496015,-3.298548],[30.485252,-3.313864],[30.462198,-3.308929],[30.459701,-3.299912],[30.449588,-3.288449],[30.451864,-3.286416],[30.44379,-3.280036],[30.446615,-3.258655],[30.43576,-3.254193],[30.427291,-3.238323],[30.415168,-3.233304],[30.408595,-3.234988],[30.397201,-3.222337],[30.386735,-3.230454],[30.373979,-3.215544],[30.372436,-3.221715],[30.364883,-3.20665],[30.352636,-3.212389],[30.337049,-3.209868],[30.321395,-3.217613],[30.316436,-3.206558],[30.321397,-3.197238],[30.31994,-3.188695],[30.307807,-3.194334],[30.29992,-3.191499],[30.299482,-3.205512],[30.289102,-3.207891],[30.269536,-3.224204],[30.258104,-3.236295],[30.257898,-3.243073],[30.259069,-3.262923],[30.27448,-3.262752],[30.278291,-3.269412],[30.283277,-3.26706],[30.296054,-3.280952],[30.300916,-3.280261],[30.300519,-3.285315],[30.307355,-3.281084],[30.313987,-3.284852],[30.321039,-3.283294],[30.323718,-3.290153],[30.338477,-3.301183],[30.340286,-3.31518],[30.323253,-3.331342],[30.318446,-3.342464],[30.311389,-3.344902],[30.301725,-3.35606],[30.318622,-3.366184],[30.325893,-3.364198],[30.335607,-3.354389],[30.344369,-3.354871],[30.357694,-3.346972],[30.371526,-3.382878],[30.37642,-3.379169],[30.38647,-3.390763],[30.395839,-3.389318],[30.395904,-3.395976],[30.39076,-3.399967],[30.393478,-3.405128]]]},"properties":{"shapeName":"Bweru","shapeISO":"","shapeID":"21766830B39870041079987","shapeGroup":"BDI","shapeType":"ADM2"}},
{"type":"Feature","geometry":{"type":"Polygon","coordinates":[[[30.176517,-2.908236],[30.14891,-2.939559],[30.12178,-2.951966],[30.090247,-2.976439],[30.066575,-2.98228],[30.049163,-2.979497],[30.03844,-2.988333],[30.052608,-3.003927],[30.058648,-3.019485],[30.077581,-3.03896],[30.084104,-3.054796],[30.096561,-3.051348],[30.126338,-3.029876],[30.151731,-3.02806],[30.170942,-3.005286],[30.180255,-3.002634],[30.190673,-2.986841],[30.201368,-2.987366],[30.213222,-2.996408],[30.225339,-2.994108],[30.225883,-2.999126],[30.239145,-2.99786],[30.239391,-2.986305],[30.243821,-2.982393],[30.26053,-2.986599],[30.276033,-2.975971],[30.279226,-2.963352],[30.271724,-2.947773],[30.248597,-2.925296],[30.244684,-2.919287],[30.216686,-2.90435],[30.176517,-2.908236]]]},"properties":{"shapeName":"Gitaramuka","shapeISO":"","shapeID":"21766830B2211499884350","shapeGroup":"BDI","shapeType":"ADM2"}},
{"type":"Feature","geometry":{"type":"Polygon","coordinates":[[[29.838289,-2.863095],[29.835668,-2.886385],[29.846847,-2.883995],[29.852104,-2.886759],[29.854396,-2.902792],[29.848569,-2.924557],[29.851983,-2.931572],[29.861415,-2.937387],[29.880931,-2.938222],[29.894771,-2.943805],[29.918746,-2.959368],[29.927217,-2.971324],[29.932269,-2.954196],[29.937627,-2.951782],[29.947154,-2.936672],[29.943687,-2.909838],[29.95453,-2.900573],[29.964137,-2.901247],[29.975156,-2.896034],[29.972373,-2.883081],[29.976198,-2.868562],[29.969518,-2.862376],[29.968074,-2.845542],[29.952714,-2.850358],[29.93328,-2.840528],[29.890975,-2.858798],[29.878715,-2.856833],[29.873515,-2.852118],[29.874502,-2.860307],[29.866432,-2.86603],[29.838289,-2.863095]]]},"properties":{"shapeName":"Gashikanwa","shapeISO":"","shapeID":"21766830B95738875058381","shapeGroup":"BDI","shapeType":"ADM2"}},
{"type":"Feature","geometry":{"type":"Polygon","coordinates":[[[29.808919,-3.196192],[29.808202,-3.203978],[29.822509,-3.222059],[29.837486,-3.224067],[29.851808,-3.232919],[29.862439,-3.23016],[29.873571,-3.215678],[29.88327,-3.216315],[29.891462,-3.207413],[29.890712,-3.203083],[29.900659,-3.198607],[29.910497,-3.184519],[29.918458,-3.186873],[29.923831,-3.18192],[29.915246,-3.183089],[29.903116,-3.177403],[29.898916,-3.154686],[29.901229,-3.150758],[29.896781,-3.144335],[29.908555,-3.131386],[29.908756,-3.123059],[29.914512,-3.119895],[29.914062,-3.103246],[29.924451,-3.096236],[29.925489,-3.087311],[29.912025,-3.087045],[29.89952,-3.066225],[29.890235,-3.065774],[29.880031,-3.05869],[29.862329,-3.061253],[29.855878,-3.062495],[29.822627,-3.097533],[29.828006,-3.118962],[29.84502,-3.127826],[29.850713,-3.12608],[29.851003,-3.144129],[29.849637,-3.150469],[29.84081,-3.154238],[29.812795,-3.182071],[29.808919,-3.196192]]]},"properties":{"shapeName":"Mutaho","shapeISO":"","shapeID":"21766830B29011409096617","shapeGroup":"BDI","shapeType":"ADM2"}},
{"type":"Feature","geometry":{"type":"Polygon","coordinates":[[[29.822627,-3.097533],[29.855878,-3.062495],[29.862329,-3.061253],[29.868596,-3.019897],[29.879236,-3.005368],[29.846475,-3.013551],[29.83492,-3.006346],[29.817594,-3.015039],[29.802232,-3.017148],[29.79734,-3.014802],[29.798663,-2.999357],[29.768329,-2.97561],[29.758851,-2.997168],[29.749881,-3.006166],[29.746591,-3.028444],[29.755645,-3.035496],[29.751212,-3.043329],[29.756336,-3.047658],[29.74666,-3.064228],[29.75134,-3.068167],[29.767446,-3.063164],[29.772701,-3.055753],[29.775123,-3.058553],[29.767963,-3.078222],[29.756191,-3.087377],[29.750402,-3.097821],[29.756702,-3.102041],[29.772342,-3.088094],[29.772268,-3.094572],[29.791654,-3.102958],[29.822627,-3.097533]]]},"properties":{"shapeName":"Muhanga","shapeISO":"","shapeID":"21766830B24961695434412","shapeGroup":"BDI","shapeType":"ADM2"}},
{"type":"Feature","geometry":{"type":"Polygon","coordinates":[[[29.768329,-2.97561],[29.798663,-2.999357],[29.79734,-3.014802],[29.802232,-3.017148],[29.817594,-3.015039],[29.83492,-3.006346],[29.846475,-3.013551],[29.879236,-3.005368],[29.893293,-2.99471],[29.905193,-2.993274],[29.903692,-2.987817],[29.907411,-2.98317],[29.923433,-2.980082],[29.927217,-2.971324],[29.918746,-2.959368],[29.894771,-2.943805],[29.880931,-2.938222],[29.861415,-2.937387],[29.851983,-2.931572],[29.848569,-2.924557],[29.854396,-2.902792],[29.852104,-2.886759],[29.846847,-2.883995],[29.835668,-2.886385],[29.801755,-2.882509],[29.766614,-2.886699],[29.755798,-2.899725],[29.75887,-2.908103],[29.750224,-2.913182],[29.749883,-2.922275],[29.758458,-2.926233],[29.756633,-2.959348],[29.768329,-2.97561]]]},"properties":{"shapeName":"Ngozi","shapeISO":"","shapeID":"21766830B35301506436742","shapeGroup":"BDI","shapeType":"ADM2"}},
{"type":"Feature","geometry":{"type":"Polygon","coordinates":[[[30.081363,-3.170613],[30.104131,-3.125261],[30.141795,-3.086185],[30.141355,-3.079232],[30.147556,-3.071018],[30.152683,-3.05184],[30.151731,-3.02806],[30.126338,-3.029876],[30.096561,-3.051348],[30.084104,-3.054796],[30.077581,-3.03896],[30.058648,-3.019485],[30.052608,-3.003927],[30.03844,-2.988333],[30.015579,-2.985642],[30.007671,-2.997287],[29.986007,-3.01037],[29.970813,-3.044462],[29.99048,-3.052264],[29.992854,-3.070441],[30.012288,-3.081727],[30.020423,-3.09503],[30.015584,-3.10849],[30.01897,-3.121031],[30.029577,-3.136127],[30.038978,-3.139889],[30.048473,-3.137536],[30.05062,-3.149872],[30.039672,-3.16297],[30.037299,-3.174391],[30.048742,-3.185169],[30.051458,-3.19818],[30.061416,-3.199286],[30.06212,-3.19229],[30.076082,-3.183227],[30.081363,-3.170613]]]},"properties":{"shapeName":"Bugenyuzi","shapeISO":"","shapeID":"21766830B66626516446695","shapeGroup":"BDI","shapeType":"ADM2"}},
{"type":"Feature","geometry":{"type":"Polygon","coordinates":[[[30.026414,-3.248101],[30.032989,-3.236028],[30.037595,-3.235081],[30.042709,-3.21943],[30.061416,-3.199286],[30.051458,-3.19818],[30.048742,-3.185169],[30.037299,-3.174391],[30.039672,-3.16297],[30.05062,-3.149872],[30.048473,-3.137536],[30.038978,-3.139889],[30.029577,-3.136127],[30.01897,-3.121031],[30.015584,-3.10849],[30.020423,-3.09503],[30.012288,-3.081727],[29.992854,-3.070441],[29.99048,-3.052264],[29.970813,-3.044462],[29.967492,-3.054276],[29.961625,-3.058459],[29.939647,-3.060117],[29.935731,-3.066148],[29.938787,-3.080941],[29.925489,-3.087311],[29.924451,-3.096236],[29.914062,-3.103246],[29.914512,-3.119895],[29.908756,-3.123059],[29.908555,-3.131386],[29.896781,-3.144335],[29.901229,-3.150758],[29.898916,-3.154686],[29.903116,-3.177403],[29.915246,-3.183089],[29.923831,-3.18192],[29.939174,-3.164972],[29.944196,-3.166461],[29.945209,-3.156203],[29.960649,-3.159616],[29.979879,-3.195251],[29.993392,-3.206517],[29.996789,-3.205239],[29.997724,-3.221189],[30.013908,-3.224973],[30.011394,-3.227241],[30.023076,-3.235359],[30.016408,-3.241117],[30.026414,-3.248101]]]},"properties":{"shapeName":"Gihogazi","shapeISO":"","shapeID":"21766830B47881609362439","shapeGroup":"BDI","shapeType":"ADM2"}},
{"type":"Feature","geometry":{"type":"Polygon","coordinates":[[[29.927217,-2.971324],[29.923433,-2.980082],[29.907411,-2.98317],[29.903692,-2.987817],[29.905193,-2.993274],[29.893293,-2.99471],[29.879236,-3.005368],[29.868596,-3.019897],[29.862329,-3.061253],[29.880031,-3.05869],[29.890235,-3.065774],[29.89952,-3.066225],[29.912025,-3.087045],[29.925489,-3.087311],[29.938787,-3.080941],[29.935731,-3.066148],[29.939647,-3.060117],[29.961625,-3.058459],[29.967492,-3.054276],[29.970813,-3.044462],[29.986007,-3.01037],[30.007671,-2.997287],[30.015579,-2.985642],[30.020824,-2.971478],[30.013614,-2.950141],[29.999517,-2.952132],[29.977163,-2.935502],[29.947154,-2.936672],[29.937627,-2.951782],[29.932269,-2.954196],[29.927217,-2.971324]]]},"properties":{"shapeName":"Ruhororo","shapeISO":"","shapeID":"21766830B83078145904206","shapeGroup":"BDI","shapeType":"ADM2"}},
{"type":"Feature","geometry":{"type":"Polygon","coordinates":[[[30.176517,-2.908236],[30.173847,-2.902878],[30.178239,-2.895426],[30.174884,-2.891768],[30.176387,-2.885577],[30.16858,-2.878778],[30.193385,-2.859355],[30.182248,-2.850656],[30.16699,-2.847439],[30.153398,-2.839452],[30.136262,-2.857461],[30.095828,-2.901001],[30.090799,-2.900424],[30.078939,-2.888382],[30.068147,-2.88645],[30.046932,-2.893944],[30.033025,-2.906184],[30.010955,-2.89516],[29.975156,-2.896034],[29.964137,-2.901247],[29.95453,-2.900573],[29.943687,-2.909838],[29.947154,-2.936672],[29.977163,-2.935502],[29.999517,-2.952132],[30.013614,-2.950141],[30.020824,-2.971478],[30.015579,-2.985642],[30.03844,-2.988333],[30.049163,-2.979497],[30.066575,-2.98228],[30.090247,-2.976439],[30.12178,-2.951966],[30.14891,-2.939559],[30.176517,-2.908236]]]},"properties":{"shapeName":"Tangara","shapeISO":"","shapeID":"21766830B4667325104587","shapeGroup":"BDI","shapeType":"ADM2"}},
{"type":"Feature","geometry":{"type":"Polygon","coordinates":[[[30.177089,-2.604599],[30.163286,-2.622071],[30.155807,-2.618437],[30.155061,-2.609684],[30.144676,-2.612916],[30.146009,-2.624836],[30.155109,-2.634053],[30.152545,-2.638438],[30.136344,-2.625129],[30.121026,-2.635088],[30.118785,-2.642],[30.107538,-2.644748],[30.09485,-2.666904],[30.08839,-2.659363],[30.075845,-2.655901],[30.070857,-2.661886],[30.051458,-2.663739],[30.032424,-2.652051],[30.022163,-2.666019],[30.013187,-2.668884],[30.005761,-2.687933],[30.02,-2.707426],[30.016834,-2.71545],[30.009658,-2.719414],[30.048616,-2.743017],[30.052799,-2.7491],[30.048782,-2.755733],[30.063266,-2.773828],[30.061771,-2.782918],[30.077131,-2.783129],[30.097055,-2.770473],[30.109445,-2.779068],[30.118638,-2.780015],[30.130296,-2.765253],[30.12996,-2.756851],[30.141622,-2.74442],[30.147861,-2.727865],[30.144267,-2.703831],[30.149511,-2.686059],[30.145818,-2.674583],[30.166103,-2.643507],[30.170373,-2.644511],[30.176408,-2.639236],[30.190423,-2.621762],[30.190454,-2.617701],[30.177089,-2.604599]]]},"properties":{"shapeName":"Vumbi","shapeISO":"","shapeID":"21766830B60116589238707","shapeGroup":"BDI","shapeType":"ADM2"}},
{"type":"Feature","geometry":{"type":"Polygon","coordinates":[[[29.975156,-2.896034],[30.010955,-2.89516],[30.033025,-2.906184],[30.046932,-2.893944],[30.068147,-2.88645],[30.078939,-2.888382],[30.090799,-2.900424],[30.095828,-2.901001],[30.136262,-2.857461],[30.117465,-2.840421],[30.121274,-2.835084],[30.10375,-2.817867],[30.100419,-2.811116],[30.102931,-2.802531],[30.079471,-2.788337],[30.077131,-2.783129],[30.061771,-2.782918],[30.063266,-2.773828],[30.048782,-2.755733],[30.043113,-2.755974],[30.027,-2.77193],[30.00768,-2.781101],[29.963081,-2.788378],[29.952453,-2.783767],[29.943076,-2.790159],[29.930015,-2.808321],[29.935935,-2.814338],[29.937433,-2.824837],[29.932769,-2.832099],[29.93328,-2.840528],[29.952714,-2.850358],[29.968074,-2.845542],[29.969518,-2.862376],[29.976198,-2.868562],[29.972373,-2.883081],[29.975156,-2.896034]]]},"properties":{"shapeName":"Kiremba","shapeISO":"","shapeID":"21766830B44237759334809","shapeGroup":"BDI","shapeType":"ADM2"}},
{"type":"Feature","geometry":{"type":"Polygon","coordinates":[[[30.177089,-2.604599],[30.17674,-2.590441],[30.172866,-2.588968],[30.175401,-2.555875],[30.169689,-2.550749],[30.169107,-2.537915],[30.159854,-2.524282],[30.156244,-2.5021],[30.147899,-2.494668],[30.124311,-2.489743],[30.117139,-2.455313],[30.103113,-2.425459],[30.100733,-2.425],[30.082246,-2.482358],[30.080425,-2.499342],[30.068378,-2.510731],[30.061483,-2.50864],[30.053798,-2.499311],[30.050727,-2.501385],[30.054811,-2.516226],[30.049169,-2.521177],[30.048454,-2.53561],[30.042898,-2.537766],[30.028531,-2.532486],[30.037019,-2.55108],[30.056882,-2.569984],[30.050302,-2.588423],[30.055698,-2.604378],[30.063541,-2.611757],[30.067378,-2.630662],[30.08839,-2.659363],[30.09485,-2.666904],[30.107538,-2.644748],[30.118785,-2.642],[30.121026,-2.635088],[30.136344,-2.625129],[30.152545,-2.638438],[30.155109,-2.634053],[30.146009,-2.624836],[30.144676,-2.612916],[30.155061,-2.609684],[30.155807,-2.618437],[30.163286,-2.622071],[30.177089,-2.604599]]]},"properties":{"shapeName":"Kirundo","shapeISO":"","shapeID":"21766830B26549611972725","shapeGroup":"BDI","shapeType":"ADM2"}},
{"type":"Feature","geometry":{"type":"Polygon","coordinates":[[[30.536954,-3.314238],[30.538402,-3.301018],[30.543285,-3.297833],[30.539518,-3.286521],[30.57706,-3.271657],[30.590249,-3.257987],[30.602109,-3.262296],[30.61633,-3.254085],[30.627231,-3.254756],[30.629213,-3.244411],[30.622041,-3.231617],[30.625272,-3.2119],[30.621902,-3.2089],[30.612016,-3.21101],[30.6093,-3.206769],[30.617723,-3.199554],[30.616866,-3.192301],[30.635829,-3.173389],[30.632146,-3.166456],[30.633834,-3.160948],[30.639541,-3.158092],[30.651357,-3.160063],[30.662494,-3.153868],[30.66607,-3.148731],[30.663631,-3.143038],[30.66806,-3.130357],[30.662542,-3.1241],[30.652782,-3.126491],[30.642572,-3.122278],[30.636131,-3.110642],[30.62437,-3.110795],[30.604808,-3.141536],[30.601091,-3.159949],[30.585021,-3.160481],[30.553848,-3.136014],[30.529477,-3.12903],[30.522552,-3.121691],[30.51357,-3.125772],[30.505615,-3.121521],[30.484979,-3.129622],[30.477649,-3.142823],[30.464862,-3.147836],[30.467088,-3.154859],[30.458507,-3.1666],[30.43847,-3.174659],[30.433557,-3.180598],[30.421907,-3.163502],[30.411012,-3.162682],[30.400972,-3.171603],[30.382074,-3.16203],[30.403913,-3.142878],[30.415208,-3.142221],[30.422395,-3.137423],[30.429492,-3.127661],[30.429706,-3.11094],[30.417043,-3.098295],[30.405471,-3.099201],[30.400834,-3.095587],[30.394922,-3.071717],[30.38323,-3.076252],[30.380348,-3.08618],[30.37622,-3.087986],[30.388416,-3.110889],[30.380239,-3.110817],[30.378494,-3.117394],[30.382957,-3.120089],[30.375293,-3.1306],[30.366485,-3.131474],[30.365371,-3.136987],[30.359475,-3.137177],[30.363904,-3.142097],[30.364749,-3.157069],[30.349889,-3.154212],[30.341401,-3.160013],[30.342588,-3.168144],[30.332422,-3.167954],[30.325231,-3.174675],[30.324926,-3.183955],[30.31994,-3.188695],[30.321397,-3.197238],[30.316436,-3.206558],[30.321395,-3.217613],[30.337049,-3.209868],[30.352636,-3.212389],[30.364883,-3.20665],[30.372436,-3.221715],[30.373979,-3.215544],[30.386735,-3.230454],[30.397201,-3.222337],[30.408595,-3.234988],[30.415168,-3.233304],[30.427291,-3.238323],[30.43576,-3.254193],[30.446615,-3.258655],[30.44379,-3.280036],[30.451864,-3.286416],[30.449588,-3.288449],[30.459701,-3.299912],[30.462198,-3.308929],[30.485252,-3.313864],[30.496015,-3.298548],[30.50683,-3.301863],[30.506166,-3.304729],[30.522022,-3.30336],[30.523464,-3.308234],[30.536954,-3.314238]]]},"properties":{"shapeName":"Cankuzo","shapeISO":"","shapeID":"21766830B23756713917278","shapeGroup":"BDI","shapeType":"ADM2"}},
{"type":"Feature","geometry":{"type":"Polygon","coordinates":[[[30.257898,-3.243073],[30.258104,-3.236295],[30.269536,-3.224204],[30.289102,-3.207891],[30.299482,-3.205512],[30.29992,-3.191499],[30.307807,-3.194334],[30.31994,-3.188695],[30.324926,-3.183955],[30.325231,-3.174675],[30.332422,-3.167954],[30.342588,-3.168144],[30.341401,-3.160013],[30.349889,-3.154212],[30.340818,-3.146194],[30.320772,-3.156395],[30.315082,-3.153892],[30.314954,-3.146872],[30.306915,-3.142993],[30.294088,-3.144969],[30.279285,-3.154052],[30.263675,-3.152142],[30.257211,-3.142216],[30.24073,-3.134758],[30.240304,-3.127157],[30.234123,-3.122261],[30.220109,-3.12918],[30.210847,-3.149375],[30.199647,-3.150605],[30.188703,-3.161932],[30.169889,-3.198102],[30.177741,-3.207736],[30.191379,-3.209955],[30.190885,-3.214088],[30.200155,-3.221859],[30.204658,-3.237303],[30.201459,-3.239074],[30.208875,-3.25314],[30.205306,-3.279258],[30.175121,-3.314837],[30.186141,-3.327215],[30.195838,-3.326592],[30.193229,-3.315355],[30.19918,-3.309608],[30.2082,-3.305233],[30.212703,-3.309184],[30.218768,-3.30377],[30.217752,-3.289103],[30.228967,-3.294963],[30.235805,-3.292403],[30.230726,-3.27844],[30.248605,-3.258892],[30.24732,-3.251056],[30.257898,-3.243073]]]},"properties":{"shapeName":"Mutumba","shapeISO":"","shapeID":"21766830B82901968055666","shapeGroup":"BDI","shapeType":"ADM2"}},
{"type":"Feature","geometry":{"type":"Polygon","coordinates":[[[30.118448,-3.194181],[30.130208,-3.165333],[30.148887,-3.156183],[30.155681,-3.158406],[30.147245,-3.17889],[30.154512,-3.199533],[30.161836,-3.20155],[30.169889,-3.198102],[30.188703,-3.161932],[30.199647,-3.150605],[30.210847,-3.149375],[30.220109,-3.12918],[30.234123,-3.122261],[30.231796,-3.110996],[30.247871,-3.088964],[30.257863,-3.065841],[30.268958,-3.053762],[30.274595,-3.024364],[30.277744,-3.006485],[30.276033,-2.975971],[30.26053,-2.986599],[30.243821,-2.982393],[30.239391,-2.986305],[30.239145,-2.99786],[30.225883,-2.999126],[30.225339,-2.994108],[30.213222,-2.996408],[30.201368,-2.987366],[30.190673,-2.986841],[30.180255,-3.002634],[30.170942,-3.005286],[30.151731,-3.02806],[30.152683,-3.05184],[30.147556,-3.071018],[30.141355,-3.079232],[30.141795,-3.086185],[30.104131,-3.125261],[30.081363,-3.170613],[30.113668,-3.185251],[30.118448,-3.194181]]]},"properties":{"shapeName":"Buhiga","shapeISO":"","shapeID":"21766830B23511682723630","shapeGroup":"BDI","shapeType":"ADM2"}},
{"type":"Feature","geometry":{"type":"Polygon","coordinates":[[[30.394922,-3.071717],[30.399558,-3.068265],[30.391786,-3.061574],[30.388057,-3.038739],[30.383266,-3.038274],[30.360877,-3.065825],[30.346801,-3.07162],[30.330446,-3.071301],[30.327236,-3.053436],[30.316327,-3.042865],[30.320712,-3.0255],[30.286027,-3.021723],[30.274595,-3.024364],[30.268958,-3.053762],[30.257863,-3.065841],[30.247871,-3.088964],[30.231796,-3.110996],[30.234123,-3.122261],[30.240304,-3.127157],[30.24073,-3.134758],[30.257211,-3.142216],[30.263675,-3.152142],[30.279285,-3.154052],[30.294088,-3.144969],[30.306915,-3.142993],[30.314954,-3.146872],[30.315082,-3.153892],[30.320772,-3.156395],[30.340818,-3.146194],[30.349889,-3.154212],[30.364749,-3.157069],[30.363904,-3.142097],[30.359475,-3.137177],[30.365371,-3.136987],[30.366485,-3.131474],[30.375293,-3.1306],[30.382957,-3.120089],[30.378494,-3.117394],[30.380239,-3.110817],[30.388416,-3.110889],[30.37622,-3.087986],[30.380348,-3.08618],[30.38323,-3.076252],[30.394922,-3.071717]]]},"properties":{"shapeName":"Mwakiro","shapeISO":"","shapeID":"21766830B10181595189520","shapeGroup":"BDI","shapeType":"ADM2"}},
{"type":"Feature","geometry":{"type":"Polygon","coordinates":[[[30.248597,-2.925296],[30.273856,-2.916827],[30.283592,-2.90624],[30.276298,-2.905261],[30.27091,-2.895788],[30.302356,-2.877605],[30.298751,-2.86132],[30.303781,-2.843121],[30.311483,-2.824028],[30.320716,-2.813417],[30.312837,-2.802931],[30.308744,-2.813447],[30.301599,-2.807878],[30.294135,-2.820977],[30.282316,-2.812509],[30.274856,-2.815887],[30.26122,-2.807704],[30.259506,-2.796881],[30.272643,-2.78281],[30.271804,-2.772475],[30.249782,-2.788187],[30.236455,-2.805295],[30.225837,-2.799485],[30.227903,-2.783932],[30.203924,-2.783129],[30.192638,-2.788934],[30.178283,-2.807214],[30.171884,-2.824173],[30.153398,-2.839452],[30.16699,-2.847439],[30.182248,-2.850656],[30.193385,-2.859355],[30.16858,-2.878778],[30.176387,-2.885577],[30.174884,-2.891768],[30.178239,-2.895426],[30.173847,-2.902878],[30.176517,-2.908236],[30.216686,-2.90435],[30.244684,-2.919287],[30.248597,-2.925296]]]},"properties":{"shapeName":"Gasorwe","shapeISO":"","shapeID":"21766830B82611116745094","shapeGroup":"BDI","shapeType":"ADM2"}},
{"type":"Feature","geometry":{"type":"Polygon","coordinates":[[[30.153398,-2.839452],[30.171884,-2.824173],[30.178283,-2.807214],[30.192638,-2.788934],[30.203924,-2.783129],[30.209123,-2.762918],[30.227472,-2.749285],[30.236522,-2.752023],[30.239616,-2.731252],[30.255777,-2.724417],[30.261232,-2.71704],[30.265886,-2.685113],[30.263166,-2.67713],[30.239251,-2.682955],[30.219247,-2.696147],[30.215923,-2.694778],[30.171237,-2.736408],[30.154628,-2.726903],[30.147861,-2.727865],[30.141622,-2.74442],[30.12996,-2.756851],[30.130296,-2.765253],[30.118638,-2.780015],[30.109445,-2.779068],[30.097055,-2.770473],[30.077131,-2.783129],[30.079471,-2.788337],[30.102931,-2.802531],[30.100419,-2.811116],[30.10375,-2.817867],[30.121274,-2.835084],[30.117465,-2.840421],[30.136262,-2.857461],[30.153398,-2.839452]]]},"properties":{"shapeName":"Gashoho","shapeISO":"","shapeID":"21766830B49899566949034","shapeGroup":"BDI","shapeType":"ADM2"}},
{"type":"Feature","geometry":{"type":"Polygon","coordinates":[[[30.147861,-2.727865],[30.154628,-2.726903],[30.171237,-2.736408],[30.215923,-2.694778],[30.219247,-2.696147],[30.239251,-2.682955],[30.263166,-2.67713],[30.275268,-2.664011],[30.274619,-2.646585],[30.290958,-2.617794],[30.300792,-2.607758],[30.318855,-2.555947],[30.335611,-2.532372],[30.33452,-2.51808],[30.322458,-2.522732],[30.29775,-2.544209],[30.291425,-2.554626],[30.288846,-2.569716],[30.270299,-2.586823],[30.260925,-2.592577],[30.249828,-2.586766],[30.218267,-2.611074],[30.212455,-2.607703],[30.190423,-2.621762],[30.176408,-2.639236],[30.170373,-2.644511],[30.166103,-2.643507],[30.145818,-2.674583],[30.149511,-2.686059],[30.144267,-2.703831],[30.147861,-2.727865]]]},"properties":{"shapeName":"Gitobe","shapeISO":"","shapeID":"21766830B58356129382648","shapeGroup":"BDI","shapeType":"ADM2"}},
{"type":"Feature","geometry":{"type":"Polygon","coordinates":[[[30.265886,-2.685113],[30.271341,-2.692925],[30.27855,-2.689919],[30.290729,-2.670762],[30.31319,-2.650003],[30.321813,-2.632884],[30.340566,-2.62971],[30.346946,-2.613364],[30.358573,-2.598979],[30.396327,-2.598166],[30.40952,-2.570363],[30.408941,-2.543349],[30.41793,-2.529485],[30.400419,-2.512234],[30.398113,-2.497721],[30.415059,-2.480783],[30.416423,-2.46647],[30.409896,-2.453661],[30.396688,-2.441406],[30.391317,-2.419313],[30.384706,-2.412859],[30.367502,-2.444078],[30.355392,-2.480871],[30.343402,-2.493814],[30.33452,-2.51808],[30.335611,-2.532372],[30.318855,-2.555947],[30.300792,-2.607758],[30.290958,-2.617794],[30.274619,-2.646585],[30.275268,-2.664011],[30.263166,-2.67713],[30.265886,-2.685113]]]},"properties":{"shapeName":"Bwambarang","shapeISO":"","shapeID":"21766830B10882929904233","shapeGroup":"BDI","shapeType":"ADM2"}},
{"type":"Feature","geometry":{"type":"Polygon","coordinates":[[[30.08839,-2.659363],[30.067378,-2.630662],[30.063541,-2.611757],[30.055698,-2.604378],[30.050302,-2.588423],[30.056882,-2.569984],[30.037019,-2.55108],[30.028531,-2.532486],[30.008563,-2.52036],[29.98282,-2.487246],[29.967114,-2.479533],[29.963739,-2.488559],[29.955574,-2.488953],[29.942015,-2.498437],[29.933629,-2.519861],[29.933871,-2.533478],[29.920284,-2.557471],[29.931089,-2.589245],[29.927985,-2.633299],[29.935362,-2.641445],[29.930565,-2.655063],[29.932941,-2.65837],[29.948541,-2.655854],[29.963617,-2.661519],[29.974641,-2.672435],[29.994848,-2.678355],[29.99736,-2.69101],[30.005761,-2.687933],[30.013187,-2.668884],[30.022163,-2.666019],[30.032424,-2.652051],[30.051458,-2.663739],[30.070857,-2.661886],[30.075845,-2.655901],[30.08839,-2.659363]]]},"properties":{"shapeName":"Ntega","shapeISO":"","shapeID":"21766830B46224156448041","shapeGroup":"BDI","shapeType":"ADM2"}},
{"type":"Feature","geometry":{"type":"Polygon","coordinates":[[[30.005761,-2.687933],[29.99736,-2.69101],[29.994848,-2.678355],[29.974641,-2.672435],[29.963617,-2.661519],[29.948541,-2.655854],[29.932941,-2.65837],[29.930565,-2.655063],[29.917765,-2.702242],[29.893011,-2.734706],[29.889541,-2.7498],[29.898994,-2.753052],[29.900312,-2.782841],[29.921546,-2.805208],[29.930015,-2.808321],[29.943076,-2.790159],[29.952453,-2.783767],[29.963081,-2.788378],[30.00768,-2.781101],[30.027,-2.77193],[30.043113,-2.755974],[30.048782,-2.755733],[30.052799,-2.7491],[30.048616,-2.743017],[30.009658,-2.719414],[30.016834,-2.71545],[30.02,-2.707426],[30.005761,-2.687933]]]},"properties":{"shapeName":"Marangara","shapeISO":"","shapeID":"21766830B34593389282909","shapeGroup":"BDI","shapeType":"ADM2"}},
{"type":"Feature","geometry":{"type":"Polygon","coordinates":[[[29.93328,-2.840528],[29.932769,-2.832099],[29.937433,-2.824837],[29.935935,-2.814338],[29.930015,-2.808321],[29.921546,-2.805208],[29.900312,-2.782841],[29.898994,-2.753052],[29.889541,-2.7498],[29.879021,-2.751484],[29.877663,-2.759487],[29.854677,-2.761869],[29.835131,-2.772898],[29.845592,-2.787241],[29.852996,-2.811594],[29.85267,-2.818527],[29.834825,-2.836416],[29.834504,-2.846556],[29.841218,-2.851208],[29.83665,-2.85904],[29.838289,-2.863095],[29.866432,-2.86603],[29.874502,-2.860307],[29.873515,-2.852118],[29.878715,-2.856833],[29.890975,-2.858798],[29.93328,-2.840528]]]},"properties":{"shapeName":"Nyamurenza","shapeISO":"","shapeID":"21766830B14713025325915","shapeGroup":"BDI","shapeType":"ADM2"}},
{"type":"Feature","geometry":{"type":"Polygon","coordinates":[[[29.838289,-2.863095],[29.83665,-2.85904],[29.841218,-2.851208],[29.834504,-2.846556],[29.834825,-2.836416],[29.85267,-2.818527],[29.852996,-2.811594],[29.845592,-2.787241],[29.835131,-2.772898],[29.829725,-2.779202],[29.826264,-2.774365],[29.814134,-2.772386],[29.80969,-2.76022],[29.795592,-2.757068],[29.787142,-2.765057],[29.770604,-2.764251],[29.762043,-2.793971],[29.752619,-2.809942],[29.751176,-2.815911],[29.757921,-2.825715],[29.761308,-2.848799],[29.75896,-2.865102],[29.766614,-2.886699],[29.801755,-2.882509],[29.835668,-2.886385],[29.838289,-2.863095]]]},"properties":{"shapeName":"Mwumba","shapeISO":"","shapeID":"21766830B13058774962077","shapeGroup":"BDI","shapeType":"ADM2"}},
{"type":"Feature","geometry":{"type":"Polygon","coordinates":[[[29.750224,-2.913182],[29.75887,-2.908103],[29.755798,-2.899725],[29.766614,-2.886699],[29.75896,-2.865102],[29.761308,-2.848799],[29.757921,-2.825715],[29.751176,-2.815911],[29.752619,-2.809942],[29.744955,-2.806561],[29.723255,-2.817428],[29.71481,-2.815287],[29.70836,-2.818992],[29.70396,-2.810238],[29.693574,-2.80796],[29.685785,-2.79948],[29.679171,-2.799013],[29.668923,-2.790961],[29.659759,-2.803009],[29.664047,-2.815794],[29.661767,-2.829392],[29.659534,-2.832742],[29.647727,-2.827884],[29.63631,-2.844105],[29.645719,-2.859947],[29.64949,-2.868145],[29.657846,-2.866718],[29.664888,-2.872493],[29.677673,-2.872911],[29.679939,-2.877759],[29.69643,-2.873225],[29.702094,-2.875191],[29.700298,-2.883105],[29.70902,-2.889257],[29.712968,-2.907589],[29.704776,-2.914454],[29.705417,-2.927089],[29.718553,-2.936468],[29.731241,-2.933147],[29.750224,-2.913182]]]},"properties":{"shapeName":"Busiga","shapeISO":"","shapeID":"21766830B1882461017579","shapeGroup":"BDI","shapeType":"ADM2"}},
{"type":"Feature","geometry":{"type":"Polygon","coordinates":[[[29.645719,-2.859947],[29.63631,-2.844105],[29.647727,-2.827884],[29.659534,-2.832742],[29.661767,-2.829392],[29.664047,-2.815794],[29.659759,-2.803009],[29.668923,-2.790961],[29.659139,-2.787048],[29.639133,-2.788283],[29.629458,-2.802911],[29.612377,-2.810512],[29.606091,-2.805957],[29.591141,-2.807302],[29.587533,-2.80228],[29.573814,-2.811089],[29.543204,-2.816495],[29.542248,-2.828927],[29.51664,-2.827911],[29.486248,-2.801181],[29.477311,-2.807987],[29.464876,-2.809908],[29.457305,-2.800139],[29.448259,-2.797339],[29.437355,-2.79712],[29.430283,-2.804276],[29.432498,-2.813185],[29.443221,-2.812104],[29.453071,-2.82704],[29.456859,-2.85885],[29.467212,-2.872947],[29.465629,-2.884172],[29.472749,-2.890064],[29.474067,-2.902473],[29.485196,-2.916441],[29.499088,-2.91502],[29.498557,-2.908062],[29.543319,-2.89658],[29.568193,-2.879818],[29.58249,-2.881607],[29.598544,-2.870548],[29.623376,-2.864855],[29.629091,-2.867007],[29.645719,-2.859947]]]},"properties":{"shapeName":"Kabarore","shapeISO":"","shapeID":"21766830B63780958565723","shapeGroup":"BDI","shapeType":"ADM2"}},
{"type":"Feature","geometry":{"type":"Polygon","coordinates":[[[29.360132,-2.958307],[29.370128,-2.949528],[29.387618,-2.947089],[29.39507,-2.946739],[29.400794,-2.964201],[29.4092,-2.965971],[29.411647,-2.957835],[29.423162,-2.955344],[29.428392,-2.945312],[29.446815,-2.93731],[29.470298,-2.935853],[29.476608,-2.938844],[29.478179,-2.923697],[29.485196,-2.916441],[29.474067,-2.902473],[29.472749,-2.890064],[29.465629,-2.884172],[29.467212,-2.872947],[29.456859,-2.85885],[29.453071,-2.82704],[29.443221,-2.812104],[29.432498,-2.813185],[29.430283,-2.804276],[29.399611,-2.821325],[29.395621,-2.815946],[29.389254,-2.818059],[29.375971,-2.831451],[29.376846,-2.837187],[29.370915,-2.839272],[29.367608,-2.831479],[29.362224,-2.831781],[29.364902,-2.827033],[29.360857,-2.823218],[29.362142,-2.818142],[29.352194,-2.803624],[29.357113,-2.793113],[29.348285,-2.776345],[29.350772,-2.767619],[29.332059,-2.783304],[29.32253,-2.778698],[29.312463,-2.791641],[29.30545,-2.794338],[29.293891,-2.79264],[29.283471,-2.798125],[29.275504,-2.794522],[29.258233,-2.799921],[29.25473,-2.80599],[29.250846,-2.805664],[29.253129,-2.813236],[29.249595,-2.830117],[29.2422,-2.835037],[29.247112,-2.836106],[29.254428,-2.846344],[29.266555,-2.844523],[29.273055,-2.851336],[29.273849,-2.865469],[29.256601,-2.881084],[29.268987,-2.889771],[29.268789,-2.915756],[29.281486,-2.922395],[29.290344,-2.913682],[29.308614,-2.911783],[29.328304,-2.915288],[29.333953,-2.908062],[29.341207,-2.925422],[29.35542,-2.938911],[29.360132,-2.958307]]]},"properties":{"shapeName":"Bukinanyan","shapeISO":"","shapeID":"21766830B75549003528399","shapeGroup":"BDI","shapeType":"ADM2"}},
{"type":"Feature","geometry":{"type":"Polygon","coordinates":[[[29.2422,-2.835037],[29.249595,-2.830117],[29.253129,-2.813236],[29.250846,-2.805664],[29.25473,-2.80599],[29.258233,-2.799921],[29.275504,-2.794522],[29.283471,-2.798125],[29.293891,-2.79264],[29.30545,-2.794338],[29.312463,-2.791641],[29.32253,-2.778698],[29.332059,-2.783304],[29.350772,-2.767619],[29.338419,-2.763914],[29.341426,-2.752552],[29.333637,-2.746844],[29.352494,-2.734989],[29.348067,-2.71962],[29.350007,-2.700465],[29.344323,-2.702386],[29.334046,-2.689652],[29.327542,-2.688719],[29.335468,-2.669592],[29.324645,-2.651287],[29.294199,-2.640117],[29.282119,-2.62571],[29.27485,-2.621895],[29.268345,-2.623432],[29.264683,-2.617833],[29.25042,-2.626708],[29.247294,-2.621682],[29.230636,-2.628589],[29.22648,-2.62499],[29.220294,-2.631669],[29.219392,-2.625962],[29.21327,-2.62058],[29.209274,-2.621877],[29.203894,-2.614841],[29.186527,-2.615425],[29.187075,-2.609588],[29.178407,-2.614355],[29.178411,-2.624115],[29.184011,-2.631619],[29.181051,-2.641866],[29.191085,-2.65148],[29.185399,-2.662128],[29.193359,-2.668998],[29.184198,-2.67642],[29.187785,-2.684746],[29.177629,-2.695395],[29.179269,-2.702646],[29.15356,-2.711462],[29.149936,-2.719955],[29.154565,-2.726912],[29.150733,-2.73633],[29.177314,-2.755734],[29.193874,-2.761179],[29.198154,-2.770226],[29.216819,-2.776736],[29.227653,-2.792289],[29.223989,-2.806973],[29.232185,-2.811439],[29.231796,-2.836746],[29.2422,-2.835037]]]},"properties":{"shapeName":"Mabayi","shapeISO":"","shapeID":"21766830B12025098844752","shapeGroup":"BDI","shapeType":"ADM2"}},
{"type":"Feature","geometry":{"type":"Polygon","coordinates":[[[29.216819,-2.776736],[29.198154,-2.770226],[29.193874,-2.761179],[29.177314,-2.755734],[29.150733,-2.73633],[29.154565,-2.726912],[29.149936,-2.719955],[29.15356,-2.711462],[29.179269,-2.702646],[29.177629,-2.695395],[29.187785,-2.684746],[29.184198,-2.67642],[29.193359,-2.668998],[29.185399,-2.662128],[29.191085,-2.65148],[29.181051,-2.641866],[29.184011,-2.631619],[29.178411,-2.624115],[29.178407,-2.614355],[29.174767,-2.61536],[29.162974,-2.594705],[29.151793,-2.595224],[29.15015,-2.590879],[29.138712,-2.598402],[29.140903,-2.60359],[29.127886,-2.609685],[29.116029,-2.596327],[29.096472,-2.5961],[29.092928,-2.591041],[29.08091,-2.594705],[29.072274,-2.603168],[29.061771,-2.601579],[29.058001,-2.61711],[29.05291,-2.618959],[29.051944,-2.624665],[29.053426,-2.640067],[29.060643,-2.649665],[29.054231,-2.651934],[29.04608,-2.670935],[29.056938,-2.677939],[29.056003,-2.682965],[29.047143,-2.68705],[29.054102,-2.68906],[29.049205,-2.701933],[29.055327,-2.709423],[29.045468,-2.722554],[29.056632,-2.727762],[29.054662,-2.735513],[29.066203,-2.745362],[29.078521,-2.744858],[29.082183,-2.762212],[29.093732,-2.753469],[29.102937,-2.781121],[29.120479,-2.791192],[29.134395,-2.819129],[29.1378,-2.804142],[29.156114,-2.799608],[29.158925,-2.793858],[29.171445,-2.792959],[29.174367,-2.79653],[29.198993,-2.790916],[29.212901,-2.781631],[29.216819,-2.776736]]]},"properties":{"shapeName":"Mugina","shapeISO":"","shapeID":"21766830B421358417112","shapeGroup":"BDI","shapeType":"ADM2"}},
{"type":"Feature","geometry":{"type":"Polygon","coordinates":[[[29.212901,-2.781631],[29.198993,-2.790916],[29.174367,-2.79653],[29.171445,-2.792959],[29.158925,-2.793858],[29.156114,-2.799608],[29.1378,-2.804142],[29.134395,-2.819129],[29.120479,-2.791192],[29.102937,-2.781121],[29.093732,-2.753469],[29.082183,-2.762212],[29.078521,-2.744858],[29.066203,-2.745362],[29.054662,-2.735513],[29.056632,-2.727762],[29.045468,-2.722554],[29.040763,-2.72677],[29.038238,-2.760035],[29.026746,-2.759902],[29.00249,-2.781261],[29.001748,-2.810211],[29.010593,-2.819719],[29.022668,-2.821557],[29.027805,-2.82659],[29.050557,-2.82009],[29.060201,-2.834662],[29.061096,-2.84279],[29.069337,-2.849757],[29.066122,-2.85422],[29.070786,-2.857726],[29.069835,-2.864284],[29.075902,-2.863828],[29.086407,-2.873346],[29.090483,-2.871114],[29.093336,-2.876078],[29.089261,-2.901488],[29.09714,-2.920751],[29.105018,-2.925304],[29.110361,-2.922663],[29.131914,-2.934458],[29.138322,-2.929899],[29.139531,-2.92363],[29.127366,-2.883045],[29.13236,-2.87445],[29.143667,-2.874095],[29.148975,-2.855555],[29.15389,-2.855799],[29.158641,-2.846885],[29.157558,-2.842598],[29.168851,-2.83828],[29.16846,-2.832742],[29.187988,-2.814338],[29.189094,-2.806293],[29.202674,-2.801851],[29.215516,-2.791254],[29.212901,-2.781631]]]},"properties":{"shapeName":"Rugombo","shapeISO":"","shapeID":"21766830B51540876931984","shapeGroup":"BDI","shapeType":"ADM2"}},
{"type":"Feature","geometry":{"type":"Polygon","coordinates":[[[29.143667,-2.874095],[29.13236,-2.87445],[29.127366,-2.883045],[29.139531,-2.92363],[29.138322,-2.929899],[29.131914,-2.934458],[29.142963,-2.946844],[29.153604,-2.946844],[29.16823,-2.959731],[29.166192,-2.971162],[29.171818,-2.982252],[29.165841,-2.991631],[29.168241,-2.996548],[29.177704,-2.992268],[29.185492,-3.0006],[29.185448,-3.009113],[29.193327,-3.009022],[29.203424,-3.022771],[29.22534,-3.020631],[29.229415,-3.026459],[29.236479,-3.025594],[29.23186,-3.032787],[29.241686,-3.036703],[29.240101,-3.041665],[29.2545,-3.052409],[29.252191,-3.055368],[29.255089,-3.058919],[29.250244,-3.062835],[29.259662,-3.068161],[29.255677,-3.074216],[29.257625,-3.077904],[29.253459,-3.078041],[29.257217,-3.088148],[29.252191,-3.089741],[29.254138,-3.094794],[29.246893,-3.095796],[29.257806,-3.101896],[29.273725,-3.10391],[29.2784,-3.099062],[29.288501,-3.10074],[29.295528,-3.096719],[29.292032,-3.075326],[29.29502,-3.064929],[29.298545,-3.065001],[29.289779,-3.049675],[29.288844,-3.032263],[29.30293,-3.01913],[29.302528,-3.008785],[29.293744,-3.009779],[29.300697,-2.994566],[29.288204,-2.987824],[29.278236,-2.990437],[29.272626,-2.983326],[29.259591,-2.981854],[29.262138,-2.975326],[29.258987,-2.964309],[29.264116,-2.957737],[29.261377,-2.948874],[29.247966,-2.948575],[29.241956,-2.954333],[29.233711,-2.954546],[29.239627,-2.941894],[29.227905,-2.937304],[29.233602,-2.931026],[29.232322,-2.92273],[29.215478,-2.931546],[29.200517,-2.92714],[29.180339,-2.911243],[29.153945,-2.91764],[29.153627,-2.899482],[29.14097,-2.894182],[29.142644,-2.890681],[29.136291,-2.886498],[29.143667,-2.874095]]]},"properties":{"shapeName":"Buganda","shapeISO":"","shapeID":"21766830B2147150443328","shapeGroup":"BDI","shapeType":"ADM2"}},
{"type":"Feature","geometry":{"type":"Polygon","coordinates":[[[29.385703,-3.162894],[29.356586,-3.159929],[29.341651,-3.116107],[29.330076,-3.116143],[29.333894,-3.109791],[29.319454,-3.097122],[29.295528,-3.096719],[29.288501,-3.10074],[29.2784,-3.099062],[29.273725,-3.10391],[29.257806,-3.101896],[29.252961,-3.101578],[29.250968,-3.107588],[29.261111,-3.114917],[29.256764,-3.116147],[29.252915,-3.12466],[29.247074,-3.123385],[29.249836,-3.129349],[29.245761,-3.127892],[29.239875,-3.148698],[29.228509,-3.159487],[29.232902,-3.166908],[29.224661,-3.180385],[29.231634,-3.184391],[29.225385,-3.187122],[29.222623,-3.197867],[29.234758,-3.213163],[29.227151,-3.223179],[29.226381,-3.233286],[29.231272,-3.243439],[29.231789,-3.259087],[29.240157,-3.26907],[29.249866,-3.269789],[29.249322,-3.277566],[29.260774,-3.292],[29.263017,-3.304364],[29.279222,-3.31922],[29.293456,-3.293868],[29.30977,-3.287473],[29.321811,-3.276874],[29.329433,-3.276654],[29.345695,-3.264441],[29.348874,-3.253135],[29.343906,-3.243217],[29.350087,-3.240346],[29.358125,-3.224277],[29.362569,-3.222626],[29.359857,-3.200949],[29.366245,-3.194294],[29.37351,-3.173023],[29.385703,-3.162894]]]},"properties":{"shapeName":"Gihanga","shapeISO":"","shapeID":"21766830B78591112120307","shapeGroup":"BDI","shapeType":"ADM2"}},
{"type":"Feature","geometry":{"type":"Polygon","coordinates":[[[29.345695,-3.264441],[29.329433,-3.276654],[29.321811,-3.276874],[29.30977,-3.287473],[29.293456,-3.293868],[29.279222,-3.31922],[29.263017,-3.304364],[29.260774,-3.292],[29.249322,-3.277566],[29.249866,-3.269789],[29.240157,-3.26907],[29.237076,-3.271972],[29.238885,-3.277332],[29.227913,-3.284243],[29.226795,-3.291534],[29.211822,-3.297254],[29.212009,-3.311438],[29.219158,-3.329972],[29.21165,-3.338706],[29.214133,-3.34525],[29.222044,-3.342218],[29.234562,-3.348343],[29.235457,-3.343223],[29.257603,-3.342715],[29.260038,-3.347587],[29.255425,-3.352492],[29.225317,-3.353708],[29.26941,-3.35567],[29.281515,-3.359516],[29.282105,-3.35651],[29.283617,-3.359957],[29.288099,-3.352415],[29.285258,-3.349248],[29.289462,-3.351263],[29.290995,-3.34817],[29.287944,-3.345674],[29.317136,-3.348335],[29.310964,-3.305012],[29.322887,-3.303247],[29.330377,-3.324048],[29.342473,-3.308095],[29.346366,-3.30809],[29.380628,-3.314513],[29.392814,-3.312221],[29.425697,-3.324676],[29.433854,-3.308737],[29.434587,-3.298517],[29.444312,-3.296565],[29.430799,-3.292588],[29.435401,-3.28229],[29.42772,-3.26579],[29.416541,-3.271493],[29.41475,-3.255562],[29.345695,-3.264441]]]},"properties":{"shapeName":"Mutimbuzi","shapeISO":"","shapeID":"21766830B6345718789328","shapeGroup":"BDI","shapeType":"ADM2"}},
{"type":"Feature","geometry":{"type":"Polygon","coordinates":[[[29.536874,-4.19135],[29.547187,-4.195752],[29.545235,-4.218955],[29.549775,-4.226658],[29.546169,-4.237826],[29.5572,-4.246647],[29.558248,-4.255347],[29.566541,-4.262104],[29.564606,-4.286283],[29.571885,-4.303603],[29.584994,-4.315938],[29.583407,-4.32643],[29.595747,-4.343092],[29.594981,-4.349256],[29.634183,-4.367505],[29.66182,-4.393364],[29.667463,-4.414473],[29.662885,-4.426885],[29.666265,-4.441175],[29.661887,-4.447993],[29.690966,-4.450506],[29.707078,-4.462447],[29.717679,-4.455316],[29.720501,-4.459835],[29.734578,-4.443247],[29.73623,-4.43112],[29.709274,-4.410955],[29.719623,-4.390497],[29.731208,-4.343714],[29.734762,-4.294654],[29.731002,-4.285667],[29.714965,-4.287356],[29.716394,-4.246331],[29.694803,-4.262316],[29.683692,-4.231787],[29.671436,-4.234407],[29.655341,-4.213946],[29.647142,-4.195853],[29.626186,-4.18486],[29.615428,-4.191621],[29.607152,-4.203869],[29.590301,-4.210367],[29.578803,-4.185794],[29.577892,-4.172628],[29.568944,-4.161577],[29.556764,-4.156426],[29.540359,-4.165941],[29.536874,-4.19135]]]},"properties":{"shapeName":"Nyanza-Lac","shapeISO":"","shapeID":"21766830B74257208244788","shapeGroup":"BDI","shapeType":"ADM2"}},
{"type":"Feature","geometry":{"type":"Polygon","coordinates":[[[29.716394,-4.246331],[29.714965,-4.287356],[29.731002,-4.285667],[29.734762,-4.294654],[29.731208,-4.343714],[29.719623,-4.390497],[29.709274,-4.410955],[29.73623,-4.43112],[29.734578,-4.443247],[29.720501,-4.459835],[29.728533,-4.461772],[29.735684,-4.455696],[29.742878,-4.458017],[29.74414,-4.466414],[29.749273,-4.469326],[29.761178,-4.466625],[29.769297,-4.455949],[29.763825,-4.449504],[29.765262,-4.427567],[29.775225,-4.412744],[29.783195,-4.414417],[29.795859,-4.402246],[29.814067,-4.364898],[29.807277,-4.356052],[29.802858,-4.33878],[29.794217,-4.336713],[29.801473,-4.329004],[29.813255,-4.300997],[29.81163,-4.291796],[29.816007,-4.280008],[29.830301,-4.283435],[29.833282,-4.278648],[29.832143,-4.261499],[29.840562,-4.25052],[29.847123,-4.252441],[29.850982,-4.248235],[29.851558,-4.24071],[29.834848,-4.227484],[29.842275,-4.210758],[29.830207,-4.201008],[29.820365,-4.201556],[29.806964,-4.2102],[29.800405,-4.220997],[29.78288,-4.21935],[29.779914,-4.211433],[29.768909,-4.207495],[29.768602,-4.20138],[29.765579,-4.202245],[29.764703,-4.186912],[29.746002,-4.181823],[29.732902,-4.173269],[29.736411,-4.183129],[29.726926,-4.182966],[29.719947,-4.193763],[29.723609,-4.207175],[29.718879,-4.209615],[29.718383,-4.21868],[29.722532,-4.220331],[29.72256,-4.22499],[29.716394,-4.246331]]]},"properties":{"shapeName":"Mabanda","shapeISO":"","shapeID":"21766830B71257741300393","shapeGroup":"BDI","shapeType":"ADM2"}},
{"type":"Feature","geometry":{"type":"Polygon","coordinates":[[[30.056955,-3.959476],[30.062091,-3.967082],[30.072959,-3.967844],[30.073846,-3.97757],[30.084121,-3.998173],[30.096353,-4.002785],[30.110635,-4.004286],[30.112575,-4.000138],[30.125589,-3.997098],[30.149013,-4.005235],[30.163057,-4.003278],[30.184104,-3.991368],[30.185161,-3.997591],[30.200204,-3.991622],[30.215017,-3.991449],[30.227303,-3.974398],[30.229782,-3.953545],[30.233408,-3.952425],[30.234896,-3.943213],[30.231982,-3.941065],[30.241156,-3.929175],[30.240133,-3.923635],[30.250112,-3.918842],[30.259949,-3.89232],[30.25656,-3.883886],[30.261537,-3.88417],[30.260372,-3.880413],[30.265385,-3.880696],[30.268491,-3.875594],[30.279151,-3.874318],[30.290199,-3.860356],[30.29207,-3.86273],[30.298529,-3.857485],[30.298565,-3.851674],[30.308837,-3.845295],[30.312014,-3.838739],[30.30866,-3.832573],[30.315155,-3.829384],[30.317238,-3.818823],[30.323239,-3.816272],[30.324933,-3.810106],[30.321191,-3.809149],[30.32638,-3.803124],[30.324509,-3.795009],[30.330192,-3.785122],[30.335805,-3.784626],[30.336158,-3.780692],[30.347489,-3.774173],[30.355537,-3.775626],[30.359456,-3.781437],[30.366974,-3.77559],[30.375905,-3.775732],[30.385859,-3.780091],[30.385541,-3.788135],[30.391401,-3.792316],[30.396131,-3.790934],[30.3968,-3.797723],[30.404668,-3.79366],[30.410375,-3.784392],[30.410569,-3.766468],[30.404529,-3.761374],[30.398323,-3.731094],[30.389906,-3.724757],[30.373058,-3.715127],[30.356508,-3.727752],[30.350221,-3.722569],[30.325973,-3.716563],[30.31648,-3.691256],[30.30529,-3.690377],[30.29387,-3.682498],[30.286529,-3.683196],[30.279506,-3.693304],[30.260801,-3.671015],[30.25817,-3.661418],[30.24463,-3.652246],[30.241643,-3.657532],[30.237703,-3.654707],[30.229463,-3.660805],[30.214698,-3.726242],[30.206252,-3.734591],[30.197904,-3.765476],[30.185079,-3.778065],[30.186124,-3.786855],[30.177936,-3.810473],[30.180417,-3.838784],[30.173658,-3.849051],[30.174318,-3.859704],[30.168609,-3.871413],[30.152231,-3.88499],[30.143684,-3.900661],[30.115453,-3.934237],[30.056869,-3.950969],[30.059703,-3.95436],[30.056955,-3.959476]]]},"properties":{"shapeName":"Giharo","shapeISO":"","shapeID":"21766830B38172137244003","shapeGroup":"BDI","shapeType":"ADM2"}},
{"type":"Feature","geometry":{"type":"Polygon","coordinates":[[[30.286529,-3.683196],[30.29387,-3.682498],[30.30529,-3.690377],[30.31648,-3.691256],[30.325973,-3.716563],[30.350221,-3.722569],[30.356508,-3.727752],[30.373058,-3.715127],[30.389906,-3.724757],[30.392034,-3.716175],[30.38702,-3.71431],[30.392007,-3.708717],[30.390483,-3.70546],[30.397575,-3.705043],[30.403532,-3.688594],[30.40899,-3.688232],[30.405582,-3.679771],[30.411926,-3.677266],[30.408463,-3.671143],[30.415971,-3.666272],[30.416027,-3.654277],[30.420321,-3.653943],[30.422232,-3.641251],[30.428105,-3.641669],[30.433037,-3.63293],[30.4301,-3.624636],[30.443675,-3.61971],[30.447221,-3.612111],[30.451266,-3.613141],[30.451654,-3.608243],[30.457084,-3.60635],[30.458026,-3.593408],[30.450823,-3.591627],[30.457195,-3.583444],[30.45653,-3.575568],[30.449077,-3.576041],[30.446058,-3.568081],[30.431539,-3.562648],[30.420055,-3.562969],[30.413944,-3.565603],[30.405792,-3.577914],[30.397981,-3.577868],[30.392249,-3.561172],[30.392598,-3.547739],[30.375078,-3.523623],[30.37528,-3.507909],[30.360841,-3.496403],[30.356298,-3.514899],[30.351707,-3.519223],[30.355207,-3.528661],[30.342725,-3.533066],[30.326959,-3.54563],[30.328683,-3.552979],[30.344236,-3.568337],[30.345687,-3.578167],[30.334634,-3.57161],[30.32129,-3.570437],[30.289241,-3.589134],[30.295205,-3.629374],[30.286529,-3.683196]]]},"properties":{"shapeName":"Kinyinya","shapeISO":"","shapeID":"21766830B54937037916307","shapeGroup":"BDI","shapeType":"ADM2"}},
{"type":"Feature","geometry":{"type":"Polygon","coordinates":[[[30.360841,-3.496403],[30.37528,-3.507909],[30.375078,-3.523623],[30.392598,-3.547739],[30.392249,-3.561172],[30.397981,-3.577868],[30.405792,-3.577914],[30.413944,-3.565603],[30.420055,-3.562969],[30.431539,-3.562648],[30.446058,-3.568081],[30.46148,-3.556486],[30.471589,-3.539981],[30.489099,-3.528053],[30.492146,-3.520587],[30.500318,-3.517182],[30.509911,-3.522103],[30.511074,-3.530617],[30.514389,-3.529886],[30.535296,-3.503739],[30.563953,-3.494593],[30.604338,-3.469045],[30.618575,-3.465977],[30.661391,-3.431207],[30.672517,-3.417557],[30.678121,-3.397302],[30.665341,-3.386186],[30.647114,-3.383799],[30.646021,-3.373568],[30.635862,-3.361776],[30.603172,-3.375474],[30.57731,-3.396795],[30.576827,-3.374609],[30.557281,-3.367676],[30.547893,-3.349262],[30.530395,-3.345025],[30.520034,-3.347991],[30.520717,-3.326906],[30.508106,-3.323255],[30.488523,-3.333236],[30.469938,-3.350199],[30.465701,-3.364846],[30.456239,-3.377198],[30.436002,-3.390641],[30.41975,-3.390012],[30.409925,-3.394202],[30.406783,-3.406316],[30.393478,-3.405128],[30.386604,-3.421417],[30.370164,-3.434879],[30.362533,-3.451452],[30.342149,-3.46135],[30.362937,-3.480593],[30.360841,-3.496403]]]},"properties":{"shapeName":"Gisuru","shapeISO":"","shapeID":"21766830B39450952647031","shapeGroup":"BDI","shapeType":"ADM2"}},
{"type":"Feature","geometry":{"type":"Polygon","coordinates":[[[30.520717,-3.326906],[30.520034,-3.347991],[30.530395,-3.345025],[30.547893,-3.349262],[30.557281,-3.367676],[30.576827,-3.374609],[30.57731,-3.396795],[30.603172,-3.375474],[30.635862,-3.361776],[30.638639,-3.35224],[30.661064,-3.332697],[30.666754,-3.321032],[30.666698,-3.310756],[30.682071,-3.291158],[30.687623,-3.257442],[30.672332,-3.254025],[30.661334,-3.256233],[30.657926,-3.252191],[30.659694,-3.238497],[30.654565,-3.230171],[30.629213,-3.244411],[30.627231,-3.254756],[30.61633,-3.254085],[30.602109,-3.262296],[30.590249,-3.257987],[30.57706,-3.271657],[30.539518,-3.286521],[30.543285,-3.297833],[30.538402,-3.301018],[30.536954,-3.314238],[30.542537,-3.317625],[30.533565,-3.317827],[30.520717,-3.326906]]]},"properties":{"shapeName":"Cendajuru","shapeISO":"","shapeID":"21766830B5675183686685","shapeGroup":"BDI","shapeType":"ADM2"}},
{"type":"Feature","geometry":{"type":"Polygon","coordinates":[[[30.629213,-3.244411],[30.654565,-3.230171],[30.659694,-3.238497],[30.657926,-3.252191],[30.661334,-3.256233],[30.672332,-3.254025],[30.687623,-3.257442],[30.682071,-3.291158],[30.666698,-3.310756],[30.666754,-3.321032],[30.685481,-3.317655],[30.72123,-3.302282],[30.730184,-3.28699],[30.730328,-3.274468],[30.739978,-3.267767],[30.744474,-3.26893],[30.747584,-3.286693],[30.75771,-3.292587],[30.779714,-3.282205],[30.798101,-3.27925],[30.802706,-3.273461],[30.827635,-3.264643],[30.843572,-3.253899],[30.826317,-3.246552],[30.813667,-3.224097],[30.821269,-3.213538],[30.848867,-3.207049],[30.838886,-3.192711],[30.84634,-3.16275],[30.83464,-3.143206],[30.822139,-3.150418],[30.818191,-3.146816],[30.830764,-3.129084],[30.834637,-3.114741],[30.833081,-3.103742],[30.832492,-3.100879],[30.812175,-3.115763],[30.805864,-3.126529],[30.791524,-3.138026],[30.773702,-3.146266],[30.758651,-3.145149],[30.740407,-3.161083],[30.722772,-3.163279],[30.724363,-3.17185],[30.716277,-3.173878],[30.704458,-3.173578],[30.697492,-3.157655],[30.682514,-3.144927],[30.663631,-3.143038],[30.66607,-3.148731],[30.662494,-3.153868],[30.651357,-3.160063],[30.639541,-3.158092],[30.633834,-3.160948],[30.632146,-3.166456],[30.635829,-3.173389],[30.616866,-3.192301],[30.617723,-3.199554],[30.6093,-3.206769],[30.612016,-3.21101],[30.621902,-3.2089],[30.625272,-3.2119],[30.622041,-3.231617],[30.629213,-3.244411]]]},"properties":{"shapeName":"Gisagara","shapeISO":"","shapeID":"21766830B1729082638594","shapeGroup":"BDI","shapeType":"ADM2"}},
{"type":"Feature","geometry":{"type":"Polygon","coordinates":[[[30.663631,-3.143038],[30.682514,-3.144927],[30.697492,-3.157655],[30.704458,-3.173578],[30.716277,-3.173878],[30.724363,-3.17185],[30.722772,-3.163279],[30.740407,-3.161083],[30.758651,-3.145149],[30.773702,-3.146266],[30.791524,-3.138026],[30.805864,-3.126529],[30.812175,-3.115763],[30.832492,-3.100879],[30.833081,-3.103742],[30.837157,-3.096685],[30.834524,-3.088677],[30.830137,-3.083965],[30.814345,-3.081204],[30.795261,-3.054237],[30.815255,-3.042873],[30.817337,-3.028112],[30.850504,-2.979013],[30.838303,-2.975379],[30.814237,-2.981249],[30.806062,-2.987761],[30.747793,-2.997208],[30.738432,-2.990742],[30.72665,-2.989871],[30.704959,-2.9696],[30.693542,-2.973086],[30.669067,-2.992891],[30.671855,-2.995271],[30.668002,-3.002999],[30.642822,-3.013593],[30.604387,-3.054755],[30.639613,-3.075026],[30.624379,-3.097454],[30.62437,-3.110795],[30.636131,-3.110642],[30.642572,-3.122278],[30.652782,-3.126491],[30.662542,-3.1241],[30.66806,-3.130357],[30.663631,-3.143038]]]},"properties":{"shapeName":"Mishiha","shapeISO":"","shapeID":"21766830B80223800900582","shapeGroup":"BDI","shapeType":"ADM2"}},
{"type":"Feature","geometry":{"type":"Polygon","coordinates":[[[30.62437,-3.110795],[30.624379,-3.097454],[30.639613,-3.075026],[30.604387,-3.054755],[30.642822,-3.013593],[30.668002,-3.002999],[30.671855,-2.995271],[30.669067,-2.992891],[30.646186,-2.968638],[30.647419,-2.953229],[30.619883,-2.926401],[30.606275,-2.920806],[30.600064,-2.922457],[30.596137,-2.913743],[30.589196,-2.912734],[30.587187,-2.905397],[30.581296,-2.9037],[30.577095,-2.89329],[30.564762,-2.894917],[30.565396,-2.899865],[30.539492,-2.932666],[30.531819,-2.930404],[30.522809,-2.941644],[30.505562,-2.952954],[30.48719,-2.948289],[30.48883,-2.951302],[30.480745,-2.954824],[30.485608,-2.963707],[30.474157,-2.969306],[30.473245,-2.984014],[30.459478,-2.992145],[30.445907,-2.986921],[30.446143,-3.001678],[30.441734,-3.004154],[30.439933,-3.00016],[30.430135,-3.005971],[30.429239,-3.017936],[30.424659,-3.017478],[30.418441,-3.026057],[30.422897,-3.036881],[30.42164,-3.056755],[30.410882,-3.056567],[30.405036,-3.061507],[30.407243,-3.068424],[30.399558,-3.068265],[30.394922,-3.071717],[30.400834,-3.095587],[30.405471,-3.099201],[30.417043,-3.098295],[30.429706,-3.11094],[30.429492,-3.127661],[30.422395,-3.137423],[30.415208,-3.142221],[30.403913,-3.142878],[30.382074,-3.16203],[30.400972,-3.171603],[30.411012,-3.162682],[30.421907,-3.163502],[30.433557,-3.180598],[30.43847,-3.174659],[30.458507,-3.1666],[30.467088,-3.154859],[30.464862,-3.147836],[30.477649,-3.142823],[30.484979,-3.129622],[30.505615,-3.121521],[30.51357,-3.125772],[30.522552,-3.121691],[30.529477,-3.12903],[30.553848,-3.136014],[30.585021,-3.160481],[30.601091,-3.159949],[30.604808,-3.141536],[30.62437,-3.110795]]]},"properties":{"shapeName":"Kigamba","shapeISO":"","shapeID":"21766830B44986812705529","shapeGroup":"BDI","shapeType":"ADM2"}},
{"type":"Feature","geometry":{"type":"Polygon","coordinates":[[[30.276033,-2.975971],[30.277744,-3.006485],[30.274595,-3.024364],[30.286027,-3.021723],[30.320712,-3.0255],[30.316327,-3.042865],[30.327236,-3.053436],[30.330446,-3.071301],[30.346801,-3.07162],[30.360877,-3.065825],[30.383266,-3.038274],[30.388057,-3.038739],[30.391786,-3.061574],[30.399558,-3.068265],[30.407243,-3.068424],[30.405036,-3.061507],[30.410882,-3.056567],[30.42164,-3.056755],[30.422897,-3.036881],[30.418441,-3.026057],[30.424659,-3.017478],[30.429239,-3.017936],[30.430135,-3.005971],[30.439933,-3.00016],[30.441734,-3.004154],[30.446143,-3.001678],[30.445907,-2.986921],[30.459478,-2.992145],[30.473245,-2.984014],[30.474157,-2.969306],[30.485608,-2.963707],[30.480745,-2.954824],[30.48883,-2.951302],[30.48719,-2.948289],[30.481981,-2.944047],[30.47994,-2.934716],[30.471816,-2.926659],[30.468329,-2.927585],[30.469375,-2.92423],[30.458316,-2.922002],[30.464568,-2.919924],[30.458042,-2.909583],[30.450595,-2.913389],[30.438397,-2.903608],[30.435464,-2.90768],[30.417278,-2.908191],[30.397416,-2.895093],[30.380626,-2.896676],[30.358987,-2.915868],[30.352723,-2.929348],[30.340743,-2.928071],[30.325374,-2.933522],[30.322904,-2.954222],[30.300203,-2.942081],[30.292568,-2.94644],[30.292823,-2.954201],[30.287471,-2.962393],[30.279226,-2.963352],[30.276033,-2.975971]]]},"properties":{"shapeName":"Buhinyuza","shapeISO":"","shapeID":"21766830B3809417619483","shapeGroup":"BDI","shapeType":"ADM2"}},
{"type":"Feature","geometry":{"type":"Polygon","coordinates":[[[30.279226,-2.963352],[30.287471,-2.962393],[30.292823,-2.954201],[30.292568,-2.94644],[30.300203,-2.942081],[30.322904,-2.954222],[30.325374,-2.933522],[30.340743,-2.928071],[30.352723,-2.929348],[30.358987,-2.915868],[30.380626,-2.896676],[30.397416,-2.895093],[30.417278,-2.908191],[30.435464,-2.90768],[30.438397,-2.903608],[30.435077,-2.874656],[30.426085,-2.869048],[30.41809,-2.874306],[30.412386,-2.864942],[30.415947,-2.864166],[30.415823,-2.859734],[30.406183,-2.860835],[30.416271,-2.851421],[30.415375,-2.84341],[30.422473,-2.840155],[30.421701,-2.832544],[30.426035,-2.831667],[30.427928,-2.819549],[30.423868,-2.818022],[30.428377,-2.811237],[30.432835,-2.812814],[30.435974,-2.803775],[30.433533,-2.801597],[30.438639,-2.803801],[30.442724,-2.794387],[30.445688,-2.782143],[30.443122,-2.777862],[30.447922,-2.768616],[30.437047,-2.756699],[30.442529,-2.752964],[30.440696,-2.745742],[30.464451,-2.735754],[30.462718,-2.725308],[30.466685,-2.724484],[30.466366,-2.719765],[30.477263,-2.715916],[30.484057,-2.722972],[30.498054,-2.712114],[30.504802,-2.697728],[30.508769,-2.699789],[30.51,-2.693238],[30.51725,-2.692871],[30.522402,-2.687923],[30.521354,-2.682334],[30.525594,-2.680959],[30.530062,-2.663779],[30.527822,-2.653022],[30.511534,-2.656389],[30.503906,-2.66509],[30.459116,-2.691141],[30.443447,-2.677986],[30.431025,-2.678918],[30.420716,-2.664986],[30.411254,-2.666353],[30.399782,-2.674757],[30.374557,-2.728622],[30.348903,-2.76683],[30.343366,-2.781431],[30.323007,-2.78701],[30.315385,-2.79352],[30.312837,-2.802931],[30.320716,-2.813417],[30.311483,-2.824028],[30.303781,-2.843121],[30.298751,-2.86132],[30.302356,-2.877605],[30.27091,-2.895788],[30.276298,-2.905261],[30.283592,-2.90624],[30.273856,-2.916827],[30.248597,-2.925296],[30.271724,-2.947773],[30.279226,-2.963352]]]},"properties":{"shapeName":"Muyinga","shapeISO":"","shapeID":"21766830B41528201457160","shapeGroup":"BDI","shapeType":"ADM2"}},
{"type":"Feature","geometry":{"type":"Polygon","coordinates":[[[30.312837,-2.802931],[30.315385,-2.79352],[30.323007,-2.78701],[30.343366,-2.781431],[30.348903,-2.76683],[30.374557,-2.728622],[30.399782,-2.674757],[30.411254,-2.666353],[30.420716,-2.664986],[30.422469,-2.654835],[30.434031,-2.64061],[30.402631,-2.620832],[30.394964,-2.612117],[30.396327,-2.598166],[30.358573,-2.598979],[30.346946,-2.613364],[30.340566,-2.62971],[30.321813,-2.632884],[30.31319,-2.650003],[30.290729,-2.670762],[30.27855,-2.689919],[30.271341,-2.692925],[30.265886,-2.685113],[30.261232,-2.71704],[30.255777,-2.724417],[30.239616,-2.731252],[30.236522,-2.752023],[30.227472,-2.749285],[30.209123,-2.762918],[30.203924,-2.783129],[30.227903,-2.783932],[30.225837,-2.799485],[30.236455,-2.805295],[30.249782,-2.788187],[30.271804,-2.772475],[30.272643,-2.78281],[30.259506,-2.796881],[30.26122,-2.807704],[30.274856,-2.815887],[30.282316,-2.812509],[30.294135,-2.820977],[30.301599,-2.807878],[30.308744,-2.813447],[30.312837,-2.802931]]]},"properties":{"shapeName":"Butihinda","shapeISO":"","shapeID":"21766830B20307269846045","shapeGroup":"BDI","shapeType":"ADM2"}},
{"type":"Feature","geometry":{"type":"Polygon","coordinates":[[[30.396327,-2.598166],[30.394964,-2.612117],[30.402631,-2.620832],[30.434031,-2.64061],[30.457724,-2.596154],[30.484784,-2.557103],[30.483289,-2.528877],[30.485764,-2.524319],[30.49633,-2.523283],[30.496278,-2.518415],[30.507153,-2.505259],[30.515503,-2.478225],[30.519833,-2.474444],[30.524368,-2.447667],[30.536327,-2.433942],[30.543543,-2.413155],[30.53481,-2.404412],[30.510735,-2.400061],[30.508926,-2.389063],[30.490712,-2.37676],[30.48607,-2.365405],[30.471869,-2.365959],[30.470846,-2.35148],[30.459124,-2.344121],[30.463844,-2.324855],[30.458769,-2.317892],[30.442798,-2.321413],[30.437684,-2.329009],[30.422303,-2.325567],[30.409518,-2.309347],[30.391187,-2.312828],[30.379582,-2.326042],[30.372354,-2.354991],[30.374669,-2.38726],[30.38426,-2.404295],[30.384706,-2.412859],[30.391317,-2.419313],[30.396688,-2.441406],[30.409896,-2.453661],[30.416423,-2.46647],[30.415059,-2.480783],[30.398113,-2.497721],[30.400419,-2.512234],[30.41793,-2.529485],[30.408941,-2.543349],[30.40952,-2.570363],[30.396327,-2.598166]]]},"properties":{"shapeName":"Giteranyi","shapeISO":"","shapeID":"21766830B83765633898760","shapeGroup":"BDI","shapeType":"ADM2"}},
{"type":"Feature","geometry":{"type":"Polygon","coordinates":[[[30.190423,-2.621762],[30.212455,-2.607703],[30.218267,-2.611074],[30.249828,-2.586766],[30.260925,-2.592577],[30.270299,-2.586823],[30.288846,-2.569716],[30.291425,-2.554626],[30.29775,-2.544209],[30.322458,-2.522732],[30.33452,-2.51808],[30.343402,-2.493814],[30.355392,-2.480871],[30.367502,-2.444078],[30.384706,-2.412859],[30.38426,-2.404295],[30.374669,-2.38726],[30.372354,-2.354991],[30.277879,-2.375106],[30.252962,-2.372565],[30.24476,-2.359892],[30.22647,-2.349049],[30.219188,-2.355577],[30.213047,-2.382113],[30.198959,-2.387152],[30.195803,-2.410843],[30.181868,-2.429318],[30.166565,-2.426388],[30.131702,-2.437785],[30.103113,-2.425459],[30.117139,-2.455313],[30.124311,-2.489743],[30.147899,-2.494668],[30.156244,-2.5021],[30.159854,-2.524282],[30.169107,-2.537915],[30.169689,-2.550749],[30.175401,-2.555875],[30.172866,-2.588968],[30.17674,-2.590441],[30.177089,-2.604599],[30.190454,-2.617701],[30.190423,-2.621762]]]},"properties":{"shapeName":"Busoni","shapeISO":"","shapeID":"21766830B78190696569930","shapeGroup":"BDI","shapeType":"ADM2"}},
{"type":"Feature","geometry":{"type":"Polygon","coordinates":[[[30.100733,-2.425],[30.063895,-2.393902],[30.050449,-2.367342],[30.030888,-2.348346],[30.017378,-2.343259],[29.99785,-2.343871],[29.958377,-2.327129],[29.954971,-2.33087],[29.956116,-2.349142],[29.943672,-2.363505],[29.942829,-2.37008],[29.951687,-2.383413],[29.961449,-2.414563],[29.961932,-2.436138],[29.969796,-2.461258],[29.967114,-2.479533],[29.98282,-2.487246],[30.008563,-2.52036],[30.028531,-2.532486],[30.042898,-2.537766],[30.048454,-2.53561],[30.049169,-2.521177],[30.054811,-2.516226],[30.050727,-2.501385],[30.053798,-2.499311],[30.061483,-2.50864],[30.068378,-2.510731],[30.080425,-2.499342],[30.082246,-2.482358],[30.100733,-2.425]]]},"properties":{"shapeName":"Bugabira","shapeISO":"","shapeID":"21766830B53810177315638","shapeGroup":"BDI","shapeType":"ADM2"}},
{"type":"Feature","geometry":{"type":"Polygon","coordinates":[[[29.910465,-4.097801],[29.906179,-4.100704],[29.904889,-4.109205],[29.921327,-4.12871],[29.916717,-4.15185],[29.904575,-4.154605],[29.892211,-4.172269],[29.89377,-4.197563],[29.900688,-4.196323],[29.907367,-4.199874],[29.909196,-4.208915],[29.916576,-4.208965],[29.925956,-4.216831],[29.942304,-4.222531],[29.946002,-4.228534],[29.94321,-4.242656],[29.949128,-4.244633],[29.949727,-4.254432],[29.954065,-4.25857],[29.978711,-4.252536],[29.987272,-4.259702],[29.981363,-4.264434],[29.989681,-4.2653],[29.988757,-4.275275],[29.99269,-4.280523],[30.003706,-4.280958],[30.013407,-4.285195],[30.015762,-4.277794],[30.020213,-4.276056],[30.024949,-4.28127],[30.031051,-4.273055],[30.03649,-4.277632],[30.043811,-4.275174],[30.047315,-4.259966],[30.043716,-4.256744],[30.050481,-4.26003],[30.054039,-4.257233],[30.051671,-4.244292],[30.047058,-4.243694],[30.054743,-4.241902],[30.056773,-4.230455],[30.052849,-4.223068],[30.057179,-4.221832],[30.06297,-4.201111],[30.070777,-4.196046],[30.075157,-4.172473],[30.085546,-4.160552],[30.094658,-4.159526],[30.103719,-4.151964],[30.108654,-4.153169],[30.116905,-4.139327],[30.123688,-4.140942],[30.123586,-4.135917],[30.133344,-4.134688],[30.149441,-4.119231],[30.158805,-4.115386],[30.166955,-4.100287],[30.180202,-4.08854],[30.176654,-4.085017],[30.183751,-4.078043],[30.190779,-4.051884],[30.176349,-4.060787],[30.156425,-4.040571],[30.146356,-4.040056],[30.105478,-4.070499],[30.071182,-4.061658],[30.045673,-4.064501],[30.040487,-4.057966],[30.016538,-4.065508],[30.015371,-4.070864],[30.00603,-4.078159],[29.997005,-4.07743],[29.995384,-4.084974],[29.986902,-4.089463],[29.979453,-4.086293],[29.974368,-4.091121],[29.970899,-4.086086],[29.959689,-4.095475],[29.946264,-4.097057],[29.94342,-4.084017],[29.937494,-4.080844],[29.934341,-4.085027],[29.916301,-4.086528],[29.917133,-4.091571],[29.910514,-4.091182],[29.910465,-4.097801]]]},"properties":{"shapeName":"Kayogoro","shapeISO":"","shapeID":"21766830B93103585159294","shapeGroup":"BDI","shapeType":"ADM2"}},
{"type":"Feature","geometry":{"type":"Polygon","coordinates":[[[29.968568,-3.987606],[29.968627,-3.99338],[29.946243,-4.015188],[29.944713,-4.036186],[29.983659,-4.067858],[30.016538,-4.065508],[30.040487,-4.057966],[30.045673,-4.064501],[30.071182,-4.061658],[30.105478,-4.070499],[30.146356,-4.040056],[30.156425,-4.040571],[30.176349,-4.060787],[30.190779,-4.051884],[30.196066,-4.046242],[30.204644,-4.048027],[30.203258,-4.045409],[30.21559,-4.035925],[30.217199,-4.027741],[30.222956,-4.026043],[30.224256,-4.018128],[30.229332,-4.015145],[30.230178,-4.010815],[30.219324,-4.005822],[30.215017,-3.991449],[30.200204,-3.991622],[30.185161,-3.997591],[30.184104,-3.991368],[30.163057,-4.003278],[30.149013,-4.005235],[30.125589,-3.997098],[30.112575,-4.000138],[30.110635,-4.004286],[30.096353,-4.002785],[30.084121,-3.998173],[30.073846,-3.97757],[30.072959,-3.967844],[30.062091,-3.967082],[30.056955,-3.959476],[30.046563,-3.965451],[30.050929,-3.974786],[30.043857,-3.983283],[30.037885,-3.983706],[30.033141,-3.978544],[30.008674,-3.981205],[30.002733,-3.986748],[29.968568,-3.987606]]]},"properties":{"shapeName":"Bukemba","shapeISO":"","shapeID":"21766830B33206260721673","shapeGroup":"BDI","shapeType":"ADM2"}},
{"type":"Feature","geometry":{"type":"Polygon","coordinates":[[[29.634595,-3.166511],[29.632913,-3.155698],[29.642167,-3.152591],[29.652675,-3.122365],[29.64779,-3.113035],[29.653425,-3.099309],[29.64779,-3.078947],[29.65141,-3.071264],[29.662408,-3.067141],[29.66069,-3.05278],[29.643483,-3.02472],[29.632917,-3.019712],[29.630563,-3.008272],[29.62317,-3.010978],[29.619289,-3.005284],[29.611249,-3.003353],[29.597404,-3.013354],[29.582456,-3.008786],[29.581413,-3.022043],[29.576797,-3.024406],[29.533786,-3.02877],[29.540813,-3.035702],[29.536554,-3.044529],[29.543227,-3.048739],[29.543727,-3.059282],[29.554426,-3.074914],[29.548154,-3.107506],[29.574655,-3.112005],[29.576885,-3.127439],[29.587026,-3.143049],[29.61444,-3.146378],[29.623922,-3.162085],[29.634595,-3.166511]]]},"properties":{"shapeName":"Matongo","shapeISO":"","shapeID":"21766830B70902227945627","shapeGroup":"BDI","shapeType":"ADM2"}},
{"type":"Feature","geometry":{"type":"Polygon","coordinates":[[[29.58249,-2.881607],[29.568193,-2.879818],[29.543319,-2.89658],[29.498557,-2.908062],[29.499088,-2.91502],[29.512721,-2.927088],[29.507156,-2.943721],[29.508636,-2.956671],[29.52251,-2.990171],[29.519937,-2.99631],[29.524846,-3.011605],[29.533786,-3.02877],[29.576797,-3.024406],[29.581413,-3.022043],[29.582456,-3.008786],[29.597404,-3.013354],[29.611249,-3.003353],[29.613502,-2.974731],[29.60161,-2.937259],[29.59175,-2.930928],[29.59613,-2.921011],[29.59278,-2.903259],[29.585613,-2.891516],[29.586536,-2.884264],[29.58249,-2.881607]]]},"properties":{"shapeName":"Muruta","shapeISO":"","shapeID":"21766830B99657937177591","shapeGroup":"BDI","shapeType":"ADM2"}},
{"type":"Feature","geometry":{"type":"Polygon","coordinates":[[[29.47474,-3.158083],[29.492202,-3.144244],[29.509433,-3.144835],[29.514676,-3.138813],[29.525516,-3.139323],[29.536319,-3.132678],[29.534452,-3.124805],[29.548154,-3.107506],[29.554426,-3.074914],[29.543727,-3.059282],[29.543227,-3.048739],[29.536554,-3.044529],[29.540813,-3.035702],[29.533786,-3.02877],[29.524846,-3.011605],[29.519937,-2.99631],[29.52251,-2.990171],[29.508636,-2.956671],[29.507156,-2.943721],[29.512721,-2.927088],[29.499088,-2.91502],[29.485196,-2.916441],[29.478179,-2.923697],[29.476608,-2.938844],[29.470298,-2.935853],[29.446815,-2.93731],[29.428392,-2.945312],[29.423162,-2.955344],[29.411647,-2.957835],[29.4092,-2.965971],[29.400794,-2.964201],[29.39507,-2.946739],[29.387618,-2.947089],[29.386386,-2.961653],[29.392305,-2.971739],[29.383939,-2.983629],[29.394655,-3.002394],[29.401153,-3.000299],[29.407001,-3.00771],[29.415353,-3.004651],[29.42036,-3.017293],[29.424596,-3.016653],[29.432338,-3.002707],[29.436326,-3.0049],[29.433296,-3.035816],[29.422618,-3.047452],[29.425664,-3.065701],[29.42974,-3.066443],[29.429267,-3.089884],[29.411767,-3.101805],[29.412675,-3.106852],[29.426549,-3.114887],[29.439779,-3.114363],[29.44485,-3.11744],[29.44585,-3.125045],[29.454276,-3.120713],[29.459001,-3.123724],[29.460773,-3.146946],[29.471509,-3.151037],[29.47474,-3.158083]]]},"properties":{"shapeName":"Musigati","shapeISO":"","shapeID":"21766830B9951429704486","shapeGroup":"BDI","shapeType":"ADM2"}},
{"type":"Feature","geometry":{"type":"Polygon","coordinates":[[[29.38408,-3.395717],[29.347666,-3.39736],[29.341295,-3.420953],[29.346767,-3.430734],[29.342857,-3.438731],[29.343905,-3.457037],[29.338447,-3.469483],[29.33112,-3.472679],[29.334613,-3.484001],[29.350295,-3.483017],[29.364522,-3.476316],[29.375335,-3.478704],[29.370809,-3.46488],[29.375215,-3.451324],[29.369766,-3.445447],[29.373374,-3.425041],[29.385558,-3.427501],[29.397378,-3.422478],[29.382251,-3.4191],[29.381976,-3.409579],[29.387109,-3.408572],[29.382678,-3.401494],[29.38408,-3.395717]]]},"properties":{"shapeName":"Muha","shapeISO":"","shapeID":"21766830B84199363749171","shapeGroup":"BDI","shapeType":"ADM2"}},
{"type":"Feature","geometry":{"type":"Polygon","coordinates":[[[29.400766,-3.378885],[29.391601,-3.379474],[29.364805,-3.364913],[29.352308,-3.372863],[29.342321,-3.373394],[29.346569,-3.374134],[29.344162,-3.377791],[29.35019,-3.384614],[29.347666,-3.39736],[29.38408,-3.395717],[29.39005,-3.393858],[29.40357,-3.401047],[29.400766,-3.378885]]]},"properties":{"shapeName":"Mukaza","shapeISO":"","shapeID":"21766830B10562197966638","shapeGroup":"BDI","shapeType":"ADM2"}},
{"type":"Feature","geometry":{"type":"Polygon","coordinates":[[[29.403354,-3.379416],[29.407977,-3.363198],[29.406293,-3.345557],[29.425697,-3.324676],[29.392814,-3.312221],[29.380628,-3.314513],[29.346366,-3.30809],[29.342473,-3.308095],[29.330377,-3.324048],[29.322887,-3.303247],[29.310964,-3.305012],[29.317136,-3.348335],[29.287944,-3.345674],[29.290995,-3.34817],[29.309827,-3.349918],[29.338326,-3.360314],[29.341394,-3.364556],[29.337724,-3.371636],[29.342321,-3.373394],[29.352308,-3.372863],[29.364805,-3.364913],[29.391601,-3.379474],[29.400766,-3.378885],[29.403354,-3.379416]]]},"properties":{"shapeName":"Ntahangwa","shapeISO":"","shapeID":"21766830B87038696970617","shapeGroup":"BDI","shapeType":"ADM2"}},
{"type":"Feature","geometry":{"type":"Polygon","coordinates":[[[29.842275,-4.210758],[29.834848,-4.227484],[29.851558,-4.24071],[29.850982,-4.248235],[29.847123,-4.252441],[29.840562,-4.25052],[29.832143,-4.261499],[29.833282,-4.278648],[29.830301,-4.283435],[29.816007,-4.280008],[29.81163,-4.291796],[29.813255,-4.300997],[29.801473,-4.329004],[29.794217,-4.336713],[29.802858,-4.33878],[29.807277,-4.356052],[29.814067,-4.364898],[29.818315,-4.367005],[29.826304,-4.361122],[29.833412,-4.368389],[29.845099,-4.369081],[29.851192,-4.381886],[29.874279,-4.381502],[29.873551,-4.36912],[29.880851,-4.366928],[29.884683,-4.369755],[29.887288,-4.356316],[29.896906,-4.352797],[29.901006,-4.356373],[29.909501,-4.348934],[29.911945,-4.35299],[29.928063,-4.346812],[29.928251,-4.34337],[29.94249,-4.340115],[29.951183,-4.32941],[29.958373,-4.32908],[29.96326,-4.323468],[29.969322,-4.30352],[29.987085,-4.296776],[29.991766,-4.3025],[29.994379,-4.293438],[29.998701,-4.299802],[30.003706,-4.280958],[29.99269,-4.280523],[29.988757,-4.275275],[29.989681,-4.2653],[29.981363,-4.264434],[29.987272,-4.259702],[29.978711,-4.252536],[29.954065,-4.25857],[29.949727,-4.254432],[29.949128,-4.244633],[29.94321,-4.242656],[29.946002,-4.228534],[29.942304,-4.222531],[29.925956,-4.216831],[29.916576,-4.208965],[29.909196,-4.208915],[29.907367,-4.199874],[29.900688,-4.196323],[29.89377,-4.197563],[29.885211,-4.197569],[29.881761,-4.191609],[29.8777,-4.191932],[29.87174,-4.199875],[29.874654,-4.20485],[29.865367,-4.208421],[29.861066,-4.217665],[29.852941,-4.212423],[29.852371,-4.215439],[29.847936,-4.214659],[29.845794,-4.208967],[29.842275,-4.210758]]]},"properties":{"shapeName":"Kibago","shapeISO":"","shapeID":"21766830B23200126988104","shapeGroup":"BDI","shapeType":"ADM2"}}
]}