{"type":"FeatureCollection", "features": [
{"type":"Feature","geometry":{"type":"Polygon","coordinates":[[[30.21809613100004,3.890233746000035],[30.19441357100004,3.873294702000067],[30.198719491000077,3.830044524000073],[30.22419618500004,3.815266871000063],[30.265102427000045,3.826079813000035],[30.283043761000044,3.858517808000045],[30.27443192000004,3.890594147000058],[30.24823757300004,3.90284770300002],[30.21809613100004,3.890233746000035]]]},"properties":{"shapeName":"Aba","shapeISO":"","shapeID":"63176286B20411552692002","shapeGroup":"COD","shapeType":"ADM2"}},
{"type":"Feature","geometry":{"type":"Polygon","coordinates":[[[24.579190840000024,3.463479456000073],[24.495974276000027,3.529860043000042],[24.36072980800003,3.553639983000039],[24.231970025000066,3.701490009000054],[24.163149909000026,3.71911002500002],[24.112369986000033,3.703440059000059],[23.99195012100006,3.73021996500006],[23.951439684000036,3.722649155000056],[23.94496508700007,3.662150071000042],[23.899394118000032,3.617157416000055],[23.87800653900007,3.622740570000076],[23.857055243000048,3.589987091000069],[23.826892288000067,3.620354775000067],[23.768997451000075,3.566984128000058],[23.72583452300006,3.587847464000049],[23.704001964000042,3.556894773000067],[23.640438218000043,3.576877114000069],[23.59729737300006,3.509191266000073],[23.51977377000003,3.534547203000045],[23.368107230000078,3.533422012000074],[23.342575184000054,3.590127209000059],[23.318687520000026,3.600804018000076],[23.323328280000055,3.629375013000072],[23.269228200000043,3.673478006000039],[23.28963120000003,3.709510159000047],[23.27693019700007,3.726007104000075],[23.239999621000038,3.733150933000047],[23.255640155000037,3.761098981000032],[23.246414280000067,3.771401079000043],[23.123282760000052,3.696200521000037],[23.09122620000005,3.639328473000035],[23.05667520000003,3.632559204000074],[23.023613160000025,3.590621867000038],[22.841803070000026,3.554009639000071],[22.80690719000006,3.517023029000029],[22.73755030700005,3.484275816000036],[22.67365067000003,3.438055342000041],[22.616624870000066,3.369291444000055],[22.61591855000006,3.333329792000029],[22.64858244000004,3.312431463000053],[22.65137892000007,3.283764965000046],[22.588514280000027,3.202452669000024],[22.577358960000026,3.160979755000028],[22.65960744000006,3.152444583000033],[22.726123200000075,3.118830119000052],[22.759747920000052,3.123950966000052],[22.781702160000066,3.105729599000028],[22.78842444000003,3.040204560000063],[22.827750480000077,3.01898579300007],[22.857884280000064,3.020027879000054],[22.891659480000044,3.067837674000032],[22.921834680000075,3.080575490000058],[22.965860160000034,3.077465243000063],[22.991270040000074,3.053381307000052],[23.019725160000064,3.07138941900007],[23.02803814600003,3.050273517000051],[23.059734438000078,3.033440936000034],[22.954060080000033,2.852955585000075],[22.94856936000008,2.774616846000072],[22.932444600000053,2.802755047000062],[22.905816120000054,2.809885258000065],[22.884903360000067,2.79476917300002],[22.878977400000053,2.757367577000025],[23.029620480000062,2.590649749000022],[23.064580440000043,2.563601494000068],[23.098438440000052,2.553137058000061],[23.12126352000007,2.561794139000028],[23.256559440000046,2.509924049000062],[23.297931360000064,2.477496145000032],[23.293649282000047,2.466655143000025],[23.274179928000024,2.470219040000075],[23.29374996000007,2.45032],[23.314529880000066,2.456420114000025],[23.31591984000005,2.491869973000064],[23.342680080000036,2.49272004200003],[23.338640160000068,2.517550054000026],[23.359414766000043,2.565077192000047],[23.427261360000045,2.502884093000034],[23.45192136000003,2.511081105000073],[23.536449360000063,2.451276154000027],[23.572582560000058,2.396248575000072],[23.61166920000005,2.254271988000028],[23.593958414000042,2.191128265000032],[23.66486352000004,2.188763984000047],[23.773830480000072,2.125167991000069],[23.87627640000005,2.124334990000023],[23.903925480000055,2.084448018000046],[23.946270480000067,2.075696118000053],[23.96157228000004,2.078767061000065],[23.978540520000024,2.114055987000029],[24.032222280000042,2.124224044000073],[24.08568156000007,2.154313382000055],[24.060843,2.176055663000056],[24.059805480000023,2.21056285100002],[24.17224752000004,2.220028413000023],[24.22454976000006,2.263666488000069],[24.273208440000076,2.259951738000041],[24.319636200000048,2.280807848000052],[24.364686600000027,2.239681892000021],[24.45754572000004,2.282563357000072],[24.844534920000058,2.263382304000061],[24.86163096000007,2.264187133000064],[24.866647157000045,2.282664120000049],[24.85559844000005,2.299877011000035],[24.836435280000046,2.288293058000022],[24.84208317200006,2.305113065000057],[24.81951348000007,2.342527046000043],[24.790893480000022,2.349771159000056],[24.770891160000076,2.374539011000024],[24.756954480000047,2.370798983000043],[24.716585115000044,2.450936027000068],[24.697555200000068,2.460980101000075],[24.687124200000028,2.492691053000044],[24.668121240000062,2.496292090000054],[24.66529416000003,2.515148982000028],[24.62595048000003,2.514288125000064],[24.621021360000043,2.542801993000069],[24.60112416000004,2.54133401100006],[24.601007520000053,2.568027144000041],[24.58148220000004,2.585431068000048],[24.563900438000076,2.577759167000067],[24.57023432400007,2.593666037000048],[24.535778400000027,2.62458009900007],[24.542110440000044,2.641177012000071],[24.527956196000048,2.633980165000025],[24.504066360000024,2.655045050000069],[24.464500319000024,2.650953263000076],[24.446558160000052,2.671583038000051],[24.408138240000028,2.667032994000067],[24.400650099000075,2.653881206000051],[24.31361232000006,2.673034122000047],[24.28927992000007,2.690180016000056],[24.263470080000047,2.680389980000029],[24.18665188600005,2.713389010000071],[24.166775880000046,2.743439155000033],[24.16743180000003,2.765073595000047],[24.19466220000004,2.764373492000061],[24.184885320000035,2.839727111000059],[24.211770081000054,2.863789999000062],[24.222189916000048,2.840140052000038],[24.25941008500007,2.855509798000071],[24.276919994000025,2.831890009000062],[24.29714086200005,2.863049899000032],[24.306130050000036,2.85112994800005],[24.32235991300007,2.855350042000055],[24.317439793000062,2.830699949000063],[24.328940009000064,2.818330058000072],[24.346249872000044,2.835439991000044],[24.36186842400008,2.824460778000059],[24.416250052000066,2.84244003200007],[24.415859830000045,2.828860054000074],[24.442219605000048,2.819080495000037],[24.42223046600003,2.787005717000056],[24.442670125000063,2.770530030000032],[24.465440107000063,2.796170061000055],[24.499290186000053,2.800011070000039],[24.52261134500003,2.855351122000059],[24.48200229100007,2.927666303000024],[24.496906273000036,3.073195093000038],[24.60493326200003,3.130987117000075],[24.66605045800003,3.133554981000032],[24.692358168000055,3.191211],[24.704651118000072,3.154435987000056],[24.71897729600005,3.156888624000032],[24.69665912800008,3.25590803800003],[24.698997318000067,3.351440928000045],[24.650383259000023,3.419365159000051],[24.579190840000024,3.463479456000073]]]},"properties":{"shapeName":"Aketi","shapeISO":"","shapeID":"63176286B77771623677962","shapeGroup":"COD","shapeType":"ADM2"}},
{"type":"Feature","geometry":{"type":"Polygon","coordinates":[[[26.970192360000055,5.152197151000053],[26.93510820000006,5.134194156000035],[26.912245320000068,5.080075994000026],[26.891144258000054,5.073598953000044],[26.87215906800003,5.033752947000039],[26.831501890000027,5.05923238500003],[26.808111291000046,5.049067900000068],[26.786477225000056,5.086082428000054],[26.771331274000033,5.085597918000076],[26.772450341000024,5.10170746600005],[26.749956632000078,5.103510456000038],[26.721521446000054,5.091723842000022],[26.71094922700007,5.102519436000023],[26.697206520000066,5.088228147000052],[26.681358240000066,5.096254],[26.66969136000006,5.077360082000041],[26.640982635000057,5.088580740000054],[26.628866678000065,5.063475018000076],[26.619410940000023,5.08808110800004],[26.596488718000046,5.073769941000023],[26.575138440000046,5.080862097000022],[26.574480890000075,5.063370003000045],[26.55724700600007,5.076453925000067],[26.54032380900003,5.046501966000051],[26.54165695300003,5.067906691000076],[26.526791080000066,5.044172971000023],[26.499688433000074,5.055853789000025],[26.488005129000044,5.046393896000041],[26.484761675000073,5.061575760000039],[26.455838122000046,5.065658906000067],[26.458987038000032,5.095124019000025],[26.440865398000028,5.091172943000061],[26.441046370000038,5.113955794000049],[26.424065316000053,5.112999964000039],[26.414153459000033,5.132999985000026],[26.399491410000053,5.121231935000026],[26.39094035100004,5.147447900000031],[26.366395242000067,5.14279100400006],[26.351222318000055,5.155414065000059],[26.32828927500003,5.148459075000062],[26.32716934700005,5.136259223000025],[26.315881012000034,5.153263563000053],[26.30328845100007,5.140807903000052],[26.295209423000074,5.160809682000036],[26.283057573000065,5.155949926000062],[26.285550568000076,5.169302953000056],[26.254561469000066,5.171531873000049],[26.25380871300007,5.197995033000041],[26.243287732000056,5.183472007000034],[26.23748701900007,5.208541446000027],[26.221226615000035,5.194004939000024],[26.20803984400004,5.237008005000064],[26.190644675000044,5.217635002000065],[26.186911844000065,5.241557954000029],[26.16008073200004,5.232057984000051],[26.160931792000042,5.258523924000031],[26.136359809000055,5.263985561000027],[26.116705851000063,5.22987792400005],[26.092819440000028,5.237872094000068],[26.099552001000063,5.208202525000047],[26.076816360000066,5.213206138000032],[26.067912973000034,5.194083026000044],[26.053631799000073,5.213376901000061],[26.038283944000057,5.20228988100007],[26.01095711100004,5.208200904000023],[26.009293915000057,5.228447884000047],[25.992562942000063,5.220118975000048],[25.98516449500005,5.239658898000073],[25.96662144000004,5.22304112300003],[25.963951266000038,5.191735917000074],[25.861969284000054,5.219758062000039],[25.83589730400007,5.18677494800005],[25.820661408000035,5.217108980000035],[25.808961426000053,5.215233977000025],[25.820118171000047,5.245872967000025],[25.790073334000056,5.23773004800006],[25.80081535900007,5.253180903000043],[25.792493253000032,5.272716998000021],[25.770029400000055,5.26367612100006],[25.783378200000072,5.251519123000037],[25.749221311000042,5.236690013000043],[25.708870411000078,5.29709093200006],[25.66086771500005,5.306148988000075],[25.658731540000076,5.328003932000058],[25.630575555000064,5.303523970000072],[25.62386158700008,5.321452921000059],[25.60182059300007,5.322762907000026],[25.62263144800005,5.34745207900005],[25.59715680000005,5.34553100100004],[25.58145182000004,5.375165995000032],[25.54078536000003,5.385851082000045],[25.547544360000074,5.354577102000064],[25.51130878500004,5.34387405800004],[25.486904157000026,5.365885113000047],[25.42920840000005,5.320590060000029],[25.41497505500007,5.321002007000061],[25.404112653000027,5.342595690000053],[25.39500048000008,5.322315083000035],[25.367708160000063,5.31554811500007],[25.38429048000006,5.299957066000047],[25.357252320000043,5.286285991000057],[25.32199662100004,5.195033311000032],[25.332231240000056,5.156406140000058],[25.35520751200005,5.149122058000046],[25.317970286000048,5.036223143000029],[25.201698471000043,5.017396140000074],[25.183852040000033,5.003292099000021],[25.154159340000035,5.028268059000027],[25.133625360000053,4.997122116000071],[25.110254160000068,4.988288160000025],[25.088418287000025,4.937803006000024],[25.02267730600005,4.968622018000076],[25.010623077000048,4.989317070000027],[24.983344979000037,4.993096063000053],[24.95331432000006,4.98630206100006],[24.933681360000037,4.96113811400005],[24.890773496000065,4.961657012000046],[24.878481426000064,4.937672146000068],[24.822948147000034,4.939287039000021],[24.79165020000005,4.90693608600003],[24.77735664000005,4.923216930000024],[24.734753488000024,4.906237005000037],[24.72091257900007,4.923901095000076],[24.693163107000032,4.921020079000073],[24.706463339000038,4.869291988000043],[24.730154218000052,4.855353064000042],[24.75586721700006,4.796540107000055],[24.79059425500003,4.775740066000026],[24.85614017100005,4.679340014000047],[24.859422291000044,4.605698037000025],[25.02625420100003,4.523036024000021],[25.059656078000046,4.484495012000025],[25.154777452000076,4.434905050000054],[25.22966894600006,4.453822071000047],[25.288041960000044,4.490448335000053],[25.319626920000076,4.48539949700006],[25.323023160000048,4.387634125000034],[25.30633320000004,4.309773058000076],[25.320883320000064,4.280131124000036],[25.366628520000063,4.244841018000045],[25.36600752000004,4.225734088000024],[25.39558607400005,4.223303146000035],[25.40618748000003,4.207687157000066],[25.41154824000006,4.114939028000038],[25.44216732600006,4.075451],[25.44154596000004,4.016498754000054],[25.394631120000042,4.007254136000029],[25.390485313000056,3.975143278000075],[25.48395540000007,3.916299078000065],[25.510458061000065,3.871039223000025],[25.544853291000038,3.864015007000035],[25.534221480000042,3.821856140000023],[25.511629320000054,3.794390057000044],[25.483246183000063,3.786010096000041],[25.45771428000006,3.74748313300006],[25.46533603100005,3.729324005000024],[25.444227240000032,3.738691083000049],[25.426046160000055,3.69512409400005],[25.409967480000034,3.707500138000057],[25.38449133900008,3.654931135000027],[25.367983200000026,3.658556082000075],[25.334390520000056,3.635191014000043],[25.290804240000057,3.652301008000052],[25.280563355000027,3.633160094000061],[25.304887499000074,3.621736946000055],[25.311672343000055,3.581708230000061],[25.30370934000007,3.566488107000055],[25.279785360000062,3.594946040000025],[25.25612231200006,3.550436006000041],[25.28592984000005,3.540870013000074],[25.307369368000025,3.50458074200003],[25.413289920000068,3.541549979000024],[25.456889880000062,3.512690009000039],[25.50318984000006,3.506399925000039],[25.530090120000068,3.546539980000034],[25.57269,3.545990074000031],[25.603719840000053,3.58383999800003],[25.703300160000026,3.606010078000054],[25.78897035700004,3.528009954000026],[25.81278984000005,3.530610018000061],[25.84159992000008,3.550950010000065],[25.856289928000024,3.692780045000063],[25.908229955000024,3.71870986600004],[25.94216964700007,3.705219976000024],[25.94785987700004,3.717669969000042],[26.01996962800007,3.740649899000061],[26.06652962000004,3.721439503000056],[26.090239860000054,3.678219962000071],[26.141847263000045,3.654189847000055],[26.162639787000046,3.676339885000061],[26.219479645000035,3.664040038000053],[26.22765956300003,3.690539944000022],[26.264017799000044,3.720778290000055],[26.291730404000077,3.721990771000037],[26.34476968900003,3.771599968000032],[26.40410932900005,3.773360061000062],[26.446079418000068,3.859530104000044],[26.46234963300003,3.85841029200003],[26.495699870000067,3.908200029000056],[26.539646874000027,3.934758754000029],[26.603429606000077,4.011309935000043],[26.635489395000036,4.023570024000037],[26.728119521000053,4.000030047000052],[26.737539277000053,3.985550067000077],[26.729579199000057,3.956760126000063],[26.77376901200006,3.841520053000067],[26.80586925700004,3.835359087000029],[26.81211895200005,3.801068970000074],[26.833667400000024,3.794428002000075],[26.844263270000056,3.761759],[26.898132240000052,3.744122033000053],[26.947374480000065,3.754786005000028],[26.950990320000074,3.785637152000049],[27.018823320000024,3.777681014000052],[27.083369160000075,3.820183919000044],[27.099827280000056,3.821713355000043],[27.11554128000006,3.796843524000053],[27.148717800000043,3.857958493000069],[27.202060191000044,3.822118149000062],[27.23939888500007,3.830678972000044],[27.25449051800007,3.85670787600003],[27.277378200000044,3.879292075000023],[27.25599852000005,3.937045003000037],[27.227085480000028,3.96785707500004],[27.221029200000032,4.047495133000041],[27.200851184000044,4.054376147000028],[27.191192400000034,4.078995108000072],[27.227920320000067,4.221754151000027],[27.24052427600003,4.224761259000047],[27.24089040000007,4.311722271000065],[27.265470840000035,4.366384088000075],[27.266906520000077,4.417802581000046],[27.294703920000075,4.459469832000025],[27.272787480000034,4.470632071000068],[27.188434440000037,4.444523089000029],[27.07785815300008,4.481899162000047],[27.040212410000038,4.507397050000066],[26.959947509000074,4.51004206500005],[26.980507440000054,4.562092010000072],[26.968315320000045,4.58486205600002],[26.981130240000027,4.60421507500007],[26.97672244900008,4.635971942000026],[27.02778624000007,4.693128089000027],[26.97741157300004,4.784890604000054],[27.03543347200008,4.797172314000022],[27.046842480000066,4.838386985000056],[26.998842240000045,4.864197792000027],[26.98227864000006,4.937594051000076],[26.950383720000048,4.975831041000049],[26.966076196000074,4.994774975000041],[26.929336396000053,5.010829126000033],[26.93644776000008,5.081521818000056],[26.987482440000065,5.095483534000039],[26.970192360000055,5.152197151000053]]]},"properties":{"shapeName":"Ango","shapeISO":"","shapeID":"63176286B24678106401017","shapeGroup":"COD","shapeType":"ADM2"}},
{"type":"Feature","geometry":{"type":"Polygon","coordinates":[[[30.70253145600003,3.146718038000074],[30.69490717000008,3.133382692000055],[30.71137562800004,3.124185802000056],[30.717322571000068,3.144112294000024],[30.70253145600003,3.146718038000074]]]},"properties":{"shapeName":"Ariwara","shapeISO":"","shapeID":"63176286B55306571020797","shapeGroup":"COD","shapeType":"ADM2"}},
{"type":"Feature","geometry":{"type":"Polygon","coordinates":[[[30.800435204000053,2.685337719000074],[30.828953519000038,2.755999126000063],[30.869952570000066,2.800999046000072],[30.890388935000033,2.871354575000055],[30.845953129000065,2.961999066000033],[30.77995487700008,3.01699919400005],[30.762955377000026,3.047999176000076],[30.77895484900006,3.06799912200006],[30.832953657000076,3.263999126000044],[30.870692258000076,3.279882796000038],[30.88995253400003,3.339998939000054],[30.935951129000046,3.401998978000051],[30.93295137700005,3.48199887800007],[30.90897618500003,3.504994080000074],[30.86799984000004,3.481000078000022],[30.853953517000036,3.485998910000035],[30.845953447000056,3.507999029000075],[30.86195329000003,3.562998896000067],[30.798954835000075,3.589999003000059],[30.770966116000068,3.674989803000074],[30.735,3.624000011000021],[30.666999960000055,3.636000053000032],[30.592000080000048,3.593999921000034],[30.54099240000005,3.594905051000069],[30.37224420000007,3.540275132000033],[30.384810720000075,3.477093427000057],[30.423134434000076,3.432702114000051],[30.40088227800004,3.392428188000054],[30.366806229000076,3.407469047000063],[30.368149560000063,3.357103344000052],[30.336988346000055,3.304764114000022],[30.359111400000074,3.229548985000065],[30.234140281000066,3.088145902000065],[30.139618320000068,3.025354023000034],[30.161207520000062,2.999142043000063],[30.17506823100007,2.94707819000007],[30.206251440000074,2.922813999000027],[30.18871260000003,2.904568338000047],[30.129938280000033,2.906263570000021],[30.11187816000006,2.881998175000035],[30.210651357000074,2.876855929000044],[30.21369948000006,2.824535453000067],[30.160453680000046,2.817720176000023],[30.148623720000046,2.802401136000071],[30.185585640000056,2.768092908000028],[30.185307720000026,2.709857066000041],[30.208627080000042,2.669317830000068],[30.21326784000007,2.604517455000064],[30.184708320000027,2.584316571000045],[30.187056960000064,2.55584288600005],[30.145364389000065,2.507174976000044],[30.17264940000007,2.461712066000075],[30.202363012000035,2.465494167000031],[30.254465520000053,2.431117160000042],[30.274188120000076,2.465678362000062],[30.306478680000055,2.458925371000021],[30.31791768000005,2.44116914500006],[30.30935580000005,2.380618401000049],[30.387341769000045,2.397395966000033],[30.40247866800007,2.436889955000026],[30.392479683000033,2.472659954000051],[30.42542267500005,2.516950067000039],[30.442626535000045,2.59878907500007],[30.438035823000064,2.663832980000052],[30.425362764000056,2.724514047000071],[30.38199449600006,2.789761124000051],[30.38664770200006,2.822215947000075],[30.365171503000056,2.859934243000055],[30.33969944900008,2.856534982000028],[30.322423969000056,2.87441691500004],[30.330658422000056,2.887093098000037],[30.36543826700006,2.889662575000045],[30.398355491000075,2.830199961000062],[30.437158698000076,2.814191453000035],[30.481393204000028,2.726893057000041],[30.529496980000033,2.729168595000033],[30.562515717000053,2.712562988000059],[30.581722295000077,2.758544553000036],[30.607893363000073,2.773774714000069],[30.643250274000025,2.751287429000058],[30.599429342000064,2.706011214000057],[30.606945409000048,2.673886898000035],[30.63308316800004,2.677559248000023],[30.679331785000045,2.749213791000045],[30.726874459000044,2.713884189000055],[30.752319275000048,2.728791898000054],[30.800435204000053,2.685337719000074]],[[30.70253145600003,3.146718038000074],[30.717322571000068,3.144112294000024],[30.71137562800004,3.124185802000056],[30.69490717000008,3.133382692000055],[30.70253145600003,3.146718038000074]],[[30.74437146200006,3.401393984000038],[30.77094080200004,3.421141137000063],[30.792251626000052,3.400837720000027],[30.76678934200004,3.376639931000057],[30.74437146200006,3.401393984000038]]]},"properties":{"shapeName":"Aru","shapeISO":"","shapeID":"63176286B14719092717616","shapeGroup":"COD","shapeType":"ADM2"}},
{"type":"Feature","geometry":{"type":"Polygon","coordinates":[[[27.044041804000074,1.941191297000046],[26.984028829000067,1.955160430000035],[26.942118917000073,1.998119949000056],[26.92939875500008,2.091960736000033],[26.881709158000035,2.170109920000073],[26.868899010000064,2.173089243000049],[26.859283332000075,2.14601519100006],[26.82624723400005,2.149967610000033],[26.809123077000038,2.127384076000055],[26.775001625000073,2.156317753000053],[26.76947634900006,2.191881508000051],[26.745547523000027,2.193058104000045],[26.64220202300004,2.102502077000054],[26.62634812700003,2.096715556000049],[26.62214427300006,2.120434003000071],[26.602646325000023,2.116283208000027],[26.599872885000025,2.067713247000029],[26.58429430900003,2.053249880000067],[26.558440508000047,2.023207996000053],[26.56466069800007,2.000215079000043],[26.585919653000076,2.001407012000072],[26.626225590000047,1.966517083000042],[26.591303448000076,1.901718778000031],[26.53614139800004,1.852088259000027],[26.538311477000036,1.795150953000075],[26.515504048000025,1.761668121000071],[26.522173043000066,1.702705049000031],[26.48917396400003,1.686572270000056],[26.458253997000043,1.690604833000066],[26.45134920000004,1.626966391000053],[26.38697582800006,1.64142324200003],[26.01349380700003,1.439594963000047],[25.989224053000044,1.471883584000068],[25.89793923600007,1.509855401000038],[25.851452446000053,1.50105441200003],[25.79184581900006,1.461020166000026],[25.790579699000034,1.374460300000067],[25.772049064000043,1.301569148000056],[25.789234020000038,1.283684100000073],[25.781316181000022,1.257678137000028],[25.81576493400007,1.19477811400003],[25.807582856000067,1.180958081000028],[25.82331228700008,1.112718998000048],[25.854617924000024,1.107290989000035],[25.871130040000025,1.082969134000052],[25.91503505700007,1.062171136000075],[25.954089861000057,1.061130096000056],[25.98571405200005,1.020984112000065],[25.681804641000042,1.04186547300003],[25.631695173000026,1.067302570000038],[25.59043810000003,1.068467037000062],[25.532175352000024,1.03597424700007],[25.48702307900004,1.03345571400007],[25.440799448000064,1.061311741000054],[25.40421877400007,0.995333456000026],[25.359234982000032,0.963287557000058],[25.38043213800006,0.92947115100003],[25.356624262000025,0.882035977000044],[25.379542938000043,0.79063497900006],[25.351345233000075,0.75950909900007],[25.35901754100007,0.72215176800006],[25.393319776000055,0.70174006700006],[25.421999890000052,0.72482009600003],[25.432329039000024,0.710142002000055],[25.452369845000078,0.723079897000048],[25.47019082500003,0.717397952000056],[25.480100539000034,0.689619938000021],[25.51887853200003,0.698256049000065],[25.52043943500007,0.710437837000029],[25.53276973000004,0.707489914000064],[25.541819748000023,0.663170070000035],[25.57141966300003,0.686240017000046],[25.57220986300007,0.723929992000024],[25.598888018000025,0.733212001000027],[25.61010715200007,0.722216252000067],[25.651082248000023,0.753625721000049],[25.692742519000035,0.744342673000062],[25.69318675900007,0.791921004000073],[25.79432945700006,0.787805758000047],[25.820616292000068,0.840517172000034],[25.845122206000042,0.83743550600002],[25.86918172000003,0.870687449000059],[25.921312229000023,0.878358383000034],[25.98146209300006,0.921478651000029],[25.998839289000045,0.915385013000048],[26.055028794000066,0.80210502500006],[26.031075841000074,0.794917101000067],[26.03937314700005,0.765749010000036],[26.090106830000025,0.744736901000067],[26.044731028000058,0.724623988000076],[26.078508013000032,0.727929034000056],[26.08656899600004,0.700371210000071],[26.10545686100005,0.723171989000036],[26.14701812800007,0.716842125000028],[26.144655450000073,0.620396965000054],[26.119705657000054,0.545619482000063],[26.13418665300003,0.534773671000039],[26.12795037500007,0.463847134000048],[26.114806418000057,0.454143293000072],[26.095857385000045,0.464168054000027],[26.080850390000023,0.443450957000039],[26.10946042000006,0.427335920000075],[26.13820029200008,0.381204221000075],[26.203920793000066,0.363540590000071],[26.264739535000047,0.379844386000059],[26.266522975000044,0.324471450000033],[26.24736486000006,0.284068081000044],[26.300108085000033,0.265022980000026],[26.321541758000023,0.269896091000021],[26.337146313000062,0.241694449000022],[26.36766746400008,0.23903187600007],[26.39790673400006,0.19656113800005],[26.43343315100003,0.224891834000061],[26.456112594000047,0.168111174000046],[26.506461457000057,0.161944315000028],[26.526512730000036,0.104367297000067],[26.559484398000052,0.095210705000056],[26.574340887000062,0.037994137000055],[26.616517018000025,0.060046373000034],[26.62319969500004,0.105019742000025],[26.711687005000044,0.139308260000064],[26.717769245000056,0.174744998000051],[26.75775756200005,0.168745415000046],[26.754420004000053,-0.015958274999946],[26.730495190000056,-0.117833288999975],[26.701136785000074,-0.143848890999948],[26.691216629000053,-0.187495962999947],[26.63216916300007,-0.205085000999929],[26.603272983000068,-0.235000978999949],[26.61026490100005,-0.291701971999942],[26.629714989000036,-0.311866126999973],[26.61475964300007,-0.352090100999931],[26.70913591200008,-0.316052313999933],[26.790647155000045,-0.252464971999927],[26.81647320600007,-0.266865820999953],[26.84086600300003,-0.259226040999977],[26.84721316300005,-0.245433007999964],[26.82796792700003,-0.217927911999936],[26.845958091000057,-0.205712146999929],[26.88895403300006,-0.240501862999963],[26.905804801000045,-0.228976939999939],[26.95634209900004,-0.266040929999974],[27.00953316600004,-0.273931844999936],[27.028792801000066,-0.304189850999933],[27.070174792000046,-0.329333],[27.07284491200005,-0.380078864999973],[27.117827813000076,-0.38798797499993],[27.135745841000073,-0.423761985999931],[27.193103961000077,-0.446558924999977],[27.300391852000075,-0.45266199699995],[27.344522079000058,-0.476179942999977],[27.358583103000058,-0.515640792999932],[27.419755474000056,-0.516591001999927],[27.48813527300007,-0.490869920999955],[27.498545386000046,-0.528502881999941],[27.519135633000076,-0.541526663999946],[27.55951032100006,-0.534497122999937],[27.601426480000043,-0.572941987999968],[27.660464640000043,-0.595421383999962],[27.841009074000056,-0.596021891999953],[27.903752370000063,-0.593959588999951],[27.935616851000077,-0.576299952999932],[27.947375712000053,-0.549837840999942],[27.970406703000037,-0.544694922999952],[27.978076860000044,-0.470015972999931],[27.94197594700006,-0.406539005999946],[27.949214592000033,-0.391352960999939],[27.985598697000057,-0.360894987999927],[28.009370567000076,-0.31693796899998],[28.073224932000073,-0.307953985999973],[28.113480722000077,-0.277706979999948],[28.150407706000067,-0.269058012999949],[28.144984884000053,-0.23004532899995],[28.091286428000046,-0.00504054299995],[28.10226889300003,0.012719110000035],[28.102482013000042,0.102974091000021],[28.15402892700007,0.150981085000069],[28.137598902000036,0.183596080000029],[28.120262757000035,0.186809995000033],[28.134172785000032,0.220806045000074],[28.066177845000027,0.269727032000048],[28.05453401500006,0.307399048000036],[28.059082971000066,0.376550140000063],[28.041968282000028,0.377466262000041],[28.034434152000074,0.402736077000043],[28.051773956000034,0.407564383000022],[28.047889861000044,0.427781983000045],[28.025983392000057,0.436279064000075],[28.02665995900003,0.463390074000074],[28.00406515900005,0.473954867000032],[27.959788574000072,0.474400012000046],[27.920988887000078,0.491849996000042],[27.881058797000037,0.480350047000059],[27.84111862800006,0.492969928000036],[27.796598902000028,0.529719949000025],[27.893061549000038,0.561698289000049],[27.955246459000023,0.621852082000032],[27.993069108000043,0.612741071000073],[28.017941638000025,0.636186918000021],[27.934531998000068,0.74894671200002],[27.946239193000054,0.761774995000053],[27.936150918000067,0.789890322000076],[27.954498310000076,0.846365481000021],[28.000735142000053,0.93313455200007],[27.974248674000023,0.940254006000032],[27.94571284400007,0.92024714300004],[27.886115817000075,0.931491321000067],[27.877730861000032,0.94643570900007],[27.922457244000043,1.004300871000055],[27.933337879000078,1.042770094000048],[27.875102966000043,1.050795950000065],[27.852956008000035,1.038833046000036],[27.82439952900006,1.063418991000049],[27.740815524000027,1.068436038000073],[27.739411713000038,1.12154313800005],[27.770914038000058,1.149609004000069],[27.755512707000037,1.211650186000043],[27.783545178000054,1.228841094000074],[27.76508222500007,1.256636096000022],[27.782608099000072,1.301479413000038],[27.700208425000028,1.348689881000041],[27.63350858800004,1.341060005000031],[27.61270852100006,1.362429822000024],[27.599247046000073,1.34103940500006],[27.57229839400003,1.339869891000035],[27.557178409000073,1.373659922000058],[27.494308430000046,1.426040067000031],[27.44698965400005,1.554600167000046],[27.419458978000023,1.573849820000021],[27.37558953200005,1.565070155000058],[27.351338960000078,1.592409900000064],[27.294919071000038,1.577860031000057],[27.194740809000052,1.603437850000034],[27.21580871200007,1.614799941000058],[27.214410145000045,1.631129569000052],[27.22698886300003,1.623789976000069],[27.244798638000077,1.640139908000037],[27.262189043000035,1.622680029000037],[27.285258776000035,1.632590081000046],[27.306168640000067,1.728299970000023],[27.33994677000004,1.773424654000053],[27.371926185000063,1.790243086000032],[27.35267304100006,1.840370020000023],[27.365683070000046,1.858785970000042],[27.34989287600007,1.876022964000072],[27.39511952600003,1.872175383000069],[27.40979743300005,1.885159571000031],[27.378559180000025,1.94646384400005],[27.35700815900003,1.962547446000031],[27.357187079000028,1.995518968000056],[27.313765450000062,2.03650988000004],[27.29411765100008,2.023771177000071],[27.253678715000035,2.047996960000035],[27.228787066000052,2.02381211200003],[27.246236972000077,1.961717062000048],[27.22473202900005,1.958429022000075],[27.210178848000055,1.911294123000062],[27.142991391000066,1.89602801500007],[27.11096144800007,1.915310085000044],[27.06044111600005,1.91478199200003],[27.044041804000074,1.941191297000046]]]},"properties":{"shapeName":"Bafwasende","shapeISO":"","shapeID":"63176286B50174012793828","shapeGroup":"COD","shapeType":"ADM2"}},
{"type":"Feature","geometry":{"type":"Polygon","coordinates":[[[18.861231,-3.659838608999962],[18.765880985000024,-3.623900361999972],[18.711799920000033,-3.623580017999927],[18.60397992000003,-3.570910002999938],[18.53442942500004,-3.586319518999971],[18.441280637000034,-3.568279591999953],[18.412910863000036,-3.539697899999965],[18.39577835500006,-3.546479230999978],[18.397770120000075,-3.536570024999946],[18.363129840000056,-3.530579976999945],[18.341849858000046,-3.49895990899995],[18.273080160000063,-3.457269924999935],[18.268309497000075,-3.428309510999952],[18.241549640000073,-3.399480063999931],[18.178908770000078,-3.418500692999942],[18.15663898100007,-3.447169815999928],[18.109159920000025,-3.402120024999931],[18.085119458000065,-3.403189551999958],[18.043490160000033,-3.377430011999934],[17.844720120000034,-3.424599952999927],[17.81930016000007,-3.387009989999967],[17.758450080000046,-3.36295991999998],[17.719269840000038,-3.322909921999951],[17.679700080000032,-3.331639934999941],[17.627519880000023,-3.298790064999935],[17.58541241200004,-3.305459998999936],[17.557170120000023,-3.293640056999948],[17.56292472000007,-3.310139527999979],[17.548939440000026,-3.330199272999948],[17.51293080000005,-3.338377753999964],[17.498955240000043,-3.360035864999929],[17.514879480000047,-3.390048928999931],[17.483986440000024,-3.436923916999945],[17.435369880000053,-3.427509956999927],[17.42373,-3.393280004999951],[17.35803,-3.358869981999931],[17.353139084000077,-3.386280944999953],[17.330280120000054,-3.396060027999965],[17.320169880000037,-3.432930006999925],[17.28632016000006,-3.458339978999959],[17.27327016000004,-3.489540107999971],[17.28678996000002,-3.574389941999925],[17.33211,-3.653319931999931],[17.303550120000068,-3.667730062999965],[17.305760160000034,-3.695789912999942],[17.278152332000047,-3.718487679999953],[17.24091984000006,-3.785629957999959],[17.206970040000044,-3.91259],[17.138099880000027,-3.98103998299996],[17.126790120000067,-4.011019955999927],[17.099138200000027,-4.028169514999945],[17.01477,-3.981849951999948],[16.932499920000055,-3.986830024999961],[16.878279960000043,-4.057029984999929],[16.827339960000074,-4.094539960999953],[16.77296278800003,-4.087179369999944],[16.71054029000004,-4.122889957999973],[16.693011351000052,-4.150348980999979],[16.634009880000065,-4.133340084999929],[16.585679880000043,-4.142970070999979],[16.496241378000036,-4.184746507999932],[16.48338876300005,-4.222882380999977],[16.53240366500006,-4.356819582999947],[16.50908816900005,-4.390740026999936],[16.515201441000045,-4.409955604999936],[16.49783452300005,-4.421467954999969],[16.494233545000043,-4.48352030999996],[16.514889480000022,-4.485978048999925],[16.60734468000004,-4.555877345999932],[16.61659308000003,-4.372934983999926],[16.702741440000068,-4.32243189299993],[16.71319739300003,-4.352070837999975],[16.731335520000073,-4.32840665699996],[16.74187992000003,-4.333661267999958],[16.746896160000063,-4.381910697999956],[16.781988240000032,-4.353463805999979],[16.839802440000028,-4.354280932999927],[16.85625840000006,-4.294379913999933],[16.911114480000037,-4.347859441999958],[16.935723,-4.401080854999975],[16.97007528000006,-4.400998014999971],[16.973446680000052,-4.429120530999967],[16.939265040000066,-4.466186636999964],[16.950933,-4.501017001999969],[16.984075680000046,-4.503410032999966],[17.02434924000005,-4.479083008999964],[17.075309400000037,-4.532458863999977],[17.15360184000002,-4.566498042999967],[17.177901120000058,-4.548831885999959],[17.201855520000038,-4.456792578999966],[17.243443080000077,-4.399526667999965],[17.340632280000023,-4.368504410999947],[17.517855960000077,-4.237751059999937],[17.612207280000064,-4.233137976999956],[17.623960200000056,-4.243199874999959],[17.638441189000048,-4.289374946999942],[17.626171320000026,-4.329941045999931],[17.638218360000053,-4.341348219999929],[17.721520920000046,-4.320304429999965],[17.79388128000005,-4.275100975999976],[17.82572724000005,-4.316874920999965],[17.849149200000056,-4.322034903999963],[17.865411480000034,-4.28029197799998],[17.88333336000005,-4.285942855999963],[17.916547320000063,-4.242260946999977],[17.967092386000047,-4.220337924999967],[17.96194440000005,-4.203569981999976],[17.985061406000057,-4.196761956999978],[17.97795540000004,-4.159523868999941],[18.016372584000067,-4.139123988999927],[18.12079228600004,-4.19503902799994],[18.147501360000035,-4.20029326699995],[18.17950644000007,-4.150853260999952],[18.231248520000065,-4.171362123999927],[18.23479236000003,-4.113667561999932],[18.298625040000047,-3.986262600999964],[18.333109800000045,-3.986750376999964],[18.45533628000004,-4.042488467999931],[18.473985,-4.042172774999926],[18.489473280000027,-4.02130602099993],[18.53588160000004,-4.021745592999935],[18.544722480000075,-3.978822230999981],[18.57421764000003,-4.013815092999948],[18.632991240000024,-4.049099474999935],[18.657220668000036,-4.045520020999959],[18.672884280000062,-4.023323916999971],[18.680778360000033,-4.004861881999943],[18.719673400000033,-3.993784962999939],[18.74590524000007,-3.910304993999944],[18.85942224000007,-3.790555995999966],[18.861231,-3.659838608999962]]]},"properties":{"shapeName":"Bagata","shapeISO":"","shapeID":"63176286B20425932648522","shapeGroup":"COD","shapeType":"ADM2"}},
{"type":"Feature","geometry":{"type":"Polygon","coordinates":[[[25.25612231200006,3.550436006000041],[25.220369880000078,3.493909936000023],[25.180160040000032,3.464990008000029],[25.161999840000078,3.423259999000038],[25.121720228000072,3.41505821100003],[25.128213032000076,3.388179075000039],[25.17712838800003,3.357946988000037],[25.189579348000052,3.334745078000026],[25.22298626500003,3.342002133000051],[25.246187199000076,3.322061035000047],[25.256221115000073,3.333144994000065],[25.303892313000063,3.322267038000064],[25.347702135000077,3.366844010000023],[25.41133319200003,3.376040131000025],[25.486740244000032,3.288826135000022],[25.510523254000077,3.298110991000044],[25.593071268000074,3.262700091000056],[25.59486752400005,3.273524027000065],[25.62442907600007,3.266022188000022],[25.63284120000003,3.285382972000036],[25.665903220000075,3.257174176000035],[25.69200716000006,3.256794083000045],[25.701126264000038,3.26971127500002],[25.687086325000053,3.293147010000041],[25.699424264000072,3.301931118000027],[25.693407184000023,3.322858987000075],[25.71803409200004,3.356308919000071],[25.749744357000054,3.320957043000021],[25.748668251000026,3.297936105000076],[25.844171178000067,3.213282080000056],[25.853866046000064,3.186150077000036],[25.83581528900004,3.174129057000073],[25.887680026000055,3.13123594700005],[25.864586126000063,3.121273117000044],[25.869228367000062,3.099421034000045],[25.843706202000078,3.058378938000033],[25.84809524700006,3.045042145000025],[25.863496197000075,3.022300162000022],[25.921026191000067,2.99622314800007],[25.891969369000037,2.991768970000066],[25.909426946000053,2.969953132000057],[25.841652534000048,2.897861176000049],[25.790010468000048,2.882168156000034],[25.766056150000054,2.845028017000061],[25.80931662100005,2.77680551800006],[25.765459630000066,2.651795175000075],[25.83009041500003,2.52427446400003],[25.813444378000042,2.481300149000049],[25.81983761600003,2.416810370000064],[25.894065639000075,2.255479863000062],[25.916122114000075,2.218844990000036],[25.95824390300004,2.202856069000063],[25.990534082000067,2.270129016000055],[26.10507598600003,2.284005142000069],[26.15368101400003,2.327615144000049],[26.193056004000027,2.312526072000026],[26.217685311000025,2.341578027000025],[26.316897766000068,2.364362086000028],[26.307724250000035,2.406684190000021],[26.275495258000035,2.395647299000075],[26.212000278000062,2.416645243000062],[26.124521022000067,2.469558026000072],[26.15072613700005,2.648816795000073],[26.12819602600007,2.722666061000041],[26.168941209000025,2.717474141000025],[26.208486161000053,2.734141022000074],[26.197992105000026,2.857700015000034],[26.253955183000073,2.890126164000037],[26.308039785000062,2.895814175000055],[26.393893959000025,2.878663780000068],[26.427222743000073,2.856718801000056],[26.441610856000068,2.882222802000058],[26.499670907000052,2.918704298000023],[26.493347947000075,2.963975857000037],[26.544917953000038,2.964132985000049],[26.555340306000062,2.981167067000058],[26.538594197000066,2.999776101000066],[26.499680866000062,3.000387020000062],[26.480982358000063,3.073308972000063],[26.451598600000068,3.111454531000049],[26.46105457300007,3.18512811100004],[26.37575226900003,3.242946055000061],[26.403533399000025,3.312059992000059],[26.386237821000066,3.366573668000058],[26.369073575000073,3.361702076000029],[26.36446447900005,3.373890119000066],[26.392998472000045,3.414234871000076],[26.324027740000076,3.431113878000076],[26.307450595000034,3.467674091000049],[26.27371969400008,3.494988019000061],[26.221927657000037,3.511441259000037],[26.21590156900004,3.535591961000023],[26.152614249000067,3.563059772000031],[26.141847263000045,3.654189847000055],[26.090239860000054,3.678219962000071],[26.06652962000004,3.721439503000056],[26.01996962800007,3.740649899000061],[25.94785987700004,3.717669969000042],[25.94216964700007,3.705219976000024],[25.908229955000024,3.71870986600004],[25.856289928000024,3.692780045000063],[25.84159992000008,3.550950010000065],[25.81278984000005,3.530610018000061],[25.78897035700004,3.528009954000026],[25.703300160000026,3.606010078000054],[25.603719840000053,3.58383999800003],[25.57269,3.545990074000031],[25.530090120000068,3.546539980000034],[25.50318984000006,3.506399925000039],[25.456889880000062,3.512690009000039],[25.413289920000068,3.541549979000024],[25.307369368000025,3.50458074200003],[25.28592984000005,3.540870013000074],[25.25612231200006,3.550436006000041]],[[26.061176905000025,3.63348641500005],[26.056204596000043,3.662590873000056],[26.08582226300007,3.66736912600004],[26.092307883000046,3.640654020000056],[26.061176905000025,3.63348641500005]]]},"properties":{"shapeName":"Bambesa","shapeISO":"","shapeID":"63176286B69142293994365","shapeGroup":"COD","shapeType":"ADM2"}},
{"type":"Feature","geometry":{"type":"Polygon","coordinates":[[[26.58429430900003,2.053249880000067],[26.49561430700004,2.051273347000063],[26.47521275400004,2.115724334000049],[26.424849490000042,2.065298988000052],[26.35618491200006,2.068516026000054],[26.324095962000058,2.120944978000068],[26.316399885000067,2.210009942000056],[26.329895562000047,2.225556468000036],[26.31320704700005,2.250001258000054],[26.326631083000052,2.30548651600003],[26.316897766000068,2.364362086000028],[26.217685311000025,2.341578027000025],[26.193056004000027,2.312526072000026],[26.15368101400003,2.327615144000049],[26.10507598600003,2.284005142000069],[25.990534082000067,2.270129016000055],[25.95824390300004,2.202856069000063],[25.916122114000075,2.218844990000036],[25.894065639000075,2.255479863000062],[25.82046077600006,2.264377484000022],[25.807021260000056,2.278313604000061],[25.659799425000074,2.178494964000038],[25.540771164000034,2.172387167000068],[25.506851280000035,2.195285054000067],[25.415340368000045,2.206713069000045],[25.353235333000043,2.244234130000052],[25.333231177000073,2.274995979000039],[25.28267317800004,2.279420078000044],[25.21143923900007,2.308155030000023],[25.18265115400004,2.300226030000033],[25.129541069000027,2.252860059000056],[25.112318278000032,2.211149040000066],[25.150295068000048,2.206920002000061],[25.157669308000038,2.191992104000065],[25.16390225300006,1.895779960000027],[25.029377112000077,1.874218147000022],[24.90057956800007,1.828808269000035],[24.780767982000043,1.782823284000074],[24.68434919200007,1.720310998000059],[24.616090319000023,1.601013235000039],[24.550998004000064,1.531721869000023],[24.53509896500003,1.460595136000052],[24.41022001700003,1.352682758000071],[24.440212175000056,1.317001866000055],[24.352358301000038,1.200014015000022],[24.30218767300005,1.089808128000072],[24.900499697000043,1.063919095000074],[24.898629523000068,0.983053090000055],[24.984976631000052,0.616458403000024],[25.00724907600005,0.627764848000027],[25.14002597500007,0.640881820000061],[25.227800442000046,0.687836775000051],[25.257496072000038,0.778793849000067],[25.27674603400004,0.787808150000046],[25.359234982000032,0.963287557000058],[25.40421877400007,0.995333456000026],[25.440799448000064,1.061311741000054],[25.48702307900004,1.03345571400007],[25.532175352000024,1.03597424700007],[25.59043810000003,1.068467037000062],[25.631695173000026,1.067302570000038],[25.681804641000042,1.04186547300003],[25.98571405200005,1.020984112000065],[25.954089861000057,1.061130096000056],[25.91503505700007,1.062171136000075],[25.871130040000025,1.082969134000052],[25.854617924000024,1.107290989000035],[25.82331228700008,1.112718998000048],[25.807582856000067,1.180958081000028],[25.81576493400007,1.19477811400003],[25.781316181000022,1.257678137000028],[25.789234020000038,1.283684100000073],[25.772049064000043,1.301569148000056],[25.790579699000034,1.374460300000067],[25.79184581900006,1.461020166000026],[25.851452446000053,1.50105441200003],[25.89793923600007,1.509855401000038],[25.989224053000044,1.471883584000068],[26.01349380700003,1.439594963000047],[26.38697582800006,1.64142324200003],[26.45134920000004,1.626966391000053],[26.458253997000043,1.690604833000066],[26.48917396400003,1.686572270000056],[26.522173043000066,1.702705049000031],[26.515504048000025,1.761668121000071],[26.538311477000036,1.795150953000075],[26.53614139800004,1.852088259000027],[26.591303448000076,1.901718778000031],[26.626225590000047,1.966517083000042],[26.585919653000076,2.001407012000072],[26.56466069800007,2.000215079000043],[26.558440508000047,2.023207996000053],[26.58429430900003,2.053249880000067]]]},"properties":{"shapeName":"Banalia","shapeISO":"","shapeID":"63176286B83745324886444","shapeGroup":"COD","shapeType":"ADM2"}},
{"type":"Feature","geometry":{"type":"Polygon","coordinates":[[[17.557170120000023,-3.293640056999948],[17.527227193000044,-3.262278684999956],[17.442339840000045,-3.236950049999962],[17.39747016000007,-3.198059929999943],[17.353730303000077,-3.198510863999957],[17.38089,-3.264879982999958],[17.365989960000036,-3.305450019999967],[17.33910012000007,-3.32928992799998],[17.35803,-3.358869981999931],[17.42373,-3.393280004999951],[17.435369880000053,-3.427509956999927],[17.483986440000024,-3.436923916999945],[17.514879480000047,-3.390048928999931],[17.498955240000043,-3.360035864999929],[17.51293080000005,-3.338377753999964],[17.548939440000026,-3.330199272999948],[17.56292472000007,-3.310139527999979],[17.557170120000023,-3.293640056999948]]]},"properties":{"shapeName":"Bandundu","shapeISO":"","shapeID":"63176286B76945459106625","shapeGroup":"COD","shapeType":"ADM2"}},
{"type":"Feature","geometry":{"type":"Polygon","coordinates":[[[14.483337607000067,-5.501439927999968],[14.444371765000028,-5.500980401999925],[14.428234954000061,-5.528518863999977],[14.420418686000062,-5.612642062999953],[14.462343360000034,-5.617311963999953],[14.458576320000077,-5.567173957999955],[14.486081040000045,-5.554749228999981],[14.491677240000058,-5.533626921999939],[14.483337607000067,-5.501439927999968]]]},"properties":{"shapeName":"Bangu","shapeISO":"","shapeID":"63176286B31425721317411","shapeGroup":"COD","shapeType":"ADM2"}},
{"type":"Feature","geometry":{"type":"Polygon","coordinates":[[[29.08751420300007,-4.084636309999951],[29.08356407100007,-4.094656922999945],[29.100126905000025,-4.092986829999973],[29.08751420300007,-4.084636309999951]]]},"properties":{"shapeName":"Baraka","shapeISO":"","shapeID":"63176286B52252759567832","shapeGroup":"COD","shapeType":"ADM2"}},
{"type":"Feature","geometry":{"type":"Polygon","coordinates":[[[20.690890257000035,1.182391515000063],[20.71393956000003,1.269223966000027],[20.651092560000052,1.364115166000033],[20.63736,1.416934440000034],[20.660459635000052,1.487269879000053],[20.65981572000004,1.566991217000066],[20.681625240000074,1.588138052000033],[20.695555080000076,1.635895487000028],[20.689210440000068,1.708419333000052],[20.615044320000038,1.698646561000032],[20.56708512000006,1.666423099000042],[20.451033360000054,1.681568454000057],[20.404708560000074,1.666175384000042],[20.327721120000035,1.730353525000055],[20.23759620000004,1.752503819000026],[20.11127760000005,1.756139573000041],[20.010394440000027,1.713997575000064],[19.959728040000073,1.708489412000063],[19.879482960000075,1.660839314000043],[19.705911120000053,1.628721342000063],[19.640217240000027,1.596403770000052],[19.44672552000003,1.458082602000047],[19.442810988000076,1.25159220300003],[19.395460080000078,1.236139945000048],[19.35666,1.191340008000054],[19.309629960000052,1.188989911000021],[19.271251867000046,1.126483295000071],[19.291454608000038,1.116358879000074],[19.284761520000075,1.098411089000024],[19.310147640000025,1.076172116000066],[19.306631880000054,0.997395379000068],[19.355626080000036,0.983076337000057],[19.341764280000064,0.891042079000044],[19.39113234000007,0.936742080000045],[19.424171251000075,0.943304952000062],[19.416584189000048,0.884144080000056],[19.466369280000038,0.81870613600006],[19.493854314000032,0.680863078000073],[19.60393644000004,0.655942094000068],[19.583626320000064,0.566219062000073],[19.61019323200003,0.469987095000022],[19.586150083000064,0.41183038600002],[19.697968788000026,0.412540102000037],[19.72464012000006,0.392599972000028],[19.794499920000078,0.389410086000055],[19.841097240000067,0.362555993000058],[19.911309840000058,0.369019950000052],[19.94069016000003,0.352310075000048],[19.98891,0.367499889000044],[20.01663,0.356290104000038],[20.051849880000077,0.371349965000036],[20.107649880000054,0.359500007000065],[20.26072116000006,0.363067126000033],[20.295061258000032,0.375118010000051],[20.300033159000066,0.427551114000039],[20.358787319000044,0.512215104000063],[20.35847159900004,0.574264663000065],[20.430052559000046,0.673448105000034],[20.40987743900007,0.732404081000027],[20.400005159000045,0.85849909500007],[20.440159920000042,0.957960061000051],[20.43781344000007,1.061849107000057],[20.488073400000076,1.108767008000029],[20.555866326000057,1.235635907000074],[20.690890257000035,1.182391515000063]]]},"properties":{"shapeName":"Basankusu","shapeISO":"","shapeID":"63176286B59821830207387","shapeGroup":"COD","shapeType":"ADM2"}},
{"type":"Feature","geometry":{"type":"Polygon","coordinates":[[[23.572582560000058,2.396248575000072],[23.561203680000062,2.360018234000052],[23.57976922100005,2.193119173000071],[23.48491320000005,2.184985106000056],[23.329061402000036,2.282090946000039],[23.313419280000062,2.258988066000029],[23.31442044000005,2.167878999000038],[23.326471403000028,2.141031213000076],[23.312563200000056,2.089857165000069],[23.27116716000006,2.106117994000044],[23.23275588000007,2.086013020000053],[23.187963240000045,2.093029123000065],[23.104929240000047,2.171663143000046],[23.020940160000066,2.218989974000067],[23.004519939000033,2.175170232000028],[22.97814984000007,2.186050044000069],[22.97421,2.158419947000027],[22.93407,2.142509983000025],[22.94885914500003,2.117988883000066],[22.928879880000068,2.096000070000059],[22.897739880000074,2.102930034000053],[22.888580040000022,2.069049893000056],[22.873479840000073,2.070329970000046],[22.826660040000036,2.02793003000005],[22.801920341000027,2.034431981000068],[22.78008,2.017730007000068],[22.74810012000006,2.047650118000035],[22.69354807700006,2.069368986000029],[22.680869779000034,2.049960282000029],[22.731770160000053,1.959890053000038],[22.826739960000054,1.910829910000075],[22.99021231100005,1.872775657000034],[23.056440585000075,1.80855860600002],[23.10837003000006,1.728600178000022],[23.114769840000065,1.692070038000054],[23.184093562000044,1.604170357000044],[23.167407240000045,1.590086162000034],[23.15157012000003,1.531402071000059],[23.12772012000005,1.510344567000061],[23.22399960000007,1.345743538000022],[23.207965560000048,1.319880210000065],[23.21564292000005,1.30978241400004],[23.286958200000072,1.343842061000032],[23.326134480000064,1.343647101000045],[23.403514680000058,1.306200849000049],[23.52248136000003,1.158681367000042],[23.536094400000025,1.132668786000067],[23.53681512000003,1.07945124400004],[23.58244872000006,1.083195470000021],[23.620903200000043,1.045409540000037],[23.67371698100004,1.042958054000053],[23.705885238000064,1.090495889000067],[23.695670160000077,1.109569978000025],[23.823600120000037,1.071129886000051],[23.88549996000006,1.069849911000063],[24.043721125000047,0.986530520000031],[24.115709827000046,0.97562999500002],[24.145939517000045,0.958079058000067],[24.30218767300005,1.089808128000072],[24.352358301000038,1.200014015000022],[24.440212175000056,1.317001866000055],[24.41022001700003,1.352682758000071],[24.53509896500003,1.460595136000052],[24.550998004000064,1.531721869000023],[24.616090319000023,1.601013235000039],[24.68434919200007,1.720310998000059],[24.780767982000043,1.782823284000074],[24.90057956800007,1.828808269000035],[25.029377112000077,1.874218147000022],[25.16390225300006,1.895779960000027],[25.157669308000038,2.191992104000065],[25.150295068000048,2.206920002000061],[25.112318278000032,2.211149040000066],[25.09654032000003,2.210629127000061],[25.059087360000035,2.256734032000054],[25.046547480000072,2.247253042000068],[25.012628280000058,2.265528992000043],[24.96233520000004,2.259809105000045],[24.952553280000075,2.247115090000023],[24.950884320000057,2.264366143000075],[24.925947450000024,2.266337050000061],[24.897009240000045,2.239990033000026],[24.866647157000045,2.282664120000049],[24.86163096000007,2.264187133000064],[24.844534920000058,2.263382304000061],[24.45754572000004,2.282563357000072],[24.364686600000027,2.239681892000021],[24.319636200000048,2.280807848000052],[24.273208440000076,2.259951738000041],[24.22454976000006,2.263666488000069],[24.17224752000004,2.220028413000023],[24.059805480000023,2.21056285100002],[24.060843,2.176055663000056],[24.08568156000007,2.154313382000055],[24.032222280000042,2.124224044000073],[23.978540520000024,2.114055987000029],[23.96157228000004,2.078767061000065],[23.946270480000067,2.075696118000053],[23.903925480000055,2.084448018000046],[23.87627640000005,2.124334990000023],[23.773830480000072,2.125167991000069],[23.66486352000004,2.188763984000047],[23.593958414000042,2.191128265000032],[23.61166920000005,2.254271988000028],[23.572582560000058,2.396248575000072]]]},"properties":{"shapeName":"Basoko","shapeISO":"","shapeID":"63176286B83726148102259","shapeGroup":"COD","shapeType":"ADM2"}},
{"type":"Feature","geometry":{"type":"Polygon","coordinates":[[[20.295061258000032,0.375118010000051],[20.353508108000028,0.347881235000045],[20.495220479000068,0.176019985000039],[20.57471747900007,0.13811981300006],[20.564012519000073,0.099227213000063],[20.463729839000052,0.030240373000026],[20.47224023900003,0.00633756600007],[20.56203221000004,-0.001568964999933],[20.57644835900004,-0.018710265999971],[20.58676127900003,-0.030619944999955],[20.62376819900004,-0.030783417999942],[20.687474879000035,-0.006244025999933],[20.730119456000068,-0.007464939999977],[20.810482199000035,-0.043898859999956],[20.82105647900005,-0.025125873999968],[20.81293344000005,0.006467155000053],[20.934159118000025,0.060062954000045],[20.955925438000065,0.086064024000052],[21.014940238000065,0.088551971000072],[21.16765163100007,0.213557199000036],[21.18915,0.180890063000049],[21.223068126000044,0.189681091000068],[21.214680120000025,0.183639878000065],[21.231839174000072,0.177580113000033],[21.228350040000066,0.158489965000058],[21.25422,0.147679932000074],[21.264679586000057,0.124801102000049],[21.256170120000036,0.106129982000027],[21.297268646000077,0.101189813000076],[21.298060080000027,0.088799972000061],[21.361010040000053,0.089560018000043],[21.37116996000003,0.074019902000032],[21.417137265000065,0.087727185000062],[21.458720896000045,0.078884021000022],[21.489249960000052,0.083500019000041],[21.486355200000048,0.10299806200004],[21.5118,0.087360085000057],[21.518750160000025,0.10302996300004],[21.550259880000056,0.070909967000034],[21.588620040000023,0.094190042000037],[21.62061,0.086870029000067],[21.637839960000065,0.100319970000044],[21.647999630000072,0.085019387000045],[21.668939283000043,0.09069799100007],[21.667959835000033,0.070940134000068],[21.726628367000046,0.093910095000069],[21.727440245000025,0.078073613000072],[21.748620362000054,0.080998875000034],[21.75543959600003,0.056020106000062],[21.786207067000078,0.087950069000044],[21.770280248000063,0.054069961000039],[21.787929329000065,0.042950875000031],[21.820659840000076,0.056999880000035],[21.94857,0.004240004000053],[22.047559920000026,0.034609964000026],[22.081100040000024,0.063339967000047],[22.104417109000053,0.056629809000071],[22.157589960000053,0.083660067000039],[22.177459571000043,0.080365078000057],[22.21349544000003,0.174571092000065],[22.270051800000033,0.200106500000061],[22.27827780000007,0.250856017000046],[22.27128624000005,0.28266786100005],[22.207944240000074,0.366117342000052],[22.187189880000062,0.493950908000045],[22.161510360000023,0.543155978000073],[22.115511360000028,0.560049055000036],[22.049989200000027,0.562546075000057],[22.022627400000033,0.589455067000074],[21.685584600000027,0.603670420000071],[21.564141480000046,0.657722327000045],[21.624948,0.699917140000025],[21.633867360000067,0.725617568000075],[21.56980788000004,0.748114828000041],[21.531212640000035,0.74722545000003],[21.459838320000074,0.803450701000031],[21.412849340000037,0.80019401900006],[21.389462640000033,0.81651597900003],[21.341900880000026,0.818845443000043],[21.29922324000006,0.847918569000058],[21.233035440000037,0.858594608000033],[21.13016256000003,0.917405537000036],[21.11373972000007,0.909811457000046],[21.010982400000046,0.958020972000043],[20.99796948000005,1.000456181000061],[21.022687440000027,1.061685303000047],[21.005560080000066,1.190970069000059],[20.910049920000063,1.170730007000031],[20.851430040000025,1.186150042000065],[20.77003921000005,1.169780719000073],[20.743641229000048,1.18402607400003],[20.713120548000063,1.174090584000055],[20.690890257000035,1.182391515000063],[20.555866326000057,1.235635907000074],[20.488073400000076,1.108767008000029],[20.43781344000007,1.061849107000057],[20.440159920000042,0.957960061000051],[20.400005159000045,0.85849909500007],[20.40987743900007,0.732404081000027],[20.430052559000046,0.673448105000034],[20.35847159900004,0.574264663000065],[20.358787319000044,0.512215104000063],[20.300033159000066,0.427551114000039],[20.295061258000032,0.375118010000051]]]},"properties":{"shapeName":"Befale","shapeISO":"","shapeID":"63176286B4133354906354","shapeGroup":"COD","shapeType":"ADM2"}},
{"type":"Feature","geometry":{"type":"Polygon","coordinates":[[[22.884691176000047,-4.215162650999957],[22.876656672000024,-4.223229090999951],[22.89774724700004,-4.251460959999974],[22.933902518000025,-4.242386543999942],[22.935911144000045,-4.215162650999957],[22.92385938700005,-4.204071157999977],[22.90076018600007,-4.199029516999929],[22.884691176000047,-4.215162650999957]]]},"properties":{"shapeName":"Bena-Dibele","shapeISO":"","shapeID":"63176286B9358277012481","shapeGroup":"COD","shapeType":"ADM2"}},
{"type":"Feature","geometry":{"type":"Polygon","coordinates":[[[29.384092988000077,0.544760156000052],[29.35417343900008,0.503839233000065],[29.35472351800007,0.466157468000063],[29.397109124000053,0.410098803000039],[29.403274535000037,0.380226005000054],[29.493261360000076,0.376408663000063],[29.513232360000075,0.38868466100007],[29.552191149000066,0.473754961000054],[29.52983368500003,0.548019355000065],[29.535013976000073,0.581090301000074],[29.49946594100004,0.584638017000032],[29.48010769600006,0.550181702000032],[29.384092988000077,0.544760156000052]]]},"properties":{"shapeName":"Beni","shapeISO":"","shapeID":"63176286B12710938610069","shapeGroup":"COD","shapeType":"ADM2"}},
{"type":"Feature","geometry":{"type":"Polygon","coordinates":[[[18.557859989000065,-0.071479809999971],[18.486611147000076,-0.028321066999979],[18.473032429000057,-0.044020874999944],[18.421559003000027,-0.022540289999938],[18.394729701000074,-0.036028375999933],[18.360326160000056,-0.092465024999967],[18.357431400000053,-0.158870978999971],[18.32826240000003,-0.195919149999952],[18.266896080000038,-0.234012585999949],[18.24389640000004,-0.244771014999969],[18.18268928400005,-0.237107908999974],[18.117969480000056,-0.214765911999962],[18.101364492000073,-0.186620950999952],[17.976569233000077,-0.339150649999965],[17.849919960000022,-0.456789945999958],[17.81898984000003,-0.515309954999964],[17.779050975000075,-0.555500224999946],[17.72982,-0.596743692999951],[17.74174871200006,-0.618659521999973],[17.810309880000034,-0.59231],[17.78537016000007,-0.659079937999934],[17.710539120000078,-1.069296870999949],[17.556953760000056,-1.222491307999974],[17.54367048000006,-1.329610927999965],[17.501694840000027,-1.404545],[17.50642632000006,-1.479804369999954],[17.612660520000077,-1.458078817999933],[17.732081520000065,-1.411480261999941],[17.91038664000007,-1.376255990999937],[18.12745872000005,-1.20438028999996],[18.136993680000046,-1.102775359999953],[18.328516200000024,-1.12304996599994],[18.39292020000005,-1.172997410999926],[18.438444360000062,-1.188062989999935],[18.47460348000004,-1.231504875999974],[18.522323280000023,-1.260847858999966],[18.572132160000024,-1.260752898999954],[18.697294440000064,-1.221304019999934],[18.761142230000075,-1.236272913999926],[18.72,-1.182999873999961],[18.744999840000048,-1.118000067999958],[18.79800012000004,-1.143999989999941],[18.830000160000054,-1.18399995599998],[18.870999840000025,-1.16600004299994],[18.85100004000003,-1.07800008199996],[18.817999920000034,-1.037999921999926],[18.743000040000027,-1.011999983999942],[18.749000160000037,-0.934999988999948],[18.79300008000007,-0.821999929999947],[18.554000040000062,-0.672000026999967],[18.491000040000074,-0.614999997999973],[18.51591671700004,-0.583439673999976],[18.492305757000054,-0.467359217999956],[18.53116992500003,-0.408765673999937],[18.537210353000035,-0.323517453999955],[18.573387120000064,-0.240376769999955],[18.57020004000003,-0.076220015999979],[18.557859989000065,-0.071479809999971]]]},"properties":{"shapeName":"Bikoro","shapeISO":"","shapeID":"63176286B68262610189121","shapeGroup":"COD","shapeType":"ADM2"}},
{"type":"Feature","geometry":{"type":"Polygon","coordinates":[[[20.57644835900004,-0.018710265999971],[20.548967400000038,-0.063483972999961],[20.447637480000026,-0.072367877999966],[20.34694116000003,-0.137261901999977],[20.33885988000003,-0.249039996999954],[20.32178077900005,-0.241139892999968],[20.294759880000072,-0.260279993999973],[20.26860012000003,-0.244519951999962],[20.24426087300003,-0.274469593999925],[20.22672943400005,-0.267717574999949],[20.219770080000046,-0.232229906999976],[20.192159880000077,-0.201619914999981],[20.209119840000028,-0.140869994999946],[20.193950160000043,-0.119889916999966],[20.078700120000065,-0.127269937999927],[20.07063,-0.142839945999924],[20.094069740000066,-0.153769749999924],[20.074579920000076,-0.172250048999956],[20.050059960000056,-0.149610051999957],[20.014490160000037,-0.145959965999964],[19.99575,-0.11003005699996],[19.922742200000073,-0.109829838999929],[19.890680040000063,-0.091050009999947],[19.827299880000055,-0.125110019999966],[19.837339920000034,-0.13749999099997],[19.822960459000058,-0.166639342999929],[19.85847012000005,-0.180400008999925],[19.863839880000057,-0.199490103999949],[19.886031514000024,-0.18551204299996],[19.898030160000076,-0.205660012999942],[19.911809880000078,-0.190130067999974],[19.92871008000003,-0.229030057999978],[19.92422988000004,-0.255639918999975],[19.943520120000073,-0.273899943999936],[19.974770215000035,-0.276150127999927],[20.01085565300008,-0.311261177999938],[20.052420120000022,-0.307140059999938],[20.071510932000024,-0.36374084299996],[20.10878895600007,-0.392439056999933],[20.09275992000005,-0.445169906999979],[20.097362025000052,-0.481481361999954],[20.121069960000057,-0.48828005799993],[20.12346,-0.509879905999981],[20.155460040000037,-0.528530100999944],[20.17595988000005,-0.597469995999973],[20.191360299000053,-0.593370285999924],[20.218119840000043,-0.61148005299998],[20.22638057300003,-0.602800700999978],[20.255600040000047,-0.648218430999975],[20.283819323000046,-0.665600311999924],[20.304780119000043,-0.673299963999966],[20.324461650000046,-0.709239899999943],[20.364929999000026,-0.697059925999952],[20.37953015900007,-0.745149872999946],[20.402020079000067,-0.768930000999944],[20.46129983900005,-0.762760068999967],[20.489439959000038,-0.77468001699998],[20.48523983900003,-0.793730017999962],[20.54941880800004,-0.795909911999956],[20.536602153000047,-0.814338276999933],[20.559099959000037,-0.817780009999979],[20.58018347600006,-0.850591392999945],[20.630580502000043,-0.868221312999935],[20.659799880000037,-0.916860038999971],[20.706168048000052,-0.912740338999924],[20.734329960000025,-0.947549945999924],[20.805720165000025,-0.968589948999977],[20.816940825000074,-0.959222572999977],[20.833160040000053,-0.970279987999959],[20.882098239000072,-0.945980085999963],[20.917540080000038,-0.98888999199994],[20.975849999000047,-0.971230042999935],[21.04363991300005,-1.035429790999956],[21.11825987800006,-1.051160010999979],[21.243369958000073,-1.121799925999937],[21.293373807000023,-1.126381604999949],[21.31044011700004,-1.142800054999952],[21.32867987700007,-1.13474989499997],[21.35672999700006,-1.165259976999948],[21.39329987700006,-1.159210063999979],[21.42660072800004,-1.200458000999959],[21.511763277000057,-1.185911102999967],[21.53821283700006,-1.166534504999959],[21.56502131700006,-1.169880563999925],[21.712190037000028,-1.068124654999963],[21.72337163800006,-1.006130145999975],[21.699470156000075,-0.997469983999963],[21.682069916000046,-1.00982003699994],[21.646869837000054,-0.985949916999971],[21.645669956000063,-0.969919932999971],[21.615140156000052,-0.947749976999944],[21.616109996000034,-0.911930014999939],[21.59633015600008,-0.90516994099994],[21.590279147000047,-0.873433312999964],[21.645988196000076,-0.875254943999948],[21.75166115600007,-0.82096693699998],[21.821565235000037,-0.806018957999925],[21.870756715000027,-0.721112442999924],[21.945887275000075,-0.690796539999951],[21.890636635000078,-0.646163238999975],[21.891990108000073,-0.557282087999965],[21.86376012000005,-0.531919973999948],[21.867249299000036,-0.511949062999975],[21.838150080000048,-0.476009990999955],[21.79764,-0.507210026999928],[21.781529395000064,-0.48108981799993],[21.754130040000064,-0.483739949999972],[21.75198984000008,-0.440789993999942],[21.73371984000005,-0.444169998999939],[21.721759920000068,-0.472599901999956],[21.70798137500003,-0.42753171399994],[21.637929960000065,-0.424739902999931],[21.602850120000028,-0.407150079999951],[21.59907984000006,-0.374990072999935],[21.58836012000006,-0.37311009299998],[21.584400120000055,-0.396749937999971],[21.55173012000006,-0.404199904999928],[21.53217976800005,-0.385750060999953],[21.51570934700004,-0.396708855999975],[21.508300080000026,-0.360389984999927],[21.479280120000055,-0.371300040999927],[21.454940160000035,-0.349149912999962],[21.373909920000074,-0.35456007199997],[21.35372004000004,-0.323020049999968],[21.38396976000007,-0.234344752999959],[21.44674224000005,-0.195677276999959],[21.50063712000008,-0.08739847399994],[21.634308360000034,0.052746541000033],[21.647999630000072,0.085019387000045],[21.637839960000065,0.100319970000044],[21.62061,0.086870029000067],[21.588620040000023,0.094190042000037],[21.550259880000056,0.070909967000034],[21.518750160000025,0.10302996300004],[21.5118,0.087360085000057],[21.486355200000048,0.10299806200004],[21.489249960000052,0.083500019000041],[21.458720896000045,0.078884021000022],[21.417137265000065,0.087727185000062],[21.37116996000003,0.074019902000032],[21.361010040000053,0.089560018000043],[21.298060080000027,0.088799972000061],[21.297268646000077,0.101189813000076],[21.256170120000036,0.106129982000027],[21.264679586000057,0.124801102000049],[21.25422,0.147679932000074],[21.228350040000066,0.158489965000058],[21.231839174000072,0.177580113000033],[21.214680120000025,0.183639878000065],[21.223068126000044,0.189681091000068],[21.18915,0.180890063000049],[21.16765163100007,0.213557199000036],[21.014940238000065,0.088551971000072],[20.955925438000065,0.086064024000052],[20.934159118000025,0.060062954000045],[20.81293344000005,0.006467155000053],[20.82105647900005,-0.025125873999968],[20.810482199000035,-0.043898859999956],[20.730119456000068,-0.007464939999977],[20.687474879000035,-0.006244025999933],[20.62376819900004,-0.030783417999942],[20.58676127900003,-0.030619944999955],[20.57644835900004,-0.018710265999971]]]},"properties":{"shapeName":"Boende","shapeISO":"","shapeID":"63176286B77918114228452","shapeGroup":"COD","shapeType":"ADM2"}},
{"type":"Feature","geometry":{"type":"Polygon","coordinates":[[[21.647999630000072,0.085019387000045],[21.634308360000034,0.052746541000033],[21.50063712000008,-0.08739847399994],[21.44674224000005,-0.195677276999959],[21.38396976000007,-0.234344752999959],[21.35372004000004,-0.323020049999968],[21.373909920000074,-0.35456007199997],[21.454940160000035,-0.349149912999962],[21.479280120000055,-0.371300040999927],[21.508300080000026,-0.360389984999927],[21.51570934700004,-0.396708855999975],[21.53217976800005,-0.385750060999953],[21.55173012000006,-0.404199904999928],[21.584400120000055,-0.396749937999971],[21.58836012000006,-0.37311009299998],[21.59907984000006,-0.374990072999935],[21.602850120000028,-0.407150079999951],[21.637929960000065,-0.424739902999931],[21.70798137500003,-0.42753171399994],[21.721759920000068,-0.472599901999956],[21.73371984000005,-0.444169998999939],[21.75198984000008,-0.440789993999942],[21.754130040000064,-0.483739949999972],[21.781529395000064,-0.48108981799993],[21.79764,-0.507210026999928],[21.838150080000048,-0.476009990999955],[21.867249299000036,-0.511949062999975],[21.86376012000005,-0.531919973999948],[21.891990108000073,-0.557282087999965],[21.890636635000078,-0.646163238999975],[21.945887275000075,-0.690796539999951],[21.870756715000027,-0.721112442999924],[21.821565235000037,-0.806018957999925],[21.75166115600007,-0.82096693699998],[21.645988196000076,-0.875254943999948],[21.590279147000047,-0.873433312999964],[21.59633015600008,-0.90516994099994],[21.616109996000034,-0.911930014999939],[21.615140156000052,-0.947749976999944],[21.645669956000063,-0.969919932999971],[21.646869837000054,-0.985949916999971],[21.682069916000046,-1.00982003699994],[21.699470156000075,-0.997469983999963],[21.72337163800006,-1.006130145999975],[21.748119840000072,-0.996960000999934],[21.798010022000028,-1.034140276999949],[21.797489880000057,-1.055969990999927],[21.802780347000066,-1.04221014899997],[21.824579880000044,-1.061049907999973],[21.80746063400005,-1.078990741999974],[21.821813255000052,-1.090763964999951],[21.784195440000076,-1.140500010999972],[21.76157757900006,-1.211894819999941],[21.867292080000027,-1.301586268999927],[21.920903640000063,-1.50028724699996],[21.978826920000074,-1.522957546999976],[22.072570920000032,-1.657488926999974],[22.140196200000048,-1.729722457999969],[22.14893844000005,-1.769866811999975],[22.195396075000076,-1.810929736999981],[22.492707462000055,-1.916803809999976],[22.589590486000077,-1.750840162999964],[22.63008528000006,-1.71694089999994],[22.678832880000073,-1.720822809999959],[22.85449236000005,-1.531010023999954],[22.89108852000004,-1.514311016999955],[22.933786320000024,-1.533028993999949],[23.034355920000053,-1.424957035999967],[23.037525360000075,-1.406356878999929],[22.977494641000078,-1.341987788999973],[22.931630280000036,-1.376659956999958],[22.87572516000006,-1.377637800999935],[22.798527480000075,-1.294262924999941],[22.76118144000003,-1.343435024999962],[22.70511288000006,-1.245068415999924],[22.64809284000006,-0.977015786999971],[22.67096656500007,-0.904022451999936],[22.702610520000064,-0.891210396999952],[22.70539548000005,-0.82312122899998],[22.615814880000073,-0.776343781999969],[22.56808896000007,-0.720460408999941],[22.532808240000065,-0.706639893999977],[22.533243120000066,-0.660147932999962],[22.589937720000023,-0.461525798999958],[22.582856160000063,-0.403368866999926],[22.474369800000034,-0.159201526999937],[22.40940456000004,-0.093873190999943],[22.398130440000045,-0.040571020999948],[22.357158480000066,0.022417138000037],[22.33962106300004,0.114618198000073],[22.31519004000006,0.118120023000074],[22.291840080000043,0.097279968000066],[22.23892008000007,0.097580058000062],[22.19671008000006,0.068329921000043],[22.177459571000043,0.080365078000057],[22.157589960000053,0.083660067000039],[22.104417109000053,0.056629809000071],[22.081100040000024,0.063339967000047],[22.047559920000026,0.034609964000026],[21.94857,0.004240004000053],[21.820659840000076,0.056999880000035],[21.787929329000065,0.042950875000031],[21.770280248000063,0.054069961000039],[21.786207067000078,0.087950069000044],[21.75543959600003,0.056020106000062],[21.748620362000054,0.080998875000034],[21.727440245000025,0.078073613000072],[21.726628367000046,0.093910095000069],[21.667959835000033,0.070940134000068],[21.668939283000043,0.09069799100007],[21.647999630000072,0.085019387000045]]]},"properties":{"shapeName":"Bokungu","shapeISO":"","shapeID":"63176286B49430673132917","shapeGroup":"COD","shapeType":"ADM2"}},
{"type":"Feature","geometry":{"type":"Polygon","coordinates":[[[16.433977307000077,-2.220057026999939],[16.400266200000033,-2.145205991999944],[16.242000120000057,-2.123000024999953],[16.191,-2.224999978999961],[16.184999880000078,-2.319999949999954],[16.188999840000065,-2.423999890999937],[16.23700008000003,-2.624999956999943],[16.193683080000028,-2.718583433999925],[16.205000040000073,-2.784999983999967],[16.17999984000005,-2.874999998999954],[16.194999960000075,-3.015999912999973],[16.17800292000004,-3.033888611999942],[16.172301960000027,-3.072578850999946],[16.19097976300003,-3.179001784999969],[16.233760080000025,-3.11896995099994],[16.32843,-3.085940022999978],[16.419020040000078,-3.065810104999969],[16.456190040000024,-3.082689955999967],[16.48353996000003,-3.053130062999969],[16.558890120000058,-3.05764993799994],[16.58078759700004,-3.038002176999953],[16.63659,-3.022589895999943],[16.71372995300004,-3.018580025999938],[16.706918160000043,-2.931405911999946],[16.650062280000043,-2.863312993999955],[16.592182200000025,-2.716768925999929],[16.495473960000027,-2.651100772999939],[16.53681529000005,-2.617148975999953],[16.55457516000007,-2.573359688999972],[16.51953276000006,-2.509906582999974],[16.53164424000005,-2.427582389999941],[16.513034040000036,-2.420709998999939],[16.459773480000024,-2.44415485299993],[16.44005448000007,-2.412334871999974],[16.463957400000027,-2.330348992999973],[16.443468360000054,-2.300526944999945],[16.433977307000077,-2.220057026999939]]]},"properties":{"shapeName":"Bolobo","shapeISO":"","shapeID":"63176286B21856672762157","shapeGroup":"COD","shapeType":"ADM2"}},
{"type":"Feature","geometry":{"type":"Polygon","coordinates":[[[19.44672552000003,1.458082602000047],[19.212896520000072,1.349838567000063],[19.094396760000052,1.270305280000059],[18.890164800000036,1.173126070000023],[18.823325400000044,1.119888015000072],[18.78918156000003,1.110346098000036],[18.72893232000007,1.050496322000072],[18.684852120000073,1.037339474000021],[18.384909840000034,0.756540029000064],[18.360860040000034,0.686610012000074],[18.366819435000025,0.646689781000021],[18.36288,0.460280063000027],[18.320261153000047,0.379112707000047],[18.323499791000074,0.337799090000033],[18.282690054000057,0.145480317000022],[18.289084331000026,0.069302909000044],[18.324566280000056,0.071950097000069],[18.36268812000003,0.043845690000069],[18.369479520000027,-0.003864575999955],[18.394729701000074,-0.036028375999933],[18.421559003000027,-0.022540289999938],[18.473032429000057,-0.044020874999944],[18.486611147000076,-0.028321066999979],[18.557859989000065,-0.071479809999971],[18.592363430000034,-0.012479000999974],[19.072769342000072,-0.170481950999942],[19.07246013400004,-0.217779900999972],[19.128350160000025,-0.238600040999927],[19.139690160000043,-0.229499924999971],[19.12214016000007,-0.19241001499995],[19.13319,-0.17663998699993],[19.228610160000073,-0.167649958999959],[19.334019960000035,-0.13115991799998],[19.38443004000004,-0.132410016999927],[19.403489880000052,-0.112780062999946],[19.443470040000022,-0.102949938999927],[19.473641531000055,-0.130929521999974],[19.515840120000064,-0.093780009999932],[19.54161,-0.13389009499997],[19.579790160000073,-0.158930095999949],[19.626410160000034,-0.146829952999951],[19.666410120000023,-0.173709937999945],[19.680800040000065,-0.130409966999935],[19.75996008000004,-0.171749901999931],[19.822960459000058,-0.166639342999929],[19.837339920000034,-0.13749999099997],[19.827299880000055,-0.125110019999966],[19.890680040000063,-0.091050009999947],[19.922742200000073,-0.109829838999929],[19.99575,-0.11003005699996],[20.014490160000037,-0.145959965999964],[20.050059960000056,-0.149610051999957],[20.074579920000076,-0.172250048999956],[20.094069740000066,-0.153769749999924],[20.07063,-0.142839945999924],[20.078700120000065,-0.127269937999927],[20.193950160000043,-0.119889916999966],[20.209119840000028,-0.140869994999946],[20.192159880000077,-0.201619914999981],[20.219770080000046,-0.232229906999976],[20.22672943400005,-0.267717574999949],[20.24426087300003,-0.274469593999925],[20.26860012000003,-0.244519951999962],[20.294759880000072,-0.260279993999973],[20.32178077900005,-0.241139892999968],[20.33885988000003,-0.249039996999954],[20.34694116000003,-0.137261901999977],[20.447637480000026,-0.072367877999966],[20.548967400000038,-0.063483972999961],[20.57644835900004,-0.018710265999971],[20.56203221000004,-0.001568964999933],[20.47224023900003,0.00633756600007],[20.463729839000052,0.030240373000026],[20.564012519000073,0.099227213000063],[20.57471747900007,0.13811981300006],[20.495220479000068,0.176019985000039],[20.353508108000028,0.347881235000045],[20.295061258000032,0.375118010000051],[20.26072116000006,0.363067126000033],[20.107649880000054,0.359500007000065],[20.051849880000077,0.371349965000036],[20.01663,0.356290104000038],[19.98891,0.367499889000044],[19.94069016000003,0.352310075000048],[19.911309840000058,0.369019950000052],[19.841097240000067,0.362555993000058],[19.794499920000078,0.389410086000055],[19.72464012000006,0.392599972000028],[19.697968788000026,0.412540102000037],[19.586150083000064,0.41183038600002],[19.61019323200003,0.469987095000022],[19.583626320000064,0.566219062000073],[19.60393644000004,0.655942094000068],[19.493854314000032,0.680863078000073],[19.466369280000038,0.81870613600006],[19.416584189000048,0.884144080000056],[19.424171251000075,0.943304952000062],[19.39113234000007,0.936742080000045],[19.341764280000064,0.891042079000044],[19.355626080000036,0.983076337000057],[19.306631880000054,0.997395379000068],[19.310147640000025,1.076172116000066],[19.284761520000075,1.098411089000024],[19.291454608000038,1.116358879000074],[19.271251867000046,1.126483295000071],[19.309629960000052,1.188989911000021],[19.35666,1.191340008000054],[19.395460080000078,1.236139945000048],[19.442810988000076,1.25159220300003],[19.44672552000003,1.458082602000047]]]},"properties":{"shapeName":"Bolomba","shapeISO":"","shapeID":"63176286B53001735211155","shapeGroup":"COD","shapeType":"ADM2"}},
{"type":"Feature","geometry":{"type":"Polygon","coordinates":[[[13.100582228000064,-5.878640940999958],[13.10965714100007,-5.876907350999943],[13.109118120000062,-5.759643880999931],[12.997918800000036,-5.76732680899994],[12.984788196000068,-5.857142731999943],[13.083208748000061,-5.862047081999947],[13.100582228000064,-5.878640940999958]]]},"properties":{"shapeName":"Boma","shapeISO":"","shapeID":"63176286B538038850114","shapeGroup":"COD","shapeType":"ADM2"}},
{"type":"Feature","geometry":{"type":"Polygon","coordinates":[[[18.101364492000073,-0.186620950999952],[18.18302004000003,-0.03779001099997],[18.220027548000076,-0.008881717999941],[18.238629960000026,0.03470008000005],[18.289084331000026,0.069302909000044],[18.282690054000057,0.145480317000022],[18.323499791000074,0.337799090000033],[18.320261153000047,0.379112707000047],[18.36288,0.460280063000027],[18.366819435000025,0.646689781000021],[18.171011880000037,0.489439280000056],[18.17284680000006,0.665639470000031],[18.38211984000003,1.053463908000026],[18.63125136000002,1.444409453000048],[18.76801860000006,1.561541740000052],[19.114420133000067,1.78113700800003],[19.44981967900003,2.039426977000062],[19.125467376000074,2.126355960000069],[19.06470838000007,2.099679045000073],[19.022243400000036,2.052727078000032],[18.993717360000062,2.047804119000034],[18.958200120000072,2.013810035000063],[18.849100816000032,1.976680171000055],[18.762729480000075,1.972235018000049],[18.70866,1.902819945000033],[18.68648849300007,1.902330831000029],[18.604324440000028,1.949453996000045],[18.59067360000006,1.976993934000063],[18.086000040000044,1.983999889000074],[18.057999960000075,1.821000046000051],[18.087999840000066,1.677999935000059],[18.068000040000072,1.521000005000076],[18.01900008000007,1.443999913000027],[17.970999840000047,1.309000045000062],[17.927728560000048,1.251049844000022],[17.94298248000007,1.218743124000071],[17.94200004000004,1.164000045000023],[17.883,1.08399988900004],[17.84999988000004,1.011999984000056],[17.84499984000007,0.919000039000025],[17.883,0.837999940000032],[17.894999880000057,0.774999902000047],[17.874,0.659999971000047],[17.876000160000046,0.593999962000055],[17.952999840000075,0.495000010000069],[17.962999920000073,0.408000041000037],[17.953999920000058,0.365000096000074],[17.922999960000027,0.316000047000045],[17.821000080000033,0.215999965000037],[17.775,0.108000086000061],[17.758000080000045,0.017999965000058],[17.771000040000047,0],[17.71400016000007,-0.128000064999981],[17.71499988000005,-0.233000039999979],[17.741999880000037,-0.381000020999977],[17.70305879600005,-0.559102377999977],[17.779050975000075,-0.555500224999946],[17.81898984000003,-0.515309954999964],[17.849919960000022,-0.456789945999958],[17.976569233000077,-0.339150649999965],[18.101364492000073,-0.186620950999952]]]},"properties":{"shapeName":"Bomongo","shapeISO":"","shapeID":"63176286B36806520086654","shapeGroup":"COD","shapeType":"ADM2"}},
{"type":"Feature","geometry":{"type":"Polygon","coordinates":[[[24.579190840000024,3.463479456000073],[24.64911,3.500379998000028],[24.67044,3.493340029000024],[24.68682,3.467399947000047],[24.72372,3.460869928000022],[24.731638677000035,3.483017880000034],[24.801189840000063,3.502410090000069],[24.90324964200005,3.469680072000074],[24.91737979000004,3.486999985000068],[24.93501976400006,3.484539903000041],[24.986009801000023,3.447680042000059],[24.98476996100004,3.414070069000047],[25.002719932000048,3.393649915000026],[25.05847998400003,3.423099881000041],[25.121720228000072,3.41505821100003],[25.161999840000078,3.423259999000038],[25.180160040000032,3.464990008000029],[25.220369880000078,3.493909936000023],[25.25612231200006,3.550436006000041],[25.279785360000062,3.594946040000025],[25.30370934000007,3.566488107000055],[25.311672343000055,3.581708230000061],[25.304887499000074,3.621736946000055],[25.280563355000027,3.633160094000061],[25.290804240000057,3.652301008000052],[25.334390520000056,3.635191014000043],[25.367983200000026,3.658556082000075],[25.38449133900008,3.654931135000027],[25.409967480000034,3.707500138000057],[25.426046160000055,3.69512409400005],[25.444227240000032,3.738691083000049],[25.46533603100005,3.729324005000024],[25.45771428000006,3.74748313300006],[25.483246183000063,3.786010096000041],[25.511629320000054,3.794390057000044],[25.534221480000042,3.821856140000023],[25.544853291000038,3.864015007000035],[25.510458061000065,3.871039223000025],[25.48395540000007,3.916299078000065],[25.390485313000056,3.975143278000075],[25.394631120000042,4.007254136000029],[25.44154596000004,4.016498754000054],[25.44216732600006,4.075451],[25.41154824000006,4.114939028000038],[25.40618748000003,4.207687157000066],[25.39558607400005,4.223303146000035],[25.36600752000004,4.225734088000024],[25.366628520000063,4.244841018000045],[25.320883320000064,4.280131124000036],[25.30633320000004,4.309773058000076],[25.323023160000048,4.387634125000034],[25.319626920000076,4.48539949700006],[25.288041960000044,4.490448335000053],[25.22966894600006,4.453822071000047],[25.154777452000076,4.434905050000054],[25.059656078000046,4.484495012000025],[25.02625420100003,4.523036024000021],[24.859422291000044,4.605698037000025],[24.85614017100005,4.679340014000047],[24.79059425500003,4.775740066000026],[24.75586721700006,4.796540107000055],[24.730154218000052,4.855353064000042],[24.706463339000038,4.869291988000043],[24.693163107000032,4.921020079000073],[24.657999021000023,4.918999990000032],[24.673909645000037,4.969499678000034],[24.63299919900004,4.975000070000021],[24.61399913200006,5.030000006000023],[24.565310604000047,5.036230049000039],[24.534362503000068,5.080511110000032],[24.467242704000057,5.104603017000045],[24.43882238300006,5.097109010000054],[24.448587382000028,5.069537024000056],[24.435952600000064,5.059399989000042],[24.395818219000034,5.112595115000033],[24.357300389000045,5.059910037000066],[24.368850268000074,5.046183081000038],[24.402775226000074,5.051375134000068],[24.411044374000028,5.031783478000023],[24.373938687000077,5.008278080000025],[24.299051313000064,5.003939023000044],[24.273475114000064,4.978269982000029],[24.280069234000052,4.939239139000051],[24.252803775000075,4.934903012000063],[24.252013935000036,4.956072972000072],[24.23632239500006,4.959544015000063],[24.168779280000024,4.898590051000042],[24.105381213000044,4.913466059000029],[24.040872360000037,4.875857033000045],[24.00826776300005,4.869492016000038],[23.972165602000075,4.881387834000066],[23.957650440000066,4.863235879000058],[23.958860040000047,4.808229985000025],[23.905074158000048,4.837608819000025],[23.856219662000058,4.810769921000031],[23.833489885000063,4.829399954000053],[23.780279489000065,4.783550089000073],[23.70915,4.782350031000021],[23.642949960000067,4.728280039000026],[23.588819955000076,4.728209968000044],[23.500680120000027,4.673269915000049],[23.45731992000003,4.669530075000068],[23.430089880000025,4.647889982000038],[23.42969971200006,4.597019898000042],[23.412744076000024,4.596196402000032],[23.383374924000066,4.618896903000064],[23.322992139000064,4.622246658000051],[23.269196992000047,4.681321809000053],[23.232797400000038,4.689637485000048],[23.188296371000035,4.735768569000072],[23.15943,4.73612007600002],[23.11334978600007,4.707910064000032],[23.032264482000073,4.765848166000069],[22.974784836000026,4.846968747000062],[22.94132004000005,4.81539994700006],[22.89781367100005,4.809493392000036],[22.889090160000023,4.779680120000023],[22.904349840000066,4.759979996000027],[22.87656,4.739140038000073],[22.859742792000077,4.703093239000054],[22.82459239800005,4.734884169000054],[22.790509920000034,4.714530032000027],[22.74260004000007,4.628430028000025],[22.732779960000073,4.551699952000035],[22.692120120000027,4.464800049000075],[22.62715978500006,4.484689953000043],[22.599209880000046,4.47173996600003],[22.585889880000025,4.401490021000029],[22.62003984000006,4.377639934000058],[22.61940984000006,4.350470061000067],[22.569249960000036,4.320869993000031],[22.544449920000034,4.26154000400004],[22.550439960000062,4.215410079000037],[22.445219767000026,4.12434004000005],[22.498928609000075,4.114360185000066],[22.54688352000005,4.136264757000049],[22.58532972000006,4.121987688000047],[22.629106800000045,4.128060009000023],[22.64845968000003,4.113733894000063],[22.667610240000045,4.123249792000024],[22.69410228000004,4.084046846000035],[22.71434976000006,4.102682142000049],[22.722215040000037,4.08306673800007],[22.747499280000056,4.07366397200002],[22.76007984000006,4.030215183000053],[22.78683144000007,4.033790146000058],[22.837045214000057,3.987149296000041],[22.809580186000062,3.965228042000035],[22.800537360000078,3.911533087000066],[22.783853160000035,3.904747086000043],[22.782146407000027,3.88562999800007],[22.813970040000072,3.855920050000066],[22.844180160000064,3.861639941000021],[22.901410080000062,3.834620039000072],[22.969299960000058,3.859679909000022],[22.990060080000035,3.838180029000057],[23.021539920000066,3.860019947000069],[23.07726,3.854840047000039],[23.106478997000067,3.872979225000051],[23.14090008000005,3.864900059000036],[23.15364984000007,3.877639928000065],[23.154519960000073,3.84772001400006],[23.22638243700004,3.862902013000053],[23.26893012000005,3.836679933000028],[23.324159880000025,3.835400120000031],[23.36974581100003,3.797691928000063],[23.39306117700005,3.80795226500004],[23.402310121000028,3.833329940000056],[23.48262,3.81307995800006],[23.529110158000037,3.818630207000069],[23.533071473000064,3.806232064000028],[23.53049316000005,3.776523042000065],[23.50522440000003,3.747834008000041],[23.407284240000024,3.688339065000036],[23.35183488000007,3.712816898000028],[23.285246400000062,3.777684431000068],[23.243050080000046,3.792322868000042],[23.246414280000067,3.771401079000043],[23.255640155000037,3.761098981000032],[23.239999621000038,3.733150933000047],[23.27693019700007,3.726007104000075],[23.28963120000003,3.709510159000047],[23.269228200000043,3.673478006000039],[23.323328280000055,3.629375013000072],[23.318687520000026,3.600804018000076],[23.342575184000054,3.590127209000059],[23.368107230000078,3.533422012000074],[23.51977377000003,3.534547203000045],[23.59729737300006,3.509191266000073],[23.640438218000043,3.576877114000069],[23.704001964000042,3.556894773000067],[23.72583452300006,3.587847464000049],[23.768997451000075,3.566984128000058],[23.826892288000067,3.620354775000067],[23.857055243000048,3.589987091000069],[23.87800653900007,3.622740570000076],[23.899394118000032,3.617157416000055],[23.94496508700007,3.662150071000042],[23.951439684000036,3.722649155000056],[23.99195012100006,3.73021996500006],[24.112369986000033,3.703440059000059],[24.163149909000026,3.71911002500002],[24.231970025000066,3.701490009000054],[24.36072980800003,3.553639983000039],[24.495974276000027,3.529860043000042],[24.579190840000024,3.463479456000073]]]},"properties":{"shapeName":"Bondo","shapeISO":"","shapeID":"63176286B80368275017521","shapeGroup":"COD","shapeType":"ADM2"}},
{"type":"Feature","geometry":{"type":"Polygon","coordinates":[[[20.690890257000035,1.182391515000063],[20.713120548000063,1.174090584000055],[20.743641229000048,1.18402607400003],[20.77003921000005,1.169780719000073],[20.851430040000025,1.186150042000065],[20.910049920000063,1.170730007000031],[21.005560080000066,1.190970069000059],[21.022687440000027,1.061685303000047],[20.99796948000005,1.000456181000061],[21.010982400000046,0.958020972000043],[21.11373972000007,0.909811457000046],[21.13016256000003,0.917405537000036],[21.233035440000037,0.858594608000033],[21.29922324000006,0.847918569000058],[21.341900880000026,0.818845443000043],[21.389462640000033,0.81651597900003],[21.412849340000037,0.80019401900006],[21.459838320000074,0.803450701000031],[21.531212640000035,0.74722545000003],[21.56980788000004,0.748114828000041],[21.633867360000067,0.725617568000075],[21.664160640000034,0.819607934000032],[21.659790240000063,0.886227715000075],[21.727678320000052,0.90265527300005],[21.795722640000065,0.858090011000058],[21.863569320000067,0.865101029000073],[21.909992760000023,0.916200469000046],[21.96707508000003,0.951096095000025],[22.105863,0.928036321000036],[22.05397116000006,1.079844985000022],[22.017286080000076,1.123141326000052],[21.937689,1.142854835000037],[21.93468912000003,1.23201517900003],[21.89815272000004,1.309286181000061],[21.863073600000064,1.332153154000025],[21.87571212100005,1.701227080000024],[22.05186372000003,1.759221005000029],[22.127389918000063,1.762617137000063],[22.271322960000077,1.737673574000041],[22.323966840000026,1.757399169000053],[22.372439040000074,1.710682410000061],[22.357628300000044,1.784307777000038],[22.420995497000035,1.809141132000036],[22.435413480000022,1.871814049000022],[22.480327440000053,1.88892314800006],[22.491285479000055,1.923736978000022],[22.475334240000052,1.982060128000057],[22.367981160000056,2.064355012000021],[22.354480178000074,2.162040018000027],[22.306619880000028,2.185559988000023],[22.12265988000007,2.21626006200006],[21.80643017700004,2.180489951000027],[21.678289920000054,2.132769985000039],[21.537039960000072,2.124269971000047],[21.408180120000054,2.083629944000052],[21.23470903300006,1.966679591000059],[21.16513008000004,1.949290079000036],[21.122529840000027,1.958340058000033],[21.00969,1.94679007600007],[20.824210080000057,2.004720015000032],[20.750010446000033,1.993230028000028],[20.730780249000077,1.970970338000029],[20.704299840000033,1.966130004000036],[20.482419960000072,1.978789961000075],[20.38473,1.937370048000048],[20.266407301000072,1.927712804000066],[20.21832,1.935299998000062],[20.066501548000076,1.913780496000072],[19.98116049300006,1.943299861000071],[19.893589920000068,1.921949986000072],[19.82459062600003,1.850149868000074],[19.79987593100003,1.83079920900002],[19.476740160000077,1.779109942000048],[19.31841,1.708620023000037],[19.26236988000005,1.670050011000058],[19.21536,1.622379874000046],[19.21064012100004,1.593580247000034],[19.212896520000072,1.349838567000063],[19.44672552000003,1.458082602000047],[19.640217240000027,1.596403770000052],[19.705911120000053,1.628721342000063],[19.879482960000075,1.660839314000043],[19.959728040000073,1.708489412000063],[20.010394440000027,1.713997575000064],[20.11127760000005,1.756139573000041],[20.23759620000004,1.752503819000026],[20.327721120000035,1.730353525000055],[20.404708560000074,1.666175384000042],[20.451033360000054,1.681568454000057],[20.56708512000006,1.666423099000042],[20.615044320000038,1.698646561000032],[20.689210440000068,1.708419333000052],[20.695555080000076,1.635895487000028],[20.681625240000074,1.588138052000033],[20.65981572000004,1.566991217000066],[20.660459635000052,1.487269879000053],[20.63736,1.416934440000034],[20.651092560000052,1.364115166000033],[20.71393956000003,1.269223966000027],[20.690890257000035,1.182391515000063]]]},"properties":{"shapeName":"Bongandanga","shapeISO":"","shapeID":"63176286B86504731111535","shapeGroup":"COD","shapeType":"ADM2"}},
{"type":"Feature","geometry":{"type":"Polygon","coordinates":[[[20.405000159000053,4.677000035000049],[20.342999880000036,4.751000093000073],[20.195999999000037,4.827000059000056],[20.15069795900007,4.884774031000063],[20.091999959000077,4.906000016000064],[20.036999879000064,4.957999936000022],[19.98799991900006,4.977000063000048],[19.914999839000075,4.979999899000063],[19.874000159000047,5.016999916000032],[19.855000079000035,5.064000083000053],[19.824999839000043,5.092999978000023],[19.695999959000062,5.132999933000065],[19.61300016000007,5.128000077000024],[19.55499984000005,5.146000019000041],[19.49000004000004,5.121999983000023],[19.40299992000007,5.120999961000052],[19.359,5.072999950000053],[19.240999920000036,5.00699996000003],[19.20200004000003,4.941999986000042],[19.105999920000045,4.929000075000033],[19.01400012000005,4.767999988000042],[19.042162200000064,4.761604153000064],[19.072273320000022,4.776902079000024],[19.07244324000004,4.761712095000064],[19.114143480000052,4.766318014000035],[19.124588156000073,4.734669093000036],[19.152343443000063,4.734746021000035],[19.163475360000064,4.703104022000048],[19.189537200000075,4.690271022000047],[19.21076628000003,4.699710855000035],[19.229328174000045,4.680350090000047],[19.255352387000073,4.69191311700007],[19.285351200000036,4.675437109000029],[19.298316960000022,4.684349117000068],[19.330164360000026,4.646460099000024],[19.379938287000073,4.625130115000047],[19.420891200000028,4.677591004000021],[19.458511200000032,4.677532984000038],[19.47494916000005,4.663207149000073],[19.47404337300003,4.619002064000028],[19.518646319000027,4.587249954000072],[19.30766832000006,4.085657945000037],[19.26823248000005,4.073276742000076],[19.266424200000074,4.033451078000041],[19.35379836000004,3.986518086000046],[19.418020193000075,3.896280140000044],[19.43047724200005,3.90999518700005],[19.420482423000067,3.944648259000076],[19.444715329000076,3.950202864000062],[19.452224477000073,3.933708229000047],[19.469269440000062,3.947242104000054],[19.457100360000027,3.970822987000076],[19.470581280000033,3.97465010600007],[19.468120320000025,4.012146138000048],[19.498638240000048,4.030427146000022],[19.51184844000005,4.060033142000066],[19.550306160000048,4.042945108000026],[19.551910320000047,4.064601048000043],[19.596199150000075,4.059773019000033],[19.65169942800003,4.07877002400005],[19.67589540000006,4.066362118000029],[19.681482240000037,4.080232114000069],[19.703743200000076,4.055372087000023],[19.754383320000045,4.079145038000036],[19.775087280000037,4.071762156000034],[19.80841644000003,4.084996032000049],[19.893800184000042,4.073666110000033],[19.919174291000047,4.057809241000029],[20.02589424000007,4.066709081000056],[20.100288240000054,4.03038615600002],[20.112673217000065,4.052838034000047],[20.13304535900005,4.055571099000076],[20.300081399000078,3.966041132000043],[20.361507483000025,3.965480129000071],[20.36026404000006,4.29082771700007],[20.382396839000023,4.469525431000022],[20.378883263000034,4.61870116700004],[20.405000159000053,4.677000035000049]]]},"properties":{"shapeName":"Bosobolo","shapeISO":"","shapeID":"63176286B50098701443330","shapeGroup":"COD","shapeType":"ADM2"}},
{"type":"Feature","geometry":{"type":"Polygon","coordinates":[[[19.44981967900003,2.039426977000062],[19.600317087000064,2.00517811900005],[19.90506996000005,2.006949926000061],[19.931659920000072,2.022860017000028],[19.922339880000038,2.040710002000026],[19.942040160000033,2.060010082000076],[19.93698,2.085730063000028],[19.96377984000003,2.126949982000042],[19.95375996000007,2.145030029000054],[19.995469920000062,2.182030004000069],[20.019298496000033,2.177209219000076],[20.04515028000003,2.245346031000054],[20.07278640000004,2.249073065000061],[20.101122360000033,2.27466498900003],[20.112777360000052,2.298711129000026],[20.102985360000048,2.340954035000038],[20.162599331000024,2.349596278000035],[20.232732240000075,2.405740076000029],[20.255956379000054,2.393310213000063],[20.26510236000007,2.417331142000023],[20.297043360000032,2.402453019000063],[20.31448320000004,2.420340133000025],[20.343361320000042,2.414636011000027],[20.364700320000054,2.431869130000052],[20.434801148000076,2.421032156000024],[20.445894297000052,2.433333895000032],[20.493925200000035,2.434018077000076],[20.511215280000044,2.395291120000024],[20.535265440000046,2.416457076000029],[20.555507199000033,2.404451147000032],[20.56679136300005,2.420895022000025],[20.588159160000032,2.410737992000065],[20.665661400000033,2.440452114000038],[20.67070932000007,2.413804079000045],[20.735172360000035,2.443851079000069],[20.744133411000064,2.414247135000039],[20.77430926200003,2.415903099000047],[20.778454440000075,2.438722016000042],[20.80182240000005,2.434792015000028],[20.81909016000003,2.473378092000075],[20.873935440000025,2.505398084000035],[20.91630347200004,2.577806987000031],[20.909183400000074,2.606740112000068],[20.80474416000004,2.745269104000045],[20.797411320000037,2.822763053000074],[20.76113916500003,2.835092049000025],[20.76013021400007,2.870528049000029],[20.73671532000003,2.878139985000075],[20.745678240000075,2.89939604500006],[20.72817036600003,2.911895184000059],[20.741691240000023,2.93503514400004],[20.714821337000046,2.944917134000036],[20.718490486000064,2.994435083000042],[20.73355844400004,2.998946088000025],[20.70270540000007,3.06863603100004],[20.720802226000046,3.067420197000047],[20.713131360000034,3.080240025000023],[20.72686428000003,3.105684068000073],[20.718891360000043,3.126327009000022],[20.73343118500003,3.188351887000067],[20.64709368000007,3.112006603000054],[20.382311212000047,2.816828074000057],[20.231192880000037,2.918849932000057],[20.208601799000064,2.951797172000056],[20.157825458000048,2.954129084000044],[20.138712290000058,2.919186265000064],[20.081741399000066,2.917011081000055],[19.96773335900002,2.873291039000037],[19.934381879000057,2.877817599000025],[19.90626138300007,2.909035951000021],[19.761799320000023,2.91239108000002],[19.723331160000043,2.869413018000046],[19.71652824000006,2.818937065000057],[19.69575732000004,2.813659073000053],[19.647884160000046,2.817532063000044],[19.596408120000035,2.847117744000059],[19.557022320000044,2.83959210300003],[19.51412436000004,2.855144295000059],[19.29645576000007,2.785258670000076],[19.332880198000055,2.740757141000074],[19.307462400000077,2.721148116000052],[19.28474244000006,2.663824026000043],[19.216165483000054,2.594720259000042],[19.18204912300007,2.471913886000038],[19.205259480000052,2.399451012000043],[19.26252131600006,2.350604133000047],[19.26339335800003,2.31241522800002],[19.255781160000026,2.297375062000071],[19.239988364000055,2.298352025000042],[19.218044160000034,2.234372157000053],[19.125467376000074,2.126355960000069],[19.44981967900003,2.039426977000062]]]},"properties":{"shapeName":"Budjala","shapeISO":"","shapeID":"63176286B30356596276779","shapeGroup":"COD","shapeType":"ADM2"}},
{"type":"Feature","geometry":{"type":"Polygon","coordinates":[[[26.75311632000006,-8.66946887399996],[26.75540520000004,-8.637506934999976],[26.777250180000067,-8.631901358999926],[26.755001280000045,-8.57986393799996],[26.76336624000004,-8.537709923999955],[26.74043424000007,-8.501072904999944],[26.701687440000057,-8.47086496299994],[26.623132200000043,-8.47865797399993],[26.588319480000052,-8.496375863999958],[26.562341520000075,-8.486637971999926],[26.629540560000066,-8.380027429999927],[26.62223688000006,-8.347243652999964],[26.64328153300005,-8.313840638999977],[26.67100941800004,-8.298859117999939],[26.660947449000048,-8.275218024999958],[26.746885478000024,-8.207979229999978],[26.795319165000024,-8.216502705999972],[26.81306542200008,-8.205232229999979],[26.832536924000067,-8.157804234999958],[26.82317044100006,-8.16276001999995],[26.812809822000077,-8.147309940999946],[26.80290954800006,-8.10082069899994],[26.776469347000045,-8.096668503999979],[26.68461244300005,-8.151858845999925],[26.606375342000035,-8.099180543999978],[26.518949140000075,-8.094619946999956],[26.498307752000073,-8.033314301999951],[26.468919156000027,-8.006800694999981],[26.43766154700006,-7.998386703999927],[26.393161218000046,-8.010490850999929],[26.416178083000034,-7.963975222999977],[26.405858988000034,-7.943810679999956],[26.366510210000058,-7.958807830999945],[26.332343989000037,-8.00923692799995],[26.319426833000023,-7.988738793999971],[26.27794476500003,-8.016796469999974],[26.288387641000043,-8.05506649299997],[26.276002206000044,-8.092018463999977],[26.303727852000065,-8.142752704999964],[26.28686088300003,-8.139299924999932],[26.29030410300004,-8.155554818999974],[26.249944178000078,-8.152865031999966],[26.230332978000035,-8.133375934999947],[26.176381951000053,-8.130622009999968],[26.175304142000073,-8.100792937999927],[26.166915927000048,-8.111228908999976],[26.14698795700008,-8.102297935999957],[26.150992939000048,-8.12726891899996],[26.127469957000073,-8.12549779699998],[26.12515398900007,-8.106472942999972],[26.111927206000075,-8.11719783999996],[26.111999342000047,-8.08643705299994],[26.086466211000072,-8.089507970999932],[26.025196051000023,-8.03424898299994],[26.007627022000065,-8.028953046999959],[25.98109833700005,-8.044420895999963],[25.934268839000026,-8.01926992999995],[25.91561285800003,-8.05782095099994],[25.86219203400003,-8.07887287099993],[25.85413895100004,-8.099395008999977],[25.851279831000056,-8.130647],[25.882517748000055,-8.161276992999944],[25.84657599800005,-8.220921697999927],[25.851126960000045,-8.274823033999951],[25.810931880000055,-8.307426078999981],[25.72143912000007,-8.344933062999928],[25.675823880000053,-8.348417039999958],[25.716438,-8.49493505099997],[25.669584,-8.618084001999932],[25.563918960000024,-8.64401302999994],[25.562426040000048,-8.67416499199993],[25.578573840000047,-8.697850969999934],[25.57189296000007,-8.72121498699994],[25.481826283000032,-8.71858698099993],[25.479608040000073,-8.74961892999994],[25.495281,-8.768984021999927],[25.479354960000023,-8.814167923999946],[25.516991880000035,-8.851842008999938],[25.53731496000006,-8.965426023999953],[25.568533070000058,-9.01036290199994],[25.566986959000076,-9.081834888999936],[25.604974080000034,-9.109696042999929],[25.620923880000078,-9.151577040999939],[25.658951040000034,-9.181501053999966],[25.65474516000006,-9.19855199799997],[25.627771197000072,-9.20665301799994],[25.624748160000024,-9.226446928999962],[25.602327,-9.228065022999942],[25.57685592000007,-9.204203916999973],[25.574405040000045,-9.234332062999954],[25.53729997800008,-9.291018639999947],[25.55507412000003,-9.287157005999973],[25.558359067000026,-9.313091998999937],[25.540986960000055,-9.333266080999977],[25.55388,-9.348760052999978],[25.52047488000005,-9.384956070999976],[25.534874880000075,-9.411467069999958],[25.51940712000004,-9.41553296199993],[25.506312840000078,-9.447153925999942],[25.516015897000045,-9.467050874999927],[25.50164019600004,-9.487193049999973],[25.510399920000054,-9.505491037999946],[25.590183120000063,-9.51707507599997],[25.640748,-9.48972398799998],[25.700141160000044,-9.56688491899996],[25.824528,-9.633107930999927],[25.879884120000042,-9.679938990999972],[25.944451920000063,-9.701298995999935],[26.03351988000003,-9.676593943999933],[26.037690120000036,-9.722583025999938],[26.104053960000044,-9.711313927999981],[26.12304288000007,-9.720725027999947],[26.188503840000067,-9.700322957999958],[26.22010896000006,-9.710678943999937],[26.249758920000033,-9.679228985999941],[26.332635846000073,-9.641216012999962],[26.321476086000075,-9.619217086999981],[26.33617909700007,-9.59304991099998],[26.479969200000028,-9.440561904999981],[26.465133240000057,-9.373194890999969],[26.50224348000006,-9.263979887999938],[26.464573440000038,-9.217385856999954],[26.497946520000028,-9.156261903999962],[26.525350440000068,-9.148069000999953],[26.561968200000024,-9.088964003999934],[26.58895344000007,-9.068362967999974],[26.60771052000007,-9.070395880999968],[26.673361200000045,-9.006957947999979],[26.680088520000027,-8.899105950999967],[26.691621480000038,-8.866546005999965],[26.732471400000065,-8.832868964999932],[26.71361748000004,-8.791755471999977],[26.71425036000005,-8.695075988999974],[26.73213516000004,-8.67138502399996],[26.760364200000026,-8.690953025999931],[26.770397400000036,-8.682535945999973],[26.75311632000006,-8.66946887399996]]]},"properties":{"shapeName":"Bukama","shapeISO":"","shapeID":"63176286B12691977822681","shapeGroup":"COD","shapeType":"ADM2"}},
{"type":"Feature","geometry":{"type":"Polygon","coordinates":[[[28.874085453000077,-2.45982784399996],[28.804470071000026,-2.47117508499997],[28.793694274000075,-2.510893489999944],[28.841466240000045,-2.536275374999946],[28.85939460000003,-2.561168640999938],[28.88566469700004,-2.555083675999924],[28.86110437700006,-2.528971094999974],[28.892869390000044,-2.49090870699996],[28.874085453000077,-2.45982784399996]]]},"properties":{"shapeName":"Bukavu","shapeISO":"","shapeID":"63176286B64827262038855","shapeGroup":"COD","shapeType":"ADM2"}},
{"type":"Feature","geometry":{"type":"Polygon","coordinates":[[[18.12079228600004,-4.19503902799994],[18.141782400000068,-4.250830954999969],[18.13876526300004,-4.353940847999979],[18.18694332000007,-4.57225288199993],[18.187360200000057,-4.637829901999964],[18.23334660000006,-4.712216213999966],[18.291136680000022,-4.718354224999928],[18.30251412000007,-4.758583752999925],[18.329624280000075,-4.765279552999971],[18.342066240000065,-4.790174536999928],[18.37481076000006,-4.807055636999962],[18.366308640000057,-4.872564013999977],[18.322827480000058,-4.872601544999952],[18.303050160000055,-4.886586973999954],[18.336670560000073,-4.913635786999976],[18.350185320000037,-4.954666749999944],[18.337923360000048,-5.067167006999966],[18.35489952000006,-5.126529407999953],[18.30770892000004,-5.198348012999929],[18.40812372000005,-5.197827332999964],[18.422651160000044,-5.214000688999931],[18.47937096000004,-5.20448306399993],[18.52713792000003,-5.238011184999948],[18.646476481000036,-5.207360854999934],[18.660713400000077,-5.240855976999967],[18.648315360000026,-5.240707016999977],[18.65372148000006,-5.258615938999981],[18.631334227000025,-5.27509809999998],[18.632147400000065,-5.293036952999955],[18.64293624000004,-5.292736006999974],[18.62902225600004,-5.30594088099997],[18.655021588000068,-5.313590229999932],[18.66600432000007,-5.341122944999938],[18.694478880000077,-5.357222534999948],[18.726092280000046,-5.353575841999941],[18.744902640000078,-5.387037096999961],[18.789111,-5.415128655999979],[18.79875792000007,-5.394564204999938],[18.860304179000025,-5.411122057999933],[18.94764132000006,-5.390041958999973],[18.932058360000042,-5.331718907999971],[18.954330480000067,-5.317508049999958],[19.000202400000035,-5.321838472999957],[19.034348400000056,-5.309316731999957],[19.071485513000027,-5.35439390099998],[19.075185,-5.322981188999961],[19.128809880000063,-5.318659027999956],[19.118143420000024,-5.275813851999942],[19.083402361000026,-5.252109929999961],[19.081225440000026,-5.170174858999928],[19.098850302000073,-5.100614939999957],[19.07020224000007,-5.059005966999962],[19.15276932000006,-4.853895964999936],[19.17069840000005,-4.705617964999931],[19.248611272000062,-4.610199951999959],[19.246387303000063,-4.490308052999978],[19.23254029800006,-4.467665975999978],[19.236976200000072,-4.382790868999962],[19.200692160000074,-4.317788415999928],[19.10782116000007,-4.363573153999937],[19.125501480000025,-4.315763017999927],[19.065305456000033,-4.193393087999937],[19.02014144000003,-4.228053891999934],[18.982641240000078,-4.203475436999952],[18.965830320000066,-4.238319019999949],[18.936683280000068,-4.234841868999979],[18.922565160000033,-4.216761900999927],[18.881873280000036,-4.215243818999966],[18.853002720000063,-4.261759631999951],[18.801086760000032,-4.183682639999972],[18.820731600000045,-4.119282092999981],[18.81636768000004,-4.083707619999927],[18.74388780000004,-4.07980839399994],[18.672884280000062,-4.023323916999971],[18.657220668000036,-4.045520020999959],[18.632991240000024,-4.049099474999935],[18.57421764000003,-4.013815092999948],[18.544722480000075,-3.978822230999981],[18.53588160000004,-4.021745592999935],[18.489473280000027,-4.02130602099993],[18.473985,-4.042172774999926],[18.45533628000004,-4.042488467999931],[18.333109800000045,-3.986750376999964],[18.298625040000047,-3.986262600999964],[18.23479236000003,-4.113667561999932],[18.231248520000065,-4.171362123999927],[18.17950644000007,-4.150853260999952],[18.147501360000035,-4.20029326699995],[18.12079228600004,-4.19503902799994]],[[18.78159996000005,-5.101511524999978],[18.751197240000067,-5.030634858999974],[18.813329640000063,-5.007686509999928],[18.86147316000006,-5.063494730999935],[18.82524060000003,-5.094680036999932],[18.78159996000005,-5.101511524999978]]]},"properties":{"shapeName":"Bulungu","shapeISO":"","shapeID":"63176286B11990771214401","shapeGroup":"COD","shapeType":"ADM2"}},
{"type":"Feature","geometry":{"type":"Polygon","coordinates":[[[22.61591855000006,3.333329792000029],[22.621177070000044,3.295903423000027],[22.555909431000032,3.170488410000075],[22.55732927100007,3.123810055000035],[22.52141927100007,3.085813147000067],[22.50885419100007,3.016216070000041],[22.48645411900003,2.978543105000028],[22.462270190000027,2.999779004000061],[22.35468527300003,3.031930989000045],[22.28329835200003,2.995282106000047],[22.116573367000058,2.94434427300007],[21.946872236000047,2.89634305900006],[21.873178436000046,2.895776057000035],[21.74562647600004,2.933216120000054],[21.647077197000044,2.920464139000046],[21.661375316000033,2.878229987000054],[21.72477919000005,2.819584059000022],[21.655508397000062,2.666907149000053],[21.68094419700003,2.60474305200006],[21.713331596000046,2.590243383000029],[21.72350734200006,2.371967222000023],[21.75685343600003,2.319997068000021],[21.76149527700005,2.282296105000057],[21.813959156000067,2.241291035000074],[21.80643017700004,2.180489951000027],[22.12265988000007,2.21626006200006],[22.306619880000028,2.185559988000023],[22.354480178000074,2.162040018000027],[22.622929920000047,2.096960065000076],[22.680869779000034,2.049960282000029],[22.69354807700006,2.069368986000029],[22.74810012000006,2.047650118000035],[22.78008,2.017730007000068],[22.801920341000027,2.034431981000068],[22.826660040000036,2.02793003000005],[22.873479840000073,2.070329970000046],[22.888580040000022,2.069049893000056],[22.897739880000074,2.102930034000053],[22.928879880000068,2.096000070000059],[22.94885914500003,2.117988883000066],[22.93407,2.142509983000025],[22.97421,2.158419947000027],[22.97814984000007,2.186050044000069],[23.004519939000033,2.175170232000028],[23.020940160000066,2.218989974000067],[23.104929240000047,2.171663143000046],[23.187963240000045,2.093029123000065],[23.23275588000007,2.086013020000053],[23.27116716000006,2.106117994000044],[23.312563200000056,2.089857165000069],[23.326471403000028,2.141031213000076],[23.31442044000005,2.167878999000038],[23.313419280000062,2.258988066000029],[23.329061402000036,2.282090946000039],[23.48491320000005,2.184985106000056],[23.57976922100005,2.193119173000071],[23.561203680000062,2.360018234000052],[23.572582560000058,2.396248575000072],[23.536449360000063,2.451276154000027],[23.45192136000003,2.511081105000073],[23.427261360000045,2.502884093000034],[23.359414766000043,2.565077192000047],[23.338640160000068,2.517550054000026],[23.342680080000036,2.49272004200003],[23.31591984000005,2.491869973000064],[23.314529880000066,2.456420114000025],[23.29374996000007,2.45032],[23.274179928000024,2.470219040000075],[23.293649282000047,2.466655143000025],[23.297931360000064,2.477496145000032],[23.256559440000046,2.509924049000062],[23.12126352000007,2.561794139000028],[23.098438440000052,2.553137058000061],[23.064580440000043,2.563601494000068],[23.029620480000062,2.590649749000022],[22.878977400000053,2.757367577000025],[22.884903360000067,2.79476917300002],[22.905816120000054,2.809885258000065],[22.932444600000053,2.802755047000062],[22.94856936000008,2.774616846000072],[22.954060080000033,2.852955585000075],[23.059734438000078,3.033440936000034],[23.02803814600003,3.050273517000051],[23.019725160000064,3.07138941900007],[22.991270040000074,3.053381307000052],[22.965860160000034,3.077465243000063],[22.921834680000075,3.080575490000058],[22.891659480000044,3.067837674000032],[22.857884280000064,3.020027879000054],[22.827750480000077,3.01898579300007],[22.78842444000003,3.040204560000063],[22.781702160000066,3.105729599000028],[22.759747920000052,3.123950966000052],[22.726123200000075,3.118830119000052],[22.65960744000006,3.152444583000033],[22.577358960000026,3.160979755000028],[22.588514280000027,3.202452669000024],[22.65137892000007,3.283764965000046],[22.64858244000004,3.312431463000053],[22.61591855000006,3.333329792000029]]]},"properties":{"shapeName":"Bumba","shapeISO":"","shapeID":"63176286B7674321742221","shapeGroup":"COD","shapeType":"ADM2"}},
{"type":"Feature","geometry":{"type":"Polygon","coordinates":[[[30.299465843000064,1.586457450000069],[30.250467668000056,1.597226933000059],[30.21931131100007,1.582210041000053],[30.23278504700005,1.55482094000007],[30.22161535300006,1.484349001000055],[30.25714142700008,1.496927640000024],[30.281692943000053,1.488696039000047],[30.275898865000045,1.521460673000036],[30.296086916000036,1.551353628000072],[30.299465843000064,1.586457450000069]]]},"properties":{"shapeName":"Bunia","shapeISO":"","shapeID":"63176286B65216379244562","shapeGroup":"COD","shapeType":"ADM2"}},
{"type":"Feature","geometry":{"type":"Polygon","coordinates":[[[19.919174291000047,4.057809241000029],[19.887876376000065,3.979684968000072],[19.935940319000053,3.917786983000042],[19.996082639000065,3.873851380000076],[20.19696047900004,3.800447011000074],[20.218324319000033,3.771421041000053],[20.13096635900007,3.730970111000033],[20.134004582000046,3.655034924000063],[20.149963138000032,3.63953897600004],[20.11127435900005,3.567106086000024],[20.138506199000062,3.523178123000037],[20.217278160000035,3.468274439000027],[20.211336042000028,3.383015044000047],[20.281153680000045,3.303214207000053],[20.28440556000004,3.189040820000059],[20.228471640000066,3.140037693000068],[20.174560920000033,3.035151877000033],[20.208601799000064,2.951797172000056],[20.231192880000037,2.918849932000057],[20.382311212000047,2.816828074000057],[20.64709368000007,3.112006603000054],[20.73343118500003,3.188351887000067],[20.76640524000004,3.213998113000059],[20.770113240000057,3.234287077000033],[20.778639424000062,3.228380126000047],[20.800220400000057,3.24745000300004],[20.85027948000004,3.180459094000071],[20.888670067000078,3.163079283000059],[20.93088141000004,3.101999042000045],[20.979603,3.111383925000041],[21.033041040000057,3.064385802000061],[21.045659760000035,3.006535212000074],[21.14481096000003,2.922435826000026],[21.170284200000026,3.163246120000053],[21.221927280000045,3.121336107000047],[21.250110318000054,3.118583943000033],[21.294491400000027,3.068322159000047],[21.434690157000034,3.00113402900007],[21.47129640000003,2.947807111000031],[21.485677320000036,2.952528119000021],[21.53373516000005,2.925763055000061],[21.57375348000005,2.93023108400007],[21.592201320000072,2.913348130000031],[21.647077197000044,2.920464139000046],[21.74562647600004,2.933216120000054],[21.873178436000046,2.895776057000035],[21.946872236000047,2.89634305900006],[22.116573367000058,2.94434427300007],[22.101242395000043,3.12859399000007],[22.041244435000067,3.252438126000072],[21.97142675500004,3.269388307000042],[21.88890755600005,3.326681182000073],[21.82136147600005,3.31219089800004],[21.78701099600005,3.378993127000058],[21.771683636000034,3.384740900000054],[21.712399916000038,3.310171914000023],[21.665301476000025,3.296394636000059],[21.572403477000023,3.233295590000068],[21.537289797000028,3.333775465000031],[21.268392479000056,3.439435934000073],[21.257963292000056,3.462081032000071],[21.30125147800004,3.468059998000058],[21.337305478000076,3.560351023000067],[21.42206027700007,3.643466093000029],[21.458910134000064,3.703160293000053],[21.429458277000037,3.801671129000056],[21.47441831900005,3.851303145000031],[21.33286111600006,3.817440292000072],[21.24618516000004,3.878862136000066],[21.159036367000056,3.860392001000037],[21.100683240000023,3.877613136000036],[21.05956836000007,3.862292145000026],[21.01874724000004,3.813824093000051],[21.021490114000073,3.788297058000069],[20.98046844000004,3.789087108000047],[20.932655400000044,3.754825031000053],[20.896381440000027,3.685903996000036],[20.86191735700004,3.671323233000066],[20.865539160000026,3.650639072000047],[20.836807200000067,3.635648055000047],[20.811392213000033,3.583395003000021],[20.718778335000025,3.666114059000051],[20.723671273000036,3.707594050000068],[20.690832240000077,3.715811046000056],[20.649234240000055,3.779653106000069],[20.577280319000067,3.829860057000076],[20.542417280000052,3.833448119000025],[20.473066439000036,3.873541016000047],[20.361507483000025,3.965480129000071],[20.300081399000078,3.966041132000043],[20.13304535900005,4.055571099000076],[20.112673217000065,4.052838034000047],[20.100288240000054,4.03038615600002],[20.02589424000007,4.066709081000056],[19.919174291000047,4.057809241000029]]]},"properties":{"shapeName":"Businga","shapeISO":"","shapeID":"63176286B10859728267394","shapeGroup":"COD","shapeType":"ADM2"}},
{"type":"Feature","geometry":{"type":"Polygon","coordinates":[[[24.866647157000045,2.282664120000049],[24.897009240000045,2.239990033000026],[24.925947450000024,2.266337050000061],[24.950884320000057,2.264366143000075],[24.952553280000075,2.247115090000023],[24.96233520000004,2.259809105000045],[25.012628280000058,2.265528992000043],[25.046547480000072,2.247253042000068],[25.059087360000035,2.256734032000054],[25.09654032000003,2.210629127000061],[25.112318278000032,2.211149040000066],[25.129541069000027,2.252860059000056],[25.18265115400004,2.300226030000033],[25.21143923900007,2.308155030000023],[25.28267317800004,2.279420078000044],[25.333231177000073,2.274995979000039],[25.353235333000043,2.244234130000052],[25.415340368000045,2.206713069000045],[25.506851280000035,2.195285054000067],[25.540771164000034,2.172387167000068],[25.659799425000074,2.178494964000038],[25.807021260000056,2.278313604000061],[25.82046077600006,2.264377484000022],[25.894065639000075,2.255479863000062],[25.81983761600003,2.416810370000064],[25.813444378000042,2.481300149000049],[25.83009041500003,2.52427446400003],[25.765459630000066,2.651795175000075],[25.80931662100005,2.77680551800006],[25.766056150000054,2.845028017000061],[25.790010468000048,2.882168156000034],[25.841652534000048,2.897861176000049],[25.909426946000053,2.969953132000057],[25.891969369000037,2.991768970000066],[25.921026191000067,2.99622314800007],[25.863496197000075,3.022300162000022],[25.84809524700006,3.045042145000025],[25.843706202000078,3.058378938000033],[25.869228367000062,3.099421034000045],[25.864586126000063,3.121273117000044],[25.887680026000055,3.13123594700005],[25.83581528900004,3.174129057000073],[25.853866046000064,3.186150077000036],[25.844171178000067,3.213282080000056],[25.748668251000026,3.297936105000076],[25.749744357000054,3.320957043000021],[25.71803409200004,3.356308919000071],[25.693407184000023,3.322858987000075],[25.699424264000072,3.301931118000027],[25.687086325000053,3.293147010000041],[25.701126264000038,3.26971127500002],[25.69200716000006,3.256794083000045],[25.665903220000075,3.257174176000035],[25.63284120000003,3.285382972000036],[25.62442907600007,3.266022188000022],[25.59486752400005,3.273524027000065],[25.593071268000074,3.262700091000056],[25.510523254000077,3.298110991000044],[25.486740244000032,3.288826135000022],[25.41133319200003,3.376040131000025],[25.347702135000077,3.366844010000023],[25.303892313000063,3.322267038000064],[25.256221115000073,3.333144994000065],[25.246187199000076,3.322061035000047],[25.22298626500003,3.342002133000051],[25.189579348000052,3.334745078000026],[25.17712838800003,3.357946988000037],[25.128213032000076,3.388179075000039],[25.121720228000072,3.41505821100003],[25.05847998400003,3.423099881000041],[25.002719932000048,3.393649915000026],[24.98476996100004,3.414070069000047],[24.986009801000023,3.447680042000059],[24.93501976400006,3.484539903000041],[24.91737979000004,3.486999985000068],[24.90324964200005,3.469680072000074],[24.801189840000063,3.502410090000069],[24.731638677000035,3.483017880000034],[24.72372,3.460869928000022],[24.68682,3.467399947000047],[24.67044,3.493340029000024],[24.64911,3.500379998000028],[24.579190840000024,3.463479456000073],[24.650383259000023,3.419365159000051],[24.698997318000067,3.351440928000045],[24.69665912800008,3.25590803800003],[24.71897729600005,3.156888624000032],[24.704651118000072,3.154435987000056],[24.692358168000055,3.191211],[24.66605045800003,3.133554981000032],[24.60493326200003,3.130987117000075],[24.496906273000036,3.073195093000038],[24.48200229100007,2.927666303000024],[24.52261134500003,2.855351122000059],[24.499290186000053,2.800011070000039],[24.465440107000063,2.796170061000055],[24.442670125000063,2.770530030000032],[24.42223046600003,2.787005717000056],[24.442219605000048,2.819080495000037],[24.415859830000045,2.828860054000074],[24.416250052000066,2.84244003200007],[24.36186842400008,2.824460778000059],[24.346249872000044,2.835439991000044],[24.328940009000064,2.818330058000072],[24.317439793000062,2.830699949000063],[24.32235991300007,2.855350042000055],[24.306130050000036,2.85112994800005],[24.29714086200005,2.863049899000032],[24.276919994000025,2.831890009000062],[24.25941008500007,2.855509798000071],[24.222189916000048,2.840140052000038],[24.211770081000054,2.863789999000062],[24.184885320000035,2.839727111000059],[24.19466220000004,2.764373492000061],[24.16743180000003,2.765073595000047],[24.166775880000046,2.743439155000033],[24.18665188600005,2.713389010000071],[24.263470080000047,2.680389980000029],[24.28927992000007,2.690180016000056],[24.31361232000006,2.673034122000047],[24.400650099000075,2.653881206000051],[24.408138240000028,2.667032994000067],[24.446558160000052,2.671583038000051],[24.464500319000024,2.650953263000076],[24.504066360000024,2.655045050000069],[24.527956196000048,2.633980165000025],[24.542110440000044,2.641177012000071],[24.535778400000027,2.62458009900007],[24.57023432400007,2.593666037000048],[24.563900438000076,2.577759167000067],[24.58148220000004,2.585431068000048],[24.601007520000053,2.568027144000041],[24.60112416000004,2.54133401100006],[24.621021360000043,2.542801993000069],[24.62595048000003,2.514288125000064],[24.66529416000003,2.515148982000028],[24.668121240000062,2.496292090000054],[24.687124200000028,2.492691053000044],[24.697555200000068,2.460980101000075],[24.716585115000044,2.450936027000068],[24.756954480000047,2.370798983000043],[24.770891160000076,2.374539011000024],[24.790893480000022,2.349771159000056],[24.81951348000007,2.342527046000043],[24.84208317200006,2.305113065000057],[24.836435280000046,2.288293058000022],[24.85559844000005,2.299877011000035],[24.866647157000045,2.282664120000049]]]},"properties":{"shapeName":"Buta","shapeISO":"","shapeID":"63176286B70684258400559","shapeGroup":"COD","shapeType":"ADM2"}},
{"type":"Feature","geometry":{"type":"Polygon","coordinates":[[[29.36110126500006,0.067368731000045],[29.35226472000005,0.098269089000041],[29.365308218000052,0.110431436000056],[29.33157915700008,0.191553363000025],[29.28381767600007,0.193940729000076],[29.269891459000064,0.212480196000058],[29.248671294000076,0.213411639000071],[29.230700842000033,0.20853706500003],[29.21948290000006,0.176279517000069],[29.18893766900004,0.168476505000058],[29.23795125600003,0.09104985700003],[29.25459382100007,0.085057198000072],[29.271502714000064,0.108001807000051],[29.302919987000053,0.060648161000074],[29.36110126500006,0.067368731000045]]]},"properties":{"shapeName":"Butembo","shapeISO":"","shapeID":"63176286B17770065929195","shapeGroup":"COD","shapeType":"ADM2"}},
{"type":"Feature","geometry":{"type":"Polygon","coordinates":[[[21.830955558000028,-2.530427904999954],[21.681068400000072,-2.468919884999934],[21.64641956400004,-2.43129503199998],[21.595215240000073,-2.419367928999975],[21.56149836000003,-2.378752988999963],[21.410085240000058,-2.309602926999958],[21.41269740000007,-2.445885662999956],[21.44325421800005,-2.497663864999936],[21.391409160000023,-2.473068922999971],[21.20227452000006,-2.51275402899995],[21.13255728000007,-2.496115989999964],[21.094082280000066,-2.505604972999947],[21.016336328000023,-2.494441894999966],[20.962133249000033,-2.489821043999939],[20.949886440000057,-2.55809533799993],[20.864484,-2.702342421999958],[20.86542828000006,-2.748579566999979],[20.806826040000033,-2.803928926999959],[20.671974360000036,-3.150758018999966],[20.627475120000042,-3.316378014999941],[20.643459480000047,-3.971134931999927],[20.661713280000072,-4.058290754999973],[20.651214837000055,-4.155150420999973],[20.742149879000067,-4.144890049999958],[20.814302094000027,-4.107050138999966],[20.845709999000064,-4.107889943999965],[20.86580987900004,-4.12385001499996],[20.921540485000037,-4.118599632999974],[20.941210012000056,-4.07497013699998],[21.034540078000077,-4.011890121999954],[21.069010078000076,-3.990880008999966],[21.115979998000057,-3.996379978999926],[21.16560150300006,-3.966689982999981],[21.202278731000035,-3.966620145999968],[21.342819958000064,-4.016679977999956],[21.37629995700007,-4.013150063999944],[21.447809997000036,-4.075800025999968],[21.53292983800003,-4.055200040999978],[21.556288874000074,-4.062190104999956],[21.58045991700004,-4.031449926999926],[21.59276003800005,-4.054249918999972],[21.656400117000032,-4.013109971999938],[21.700159916000075,-4.018559989999972],[21.74335991600003,-3.984440046999964],[21.776349957000036,-3.990079937999951],[21.780560156000035,-3.963860016999945],[21.80028995600003,-3.957950065999967],[21.830998007000062,-3.959909183999969],[21.830469837000066,-3.983370100999934],[21.85502226400007,-3.972642444999963],[21.919343828000024,-3.998869995999939],[21.968222121000053,-3.975075790999938],[22.020057360000067,-3.892447991999973],[22.06830528000006,-3.877859663999971],[22.15608048000007,-3.796355096999946],[22.132083960000045,-3.778684144999943],[22.14220818700005,-3.761581002999947],[22.128656400000068,-3.578028879999977],[22.06197,-3.584019874999967],[22.04163,-3.569240000999969],[22.01459004000003,-3.572360008999965],[21.95856,-3.601549951999971],[21.939630480000062,-3.574607054999944],[21.929358240000056,-3.504210994999937],[21.94121519400005,-3.441650057999937],[21.989439360000063,-3.40108786899998],[21.998170077000054,-3.296081734999973],[22.095672835000073,-3.209362856999974],[22.113952555000026,-3.121842522999941],[22.101304674000062,-3.082925715999977],[22.108269955000026,-3.063764894999963],[22.16421431300006,-3.011761711999952],[22.181230434000042,-2.956841245999954],[22.221348832000047,-2.928797781999947],[22.166897291000055,-2.922644858999945],[22.075304394000057,-2.773500901999967],[22.03286327400008,-2.729650988999936],[22.014717451000024,-2.674378957999977],[21.919103276000044,-2.585946905999947],[21.851230491000024,-2.558564119999971],[21.830955558000028,-2.530427904999954]]]},"properties":{"shapeName":"Dekese","shapeISO":"","shapeID":"63176286B23528212594514","shapeGroup":"COD","shapeType":"ADM2"}},
{"type":"Feature","geometry":{"type":"Polygon","coordinates":[[[22.42437350800003,-4.621257903999947],[22.36972427200004,-4.643418890999953],[22.286043344000063,-4.626374981999959],[22.248137154000062,-4.703054984999937],[22.201931874000024,-4.721807313999932],[22.225607110000055,-4.750663862999943],[22.223253225000065,-4.782461843999954],[22.17172427500003,-4.822739002999981],[22.12143515400004,-4.837532885999963],[22.085537395000074,-4.874227944999973],[22.084937275000073,-4.901537813999937],[22.105221115000063,-4.918560456999955],[22.103718110000045,-4.963476026999956],[22.127305668000076,-4.978575211999953],[22.091572429000053,-5.090273887999956],[22.03474247300005,-5.138167945999953],[22.020023155000047,-5.070023884999955],[21.93177131500005,-5.078617420999933],[21.868469637000032,-5.048009759999957],[21.885406556000078,-5.029676704999929],[21.87984167600007,-5.017735646999938],[21.823934396000027,-5.025634916999934],[21.801966836000076,-5.083483926999975],[21.689811590000033,-5.054821953999976],[21.68979047600004,-5.129588855999941],[21.637565278000068,-5.232681940999953],[21.638038317000053,-5.295712983999977],[21.624192781000033,-5.316130856999962],[21.664097893000076,-5.330317359999981],[21.658780077000074,-5.392760083999974],[21.686375419000058,-5.395729505999952],[21.711970076000057,-5.430789924999942],[21.754410117000077,-5.441979880999952],[21.76076987600004,-5.464780042999962],[21.820740116000024,-5.451880044999939],[21.821969876000026,-5.426129981999964],[21.846800012000074,-5.415173491999951],[21.878605436000043,-5.477702901999976],[21.92568947500007,-5.520567882999956],[21.977056435000065,-5.620564951999938],[21.936460113000066,-5.751741877999962],[21.962012755000046,-5.735973842999954],[22.022234276000063,-5.745704352999951],[22.12110791400005,-5.702978260999942],[22.118240155000024,-5.722919945999934],[22.150029955000036,-5.770630037999979],[22.205048988000044,-5.824767828999939],[22.22269991400003,-5.824670094999931],[22.225610327000027,-5.85296001699993],[22.246510690000036,-5.853948576999926],[22.26191976000007,-5.83641443199997],[22.40199252000008,-5.806752711999934],[22.431823200000053,-5.771354981999934],[22.44469672200006,-5.789674988999934],[22.47003612000003,-5.791135378999968],[22.482036360000052,-5.777831737999975],[22.492240200000026,-5.820931325999936],[22.506748920000064,-5.825839788999929],[22.56640740000006,-5.818533644999945],[22.62666132000004,-5.749718157999951],[22.672792481000045,-5.791665983999962],[22.778980200000035,-5.760651972999938],[22.803755400000057,-5.777728994999961],[22.828520880000042,-5.774118115999954],[22.812250320000032,-5.664367016999961],[22.841938264000078,-5.633617142999981],[22.847974200000067,-5.599821883999937],[22.801578480000046,-5.487929865999945],[22.757299200000034,-5.46919300299993],[22.728542400000038,-5.386544927999978],[22.701030480000043,-5.367383921999931],[22.681604178000043,-5.325700047999931],[22.639425480000057,-5.297298998999963],[22.49567028000007,-5.122313935999955],[22.44086427600007,-5.101456808999956],[22.483251360000054,-4.940535892999947],[22.357633315000044,-4.888412976999973],[22.34762388000007,-4.851063459999978],[22.455847800000072,-4.735114077999981],[22.450747680000063,-4.693893096999943],[22.476022920000048,-4.644053361999966],[22.44823020000007,-4.62109589399995],[22.42437350800003,-4.621257903999947]]]},"properties":{"shapeName":"Demba","shapeISO":"","shapeID":"63176286B65160793690884","shapeGroup":"COD","shapeType":"ADM2"}},
{"type":"Feature","geometry":{"type":"Polygon","coordinates":[[[22.954546393000044,-5.846835908999935],[22.863376440000025,-5.830073005999964],[22.789825200000053,-5.850137983999957],[22.717489320000027,-5.836852968999949],[22.683693240000025,-5.84964692799997],[22.672716480000076,-5.826850986999943],[22.592235240000036,-5.847251881999966],[22.593047760000047,-5.95047716299996],[22.57424892000006,-5.981388290999973],[22.597784640000043,-6.009055198999931],[22.597081200000048,-6.041019465999966],[22.576772520000077,-6.043464913999969],[22.525745400000062,-6.002384019999965],[22.493555280000066,-6.011953885999958],[22.448549160000027,-5.999180941999953],[22.39700259700004,-6.030997827999954],[22.397050080000042,-6.10273990099995],[22.416749135000032,-6.132679235999944],[22.44432996000006,-6.128849981999963],[22.44994992000005,-6.173640047999925],[22.475171400000022,-6.202741587999981],[22.46863015200006,-6.247789449999971],[22.484437800000023,-6.25236036299998],[22.442619120000074,-6.358759092999946],[22.398611017000064,-6.399091122999948],[22.425839653000025,-6.449971000999938],[22.410821801000054,-6.480272709999952],[22.434019921000072,-6.489999974999932],[22.431443904000048,-6.507227149999949],[22.470878652000067,-6.555379311999957],[22.47421128900004,-6.601127290999955],[22.499018100000058,-6.614757404999978],[22.489870154000073,-6.690119066999955],[22.54274895700007,-6.695087792999971],[22.566578935000052,-6.731920857999967],[22.565319834000036,-6.779260049999948],[22.598442607000038,-6.777272833999973],[22.673050550000028,-6.806060086999935],[22.696155347000058,-6.791547979999962],[22.732584472000042,-6.858739874999969],[22.825906189000023,-6.889296934999948],[22.84197442800007,-6.90587887099997],[22.87751614900003,-6.890287587999978],[22.922419668000032,-6.902078114999938],[22.94853118800006,-6.885154843999942],[22.962900240000067,-6.943133225999929],[22.977462240000023,-6.952023493999945],[23.031170640000028,-6.902146459999926],[23.03387244000004,-6.871229171999971],[23.045164560000046,-6.868538350999927],[23.12594820000004,-6.895014676999949],[23.137796880000053,-6.933965317999935],[23.271591494000063,-6.949275058999945],[23.277160560000027,-6.915276941999934],[23.183075880000047,-6.905756679999968],[23.148767520000035,-6.860977706999961],[23.08463172000006,-6.849350939999965],[23.021066880000035,-6.770499480999945],[23.057836200000054,-6.710099923999962],[23.073370200000056,-6.635436935999962],[23.092491240000072,-6.613410965999947],[23.101352263000024,-6.538498112999946],[23.125538160000076,-6.51050394899994],[23.139877299000034,-6.458352856999966],[23.131418412000073,-6.427992095999969],[23.149370520000048,-6.415154897999969],[23.133098631000053,-6.38454898699996],[23.149891440000033,-6.377224981999973],[23.141184234000036,-6.359276891999968],[23.071228920000067,-6.348094327999945],[23.053765320000025,-6.254106078999939],[23.083078343000068,-6.190642168999943],[23.008588560000078,-6.165843197999948],[23.01014949200004,-6.103119015999937],[22.956001920000062,-6.06513616899997],[22.955335201000025,-6.044137895999938],[22.97627818500007,-6.025328860999934],[22.948618320000037,-5.948006017999944],[22.987785213000052,-5.886461900999961],[22.954546393000044,-5.846835908999935]],[[22.84418677000008,-6.502018800999963],[22.831297937000045,-6.486015761999965],[22.839297902000055,-6.460232005999956],[22.884631038000066,-6.461565680999968],[22.880186613000035,-6.497573563999936],[22.84418677000008,-6.502018800999963]]]},"properties":{"shapeName":"Dibaya","shapeISO":"","shapeID":"63176286B23998883625218","shapeGroup":"COD","shapeType":"ADM2"}},
{"type":"Feature","geometry":{"type":"Polygon","coordinates":[[[19.858074618000046,-4.170450595999966],[19.877801446000035,-4.16444860699994],[19.87421475000008,-4.143141169999979],[19.84656730200004,-4.147042574999944],[19.858074618000046,-4.170450595999966]]]},"properties":{"shapeName":"Dibaya-Lubwe","shapeISO":"","shapeID":"63176286B25992661497472","shapeGroup":"COD","shapeType":"ADM2"}},
{"type":"Feature","geometry":{"type":"Polygon","coordinates":[[[24.01299125500003,-9.835567783999977],[23.95731132000003,-9.827094952999971],[23.940540374000022,-9.85912590299995],[23.98575021700003,-9.90558214999993],[23.975027280000063,-9.941266976999941],[23.996946235000053,-9.965072798999927],[23.982789600000046,-9.991851168999972],[23.910877800000037,-9.871933157999933],[23.913168840000026,-9.926366325999936],[23.942716920000066,-9.980862557999956],[23.93847432000007,-10.015311291999978],[23.853557160000037,-10.01916693399994],[23.807613240000023,-9.989923898999962],[23.781778560000078,-10.071112785999958],[23.755347,-10.061522886999967],[23.73626304000004,-10.00888180499993],[23.69325168000006,-9.973400367999943],[23.651741252000022,-10.005583978999937],[23.61601637800004,-9.999999942999978],[23.61650436000008,-9.94777094099993],[23.59295110900007,-9.910836333999953],[23.557349160000058,-9.965104916999962],[23.523742800000036,-10.070656459999952],[23.500305,-10.091899577999982],[23.367040200000076,-10.06506393099994],[23.26293540000006,-10.096341865999932],[23.17661424000005,-10.09766194399998],[23.12646336000006,-10.080503868999926],[23.094343440000046,-10.022617950999972],[23.037899244000073,-9.973499043999936],[23.006931507000047,-10.055842119999966],[22.917960360000052,-10.038282627999934],[22.90716,-10.050041276999934],[22.737549240000078,-10.015800879999972],[22.724079301000074,-9.97143376899993],[22.67699220000003,-9.947759936999944],[22.616100360000075,-9.868981880999968],[22.555973520000066,-9.890400584999952],[22.553199720000066,-9.989256804999968],[22.513569480000058,-10.029051597999967],[22.394781720000026,-10.055938713999979],[22.334799600000053,-10.053966584999955],[22.278893400000072,-10.102775621999967],[22.219440513000052,-10.081648899999948],[22.223000160000026,-10.159000053999932],[22.261251240000036,-10.263864712999975],[22.240632600000026,-10.29000225699997],[22.25547756000003,-10.306337285999973],[22.299000120000073,-10.31600003699998],[22.329,-10.39899999599993],[22.27799988000004,-10.516000042999963],[22.317000120000046,-10.544000035999943],[22.31399988000004,-10.676000054999975],[22.334000040000035,-10.758000056999947],[22.31099993600003,-10.783000063999964],[22.282694265000032,-10.775596895999968],[22.18100004000007,-10.852000099999941],[22.17399984000008,-10.875000013999966],[22.20800004000006,-10.953999963999934],[22.221,-11.104000105999944],[22.263999840000054,-11.166000114999974],[22.259000160000028,-11.226999975999945],[22.27799988000004,-11.249999996999975],[22.299999779000075,-11.243999910999946],[22.350999896000076,-11.177000070999952],[22.436999929000024,-11.175000075999947],[22.494999884000038,-11.120000079999954],[22.497999764000042,-11.052000040999928],[22.561999839000066,-11.03100002399998],[22.722999840000057,-11.10999993799993],[22.786999818000027,-11.11300006099998],[22.81099993400005,-11.082999963999953],[22.866999728000053,-11.061999908999951],[22.959,-11.097999971999968],[23.01399995400004,-11.099999959999934],[23.083999782000035,-11.123999931999947],[23.151999812000042,-11.092999984999949],[23.20299992400004,-11.101999939999928],[23.435999801000037,-10.938000005999982],[23.505999630000076,-10.945999895999933],[23.585000040000068,-10.992999940999937],[23.707999937000068,-11.007999960999939],[23.744999617000076,-10.991999987999975],[23.81500008000006,-11.027999931999943],[23.851999870000043,-11.02799990099993],[23.944999723000024,-10.954999985999962],[23.979999631000055,-10.896999969999968],[24.00999950100004,-10.884999887999982],[24.12500004000003,-10.909999978999963],[24.12399996000005,-10.952000018999968],[24.145999920000065,-10.977000018999945],[24.132999960000063,-11.028999909999982],[24.163999536000063,-11.044999936999943],[24.176242899000044,-11.02284458899993],[24.17949539700004,-10.992026020999958],[24.241314240000065,-10.973516965999977],[24.264339389000043,-10.892430184999967],[24.366976109000063,-10.892745895999951],[24.405428018000066,-10.864911037999946],[24.398159400000054,-10.784461981999925],[24.35904540000007,-10.743074888999956],[24.363489241000025,-10.71016089799997],[24.31281654600008,-10.601458820999937],[24.301399331000027,-10.521498896999958],[24.310617120000074,-10.45821254699996],[24.29260884000007,-10.436364689999948],[24.291153360000067,-10.383922610999946],[24.24709260000003,-10.389943691999974],[24.240486600000054,-10.370239459999937],[24.213548160000073,-10.371730849999949],[24.211754280000036,-10.332069031999936],[24.150579480000033,-10.315384866999977],[24.11940240000007,-10.262204003999955],[24.14266452000004,-10.228052003999949],[24.107479202000036,-10.161326985999949],[24.10844220000007,-10.124763938999934],[24.14448144000005,-10.094916934999958],[24.13938924000007,-10.055170977999978],[24.114240360000053,-10.038517911999975],[24.133350015000076,-10.011748932999978],[24.085923840000078,-9.992682943999966],[24.085035,-9.956363058999955],[24.105800231000046,-9.93625577299997],[24.104522160000045,-9.914192043999947],[24.025798977000022,-9.892287710999938],[24.027624,-9.841243988999963],[24.01299125500003,-9.835567783999977]],[[23.46506146400003,-10.344760095999959],[23.474523833000035,-10.359482884999977],[23.46452075800005,-10.375275642999952],[23.439107540000066,-10.371795951999957],[23.441270367000072,-10.348507781999956],[23.46506146400003,-10.344760095999959]]]},"properties":{"shapeName":"Dilolo","shapeISO":"","shapeID":"63176286B33518015273847","shapeGroup":"COD","shapeType":"ADM2"}},
{"type":"Feature","geometry":{"type":"Polygon","coordinates":[[[22.672792481000045,-5.791665983999962],[22.68401142700003,-5.808712767999964],[22.672716480000076,-5.826850986999943],[22.683693240000025,-5.84964692799997],[22.717489320000027,-5.836852968999949],[22.789825200000053,-5.850137983999957],[22.863376440000025,-5.830073005999964],[22.954546393000044,-5.846835908999935],[22.952378520000025,-5.825747812999964],[22.976480880000054,-5.782074284999965],[23.072941440000022,-5.772870313999931],[23.08559580000008,-5.728056829999957],[23.282001,-5.741705761999981],[23.426357616000075,-5.696641427999964],[23.381470080000042,-5.769469912999966],[23.397997275000023,-5.781916872999943],[23.429327400000034,-5.744049976999975],[23.47846596000005,-5.741691953999975],[23.504562360000023,-5.683832307999978],[23.580938160000073,-5.692275028999973],[23.61174747700005,-5.65919990499998],[23.675707800000055,-5.628617258999952],[23.745670062000045,-5.634079820999943],[23.758402320000073,-5.625014933999978],[23.732374320000076,-5.604159926999955],[23.714279302000023,-5.550316954999971],[23.704578324000067,-5.35916186299994],[23.435795160000055,-5.307016891999979],[23.424171543000057,-5.239828113999977],[23.382595440000046,-5.260003024999946],[23.314432320000037,-5.248154997999961],[23.18514804000006,-5.30928281599995],[23.15044836000004,-5.243682629999967],[23.024973240000065,-5.10795896999997],[22.95118125700003,-5.045685036999942],[22.905082440000058,-5.029709019999927],[22.925958840000078,-4.963458610999965],[22.974663600000042,-4.931838171999971],[22.925781720000032,-4.919409961999975],[22.94231436000007,-4.875190996999947],[23.107050360000073,-4.819845485999963],[23.122558440000034,-4.798956008999937],[23.17050936000004,-4.79904993599996],[23.18773825100004,-4.784818769999958],[23.097049193000032,-4.544897890999948],[23.026663066000026,-4.515251633999981],[22.94180890800004,-4.527059436999934],[22.884062388000075,-4.518430295999963],[22.82769214800004,-4.473210986999959],[22.81537042800005,-4.441429988999971],[22.77278134900007,-4.408194961999925],[22.748338429000057,-4.362576870999931],[22.662779390000026,-4.269404006999935],[22.524914127000045,-4.198861077999936],[22.52869847200003,-4.443691866999927],[22.487524189000055,-4.495578885999976],[22.461347336000074,-4.508160675999932],[22.42437350800003,-4.621257903999947],[22.44823020000007,-4.62109589399995],[22.476022920000048,-4.644053361999966],[22.450747680000063,-4.693893096999943],[22.455847800000072,-4.735114077999981],[22.34762388000007,-4.851063459999978],[22.357633315000044,-4.888412976999973],[22.483251360000054,-4.940535892999947],[22.44086427600007,-5.101456808999956],[22.49567028000007,-5.122313935999955],[22.639425480000057,-5.297298998999963],[22.681604178000043,-5.325700047999931],[22.701030480000043,-5.367383921999931],[22.728542400000038,-5.386544927999978],[22.757299200000034,-5.46919300299993],[22.801578480000046,-5.487929865999945],[22.847974200000067,-5.599821883999937],[22.841938264000078,-5.633617142999981],[22.812250320000032,-5.664367016999961],[22.828520880000042,-5.774118115999954],[22.803755400000057,-5.777728994999961],[22.778980200000035,-5.760651972999938],[22.672792481000045,-5.791665983999962]]]},"properties":{"shapeName":"Dimbelenge","shapeISO":"","shapeID":"63176286B75664078742838","shapeGroup":"COD","shapeType":"ADM2"}},
{"type":"Feature","geometry":{"type":"Polygon","coordinates":[[[26.061176905000025,3.63348641500005],[26.092307883000046,3.640654020000056],[26.08582226300007,3.66736912600004],[26.056204596000043,3.662590873000056],[26.061176905000025,3.63348641500005]]]},"properties":{"shapeName":"Dingila","shapeISO":"","shapeID":"63176286B70830242214620","shapeGroup":"COD","shapeType":"ADM2"}},
{"type":"Feature","geometry":{"type":"Polygon","coordinates":[[[22.177459571000043,0.080365078000057],[22.19671008000006,0.068329921000043],[22.23892008000007,0.097580058000062],[22.291840080000043,0.097279968000066],[22.31519004000006,0.118120023000074],[22.33962106300004,0.114618198000073],[22.38059484000007,0.054958732000046],[22.491087480000033,0.007878387000062],[22.594957200000067,0],[22.651836480000043,-0.041078919999961],[22.678316280000047,-0.138718007999955],[22.73257053800006,-0.15928792099993],[22.798409760000027,-0.207207671999925],[22.851488880000034,-0.271984439999926],[22.87695240000005,-0.331860558999949],[22.909558680000032,-0.351008449999938],[22.94361832100003,-0.403650915999947],[23.010158130000036,-0.328928922999978],[23.084634364000067,-0.277187055999946],[23.275594389000048,-0.29523685199996],[23.356514479000055,-0.187687910999955],[23.308235241000034,-0.123775931999944],[23.22413258100005,-0.069212109999967],[23.093511448000072,0.053115840000032],[23.052629488000036,0.113760533000061],[23.04904028900006,0.150864115000047],[22.986808070000052,0.215703504000032],[22.941274320000048,0.307988047000038],[22.930135200000052,0.344209070000034],[22.97123132200005,0.368830163000041],[22.92747552000003,0.502499979000049],[22.94667878300004,0.568340686000056],[22.875220080000076,0.642110038000055],[22.84608996000003,0.698910069000021],[22.857450120000067,0.777130070000055],[22.82229,0.882170057000053],[22.83282,0.913039934000039],[22.820390565000025,0.92790100700006],[22.825550160000034,0.976440024000055],[22.785189840000044,1.037329924000062],[22.778679984000064,1.089240243000063],[22.74024996000003,1.133360025000059],[22.73496012000004,1.173099942000022],[22.72354937600005,1.171641797000063],[22.714160040000024,1.208600061000027],[22.68178992000003,1.233210030000066],[22.68135,1.265169886000024],[22.65442992000004,1.293489921000059],[22.639920120000056,1.344220086000064],[22.562719920000063,1.409470009000074],[22.55687847400003,1.428740439000023],[22.47682065200007,1.473949631000039],[22.469109840000044,1.465849925000043],[22.463039880000053,1.483969967000064],[22.423119840000027,1.474949963000029],[22.39562161200007,1.48602958400005],[22.396459952000043,1.497069940000074],[22.346470080000074,1.490279967000049],[22.32375971500005,1.503449542000055],[22.311259920000055,1.49278003400002],[22.25126036200004,1.511900036000043],[22.26481635500005,1.628145946000075],[22.284837534000076,1.671993065000038],[22.372439040000074,1.710682410000061],[22.323966840000026,1.757399169000053],[22.271322960000077,1.737673574000041],[22.127389918000063,1.762617137000063],[22.05186372000003,1.759221005000029],[21.87571212100005,1.701227080000024],[21.863073600000064,1.332153154000025],[21.89815272000004,1.309286181000061],[21.93468912000003,1.23201517900003],[21.937689,1.142854835000037],[22.017286080000076,1.123141326000052],[22.05397116000006,1.079844985000022],[22.105863,0.928036321000036],[21.96707508000003,0.951096095000025],[21.909992760000023,0.916200469000046],[21.863569320000067,0.865101029000073],[21.795722640000065,0.858090011000058],[21.727678320000052,0.90265527300005],[21.659790240000063,0.886227715000075],[21.664160640000034,0.819607934000032],[21.633867360000067,0.725617568000075],[21.624948,0.699917140000025],[21.564141480000046,0.657722327000045],[21.685584600000027,0.603670420000071],[22.022627400000033,0.589455067000074],[22.049989200000027,0.562546075000057],[22.115511360000028,0.560049055000036],[22.161510360000023,0.543155978000073],[22.187189880000062,0.493950908000045],[22.207944240000074,0.366117342000052],[22.27128624000005,0.28266786100005],[22.27827780000007,0.250856017000046],[22.270051800000033,0.200106500000061],[22.21349544000003,0.174571092000065],[22.177459571000043,0.080365078000057]]]},"properties":{"shapeName":"Djolu","shapeISO":"","shapeID":"63176286B56364191841329","shapeGroup":"COD","shapeType":"ADM2"}},
{"type":"Feature","geometry":{"type":"Polygon","coordinates":[[[30.281692943000053,1.488696039000047],[30.29802155400006,1.411191232000022],[30.341008013000078,1.413794089000021],[30.351263680000045,1.448479238000061],[30.421811878000028,1.447715086000073],[30.46151246200003,1.412291639000046],[30.600011765000033,1.348378100000048],[30.700956132000044,1.495999571000027],[31.034947819000024,1.75899941800003],[30.916328134000025,1.914819639000029],[30.923658360000047,1.959503140000038],[30.964853392000066,2.002694227000063],[30.907375200000047,2.073994580000033],[30.919205758000032,2.129494120000061],[30.901792243000045,2.148685829000044],[30.886840826000025,2.147771302000024],[30.870756682000035,2.111990001000038],[30.770849868000028,2.156520293000028],[30.73021279200003,2.131596361000049],[30.658550400000024,2.134475061000046],[30.539705040000058,2.192314845000055],[30.497789520000026,2.14861701500007],[30.44935188000005,2.155965483000045],[30.446566560000065,2.193024260000072],[30.404082240000037,2.180051767000066],[30.39572525500006,2.193267881000054],[30.434417280000048,2.212318086000039],[30.439693440000042,2.232382106000045],[30.38669022600004,2.288377132000051],[30.350585160000037,2.270766755000068],[30.314008543000057,2.280447105000064],[30.31521822700006,2.316566991000059],[30.27471552000003,2.302141241000072],[30.252289320000045,2.37911512300002],[30.189394440000058,2.416821],[30.172622491000027,2.381214256000021],[30.125604252000073,2.369876090000048],[30.072159360000057,2.360301138000068],[30.057188379000024,2.368871053000021],[30.027256451000028,2.282976203000032],[29.99782540800004,2.279365086000041],[29.982438013000035,2.248799117000033],[29.966647850000072,2.244691673000034],[29.946800250000024,2.267513025000028],[29.929840943000045,2.249833368000054],[29.914388405000068,2.186592117000032],[29.870603249000055,2.183695876000058],[29.851430723000078,2.148301324000045],[29.86903241400006,2.14665311400006],[29.871266355000046,2.11973084400006],[29.90348617500007,2.109538982000061],[29.897205262000057,2.056177002000027],[29.868673156000057,2.080392753000069],[29.808788278000065,2.091557038000076],[29.76500152600005,2.15261298300004],[29.717046696000068,2.189516957000023],[29.690305650000028,2.197618750000061],[29.623022475000027,2.187180238000053],[29.62391406900008,2.15578589200004],[29.671759689000055,2.076761726000029],[29.69060292200004,2.076425734000054],[29.721983942000065,2.009592160000068],[29.708299062000037,1.997002998000028],[29.728447162000066,1.961742633000028],[29.886903149000034,1.837458052000045],[29.989217191000023,1.779003990000035],[29.999998876000063,1.745089829000051],[30.03820806400006,1.729867968000065],[29.99795763800006,1.68619749000004],[29.990875734000042,1.664418265000052],[30.000758791000067,1.653183829000056],[30.059129770000027,1.660685950000072],[30.080887757000028,1.639769042000069],[30.127291843000023,1.702824455000041],[30.15984040400008,1.685287168000059],[30.20247942900005,1.706887874000074],[30.24664969500003,1.699355949000051],[30.270969394000076,1.670463261000066],[30.313136137000072,1.666618181000047],[30.32978498600005,1.638497293000057],[30.337261445000024,1.614363910000066],[30.299465843000064,1.586457450000069],[30.296086916000036,1.551353628000072],[30.275898865000045,1.521460673000036],[30.281692943000053,1.488696039000047]],[[30.235247704000074,1.803622448000056],[30.221074061000024,1.825015323000059],[30.242482168000038,1.833334706000073],[30.25092597400004,1.809946098000069],[30.235247704000074,1.803622448000056]]]},"properties":{"shapeName":"Djugu","shapeISO":"","shapeID":"63176286B65133649587609","shapeGroup":"COD","shapeType":"ADM2"}},
{"type":"Feature","geometry":{"type":"Polygon","coordinates":[[[27.25449051800007,3.85670787600003],[27.287959991000037,3.844085067000037],[27.322614369000064,3.794632184000022],[27.365915520000044,3.796519104000026],[27.37348920000005,3.784326150000027],[27.384012360000042,3.80068007400007],[27.43097148000004,3.811774035000042],[27.465833520000047,3.774515156000064],[27.451141221000057,3.805347052000059],[27.45937728000007,3.817554108000024],[27.48572352000008,3.822871985000063],[27.49555944000008,3.84014406700004],[27.52924752000007,3.834418096000036],[27.559221484000034,3.886924101000034],[27.59909220000003,3.886263133000057],[27.610744320000038,3.930237096000042],[27.704469329000062,3.934442035000075],[27.718433280000056,3.957699067000021],[27.749145413000065,3.953572327000074],[27.745466400000055,3.973827005000032],[27.78625720200006,3.976610074000064],[27.777309480000042,3.992949042000021],[27.804554280000048,4.044754046000037],[27.797901480000064,4.057872057000054],[27.815773240000055,4.067087999000023],[27.892338214000063,4.037655241000039],[27.958565230000033,4.054940836000071],[27.961242480000067,3.998822601000029],[28.036527480000075,3.922141002000046],[28.05075214900006,3.843879207000043],[28.086487560000023,3.811389917000042],[28.13952960000006,3.807997417000024],[28.151508240000055,3.791805844000066],[28.147455231000038,3.769539184000053],[28.098200271000053,3.745596005000039],[28.04573462700006,3.746739275000039],[28.10278728000003,3.725339987000041],[28.185262200000068,3.718899066000063],[28.22444136000007,3.688744100000065],[28.25536752000005,3.606336007000039],[28.279190338000035,3.59114106800007],[28.300493388000064,3.606560935000061],[28.329815246000067,3.604715027000054],[28.36716228000006,3.666167079000047],[28.419164341000055,3.66247106000003],[28.43702924300004,3.643821184000046],[28.541935369000043,3.612937853000062],[28.520660880000037,3.509884427000031],[28.47227760000004,3.385429436000038],[28.50568056000003,3.37593724200002],[28.493814600000064,3.362649739000062],[28.52832017000003,3.32314604100003],[28.518697532000033,3.309800093000035],[28.444959536000056,3.295325306000052],[28.36802573400007,3.322967118000065],[28.380158781000034,3.29971600500005],[28.37236346000003,3.241945043000044],[28.362284544000033,3.21340606800004],[28.321753604000037,3.17474502400006],[28.323582403000046,3.147814965000066],[28.289972818000024,3.067801661000033],[28.302892403000044,3.039260852000041],[28.326424960000054,3.039958874000035],[28.330887567000048,2.945733386000029],[28.36841679400004,2.888647121000076],[28.444626158000062,2.876889998000024],[28.463162882000063,2.862845103000041],[28.471390864000057,2.827169262000041],[28.50297268500003,2.825086569000064],[28.535700477000034,2.833588161000023],[28.519467594000048,2.878474],[28.547393577000037,2.887667936000071],[28.566600423000068,2.842550128000028],[28.565897918000076,2.800664554000036],[28.58834009900005,2.837246919000052],[28.606879209000056,2.842991021000046],[28.60024945300006,2.858645051000053],[28.634806257000037,2.856785071000047],[28.65289465500007,2.872655070000064],[28.676450087000035,2.838120040000035],[28.684008982000023,2.851463091000028],[28.703689920000045,2.850991244000056],[28.70988559700004,2.878374931000053],[28.69135244000006,2.887132007000048],[28.71174750800003,2.932459036000068],[28.747611617000075,2.967712946000063],[28.74407640900006,3.026112314000045],[28.755992203000062,3.046127020000029],[28.845683603000055,3.042304432000037],[28.87687724700004,3.070201042000065],[28.881261324000036,3.112087023000072],[28.91354724000007,3.12172608700007],[28.941503400000045,3.152313034000031],[28.97484506400008,3.233640514000058],[29.045871574000046,3.279595855000025],[29.12534223800003,3.376735862000032],[29.13408195200003,3.397247063000066],[29.121541002000072,3.450202973000046],[29.157994374000054,3.483996404000038],[29.212905096000043,3.433751982000047],[29.258274844000027,3.453947735000042],[29.31499449100005,3.392874152000047],[29.348120685000026,3.383549154000036],[29.393659080000077,3.482835026000032],[29.430887040000073,3.48592024800007],[29.44305072000003,3.499207273000025],[29.468000520000032,3.564134102000025],[29.471494320000033,3.603949998000076],[29.43694152000006,3.628634137000063],[29.431020432000025,3.652352083000039],[29.550445920000072,3.69517643100005],[29.563629840000033,3.675378211000066],[29.606492520000074,3.685178276000045],[29.633113800000046,3.735216105000063],[29.697885288000066,3.772981110000046],[29.68783931200005,3.793255934000058],[29.66539032000003,3.796059092000064],[29.649194280000074,3.837752047000038],[29.622650400000055,3.85897609400007],[29.646161280000058,3.907141972000034],[29.64157092100004,3.938997841000059],[29.561284440000065,3.977459392000071],[29.555496360000063,3.993751088000067],[29.61808632000003,4.00768598600007],[29.658922200000063,4.032704085000034],[29.690791200000035,4.234053011000071],[29.76435144000004,4.281339052000021],[29.810260293000056,4.387492725000072],[29.81511414600004,4.514952222000034],[29.840767037000035,4.56891033200003],[29.78968775900006,4.602387281000063],[29.733140483000057,4.605354672000033],[29.650090012000078,4.665701076000062],[29.520122800000024,4.686199327000054],[29.494528200000047,4.684894544000031],[29.475528480000037,4.667393759000049],[29.46391956000008,4.586832988000026],[29.326971600000036,4.406588859000067],[29.310343560000035,4.392096209000044],[29.273379066000075,4.397351344000072],[29.253843720000077,4.364818326000034],[29.214565200000038,4.352636973000074],[29.180514025000036,4.371130742000048],[29.139186477000067,4.427459824000039],[29.09450481500005,4.42607569200004],[29.09381939000008,4.449512187000039],[29.054435789000024,4.464977391000048],[29.034681712000065,4.488935844000025],[28.937600356000075,4.478924742000061],[28.88392086300007,4.494329540000024],[28.83031161100007,4.48930494800004],[28.818362957000033,4.497669608000024],[28.821123786000044,4.540642510000055],[28.78698226800003,4.571278059000065],[28.758904200000075,4.546854740000072],[28.71901512000005,4.538579770000069],[28.70258724000007,4.471807345000059],[28.679185440000026,4.436854464000021],[28.603595160000054,4.415811419000022],[28.582288920000053,4.378159629000038],[28.523922480000067,4.371610577000069],[28.488105,4.311356188000047],[28.453636800000027,4.287772076000067],[28.414470916000028,4.282824642000037],[28.35189328200005,4.338083781000023],[28.238630829000044,4.329581820000044],[28.20011323600005,4.346156730000075],[28.13995762500008,4.434055512000043],[28.12234685800007,4.443598884000039],[28.085733308000044,4.435036614000069],[28.038904066000043,4.466987696000047],[28.028338140000074,4.534656722000022],[28.014574340000024,4.546162741000046],[27.944170563000057,4.556960485000047],[27.87629296700004,4.539216742000065],[27.797157456000036,4.570255763000034],[27.76362975400008,4.646195763000037],[27.79103354700004,4.685013355000024],[27.78177224800004,4.769682573000068],[27.710853670000063,4.773598784000058],[27.699509057000057,4.845481824000046],[27.676630987000067,4.874993502000052],[27.58983663600003,4.860598819000074],[27.56687701900006,4.87332497400007],[27.52731859900007,4.934425164000061],[27.49111103100006,4.943606755000076],[27.464462147000063,4.979485799000031],[27.440330371000073,5.020430745000056],[27.44626603200004,5.05288684900006],[27.431554335000044,5.077728747000037],[27.23181809700003,5.152314863000072],[27.142931171000043,5.204215789000045],[27.06674220000008,5.200893073000032],[26.970192360000055,5.152197151000053],[26.987482440000065,5.095483534000039],[26.93644776000008,5.081521818000056],[26.929336396000053,5.010829126000033],[26.966076196000074,4.994774975000041],[26.950383720000048,4.975831041000049],[26.98227864000006,4.937594051000076],[26.998842240000045,4.864197792000027],[27.046842480000066,4.838386985000056],[27.03543347200008,4.797172314000022],[26.97741157300004,4.784890604000054],[27.02778624000007,4.693128089000027],[26.97672244900008,4.635971942000026],[26.981130240000027,4.60421507500007],[26.968315320000045,4.58486205600002],[26.980507440000054,4.562092010000072],[26.959947509000074,4.51004206500005],[27.040212410000038,4.507397050000066],[27.07785815300008,4.481899162000047],[27.188434440000037,4.444523089000029],[27.272787480000034,4.470632071000068],[27.294703920000075,4.459469832000025],[27.266906520000077,4.417802581000046],[27.265470840000035,4.366384088000075],[27.24089040000007,4.311722271000065],[27.24052427600003,4.224761259000047],[27.227920320000067,4.221754151000027],[27.191192400000034,4.078995108000072],[27.200851184000044,4.054376147000028],[27.221029200000032,4.047495133000041],[27.227085480000028,3.96785707500004],[27.25599852000005,3.937045003000037],[27.277378200000044,3.879292075000023],[27.25449051800007,3.85670787600003]]]},"properties":{"shapeName":"Dungu","shapeISO":"","shapeID":"63176286B6974395638231","shapeGroup":"COD","shapeType":"ADM2"}},
{"type":"Feature","geometry":{"type":"Polygon","coordinates":[[[30.54099240000005,3.594905051000069],[30.565428501000042,3.624275170000033],[30.56331249400006,3.672566070000073],[30.57982499700006,3.701537248000022],[30.555676788000028,3.827379807000057],[30.52608899300003,3.848584179000056],[30.45298243700006,3.831148648000067],[30.43027915700003,3.870982721000075],[30.403829759000075,3.866200659000071],[30.379038501000025,3.895164755000053],[30.266104743000028,3.956637261000026],[30.202229978000048,3.927399822000041],[30.207343344000037,3.961563501000057],[30.19089526600004,4.015497740000058],[30.173331904000065,4.03035131300004],[30.180124658000068,4.092267715000048],[30.169067338000048,4.107316021000031],[30.057218464000073,4.139366003000021],[30.01702768000007,4.209863712000072],[29.969803650000074,4.232994808000058],[29.979133300000058,4.307770346000041],[29.914703332000045,4.355752093000035],[29.864565454000058,4.351799998000047],[29.810260293000056,4.387492725000072],[29.76435144000004,4.281339052000021],[29.690791200000035,4.234053011000071],[29.658922200000063,4.032704085000034],[29.61808632000003,4.00768598600007],[29.555496360000063,3.993751088000067],[29.561284440000065,3.977459392000071],[29.64157092100004,3.938997841000059],[29.646161280000058,3.907141972000034],[29.622650400000055,3.85897609400007],[29.649194280000074,3.837752047000038],[29.66539032000003,3.796059092000064],[29.68783931200005,3.793255934000058],[29.697885288000066,3.772981110000046],[29.633113800000046,3.735216105000063],[29.606492520000074,3.685178276000045],[29.563629840000033,3.675378211000066],[29.550445920000072,3.69517643100005],[29.431020432000025,3.652352083000039],[29.43694152000006,3.628634137000063],[29.471494320000033,3.603949998000076],[29.468000520000032,3.564134102000025],[29.44305072000003,3.499207273000025],[29.430887040000073,3.48592024800007],[29.393659080000077,3.482835026000032],[29.348120685000026,3.383549154000036],[29.396931232000043,3.358000228000037],[29.427406658000052,3.371074886000031],[29.524916284000028,3.340998138000032],[29.543930809000074,3.345110089000059],[29.54555270700007,3.357766609000066],[29.56180263300007,3.352446051000072],[29.591914216000077,3.281040096000027],[29.618021618000057,3.283527053000057],[29.63264309300007,3.263476827000034],[29.653505116000076,3.278399727000021],[29.667451327000038,3.26663618300006],[29.668624608000073,3.282976094000048],[29.649866467000038,3.292678099000057],[29.683812103000037,3.325070936000031],[29.70577441100005,3.313060993000022],[29.703664453000044,3.285905058000026],[29.748252567000065,3.251064064000047],[29.746383448000074,3.231043018000037],[29.722021677000043,3.198514009000064],[29.68432344200005,3.224023342000066],[29.68701950800005,3.195707948000063],[29.66108608600007,3.159389085000043],[29.68490445900005,3.135459023000067],[29.702597411000056,3.147757179000052],[29.744327849000058,3.140220853000073],[29.82743627900004,3.05140586300007],[29.950118743000075,3.021723070000064],[29.969690118000074,2.973821584000063],[29.954165405000026,2.952353720000076],[29.894299069000056,3.003804904000049],[29.813308453000047,3.025145028000054],[29.773325457000055,3.06665197600006],[29.682689734000064,3.076259798000024],[29.672360192000042,3.059246148000057],[29.71735955200006,3.005306072000053],[29.73070365800004,2.915749983000069],[29.757845468000028,2.863915077000058],[29.793045810000024,2.839911799000049],[29.890292561000024,2.867832304000046],[29.960824767000076,2.866574476000039],[29.970526394000046,2.824989584000036],[29.940630587000044,2.784109214000068],[29.95046181500004,2.769697755000038],[29.98261013900003,2.763947522000024],[29.989861610000048,2.727579561000027],[30.045359863000044,2.687761415000068],[30.06363129400006,2.626601946000051],[30.144089880000024,2.630344501000025],[30.149048520000065,2.587948137000069],[30.184708320000027,2.584316571000045],[30.21326784000007,2.604517455000064],[30.208627080000042,2.669317830000068],[30.185307720000026,2.709857066000041],[30.185585640000056,2.768092908000028],[30.148623720000046,2.802401136000071],[30.160453680000046,2.817720176000023],[30.21369948000006,2.824535453000067],[30.210651357000074,2.876855929000044],[30.11187816000006,2.881998175000035],[30.129938280000033,2.906263570000021],[30.18871260000003,2.904568338000047],[30.206251440000074,2.922813999000027],[30.17506823100007,2.94707819000007],[30.161207520000062,2.999142043000063],[30.139618320000068,3.025354023000034],[30.234140281000066,3.088145902000065],[30.359111400000074,3.229548985000065],[30.336988346000055,3.304764114000022],[30.368149560000063,3.357103344000052],[30.366806229000076,3.407469047000063],[30.40088227800004,3.392428188000054],[30.423134434000076,3.432702114000051],[30.384810720000075,3.477093427000057],[30.37224420000007,3.540275132000033],[30.54099240000005,3.594905051000069]],[[30.21809613100004,3.890233746000035],[30.24823757300004,3.90284770300002],[30.27443192000004,3.890594147000058],[30.283043761000044,3.858517808000045],[30.265102427000045,3.826079813000035],[30.22419618500004,3.815266871000063],[30.198719491000077,3.830044524000073],[30.19441357100004,3.873294702000067],[30.21809613100004,3.890233746000035]]]},"properties":{"shapeName":"Faradje","shapeISO":"","shapeID":"63176286B94121502354965","shapeGroup":"COD","shapeType":"ADM2"}},
{"type":"Feature","geometry":{"type":"Polygon","coordinates":[[[18.57126418400003,-5.856532840999932],[18.554643,-5.857174609999959],[18.535046760000057,-5.886736636999956],[18.51897132000005,-5.86627499399998],[18.490209840000034,-5.865916796999954],[18.44664804000007,-5.816087365999977],[18.412677545000065,-5.814085022999961],[18.396829440000033,-5.780145858999958],[18.341241925000077,-5.834207962999926],[18.32205564000003,-5.837133731999927],[18.30922056000003,-5.863454053999931],[18.274597920000076,-5.865155582999932],[18.274772248000033,-5.840476060999947],[18.249691320000068,-5.870068852999964],[18.22340844000007,-5.769718792999981],[18.185682275000033,-5.812961977999976],[18.173082600000043,-5.881219008999949],[18.10413396000007,-5.872188790999928],[18.097435800000028,-5.860628617999964],[18.134744760000046,-5.843834722999929],[18.139676760000043,-5.819865791999973],[18.129357,-5.801784732999977],[18.099709560000065,-5.814154574999975],[18.119277,-5.76150101199994],[18.09010404000003,-5.741899065999974],[18.092867760000047,-5.723550447999969],[18.03185441000005,-5.71819994699996],[18.028238400000077,-5.690850939999962],[17.963965080000037,-5.706101644999933],[17.91403416000003,-5.666329913999959],[17.916528249000066,-5.641126504999932],[17.85538764000006,-5.62859986199993],[17.789032440000028,-5.716371007999953],[17.678603520000024,-5.693348158999925],[17.64157320000004,-5.719709863999981],[17.613390072000072,-5.692030987999942],[17.540201237000076,-5.707830006999927],[17.52907334400004,-5.731119856999953],[17.466646680000053,-5.75514295399995],[17.398632960000043,-5.762478796999972],[17.342409960000055,-5.735882926999977],[17.353365840000038,-5.78151646799995],[17.28154944000005,-5.795864983999934],[17.277963485000043,-5.813130991999969],[17.308590480000078,-5.869555942999966],[17.335815480000065,-5.89057786099994],[17.35061040000005,-5.950297016999968],[17.391073320000032,-5.996315881999976],[17.420047517000057,-6.084241899999938],[17.435241360000077,-6.088993906999974],[17.463592463000055,-6.228880937999975],[17.504623440000046,-6.291206994999925],[17.520971400000064,-6.295719901999973],[17.563785375000066,-6.387228820999951],[17.563406400000076,-6.442405991999976],[17.583690240000067,-6.492184007999981],[17.616465720000065,-6.506278023999926],[17.684187120000047,-6.481680071999961],[17.69586264000003,-6.511866384999962],[17.658757440000045,-6.526753212999949],[17.65294128000005,-6.542406799999981],[17.68788180000007,-6.538597251999931],[17.780841360000068,-6.621096179999938],[17.847873,-6.584328324999944],[17.882930368000075,-6.545939037999972],[17.915603400000066,-6.549429956999973],[17.925512040000058,-6.527597613999944],[17.97147756000004,-6.545761906999928],[17.970262200000036,-6.575550970999927],[18.001356840000028,-6.576298074999954],[18.018429840000067,-6.634464368999943],[18.051765120000027,-6.612258620999967],[18.07285120100005,-6.616785925999977],[18.04146048000007,-6.672135953999941],[18.04688820000007,-6.722234102999948],[18.06780924000003,-6.767025846999957],[18.104242680000027,-6.798887302999958],[18.108559080000077,-6.832538497999963],[18.190274040000077,-6.899544914999979],[18.228358080000078,-6.982906257999957],[18.196737480000024,-6.863223941999934],[18.240548760000024,-6.864976868999975],[18.26093196000005,-6.884277255999962],[18.268645320000076,-6.859267706999958],[18.288541080000073,-6.858185376999927],[18.333305280000047,-6.880664901999978],[18.349624556000038,-6.878724710999961],[18.36897454600006,-6.84803815999993],[18.408598074000054,-6.891222978999963],[18.42999732000004,-6.891058888999964],[18.443867040000043,-6.865727994999929],[18.42117551700005,-6.810937915999943],[18.518654880000042,-6.788803737999956],[18.53996004000004,-6.819920765999939],[18.551584080000055,-6.80904062299993],[18.54781020000007,-6.784226262999937],[18.597824280000054,-6.738576169999931],[18.622657521000065,-6.742066931999943],[18.682513200000074,-6.715900728999941],[18.731160720000048,-6.758535110999958],[18.709242480000057,-6.801348749999931],[18.71724456000004,-6.821781935999979],[18.75406644000003,-6.783758115999944],[18.789859440000043,-6.804612944999974],[18.848205360000065,-6.793641899999955],[18.853288380000038,-6.764878841999973],[18.871370280000065,-6.752343958999973],[18.878984280000054,-6.787455856999941],[18.92130444000003,-6.78716290999995],[18.91885556400007,-6.798211051999942],[18.941271120000067,-6.812304680999944],[18.981428040000026,-6.920093876999942],[19.062536400000056,-6.895748935999961],[19.110594071000037,-6.898377963999963],[19.22923332000005,-6.762220878999926],[19.281500187000063,-6.752458952999973],[19.273990320000053,-6.703456923999966],[19.319557320000058,-6.58768994899998],[19.321315200000072,-6.527019998999947],[19.34240544000005,-6.463255028999981],[19.344766320000076,-6.416375934999962],[19.330486226000062,-6.383636887999955],[19.331363169000042,-6.353757195999947],[19.294718400000022,-6.259254917999954],[19.305553320000058,-6.217251884999939],[19.381996440000023,-6.157516931999965],[19.392086119000055,-6.123783256999957],[19.33718544000004,-6.120203987999957],[19.307449403000078,-6.134722890999967],[19.21716936000007,-6.09318994299997],[19.178644680000048,-6.18239338099994],[19.144603440000026,-6.196233861999929],[19.106421840000053,-6.176612549999959],[19.05536556000004,-6.270052428999975],[19.00576656000004,-6.27823465299997],[18.94890348000007,-6.310676714999943],[18.931753440000023,-6.296992995999972],[18.92343348000003,-6.227843883999981],[18.86733072000004,-6.246259198999951],[18.834705,-6.200893976999964],[18.832784040000035,-6.18401542099997],[18.869972760000053,-6.196529487999953],[18.868893480000054,-6.120147721999956],[18.845611200000064,-6.145853415999966],[18.828870120000033,-6.128942622999944],[18.834567480000032,-6.097278246999963],[18.74762928000007,-6.137963870999954],[18.72937440000004,-6.122477942999978],[18.69330816400003,-6.026598880999927],[18.705398408000065,-5.981213949999926],[18.644283,-5.973121154999944],[18.53283816000004,-5.991235450999966],[18.548380440000074,-5.970981891999941],[18.54109728000003,-5.913994991999971],[18.57126418400003,-5.856532840999932]]]},"properties":{"shapeName":"Feshi","shapeISO":"","shapeID":"63176286B93121803325272","shapeGroup":"COD","shapeType":"ADM2"}},
{"type":"Feature","geometry":{"type":"Polygon","coordinates":[[[29.23492118000007,-3.558262353999964],[29.15999850700007,-3.562781761999929],[29.131229114000064,-3.542717547999928],[29.08301487400007,-3.556032848999962],[29.06952497900005,-3.542180199999962],[29.04627130700004,-3.548032501999955],[28.992963960000054,-3.656421119999948],[28.98196020000006,-3.657812892999971],[28.900933359000078,-3.650124924999943],[28.828127821000066,-3.597337258999971],[28.795981781000023,-3.606825552999965],[28.78374137900005,-3.651910664999946],[28.717100280000068,-3.613580873999979],[28.697649840000054,-3.662069673999952],[28.74204792000006,-3.738587311999936],[28.82750580000004,-3.818605385999945],[28.84391712000007,-3.807391927999959],[28.854417240000032,-3.821019939999928],[28.808564400000023,-3.993144293999933],[28.78336188000003,-3.981098954999936],[28.776986280000074,-3.961948231999941],[28.757201760000044,-3.98677590799997],[28.73303928000007,-3.997756448999951],[28.72775239500004,-3.98882314399998],[28.733829461000028,-3.967624872999977],[28.712259360000076,-3.918256998999937],[28.73164932000003,-3.865383949999966],[28.712209680000058,-3.847052512999937],[28.707120720000034,-3.769023970999967],[28.674677520000046,-3.784979851999935],[28.642639320000058,-3.838745935999953],[28.586494428000037,-3.884571972999936],[28.562207400000034,-3.827258327999971],[28.52161416000007,-3.851874617999954],[28.515602880000074,-3.889219268999966],[28.48076604000005,-3.90835640399996],[28.45473480000004,-3.795816315999957],[28.43142516000006,-3.853227052999955],[28.35029448000006,-3.853891850999958],[28.332756360000076,-3.828197022999973],[28.299480480000057,-3.818447855999977],[28.260820440000032,-3.832880949999947],[28.203457928000034,-3.828016501999969],[28.07730072000004,-3.829169343999979],[28.06911720000005,-3.850595726999927],[28.012829400000044,-3.878318013999944],[27.980905476000032,-3.915720827999962],[27.98101728000006,-3.965218381999932],[27.837782068000024,-4.022388088999946],[27.822326400000065,-4.070361722999962],[27.86545158900003,-4.114385462999962],[27.941223886000046,-4.127320547999943],[27.966894813000067,-4.10501934399997],[28.03621296700004,-4.122530345999962],[28.016640642000027,-4.145836140999961],[28.017805272000032,-4.19091526699998],[28.05112797000004,-4.180534651999949],[28.117915973000038,-4.226995762999934],[28.12628230000007,-4.215589546999979],[28.150026505000028,-4.22160288699996],[28.17826285600006,-4.18549827399994],[28.185139226000047,-4.157324603999939],[28.17464710200005,-4.136288547999925],[28.190315015000067,-4.11904480499993],[28.242659470000035,-4.199636257999941],[28.358444784000028,-4.282032232999939],[28.37894022300003,-4.274408619999974],[28.397144686000047,-4.306059852999965],[28.402465843000073,-4.364249867999945],[28.480845325000075,-4.396711850999964],[28.50337621600005,-4.461016900999937],[28.55313756000004,-4.460062239999957],[28.552787280000075,-4.523391763999939],[28.60728804000007,-4.676608988999931],[28.659295661000044,-4.705706173999943],[28.683847977000028,-4.739567262999969],[28.689908811000066,-4.79948772299997],[28.716077348000056,-4.819968666999955],[28.75004178100005,-4.900884900999927],[28.76824804900008,-4.914163373999941],[28.749091062000048,-4.943675428999939],[28.754557696000063,-4.960933881999949],[28.77670944700003,-4.965963537999926],[28.77609147900006,-4.983841148999943],[28.803514509000024,-5.010333578999962],[29.37207572500006,-5.007911855999964],[29.353350058000046,-4.740426272999969],[29.389075535000075,-4.378332407999949],[29.385934529000053,-4.266777389999959],[29.352515702000062,-4.112451411999928],[29.302131360000033,-4.001251350999951],[29.231064176000075,-3.950777523999932],[29.23492118000007,-3.558262353999964]],[[29.08751420300007,-4.084636309999951],[29.100126905000025,-4.092986829999973],[29.08356407100007,-4.094656922999945],[29.08751420300007,-4.084636309999951]]]},"properties":{"shapeName":"Fizi","shapeISO":"","shapeID":"63176286B21708239892428","shapeGroup":"COD","shapeType":"ADM2"}},
{"type":"Feature","geometry":{"type":"Polygon","coordinates":[[[21.05652017500006,4.399019854000073],[20.864999861000058,4.445999916000062],[20.810000090000074,4.419000053000048],[20.66399998600008,4.411999965000064],[20.65601590500006,4.421731521000027],[20.624000033000073,4.401999997000075],[20.635522920000028,4.372050308000041],[20.700214561000053,4.34364131600006],[20.710170720000065,4.307822761000068],[20.74037364000003,4.289452123000046],[20.795781961000046,4.079016501000069],[20.86070832000007,4.062416603000031],[20.954479321000065,4.137374944000044],[20.952623521000078,4.165672292000068],[20.994417360000057,4.183536325000034],[20.97744768000007,4.149612951000051],[21.017392920000077,4.182674257000031],[21.07847556100006,4.26023103600005],[21.05562204100005,4.315282457000023],[21.05652017500006,4.399019854000073]]]},"properties":{"shapeName":"Gbadolite","shapeISO":"","shapeID":"63176286B98421000452360","shapeGroup":"COD","shapeType":"ADM2"}},
{"type":"Feature","geometry":{"type":"Polygon","coordinates":[[[19.418020193000075,3.896280140000044],[19.407837176000044,3.862792135000063],[19.365471360000072,3.860263064000037],[19.374140128000022,3.842632104000074],[19.35205848100003,3.850219989000038],[19.351587235000068,3.830187250000051],[19.369043280000028,3.826462056000025],[19.373584320000077,3.80901615800002],[19.346389200000033,3.80227698300007],[19.361810166000055,3.795768078000037],[19.355549137000025,3.739071075000027],[19.317762360000074,3.737280150000061],[19.296310320000032,3.750629310000022],[19.282966560000034,3.73459986000006],[19.26637848000007,3.742936170000064],[19.268551440000067,3.690705063000053],[19.242344161000062,3.635861005000038],[19.272907188000033,3.627217152000071],[19.282812480000075,3.601083001000063],[19.27661525900004,3.538861953000037],[19.248256440000034,3.513691100000074],[19.267086240000026,3.488345063000054],[19.238500440000053,3.484119127000042],[19.232151317000046,3.457347107000032],[19.195158142000025,3.467989931000034],[19.204645320000054,3.438399141000048],[19.166307561000053,3.425546202000021],[19.180940467000028,3.407062196000027],[19.15754940000005,3.409796123000035],[19.129863240000077,3.365752985000029],[19.076292360000025,3.343520148000039],[19.094413320000058,3.340959119000047],[19.098758160000045,3.320751157000075],[19.071382523000068,3.290751153000031],[19.08350532000003,3.271321006000051],[19.076906160000078,3.247078066000029],[19.097721360000037,3.228434052000068],[19.08457742300004,3.195371822000027],[19.082560320000027,3.132089380000025],[19.093885200000045,3.11997612600004],[19.120634280000047,3.123496021000051],[19.154909160000045,3.067252044000043],[19.244051280000065,3.080203131000076],[19.25000028000005,3.059552081000049],[19.267379426000048,3.061352933000023],[19.29081024000004,3.034737748000055],[19.31277852000005,2.963795889000039],[19.225601640000036,2.904128600000035],[19.29645576000007,2.785258670000076],[19.51412436000004,2.855144295000059],[19.557022320000044,2.83959210300003],[19.596408120000035,2.847117744000059],[19.647884160000046,2.817532063000044],[19.69575732000004,2.813659073000053],[19.71652824000006,2.818937065000057],[19.723331160000043,2.869413018000046],[19.761799320000023,2.91239108000002],[19.90626138300007,2.909035951000021],[19.934381879000057,2.877817599000025],[19.96773335900002,2.873291039000037],[20.081741399000066,2.917011081000055],[20.138712290000058,2.919186265000064],[20.157825458000048,2.954129084000044],[20.208601799000064,2.951797172000056],[20.174560920000033,3.035151877000033],[20.228471640000066,3.140037693000068],[20.28440556000004,3.189040820000059],[20.281153680000045,3.303214207000053],[20.211336042000028,3.383015044000047],[20.217278160000035,3.468274439000027],[20.138506199000062,3.523178123000037],[20.11127435900005,3.567106086000024],[20.149963138000032,3.63953897600004],[20.134004582000046,3.655034924000063],[20.13096635900007,3.730970111000033],[20.218324319000033,3.771421041000053],[20.19696047900004,3.800447011000074],[19.996082639000065,3.873851380000076],[19.935940319000053,3.917786983000042],[19.887876376000065,3.979684968000072],[19.919174291000047,4.057809241000029],[19.893800184000042,4.073666110000033],[19.80841644000003,4.084996032000049],[19.775087280000037,4.071762156000034],[19.754383320000045,4.079145038000036],[19.703743200000076,4.055372087000023],[19.681482240000037,4.080232114000069],[19.67589540000006,4.066362118000029],[19.65169942800003,4.07877002400005],[19.596199150000075,4.059773019000033],[19.551910320000047,4.064601048000043],[19.550306160000048,4.042945108000026],[19.51184844000005,4.060033142000066],[19.498638240000048,4.030427146000022],[19.468120320000025,4.012146138000048],[19.470581280000033,3.97465010600007],[19.457100360000027,3.970822987000076],[19.469269440000062,3.947242104000054],[19.452224477000073,3.933708229000047],[19.444715329000076,3.950202864000062],[19.420482423000067,3.944648259000076],[19.43047724200005,3.90999518700005],[19.418020193000075,3.896280140000044]]]},"properties":{"shapeName":"Gemena","shapeISO":"","shapeID":"63176286B43464771754704","shapeGroup":"COD","shapeType":"ADM2"}},
{"type":"Feature","geometry":{"type":"Polygon","coordinates":[[[29.24236336200005,-1.700123112999961],[29.25236313700003,-1.662286821999942],[29.153130231000034,-1.610430841999971],[29.144639451000046,-1.63882291699997],[29.158403242000077,-1.63402696299994],[29.16904813700006,-1.663376124999957],[29.24236336200005,-1.700123112999961]]]},"properties":{"shapeName":"Goma","shapeISO":"","shapeID":"63176286B45383896961526","shapeGroup":"COD","shapeType":"ADM2"}},
{"type":"Feature","geometry":{"type":"Polygon","coordinates":[[[18.62902225600004,-5.30594088099997],[18.613142190000076,-5.300294190999978],[18.59789844000005,-5.320639946999961],[18.587740320000023,-5.312654858999963],[18.591129360000025,-5.337936961999958],[18.562004198000068,-5.343189578999954],[18.560541240000077,-5.330775928999969],[18.54595352000007,-5.346514884999976],[18.553991336000024,-5.413865771999951],[18.522287280000057,-5.411771000999977],[18.496248480000077,-5.432412902999943],[18.478286280000077,-5.515907034999941],[18.442877760000044,-5.521933194999974],[18.401800320000063,-5.491444956999942],[18.388651320000065,-5.517061934999958],[18.368862542000045,-5.511435893999931],[18.378935074000026,-5.541045824999969],[18.36271836000003,-5.55494887499998],[18.367881444000034,-5.571708982999951],[18.34292232000007,-5.583135918999972],[18.322260480000068,-5.654340981999951],[18.29872116000007,-5.672887859999946],[18.34962408000007,-5.691583517999959],[18.370267200000058,-5.745798314999945],[18.392119920000027,-5.721361979999926],[18.460343520000038,-5.715108910999959],[18.50348844000007,-5.687693937999938],[18.570638341000063,-5.698527900999977],[18.57126418400003,-5.856532840999932],[18.54109728000003,-5.913994991999971],[18.548380440000074,-5.970981891999941],[18.53283816000004,-5.991235450999966],[18.644283,-5.973121154999944],[18.705398408000065,-5.981213949999926],[18.69330816400003,-6.026598880999927],[18.72937440000004,-6.122477942999978],[18.74762928000007,-6.137963870999954],[18.834567480000032,-6.097278246999963],[18.828870120000033,-6.128942622999944],[18.845611200000064,-6.145853415999966],[18.868893480000054,-6.120147721999956],[18.869972760000053,-6.196529487999953],[18.832784040000035,-6.18401542099997],[18.834705,-6.200893976999964],[18.86733072000004,-6.246259198999951],[18.92343348000003,-6.227843883999981],[18.931753440000023,-6.296992995999972],[18.94890348000007,-6.310676714999943],[19.00576656000004,-6.27823465299997],[19.05536556000004,-6.270052428999975],[19.106421840000053,-6.176612549999959],[19.144603440000026,-6.196233861999929],[19.178644680000048,-6.18239338099994],[19.21716936000007,-6.09318994299997],[19.307449403000078,-6.134722890999967],[19.33718544000004,-6.120203987999957],[19.392086119000055,-6.123783256999957],[19.381996440000023,-6.157516931999965],[19.305553320000058,-6.217251884999939],[19.294718400000022,-6.259254917999954],[19.331363169000042,-6.353757195999947],[19.330486226000062,-6.383636887999955],[19.39075416000003,-6.382602905999931],[19.423387440000056,-6.303782953999928],[19.445358240000076,-6.281625019999979],[19.552398480000022,-6.339926296999977],[19.610274240000024,-6.354279640999948],[19.634536440000034,-6.358003006999979],[19.68775918600005,-6.336953006999977],[19.695913200000064,-6.239778950999948],[19.680137280000054,-6.224482903999956],[19.706109840000067,-6.144860017999974],[19.83542004000003,-6.034589916999948],[19.868799960000047,-6.024209997999947],[19.885730040000055,-5.995790007999972],[19.900351257000068,-6.010138764999965],[20.00000016000007,-5.966569982999943],[20.02275,-5.939340070999947],[20.051439840000057,-5.859019941999975],[20.10921095200007,-5.837269050999964],[20.124108286000023,-5.787541433999934],[20.17105983500005,-5.738729552999928],[20.16738,-5.693169900999976],[20.18188008000004,-5.690489940999953],[20.176059960000032,-5.66125004099996],[20.190729461000046,-5.623149483999953],[20.165360040000053,-5.599780092999936],[20.155839840000056,-5.531409924999934],[20.144810160000077,-5.532730006999941],[20.15172,-5.48447000799996],[20.178587954000022,-5.48369932199995],[20.155280040000036,-5.482469897999977],[20.146780080000042,-5.463050047999957],[20.146039920000078,-5.42808004699998],[20.168629920000058,-5.413230041999952],[20.150669880000066,-5.422120029999974],[20.14014996000003,-5.413089914999944],[20.145350160000078,-5.385979910999936],[20.15728924700005,-5.384438691999947],[20.144601830000056,-5.353086850999944],[20.167229880000036,-5.327910021999969],[20.183969880000063,-5.330990005999979],[20.172930120000046,-5.290440050999962],[20.203800001000047,-5.270600203999948],[20.18629008000005,-5.23899001999996],[20.19899016000005,-5.226639957999964],[20.190670514000033,-5.145610991999945],[20.124082800000053,-5.175284943999941],[20.087081280000064,-5.219840525999928],[20.05953696000006,-5.283802118999972],[20.020649400000025,-5.300868686999934],[20.007912960000056,-5.351364093999962],[20.019475440000065,-5.379693630999952],[20.040506640000046,-5.388227237999956],[20.018145960000027,-5.420654551999974],[19.967747760000066,-5.46177896699993],[19.874595502000034,-5.436628117999931],[19.872932400000025,-5.529315976999953],[19.84465368000002,-5.52998256799998],[19.81319940000003,-5.57166542899995],[19.77738264000004,-5.587673721999977],[19.67485608000004,-5.590816746999963],[19.63679976000003,-5.660603508999941],[19.59574752000003,-5.66568446399998],[19.56605004000005,-5.638689298999964],[19.550089024000044,-5.640031902999965],[19.526138280000055,-5.727507026999945],[19.49412276000004,-5.754991612999959],[19.46817,-5.742309882999962],[19.44983988000007,-5.696889974999976],[19.42538292000006,-5.558130104999975],[19.371762,-5.522878021999929],[19.27341,-5.337140058999978],[19.32638724000003,-5.271698998999966],[19.26199144700007,-5.144514793999974],[19.221565320000025,-5.149073911999949],[19.206644220000044,-5.18532100799996],[19.165440600000068,-5.195319592999965],[19.118143420000024,-5.275813851999942],[19.128809880000063,-5.318659027999956],[19.075185,-5.322981188999961],[19.071485513000027,-5.35439390099998],[19.034348400000056,-5.309316731999957],[19.000202400000035,-5.321838472999957],[18.954330480000067,-5.317508049999958],[18.932058360000042,-5.331718907999971],[18.94764132000006,-5.390041958999973],[18.860304179000025,-5.411122057999933],[18.79875792000007,-5.394564204999938],[18.789111,-5.415128655999979],[18.744902640000078,-5.387037096999961],[18.726092280000046,-5.353575841999941],[18.694478880000077,-5.357222534999948],[18.66600432000007,-5.341122944999938],[18.655021588000068,-5.313590229999932],[18.62902225600004,-5.30594088099997]]]},"properties":{"shapeName":"Gungu","shapeISO":"","shapeID":"63176286B71176382547280","shapeGroup":"COD","shapeType":"ADM2"}},
{"type":"Feature","geometry":{"type":"Polygon","coordinates":[[[18.672884280000062,-4.023323916999971],[18.74388780000004,-4.07980839399994],[18.81636768000004,-4.083707619999927],[18.820731600000045,-4.119282092999981],[18.801086760000032,-4.183682639999972],[18.853002720000063,-4.261759631999951],[18.881873280000036,-4.215243818999966],[18.922565160000033,-4.216761900999927],[18.936683280000068,-4.234841868999979],[18.965830320000066,-4.238319019999949],[18.982641240000078,-4.203475436999952],[19.02014144000003,-4.228053891999934],[19.065305456000033,-4.193393087999937],[19.125501480000025,-4.315763017999927],[19.10782116000007,-4.363573153999937],[19.200692160000074,-4.317788415999928],[19.236976200000072,-4.382790868999962],[19.23254029800006,-4.467665975999978],[19.246387303000063,-4.490308052999978],[19.248611272000062,-4.610199951999959],[19.17069840000005,-4.705617964999931],[19.15276932000006,-4.853895964999936],[19.07020224000007,-5.059005966999962],[19.098850302000073,-5.100614939999957],[19.081225440000026,-5.170174858999928],[19.083402361000026,-5.252109929999961],[19.118143420000024,-5.275813851999942],[19.165440600000068,-5.195319592999965],[19.206644220000044,-5.18532100799996],[19.221565320000025,-5.149073911999949],[19.26199144700007,-5.144514793999974],[19.32638724000003,-5.271698998999966],[19.27341,-5.337140058999978],[19.371762,-5.522878021999929],[19.42538292000006,-5.558130104999975],[19.44983988000007,-5.696889974999976],[19.46817,-5.742309882999962],[19.49412276000004,-5.754991612999959],[19.526138280000055,-5.727507026999945],[19.550089024000044,-5.640031902999965],[19.56605004000005,-5.638689298999964],[19.59574752000003,-5.66568446399998],[19.63679976000003,-5.660603508999941],[19.67485608000004,-5.590816746999963],[19.77738264000004,-5.587673721999977],[19.81319940000003,-5.57166542899995],[19.84465368000002,-5.52998256799998],[19.872932400000025,-5.529315976999953],[19.874595502000034,-5.436628117999931],[19.967747760000066,-5.46177896699993],[20.018145960000027,-5.420654551999974],[20.040506640000046,-5.388227237999956],[20.019475440000065,-5.379693630999952],[20.007912960000056,-5.351364093999962],[20.020649400000025,-5.300868686999934],[20.05953696000006,-5.283802118999972],[20.087081280000064,-5.219840525999928],[20.124082800000053,-5.175284943999941],[20.190670514000033,-5.145610991999945],[20.16861012000004,-5.061979928999961],[20.139837628000066,-5.03536666399998],[20.143239840000035,-4.99949006199995],[20.115223180000044,-4.959065393999936],[20.085890040000038,-4.822019934999958],[20.055810413000074,-4.782270191999942],[20.051889840000058,-4.700800045999927],[20.070870120000052,-4.668470090999961],[20.062090080000075,-4.595020085999977],[20.08554003200004,-4.541541919999929],[20.124749880000024,-4.500119905999952],[20.092330080000067,-4.470949920999942],[20.087100156000076,-4.418910410999956],[20.043659880000064,-4.352859989999956],[20.038049864000072,-4.285869698999932],[19.980140040000038,-4.183830032999936],[19.944849960000056,-4.180400087999942],[19.92413016000006,-4.154740090999951],[19.890950040000064,-4.143490106999934],[19.856158970000024,-4.092199437999966],[19.820859840000026,-4.0913],[19.7802,-4.066190073999962],[19.760211823000077,-4.07298800999996],[19.604980080000075,-4.04187002599997],[19.568525400000055,-4.003683009999975],[19.451739960000054,-3.946789904999946],[19.262900160000072,-3.826660044999926],[19.131344280000064,-3.765626986999962],[19.065430080000056,-3.753899923999938],[18.903925773000026,-3.67035547699993],[18.861231,-3.659838608999962],[18.85942224000007,-3.790555995999966],[18.74590524000007,-3.910304993999944],[18.719673400000033,-3.993784962999939],[18.680778360000033,-4.004861881999943],[18.672884280000062,-4.023323916999971]],[[19.858074618000046,-4.170450595999966],[19.84656730200004,-4.147042574999944],[19.87421475000008,-4.143141169999979],[19.877801446000035,-4.16444860699994],[19.858074618000046,-4.170450595999966]],[[19.523917719000053,-4.078123823999931],[19.51528595800005,-4.046630783999944],[19.546360295000056,-4.043452517999981],[19.551251626000067,-4.065411186999938],[19.523917719000053,-4.078123823999931]]]},"properties":{"shapeName":"Idiofa","shapeISO":"","shapeID":"63176286B53815785774290","shapeGroup":"COD","shapeType":"ADM2"}},
{"type":"Feature","geometry":{"type":"Polygon","coordinates":[[[29.144639451000046,-1.63882291699997],[29.14202827400004,-1.642598782999926],[29.129646446000038,-1.698636119999946],[29.07024270100004,-1.820374051999977],[28.994746232000068,-2.064183618999948],[28.928893437000056,-2.157732008999972],[29.011974320000036,-2.297345157999928],[29.099480107000034,-2.283932635999975],[29.148599411000077,-2.196615699999938],[29.173350208000045,-2.107062747999976],[29.166914303000055,-1.886012661999928],[29.18592356700003,-1.81237264899994],[29.24236336200005,-1.700123112999961],[29.16904813700006,-1.663376124999957],[29.158403242000077,-1.63402696299994],[29.144639451000046,-1.63882291699997]]]},"properties":{"shapeName":"Idjwi","shapeISO":"","shapeID":"63176286B68411895895174","shapeGroup":"COD","shapeType":"ADM2"}},
{"type":"Feature","geometry":{"type":"Polygon","coordinates":[[[22.589590486000077,-1.750840162999964],[22.622500071000047,-1.777140042999974],[22.621749830000056,-1.802339969999935],[22.638149990000045,-1.815559937999979],[22.690299949000064,-1.808330094999974],[22.759289988000035,-1.855490002999943],[22.824930334000044,-1.862750081999934],[22.868439917000046,-1.884897809999927],[22.931553140000062,-1.87814186099996],[22.990030180000076,-1.906324973999972],[23.07323623700006,-1.915008975999967],[23.146808367000062,-1.94482198999998],[23.201402365000035,-1.979190918999961],[23.25547040300006,-2.062541967999948],[23.287540290000038,-2.087790005999977],[23.327456381000047,-2.029258409999954],[23.423952215000043,-1.997393894999959],[23.45972757100003,-2.030177017999961],[23.585521295000035,-1.990409965999959],[23.59249122800003,-1.884638913999936],[23.562313904000064,-1.793341233999968],[23.678099604000067,-1.821650900999941],[23.71401646000004,-1.773498023999935],[23.76760676200007,-1.76511957799994],[23.811168579000025,-1.735640398999976],[23.954706953000027,-1.736965018999967],[23.967714331000025,-1.69834119199993],[24.19587936000005,-1.716726878999964],[24.44404425500005,-1.715305850999925],[24.40558512000007,-1.652370284999961],[24.385265280000056,-1.421389519999934],[24.368355360000066,-1.393435310999962],[24.359886360000075,-1.324843234999946],[24.12600372000003,-1.322773085999927],[24.071949181000036,-1.307424051999931],[23.934370199000057,-1.378785720999929],[23.898268440000038,-1.310881008999957],[23.841742320000037,-1.278848029999949],[23.836716,-1.246653733999949],[23.803732440000033,-1.214546433999942],[23.80002840000003,-1.187949105999962],[23.702396259000068,-1.150154984999972],[23.650988760000075,-1.149201387999938],[23.67062640000006,-1.074912864999931],[23.63850252000003,-1.010588073999941],[23.58115416000004,-1.009366819999968],[23.509689120000075,-0.98578052299996],[23.38550028000003,-0.897931571999948],[23.355796320000024,-0.853204780999931],[23.30813592000004,-0.819738589999929],[23.29862040000006,-0.790354922999938],[23.255262360000074,-0.761076835999972],[23.277744720000044,-0.745599337999977],[23.313066480000032,-0.756750883999928],[23.33347524000004,-0.691541932999939],[23.382353520000038,-0.672787954999933],[23.397678360000043,-0.649840854999979],[23.534352720000072,-0.612783429999979],[23.53925268000006,-0.594559016999938],[23.474383560000035,-0.544336096999928],[23.454986408000025,-0.452395083999932],[23.411220593000053,-0.409146997999926],[23.244781294000063,-0.457545998999933],[23.100830098000074,-0.559477629999947],[23.135076327000036,-0.412090884999941],[22.94361832100003,-0.403650915999947],[22.909558680000032,-0.351008449999938],[22.87695240000005,-0.331860558999949],[22.851488880000034,-0.271984439999926],[22.798409760000027,-0.207207671999925],[22.73257053800006,-0.15928792099993],[22.678316280000047,-0.138718007999955],[22.651836480000043,-0.041078919999961],[22.594957200000067,0],[22.491087480000033,0.007878387000062],[22.38059484000007,0.054958732000046],[22.33962106300004,0.114618198000073],[22.357158480000066,0.022417138000037],[22.398130440000045,-0.040571020999948],[22.40940456000004,-0.093873190999943],[22.474369800000034,-0.159201526999937],[22.582856160000063,-0.403368866999926],[22.589937720000023,-0.461525798999958],[22.533243120000066,-0.660147932999962],[22.532808240000065,-0.706639893999977],[22.56808896000007,-0.720460408999941],[22.615814880000073,-0.776343781999969],[22.70539548000005,-0.82312122899998],[22.702610520000064,-0.891210396999952],[22.67096656500007,-0.904022451999936],[22.64809284000006,-0.977015786999971],[22.70511288000006,-1.245068415999924],[22.76118144000003,-1.343435024999962],[22.798527480000075,-1.294262924999941],[22.87572516000006,-1.377637800999935],[22.931630280000036,-1.376659956999958],[22.977494641000078,-1.341987788999973],[23.037525360000075,-1.406356878999929],[23.034355920000053,-1.424957035999967],[22.933786320000024,-1.533028993999949],[22.89108852000004,-1.514311016999955],[22.85449236000005,-1.531010023999954],[22.678832880000073,-1.720822809999959],[22.63008528000006,-1.71694089999994],[22.589590486000077,-1.750840162999964]]]},"properties":{"shapeName":"Ikela","shapeISO":"","shapeID":"63176286B75913983063727","shapeGroup":"COD","shapeType":"ADM2"}},
{"type":"Feature","geometry":{"type":"Polygon","coordinates":[[[20.124108286000023,-5.787541433999934],[20.17408824000006,-5.806662525999968],[20.253412440000034,-5.809349103999978],[20.310136560000046,-5.863809024999966],[20.31556824000006,-5.894718075999947],[20.35468332000005,-5.904392919999964],[20.539924077000023,-5.841663363999942],[20.543308199000023,-5.855020012999944],[20.619609754000066,-5.898410036999962],[20.64493008000005,-5.88588993999997],[20.647810080000056,-5.86038999699997],[20.664320040000064,-5.86666994199993],[20.692699465000032,-5.841050390999953],[20.764310040000055,-5.752179969999929],[20.806080120000047,-5.760209968999959],[20.833986251000056,-5.734112792999952],[20.867100120000032,-5.673549980999951],[20.862119880000023,-5.603389929999935],[20.873659297000074,-5.591702501999976],[20.917289880000055,-5.592370046999974],[20.910740040000064,-5.512530040999934],[20.98104031500003,-5.448458757999958],[20.980100159000074,-5.401289916999929],[20.999311180000063,-5.363888890999931],[21.086619836000068,-5.293199898999944],[21.071949836000044,-5.232410038999944],[21.09444932300005,-5.174078883999925],[21.090390116000037,-5.097689914999933],[21.11151684200007,-5.043253068999945],[21.112520036000035,-5.017259880999973],[21.082619876000024,-4.978710049999961],[21.06336995600003,-4.91696002499998],[21.074190015000056,-4.851896840999927],[21.04755983600006,-4.74617997799993],[21.070749957000032,-4.686930037999957],[21.05895995700007,-4.651209957999981],[21.02698007600003,-4.619769967999957],[20.931090117000053,-4.619559967999976],[20.89316957400007,-4.583719954999935],[20.873400117000074,-4.593979928999943],[20.818749957000023,-4.554370022999933],[20.82607326300007,-4.506548588999976],[20.900379239000074,-4.454670893999946],[20.90463119900005,-4.369771856999932],[20.863792079000063,-4.312536928999975],[20.832423479000056,-4.312714847999928],[20.834415360000037,-4.278104905999953],[20.812128479000023,-4.288582984999948],[20.72799719900007,-4.284491948999971],[20.716102439000053,-4.278219929999977],[20.719786679000038,-4.233332449999978],[20.669689439000024,-4.233981295999968],[20.630678524000075,-4.207380440999941],[20.48487012000004,-4.265630085999931],[20.469237745000044,-4.294570097999951],[20.415730920000044,-4.28433092299997],[20.382839999000055,-4.29976002899997],[20.362880159000042,-4.348189925999975],[20.37264011900004,-4.367109910999943],[20.352539879000062,-4.398769967999954],[20.308120793000057,-4.383560279999926],[20.260130040000035,-4.39733006299997],[20.234060544000045,-4.382000117999951],[20.231250120000027,-4.348849993999977],[20.200600080000072,-4.334879892999936],[20.16983988000004,-4.34045991399995],[20.130440040000053,-4.294450005999977],[20.038049864000072,-4.285869698999932],[20.043659880000064,-4.352859989999956],[20.087100156000076,-4.418910410999956],[20.092330080000067,-4.470949920999942],[20.124749880000024,-4.500119905999952],[20.08554003200004,-4.541541919999929],[20.062090080000075,-4.595020085999977],[20.070870120000052,-4.668470090999961],[20.051889840000058,-4.700800045999927],[20.055810413000074,-4.782270191999942],[20.085890040000038,-4.822019934999958],[20.115223180000044,-4.959065393999936],[20.143239840000035,-4.99949006199995],[20.139837628000066,-5.03536666399998],[20.16861012000004,-5.061979928999961],[20.190670514000033,-5.145610991999945],[20.19899016000005,-5.226639957999964],[20.18629008000005,-5.23899001999996],[20.203800001000047,-5.270600203999948],[20.172930120000046,-5.290440050999962],[20.183969880000063,-5.330990005999979],[20.167229880000036,-5.327910021999969],[20.144601830000056,-5.353086850999944],[20.15728924700005,-5.384438691999947],[20.145350160000078,-5.385979910999936],[20.14014996000003,-5.413089914999944],[20.150669880000066,-5.422120029999974],[20.168629920000058,-5.413230041999952],[20.146039920000078,-5.42808004699998],[20.146780080000042,-5.463050047999957],[20.155280040000036,-5.482469897999977],[20.178587954000022,-5.48369932199995],[20.15172,-5.48447000799996],[20.144810160000077,-5.532730006999941],[20.155839840000056,-5.531409924999934],[20.165360040000053,-5.599780092999936],[20.190729461000046,-5.623149483999953],[20.176059960000032,-5.66125004099996],[20.18188008000004,-5.690489940999953],[20.16738,-5.693169900999976],[20.17105983500005,-5.738729552999928],[20.124108286000023,-5.787541433999934]]]},"properties":{"shapeName":"Ilebo","shapeISO":"","shapeID":"63176286B19501088760626","shapeGroup":"COD","shapeType":"ADM2"}},
{"type":"Feature","geometry":{"type":"Polygon","coordinates":[[[30.74437146200006,3.401393984000038],[30.76678934200004,3.376639931000057],[30.792251626000052,3.400837720000027],[30.77094080200004,3.421141137000063],[30.74437146200006,3.401393984000038]]]},"properties":{"shapeName":"Ingbokolo","shapeISO":"","shapeID":"63176286B90733061522477","shapeGroup":"COD","shapeType":"ADM2"}},
{"type":"Feature","geometry":{"type":"Polygon","coordinates":[[[18.79300008000007,-0.821999929999947],[19.000000440000065,-0.819513860999962],[19.06055820000006,-0.783649960999981],[19.081644480000023,-0.736009000999957],[19.090355760000023,-0.740529608999964],[19.139917320000052,-0.797154669999941],[19.190294280000046,-0.892678041999943],[19.211637960000076,-1.048418757999968],[19.27179756000004,-1.052906179999979],[19.30099860000007,-1.077233142999944],[19.391849352000065,-1.34411212699996],[19.433367360000034,-1.424721183999964],[19.514377440000032,-1.25710189199998],[19.610374320000062,-1.171060845999932],[19.601684490000025,-0.977960874999951],[19.68861604700004,-0.992062609999948],[19.67115240000004,-1.049865970999974],[19.681961400000034,-1.155880929999967],[19.71134334800007,-1.17054189299995],[19.848016440000038,-1.157584870999926],[19.90928044800006,-1.107389868999974],[20.005048440000053,-1.095771873999979],[20.092231440000035,-1.065480006999962],[20.16190918800004,-1.018534245999945],[20.137634280000043,-0.987373911999953],[20.137397400000054,-0.945090992999951],[20.191896360000044,-0.87209689599996],[20.191835280000078,-0.839699725999935],[20.254358160000038,-0.758022862999951],[20.283819323000046,-0.665600311999924],[20.255600040000047,-0.648218430999975],[20.22638057300003,-0.602800700999978],[20.218119840000043,-0.61148005299998],[20.191360299000053,-0.593370285999924],[20.17595988000005,-0.597469995999973],[20.155460040000037,-0.528530100999944],[20.12346,-0.509879905999981],[20.121069960000057,-0.48828005799993],[20.097362025000052,-0.481481361999954],[20.09275992000005,-0.445169906999979],[20.10878895600007,-0.392439056999933],[20.071510932000024,-0.36374084299996],[20.052420120000022,-0.307140059999938],[20.01085565300008,-0.311261177999938],[19.974770215000035,-0.276150127999927],[19.943520120000073,-0.273899943999936],[19.92422988000004,-0.255639918999975],[19.92871008000003,-0.229030057999978],[19.911809880000078,-0.190130067999974],[19.898030160000076,-0.205660012999942],[19.886031514000024,-0.18551204299996],[19.863839880000057,-0.199490103999949],[19.85847012000005,-0.180400008999925],[19.822960459000058,-0.166639342999929],[19.75996008000004,-0.171749901999931],[19.680800040000065,-0.130409966999935],[19.666410120000023,-0.173709937999945],[19.626410160000034,-0.146829952999951],[19.579790160000073,-0.158930095999949],[19.54161,-0.13389009499997],[19.515840120000064,-0.093780009999932],[19.473641531000055,-0.130929521999974],[19.443470040000022,-0.102949938999927],[19.403489880000052,-0.112780062999946],[19.38443004000004,-0.132410016999927],[19.334019960000035,-0.13115991799998],[19.228610160000073,-0.167649958999959],[19.13319,-0.17663998699993],[19.12214016000007,-0.19241001499995],[19.139690160000043,-0.229499924999971],[19.128350160000025,-0.238600040999927],[19.07246013400004,-0.217779900999972],[19.072769342000072,-0.170481950999942],[18.592363430000034,-0.012479000999974],[18.557859989000065,-0.071479809999971],[18.57020004000003,-0.076220015999979],[18.573387120000064,-0.240376769999955],[18.537210353000035,-0.323517453999955],[18.53116992500003,-0.408765673999937],[18.492305757000054,-0.467359217999956],[18.51591671700004,-0.583439673999976],[18.491000040000074,-0.614999997999973],[18.554000040000062,-0.672000026999967],[18.79300008000007,-0.821999929999947]]]},"properties":{"shapeName":"Ingende","shapeISO":"","shapeID":"63176286B3271137171664","shapeGroup":"COD","shapeType":"ADM2"}},
{"type":"Feature","geometry":{"type":"Polygon","coordinates":[[[15.098580341000059,-5.184086844999968],[15.119634912000038,-5.167685670999958],[15.127857480000046,-5.119869291999976],[15.112874134000037,-5.095501695999928],[15.089171923000038,-5.093065561999936],[15.062003280000056,-5.154721936999977],[15.083433360000072,-5.185731859999976],[15.098580341000059,-5.184086844999968]]]},"properties":{"shapeName":"Inkisi","shapeISO":"","shapeID":"63176286B22382339186814","shapeGroup":"COD","shapeType":"ADM2"}},
{"type":"Feature","geometry":{"type":"Polygon","coordinates":[[[17.50642632000006,-1.479804369999954],[17.113553280000076,-1.78642186999997],[17.09428896000003,-1.778079146999971],[17.063529120000055,-1.804318664999926],[17.01690768000003,-1.790495848999967],[17.00272296000003,-1.772609364999937],[16.94060784000004,-1.759349089999944],[16.85815020000007,-1.781679000999929],[16.811166600000035,-1.768590470999925],[16.79006916000003,-1.802325196999959],[16.79406768000007,-1.836343910999972],[16.827883560000032,-1.821587307999948],[16.846914240000046,-1.845969853999975],[16.942682520000062,-1.866093805999981],[16.945014960000037,-2.00126634999998],[16.637024160000067,-1.998242988999948],[16.649767440000062,-2.03586589899993],[16.644300480000027,-2.091776982999932],[16.67462364000005,-2.17921645499996],[16.69180860000006,-2.194902522999939],[16.739089200000024,-2.182071785999938],[16.82239536000003,-2.196480197999961],[16.87414860000007,-2.261480176999953],[16.922751840000046,-2.274413943999946],[17.059927320000043,-2.21084686599994],[17.134454520000077,-2.145795297999939],[17.223670440000035,-2.198967193999977],[17.291476440000054,-2.155186890999971],[17.30032740000007,-2.128244778999942],[17.35765740000005,-2.117611886999953],[17.395313040000076,-2.091037981999932],[17.459022240000024,-2.102898874999937],[17.530812360000027,-2.082522787999949],[17.657956440000078,-2.073241340999971],[17.76358423000005,-2.049738928999943],[17.832840480000073,-2.014890581999964],[17.950345895000055,-2.001420047999943],[17.948358360000043,-2.047539886999971],[17.902168215000074,-2.12462583699994],[17.916099467000038,-2.19676884699993],[17.891802360000042,-2.226349979999952],[17.89210944000007,-2.277412980999941],[17.86014540000002,-2.326360869999974],[17.933578200000056,-2.324809990999938],[18.010530720000077,-2.279214957999955],[18.077259240000046,-2.302039671999978],[18.111512520000076,-2.338073627999961],[18.151866,-2.355093783999962],[18.151679520000073,-2.413087211999937],[18.208248480000066,-2.545268731999954],[18.25787088000004,-2.550799431999963],[18.268159320000052,-2.587843169999928],[18.323882280000078,-2.574363826999956],[18.410648760000072,-2.587939494999944],[18.427584600000046,-2.65089030799993],[18.45196812000006,-2.677400868999939],[18.483181200000047,-2.658793792999973],[18.479449440000053,-2.61867433499998],[18.49639140000005,-2.60444201599995],[18.532020600000067,-2.585350946999938],[18.56254572000006,-2.594301643999927],[18.584807400000045,-2.585359408999977],[18.63502452000006,-2.527819601999965],[18.678076200000078,-2.52302055499996],[18.735220278000043,-2.457786059999933],[18.818905320000056,-2.417188885999963],[18.961279200000035,-2.456686970999954],[19.01184444000006,-2.49729790899994],[19.04159524100004,-2.566057945999944],[19.066242240000065,-2.575891006999939],[19.260396720000074,-2.758741147999956],[19.28208349600004,-2.711942882999949],[19.274433480000027,-2.61803194099997],[19.304680680000047,-2.464283757999965],[19.24969464000003,-2.278045455999973],[19.26204984000003,-2.221159961999945],[19.176270120000027,-2.115930026999933],[19.162038474000042,-2.052819611999951],[19.11606480000006,-1.964712948999932],[19.000000440000065,-1.875467933999971],[18.950866200000064,-1.87598294299994],[18.85509324000003,-1.816628901999934],[18.833723280000072,-1.833562904999951],[18.790611358000035,-1.81569092899997],[18.769415173000027,-1.825034616999972],[18.689665320000074,-1.765783959999965],[18.674732160000076,-1.722651887999973],[18.642627360000063,-1.708150003999947],[18.571535280000035,-1.708849897999926],[18.438149880000026,-1.760529958999939],[18.389740836000044,-1.734629137999946],[18.445869041000037,-1.718630875999963],[18.504609840000057,-1.58097995199995],[18.520748280000078,-1.568230936999953],[18.63926316000004,-1.552046962999952],[18.687776400000075,-1.527811845999963],[18.704900160000022,-1.569084020999981],[18.72869004000006,-1.527310074999946],[18.724403082000038,-1.503883200999951],[18.79900735600006,-1.452797024999938],[18.795742560000065,-1.415342024999973],[18.832823098000063,-1.387732899999946],[18.79286544000007,-1.263640977999955],[18.761142230000075,-1.236272913999926],[18.697294440000064,-1.221304019999934],[18.572132160000024,-1.260752898999954],[18.522323280000023,-1.260847858999966],[18.47460348000004,-1.231504875999974],[18.438444360000062,-1.188062989999935],[18.39292020000005,-1.172997410999926],[18.328516200000024,-1.12304996599994],[18.136993680000046,-1.102775359999953],[18.12745872000005,-1.20438028999996],[17.91038664000007,-1.376255990999937],[17.732081520000065,-1.411480261999941],[17.612660520000077,-1.458078817999933],[17.50642632000006,-1.479804369999954]]]},"properties":{"shapeName":"Inongo","shapeISO":"","shapeID":"63176286B68796769615290","shapeGroup":"COD","shapeType":"ADM2"}},
{"type":"Feature","geometry":{"type":"Polygon","coordinates":[[[30.299465843000064,1.586457450000069],[30.337261445000024,1.614363910000066],[30.32978498600005,1.638497293000057],[30.313136137000072,1.666618181000047],[30.270969394000076,1.670463261000066],[30.24664969500003,1.699355949000051],[30.20247942900005,1.706887874000074],[30.15984040400008,1.685287168000059],[30.127291843000023,1.702824455000041],[30.080887757000028,1.639769042000069],[30.059129770000027,1.660685950000072],[30.000758791000067,1.653183829000056],[29.990875734000042,1.664418265000052],[29.99795763800006,1.68619749000004],[30.03820806400006,1.729867968000065],[29.999998876000063,1.745089829000051],[29.99999809700006,1.723804111000049],[29.93067117700008,1.64963203800005],[29.901968408000073,1.58207298700006],[29.81766800400004,1.591215788000056],[29.768716786000027,1.564632516000074],[29.724840623000034,1.436617018000049],[29.673888184000077,1.433262282000044],[29.65519154900005,1.456293087000063],[29.620454239000026,1.449685979000037],[29.58748461400006,1.407429107000041],[29.584584816000074,1.367963297000074],[29.545147574000055,1.361277999000038],[29.528448629000025,1.346819038000035],[29.52954158800003,1.315314109000042],[29.480603363000057,1.279521956000053],[29.473873758000025,1.209632015000068],[29.46037161000004,1.191949051000051],[29.43594640300006,1.201414099000033],[29.441631827000037,1.184621076000042],[29.41262269300006,1.183285110000043],[29.395185748000074,1.126982071000043],[29.373924886000054,1.11160910500007],[29.37428933900003,1.04355720600006],[29.36034785700008,1.036221118000071],[29.350018026000043,0.995086024000045],[29.313020858000073,0.991000022000037],[29.289916076000054,0.957468983000069],[29.313606936000042,0.914680023000074],[29.368345969000075,0.870929109000031],[29.382665169000063,0.825627107000059],[29.404560349000064,0.809965547000047],[29.45805110200007,0.86021850700007],[29.48610870400006,0.842017989000055],[29.494569057000035,0.801024443000074],[29.53685843200003,0.788718135000067],[29.522909311000035,0.861171289000026],[29.55978480400006,0.874837359000026],[29.62319261400006,0.853455629000052],[29.62735169000007,0.881616975000043],[29.659118275000026,0.907676460000062],[29.695989222000037,0.868326471000046],[29.726783540000042,0.865505044000031],[29.756142559000068,0.907957603000057],[29.807759970000063,0.910542548000024],[29.861204373000078,0.954199083000049],[29.860179454000047,0.897422991000042],[29.876829418000057,0.888193985000044],[29.87495922100004,0.866591006000021],[29.907030964000057,0.805102873000067],[29.923682834000033,0.798683311000048],[29.986744274000046,0.837160869000058],[30.104490362000035,0.893349857000032],[30.144571386000052,0.885314591000053],[30.224449218000075,0.994872801000042],[30.24384495000004,1.080566801000032],[30.271066564000023,1.119473833000029],[30.320015554000065,1.157013729000028],[30.332640147000063,1.151867846000073],[30.36296272100003,1.200460781000061],[30.38914423600005,1.190869699000075],[30.472762292000027,1.211772770000039],[30.510843290000025,1.208097682000073],[30.600011765000033,1.348378100000048],[30.46151246200003,1.412291639000046],[30.421811878000028,1.447715086000073],[30.351263680000045,1.448479238000061],[30.341008013000078,1.413794089000021],[30.29802155400006,1.411191232000022],[30.281692943000053,1.488696039000047],[30.25714142700008,1.496927640000024],[30.22161535300006,1.484349001000055],[30.23278504700005,1.55482094000007],[30.21931131100007,1.582210041000053],[30.250467668000056,1.597226933000059],[30.299465843000064,1.586457450000069]]]},"properties":{"shapeName":"Irumu","shapeISO":"","shapeID":"63176286B75372177576839","shapeGroup":"COD","shapeType":"ADM2"}},
{"type":"Feature","geometry":{"type":"Polygon","coordinates":[[[24.30218767300005,1.089808128000072],[24.145939517000045,0.958079058000067],[24.115709827000046,0.97562999500002],[24.043721125000047,0.986530520000031],[23.88549996000006,1.069849911000063],[23.823600120000037,1.071129886000051],[23.695670160000077,1.109569978000025],[23.705885238000064,1.090495889000067],[23.75847248900004,0.994916044000036],[23.73608430200005,0.954794252000056],[23.693669640000053,0.990374354000039],[23.68359072000004,0.886405405000062],[23.63456664000006,0.817081855000026],[23.630142903000035,0.739378532000046],[23.679899944000056,0.669520180000063],[23.779419311000026,0.668179120000048],[23.796568707000063,0.603078205000031],[23.77132227000004,0.446904605000043],[23.80368986700006,0.38786119100007],[23.78513762800003,0.363813460000074],[23.767372274000024,0.279345028000023],[23.65778547800005,0.081944602000021],[23.649372279000033,0.04096807600007],[23.57615122900006,-0.043624892999958],[23.722798605000037,-0.022621529999924],[23.71643490300005,-0.092190348999964],[23.676337385000068,-0.117687822999926],[23.673030425000036,-0.143165988999954],[23.708097316000078,-0.190050928999938],[23.754307981000068,-0.201433193999947],[23.661958266000056,-0.258628707999947],[23.721135782000033,-0.265755263999949],[23.688172744000042,-0.389587433999964],[23.740335360000074,-0.376090917999932],[23.829473160000077,-0.288294874999963],[23.869098360000066,-0.299081011999931],[23.939853480000068,-0.27045084599996],[24.047788312000023,-0.256314045999943],[24.021943845000067,-0.17702929099994],[24.082832791000044,-0.155827396999939],[24.111255165000046,-0.172557866999966],[24.13430229100004,-0.162243905999958],[24.272750101000042,-0.04107064599998],[24.26252364000004,0.003021983000053],[24.16960836000004,0.104988563000063],[24.253891920000058,0.189648486000067],[24.298503120000078,0.16597487100006],[24.30471813500003,0.173430007000036],[24.341052925000042,0.382175419000021],[24.363390551000066,0.337071033000029],[24.41425889100003,0.299759767000069],[24.43219625000006,0.42063068300007],[24.457299066000076,0.479189747000021],[24.534368223000058,0.486434350000025],[24.606546410000078,0.539585996000028],[24.623773139000036,0.454007042000057],[24.596815260000028,0.428148753000073],[24.540187262000074,0.415014924000047],[24.516018664000057,0.391476960000034],[24.494222854000043,0.346584864000022],[24.520983064000063,0.343166620000034],[24.63815297800005,0.405866126000035],[24.72173921800004,0.560907790000044],[24.75785228700005,0.532245126000021],[24.864226804000054,0.489228088000061],[24.861998011000026,0.529028786000026],[24.87313677000003,0.540250738000054],[25.037790355000027,0.555662066000025],[25.043785787000047,0.585726565000073],[25.00724907600005,0.627764848000027],[24.984976631000052,0.616458403000024],[24.898629523000068,0.983053090000055],[24.900499697000043,1.063919095000074],[24.30218767300005,1.089808128000072]],[[24.453153,0.768421685000021],[24.449740104000057,0.797927187000028],[24.464796999000043,0.81045685700002],[24.494107755000073,0.812477767000075],[24.50956616800005,0.79893764600007],[24.514071881000064,0.765925236000044],[24.453153,0.768421685000021]]]},"properties":{"shapeName":"Isangi","shapeISO":"","shapeID":"63176286B30130216174864","shapeGroup":"COD","shapeType":"ADM2"}},
{"type":"Feature","geometry":{"type":"Polygon","coordinates":[[[27.597281396000028,2.762852216000056],[27.603758494000033,2.74070757100003],[27.63429522100006,2.727791970000055],[27.67000902700005,2.745904843000062],[27.677526818000047,2.77590682400006],[27.645811137000067,2.806380487000069],[27.606107804000033,2.795041543000025],[27.597281396000028,2.762852216000056]]]},"properties":{"shapeName":"Isiro","shapeISO":"","shapeID":"63176286B55213243416233","shapeGroup":"COD","shapeType":"ADM2"}},
{"type":"Feature","geometry":{"type":"Polygon","coordinates":[[[27.04859176700006,-5.75385810399996],[26.971163913000055,-5.702326389999939],[26.943491170000073,-5.699840654999946],[26.91350983600006,-5.659450282999956],[26.897099721000075,-5.782529878999981],[26.816167594000035,-5.814598122999939],[26.802222280000024,-5.798779297999943],[26.81045439500008,-5.751338242999964],[26.792080722000037,-5.716455443999962],[26.767583812000055,-5.791366832999927],[26.659504652000066,-5.85022186499998],[26.555346248000035,-5.865590847999954],[26.518884740000033,-5.852603275999968],[26.531196015000035,-5.78501485399994],[26.238351942000065,-5.799856894999948],[26.202489832000026,-5.78750197599993],[26.18429027800005,-5.761777154999947],[26.208178376000035,-5.837893719999954],[26.17703621900006,-5.870926320999956],[26.17777134000005,-5.933360128999936],[26.196971578000046,-5.941069497999933],[26.215006136000056,-5.979586022999968],[26.186126219000073,-5.993762668999977],[26.182552500000043,-6.014838925999925],[26.212607456000057,-6.035521144999962],[26.25503118000006,-6.035536576999959],[26.234387454000057,-6.067547805999936],[26.187582419000023,-6.084957857999939],[26.217827816000067,-6.154266221999933],[26.190242101000024,-6.213415153999961],[26.14319334700008,-6.242569764999928],[26.116496144000052,-6.295480555999973],[26.05123603800007,-6.417580483999927],[26.010356272000024,-6.436283508999963],[25.98785954400006,-6.423759607999955],[25.984617326000034,-6.463197179999952],[25.94365293100003,-6.465935560999981],[25.947911371000032,-6.536984036999968],[25.930319974000042,-6.554776475999972],[25.93445140700004,-6.601874321999958],[25.99102136600004,-6.613651199999936],[26.017114164000077,-6.653518813999938],[26.011661711000045,-6.682827631999942],[26.071008264000056,-6.675166889999957],[26.156246285000066,-6.638481886999955],[26.189136183000073,-6.642332008999972],[26.227934179000044,-6.612844035999956],[26.305649087000063,-6.610861899999975],[26.351356122000027,-6.588939015999927],[26.441932288000032,-6.581862013999967],[26.516489102000037,-6.605838932999973],[26.520920125000032,-6.630422961999955],[26.57462262200005,-6.679259888999979],[26.618005200000027,-6.648823869999944],[26.65863797800006,-6.537485874999959],[26.720570981000037,-6.485620940999979],[26.80185500600004,-6.449791926999978],[26.873363195000024,-6.453517965999936],[26.933294309000075,-6.429913921999969],[26.999798680000026,-6.451800527999978],[26.984400528000037,-6.451612130999933],[26.96979997300008,-6.639909336999949],[27.109333080000056,-6.622774809999953],[27.18189576000003,-6.622688882999967],[27.251935200000048,-6.643285951999928],[27.330316200000027,-6.628595636999933],[27.50767720400006,-6.709754869999927],[27.546438240000043,-6.620907855999974],[27.595595160000073,-6.603951523999967],[27.649378440000078,-6.55066140699995],[27.703220400000077,-6.545730932999959],[27.76845780000008,-6.559341270999937],[27.831742920000067,-6.540407941999945],[27.918135360000065,-6.555818316999932],[27.949629600000037,-6.545743465999976],[27.997923600000036,-6.501883747999955],[28.021700029000044,-6.508593917999974],[28.00404720000006,-6.467057992999969],[27.96990732000006,-6.440527968999959],[27.87794136000008,-6.437894032999964],[27.85341420000003,-6.40005698899995],[27.84256128000004,-6.332281880999972],[27.79797024000004,-6.276122961999931],[27.773552520000067,-6.206091003999973],[27.74587248000006,-6.181130934999942],[27.738174240000035,-6.152418867999927],[27.688614147000067,-6.114429972999972],[27.601651080000067,-6.112828349999972],[27.54383868000008,-6.136716547999981],[27.486461880000036,-6.100223403999962],[27.463429440000027,-6.124124896999945],[27.438301284000033,-6.034580955999957],[27.38291940000005,-6.033380883999939],[27.35368133000003,-6.01737791599993],[27.228459960000066,-6.019140044999972],[27.17161992000007,-5.991260005999948],[27.184538160000045,-5.873928836999937],[27.141714360000037,-5.840955938999969],[27.155899393000027,-5.823436797999932],[27.14125032000004,-5.800524800999938],[27.04859176700006,-5.75385810399996]]]},"properties":{"shapeName":"Kabalo","shapeISO":"","shapeID":"63176286B58583497580401","shapeGroup":"COD","shapeType":"ADM2"}},
{"type":"Feature","geometry":{"type":"Polygon","coordinates":[[[27.837782068000024,-4.022388088999946],[27.798551273000044,-4.004012561999957],[27.636396236000053,-4.021928400999968],[27.605008637000026,-4.013738988999933],[27.568397816000072,-4.02594285899994],[27.551644843000076,-3.993422491999979],[27.463802040000076,-3.976902749999965],[27.45161860500008,-3.996593807999943],[27.38658209600004,-3.935345699999971],[27.34660611000004,-3.935261435999962],[27.316373249000037,-3.915615378999973],[27.27772652500005,-3.918527703999928],[27.262348647000067,-3.899000608999927],[27.206375071000025,-3.89732956499995],[27.141203289000032,-3.82036242199996],[27.061047,-3.831468958999949],[27.024708600000054,-3.878716305999944],[27.018386640000074,-3.921647972999949],[26.94119237900003,-3.952989957999932],[26.899645321000037,-4.009244920999947],[27.008585280000034,-4.029660014999934],[27.021923280000067,-4.116830852999954],[27.00814248000006,-4.149593896999932],[27.02218608000004,-4.192895171999965],[27.061648560000037,-4.224331954999968],[27.048193354000034,-4.305896636999933],[27.058319280000035,-4.317373991999943],[27.039667320000035,-4.365054995999969],[27.06259392000004,-4.419919341999957],[27.057215880000058,-4.436612245999925],[27.044990280000036,-4.454085847999977],[26.992095796000058,-4.459815053999932],[26.977169509000078,-4.49492837799994],[26.956990500000074,-4.496192616999963],[26.94722186300004,-4.520952161999958],[26.92865907600003,-4.527463922999971],[26.929701214000033,-4.552417989999981],[26.959392360000038,-4.586851851999938],[26.909359920000043,-4.650350594999964],[26.90979624000005,-4.700957750999976],[26.936774280000066,-4.71590876199997],[26.972366760000057,-4.824882015999947],[26.932048775000055,-4.830571291999945],[26.913760855000078,-4.874097857999971],[26.92657179200006,-4.932361410999931],[26.968362159000037,-4.99952056799998],[27.673555699000076,-5.010024599999952],[28.406990008000037,-5.019724850999978],[28.803514509000024,-5.010333578999962],[28.77609147900006,-4.983841148999943],[28.77670944700003,-4.965963537999926],[28.754557696000063,-4.960933881999949],[28.749091062000048,-4.943675428999939],[28.76824804900008,-4.914163373999941],[28.75004178100005,-4.900884900999927],[28.716077348000056,-4.819968666999955],[28.689908811000066,-4.79948772299997],[28.683847977000028,-4.739567262999969],[28.659295661000044,-4.705706173999943],[28.60728804000007,-4.676608988999931],[28.552787280000075,-4.523391763999939],[28.55313756000004,-4.460062239999957],[28.50337621600005,-4.461016900999937],[28.480845325000075,-4.396711850999964],[28.402465843000073,-4.364249867999945],[28.397144686000047,-4.306059852999965],[28.37894022300003,-4.274408619999974],[28.358444784000028,-4.282032232999939],[28.242659470000035,-4.199636257999941],[28.190315015000067,-4.11904480499993],[28.17464710200005,-4.136288547999925],[28.185139226000047,-4.157324603999939],[28.17826285600006,-4.18549827399994],[28.150026505000028,-4.22160288699996],[28.12628230000007,-4.215589546999979],[28.117915973000038,-4.226995762999934],[28.05112797000004,-4.180534651999949],[28.017805272000032,-4.19091526699998],[28.016640642000027,-4.145836140999961],[28.03621296700004,-4.122530345999962],[27.966894813000067,-4.10501934399997],[27.941223886000046,-4.127320547999943],[27.86545158900003,-4.114385462999962],[27.822326400000065,-4.070361722999962],[27.837782068000024,-4.022388088999946]]]},"properties":{"shapeName":"Kabambare","shapeISO":"","shapeID":"63176286B85957320837216","shapeGroup":"COD","shapeType":"ADM2"}},
{"type":"Feature","geometry":{"type":"Polygon","coordinates":[[[28.874085453000077,-2.45982784399996],[28.87207987900007,-2.426745274999973],[28.892750129000035,-2.382373079999979],[28.935550168000077,-2.372075060999975],[28.93469052200004,-2.394517499999949],[28.990609267000025,-2.344035285999951],[29.011974320000036,-2.297345157999928],[28.928893437000056,-2.157732008999972],[28.906019812000068,-2.161965142999975],[28.909113111000067,-2.148556880999934],[28.882796272000064,-2.143488628999933],[28.866830090000065,-2.163309538999954],[28.858275665000065,-2.143629913999973],[28.773972125000057,-2.146909381999933],[28.753782665000074,-2.126422],[28.74295234600004,-2.130769728999951],[28.684000015000038,-2.212230681999927],[28.684328400000027,-2.240070895999963],[28.644208908000053,-2.296278],[28.67102241500004,-2.375186919999976],[28.65377998400004,-2.422004699999945],[28.571021479000024,-2.485033070999975],[28.568836341000065,-2.460486462999938],[28.528825760000075,-2.465732574999947],[28.430623161000028,-2.432585773999961],[28.396630195000057,-2.41352799799995],[28.39349529800006,-2.392973286999961],[28.335347556000045,-2.38333309199993],[28.31106537900007,-2.376775764999934],[28.26805165500008,-2.424577904999978],[28.27305612200007,-2.517482069999971],[28.210340976000055,-2.51222981799998],[28.207482421000066,-2.524729083999944],[28.24759034500005,-2.550967391999961],[28.263048550000065,-2.580094762999977],[28.205651223000075,-2.644577133999974],[28.290609692000032,-2.607019850999961],[28.358863175000067,-2.65245510799997],[28.411819173000026,-2.696483993999948],[28.462335926000037,-2.699266838999961],[28.487769997000044,-2.669694890999949],[28.559715638000057,-2.63084693199994],[28.616701676000048,-2.551430743999958],[28.735272396000028,-2.542896773999928],[28.83548462300007,-2.582124809999925],[28.861980242000072,-2.632063989999949],[28.89542394800003,-2.652768783999932],[28.90557287300004,-2.64624347299997],[28.899980088000063,-2.584874209999953],[28.88566469700004,-2.555083675999924],[28.85939460000003,-2.561168640999938],[28.841466240000045,-2.536275374999946],[28.793694274000075,-2.510893489999944],[28.804470071000026,-2.47117508499997],[28.874085453000077,-2.45982784399996]]]},"properties":{"shapeName":"Kabare","shapeISO":"","shapeID":"63176286B3160723083670","shapeGroup":"COD","shapeType":"ADM2"}},
{"type":"Feature","geometry":{"type":"Polygon","coordinates":[[[23.141184234000036,-6.359276891999968],[23.158466204000035,-6.332183147999956],[23.160680280000065,-6.239537991999953],[23.17220928000006,-6.215650014999937],[23.189453280000066,-6.210854943999948],[23.185814400000027,-6.187165958999969],[23.21739936000006,-6.11916896699995],[23.203209240000035,-6.082582857999967],[23.216549292000025,-6.074100972999929],[23.225033352000025,-6.08699265499996],[23.23148148000007,-6.076657922999971],[23.233753440000044,-6.095056867999972],[23.250559036000027,-6.073473723999939],[23.23840146400005,-6.058275868999942],[23.261165280000057,-6.048429972999941],[23.250387240000066,-6.033923927999979],[23.28626844000007,-6.008465887999932],[23.28032133800008,-5.98890903299997],[23.29090524000003,-5.97834998999997],[23.338192320000076,-6.010855923999941],[23.36404680000004,-6.077541774999929],[23.401380240000037,-6.08255490199997],[23.439790080000023,-6.108041834999938],[23.442644160000043,-6.086909943999956],[23.481056401000046,-6.055698980999978],[23.467764114000033,-6.026705884999956],[23.438137165000057,-6.015161726999963],[23.408085240000048,-5.977861020999967],[23.418514440000024,-5.905211981999969],[23.39863452000003,-5.821703],[23.41381824000007,-5.804019862999951],[23.397997275000023,-5.781916872999943],[23.381470080000042,-5.769469912999966],[23.426357616000075,-5.696641427999964],[23.282001,-5.741705761999981],[23.08559580000008,-5.728056829999957],[23.072941440000022,-5.772870313999931],[22.976480880000054,-5.782074284999965],[22.952378520000025,-5.825747812999964],[22.954546393000044,-5.846835908999935],[22.987785213000052,-5.886461900999961],[22.948618320000037,-5.948006017999944],[22.97627818500007,-6.025328860999934],[22.955335201000025,-6.044137895999938],[22.956001920000062,-6.06513616899997],[23.01014949200004,-6.103119015999937],[23.008588560000078,-6.165843197999948],[23.083078343000068,-6.190642168999943],[23.053765320000025,-6.254106078999939],[23.071228920000067,-6.348094327999945],[23.141184234000036,-6.359276891999968]]]},"properties":{"shapeName":"Kabeya-Kamwanga","shapeISO":"","shapeID":"63176286B62322725812229","shapeGroup":"COD","shapeType":"ADM2"}},
{"type":"Feature","geometry":{"type":"Polygon","coordinates":[[[24.55250756500004,-5.34526568299998],[24.48947515100008,-5.392824490999942],[24.455376312000055,-5.378094190999946],[24.43616454100004,-5.341916800999968],[24.416423233000046,-5.377691011999957],[24.305296983000062,-5.410459437999975],[24.126327357000036,-5.371553955999957],[24.108387480000033,-5.422199690999946],[24.077748960000065,-5.416038128999958],[24.066441360000056,-5.385242103999929],[24.045027840000046,-5.42446661799994],[24.062369400000023,-5.582899153999961],[24.124789080000028,-5.613015810999968],[24.170322960000078,-5.660378970999943],[24.172126200000037,-5.717974894999941],[24.199672320000047,-5.776408941999932],[24.187721400000044,-5.79870796299997],[24.13673964000003,-5.789412464999941],[24.066556200000036,-5.797509882999975],[24.049878840000076,-5.814435887999934],[24.01298280000003,-5.816837530999976],[24.00761016000007,-5.831451020999964],[23.957540162000043,-5.815996093999956],[23.976267480000047,-5.939230367999926],[24.01520184000003,-5.95224079999997],[23.98958244000005,-6.025516907999929],[24.05575224000006,-6.035923863999926],[24.07136724000003,-6.056861004999973],[24.10629840000007,-6.048611878999964],[24.118929324000078,-6.06540683999998],[24.151560376000077,-6.062212863999946],[24.174755280000056,-6.102926985999943],[24.13981620000004,-6.128882952999959],[24.107860440000024,-6.192568091999931],[24.08142096000006,-6.189389993999953],[24.05807352000005,-6.208514186999935],[24.007973760000027,-6.217459709999957],[24.004082849000042,-6.296455954999942],[24.091391497000075,-6.355023849999952],[24.106956480000065,-6.344085019999966],[24.130787760000032,-6.374239131999957],[24.118673400000034,-6.426408993999928],[24.18469452000005,-6.494085831999939],[24.255560415000048,-6.475057423999942],[24.269051107000053,-6.449685206999959],[24.33943218400003,-6.461748837999949],[24.345197555000027,-6.504603825999936],[24.418087111000034,-6.604218977999949],[24.63042405300007,-6.581979278999938],[24.655391171000076,-6.645651885999939],[24.65632432700005,-6.695754931999943],[24.705303335000053,-6.688404893999973],[24.724615189000076,-6.670479130999979],[24.757969219000074,-6.698518820999936],[24.803728036000052,-6.692541910999978],[24.855478095000024,-6.70908400199994],[24.92192827300005,-6.693674958999964],[24.927484949000075,-6.710354074999941],[25.010241024000038,-6.698174851999966],[25.04409615900005,-6.65628156899993],[25.137456772000064,-6.69170834199997],[25.17316875700004,-6.674615768999956],[25.19519895700006,-6.680408585999942],[25.300909709000052,-6.767238447999944],[25.298521470000026,-6.804982107999933],[25.31022437200005,-6.808639950999975],[25.367702305000023,-6.791823025999975],[25.409754261000046,-6.759846916999948],[25.448347263000073,-6.723963868999931],[25.43820944600003,-6.707654958999967],[25.463209217000042,-6.654772917999935],[25.458305297000038,-6.593410932999973],[25.411133453000048,-6.56172999599994],[25.408354221000025,-6.544952982999973],[25.35913826500007,-6.534187859999975],[25.272367388000077,-6.441611877999947],[25.306277040000055,-6.416350682999962],[25.29588564000005,-6.327545215999976],[25.382868760000065,-6.299033489999943],[25.352876494000043,-6.274428135999926],[25.379263343000048,-6.234174860999929],[25.35325026000004,-6.19717884399995],[25.360279056000024,-6.052421894999952],[25.280506348000074,-6.077438008999934],[25.218958233000023,-6.115873944999976],[25.155460358000028,-6.118691770999931],[25.066343431000064,-6.078927895999925],[25.036668285000076,-6.034329860999947],[24.97788530300005,-6.062764831999971],[24.94293616300007,-6.060800997999934],[24.919486177000067,-6.036432520999938],[24.927671091000036,-6.014217187999975],[24.90988745100003,-5.990820871999972],[24.836108696000053,-5.980819200999974],[24.766414139000062,-5.937341923999952],[24.74800121900006,-5.841677918999949],[24.761764390000053,-5.787864880999962],[24.746126248000053,-5.74117889799993],[24.712613581000028,-5.70570155799993],[24.686408821000043,-5.699706732999971],[24.617548385000077,-5.60156546199994],[24.679906541000037,-5.551068551999947],[24.627078720000043,-5.495663612999977],[24.649423200000058,-5.404484354999965],[24.55250756500004,-5.34526568299998]]]},"properties":{"shapeName":"Kabinda","shapeISO":"","shapeID":"63176286B78021290688444","shapeGroup":"COD","shapeType":"ADM2"}},
{"type":"Feature","geometry":{"type":"Polygon","coordinates":[[[26.025196051000023,-8.03424898299994],[26.031234092000034,-7.993135010999936],[26.004228349000073,-7.961962022999955],[26.020276952000074,-7.924065982999934],[26.016058219000058,-7.885051871999963],[25.996153166000056,-7.832514996999976],[26.035019117000047,-7.80605669299996],[26.036779168000066,-7.645114968999962],[26.02477830500004,-7.62974986699993],[26.046182362000025,-7.62650190599993],[26.06822012500004,-7.593401858999925],[26.10368155900005,-7.441884393999942],[26.13507427600007,-7.415089927999929],[26.238792122000064,-7.375404851999974],[26.318220181000072,-7.386511905999953],[26.35815836000006,-7.339121130999956],[26.352600480000035,-7.324202897999953],[26.382843360000038,-7.266948935999949],[26.379987691000053,-7.226985708999962],[26.407211279000023,-7.16054220999996],[26.469187920000024,-7.144261728999936],[26.485657615000036,-7.061822725999946],[26.41911120000003,-7.036917860999949],[26.39986128000004,-7.051800064999952],[26.36298288000006,-7.050324528999965],[26.298394200000075,-7.013026054999955],[26.278855560000068,-7.043213094999942],[26.234791200000075,-7.030797286999928],[26.21319948000007,-6.986524614999951],[26.216813520000073,-6.942922666999948],[26.176293,-6.944186199999933],[26.150311800000054,-6.961962408999966],[26.101558080000075,-6.959964052999965],[26.094320280000034,-6.947444926999935],[26.11340136000007,-6.915661697999951],[26.05249728000007,-6.900049445999969],[26.038152360000026,-6.879267365999965],[26.07559452000004,-6.863047341999959],[26.094880440000054,-6.81084349899993],[26.13477456000004,-6.813836347999938],[26.133573240000032,-6.795258904999969],[26.090784339000038,-6.789584760999958],[26.08544304000003,-6.76373168799995],[26.037040320000074,-6.750806628999953],[26.03166372000004,-6.712940913999944],[26.006155920000026,-6.702057612999965],[26.011661711000045,-6.682827631999942],[26.017114164000077,-6.653518813999938],[25.99102136600004,-6.613651199999936],[25.93445140700004,-6.601874321999958],[25.930319974000042,-6.554776475999972],[25.947911371000032,-6.536984036999968],[25.94365293100003,-6.465935560999981],[25.984617326000034,-6.463197179999952],[25.98785954400006,-6.423759607999955],[26.010356272000024,-6.436283508999963],[26.05123603800007,-6.417580483999927],[26.116496144000052,-6.295480555999973],[26.112654,-6.285746419999953],[26.072160840000038,-6.296056491999934],[26.055181080000068,-6.266384134999953],[26.02798560000008,-6.262609223999959],[26.016462360000048,-6.204440365999972],[25.985916,-6.219526134999967],[25.971115320000024,-6.275612593999938],[25.939312200000074,-6.205506928999966],[25.829124480000075,-6.144040962999952],[25.803398025000035,-6.151431913999943],[25.81398922300008,-6.164063953999971],[25.79726435400005,-6.194664020999937],[25.709291153000038,-6.22764895499995],[25.670965198000033,-6.265626890999954],[25.60593231100006,-6.273283988999935],[25.503716043000054,-6.311793727999941],[25.48680072700006,-6.294309258999931],[25.415327812000044,-6.319275111999957],[25.382868760000065,-6.299033489999943],[25.29588564000005,-6.327545215999976],[25.306277040000055,-6.416350682999962],[25.272367388000077,-6.441611877999947],[25.35913826500007,-6.534187859999975],[25.408354221000025,-6.544952982999973],[25.411133453000048,-6.56172999599994],[25.458305297000038,-6.593410932999973],[25.463209217000042,-6.654772917999935],[25.43820944600003,-6.707654958999967],[25.448347263000073,-6.723963868999931],[25.409754261000046,-6.759846916999948],[25.367702305000023,-6.791823025999975],[25.31022437200005,-6.808639950999975],[25.298521470000026,-6.804982107999933],[25.300909709000052,-6.767238447999944],[25.19519895700006,-6.680408585999942],[25.17316875700004,-6.674615768999956],[25.137456772000064,-6.69170834199997],[25.04409615900005,-6.65628156899993],[25.010241024000038,-6.698174851999966],[24.927484949000075,-6.710354074999941],[24.932419425000035,-6.74611424099993],[24.87554231000007,-6.757845372999952],[24.848071074000075,-6.783455494999941],[24.847486074000074,-6.82720792799995],[24.81690227200005,-6.841687991999947],[24.78127310600007,-6.890175943999964],[24.748840363000056,-6.889946928999962],[24.698023006000028,-6.948308973999929],[24.65638910100006,-6.950832959999957],[24.643974169000046,-6.980242016999966],[24.652950480000072,-7.004597911999952],[24.60948336000007,-7.05996192799995],[24.612020280000024,-7.095113947999948],[24.593393160000062,-7.143354950999935],[24.618697920000045,-7.154274068999939],[24.662337840000077,-7.256335942999954],[24.766629840000064,-7.232419981999954],[24.78670812000007,-7.258713058999945],[24.767147160000036,-7.285763950999979],[24.788338920000058,-7.299573084999963],[24.78694913000004,-7.27384792099997],[24.85252188000004,-7.247655971999961],[24.942259080000042,-7.234317021999971],[24.971039890000043,-7.261415935999935],[24.99773796000005,-7.266002004999962],[25.122435840000037,-7.233796950999931],[25.112485080000056,-7.309430001999942],[25.043609880000076,-7.361817051999935],[25.064289,-7.388102948999972],[25.06102812000006,-7.454459932999953],[25.13071296000004,-7.485771989999932],[25.111935,-7.562627008999925],[25.147141920000024,-7.662430037999968],[25.17160608000006,-7.671955024999932],[25.177344840000046,-7.652666035999971],[25.231650942000044,-7.624165018999975],[25.27669584000006,-7.641756011999973],[25.329867120000074,-7.642606919999935],[25.380709920000072,-7.617479067999966],[25.39677204000003,-7.66882506099995],[25.414971840000078,-7.678452953999965],[25.452951120000023,-7.66923905699997],[25.46472312000003,-7.694714031999979],[25.607432880000033,-7.828878920999955],[25.687130040000056,-7.841646965999928],[25.72472016000006,-7.876954024999975],[25.777005840000072,-7.882170081999959],[25.82296308000008,-7.959463956999969],[25.934268839000026,-8.01926992999995],[25.98109833700005,-8.044420895999963],[26.007627022000065,-8.028953046999959],[26.025196051000023,-8.03424898299994]]]},"properties":{"shapeName":"Kabongo","shapeISO":"","shapeID":"63176286B531915432051","shapeGroup":"COD","shapeType":"ADM2"}},
{"type":"Feature","geometry":{"type":"Polygon","coordinates":[[[18.408598074000054,-6.891222978999963],[18.423242280000068,-6.98235995999994],[18.444721320000042,-6.994632009999975],[18.448345440000026,-7.020344008999928],[18.466518244000042,-7.019769047999944],[18.47766744000006,-7.035322978999943],[18.471580377000066,-7.053743117999943],[18.497343219000072,-7.086664910999957],[18.480972252000072,-7.115719945999956],[18.498472200000037,-7.18499187599997],[18.509767208000028,-7.18790600799997],[18.52204320000004,-7.233314957999937],[18.576030240000023,-7.286260901999981],[18.599981400000047,-7.354786884999953],[18.631284480000033,-7.354811907999931],[18.646623360000035,-7.375842911999939],[18.63370548000006,-7.421861977999981],[18.57229164000006,-7.508550631999981],[18.510526440000035,-7.47448996299994],[18.484457400000053,-7.512404484999934],[18.424962360000052,-7.534872099999973],[18.358429320000027,-7.514123967999979],[18.344192400000054,-7.554401912999936],[18.322189200000025,-7.569466932999944],[18.30437820000003,-7.697250889999964],[18.272403360000055,-7.702498859999935],[18.241562118000047,-7.740113860999941],[18.216469440000026,-7.741415998999969],[18.17868240000007,-7.810291905999975],[18.09674640000003,-7.815428824999969],[18.037195560000043,-7.789562184999966],[17.937196200000074,-7.84243872899998],[17.91174096000003,-7.884833064999953],[17.923487400000056,-7.95051727699996],[17.891151840000077,-7.987331643999937],[17.88500016000006,-8.078999991999979],[17.939999880000073,-8.081999960999951],[17.982,-8.112999982999952],[18,-8.098000008999975],[18.10000008000003,-8.099000012999966],[18.087000120000027,-8.06799997099995],[18.097999920000063,-8.039999945999966],[18.135,-8.035000052999976],[18.153,-8.008999965999976],[18.217000080000048,-7.989000085999976],[18.294000120000078,-7.987999985999977],[18.308000160000063,-7.994000015999973],[18.303999840000074,-8.014000003999968],[18.375999840000077,-8.027000096999927],[18.398000160000038,-8.012999965999938],[18.390999960000045,-7.999999955999954],[18.527000040000075,-7.999999955999954],[18.558158040000023,-7.933583045999967],[18.77559920400006,-7.922229810999966],[18.777999960000045,-7.964000044999977],[18.79999992000006,-7.999999955999954],[19.435683960000063,-7.998535179999976],[19.43650836000006,-7.958249612999964],[19.35699984000007,-7.927999961999944],[19.34300016000003,-7.901999947999968],[19.364000040000064,-7.861000012999966],[19.36199988000004,-7.811999992999972],[19.387000080000064,-7.783000102999949],[19.409000040000024,-7.700999982999974],[19.369000080000035,-7.582999966999978],[19.380999960000054,-7.568999960999975],[19.473999840000033,-7.567000048999944],[19.494,-7.53299994799994],[19.486000080000053,-7.503000092999969],[19.522000080000055,-7.474000014999945],[19.550000160000025,-7.47200001799996],[19.494,-7.367999945999941],[19.503,-7.354999932999931],[19.487000160000036,-7.312999980999962],[19.50800004000007,-7.136999947999925],[19.563000120000027,-7.057999946999928],[19.54400004000007,-6.999000111999976],[19.955837160000044,-6.999419925999973],[19.969961400000045,-6.98195497699993],[19.930616280000038,-6.858101996999949],[19.70956836000005,-6.580754884999976],[19.701421200000027,-6.518182893999949],[19.70476344100007,-6.497055926999963],[19.716484320000063,-6.497818009999946],[19.704822480000075,-6.447173992999979],[19.72034817900004,-6.425660873999959],[19.68775918600005,-6.336953006999977],[19.634536440000034,-6.358003006999979],[19.610274240000024,-6.354279640999948],[19.552398480000022,-6.339926296999977],[19.445358240000076,-6.281625019999979],[19.423387440000056,-6.303782953999928],[19.39075416000003,-6.382602905999931],[19.330486226000062,-6.383636887999955],[19.344766320000076,-6.416375934999962],[19.34240544000005,-6.463255028999981],[19.321315200000072,-6.527019998999947],[19.319557320000058,-6.58768994899998],[19.273990320000053,-6.703456923999966],[19.281500187000063,-6.752458952999973],[19.22923332000005,-6.762220878999926],[19.110594071000037,-6.898377963999963],[19.062536400000056,-6.895748935999961],[18.981428040000026,-6.920093876999942],[18.941271120000067,-6.812304680999944],[18.91885556400007,-6.798211051999942],[18.92130444000003,-6.78716290999995],[18.878984280000054,-6.787455856999941],[18.871370280000065,-6.752343958999973],[18.853288380000038,-6.764878841999973],[18.848205360000065,-6.793641899999955],[18.789859440000043,-6.804612944999974],[18.75406644000003,-6.783758115999944],[18.71724456000004,-6.821781935999979],[18.709242480000057,-6.801348749999931],[18.731160720000048,-6.758535110999958],[18.682513200000074,-6.715900728999941],[18.622657521000065,-6.742066931999943],[18.597824280000054,-6.738576169999931],[18.54781020000007,-6.784226262999937],[18.551584080000055,-6.80904062299993],[18.53996004000004,-6.819920765999939],[18.518654880000042,-6.788803737999956],[18.42117551700005,-6.810937915999943],[18.443867040000043,-6.865727994999929],[18.42999732000004,-6.891058888999964],[18.408598074000054,-6.891222978999963]]]},"properties":{"shapeName":"Kahemba","shapeISO":"","shapeID":"63176286B37251946319002","shapeGroup":"COD","shapeType":"ADM2"}},
{"type":"Feature","geometry":{"type":"Polygon","coordinates":[[[26.86804200100005,-2.158908994999933],[26.872143563000066,-2.136677759999941],[26.821805503000064,-2.102751172999945],[26.826345462000063,-2.065280974999951],[26.805204110000034,-2.026943324999934],[26.754157571000064,-2.005494350999925],[26.66832244400007,-2.009045273999959],[26.603304215000037,-2.042490824999959],[26.592006697000045,-2.050283606999926],[26.62765893100004,-2.075199898999927],[26.613868053000033,-2.106177965999962],[26.55181516400006,-2.074809945999959],[26.544609106000053,-2.118752874999927],[26.494619055000044,-2.156807883999932],[26.44382141400007,-2.145650942999964],[26.44117968300003,-2.092990033999968],[26.35640970600008,-2.013710065999931],[26.202635800000053,-2.013103235999949],[26.12780077900004,-2.049494676999927],[25.926660226000024,-1.973381891999963],[25.846223605000034,-2.023859319999929],[25.819198408000034,-2.025424201999954],[25.80860505000004,-2.006657584999971],[25.907223077000026,-1.933743852999953],[25.903507157000035,-1.808768018999956],[25.885395200000062,-1.777751998999975],[25.85199898600007,-1.76607510599996],[25.84342835700005,-1.832990133999942],[25.79017413100007,-1.84249190099996],[25.760416125000063,-1.817695886999957],[25.713335019000056,-1.824650971999972],[25.67748226200007,-1.850675980999938],[25.656509275000076,-1.892320067999947],[25.49610708000006,-1.964229847999945],[25.42258824700008,-2.054670893999969],[25.24008450300005,-2.111983788999964],[25.232086303000074,-2.075869609999927],[25.200372513000048,-2.087979478999955],[25.175925627000026,-2.07766926499994],[25.17856802500006,-2.051392229999976],[25.208960304000072,-2.027740182999935],[25.197066625000048,-1.982839345999935],[25.055673419000072,-1.98060523099997],[25.02449987500006,-1.968569994999939],[24.978235011000038,-1.98155486099995],[24.59838988000007,-1.980783040999938],[24.60872298000004,-2.064662827999939],[24.66363917700005,-2.139474287999974],[24.68109701700007,-2.189584699999955],[24.69430830700003,-2.362520264999944],[24.926003539000078,-2.372406174999981],[24.931541109000023,-2.397901655999931],[24.96073057600006,-2.398910608999927],[24.98906117000007,-2.42084359699993],[25.04832395300008,-2.411946279999938],[25.04926863600008,-2.424687578999965],[24.999453638000034,-2.472284741999943],[25.00268139800005,-2.486170479999942],[25.046715515000074,-2.496327919999942],[25.00169247900004,-2.545303480999962],[25.046967875000064,-2.595038572999954],[25.074278009000068,-2.600691864999931],[25.086710122000056,-2.702368834999959],[25.112398662000032,-2.77435412899996],[25.00737975900006,-3.02428998299996],[25.03133991800007,-3.040110069999969],[25.036850078000043,-3.065879931999973],[25.034346717000062,-3.078069523999943],[25.013729779000073,-3.063359958999968],[25.00114995900003,-3.074159895999969],[25.020849879000025,-3.092570059999957],[25.007579919000023,-3.120650084999966],[25.023170078000078,-3.138589912999976],[24.999999760000037,-3.152920027999926],[24.99481,-3.189209970999968],[24.96618978500004,-3.195431913999926],[24.95865438800007,-3.233859864999943],[24.98216816200005,-3.233106643999974],[25.076410063000026,-3.300315827999952],[25.12637126900006,-3.232775914999934],[25.306173604000037,-3.241392643999973],[25.377666334000025,-3.259880801999941],[25.40859435300007,-3.200030936999951],[25.485796401000073,-3.224813901999937],[25.578880343000037,-3.213810279999961],[25.627359960000035,-3.258500097999956],[25.645880160000047,-3.258700009999927],[25.63814010300007,-3.268379631999949],[25.675239826000052,-3.268339921999939],[25.770660193000026,-3.22427922299994],[25.78390905200007,-3.20194076599995],[25.781629790000068,-3.189150264999967],[25.766531146000034,-3.189650549999953],[25.77310977600007,-3.164750001999948],[25.849667880000027,-3.165658421999979],[25.867894680000063,-3.177458200999979],[25.857697320000057,-3.335519655999974],[25.87987059200003,-3.35308284499996],[25.903367484000057,-3.25524554499998],[25.93524996000008,-3.192539963999934],[26.12525688000005,-3.160153396999931],[26.061239880000073,-3.000967256999957],[26.059433400000046,-2.957832454999959],[26.170410855000057,-2.830467501999976],[26.19888260400006,-2.848574182999926],[26.21920207900007,-2.834688079999978],[26.23017055400004,-2.72942216499996],[26.40461642100007,-2.624490787999946],[26.488105793000045,-2.604472073999943],[26.498440720000076,-2.583229723999978],[26.50002790800005,-2.493529946999956],[26.52128194000005,-2.484052940999959],[26.53515993600007,-2.452739906999966],[26.61084672900006,-2.436240151999925],[26.603599512000073,-2.466850031999968],[26.621730781000053,-2.488199233999978],[26.656902892000062,-2.448142076999943],[26.66947084700007,-2.374228905999928],[26.70948375100005,-2.366313951999928],[26.747586856000055,-2.330569942999944],[26.76869184700007,-2.351907978999975],[26.773690805000058,-2.340394870999944],[26.810649209000076,-2.339823748999947],[26.84459782400006,-2.338835888999938],[26.861419529000045,-2.322821674999943],[26.851154133000023,-2.28870706899994],[26.86804200100005,-2.158908994999933]],[[25.868484,-3.033898510999961],[25.854858360000037,-3.017599762999964],[25.867007640000054,-2.987844220999932],[25.864097040000047,-2.91198428499996],[25.930647720000024,-2.908146718999944],[25.974161640000034,-2.92590291199997],[25.966222560000062,-3.008497199999965],[25.91192484000004,-3.023211006999929],[25.905181320000054,-3.042149208999945],[25.868484,-3.033898510999961]]]},"properties":{"shapeName":"Kailo","shapeISO":"","shapeID":"63176286B17504702690240","shapeGroup":"COD","shapeType":"ADM2"}},
{"type":"Feature","geometry":{"type":"Polygon","coordinates":[[[29.14202827400004,-1.642598782999926],[29.050226775000056,-1.583672813999954],[29.033154142000058,-1.620780507999939],[29.02151857800004,-1.620542560999979],[29.032987580000054,-1.629477437999981],[29.018270614000073,-1.675341547999949],[28.969178533000047,-1.741662057999974],[28.917004731000077,-1.742238688999976],[28.862692163000077,-1.707025876999978],[28.81660944400005,-1.767496835999964],[28.71609557200003,-1.780177717999948],[28.684600126000078,-1.741858939999929],[28.667676550000067,-1.739758069999937],[28.667768478000028,-1.752510070999961],[28.668870926000068,-1.793920516999947],[28.69573783800007,-1.805971145999933],[28.700315475000025,-1.828617095999959],[28.677747960000033,-1.867712155999925],[28.64099092500004,-1.89091379499996],[28.605505140000048,-1.880734204999953],[28.55852527500008,-1.904640086999962],[28.524191408000036,-1.896751407999943],[28.511058750000075,-1.876805933999947],[28.449736020000046,-1.865128369999979],[28.450781019000033,-1.892948383999965],[28.353857041000026,-1.93992233299997],[28.377036974000077,-1.960858725999969],[28.374324741000066,-1.993216240999971],[28.350332260000073,-1.994001388999948],[28.32712095900007,-1.976164457999971],[28.304196881000053,-1.990509346999943],[28.171651841000028,-1.993932723999933],[28.154963482000028,-2.000938301999952],[28.151163102000055,-2.02004051199998],[28.167056366000054,-2.045962088999943],[28.19037338100003,-2.145216928999957],[28.239111173000026,-2.200667819999978],[28.291524181000057,-2.208722958999942],[28.263406754000073,-2.274950027999978],[28.309369915000048,-2.281608562999963],[28.335347556000045,-2.38333309199993],[28.39349529800006,-2.392973286999961],[28.396630195000057,-2.41352799799995],[28.430623161000028,-2.432585773999961],[28.528825760000075,-2.465732574999947],[28.568836341000065,-2.460486462999938],[28.571021479000024,-2.485033070999975],[28.65377998400004,-2.422004699999945],[28.67102241500004,-2.375186919999976],[28.644208908000053,-2.296278],[28.684328400000027,-2.240070895999963],[28.684000015000038,-2.212230681999927],[28.74295234600004,-2.130769728999951],[28.753782665000074,-2.126422],[28.773972125000057,-2.146909381999933],[28.858275665000065,-2.143629913999973],[28.866830090000065,-2.163309538999954],[28.882796272000064,-2.143488628999933],[28.909113111000067,-2.148556880999934],[28.906019812000068,-2.161965142999975],[28.928893437000056,-2.157732008999972],[28.994746232000068,-2.064183618999948],[29.07024270100004,-1.820374051999977],[29.129646446000038,-1.698636119999946],[29.14202827400004,-1.642598782999926]]]},"properties":{"shapeName":"Kalehe","shapeISO":"","shapeID":"63176286B48907865482387","shapeGroup":"COD","shapeType":"ADM2"}},
{"type":"Feature","geometry":{"type":"Polygon","coordinates":[[[28.803514509000024,-5.010333578999962],[28.406990008000037,-5.019724850999978],[28.456390395000028,-5.078857918999972],[28.451720160000036,-5.09951751899996],[28.384157880000032,-5.154091189999974],[28.392199920000053,-5.178773490999959],[28.45113408000003,-5.204639390999944],[28.54387476000005,-5.209757808999939],[28.560965400000043,-5.22673651499997],[28.561663800000076,-5.265206765999949],[28.520483040000045,-5.313716660999944],[28.613659131000077,-5.316226989999961],[28.602823320000027,-5.352622849999932],[28.508218560000046,-5.437042295999959],[28.462060800000074,-5.497278698999935],[28.457671680000033,-5.523679519999973],[28.499222160000045,-5.585086538999974],[28.491680880000047,-5.62786648499997],[28.522759320000034,-5.653629877999947],[28.608436080000047,-5.802924710999946],[28.579969110000036,-5.809020386999975],[28.534112863000075,-5.78619555299997],[28.442591889000028,-5.783237912999937],[28.40684430600004,-5.753501153999935],[28.350930592000054,-5.733050311999932],[28.30105149600007,-5.755672791999928],[28.217288533000044,-5.691997927999978],[28.21162189000006,-5.658213811999929],[28.189915666000047,-5.632315045999974],[28.032369209000024,-5.671550854999964],[28.095913505000055,-5.735052468999925],[28.064879460000043,-5.76644979799994],[28.151449245000038,-5.863609996999969],[28.111451721000037,-6.012094573999946],[28.16348980300006,-6.036253958999964],[28.260672829000043,-6.119200680999938],[28.31414042700004,-6.109512833999929],[28.398252240000033,-6.125558069999954],[28.30692060000007,-6.198970990999953],[28.285825680000073,-6.232710638999947],[28.31021424000005,-6.29841548099995],[28.286820360000036,-6.377737218999926],[28.37656836000008,-6.388028950999967],[28.397152473000062,-6.413914320999936],[28.395258840000054,-6.450503239999932],[28.343015640000033,-6.511794583999972],[28.341964440000027,-6.548863824999955],[28.358310240000037,-6.562901438999972],[28.393434720000073,-6.552518244999931],[28.510557120000044,-6.589486671999964],[28.57177188000003,-6.561432257999968],[28.686595320000038,-6.574679260999972],[28.64745,-6.662921989999973],[28.61654328000003,-6.676338786999963],[28.581849,-6.721382880999954],[28.56400596000003,-6.901982219999979],[28.58115759700007,-6.936172948999968],[28.600721280000073,-6.938378894999971],[28.61284248000004,-6.924535851999963],[28.624614480000048,-6.93252285899996],[28.619133840000075,-7.001600382999925],[28.660360328000024,-7.129715102999967],[28.752210492000074,-7.094583021999938],[28.78612344000004,-7.111876966999944],[28.899214560000075,-7.101063052999962],[28.933017120000045,-7.121167392999951],[28.939327200000037,-7.022197939999955],[28.965505290000067,-7.013562900999943],[28.97388635300007,-6.989624830999958],[28.948667400000033,-6.963330001999964],[28.93479145200007,-6.907795061999934],[29.077774920000024,-6.949459615999956],[29.116820520000033,-6.893734192999943],[29.13088932000005,-6.834231596999928],[29.205978480000056,-6.747115939999958],[29.257509240000047,-6.710522860999959],[29.29587336000003,-6.703415935999942],[29.326824268000053,-6.648544005999952],[29.323492200000032,-6.629485867999961],[29.35179540000007,-6.594390926999949],[29.364460200000053,-6.597538904999965],[29.373005472000045,-6.565311005999945],[29.40144552000004,-6.553658017999965],[29.420807400000058,-6.523437010999942],[29.477554532000056,-6.522180515999935],[29.479669882000053,-6.507941338999956],[29.53980243700005,-6.468312626999932],[29.654977165000048,-6.41299909199995],[29.594977722000067,-6.251999081999941],[29.578978024000037,-6.146999095999945],[29.57797785500003,-5.96299905799998],[29.606977544000074,-5.777999036999972],[29.59897730600005,-5.663999209999929],[29.52997828900004,-5.414999197999975],[29.37207572500006,-5.007911855999964],[28.803514509000024,-5.010333578999962]]]},"properties":{"shapeName":"Kalemie","shapeISO":"","shapeID":"63176286B6958016734749","shapeGroup":"COD","shapeType":"ADM2"}},
{"type":"Feature","geometry":{"type":"Polygon","coordinates":[[[26.498440720000076,-2.583229723999978],[26.526657941000053,-2.585456757999964],[26.587348191000046,-2.559832789999973],[26.61654821600007,-2.524706958999957],[26.621730781000053,-2.488199233999978],[26.603599512000073,-2.466850031999968],[26.61084672900006,-2.436240151999925],[26.53515993600007,-2.452739906999966],[26.52128194000005,-2.484052940999959],[26.50002790800005,-2.493529946999956],[26.498440720000076,-2.583229723999978]]]},"properties":{"shapeName":"Kalima","shapeISO":"","shapeID":"63176286B20601319898864","shapeGroup":"COD","shapeType":"ADM2"}},
{"type":"Feature","geometry":{"type":"Polygon","coordinates":[[[27.07313255200006,-10.56338200099998],[27.043703460000074,-10.551065042999937],[26.980444644000045,-10.55759],[26.938891660000024,-10.607278965999967],[26.928330343000027,-10.60126889999998],[26.917802504000065,-10.51739501399993],[26.813773698000034,-10.463961909999966],[26.49559679200007,-10.47477891799997],[26.453803851000032,-10.501513879999948],[26.51600950900007,-10.561147020999954],[26.527863744000058,-10.593640001999972],[26.56632579500007,-10.600464970999951],[26.510468933000027,-10.678285943999981],[26.606185528000026,-10.74039791499996],[26.561639502000048,-10.811864004999961],[26.565931782000064,-10.881615013999976],[26.549595707000037,-10.898419924999928],[26.514115556000036,-10.893531007999968],[26.41891466100003,-10.918039892999957],[26.348784520000038,-11.031683921999957],[26.360398892000035,-11.228708990999962],[26.310423807000063,-11.208910042999946],[26.32183976400006,-11.169921004999935],[26.314710685000023,-11.099725003999936],[26.330859923000048,-11.06117704999997],[26.272574880000036,-10.993110970999965],[26.264573849000044,-10.951811950999968],[26.234343933000048,-10.936789013999942],[26.215022672000032,-10.88367403999996],[26.166606710000053,-10.883135024999945],[26.123450984000044,-10.948072964999938],[26.065182787000026,-10.979379027999926],[25.94726987100006,-10.951874114999953],[25.877039400000058,-11.016103923999935],[25.879564368000047,-11.039481012999943],[25.84938672000004,-11.097202337999931],[25.793529120000073,-11.132610152999973],[25.790502240000023,-11.203673046999938],[25.815394800000036,-11.260888393999949],[25.75658124000006,-11.338553527999977],[25.758039581000048,-11.400187441999947],[25.780964400000073,-11.406603029999928],[25.774797240000055,-11.458197963999964],[25.734911355000065,-11.478189107999981],[25.72866036000005,-11.523111918999973],[25.68817934300006,-11.553684113999964],[25.67436038900007,-11.632271102999937],[25.630506360000027,-11.65528201899997],[25.607609251000042,-11.652990981999949],[25.544756160000077,-11.733461988999977],[25.508134640000037,-11.729861580999966],[25.496999972000026,-11.726000332999945],[25.48400004000007,-11.761999965999962],[25.497,-11.785000024999931],[25.57699877700003,-11.76199980399997],[25.593998637000027,-11.735999817999982],[25.649998741000047,-11.728999835999957],[25.677,-11.782000042999925],[25.718999987000075,-11.81599986599997],[25.823998448000054,-11.827999783999928],[25.880000040000027,-11.799999962999948],[25.918999920000033,-11.875000042999943],[25.959998374000065,-11.877999891999934],[25.98699996000005,-11.898000001999947],[25.977999960000034,-11.932999989999928],[25.989999255000043,-11.940999764999958],[26.19199827600005,-11.938999898999953],[26.211998046000076,-11.927999856999975],[26.32999795300003,-11.965999865999947],[26.408997660000068,-11.91999975999994],[26.443997882000076,-11.914999743999942],[26.559,-11.978999963999968],[26.597997337000038,-11.970999766999967],[26.717997351000065,-12.008999641999935],[26.774997106000058,-11.96299971999997],[26.82799837300007,-11.992999065999982],[26.896996882000053,-11.974999812999954],[27.007996478000052,-11.846999704999973],[26.99899649500003,-11.816999625999927],[27.00799646300004,-11.76699967999997],[27.048996388000035,-11.698999751999963],[27.02499632000007,-11.651999706999959],[27.027996545000065,-11.61099965699998],[27.15699608600005,-11.599999710999953],[27.205995904000076,-11.56799961799993],[27.20485332000004,-11.519337697999958],[27.256006080000077,-11.437044234999973],[27.300684600000068,-11.411912057999928],[27.377301600000067,-11.297178677999966],[27.484432920000074,-11.24435514299995],[27.52245252000006,-11.250124941999957],[27.541030680000063,-11.227409835999936],[27.412703280000073,-11.008348263999949],[27.33294096000003,-10.972955853999963],[27.307716494000033,-10.921932023999943],[27.29743542400007,-10.838146567999956],[27.33188436000006,-10.771101029999954],[27.288986400000056,-10.738693978999947],[27.283983232000026,-10.704505926999957],[27.365850003000048,-10.69071860799994],[27.386488134000047,-10.633789968999963],[27.319326249000028,-10.62272902999996],[27.304837890000044,-10.605030891999945],[27.33054411200004,-10.58768564899998],[27.32046904400005,-10.553968471999951],[27.19649490100005,-10.607910924999942],[27.166123867000067,-10.603448162999939],[27.142337136000037,-10.577571255999942],[27.07313255200006,-10.56338200099998]],[[26.671819993000042,-10.879744809999977],[26.703060064000056,-10.913208091999934],[26.75236600900007,-10.914362922999942],[26.760297167000033,-10.943654024999944],[26.81583290900005,-10.944824834999963],[26.879542920000063,-10.996847665999951],[26.87957234600003,-11.022566929999925],[26.82734282800004,-11.018288923999933],[26.791665864000038,-11.045499802999927],[26.774452004000068,-11.031491843999959],[26.689089911000053,-11.038255963999973],[26.630732845000068,-10.966424573999973],[26.671819993000042,-10.879744809999977]]]},"properties":{"shapeName":"Kambove","shapeISO":"","shapeID":"63176286B84034630662614","shapeGroup":"COD","shapeType":"ADM2"}},
{"type":"Feature","geometry":{"type":"Polygon","coordinates":[[[23.277160560000027,-6.915276941999934],[23.30805816000003,-6.862250944999971],[23.291294400000027,-6.842459018999932],[23.315273268000055,-6.799757897999939],[23.337581383000042,-6.801635961999978],[23.31210132700005,-6.765281860999949],[23.402778455000032,-6.715796024999975],[23.41914042700006,-6.68801392599994],[23.41157146200004,-6.672142932999975],[23.440803303000052,-6.647367866999957],[23.416509922000046,-6.584580038999945],[23.446678115000054,-6.549001973999964],[23.442557022000074,-6.532678609999948],[23.385990227000036,-6.539021948999959],[23.364166303000047,-6.524733882999953],[23.322197508000045,-6.535616839999932],[23.255933024000058,-6.588421634999975],[23.179878364000047,-6.606917862999978],[23.167852200000027,-6.503690990999928],[23.14764656400007,-6.488019991999977],[23.15182698700005,-6.460444799999948],[23.139877299000034,-6.458352856999966],[23.125538160000076,-6.51050394899994],[23.101352263000024,-6.538498112999946],[23.092491240000072,-6.613410965999947],[23.073370200000056,-6.635436935999962],[23.057836200000054,-6.710099923999962],[23.021066880000035,-6.770499480999945],[23.08463172000006,-6.849350939999965],[23.148767520000035,-6.860977706999961],[23.183075880000047,-6.905756679999968],[23.277160560000027,-6.915276941999934]]]},"properties":{"shapeName":"Kamiji","shapeISO":"","shapeID":"63176286B35852451405101","shapeGroup":"COD","shapeType":"ADM2"}},
{"type":"Feature","geometry":{"type":"Polygon","coordinates":[[[25.934268839000026,-8.01926992999995],[25.82296308000008,-7.959463956999969],[25.777005840000072,-7.882170081999959],[25.72472016000006,-7.876954024999975],[25.687130040000056,-7.841646965999928],[25.607432880000033,-7.828878920999955],[25.46472312000003,-7.694714031999979],[25.452951120000023,-7.66923905699997],[25.414971840000078,-7.678452953999965],[25.39677204000003,-7.66882506099995],[25.380709920000072,-7.617479067999966],[25.329867120000074,-7.642606919999935],[25.27669584000006,-7.641756011999973],[25.231650942000044,-7.624165018999975],[25.177344840000046,-7.652666035999971],[25.17160608000006,-7.671955024999932],[25.147141920000024,-7.662430037999968],[25.111935,-7.562627008999925],[25.13071296000004,-7.485771989999932],[25.06102812000006,-7.454459932999953],[25.064289,-7.388102948999972],[25.043609880000076,-7.361817051999935],[25.112485080000056,-7.309430001999942],[25.122435840000037,-7.233796950999931],[24.99773796000005,-7.266002004999962],[24.971039890000043,-7.261415935999935],[24.942259080000042,-7.234317021999971],[24.85252188000004,-7.247655971999961],[24.78694913000004,-7.27384792099997],[24.788338920000058,-7.299573084999963],[24.767147160000036,-7.285763950999979],[24.78670812000007,-7.258713058999945],[24.766629840000064,-7.232419981999954],[24.662337840000077,-7.256335942999954],[24.618697920000045,-7.154274068999939],[24.593393160000062,-7.143354950999935],[24.58165770100004,-7.142433955999934],[24.551065364000067,-7.213180961999967],[24.560962115000052,-7.230181960999971],[24.58374426100005,-7.23386202699993],[24.58190502000008,-7.250860945999932],[24.600548701000037,-7.26487594699995],[24.590894040000023,-7.335620017999929],[24.612765840000066,-7.372603010999967],[24.596204040000032,-7.433920933999957],[24.602195852000023,-7.473192985999958],[24.588389880000022,-7.495466925999949],[24.60841884000007,-7.516597051999952],[24.585864840000056,-7.542081924999934],[24.620170316000042,-7.571021992999931],[24.643190160000074,-7.570107008999969],[24.639285977000043,-7.607533986999954],[24.666000095000072,-7.640371996999932],[24.66647892000003,-7.70718600999993],[24.644607120000046,-7.72095802399997],[24.646686120000027,-7.742999014999953],[24.605485920000035,-7.831604915999947],[24.56795088000007,-7.835500078999928],[24.509922207000045,-7.909033111999975],[24.516708120000033,-7.926554022999937],[24.489430920000075,-7.975265977999925],[24.48835488000003,-8.043559965999975],[24.45454188000008,-8.084866985999952],[24.466349880000053,-8.128633063999928],[24.411570840000024,-8.207949978999977],[24.375620880000042,-8.353271019999966],[24.38029584000003,-8.399623044999942],[24.346117080000056,-8.465734057999953],[24.34339908000004,-8.51075695999998],[24.31971216000005,-8.526324960999943],[24.276948840000045,-8.489130037999928],[24.251524920000065,-8.49089596899995],[24.202478880000058,-8.419557967999935],[24.180424920000064,-8.460372075999942],[24.147802080000076,-8.463507067999956],[24.070811040000024,-8.547772972999951],[24.05567412000005,-8.53893796999995],[24.03721692000005,-8.608749978999981],[24.08209596000006,-8.63300900799993],[24.099969938000072,-8.67793089199995],[24.008150880000073,-8.768309913999929],[23.97303216000006,-8.778470011999957],[23.99586837800007,-8.819708214999935],[24.106142160000047,-8.903101051999954],[24.09789629200003,-8.937965998999971],[24.211910660000058,-8.954817076999973],[24.24554388000007,-8.97622298999994],[24.266754,-9.045256087999974],[24.336601021000035,-9.125261171999966],[24.47355096000007,-9.20344791399998],[24.496683120000057,-9.24250604599996],[24.554217960000074,-9.25660391799994],[24.575339160000055,-9.27738506999998],[24.57013716000006,-9.293467970999927],[24.536787120000042,-9.300618018999955],[24.411045960000024,-9.303340994999928],[24.378167880000035,-9.280193060999977],[24.30026496000005,-9.270340006999959],[24.25142592000003,-9.284930969999948],[24.215297040000053,-9.321153085999981],[24.185791080000058,-9.303724044999967],[24.15115116000004,-9.335672020999937],[24.13602288000004,-9.359167035999974],[24.162730920000058,-9.45899396599998],[24.121232963000068,-9.575969337999936],[24.132022918000075,-9.64302910799995],[24.10972596000005,-9.718538080999963],[24.04699308000005,-9.776094041999954],[24.01299125500003,-9.835567783999977],[24.027624,-9.841243988999963],[24.025798977000022,-9.892287710999938],[24.104522160000045,-9.914192043999947],[24.105800231000046,-9.93625577299997],[24.085035,-9.956363058999955],[24.085923840000078,-9.992682943999966],[24.133350015000076,-10.011748932999978],[24.226908120000076,-9.992945057999975],[24.26402808000006,-10.006279947999928],[24.29199391700007,-10.045127027999968],[24.325072920000025,-9.992055075999929],[24.359581113000047,-9.983340082999973],[24.389723880000076,-10.077910046999932],[24.414509880000026,-10.108412013999953],[24.414552,-10.060094960999947],[24.46633404000005,-9.98063007099995],[24.542456040000047,-10.043578065999952],[24.576147,-10.09800894999995],[24.62483412000006,-10.06437197799994],[24.692946840000047,-10.050780990999954],[24.711994161000064,-9.99270497599997],[24.751801080000064,-10.059904048999954],[24.81452316000008,-10.082702922999943],[24.843605040000057,-10.060453006999978],[24.84284603100008,-10.02413189799995],[24.888175920000037,-10.063318962999972],[24.930289080000023,-10.129914962999976],[24.976827,-10.119390024999973],[24.996111120000023,-10.095087067999941],[25.05625311600005,-10.073425010999927],[25.072053736000044,-10.049838008999927],[24.982972861000064,-10.038172964999944],[24.98327202100006,-10.016388947999928],[25.02456509900003,-10.012902017999977],[25.085427073000062,-9.97538896499998],[25.128328973000066,-9.97989391599998],[25.169343771000058,-9.921333961999949],[25.40665791600003,-9.822675044999926],[25.48830699100006,-9.82422298399996],[25.541587050000032,-9.794059015999949],[25.54835288000004,-9.742316090999964],[25.525274040000056,-9.729681008999933],[25.519246919000068,-9.707444064999947],[25.542665121000027,-9.70881288399994],[25.546015080000075,-9.696825003999948],[25.52397084000006,-9.694062920999954],[25.521954840000035,-9.656846980999944],[25.486521840000023,-9.636057949999952],[25.493151960000034,-9.627486922999935],[25.52131188000004,-9.639842036999937],[25.49026297200004,-9.550516050999931],[25.50164019600004,-9.487193049999973],[25.516015897000045,-9.467050874999927],[25.506312840000078,-9.447153925999942],[25.51940712000004,-9.41553296199993],[25.534874880000075,-9.411467069999958],[25.52047488000005,-9.384956070999976],[25.55388,-9.348760052999978],[25.540986960000055,-9.333266080999977],[25.558359067000026,-9.313091998999937],[25.55507412000003,-9.287157005999973],[25.53729997800008,-9.291018639999947],[25.574405040000045,-9.234332062999954],[25.57685592000007,-9.204203916999973],[25.602327,-9.228065022999942],[25.624748160000024,-9.226446928999962],[25.627771197000072,-9.20665301799994],[25.65474516000006,-9.19855199799997],[25.658951040000034,-9.181501053999966],[25.620923880000078,-9.151577040999939],[25.604974080000034,-9.109696042999929],[25.566986959000076,-9.081834888999936],[25.568533070000058,-9.01036290199994],[25.53731496000006,-8.965426023999953],[25.516991880000035,-8.851842008999938],[25.479354960000023,-8.814167923999946],[25.495281,-8.768984021999927],[25.479608040000073,-8.74961892999994],[25.481826283000032,-8.71858698099993],[25.57189296000007,-8.72121498699994],[25.578573840000047,-8.697850969999934],[25.562426040000048,-8.67416499199993],[25.563918960000024,-8.64401302999994],[25.669584,-8.618084001999932],[25.716438,-8.49493505099997],[25.675823880000053,-8.348417039999958],[25.72143912000007,-8.344933062999928],[25.810931880000055,-8.307426078999981],[25.851126960000045,-8.274823033999951],[25.84657599800005,-8.220921697999927],[25.882517748000055,-8.161276992999944],[25.851279831000056,-8.130647],[25.85413895100004,-8.099395008999977],[25.86219203400003,-8.07887287099993],[25.91561285800003,-8.05782095099994],[25.934268839000026,-8.01926992999995]]]},"properties":{"shapeName":"Kamina","shapeISO":"","shapeID":"63176286B31000864957103","shapeGroup":"COD","shapeType":"ADM2"}},
{"type":"Feature","geometry":{"type":"Polygon","coordinates":[[[28.181632523000076,-3.04907845799994],[28.177762785000027,-3.072108361999938],[28.202529105000053,-3.077710154999977],[28.207327580000026,-3.048611630999972],[28.181632523000076,-3.04907845799994]]]},"properties":{"shapeName":"Kamituga","shapeISO":"","shapeID":"63176286B35677174574617","shapeGroup":"COD","shapeType":"ADM2"}},
{"type":"Feature","geometry":{"type":"Polygon","coordinates":[[[19.68775918600005,-6.336953006999977],[19.72034817900004,-6.425660873999959],[19.704822480000075,-6.447173992999979],[19.716484320000063,-6.497818009999946],[19.70476344100007,-6.497055926999963],[19.701421200000027,-6.518182893999949],[19.70956836000005,-6.580754884999976],[19.930616280000038,-6.858101996999949],[19.969961400000045,-6.98195497699993],[19.955837160000044,-6.999419925999973],[19.95806340000007,-7.012444913999957],[20.067934680000064,-7.017524196999943],[20.297100240000077,-7.009959894999952],[20.315179080000064,-6.928036412999973],[20.495397239000056,-6.931538019999948],[20.546524438000063,-6.918932969999958],[20.621912389000045,-6.931953958999941],[20.61986939800005,-6.975370903999931],[20.58616207700004,-7.016521443999977],[20.544609238000078,-7.140962915999978],[20.542873318000034,-7.298904902999936],[21.298000294000076,-7.282899857999951],[21.339384462000055,-7.293409953999969],[21.389627148000045,-7.273402919999967],[21.487124126000026,-7.287230131999934],[21.779689173000065,-7.274680032999981],[21.78686988000004,-7.257920032999948],[21.71367000300006,-7.196329977999937],[21.701679840000054,-7.135640026999965],[21.66355008000005,-7.117349992999948],[21.65364046700006,-7.069749549999926],[21.589520122000067,-7.035739482999929],[21.487639883000043,-6.897940053999946],[21.45019256100005,-6.883081730999947],[21.40045992000006,-6.835770088999936],[21.42171540000004,-6.810348894999947],[21.46404816000006,-6.806382911999947],[21.522159360000046,-6.763409911999929],[21.598851600000046,-6.758379590999937],[21.604059,-6.738298941999972],[21.582126360000075,-6.716791873999966],[21.61996128000004,-6.726360254999975],[21.61256904000004,-6.680094993999944],[21.71252880000003,-6.657654154999932],[21.63472740000003,-6.598137921999978],[21.608259329000077,-6.539424020999945],[21.571815240000035,-6.575574246999963],[21.54845123800004,-6.576605472999972],[21.56866487700006,-6.526709883999956],[21.541139997000073,-6.504430681999963],[21.539866317000076,-6.485766713999965],[21.605503078000027,-6.472293015999981],[21.62107439700003,-6.356723975999955],[21.58835435700007,-6.247395902999926],[21.58827215200006,-6.138874946999977],[21.45622751800005,-6.127475949999962],[21.39082343800004,-6.089343890999942],[21.35419631800005,-6.113105923999967],[21.275234280000063,-6.090011961999949],[21.234009240000034,-6.113748876999978],[21.213121320000027,-6.107451021999964],[21.155193360000055,-6.054543936999949],[21.126915360000055,-6.001761902999931],[21.056772240000043,-5.96143800699997],[20.985603480000066,-5.893505862999973],[20.96451337900004,-5.828097297999932],[20.915191538000045,-5.812689948999946],[20.893526174000044,-5.776251951999939],[20.833986251000056,-5.734112792999952],[20.806080120000047,-5.760209968999959],[20.764310040000055,-5.752179969999929],[20.692699465000032,-5.841050390999953],[20.664320040000064,-5.86666994199993],[20.647810080000056,-5.86038999699997],[20.64493008000005,-5.88588993999997],[20.619609754000066,-5.898410036999962],[20.543308199000023,-5.855020012999944],[20.539924077000023,-5.841663363999942],[20.35468332000005,-5.904392919999964],[20.31556824000006,-5.894718075999947],[20.310136560000046,-5.863809024999966],[20.253412440000034,-5.809349103999978],[20.17408824000006,-5.806662525999968],[20.124108286000023,-5.787541433999934],[20.10921095200007,-5.837269050999964],[20.051439840000057,-5.859019941999975],[20.02275,-5.939340070999947],[20.00000016000007,-5.966569982999943],[19.900351257000068,-6.010138764999965],[19.885730040000055,-5.995790007999972],[19.868799960000047,-6.024209997999947],[19.83542004000003,-6.034589916999948],[19.706109840000067,-6.144860017999974],[19.680137280000054,-6.224482903999956],[19.695913200000064,-6.239778950999948],[19.68775918600005,-6.336953006999977]],[[20.813290648000077,-6.455924778999929],[20.780618598000046,-6.447243839999942],[20.766835077000053,-6.414050629999963],[20.798486125000068,-6.379323081999928],[20.83881568700008,-6.372172995999961],[20.86076722100006,-6.385962356999926],[20.86485122700003,-6.436009460999969],[20.853109709000023,-6.45132900599998],[20.813290648000077,-6.455924778999929]]]},"properties":{"shapeName":"Kamonia","shapeISO":"","shapeID":"63176286B40120828568077","shapeGroup":"COD","shapeType":"ADM2"}},
{"type":"Feature","geometry":{"type":"Polygon","coordinates":[[[22.246510690000036,-5.853948576999926],[22.27123828200007,-5.884844328999975],[22.30739524200004,-5.898339760999932],[22.31984016000007,-5.925459928999942],[22.340930040000046,-5.929820006999933],[22.338389880000022,-5.947819954999943],[22.358139807000043,-5.952240574999962],[22.39700259700004,-6.030997827999954],[22.448549160000027,-5.999180941999953],[22.493555280000066,-6.011953885999958],[22.525745400000062,-6.002384019999965],[22.576772520000077,-6.043464913999969],[22.597081200000048,-6.041019465999966],[22.597784640000043,-6.009055198999931],[22.57424892000006,-5.981388290999973],[22.593047760000047,-5.95047716299996],[22.592235240000036,-5.847251881999966],[22.672716480000076,-5.826850986999943],[22.68401142700003,-5.808712767999964],[22.672792481000045,-5.791665983999962],[22.62666132000004,-5.749718157999951],[22.56640740000006,-5.818533644999945],[22.506748920000064,-5.825839788999929],[22.492240200000026,-5.820931325999936],[22.482036360000052,-5.777831737999975],[22.47003612000003,-5.791135378999968],[22.44469672200006,-5.789674988999934],[22.431823200000053,-5.771354981999934],[22.40199252000008,-5.806752711999934],[22.26191976000007,-5.83641443199997],[22.246510690000036,-5.853948576999926]]]},"properties":{"shapeName":"Kananga","shapeISO":"","shapeID":"63176286B7058717383424","shapeGroup":"COD","shapeType":"ADM2"}},
{"type":"Feature","geometry":{"type":"Polygon","coordinates":[[[24.643974169000046,-6.980242016999966],[24.553781541000035,-7.012880245999952],[24.524130144000026,-6.987624886999981],[24.50463038600003,-7.044248662999962],[24.483041547000028,-7.054114761999926],[24.397425662000046,-7.046315155999935],[24.345140307000065,-7.058724981999944],[24.266468443000065,-7.017326902999969],[24.225517378000063,-7.01707199699996],[24.22805932400007,-6.974107988999947],[24.201160284000025,-6.925837249999972],[24.177475368000046,-6.90629000399997],[24.147112294000067,-6.903051134999941],[24.15745332000006,-6.932240913999976],[24.12179316000004,-6.946689997999954],[24.152374440000074,-6.98462492799996],[24.130512386000078,-7.003449091999926],[24.147531351000055,-7.017018001999929],[24.141077125000038,-7.050556834999952],[24.126583209000046,-7.04824903399998],[24.11326440000005,-7.072033920999957],[24.09713019700007,-7.061321903999954],[24.066528480000045,-7.06796],[24.01448222700003,-7.163484874999938],[23.961073382000052,-7.210298775999945],[23.985664154000062,-7.262235827999973],[23.961694330000057,-7.326527873999964],[23.969738160000077,-7.34582895099993],[24.010000181000066,-7.369752027999937],[23.978691360000028,-7.384882977999951],[23.96384820000003,-7.471858857999962],[23.927274372000056,-7.529514826999957],[23.934395179000035,-7.553173834999939],[23.921495333000053,-7.566020827999978],[23.936439240000027,-7.595198014999937],[23.919784200000038,-7.71778895999995],[23.959799280000027,-7.800245876999952],[23.95494,-7.833299970999974],[23.824147320000066,-7.886665975999961],[23.811842520000027,-7.957556948999979],[23.801090400000078,-7.866419958999927],[23.755989240000076,-7.824128874999928],[23.716560240000035,-7.88032001299996],[23.71768738000003,-7.907865870999956],[23.688383256000066,-7.967504881999957],[23.691078360000063,-7.999999955999954],[23.667755400000033,-8.049105940999937],[23.69278725500004,-8.089870836999978],[23.70079836000008,-8.13597894399993],[23.684425200000078,-8.192279908999978],[23.70134340000004,-8.27601001599993],[23.670110160000036,-8.429038030999948],[23.64009120000003,-8.481729006999956],[23.651128440000036,-8.534734868999976],[23.688177480000036,-8.568819000999952],[23.678146450000042,-8.601006731999973],[23.69279628000004,-8.629661983999938],[23.696059680000076,-8.704568337999945],[23.729001480000022,-8.781284256999982],[23.748411600000054,-8.767001946999926],[23.858065800000077,-8.786859965999952],[23.89866156000005,-8.77968728899998],[23.911197480000055,-8.790466998999932],[23.935350220000032,-8.770144926999933],[23.97303216000006,-8.778470011999957],[24.008150880000073,-8.768309913999929],[24.099969938000072,-8.67793089199995],[24.08209596000006,-8.63300900799993],[24.03721692000005,-8.608749978999981],[24.05567412000005,-8.53893796999995],[24.070811040000024,-8.547772972999951],[24.147802080000076,-8.463507067999956],[24.180424920000064,-8.460372075999942],[24.202478880000058,-8.419557967999935],[24.251524920000065,-8.49089596899995],[24.276948840000045,-8.489130037999928],[24.31971216000005,-8.526324960999943],[24.34339908000004,-8.51075695999998],[24.346117080000056,-8.465734057999953],[24.38029584000003,-8.399623044999942],[24.375620880000042,-8.353271019999966],[24.411570840000024,-8.207949978999977],[24.466349880000053,-8.128633063999928],[24.45454188000008,-8.084866985999952],[24.48835488000003,-8.043559965999975],[24.489430920000075,-7.975265977999925],[24.516708120000033,-7.926554022999937],[24.509922207000045,-7.909033111999975],[24.56795088000007,-7.835500078999928],[24.605485920000035,-7.831604915999947],[24.646686120000027,-7.742999014999953],[24.644607120000046,-7.72095802399997],[24.66647892000003,-7.70718600999993],[24.666000095000072,-7.640371996999932],[24.639285977000043,-7.607533986999954],[24.643190160000074,-7.570107008999969],[24.620170316000042,-7.571021992999931],[24.585864840000056,-7.542081924999934],[24.60841884000007,-7.516597051999952],[24.588389880000022,-7.495466925999949],[24.602195852000023,-7.473192985999958],[24.596204040000032,-7.433920933999957],[24.612765840000066,-7.372603010999967],[24.590894040000023,-7.335620017999929],[24.600548701000037,-7.26487594699995],[24.58190502000008,-7.250860945999932],[24.58374426100005,-7.23386202699993],[24.560962115000052,-7.230181960999971],[24.551065364000067,-7.213180961999967],[24.58165770100004,-7.142433955999934],[24.593393160000062,-7.143354950999935],[24.612020280000024,-7.095113947999948],[24.60948336000007,-7.05996192799995],[24.652950480000072,-7.004597911999952],[24.643974169000046,-6.980242016999966]]]},"properties":{"shapeName":"Kaniama","shapeISO":"","shapeID":"63176286B16885288794784","shapeGroup":"COD","shapeType":"ADM2"}},
{"type":"Feature","geometry":{"type":"Polygon","coordinates":[[[29.79852546400008,-7.052114339999946],[29.786053726000034,-7.028785229999926],[29.754476347000036,-7.044161367999948],[29.76933629000007,-7.063513358999955],[29.79852546400008,-7.052114339999946]]]},"properties":{"shapeName":"Kaoze","shapeISO":"","shapeID":"63176286B47747519497786","shapeGroup":"COD","shapeType":"ADM2"}},
{"type":"Feature","geometry":{"type":"Polygon","coordinates":[[[23.688383256000066,-7.967504881999957],[23.625578880000035,-7.966846674999942],[23.583614760000046,-7.936504495999941],[23.497434360000057,-7.979630917999941],[23.442347880000057,-7.943962772999953],[23.389906320000023,-7.955130923999945],[23.309536680000065,-7.944043624999949],[23.267809440000065,-7.975575975999959],[23.228231400000027,-7.950715923999951],[23.209797240000057,-7.957336888999976],[23.180756400000064,-7.923726208999938],[23.170541400000047,-7.874860978999948],[23.188785453000037,-7.841841013999954],[23.176185480000072,-7.799807907999934],[23.184984231000044,-7.768832781999947],[23.150661480000053,-7.776572012999964],[23.10337620000007,-7.826523007999981],[23.083963200000028,-7.874910961999944],[22.984252560000073,-7.864847233999967],[22.940858880000064,-7.888303235999956],[22.81719348000007,-7.822594550999952],[22.76641980000005,-7.817686248999962],[22.66108992000005,-7.89598998799994],[22.67705988000006,-7.855400045999943],[22.64652,-7.82342009499996],[22.65167986800003,-7.775449952999963],[22.604339880000055,-7.73308992799997],[22.607999368000037,-7.742968700999938],[22.55384052000005,-7.765322925999953],[22.496587920000024,-7.84488113599997],[22.446910080000066,-7.830356626999958],[22.421320920000028,-7.804463785999928],[22.29113736000005,-7.87118825899995],[22.165096320000032,-7.881365898999945],[22.042504800000074,-7.72170215899996],[22.023705240000027,-7.674981915999979],[22.002409440000065,-7.672058970999956],[21.97001448000003,-7.70334928699998],[21.940935480000064,-7.684015663999958],[21.839379480000048,-7.663816889999964],[21.829349880000052,-7.637219954999978],[21.76804008000005,-7.777419967999947],[21.77066988000007,-7.893629997999938],[21.74474988000003,-7.932939958999953],[21.75940116000004,-7.994119939999962],[21.823303320000036,-8.068630885999937],[21.854295360000037,-8.142929010999978],[21.89002316400007,-8.18153216899998],[21.87915049700007,-8.197571901999936],[21.89839596400003,-8.294025963999957],[21.934606320000057,-8.319859982999958],[21.920461200000034,-8.35127498299994],[21.923839692000058,-8.39699438699995],[21.94494444000003,-8.426193858999966],[21.957710400000053,-8.503008987999976],[21.922596360000057,-8.595604944999934],[21.93600852000003,-8.609186867999938],[21.913255440000057,-8.636688987999946],[21.917328480000037,-8.668163940999932],[21.959682840000028,-8.662805738999964],[22.02550776000004,-8.683690833999947],[22.04877132000007,-8.668504559999974],[22.088600280000037,-8.78238683199993],[22.147585200000037,-8.800289546999977],[22.21049232000007,-8.877573122999934],[22.271365080000066,-8.903663994999931],[22.274383680000028,-8.858863342999939],[22.299905160000037,-8.84209795199996],[22.353102,-8.952095486999951],[22.38876,-8.951735372999963],[22.488966360000063,-9.034542185999953],[22.56550272000004,-9.033381116999976],[22.583471389000067,-8.995136054999932],[22.648282920000042,-8.966523588999962],[22.680897120000054,-8.981845891999967],[22.71464928000006,-8.971247921999975],[22.81099248000004,-8.97536949099998],[22.820965200000046,-8.999044408999964],[22.848315480000053,-9.009803696999938],[22.953351600000076,-9.020996384999933],[22.980494880000037,-9.007880962999934],[23.016182400000048,-9.041807855999934],[23.027969123000048,-9.040644874999941],[23.02489152000004,-8.989645897999935],[23.097380400000077,-9.017025732999969],[23.11704504000005,-9.012336177999941],[23.135880600000064,-8.984190788999967],[23.155971840000063,-8.996068287999947],[23.26504932000006,-9.001815110999928],[23.269362840000042,-9.080036578999966],[23.24468844000006,-9.168163874999948],[23.29996932000006,-9.256481196999971],[23.320692360000066,-9.341049827999939],[23.415809400000057,-9.308589668999957],[23.42906712000007,-9.265912070999946],[23.424743160000048,-9.160247892999962],[23.404945320000024,-9.11021186399995],[23.454267465000044,-9.057922984999948],[23.50978236000003,-9.039753066999936],[23.535751680000033,-9.100747966999961],[23.574567960000024,-9.071753285999932],[23.600300400000037,-9.10546553499995],[23.702109480000047,-9.111191369999972],[23.654231640000035,-8.986021982999944],[23.654313,-8.890733184999931],[23.729001480000022,-8.781284256999982],[23.696059680000076,-8.704568337999945],[23.69279628000004,-8.629661983999938],[23.678146450000042,-8.601006731999973],[23.688177480000036,-8.568819000999952],[23.651128440000036,-8.534734868999976],[23.64009120000003,-8.481729006999956],[23.670110160000036,-8.429038030999948],[23.70134340000004,-8.27601001599993],[23.684425200000078,-8.192279908999978],[23.70079836000008,-8.13597894399993],[23.69278725500004,-8.089870836999978],[23.667755400000033,-8.049105940999937],[23.691078360000063,-7.999999955999954],[23.688383256000066,-7.967504881999957]]]},"properties":{"shapeName":"Kapanga","shapeISO":"","shapeID":"63176286B41140464701712","shapeGroup":"COD","shapeType":"ADM2"}},
{"type":"Feature","geometry":{"type":"Polygon","coordinates":[[[23.46506146400003,-10.344760095999959],[23.441270367000072,-10.348507781999956],[23.439107540000066,-10.371795951999957],[23.46452075800005,-10.375275642999952],[23.474523833000035,-10.359482884999977],[23.46506146400003,-10.344760095999959]]]},"properties":{"shapeName":"Kasaji","shapeISO":"","shapeID":"63176286B96753486418064","shapeGroup":"COD","shapeType":"ADM2"}},
{"type":"Feature","geometry":{"type":"Polygon","coordinates":[[[15.833171625000034,-5.024929089999944],[15.754350240000065,-5.018192919999933],[15.743621880000035,-4.96963453099994],[15.616251,-4.878104026999949],[15.624510840000028,-4.818521740999927],[15.68375892000006,-4.807190688999981],[15.709694040000045,-4.77612692699995],[15.720184800000027,-4.710590501999945],[15.750998280000033,-4.647492812999928],[15.732621,-4.618955476999929],[15.67832868000005,-4.594527852999931],[15.667444750000072,-4.568850635999979],[15.647165309000059,-4.604216761999965],[15.550567400000034,-4.604296899999952],[15.524927500000047,-4.587741899999969],[15.509343,-4.603952199999981],[15.476713400000051,-4.607880699999953],[15.438432700000021,-4.546220099999971],[15.422326300000066,-4.544459299999971],[15.402900045000024,-4.560195980999936],[15.407709761000035,-4.588289276999944],[15.389823721000027,-4.624997067999971],[15.33430450000003,-4.646823],[15.314352700000029,-4.624632599999927],[15.245575200000076,-4.615596],[15.206789900000047,-4.566521899999941],[15.174752200000057,-4.559068],[15.172296600000038,-4.472773299999972],[15.131112251000047,-4.444595283999945],[15.104794320000053,-4.494968003999929],[14.913061560000074,-4.68109261799998],[14.872779360000038,-4.768223951999971],[14.934431160000031,-4.802753865999932],[14.96000342800005,-4.846196525999972],[14.98182732400005,-4.854191920999938],[14.979338280000036,-4.868462892999958],[15.013189440000076,-4.91463595099998],[15.048078843000042,-4.917780010999934],[15.064875537000034,-4.934767891999968],[15.124528440000063,-4.928419022999947],[15.188868360000072,-4.958176972999979],[15.24371436000007,-4.956431918999954],[15.262825320000047,-4.978011978999973],[15.318731160000027,-4.961381942999935],[15.347798280000063,-4.996891945999948],[15.363481534000073,-4.945313982999949],[15.456278160000068,-4.896057973999973],[15.527631240000062,-4.89056695499994],[15.54433344000006,-4.875103903999957],[15.549883200000068,-4.888202923999927],[15.527777400000048,-4.935125147999941],[15.563718720000054,-4.96501817199993],[15.53349564000007,-5.004360042999963],[15.533124840000028,-5.046038745999965],[15.606634320000069,-5.050475],[15.606574136000063,-5.102930767999965],[15.587143200000071,-5.12737397099994],[15.60592728000006,-5.152704944999925],[15.632010360000038,-5.159717092999927],[15.699285360000033,-5.163621970999941],[15.723975240000073,-5.133638958999938],[15.74087940000004,-5.042018963999965],[15.803609400000028,-5.04844080099997],[15.833171625000034,-5.024929089999944]]]},"properties":{"shapeName":"Kasangulu","shapeISO":"","shapeID":"63176286B98008703469616","shapeGroup":"COD","shapeType":"ADM2"}},
{"type":"Feature","geometry":{"type":"Polygon","coordinates":[[[27.541030680000063,-11.227409835999936],[27.579108960000042,-11.25546412899996],[27.699716520000038,-11.271458997999957],[27.725307480000026,-11.30619199399996],[27.83046132000004,-11.258261983999944],[27.87115317300004,-11.26532788299994],[27.895870440000067,-11.28994092399995],[27.923301407000054,-11.262051920999966],[27.991613160000043,-11.298484990999953],[28.009041179000064,-11.295622026999979],[28.021695582000063,-11.223153649999972],[28.12166676000004,-11.250476979999974],[28.126149120000036,-11.31212556099996],[28.165604760000065,-11.371813678999956],[28.242554897000048,-11.275008198999956],[28.29061955800006,-11.26092528199996],[28.313597988000026,-11.194464118999974],[28.36433132600007,-11.144622417999926],[28.399720030000026,-11.084192456999972],[28.396150270000078,-11.067329817999962],[28.350180996000063,-11.033770775999926],[28.416354368000043,-11.01332326499994],[28.448491940000054,-11.02416089899998],[28.476859714000057,-10.978713881999965],[28.486575750000043,-10.986562842999945],[28.501391543000068,-10.960949810999978],[28.523561576000077,-10.963705274999938],[28.540666501000032,-10.947243239999978],[28.55753126600007,-10.834169218999932],[28.620018538000068,-10.741443466999954],[28.661214494000035,-10.73065139199997],[28.667739074000053,-10.69453918399995],[28.696778979000044,-10.662589189999949],[28.665868853000063,-10.619119127999966],[28.671228830000075,-10.560619279999969],[28.63407922500005,-10.518399178999971],[28.64300893500007,-10.449729241999933],[28.621649167000044,-10.375759150999954],[28.636024921000057,-10.31323809199995],[28.577149440000028,-10.230619385999944],[28.621759230000066,-10.157049277999931],[28.68730350000004,-9.90107464199997],[28.682838779000065,-9.827393720999964],[28.69703850800005,-9.806159266999941],[28.66474452500006,-9.689205993999963],[28.658029089000024,-9.591013672999964],[28.57870446000004,-9.414314226999977],[28.57473,-9.43315991999998],[28.540029960000027,-9.432879929999956],[28.553659916000072,-9.438189896999972],[28.544519880000053,-9.449079924999978],[28.52443008000006,-9.43643996399993],[28.515619800000024,-9.44470997999997],[28.533449880000035,-9.406789924999941],[28.51959996000005,-9.382379939999964],[28.504099800000063,-9.388429919999965],[28.499249880000036,-9.364279949999968],[28.497619805000056,-9.456839939999952],[28.477940045000025,-9.46446991099998],[28.52559,-9.458299979999936],[28.53528012000004,-9.50363982999994],[28.568760120000036,-9.496799906999968],[28.563909840000065,-9.518659984999942],[28.54854,-9.50582000999998],[28.528250049000064,-9.51368998099997],[28.557860042000073,-9.519989899999928],[28.546599960000037,-9.585799958999928],[28.523829960000057,-9.590759982999941],[28.531339917000025,-9.571869912999944],[28.50760980000007,-9.556489985999974],[28.51293996000004,-9.544199857999956],[28.539029880000044,-9.547719848999975],[28.53829980000006,-9.52888994999995],[28.437095830000032,-9.525035567999964],[28.410986403000038,-9.631064647999949],[28.37247664100005,-9.625366825999947],[28.284017624000057,-9.667858696999929],[28.264319727000043,-9.661536596999952],[28.268306030000076,-9.636045353999975],[28.122139479000055,-9.635532466999962],[28.149727813000027,-9.693314508999947],[28.090158274000032,-9.692651633999958],[28.07251846500003,-9.772993639999981],[28.000801035000052,-9.697820909999962],[27.960802760000036,-9.701652072999934],[27.923842844000035,-9.735903138999959],[27.849770154000055,-9.632431191999956],[27.79232425400005,-9.691639517999931],[27.780617059000065,-9.753910011999949],[27.758917755000027,-9.75812031299995],[27.806763743000033,-9.82249866899997],[27.80784086500006,-9.89033838499995],[27.729459641000062,-10.097913826999957],[27.64403274500006,-10.103959042999975],[27.59781623500004,-10.149551716999952],[27.56150924700006,-10.131813861999944],[27.527566656000033,-10.10199182599996],[27.554005768000025,-10.07341140699998],[27.567017244000056,-10.010089530999949],[27.556247847000066,-9.993289130999926],[27.511615778000078,-9.991211201999931],[27.47912689700007,-9.973255059999929],[27.448126432000038,-9.987034179999966],[27.307815867000045,-9.996484883999926],[27.22870408600005,-10.063600333999943],[27.048358791000055,-10.098173907999978],[26.98216857700004,-10.225792049999939],[27.10559779500005,-10.320805925999935],[27.187976578000075,-10.429631091999966],[27.109319837000044,-10.517202983999937],[27.101946679000037,-10.546778966999966],[27.07313255200006,-10.56338200099998],[27.142337136000037,-10.577571255999942],[27.166123867000067,-10.603448162999939],[27.19649490100005,-10.607910924999942],[27.32046904400005,-10.553968471999951],[27.33054411200004,-10.58768564899998],[27.304837890000044,-10.605030891999945],[27.319326249000028,-10.62272902999996],[27.386488134000047,-10.633789968999963],[27.365850003000048,-10.69071860799994],[27.283983232000026,-10.704505926999957],[27.288986400000056,-10.738693978999947],[27.33188436000006,-10.771101029999954],[27.29743542400007,-10.838146567999956],[27.307716494000033,-10.921932023999943],[27.33294096000003,-10.972955853999963],[27.412703280000073,-11.008348263999949],[27.541030680000063,-11.227409835999936]]]},"properties":{"shapeName":"Kasenga","shapeISO":"","shapeID":"63176286B77262619841164","shapeGroup":"COD","shapeType":"ADM2"}},
{"type":"Feature","geometry":{"type":"Polygon","coordinates":[[[27.141203289000032,-3.82036242199996],[27.09657754500006,-3.753429320999942],[27.08796737700004,-3.714302916999941],[26.991508466000028,-3.705265330999964],[26.948565,-3.727747788999977],[26.871429240000055,-3.727460931999929],[26.837236800000028,-3.717475735999926],[26.731514520000076,-3.632259545999943],[26.633879640000032,-3.61083352199995],[26.59824180000004,-3.640580156999931],[26.565752520000046,-3.75257520599996],[26.49421368000003,-3.864284178999981],[26.504388360000064,-3.910832552999977],[26.47534752000007,-3.907631951999974],[26.452099800000042,-3.933706594999933],[26.38190952000008,-3.93259145199994],[26.356179240000074,-3.88518694499993],[26.37105156000007,-3.866543777999937],[26.33549148000003,-3.829883073999952],[26.325918,-3.797007171999951],[26.234373719000075,-3.784195004999958],[26.181562067000073,-3.807872857999939],[26.164753492000045,-3.799773334999941],[26.15894928000006,-3.623828955999954],[26.137897200000054,-3.636979963999977],[26.087777035000045,-3.633965099999955],[26.082371901000045,-3.645394280999938],[26.057928240000024,-3.631589899999938],[26.018078760000037,-3.38590783099994],[25.970976360000066,-3.380169240999976],[25.942317840000044,-3.400890865999941],[25.87987059200003,-3.35308284499996],[25.89274320100003,-3.464490974999933],[25.938544084000057,-3.545692482999925],[26.003097898000078,-3.607997807999936],[26.04633184100004,-3.721994068999948],[25.976242340000056,-4.04309705299994],[26.002580468000076,-4.093821842999944],[26.07404985100004,-4.163880010999947],[26.086403165000036,-4.241993850999961],[26.11211183900008,-4.257367930999976],[26.107516067000063,-4.273729012999979],[26.064900093000062,-4.293580882999947],[26.070342958000026,-4.310187334999966],[26.045101371000044,-4.328988448999951],[26.055640367000024,-4.339131929999951],[26.006036608000045,-4.368859222999959],[26.018182042000035,-4.38097883699993],[25.985619920000033,-4.395603222999966],[25.99674333100006,-4.408724365999944],[26.007438919000037,-4.401972970999964],[26.021176807000074,-4.426187050999943],[26.004634298000042,-4.443697028999964],[26.012905552000063,-4.461635969999975],[26.040619009000068,-4.453406057999928],[26.049959822000062,-4.474135713999942],[25.995183870000062,-4.505363928999941],[25.93159816600007,-4.602782934999937],[25.88760218500005,-4.627464062999934],[25.863603182000077,-4.677654938999979],[25.735145147000026,-4.827827954999975],[25.826896152000074,-4.896207900999968],[25.72179813300005,-4.951159909999944],[25.703903256000046,-4.953479902999959],[25.671053623000034,-4.918773585999929],[25.65714466600008,-4.950765970999953],[25.670886867000036,-4.972843799999964],[25.658533182000042,-4.998853944999951],[26.27047707400004,-4.999999961999947],[26.968362159000037,-4.99952056799998],[26.92657179200006,-4.932361410999931],[26.913760855000078,-4.874097857999971],[26.932048775000055,-4.830571291999945],[26.972366760000057,-4.824882015999947],[26.936774280000066,-4.71590876199997],[26.90979624000005,-4.700957750999976],[26.909359920000043,-4.650350594999964],[26.959392360000038,-4.586851851999938],[26.929701214000033,-4.552417989999981],[26.92865907600003,-4.527463922999971],[26.94722186300004,-4.520952161999958],[26.956990500000074,-4.496192616999963],[26.977169509000078,-4.49492837799994],[26.992095796000058,-4.459815053999932],[27.044990280000036,-4.454085847999977],[27.057215880000058,-4.436612245999925],[27.06259392000004,-4.419919341999957],[27.039667320000035,-4.365054995999969],[27.058319280000035,-4.317373991999943],[27.048193354000034,-4.305896636999933],[27.061648560000037,-4.224331954999968],[27.02218608000004,-4.192895171999965],[27.00814248000006,-4.149593896999932],[27.021923280000067,-4.116830852999954],[27.008585280000034,-4.029660014999934],[26.899645321000037,-4.009244920999947],[26.94119237900003,-3.952989957999932],[27.018386640000074,-3.921647972999949],[27.024708600000054,-3.878716305999944],[27.061047,-3.831468958999949],[27.141203289000032,-3.82036242199996]]]},"properties":{"shapeName":"Kasongo","shapeISO":"","shapeID":"63176286B88012685356826","shapeGroup":"COD","shapeType":"ADM2"}},
{"type":"Feature","geometry":{"type":"Polygon","coordinates":[[[17.35061040000005,-5.950297016999968],[17.28882720000007,-5.973807473999955],[17.235310320000053,-5.925497751999956],[17.184584520000044,-5.929071251999972],[17.140181621000067,-5.893230414999948],[17.11105973900004,-5.926861358999929],[17.12537407700006,-5.940362774999926],[17.120884449000073,-5.961081744999944],[17.15792616400006,-5.970333037999978],[17.15453928000005,-6.012797875999979],[17.179752240000028,-6.013691871999981],[17.17340832000002,-6.031199026999957],[17.190237240000044,-6.041696019999961],[17.12372724000005,-6.100617463999981],[17.08111512000005,-6.10508740399996],[16.998891120000053,-6.072583795999947],[16.938030600000047,-6.100807953999947],[16.919230680000055,-6.126269100999934],[16.812920520000034,-6.088093048999951],[16.76467764000006,-6.083978689999981],[16.688556360000064,-6.139402024999981],[16.72154424000007,-6.165936010999928],[16.730869297000027,-6.193947054999967],[16.710375240000076,-6.235652883999933],[16.72489728000005,-6.344111887999929],[16.715780280000047,-6.361393919999955],[16.690006435000043,-6.355525909999926],[16.703207280000072,-6.376851012999964],[16.690695480000045,-6.405641881999941],[16.73239932000007,-6.425465027999962],[16.71111324000003,-6.446246899999949],[16.735870422000062,-6.47993403299995],[16.72513740000005,-6.495842964999952],[16.76067948000002,-6.524194935999958],[16.749408240000037,-6.572975938999946],[16.77274340200006,-6.596322919999977],[16.800153575000024,-6.703313928999933],[16.82875044000002,-6.719737882999937],[16.83265320000004,-6.766376930999968],[16.871711400000038,-6.805274870999938],[16.879518360000077,-6.850513986999943],[16.915416480000033,-6.852880869999979],[16.940366280000035,-6.874828894999951],[16.93874124000007,-6.966066962999946],[16.97289120000005,-6.986132872999974],[16.982738280000035,-7.023311903999968],[16.968034440000054,-7.074388939999949],[16.95263544000005,-7.077904992999947],[16.938974160000043,-7.060734913999966],[16.92804528000005,-7.084219871999949],[16.96893336000005,-7.163528933999942],[16.953710400000034,-7.203342990999943],[16.988596200000075,-7.230751951999935],[17.005510440000023,-7.30005],[17.030830320000064,-7.300622011999963],[17.075933280000072,-7.344514888999981],[17.111658240000054,-7.353764896999962],[17.113634280000042,-7.425418887999967],[17.132969160000073,-7.424867946999939],[17.145069480000075,-7.405515974999958],[17.185260240000048,-7.432195948999947],[17.188087320000022,-7.444585023999934],[17.159820480000064,-7.454137931999981],[17.156246400000043,-7.475054954999962],[17.19988236000006,-7.499419880999938],[17.197984440000027,-7.532958855999937],[17.220554280000044,-7.578090995999958],[17.30628648000004,-7.636914880999939],[17.290909440000064,-7.689574013999959],[17.331123240000068,-7.716926953999973],[17.321443200000033,-7.758532973999934],[17.384939280000026,-7.788978864999933],[17.386724325000046,-7.820881945999929],[17.40767616000005,-7.819628009999974],[17.402960160000077,-7.841690882999956],[17.42758205900003,-7.837662935999958],[17.42476259600005,-7.869587054999954],[17.45314632000003,-7.879312861999949],[17.442356388000064,-7.927345910999975],[17.471703943000023,-7.944870030999937],[17.46833040000007,-7.959578001999944],[17.487863280000056,-7.95098399799997],[17.483764320000034,-7.999999955999954],[17.532592200000067,-8.043938967999964],[17.517198240000027,-8.046540930999981],[17.50547628000004,-8.082833003999951],[17.560333440000022,-8.127450987999964],[17.58296628000005,-8.129064968999955],[17.721124200000077,-8.096854952999934],[17.796823200000063,-8.11090691399994],[17.88500016000006,-8.078999991999979],[17.891151840000077,-7.987331643999937],[17.923487400000056,-7.95051727699996],[17.91174096000003,-7.884833064999953],[17.937196200000074,-7.84243872899998],[18.037195560000043,-7.789562184999966],[18.09674640000003,-7.815428824999969],[18.17868240000007,-7.810291905999975],[18.216469440000026,-7.741415998999969],[18.241562118000047,-7.740113860999941],[18.272403360000055,-7.702498859999935],[18.30437820000003,-7.697250889999964],[18.322189200000025,-7.569466932999944],[18.344192400000054,-7.554401912999936],[18.358429320000027,-7.514123967999979],[18.424962360000052,-7.534872099999973],[18.484457400000053,-7.512404484999934],[18.510526440000035,-7.47448996299994],[18.57229164000006,-7.508550631999981],[18.63370548000006,-7.421861977999981],[18.646623360000035,-7.375842911999939],[18.631284480000033,-7.354811907999931],[18.599981400000047,-7.354786884999953],[18.576030240000023,-7.286260901999981],[18.52204320000004,-7.233314957999937],[18.509767208000028,-7.18790600799997],[18.498472200000037,-7.18499187599997],[18.480972252000072,-7.115719945999956],[18.497343219000072,-7.086664910999957],[18.471580377000066,-7.053743117999943],[18.47766744000006,-7.035322978999943],[18.466518244000042,-7.019769047999944],[18.448345440000026,-7.020344008999928],[18.444721320000042,-6.994632009999975],[18.423242280000068,-6.98235995999994],[18.408598074000054,-6.891222978999963],[18.36897454600006,-6.84803815999993],[18.349624556000038,-6.878724710999961],[18.333305280000047,-6.880664901999978],[18.288541080000073,-6.858185376999927],[18.268645320000076,-6.859267706999958],[18.26093196000005,-6.884277255999962],[18.240548760000024,-6.864976868999975],[18.196737480000024,-6.863223941999934],[18.228358080000078,-6.982906257999957],[18.190274040000077,-6.899544914999979],[18.108559080000077,-6.832538497999963],[18.104242680000027,-6.798887302999958],[18.06780924000003,-6.767025846999957],[18.04688820000007,-6.722234102999948],[18.04146048000007,-6.672135953999941],[18.07285120100005,-6.616785925999977],[18.051765120000027,-6.612258620999967],[18.018429840000067,-6.634464368999943],[18.001356840000028,-6.576298074999954],[17.970262200000036,-6.575550970999927],[17.97147756000004,-6.545761906999928],[17.925512040000058,-6.527597613999944],[17.915603400000066,-6.549429956999973],[17.882930368000075,-6.545939037999972],[17.847873,-6.584328324999944],[17.780841360000068,-6.621096179999938],[17.68788180000007,-6.538597251999931],[17.65294128000005,-6.542406799999981],[17.658757440000045,-6.526753212999949],[17.69586264000003,-6.511866384999962],[17.684187120000047,-6.481680071999961],[17.616465720000065,-6.506278023999926],[17.583690240000067,-6.492184007999981],[17.563406400000076,-6.442405991999976],[17.563785375000066,-6.387228820999951],[17.520971400000064,-6.295719901999973],[17.504623440000046,-6.291206994999925],[17.463592463000055,-6.228880937999975],[17.435241360000077,-6.088993906999974],[17.420047517000057,-6.084241899999938],[17.391073320000032,-5.996315881999976],[17.35061040000005,-5.950297016999968]]]},"properties":{"shapeName":"Kasongo-Lunda","shapeISO":"","shapeID":"63176286B94968684087840","shapeGroup":"COD","shapeType":"ADM2"}},
{"type":"Feature","geometry":{"type":"Polygon","coordinates":[[[24.69430830700003,-2.362520264999944],[24.470613720000074,-2.439783158999944],[24.36403178000006,-2.458273013999928],[24.274103400000058,-2.544257008999978],[24.095590161000075,-2.645348888999933],[24.018232284000078,-2.671277876999966],[23.943594206000057,-2.729869],[23.826466410000023,-2.72183113799997],[23.71273232300007,-2.666804884999976],[23.555759377000072,-2.667067920999955],[23.598930146000043,-2.734515047999935],[23.554032456000073,-2.793601402999968],[23.525828257000057,-2.918492640999943],[23.525104680000027,-2.955740421999963],[23.544499320000057,-2.984050115999935],[23.92000272000007,-3.355175492999933],[23.98047192000007,-3.505912237999951],[23.972766120000074,-3.521326345999967],[23.92137720000005,-3.532958982999958],[23.943969546000062,-3.608072181999944],[23.970172680000076,-3.640569545999938],[23.971072680000077,-3.67621509099996],[23.969725200000028,-3.696826951999981],[23.94103644000006,-3.719687883999939],[23.95791576000005,-3.771653031999961],[23.928337080000063,-3.833242397999925],[23.930320320000078,-3.911763780999934],[23.73358716000007,-4.212765021999928],[23.994449280000026,-4.294961851999972],[24.122437560000037,-4.122072175999961],[24.152056920000064,-4.136055877999979],[24.20108460000006,-4.055616402999931],[24.209363160000066,-4.01359305699998],[24.250404240000023,-4.024335919999942],[24.288007320000077,-3.971435010999926],[24.315283175000047,-3.967078112999957],[24.424610390000055,-3.995431978999932],[24.400707840000052,-4.119348604999971],[24.401824560000023,-4.188205427999947],[24.520234320000043,-4.192164328999979],[24.548216400000058,-4.215274194999949],[24.567341400000032,-4.380720363999956],[24.66937512000004,-4.352673453999955],[24.70390524000004,-4.384357849999958],[24.74700948000003,-4.36227101399993],[24.833189520000076,-4.273911009999949],[25.007881128000065,-4.241200872999968],[25.002111162000062,-4.182988991999935],[25.01585920100007,-4.172399997999946],[24.986276203000045,-4.15722302599994],[25.00161328100006,-4.125234889999945],[24.972944323000036,-4.10154296199994],[24.98001544300007,-4.047927856999934],[24.949289417000045,-4.029987941999934],[24.93967022000004,-4.044486895999967],[24.920873207000056,-4.044030971999973],[24.89564119000005,-4.009060936999958],[24.906163626000023,-3.97687788199994],[24.853889090000052,-3.939576980999959],[24.854332250000027,-3.906672845999935],[24.830272516000036,-3.91656992299994],[24.802982213000064,-3.876303892999942],[24.802976453000042,-3.860426875999963],[24.819702412000026,-3.854213907999963],[24.76698722200007,-3.838109776999943],[24.781421453000064,-3.830515878999961],[24.743145166000033,-3.81072787599993],[24.73053041600008,-3.780814847999977],[24.742675354000028,-3.782194894999975],[24.76214417400007,-3.755043894999972],[24.75159839500003,-3.741008158999932],[24.766262185000073,-3.737326916999962],[24.77816417400004,-3.708103896999944],[24.797184326000036,-3.710863869999969],[24.79510937200007,-3.678880940999932],[24.807476098000052,-3.666454792999957],[24.785705480000047,-3.656101809999939],[24.797841998000024,-3.644365456999935],[24.778818276000038,-3.624347883999974],[24.78384808000004,-3.594205887999976],[24.766893350000032,-3.591214980999951],[24.77719937300003,-3.584541874999957],[24.773977373000037,-3.545655846999978],[24.791160183000045,-3.552327828999978],[24.80764637200008,-3.532769020999979],[24.77440829300008,-3.475707851999971],[24.798221350000063,-3.454998819999958],[24.830747210000027,-3.454075945999932],[24.867588141000056,-3.37768121199997],[24.90308409200003,-3.371233048999954],[24.917930280000064,-3.300363922999964],[24.898226400000055,-3.281960943999934],[24.912185400000055,-3.265161944999932],[24.960279240000034,-3.267911925999954],[24.95865438800007,-3.233859864999943],[24.96618978500004,-3.195431913999926],[24.99481,-3.189209970999968],[24.999999760000037,-3.152920027999926],[25.023170078000078,-3.138589912999976],[25.007579919000023,-3.120650084999966],[25.020849879000025,-3.092570059999957],[25.00114995900003,-3.074159895999969],[25.013729779000073,-3.063359958999968],[25.034346717000062,-3.078069523999943],[25.036850078000043,-3.065879931999973],[25.03133991800007,-3.040110069999969],[25.00737975900006,-3.02428998299996],[25.112398662000032,-2.77435412899996],[25.086710122000056,-2.702368834999959],[25.074278009000068,-2.600691864999931],[25.046967875000064,-2.595038572999954],[25.00169247900004,-2.545303480999962],[25.046715515000074,-2.496327919999942],[25.00268139800005,-2.486170479999942],[24.999453638000034,-2.472284741999943],[25.04926863600008,-2.424687578999965],[25.04832395300008,-2.411946279999938],[24.98906117000007,-2.42084359699993],[24.96073057600006,-2.398910608999927],[24.931541109000023,-2.397901655999931],[24.926003539000078,-2.372406174999981],[24.69430830700003,-2.362520264999944]]]},"properties":{"shapeName":"Katako-Kombe","shapeISO":"","shapeID":"63176286B65571818133367","shapeGroup":"COD","shapeType":"ADM2"}},
{"type":"Feature","geometry":{"type":"Polygon","coordinates":[[[23.957540162000043,-5.815996093999956],[23.899629377000053,-5.848822974999962],[23.899646112000028,-5.823066154999935],[23.88059418100005,-5.804418976999955],[23.82743120500004,-5.799645853999948],[23.84824564300004,-5.748353924999947],[23.832861406000063,-5.74204287699996],[23.796791161000044,-5.751890971999956],[23.765527374000044,-5.779680908999978],[23.718700454000043,-5.766576844999975],[23.722110405000024,-5.780089087999954],[23.69452020600005,-5.808104945999958],[23.69240995100006,-5.841680070999928],[23.733969770000044,-5.87922012599995],[23.730510329000026,-5.894389985999965],[23.750499025000067,-5.897178779999933],[23.748630068000068,-5.945239989999948],[23.767210027000033,-5.962500036999927],[23.736859869000057,-5.995349982999926],[23.746510029000035,-6.031109949999973],[23.708561264000025,-6.029120252999974],[23.69081016000007,-6.078810024999939],[23.696089920000077,-6.100380024999936],[23.668170348000046,-6.09868107099993],[23.681599920000053,-6.117609982999966],[23.660920040000065,-6.115740188999951],[23.652150663000043,-6.137418695999941],[23.63889996000006,-6.136859897999955],[23.672639739000033,-6.158070119999934],[23.686800840000046,-6.158134924999956],[23.71248,-6.20045466299996],[23.79130149300005,-6.222240175999957],[23.79824013700005,-6.240069819999974],[23.840300160000027,-6.244250028999943],[23.801640907000035,-6.297778949999952],[23.842969892000042,-6.341270029999976],[23.843189838000058,-6.369549950999954],[23.85259986400007,-6.392549502999941],[23.90455959700006,-6.38663011999995],[23.907302582000057,-6.402951253999959],[23.94017025100004,-6.412180011999965],[24.065693112000076,-6.379806927999937],[24.091391497000075,-6.355023849999952],[24.004082849000042,-6.296455954999942],[24.007973760000027,-6.217459709999957],[24.05807352000005,-6.208514186999935],[24.08142096000006,-6.189389993999953],[24.107860440000024,-6.192568091999931],[24.13981620000004,-6.128882952999959],[24.174755280000056,-6.102926985999943],[24.151560376000077,-6.062212863999946],[24.118929324000078,-6.06540683999998],[24.10629840000007,-6.048611878999964],[24.07136724000003,-6.056861004999973],[24.05575224000006,-6.035923863999926],[23.98958244000005,-6.025516907999929],[24.01520184000003,-5.95224079999997],[23.976267480000047,-5.939230367999926],[23.957540162000043,-5.815996093999956]]]},"properties":{"shapeName":"Katanda","shapeISO":"","shapeID":"63176286B83227238071318","shapeGroup":"COD","shapeType":"ADM2"}},
{"type":"Feature","geometry":{"type":"Polygon","coordinates":[[[21.936460113000066,-5.751741877999962],[21.87838331200004,-5.81479286299998],[21.87041507600003,-5.861326910999935],[21.822178317000066,-5.863577934999967],[21.75621443700004,-5.802856936999945],[21.750351314000056,-5.769718971999964],[21.697605356000054,-5.803644950999967],[21.663788397000076,-5.894730983999978],[21.582630360000053,-5.977666006999925],[21.57324624000006,-6.033275858999957],[21.58827215200006,-6.138874946999977],[21.58835435700007,-6.247395902999926],[21.62107439700003,-6.356723975999955],[21.605503078000027,-6.472293015999981],[21.539866317000076,-6.485766713999965],[21.541139997000073,-6.504430681999963],[21.56866487700006,-6.526709883999956],[21.54845123800004,-6.576605472999972],[21.571815240000035,-6.575574246999963],[21.608259329000077,-6.539424020999945],[21.63472740000003,-6.598137921999978],[21.71252880000003,-6.657654154999932],[21.61256904000004,-6.680094993999944],[21.61996128000004,-6.726360254999975],[21.582126360000075,-6.716791873999966],[21.604059,-6.738298941999972],[21.598851600000046,-6.758379590999937],[21.522159360000046,-6.763409911999929],[21.46404816000006,-6.806382911999947],[21.42171540000004,-6.810348894999947],[21.40045992000006,-6.835770088999936],[21.45019256100005,-6.883081730999947],[21.487639883000043,-6.897940053999946],[21.589520122000067,-7.035739482999929],[21.65364046700006,-7.069749549999926],[21.738006360000043,-7.073744923999925],[21.75543648000007,-7.090809892999971],[21.783750480000037,-7.085857862999944],[21.798433440000053,-7.099007001999951],[21.871250280000027,-7.062964976999979],[21.904354300000023,-7.071351972999935],[21.948580243000038,-7.054042969999955],[21.96231228000005,-7.07775387199996],[22.079006280000044,-7.060451974999978],[22.119489360000046,-7.063337875999935],[22.13300916000003,-7.082910940999966],[22.179949200000067,-7.080760916999964],[22.23083727900007,-7.065295912999943],[22.256269195000073,-7.018733864999945],[22.24561535500004,-6.974961619999931],[22.202371435000032,-6.958369975999972],[22.166683195000076,-6.887485946999959],[22.19774291400006,-6.901350843999978],[22.221413274000042,-6.888827278999941],[22.24111967500005,-6.914508114999933],[22.264172995000024,-6.873385000999974],[22.350783954000065,-6.865363345999981],[22.38438635400007,-6.844941891999952],[22.381824234000078,-6.766110992999927],[22.38787439400005,-6.737860993999959],[22.41271907400005,-6.712169318999941],[22.406264993000036,-6.681159289999925],[22.37828399500006,-6.678806589999965],[22.37214887500005,-6.662594789999957],[22.410021233000066,-6.525095021999959],[22.431443904000048,-6.507227149999949],[22.434019921000072,-6.489999974999932],[22.410821801000054,-6.480272709999952],[22.425839653000025,-6.449971000999938],[22.398611017000064,-6.399091122999948],[22.442619120000074,-6.358759092999946],[22.484437800000023,-6.25236036299998],[22.46863015200006,-6.247789449999971],[22.475171400000022,-6.202741587999981],[22.44994992000005,-6.173640047999925],[22.44432996000006,-6.128849981999963],[22.416749135000032,-6.132679235999944],[22.397050080000042,-6.10273990099995],[22.39700259700004,-6.030997827999954],[22.358139807000043,-5.952240574999962],[22.338389880000022,-5.947819954999943],[22.340930040000046,-5.929820006999933],[22.31984016000007,-5.925459928999942],[22.30739524200004,-5.898339760999932],[22.27123828200007,-5.884844328999975],[22.246510690000036,-5.853948576999926],[22.225610327000027,-5.85296001699993],[22.22269991400003,-5.824670094999931],[22.205048988000044,-5.824767828999939],[22.150029955000036,-5.770630037999979],[22.118240155000024,-5.722919945999934],[22.12110791400005,-5.702978260999942],[22.022234276000063,-5.745704352999951],[21.962012755000046,-5.735973842999954],[21.936460113000066,-5.751741877999962]]]},"properties":{"shapeName":"Kazumba","shapeISO":"","shapeID":"63176286B97272919542005","shapeGroup":"COD","shapeType":"ADM2"}},
{"type":"Feature","geometry":{"type":"Polygon","coordinates":[[[16.494233545000043,-4.48352030999996],[16.46424540000004,-4.483568969999965],[16.419634200000075,-4.456592951999937],[16.406137440000066,-4.465158869999925],[16.39490544000006,-4.521506894999959],[16.290872640000032,-4.728409359999944],[16.262482024000064,-4.747762665999971],[16.240169688000037,-4.835053698999957],[16.269201254000052,-4.895449956999926],[16.25708776500005,-4.969951673999958],[16.26925428000004,-4.986843022999949],[16.257688245000054,-5.021166919999928],[16.299207360000025,-5.071397924999928],[16.29948636000006,-5.139495880999959],[16.389534240000046,-5.034260825999979],[16.444503720000057,-4.897264845999928],[16.533240120000073,-4.893090073999929],[16.553499802000033,-4.959960173999946],[16.526170080000043,-5.005400102999943],[16.49711988000007,-5.190490026999953],[16.50879,-5.285459948999971],[16.561659344000077,-5.438728097999956],[16.557239880000054,-5.547970018999933],[16.630514280000057,-5.550193948999947],[16.646454360000064,-5.570829916999969],[16.671278160000043,-5.575095890999933],[16.710109200000034,-5.628294960999938],[16.740509400000064,-5.645875997999951],[16.743135240000072,-5.667485948999968],[16.800635880000073,-5.701989255999933],[16.868828103000055,-5.667788887999961],[16.875383400000032,-5.702557015999957],[16.929796277000037,-5.743713068999966],[16.936380434000057,-5.822340932999964],[16.96323276000004,-5.811082355999929],[16.97026248000003,-5.657276857999932],[16.98961860000003,-5.633697062999943],[17.005463280000072,-5.752747320999958],[16.99129116000006,-5.902964892999933],[17.04352896000006,-5.898615713999959],[17.049620520000076,-5.830989172999978],[17.107604640000034,-5.777682375999973],[17.136169920000043,-5.80530990799997],[17.140181621000067,-5.893230414999948],[17.184584520000044,-5.929071251999972],[17.235310320000053,-5.925497751999956],[17.28882720000007,-5.973807473999955],[17.35061040000005,-5.950297016999968],[17.335815480000065,-5.89057786099994],[17.308590480000078,-5.869555942999966],[17.277963485000043,-5.813130991999969],[17.28154944000005,-5.795864983999934],[17.353365840000038,-5.78151646799995],[17.342409960000055,-5.735882926999977],[17.398632960000043,-5.762478796999972],[17.466646680000053,-5.75514295399995],[17.52907334400004,-5.731119856999953],[17.540201237000076,-5.707830006999927],[17.51605236000006,-5.661726017999968],[17.53423900300004,-5.545701799999961],[17.47647648000003,-5.483435957999973],[17.48707920000004,-5.448875853999937],[17.470218240000065,-5.431251018999944],[17.46816446400004,-5.39192404299996],[17.482183200000065,-5.228056010999978],[17.544975285000078,-5.125808843999948],[17.51352126200004,-5.083641832999945],[17.52967620000004,-5.058248919999926],[17.505098280000027,-5.01351299199996],[17.519146200000023,-4.939814976999969],[17.50235740900007,-4.933460067999931],[17.499820360000058,-4.889757023999948],[17.547157407000043,-4.819101923999938],[17.540739360000032,-4.779100014999926],[17.56443636000006,-4.749523007999926],[17.578361285000028,-4.696525883999925],[17.63762458100007,-4.628328178999936],[17.63460720100005,-4.582094100999939],[17.646423560000073,-4.562471937999931],[17.670435308000037,-4.549455035999927],[17.681495432000077,-4.558138826999937],[17.696056320000025,-4.537120020999964],[17.676950388000023,-4.485680043999935],[17.64686927400004,-4.479861016999962],[17.672258034000038,-4.467526971999973],[17.662973400000055,-4.448479018999933],[17.674713360000055,-4.455778992999967],[17.708730616000025,-4.388860902999966],[17.74838027800007,-4.38426987899993],[17.82572724000005,-4.316874920999965],[17.79388128000005,-4.275100975999976],[17.721520920000046,-4.320304429999965],[17.638218360000053,-4.341348219999929],[17.626171320000026,-4.329941045999931],[17.638441189000048,-4.289374946999942],[17.623960200000056,-4.243199874999959],[17.612207280000064,-4.233137976999956],[17.517855960000077,-4.237751059999937],[17.340632280000023,-4.368504410999947],[17.243443080000077,-4.399526667999965],[17.201855520000038,-4.456792578999966],[17.177901120000058,-4.548831885999959],[17.15360184000002,-4.566498042999967],[17.075309400000037,-4.532458863999977],[17.02434924000005,-4.479083008999964],[16.984075680000046,-4.503410032999966],[16.950933,-4.501017001999969],[16.939265040000066,-4.466186636999964],[16.973446680000052,-4.429120530999967],[16.97007528000006,-4.400998014999971],[16.935723,-4.401080854999975],[16.911114480000037,-4.347859441999958],[16.85625840000006,-4.294379913999933],[16.839802440000028,-4.354280932999927],[16.781988240000032,-4.353463805999979],[16.746896160000063,-4.381910697999956],[16.74187992000003,-4.333661267999958],[16.731335520000073,-4.32840665699996],[16.71319739300003,-4.352070837999975],[16.702741440000068,-4.32243189299993],[16.61659308000003,-4.372934983999926],[16.60734468000004,-4.555877345999932],[16.514889480000022,-4.485978048999925],[16.494233545000043,-4.48352030999996]]]},"properties":{"shapeName":"Kenge","shapeISO":"","shapeID":"63176286B18264844623742","shapeGroup":"COD","shapeType":"ADM2"}},
{"type":"Feature","geometry":{"type":"Polygon","coordinates":[[[24.95865438800007,-3.233859864999943],[24.960279240000034,-3.267911925999954],[24.912185400000055,-3.265161944999932],[24.898226400000055,-3.281960943999934],[24.917930280000064,-3.300363922999964],[24.90308409200003,-3.371233048999954],[24.867588141000056,-3.37768121199997],[24.830747210000027,-3.454075945999932],[24.798221350000063,-3.454998819999958],[24.77440829300008,-3.475707851999971],[24.80764637200008,-3.532769020999979],[24.791160183000045,-3.552327828999978],[24.773977373000037,-3.545655846999978],[24.77719937300003,-3.584541874999957],[24.766893350000032,-3.591214980999951],[24.78384808000004,-3.594205887999976],[24.778818276000038,-3.624347883999974],[24.797841998000024,-3.644365456999935],[24.785705480000047,-3.656101809999939],[24.807476098000052,-3.666454792999957],[24.79510937200007,-3.678880940999932],[24.797184326000036,-3.710863869999969],[24.77816417400004,-3.708103896999944],[24.766262185000073,-3.737326916999962],[24.75159839500003,-3.741008158999932],[24.76214417400007,-3.755043894999972],[24.742675354000028,-3.782194894999975],[24.73053041600008,-3.780814847999977],[24.743145166000033,-3.81072787599993],[24.781421453000064,-3.830515878999961],[24.76698722200007,-3.838109776999943],[24.819702412000026,-3.854213907999963],[24.802976453000042,-3.860426875999963],[24.802982213000064,-3.876303892999942],[24.830272516000036,-3.91656992299994],[24.854332250000027,-3.906672845999935],[24.853889090000052,-3.939576980999959],[24.906163626000023,-3.97687788199994],[24.89564119000005,-4.009060936999958],[24.920873207000056,-4.044030971999973],[24.93967022000004,-4.044486895999967],[24.949289417000045,-4.029987941999934],[24.98001544300007,-4.047927856999934],[24.972944323000036,-4.10154296199994],[25.00161328100006,-4.125234889999945],[24.986276203000045,-4.15722302599994],[25.01585920100007,-4.172399997999946],[25.002111162000062,-4.182988991999935],[25.007881128000065,-4.241200872999968],[25.020515441000043,-4.273180959999934],[24.99463144200007,-4.31184501499996],[24.99168615700006,-4.368218075999948],[24.972894284000063,-4.385479889999942],[25.007559402000027,-4.442532895999932],[25.002067241000077,-4.460711962999937],[24.929172305000066,-4.519632946999934],[24.91750323100007,-4.568182951999972],[24.905803415000037,-4.565194978999955],[24.872106319000068,-4.602703866999946],[24.857914251000068,-4.660686941999927],[24.901779169000065,-4.756391853999958],[24.932541167000068,-4.790205962999948],[24.960308216000044,-4.799171858999955],[24.98373415800006,-4.83528707399995],[25.01106436300006,-4.874159882999948],[25.01476516200006,-4.916950862999954],[25.06139741100003,-4.986643008999977],[25.658533182000042,-4.998853944999951],[25.670886867000036,-4.972843799999964],[25.65714466600008,-4.950765970999953],[25.671053623000034,-4.918773585999929],[25.703903256000046,-4.953479902999959],[25.72179813300005,-4.951159909999944],[25.826896152000074,-4.896207900999968],[25.735145147000026,-4.827827954999975],[25.863603182000077,-4.677654938999979],[25.88760218500005,-4.627464062999934],[25.93159816600007,-4.602782934999937],[25.995183870000062,-4.505363928999941],[26.049959822000062,-4.474135713999942],[26.040619009000068,-4.453406057999928],[26.012905552000063,-4.461635969999975],[26.004634298000042,-4.443697028999964],[26.021176807000074,-4.426187050999943],[26.007438919000037,-4.401972970999964],[25.99674333100006,-4.408724365999944],[25.985619920000033,-4.395603222999966],[26.018182042000035,-4.38097883699993],[26.006036608000045,-4.368859222999959],[26.055640367000024,-4.339131929999951],[26.045101371000044,-4.328988448999951],[26.070342958000026,-4.310187334999966],[26.064900093000062,-4.293580882999947],[26.107516067000063,-4.273729012999979],[26.11211183900008,-4.257367930999976],[26.086403165000036,-4.241993850999961],[26.07404985100004,-4.163880010999947],[26.002580468000076,-4.093821842999944],[25.976242340000056,-4.04309705299994],[26.04633184100004,-3.721994068999948],[26.003097898000078,-3.607997807999936],[25.938544084000057,-3.545692482999925],[25.89274320100003,-3.464490974999933],[25.87987059200003,-3.35308284499996],[25.857697320000057,-3.335519655999974],[25.867894680000063,-3.177458200999979],[25.849667880000027,-3.165658421999979],[25.77310977600007,-3.164750001999948],[25.766531146000034,-3.189650549999953],[25.781629790000068,-3.189150264999967],[25.78390905200007,-3.20194076599995],[25.770660193000026,-3.22427922299994],[25.675239826000052,-3.268339921999939],[25.63814010300007,-3.268379631999949],[25.645880160000047,-3.258700009999927],[25.627359960000035,-3.258500097999956],[25.578880343000037,-3.213810279999961],[25.485796401000073,-3.224813901999937],[25.40859435300007,-3.200030936999951],[25.377666334000025,-3.259880801999941],[25.306173604000037,-3.241392643999973],[25.12637126900006,-3.232775914999934],[25.076410063000026,-3.300315827999952],[24.98216816200005,-3.233106643999974],[24.95865438800007,-3.233859864999943]]]},"properties":{"shapeName":"Kibombo","shapeISO":"","shapeID":"63176286B11141066261470","shapeGroup":"COD","shapeType":"ADM2"}},
{"type":"Feature","geometry":{"type":"Polygon","coordinates":[[[18.78159996000005,-5.101511524999978],[18.82524060000003,-5.094680036999932],[18.86147316000006,-5.063494730999935],[18.813329640000063,-5.007686509999928],[18.751197240000067,-5.030634858999974],[18.78159996000005,-5.101511524999978]]]},"properties":{"shapeName":"Kikwit","shapeISO":"","shapeID":"63176286B32367911689095","shapeGroup":"COD","shapeType":"ADM2"}},
{"type":"Feature","geometry":{"type":"Polygon","coordinates":[[[16.25708776500005,-4.969951673999958],[16.038920160000032,-4.958469819999948],[16.039938240000026,-4.977311932999953],[16.020654480000076,-4.976458014999935],[15.97971240000004,-5.01409989299998],[15.956507160000058,-5.070084920999932],[15.949042200000065,-5.162365878999935],[15.92257932800004,-5.208005042999957],[15.925704480000036,-5.246646025999951],[15.852928328000075,-5.247342967999941],[15.84714420000006,-5.299353024999959],[15.874933311000063,-5.365976975999956],[15.86902249700006,-5.446739922999939],[15.88225428000004,-5.486491997999963],[15.870266280000067,-5.601772985999958],[15.858031320000066,-5.649195002999932],[15.816758760000027,-5.663300288999949],[15.814591560000054,-5.69701245899995],[15.764038201000062,-5.701934200999972],[15.749117280000064,-5.771899899999937],[15.766494480000063,-5.814854898999954],[15.755633311000054,-5.863185142999953],[15.780815413000028,-5.878474251999933],[16.14127356000006,-5.869705458999931],[16.139431440000067,-5.858643273999974],[16.150408200000072,-5.818833243999961],[16.19932608000005,-5.80817794099994],[16.210884239000052,-5.774023711999973],[16.201147320000075,-5.751978958999928],[16.218597223000074,-5.63484288199993],[16.201421280000034,-5.532086916999958],[16.202896231000068,-5.441220039999962],[16.217979480000054,-5.308200908999936],[16.256473200000073,-5.174626934999935],[16.25196420000003,-5.138293949999934],[16.23074725200007,-5.113984898999945],[16.257688245000054,-5.021166919999928],[16.26925428000004,-4.986843022999949],[16.25708776500005,-4.969951673999958]]]},"properties":{"shapeName":"Kimvula","shapeISO":"","shapeID":"63176286B83971453832478","shapeGroup":"COD","shapeType":"ADM2"}},
{"type":"Feature","geometry":{"type":"Polygon","coordinates":[[[25.868484,-3.033898510999961],[25.905181320000054,-3.042149208999945],[25.91192484000004,-3.023211006999929],[25.966222560000062,-3.008497199999965],[25.974161640000034,-2.92590291199997],[25.930647720000024,-2.908146718999944],[25.864097040000047,-2.91198428499996],[25.867007640000054,-2.987844220999932],[25.854858360000037,-3.017599762999964],[25.868484,-3.033898510999961]]]},"properties":{"shapeName":"Kindu","shapeISO":"","shapeID":"63176286B62585085359897","shapeGroup":"COD","shapeType":"ADM2"}},
{"type":"Feature","geometry":{"type":"Polygon","coordinates":[[[16.48338876300005,-4.222882380999977],[16.455904200000077,-4.195733881999956],[16.469337240000073,-4.173588864999942],[16.381599120000033,-4.111742292999963],[16.075813680000067,-3.947909164999942],[16.047544680000044,-3.943348510999954],[16.01046936000006,-3.971403006999935],[15.945868989000076,-3.927629598999943],[15.91858843700004,-3.953135381999971],[15.902144819000057,-3.948636222999937],[15.813598837000029,-3.987685188999933],[15.698582088000023,-3.99896395899998],[15.556356895000022,-4.048159815999952],[15.519774099000074,-4.092675551999946],[15.504015551000066,-4.142002490999971],[15.551788283000064,-4.224806017999981],[15.546320402000049,-4.260425668999972],[15.51002227600003,-4.316172338999934],[15.477931255000044,-4.335695915999963],[15.422194188000049,-4.33689418199998],[15.353385,-4.315626099999974],[15.346528100000057,-4.328120499999955],[15.311278600000037,-4.29653339999993],[15.278175303000069,-4.301042335999966],[15.258052750000047,-4.329519218999963],[15.198580080000056,-4.32574902999994],[15.177247028000068,-4.37048004299993],[15.181791039000075,-4.390289475999964],[15.131112251000047,-4.444595283999945],[15.172296600000038,-4.472773299999972],[15.174752200000057,-4.559068],[15.206789900000047,-4.566521899999941],[15.245575200000076,-4.615596],[15.314352700000029,-4.624632599999927],[15.33430450000003,-4.646823],[15.389823721000027,-4.624997067999971],[15.407709761000035,-4.588289276999944],[15.402900045000024,-4.560195980999936],[15.422326300000066,-4.544459299999971],[15.438432700000021,-4.546220099999971],[15.476713400000051,-4.607880699999953],[15.509343,-4.603952199999981],[15.524927500000047,-4.587741899999969],[15.550567400000034,-4.604296899999952],[15.647165309000059,-4.604216761999965],[15.667444750000072,-4.568850635999979],[15.67832868000005,-4.594527852999931],[15.732621,-4.618955476999929],[15.750998280000033,-4.647492812999928],[15.720184800000027,-4.710590501999945],[15.709694040000045,-4.77612692699995],[15.68375892000006,-4.807190688999981],[15.624510840000028,-4.818521740999927],[15.616251,-4.878104026999949],[15.743621880000035,-4.96963453099994],[15.754350240000065,-5.018192919999933],[15.833171625000034,-5.024929089999944],[15.865417540000067,-4.952696853999953],[15.842360444000064,-4.891744314999926],[15.866436285000077,-4.87306958299996],[15.85751863400003,-4.859094370999969],[15.898365720000072,-4.892906375999928],[15.916703760000075,-4.957226789999936],[15.980150880000053,-4.94668635499994],[16.00633188000006,-4.971560891999957],[16.038920160000032,-4.958469819999948],[16.25708776500005,-4.969951673999958],[16.269201254000052,-4.895449956999926],[16.240169688000037,-4.835053698999957],[16.262482024000064,-4.747762665999971],[16.290872640000032,-4.728409359999944],[16.39490544000006,-4.521506894999959],[16.406137440000066,-4.465158869999925],[16.419634200000075,-4.456592951999937],[16.46424540000004,-4.483568969999965],[16.494233545000043,-4.48352030999996],[16.49783452300005,-4.421467954999969],[16.515201441000045,-4.409955604999936],[16.50908816900005,-4.390740026999936],[16.53240366500006,-4.356819582999947],[16.48338876300005,-4.222882380999977]]]},"properties":{"shapeName":"Kinshasa","shapeISO":"","shapeID":"63176286B79360907689545","shapeGroup":"COD","shapeType":"ADM2"}},
{"type":"Feature","geometry":{"type":"Polygon","coordinates":[[[27.205995904000076,-11.56799961799993],[27.222999840000057,-11.629000048999956],[27.23199984000007,-11.78700005199994],[27.290999880000072,-11.809999930999936],[27.462999960000047,-11.928000044999976],[27.466999920000035,-12.034999967999966],[27.497000160000027,-12.066999979999935],[27.515000160000056,-12.157000055999958],[27.56499984000004,-12.210000084999933],[27.613000080000063,-12.223999987999946],[27.631000080000035,-12.274999948999948],[27.672994501000062,-12.28299954299996],[27.672162942000057,-12.262527930999966],[27.723567924000065,-12.209386854999934],[27.68723355900005,-12.129990823999947],[27.71097188600004,-12.111384851999958],[27.722652081000035,-12.061023881999972],[27.74331984500003,-12.066171947999976],[27.760118117000047,-12.052064960999928],[27.747577329000023,-12.031588730999943],[27.759664031000057,-12.003302899999937],[27.809657935000075,-11.953158859999974],[27.768129071000033,-11.907218764999982],[27.77269278400007,-11.88919182099994],[27.78897089900005,-11.86059795899996],[27.82765180800004,-11.855516959999932],[27.87080175400007,-11.815840826999931],[27.86056489200007,-11.793715636999934],[27.882136312000057,-11.773991181999975],[27.93651023500007,-11.807940960999929],[27.954045911000037,-11.797027119999939],[27.959615134000046,-11.807043870999962],[27.994431629000076,-11.784298942999953],[27.999203926000064,-11.801230663999945],[28.01348303000003,-11.791066872999977],[28.01504470800006,-11.763889873999972],[28.04287795700003,-11.749726898999938],[28.183873301000062,-11.770961933999956],[28.20239528700006,-11.749343378999981],[28.31732412100007,-11.742916729999934],[28.427983364000056,-11.960230339999953],[28.48470887700006,-11.961347890999946],[28.492736148000063,-11.921839878999947],[28.474124162000066,-11.893008822999946],[28.509657037000068,-11.883527226999945],[28.484880885000052,-11.828828268999928],[28.436268210000037,-11.827533294999967],[28.45044526500004,-11.76972619999998],[28.415024333000076,-11.724554289999958],[28.43530732800008,-11.706081281999957],[28.419039371000054,-11.67673917299993],[28.43187940400003,-11.644035225999971],[28.404612434000057,-11.62412123799993],[28.38320046000007,-11.582918284999948],[28.39525135200006,-11.482836346999932],[28.433045348000064,-11.414413237999952],[28.428002126000024,-11.385760190999974],[28.456926870000075,-11.37527016599995],[28.452539907000073,-11.30105431499993],[28.48971577800006,-11.241158260999953],[28.501104633000068,-11.153271290999953],[28.478481633000058,-11.108884247999981],[28.51185339400007,-11.025371199999938],[28.510097665000046,-10.976409180999951],[28.523561576000077,-10.963705274999938],[28.501391543000068,-10.960949810999978],[28.486575750000043,-10.986562842999945],[28.476859714000057,-10.978713881999965],[28.448491940000054,-11.02416089899998],[28.416354368000043,-11.01332326499994],[28.350180996000063,-11.033770775999926],[28.396150270000078,-11.067329817999962],[28.399720030000026,-11.084192456999972],[28.36433132600007,-11.144622417999926],[28.313597988000026,-11.194464118999974],[28.29061955800006,-11.26092528199996],[28.242554897000048,-11.275008198999956],[28.165604760000065,-11.371813678999956],[28.126149120000036,-11.31212556099996],[28.12166676000004,-11.250476979999974],[28.021695582000063,-11.223153649999972],[28.009041179000064,-11.295622026999979],[27.991613160000043,-11.298484990999953],[27.923301407000054,-11.262051920999966],[27.895870440000067,-11.28994092399995],[27.87115317300004,-11.26532788299994],[27.83046132000004,-11.258261983999944],[27.725307480000026,-11.30619199399996],[27.699716520000038,-11.271458997999957],[27.579108960000042,-11.25546412899996],[27.541030680000063,-11.227409835999936],[27.52245252000006,-11.250124941999957],[27.484432920000074,-11.24435514299995],[27.377301600000067,-11.297178677999966],[27.300684600000068,-11.411912057999928],[27.256006080000077,-11.437044234999973],[27.20485332000004,-11.519337697999958],[27.205995904000076,-11.56799961799993]],[[27.53473443100006,-11.519604885999968],[27.559071720000077,-11.481627102999937],[27.577212840000072,-11.492912830999956],[27.569056680000074,-11.51172041999996],[27.636063470000067,-11.523805459999949],[27.592190280000068,-11.642400152999926],[27.62804772000004,-11.641461289999938],[27.60323832000006,-11.679054598999926],[27.558008280000024,-11.683752119999951],[27.54729216000004,-11.717581524999957],[27.562856400000044,-11.742951399999981],[27.546560640000052,-11.781470526999954],[27.497409840000046,-11.830315138999936],[27.462479400000063,-11.830314080999926],[27.445367520000048,-11.823738744999957],[27.435433320000072,-11.796497646999967],[27.396761040000058,-11.79837518499994],[27.382106880000038,-11.771131534999938],[27.34259220000007,-11.778646014999936],[27.300441240000055,-11.640511481999965],[27.370106280000073,-11.577531645999954],[27.408157920000065,-11.593514652999943],[27.41861916000005,-11.54556673899998],[27.446498640000073,-11.521120205999978],[27.517126320000045,-11.539463870999953],[27.53473443100006,-11.519604885999968]]]},"properties":{"shapeName":"Kipushi","shapeISO":"","shapeID":"63176286B75279003671986","shapeGroup":"COD","shapeType":"ADM2"}},
{"type":"Feature","geometry":{"type":"Polygon","coordinates":[[[18.761142230000075,-1.236272913999926],[18.79286544000007,-1.263640977999955],[18.832823098000063,-1.387732899999946],[18.795742560000065,-1.415342024999973],[18.79900735600006,-1.452797024999938],[18.724403082000038,-1.503883200999951],[18.72869004000006,-1.527310074999946],[18.704900160000022,-1.569084020999981],[18.687776400000075,-1.527811845999963],[18.63926316000004,-1.552046962999952],[18.520748280000078,-1.568230936999953],[18.504609840000057,-1.58097995199995],[18.445869041000037,-1.718630875999963],[18.389740836000044,-1.734629137999946],[18.438149880000026,-1.760529958999939],[18.571535280000035,-1.708849897999926],[18.642627360000063,-1.708150003999947],[18.674732160000076,-1.722651887999973],[18.689665320000074,-1.765783959999965],[18.769415173000027,-1.825034616999972],[18.790611358000035,-1.81569092899997],[18.833723280000072,-1.833562904999951],[18.85509324000003,-1.816628901999934],[18.950866200000064,-1.87598294299994],[19.000000440000065,-1.875467933999971],[19.11606480000006,-1.964712948999932],[19.162038474000042,-2.052819611999951],[19.176270120000027,-2.115930026999933],[19.26204984000003,-2.221159961999945],[19.24969464000003,-2.278045455999973],[19.304680680000047,-2.464283757999965],[19.274433480000027,-2.61803194099997],[19.28208349600004,-2.711942882999949],[19.326451680000048,-2.698637560999941],[19.329481440000052,-2.553065395999965],[19.38208220300004,-2.452892335999934],[19.34146116000005,-2.436060959999963],[19.350935280000044,-2.383908930999951],[19.299900654000055,-2.276609620999977],[19.408239108000032,-2.290899918999969],[19.748771280000028,-2.140338980999957],[19.81456232200003,-2.072203706999971],[19.81785528000006,-2.048284491999937],[19.87626630500006,-2.038077931999965],[19.884073320000027,-1.990748958999973],[19.949842440000054,-1.975855901999978],[19.927641239000025,-1.897248954999952],[19.90138049600006,-1.879090109999936],[19.839588839000044,-1.663453033999929],[19.73223611900005,-1.578423056999952],[19.727367479000065,-1.604185898999958],[19.652553359000024,-1.696609020999972],[19.63434060000003,-1.777542131999951],[19.601283239000054,-1.802018592999957],[19.543365360000053,-1.800080966999928],[19.502599468000028,-1.774295102999929],[19.520357400000023,-1.710027915999945],[19.51326324000007,-1.672963857999946],[19.48898520000006,-1.64337695699993],[19.49468004000005,-1.572062873999926],[19.433367360000034,-1.424721183999964],[19.391849352000065,-1.34411212699996],[19.30099860000007,-1.077233142999944],[19.27179756000004,-1.052906179999979],[19.211637960000076,-1.048418757999968],[19.190294280000046,-0.892678041999943],[19.139917320000052,-0.797154669999941],[19.090355760000023,-0.740529608999964],[19.081644480000023,-0.736009000999957],[19.06055820000006,-0.783649960999981],[19.000000440000065,-0.819513860999962],[18.79300008000007,-0.821999929999947],[18.749000160000037,-0.934999988999948],[18.743000040000027,-1.011999983999942],[18.817999920000034,-1.037999921999926],[18.85100004000003,-1.07800008199996],[18.870999840000025,-1.16600004299994],[18.830000160000054,-1.18399995599998],[18.79800012000004,-1.143999989999941],[18.744999840000048,-1.118000067999958],[18.72,-1.182999873999961],[18.761142230000075,-1.236272913999926]]]},"properties":{"shapeName":"Kiri","shapeISO":"","shapeID":"63176286B37259268611319","shapeGroup":"COD","shapeType":"ADM2"}},
{"type":"Feature","geometry":{"type":"Polygon","coordinates":[[[25.359234982000032,0.963287557000058],[25.27674603400004,0.787808150000046],[25.257496072000038,0.778793849000067],[25.227800442000046,0.687836775000051],[25.14002597500007,0.640881820000061],[25.00724907600005,0.627764848000027],[25.043785787000047,0.585726565000073],[25.037790355000027,0.555662066000025],[24.87313677000003,0.540250738000054],[24.861998011000026,0.529028786000026],[24.864226804000054,0.489228088000061],[24.900318,0.467520542000045],[24.968489040000065,0.458286740000062],[24.994332360000044,0.421029168000075],[25.00502724000006,0.363041353000028],[25.02552348000006,0.340935180000031],[25.032654,0.274735860000021],[25.020479160000036,0.123820630000068],[25.064109302000077,0.147378210000056],[25.07294610400004,0.253041512000038],[25.098578820000057,0.264930522000043],[25.104730139000026,0.29577574700005],[25.15087025300005,0.293683439000063],[25.187779608000028,0.408077538000043],[25.30056759100006,0.339144407000049],[25.31184710900004,0.287356768000052],[25.337480545000062,0.280332237000039],[25.38054409800003,0.292182830000058],[25.428829089000033,0.329159076000053],[25.356579527000065,0.37256054900007],[25.32228440600005,0.455842215000075],[25.361730141000066,0.46517000800003],[25.37158909900006,0.517133126000033],[25.39601519200005,0.515608236000048],[25.415117052000028,0.535435102000065],[25.469740562000027,0.628937017000055],[25.521005993000074,0.679589142000054],[25.51887853200003,0.698256049000065],[25.480100539000034,0.689619938000021],[25.47019082500003,0.717397952000056],[25.452369845000078,0.723079897000048],[25.432329039000024,0.710142002000055],[25.421999890000052,0.72482009600003],[25.393319776000055,0.70174006700006],[25.35901754100007,0.72215176800006],[25.351345233000075,0.75950909900007],[25.379542938000043,0.79063497900006],[25.356624262000025,0.882035977000044],[25.38043213800006,0.92947115100003],[25.359234982000032,0.963287557000058]]]},"properties":{"shapeName":"Kisangani","shapeISO":"","shapeID":"63176286B93910554563220","shapeGroup":"COD","shapeType":"ADM2"}},
{"type":"Feature","geometry":{"type":"Polygon","coordinates":[[[21.968222121000053,-3.975075790999938],[21.99463991600004,-3.96116],[22.08144995400005,-3.983310049999943],[22.11753995400005,-4.024390034999954],[22.16288987400003,-4.040180094999926],[22.238870035000048,-3.999230003999969],[22.272607786000037,-3.997973454999965],[22.304819506000058,-4.022206020999931],[22.329883426000038,-4.080496016999973],[22.37268634900005,-4.105702925999935],[22.403309385000057,-4.144217939999976],[22.46746427000005,-4.158895994999966],[22.524914127000045,-4.198861077999936],[22.662779390000026,-4.269404006999935],[22.748338429000057,-4.362576870999931],[22.77278134900007,-4.408194961999925],[22.81537042800005,-4.441429988999971],[22.82769214800004,-4.473210986999959],[22.884062388000075,-4.518430295999963],[22.94180890800004,-4.527059436999934],[23.026663066000026,-4.515251633999981],[23.097049193000032,-4.544897890999948],[23.21360633100005,-4.518434862999925],[23.22490676600006,-4.491700297999955],[23.303584043000058,-4.489998251999964],[23.37589040000006,-4.375749832999929],[23.44278415800005,-4.329665723999938],[23.43577934500007,-4.203366127999971],[23.404857454000023,-4.179616023999927],[23.351885260000074,-4.190570879999939],[23.271675456000025,-4.167649915999959],[23.24437738900008,-4.178876001999924],[23.206796264000047,-4.16706985299993],[23.18963173800006,-4.145639033999942],[23.145378438000023,-4.153375892999975],[23.15504842400003,-4.126243725999927],[23.145884624000075,-4.058609676999936],[23.110511385000052,-4.027000667999971],[23.083787505000032,-3.974874847999956],[23.099272185000075,-3.859681166999962],[23.055390706000026,-3.861270411999953],[23.06063662500003,-3.845152865999978],[23.02006966600004,-3.790127089999942],[22.99615018700007,-3.679901453999946],[23.03748970600003,-3.583142614999929],[23.01608231000006,-3.521211756999946],[23.035703386000023,-3.423033492999934],[23.002725226000052,-3.272736921999979],[23.05271338500006,-3.234878907999928],[23.02203922500007,-3.215079051999965],[23.057470409000075,-3.129511911999941],[23.02728478000006,-2.993647665999958],[22.949624147000065,-3.004138558999955],[22.785536326000056,-2.97682408299994],[22.739951138000038,-2.985559838999961],[22.671617020000042,-2.962611194999965],[22.61673070100005,-2.981151251999961],[22.60262231100006,-3.01154033399996],[22.51829519000006,-3.09323612299994],[22.418576994000034,-3.083107663999954],[22.429472392000037,-3.010860003999937],[22.413774224000065,-2.970552858999952],[22.356948225000053,-2.984761241999934],[22.28789194500007,-2.974983447999932],[22.379665032000048,-2.879348271999959],[22.35196538200006,-2.880417846999933],[22.250673353000025,-2.839162960999943],[22.17465826700004,-2.765078995999943],[22.227886066000053,-2.699896879999926],[22.105643748000034,-2.523517150999965],[22.10311654800006,-2.471349851999946],[22.131154792000075,-2.433662440999967],[22.130395554000074,-2.398451961999967],[22.093748274000063,-2.362532494999925],[22.093276675000027,-2.307057594999947],[22.061152795000055,-2.300831470999981],[21.99209111500005,-2.394196806999958],[21.87650303600003,-2.506271371999958],[21.830955558000028,-2.530427904999954],[21.851230491000024,-2.558564119999971],[21.919103276000044,-2.585946905999947],[22.014717451000024,-2.674378957999977],[22.03286327400008,-2.729650988999936],[22.075304394000057,-2.773500901999967],[22.166897291000055,-2.922644858999945],[22.221348832000047,-2.928797781999947],[22.181230434000042,-2.956841245999954],[22.16421431300006,-3.011761711999952],[22.108269955000026,-3.063764894999963],[22.101304674000062,-3.082925715999977],[22.113952555000026,-3.121842522999941],[22.095672835000073,-3.209362856999974],[21.998170077000054,-3.296081734999973],[21.989439360000063,-3.40108786899998],[21.94121519400005,-3.441650057999937],[21.929358240000056,-3.504210994999937],[21.939630480000062,-3.574607054999944],[21.95856,-3.601549951999971],[22.01459004000003,-3.572360008999965],[22.04163,-3.569240000999969],[22.06197,-3.584019874999967],[22.128656400000068,-3.578028879999977],[22.14220818700005,-3.761581002999947],[22.132083960000045,-3.778684144999943],[22.15608048000007,-3.796355096999946],[22.06830528000006,-3.877859663999971],[22.020057360000067,-3.892447991999973],[21.968222121000053,-3.975075790999938]],[[22.884691176000047,-4.215162650999957],[22.90076018600007,-4.199029516999929],[22.92385938700005,-4.204071157999977],[22.935911144000045,-4.215162650999957],[22.933902518000025,-4.242386543999942],[22.89774724700004,-4.251460959999974],[22.876656672000024,-4.223229090999951],[22.884691176000047,-4.215162650999957]],[[22.68477111900006,-4.067006075999927],[22.672372292000034,-4.054126106999945],[22.68519866500003,-4.026218793999931],[22.713416685000027,-4.02879489399993],[22.715981959000032,-4.056702116999929],[22.68477111900006,-4.067006075999927]]]},"properties":{"shapeName":"Kole","shapeISO":"","shapeID":"63176286B77592742780307","shapeGroup":"COD","shapeType":"ADM2"}},
{"type":"Feature","geometry":{"type":"Polygon","coordinates":[[[25.55907732000003,-10.712038896999957],[25.54999416000004,-10.701718169999936],[25.43520852000006,-10.710104771999966],[25.410813120000057,-10.753415784999959],[25.450226280000038,-10.776369012999965],[25.450773480000066,-10.800715403999959],[25.533344880000072,-10.805169208999928],[25.516424160000042,-10.772101882999948],[25.55907732000003,-10.712038896999957]]]},"properties":{"shapeName":"Kolwezi","shapeISO":"","shapeID":"63176286B76187105234082","shapeGroup":"COD","shapeType":"ADM2"}},
{"type":"Feature","geometry":{"type":"Polygon","coordinates":[[[27.04859176700006,-5.75385810399996],[27.243256661000032,-5.619949383999938],[27.280636171000026,-5.612520225999958],[27.326540118000025,-5.578769718999979],[27.486676627000065,-5.510805708999953],[27.51771076800003,-5.530166805999954],[27.536788238000042,-5.519411556999955],[27.563381539000034,-5.525877904999959],[27.583702689000063,-5.506176173999961],[27.599892597000064,-5.455216081999936],[27.669799440000077,-5.367214716999968],[27.667186920000063,-5.303507714999967],[27.732099240000025,-5.264009923999936],[27.703380240000058,-5.218178031999969],[27.719589960000064,-5.185997679999957],[27.715074480000055,-5.146277342999952],[27.684694440000044,-5.111209145999965],[27.693693720000056,-5.058909024999934],[27.673555699000076,-5.010024599999952],[26.968362159000037,-4.99952056799998],[26.27047707400004,-4.999999961999947],[26.19802817200008,-5.092400934999944],[26.19116909400003,-5.213646929999925],[26.14581522700007,-5.260193004999962],[26.13375306000006,-5.311740916999952],[26.10868806600007,-5.348803859999975],[26.136939063000057,-5.504774621999957],[26.151645061000067,-5.540888106999944],[26.175677939000025,-5.558528129999956],[26.151029102000052,-5.599004880999928],[26.124392705000048,-5.599523955999928],[26.103601268000034,-5.65980434599993],[26.12654658500003,-5.691941818999965],[26.123600346000046,-5.724862906999931],[26.18429027800005,-5.761777154999947],[26.202489832000026,-5.78750197599993],[26.238351942000065,-5.799856894999948],[26.531196015000035,-5.78501485399994],[26.518884740000033,-5.852603275999968],[26.555346248000035,-5.865590847999954],[26.659504652000066,-5.85022186499998],[26.767583812000055,-5.791366832999927],[26.792080722000037,-5.716455443999962],[26.81045439500008,-5.751338242999964],[26.802222280000024,-5.798779297999943],[26.816167594000035,-5.814598122999939],[26.897099721000075,-5.782529878999981],[26.91350983600006,-5.659450282999956],[26.943491170000073,-5.699840654999946],[26.971163913000055,-5.702326389999939],[27.04859176700006,-5.75385810399996]]]},"properties":{"shapeName":"Kongolo","shapeISO":"","shapeID":"63176286B90330150002289","shapeGroup":"COD","shapeType":"ADM2"}},
{"type":"Feature","geometry":{"type":"Polygon","coordinates":[[[19.125467376000074,2.126355960000069],[19.218044160000034,2.234372157000053],[19.239988364000055,2.298352025000042],[19.255781160000026,2.297375062000071],[19.26339335800003,2.31241522800002],[19.26252131600006,2.350604133000047],[19.205259480000052,2.399451012000043],[19.18204912300007,2.471913886000038],[19.216165483000054,2.594720259000042],[19.28474244000006,2.663824026000043],[19.307462400000077,2.721148116000052],[19.332880198000055,2.740757141000074],[19.29645576000007,2.785258670000076],[19.225601640000036,2.904128600000035],[19.31277852000005,2.963795889000039],[19.29081024000004,3.034737748000055],[19.267379426000048,3.061352933000023],[19.25000028000005,3.059552081000049],[19.244051280000065,3.080203131000076],[19.154909160000045,3.067252044000043],[19.120634280000047,3.123496021000051],[19.093885200000045,3.11997612600004],[19.082560320000027,3.132089380000025],[19.08457742300004,3.195371822000027],[19.077911280000023,3.17711305000006],[19.061107200000038,3.185211993000053],[19.056286440000065,3.165822002000027],[19.044241200000045,3.178348068000048],[19.028293200000064,3.171033132000048],[19.04478619200006,3.149811146000047],[19.028927172000067,3.114416165000023],[19.011913200000038,3.120670064000024],[18.993520528000033,3.107112989000029],[18.973852200000067,3.125766067000029],[18.951368371000058,3.097495054000035],[18.926691452000057,3.105206913000075],[18.904672609000045,3.088384011000073],[18.89851032000007,3.106958044000066],[18.884834280000064,3.081483078000076],[18.848583360000077,3.068180161000043],[18.843839280000054,3.082626066000046],[18.823562280000033,3.074108067000054],[18.800293320000037,3.086960087000023],[18.782444160000068,3.046244028000046],[18.79301232000006,3.042913029000033],[18.75852,3.036529965000057],[18.772139880000054,3.026330051000059],[18.748400125000046,3.020760056000029],[18.762909840000077,3.013100056000042],[18.742260076000036,3.017009149000046],[18.71654004000004,2.984029958000065],[18.677819880000072,2.987029966000023],[18.685270080000066,2.976759927000046],[18.665340120000053,2.958110001000023],[18.64478016000004,2.974439885000038],[18.625899208000078,2.924279193000075],[18.59396004000007,2.909960024000043],[18.61816979400004,2.90047918800002],[18.60854215300003,2.823254660000032],[18.474649920000047,2.78485002900004],[18.420999840000036,2.752000014000032],[18.330000120000022,2.585000033000028],[18.24199992000007,2.50700007100005],[18.185000040000034,2.34500010000005],[18.099,2.25100006200006],[18.08899992000005,2.089999995000028],[18.065000160000068,2.026999893000038],[18.086000040000044,1.983999889000074],[18.59067360000006,1.976993934000063],[18.604324440000028,1.949453996000045],[18.68648849300007,1.902330831000029],[18.70866,1.902819945000033],[18.762729480000075,1.972235018000049],[18.849100816000032,1.976680171000055],[18.958200120000072,2.013810035000063],[18.993717360000062,2.047804119000034],[19.022243400000036,2.052727078000032],[19.06470838000007,2.099679045000073],[19.125467376000074,2.126355960000069]]]},"properties":{"shapeName":"Kungu","shapeISO":"","shapeID":"63176286B55786633055845","shapeGroup":"COD","shapeType":"ADM2"}},
{"type":"Feature","geometry":{"type":"Polygon","coordinates":[[[18.861231,-3.659838608999962],[18.903925773000026,-3.67035547699993],[18.92675844000007,-3.595407978999958],[18.913452480000046,-3.561443981999957],[18.927084240000056,-3.545701],[18.866976480000062,-3.470870923999939],[18.858215160000043,-3.431351868999968],[18.93164057900003,-3.321769721999942],[18.991289160000065,-3.272106966999957],[18.996557961000065,-3.241007053999965],[18.946420200000034,-3.21259596799996],[18.893640396000023,-3.22976183399993],[18.873661320000053,-3.222076966999964],[18.845628480000073,-3.177400975999944],[18.894802320000053,-3.073515961999931],[18.981540360000054,-3.036092980999967],[19.000000440000065,-2.995715865999955],[19.04679720000007,-2.948011401999963],[19.05144516000007,-2.897036960999969],[19.031316840000045,-2.76706030899993],[19.04416236000003,-2.733089853999957],[19.026813240000024,-2.621623978999935],[19.04159524100004,-2.566057945999944],[19.01184444000006,-2.49729790899994],[18.961279200000035,-2.456686970999954],[18.818905320000056,-2.417188885999963],[18.735220278000043,-2.457786059999933],[18.678076200000078,-2.52302055499996],[18.63502452000006,-2.527819601999965],[18.584807400000045,-2.585359408999977],[18.56254572000006,-2.594301643999927],[18.532020600000067,-2.585350946999938],[18.49639140000005,-2.60444201599995],[18.479449440000053,-2.61867433499998],[18.483181200000047,-2.658793792999973],[18.45196812000006,-2.677400868999939],[18.427584600000046,-2.65089030799993],[18.410648760000072,-2.587939494999944],[18.323882280000078,-2.574363826999956],[18.268159320000052,-2.587843169999928],[18.25787088000004,-2.550799431999963],[18.208248480000066,-2.545268731999954],[18.151679520000073,-2.413087211999937],[18.151866,-2.355093783999962],[18.111512520000076,-2.338073627999961],[18.077259240000046,-2.302039671999978],[18.010530720000077,-2.279214957999955],[17.933578200000056,-2.324809990999938],[17.86014540000002,-2.326360869999974],[17.858288092000066,-2.39860177099996],[17.819551440000055,-2.42527587099994],[17.80113816000005,-2.484269925999968],[17.763050160000034,-2.505879922999952],[17.727201360000038,-2.637206944999946],[17.705238955000027,-2.666242747999945],[17.713376165000057,-2.705386977999979],[17.68900431000003,-2.727764],[17.661718430000064,-2.721104215999958],[17.637433619000035,-2.691062580999926],[17.596856160000073,-2.69428043299996],[17.608486680000055,-2.757923846999972],[17.571170160000065,-2.808529928999974],[17.48616984000006,-2.83728005699993],[17.463009795000062,-2.829120146999969],[17.451671452000028,-2.849658304999934],[17.341070040000034,-2.886340017999942],[17.32894956900003,-2.931270367999957],[17.25080004000006,-3.002990088999979],[17.18606864900005,-3.015499846999944],[17.106419880000033,-2.977689921999968],[16.963059960000066,-3.017239980999932],[16.99862004000005,-3.029730032999964],[17.12873062500006,-3.131700028999944],[17.150600160000067,-3.122470052999972],[17.22243996000003,-3.173479967999981],[17.31011004000004,-3.177330072999951],[17.353730303000077,-3.198510863999957],[17.39747016000007,-3.198059929999943],[17.442339840000045,-3.236950049999962],[17.527227193000044,-3.262278684999956],[17.557170120000023,-3.293640056999948],[17.58541241200004,-3.305459998999936],[17.627519880000023,-3.298790064999935],[17.679700080000032,-3.331639934999941],[17.719269840000038,-3.322909921999951],[17.758450080000046,-3.36295991999998],[17.81930016000007,-3.387009989999967],[17.844720120000034,-3.424599952999927],[18.043490160000033,-3.377430011999934],[18.085119458000065,-3.403189551999958],[18.109159920000025,-3.402120024999931],[18.15663898100007,-3.447169815999928],[18.178908770000078,-3.418500692999942],[18.241549640000073,-3.399480063999931],[18.268309497000075,-3.428309510999952],[18.273080160000063,-3.457269924999935],[18.341849858000046,-3.49895990899995],[18.363129840000056,-3.530579976999945],[18.397770120000075,-3.536570024999946],[18.39577835500006,-3.546479230999978],[18.412910863000036,-3.539697899999965],[18.441280637000034,-3.568279591999953],[18.53442942500004,-3.586319518999971],[18.60397992000003,-3.570910002999938],[18.711799920000033,-3.623580017999927],[18.765880985000024,-3.623900361999972],[18.861231,-3.659838608999962]]]},"properties":{"shapeName":"Kutu","shapeISO":"","shapeID":"63176286B54443714119434","shapeGroup":"COD","shapeType":"ADM2"}},
{"type":"Feature","geometry":{"type":"Polygon","coordinates":[[[17.35803,-3.358869981999931],[17.33910012000007,-3.32928992799998],[17.365989960000036,-3.305450019999967],[17.38089,-3.264879982999958],[17.353730303000077,-3.198510863999957],[17.31011004000004,-3.177330072999951],[17.22243996000003,-3.173479967999981],[17.150600160000067,-3.122470052999972],[17.12873062500006,-3.131700028999944],[16.99862004000005,-3.029730032999964],[16.963059960000066,-3.017239980999932],[16.85833992000005,-3.046019957999931],[16.71372995300004,-3.018580025999938],[16.63659,-3.022589895999943],[16.58078759700004,-3.038002176999953],[16.558890120000058,-3.05764993799994],[16.48353996000003,-3.053130062999969],[16.456190040000024,-3.082689955999967],[16.419020040000078,-3.065810104999969],[16.32843,-3.085940022999978],[16.233760080000025,-3.11896995099994],[16.19097976300003,-3.179001784999969],[16.18407,-3.250490095999965],[16.222389840000062,-3.29626994299997],[16.211229840000044,-3.339599976999978],[16.13243016000007,-3.476789939999946],[16.112890080000057,-3.536280047999981],[16.058149920000062,-3.608870043999957],[15.902144819000057,-3.948636222999937],[15.91858843700004,-3.953135381999971],[15.945868989000076,-3.927629598999943],[16.01046936000006,-3.971403006999935],[16.047544680000044,-3.943348510999954],[16.075813680000067,-3.947909164999942],[16.381599120000033,-4.111742292999963],[16.469337240000073,-4.173588864999942],[16.455904200000077,-4.195733881999956],[16.48338876300005,-4.222882380999977],[16.496241378000036,-4.184746507999932],[16.585679880000043,-4.142970070999979],[16.634009880000065,-4.133340084999929],[16.693011351000052,-4.150348980999979],[16.71054029000004,-4.122889957999973],[16.77296278800003,-4.087179369999944],[16.827339960000074,-4.094539960999953],[16.878279960000043,-4.057029984999929],[16.932499920000055,-3.986830024999961],[17.01477,-3.981849951999948],[17.099138200000027,-4.028169514999945],[17.126790120000067,-4.011019955999927],[17.138099880000027,-3.98103998299996],[17.206970040000044,-3.91259],[17.24091984000006,-3.785629957999959],[17.278152332000047,-3.718487679999953],[17.305760160000034,-3.695789912999942],[17.303550120000068,-3.667730062999965],[17.33211,-3.653319931999931],[17.28678996000002,-3.574389941999925],[17.27327016000004,-3.489540107999971],[17.28632016000006,-3.458339978999959],[17.320169880000037,-3.432930006999925],[17.330280120000054,-3.396060027999965],[17.353139084000077,-3.386280944999953],[17.35803,-3.358869981999931]]]},"properties":{"shapeName":"Kwamouth","shapeISO":"","shapeID":"63176286B12311619160810","shapeGroup":"COD","shapeType":"ADM2"}},
{"type":"Feature","geometry":{"type":"Polygon","coordinates":[[[19.01400012000005,4.767999988000042],[18.83999988000005,4.570999983000036],[18.794000160000053,4.422999954000034],[18.753000120000024,4.379000090000034],[18.733100120000074,4.386677960000043],[18.75279744000005,4.303399888000058],[18.785985480000022,4.303934912000045],[18.804678120000062,4.278301166000062],[18.86569884000005,4.265020088000028],[18.867956400000025,4.248197883000046],[18.809769240000037,4.131833344000029],[18.763793640000074,4.12979523100006],[18.73265832000004,4.100758105000068],[18.67750164000006,4.011662692000073],[18.67816440000007,3.97664762200003],[18.65199996000007,3.978000033000058],[18.601999920000026,3.89600000300004],[18.58700016000006,3.750999965000062],[18.64000008000005,3.448999994000076],[18.632000160000075,3.396999894000032],[18.650000160000047,3.330999941000073],[18.635000040000023,3.260000066000032],[18.64199988000007,3.209000082000045],[18.595000080000034,3.105999907000069],[18.53300016000003,3.070000038000046],[18.516999960000078,3.01399996300006],[18.45299988000005,2.926999986000055],[18.438000120000027,2.872000047000029],[18.444999960000075,2.821999981000033],[18.420999840000036,2.752000014000032],[18.474649920000047,2.78485002900004],[18.60854215300003,2.823254660000032],[18.61816979400004,2.90047918800002],[18.59396004000007,2.909960024000043],[18.625899208000078,2.924279193000075],[18.64478016000004,2.974439885000038],[18.665340120000053,2.958110001000023],[18.685270080000066,2.976759927000046],[18.677819880000072,2.987029966000023],[18.71654004000004,2.984029958000065],[18.742260076000036,3.017009149000046],[18.762909840000077,3.013100056000042],[18.748400125000046,3.020760056000029],[18.772139880000054,3.026330051000059],[18.75852,3.036529965000057],[18.79301232000006,3.042913029000033],[18.782444160000068,3.046244028000046],[18.800293320000037,3.086960087000023],[18.823562280000033,3.074108067000054],[18.843839280000054,3.082626066000046],[18.848583360000077,3.068180161000043],[18.884834280000064,3.081483078000076],[18.89851032000007,3.106958044000066],[18.904672609000045,3.088384011000073],[18.926691452000057,3.105206913000075],[18.951368371000058,3.097495054000035],[18.973852200000067,3.125766067000029],[18.993520528000033,3.107112989000029],[19.011913200000038,3.120670064000024],[19.028927172000067,3.114416165000023],[19.04478619200006,3.149811146000047],[19.028293200000064,3.171033132000048],[19.044241200000045,3.178348068000048],[19.056286440000065,3.165822002000027],[19.061107200000038,3.185211993000053],[19.077911280000023,3.17711305000006],[19.08457742300004,3.195371822000027],[19.097721360000037,3.228434052000068],[19.076906160000078,3.247078066000029],[19.08350532000003,3.271321006000051],[19.071382523000068,3.290751153000031],[19.098758160000045,3.320751157000075],[19.094413320000058,3.340959119000047],[19.076292360000025,3.343520148000039],[19.129863240000077,3.365752985000029],[19.15754940000005,3.409796123000035],[19.180940467000028,3.407062196000027],[19.166307561000053,3.425546202000021],[19.204645320000054,3.438399141000048],[19.195158142000025,3.467989931000034],[19.232151317000046,3.457347107000032],[19.238500440000053,3.484119127000042],[19.267086240000026,3.488345063000054],[19.248256440000034,3.513691100000074],[19.27661525900004,3.538861953000037],[19.282812480000075,3.601083001000063],[19.272907188000033,3.627217152000071],[19.242344161000062,3.635861005000038],[19.268551440000067,3.690705063000053],[19.26637848000007,3.742936170000064],[19.282966560000034,3.73459986000006],[19.296310320000032,3.750629310000022],[19.317762360000074,3.737280150000061],[19.355549137000025,3.739071075000027],[19.361810166000055,3.795768078000037],[19.346389200000033,3.80227698300007],[19.373584320000077,3.80901615800002],[19.369043280000028,3.826462056000025],[19.351587235000068,3.830187250000051],[19.35205848100003,3.850219989000038],[19.374140128000022,3.842632104000074],[19.365471360000072,3.860263064000037],[19.407837176000044,3.862792135000063],[19.418020193000075,3.896280140000044],[19.35379836000004,3.986518086000046],[19.266424200000074,4.033451078000041],[19.26823248000005,4.073276742000076],[19.30766832000006,4.085657945000037],[19.518646319000027,4.587249954000072],[19.47404337300003,4.619002064000028],[19.47494916000005,4.663207149000073],[19.458511200000032,4.677532984000038],[19.420891200000028,4.677591004000021],[19.379938287000073,4.625130115000047],[19.330164360000026,4.646460099000024],[19.298316960000022,4.684349117000068],[19.285351200000036,4.675437109000029],[19.255352387000073,4.69191311700007],[19.229328174000045,4.680350090000047],[19.21076628000003,4.699710855000035],[19.189537200000075,4.690271022000047],[19.163475360000064,4.703104022000048],[19.152343443000063,4.734746021000035],[19.124588156000073,4.734669093000036],[19.114143480000052,4.766318014000035],[19.07244324000004,4.761712095000064],[19.072273320000022,4.776902079000024],[19.042162200000064,4.761604153000064],[19.01400012000005,4.767999988000042]]]},"properties":{"shapeName":"Libenge","shapeISO":"","shapeID":"63176286B16720510237815","shapeGroup":"COD","shapeType":"ADM2"}},
{"type":"Feature","geometry":{"type":"Polygon","coordinates":[[[26.671819993000042,-10.879744809999977],[26.630732845000068,-10.966424573999973],[26.689089911000053,-11.038255963999973],[26.774452004000068,-11.031491843999959],[26.791665864000038,-11.045499802999927],[26.82734282800004,-11.018288923999933],[26.87957234600003,-11.022566929999925],[26.879542920000063,-10.996847665999951],[26.81583290900005,-10.944824834999963],[26.760297167000033,-10.943654024999944],[26.75236600900007,-10.914362922999942],[26.703060064000056,-10.913208091999934],[26.671819993000042,-10.879744809999977]]]},"properties":{"shapeName":"Likasi","shapeISO":"","shapeID":"63176286B59059722008658","shapeGroup":"COD","shapeType":"ADM2"}},
{"type":"Feature","geometry":{"type":"Polygon","coordinates":[[[21.80643017700004,2.180489951000027],[21.813959156000067,2.241291035000074],[21.76149527700005,2.282296105000057],[21.75685343600003,2.319997068000021],[21.72350734200006,2.371967222000023],[21.713331596000046,2.590243383000029],[21.68094419700003,2.60474305200006],[21.655508397000062,2.666907149000053],[21.72477919000005,2.819584059000022],[21.661375316000033,2.878229987000054],[21.647077197000044,2.920464139000046],[21.592201320000072,2.913348130000031],[21.57375348000005,2.93023108400007],[21.53373516000005,2.925763055000061],[21.485677320000036,2.952528119000021],[21.47129640000003,2.947807111000031],[21.434690157000034,3.00113402900007],[21.294491400000027,3.068322159000047],[21.250110318000054,3.118583943000033],[21.221927280000045,3.121336107000047],[21.170284200000026,3.163246120000053],[21.14481096000003,2.922435826000026],[21.045659760000035,3.006535212000074],[21.033041040000057,3.064385802000061],[20.979603,3.111383925000041],[20.93088141000004,3.101999042000045],[20.888670067000078,3.163079283000059],[20.85027948000004,3.180459094000071],[20.800220400000057,3.24745000300004],[20.778639424000062,3.228380126000047],[20.770113240000057,3.234287077000033],[20.76640524000004,3.213998113000059],[20.73343118500003,3.188351887000067],[20.718891360000043,3.126327009000022],[20.72686428000003,3.105684068000073],[20.713131360000034,3.080240025000023],[20.720802226000046,3.067420197000047],[20.70270540000007,3.06863603100004],[20.73355844400004,2.998946088000025],[20.718490486000064,2.994435083000042],[20.714821337000046,2.944917134000036],[20.741691240000023,2.93503514400004],[20.72817036600003,2.911895184000059],[20.745678240000075,2.89939604500006],[20.73671532000003,2.878139985000075],[20.76013021400007,2.870528049000029],[20.76113916500003,2.835092049000025],[20.797411320000037,2.822763053000074],[20.80474416000004,2.745269104000045],[20.909183400000074,2.606740112000068],[20.91630347200004,2.577806987000031],[20.873935440000025,2.505398084000035],[20.81909016000003,2.473378092000075],[20.80182240000005,2.434792015000028],[20.778454440000075,2.438722016000042],[20.77430926200003,2.415903099000047],[20.744133411000064,2.414247135000039],[20.735172360000035,2.443851079000069],[20.67070932000007,2.413804079000045],[20.665661400000033,2.440452114000038],[20.588159160000032,2.410737992000065],[20.56679136300005,2.420895022000025],[20.555507199000033,2.404451147000032],[20.535265440000046,2.416457076000029],[20.511215280000044,2.395291120000024],[20.493925200000035,2.434018077000076],[20.445894297000052,2.433333895000032],[20.434801148000076,2.421032156000024],[20.364700320000054,2.431869130000052],[20.343361320000042,2.414636011000027],[20.31448320000004,2.420340133000025],[20.297043360000032,2.402453019000063],[20.26510236000007,2.417331142000023],[20.255956379000054,2.393310213000063],[20.232732240000075,2.405740076000029],[20.162599331000024,2.349596278000035],[20.102985360000048,2.340954035000038],[20.112777360000052,2.298711129000026],[20.101122360000033,2.27466498900003],[20.07278640000004,2.249073065000061],[20.04515028000003,2.245346031000054],[20.019298496000033,2.177209219000076],[19.995469920000062,2.182030004000069],[19.95375996000007,2.145030029000054],[19.96377984000003,2.126949982000042],[19.93698,2.085730063000028],[19.942040160000033,2.060010082000076],[19.922339880000038,2.040710002000026],[19.931659920000072,2.022860017000028],[19.90506996000005,2.006949926000061],[19.907170020000024,1.980280758000049],[19.88168004000005,1.946660023000049],[19.85779008000003,1.957920001000048],[19.831010040000024,1.938320051000062],[19.813551892000078,1.900193200000047],[19.82459062600003,1.850149868000074],[19.893589920000068,1.921949986000072],[19.98116049300006,1.943299861000071],[20.066501548000076,1.913780496000072],[20.21832,1.935299998000062],[20.266407301000072,1.927712804000066],[20.38473,1.937370048000048],[20.482419960000072,1.978789961000075],[20.704299840000033,1.966130004000036],[20.730780249000077,1.970970338000029],[20.750010446000033,1.993230028000028],[20.824210080000057,2.004720015000032],[21.00969,1.94679007600007],[21.122529840000027,1.958340058000033],[21.16513008000004,1.949290079000036],[21.23470903300006,1.966679591000059],[21.408180120000054,2.083629944000052],[21.537039960000072,2.124269971000047],[21.678289920000054,2.132769985000039],[21.80643017700004,2.180489951000027]]]},"properties":{"shapeName":"Lisala","shapeISO":"","shapeID":"63176286B55618881730154","shapeGroup":"COD","shapeType":"ADM2"}},
{"type":"Feature","geometry":{"type":"Polygon","coordinates":[[[23.525828257000057,-2.918492640999943],[23.462017539000044,-2.926746908999974],[23.399072259000036,-2.906255291999969],[23.292680362000056,-2.902638561999936],[23.213722285000074,-2.857998484999939],[23.074583390000043,-2.819256951999932],[23.07545566500005,-2.855214316999934],[23.040002145000074,-2.918311919999951],[23.02728478000006,-2.993647665999958],[23.057470409000075,-3.129511911999941],[23.02203922500007,-3.215079051999965],[23.05271338500006,-3.234878907999928],[23.002725226000052,-3.272736921999979],[23.035703386000023,-3.423033492999934],[23.01608231000006,-3.521211756999946],[23.03748970600003,-3.583142614999929],[22.99615018700007,-3.679901453999946],[23.02006966600004,-3.790127089999942],[23.06063662500003,-3.845152865999978],[23.055390706000026,-3.861270411999953],[23.099272185000075,-3.859681166999962],[23.083787505000032,-3.974874847999956],[23.110511385000052,-4.027000667999971],[23.145884624000075,-4.058609676999936],[23.15504842400003,-4.126243725999927],[23.145378438000023,-4.153375892999975],[23.18963173800006,-4.145639033999942],[23.206796264000047,-4.16706985299993],[23.24437738900008,-4.178876001999924],[23.271675456000025,-4.167649915999959],[23.351885260000074,-4.190570879999939],[23.404857454000023,-4.179616023999927],[23.43577934500007,-4.203366127999971],[23.486709253000072,-4.173994086999926],[23.53851141000007,-4.183736920999934],[23.571769475000053,-4.168828936999944],[23.60889033600006,-4.188439981999977],[23.645572237000067,-4.18803077299998],[23.65590128900004,-4.175848856999949],[23.675819383000032,-4.20509796999994],[23.717085433000022,-4.206991939999966],[23.73358716000007,-4.212765021999928],[23.930320320000078,-3.911763780999934],[23.928337080000063,-3.833242397999925],[23.95791576000005,-3.771653031999961],[23.94103644000006,-3.719687883999939],[23.969725200000028,-3.696826951999981],[23.971072680000077,-3.67621509099996],[23.970172680000076,-3.640569545999938],[23.943969546000062,-3.608072181999944],[23.92137720000005,-3.532958982999958],[23.972766120000074,-3.521326345999967],[23.98047192000007,-3.505912237999951],[23.92000272000007,-3.355175492999933],[23.544499320000057,-2.984050115999935],[23.525104680000027,-2.955740421999963],[23.525828257000057,-2.918492640999943]]]},"properties":{"shapeName":"Lodja","shapeISO":"","shapeID":"63176286B24830189223330","shapeGroup":"COD","shapeType":"ADM2"}},
{"type":"Feature","geometry":{"type":"Polygon","coordinates":[[[22.195396075000076,-1.810929736999981],[22.13360999400004,-1.877293792999978],[22.15131983400005,-1.935240014999977],[22.144533473000024,-1.996965017999969],[22.181223234000072,-2.12540897599996],[22.187977192000062,-2.247556860999964],[22.22416835300004,-2.402374866999935],[22.15511351400005,-2.449078437999958],[22.131154792000075,-2.433662440999967],[22.10311654800006,-2.471349851999946],[22.105643748000034,-2.523517150999965],[22.227886066000053,-2.699896879999926],[22.17465826700004,-2.765078995999943],[22.250673353000025,-2.839162960999943],[22.35196538200006,-2.880417846999933],[22.379665032000048,-2.879348271999959],[22.28789194500007,-2.974983447999932],[22.356948225000053,-2.984761241999934],[22.413774224000065,-2.970552858999952],[22.429472392000037,-3.010860003999937],[22.418576994000034,-3.083107663999954],[22.51829519000006,-3.09323612299994],[22.60262231100006,-3.01154033399996],[22.61673070100005,-2.981151251999961],[22.671617020000042,-2.962611194999965],[22.739951138000038,-2.985559838999961],[22.785536326000056,-2.97682408299994],[22.949624147000065,-3.004138558999955],[23.02728478000006,-2.993647665999958],[23.040002145000074,-2.918311919999951],[23.07545566500005,-2.855214316999934],[23.074583390000043,-2.819256951999932],[23.213722285000074,-2.857998484999939],[23.292680362000056,-2.902638561999936],[23.399072259000036,-2.906255291999969],[23.462017539000044,-2.926746908999974],[23.525828257000057,-2.918492640999943],[23.554032456000073,-2.793601402999968],[23.598930146000043,-2.734515047999935],[23.555759377000072,-2.667067920999955],[23.71273232300007,-2.666804884999976],[23.826466410000023,-2.72183113799997],[23.943594206000057,-2.729869],[24.018232284000078,-2.671277876999966],[24.095590161000075,-2.645348888999933],[24.274103400000058,-2.544257008999978],[24.36403178000006,-2.458273013999928],[24.470613720000074,-2.439783158999944],[24.69430830700003,-2.362520264999944],[24.68109701700007,-2.189584699999955],[24.66363917700005,-2.139474287999974],[24.60872298000004,-2.064662827999939],[24.59838988000007,-1.980783040999938],[24.573266899000032,-1.943420205999928],[24.515102049000063,-1.904045207999957],[24.44404425500005,-1.715305850999925],[24.19587936000005,-1.716726878999964],[23.967714331000025,-1.69834119199993],[23.954706953000027,-1.736965018999967],[23.811168579000025,-1.735640398999976],[23.76760676200007,-1.76511957799994],[23.71401646000004,-1.773498023999935],[23.678099604000067,-1.821650900999941],[23.562313904000064,-1.793341233999968],[23.59249122800003,-1.884638913999936],[23.585521295000035,-1.990409965999959],[23.45972757100003,-2.030177017999961],[23.423952215000043,-1.997393894999959],[23.327456381000047,-2.029258409999954],[23.287540290000038,-2.087790005999977],[23.25547040300006,-2.062541967999948],[23.201402365000035,-1.979190918999961],[23.146808367000062,-1.94482198999998],[23.07323623700006,-1.915008975999967],[22.990030180000076,-1.906324973999972],[22.931553140000062,-1.87814186099996],[22.868439917000046,-1.884897809999927],[22.824930334000044,-1.862750081999934],[22.759289988000035,-1.855490002999943],[22.690299949000064,-1.808330094999974],[22.638149990000045,-1.815559937999979],[22.621749830000056,-1.802339969999935],[22.622500071000047,-1.777140042999974],[22.589590486000077,-1.750840162999964],[22.492707462000055,-1.916803809999976],[22.195396075000076,-1.810929736999981]]]},"properties":{"shapeName":"Lomela","shapeISO":"","shapeID":"63176286B89784390033972","shapeGroup":"COD","shapeType":"ADM2"}},
{"type":"Feature","geometry":{"type":"Polygon","coordinates":[[[26.18429027800005,-5.761777154999947],[26.123600346000046,-5.724862906999931],[26.12654658500003,-5.691941818999965],[26.103601268000034,-5.65980434599993],[26.124392705000048,-5.599523955999928],[26.151029102000052,-5.599004880999928],[26.175677939000025,-5.558528129999956],[26.151645061000067,-5.540888106999944],[26.136939063000057,-5.504774621999957],[26.10868806600007,-5.348803859999975],[26.13375306000006,-5.311740916999952],[26.14581522700007,-5.260193004999962],[26.19116909400003,-5.213646929999925],[26.19802817200008,-5.092400934999944],[26.27047707400004,-4.999999961999947],[25.658533182000042,-4.998853944999951],[25.06139741100003,-4.986643008999977],[25.01476516200006,-4.916950862999954],[25.01106436300006,-4.874159882999948],[24.98373415800006,-4.83528707399995],[24.920461080000052,-4.865691325999933],[24.84117684000006,-4.861154866999925],[24.822119520000058,-4.884663415999967],[24.844289400000036,-4.954947927999967],[24.764382,-4.928086838999945],[24.713049600000033,-4.999986307999961],[24.675037200000077,-5.000222760999975],[24.57536796000005,-5.044695888999968],[24.584701265000035,-5.077555573999973],[24.561145370000077,-5.172330874999943],[24.515938748000053,-5.168363969999973],[24.553629667000052,-5.301005965999934],[24.55250756500004,-5.34526568299998],[24.649423200000058,-5.404484354999965],[24.627078720000043,-5.495663612999977],[24.679906541000037,-5.551068551999947],[24.617548385000077,-5.60156546199994],[24.686408821000043,-5.699706732999971],[24.712613581000028,-5.70570155799993],[24.746126248000053,-5.74117889799993],[24.761764390000053,-5.787864880999962],[24.74800121900006,-5.841677918999949],[24.766414139000062,-5.937341923999952],[24.836108696000053,-5.980819200999974],[24.90988745100003,-5.990820871999972],[24.927671091000036,-6.014217187999975],[24.919486177000067,-6.036432520999938],[24.94293616300007,-6.060800997999934],[24.97788530300005,-6.062764831999971],[25.036668285000076,-6.034329860999947],[25.066343431000064,-6.078927895999925],[25.155460358000028,-6.118691770999931],[25.218958233000023,-6.115873944999976],[25.280506348000074,-6.077438008999934],[25.360279056000024,-6.052421894999952],[25.35325026000004,-6.19717884399995],[25.379263343000048,-6.234174860999929],[25.352876494000043,-6.274428135999926],[25.382868760000065,-6.299033489999943],[25.415327812000044,-6.319275111999957],[25.48680072700006,-6.294309258999931],[25.503716043000054,-6.311793727999941],[25.60593231100006,-6.273283988999935],[25.670965198000033,-6.265626890999954],[25.709291153000038,-6.22764895499995],[25.79726435400005,-6.194664020999937],[25.81398922300008,-6.164063953999971],[25.803398025000035,-6.151431913999943],[25.829124480000075,-6.144040962999952],[25.939312200000074,-6.205506928999966],[25.971115320000024,-6.275612593999938],[25.985916,-6.219526134999967],[26.016462360000048,-6.204440365999972],[26.02798560000008,-6.262609223999959],[26.055181080000068,-6.266384134999953],[26.072160840000038,-6.296056491999934],[26.112654,-6.285746419999953],[26.116496144000052,-6.295480555999973],[26.14319334700008,-6.242569764999928],[26.190242101000024,-6.213415153999961],[26.217827816000067,-6.154266221999933],[26.187582419000023,-6.084957857999939],[26.234387454000057,-6.067547805999936],[26.25503118000006,-6.035536576999959],[26.212607456000057,-6.035521144999962],[26.182552500000043,-6.014838925999925],[26.186126219000073,-5.993762668999977],[26.215006136000056,-5.979586022999968],[26.196971578000046,-5.941069497999933],[26.17777134000005,-5.933360128999936],[26.17703621900006,-5.870926320999956],[26.208178376000035,-5.837893719999954],[26.18429027800005,-5.761777154999947]]]},"properties":{"shapeName":"Lubao","shapeISO":"","shapeID":"63176286B12881144084902","shapeGroup":"COD","shapeType":"ADM2"}},
{"type":"Feature","geometry":{"type":"Polygon","coordinates":[[[24.55250756500004,-5.34526568299998],[24.553629667000052,-5.301005965999934],[24.515938748000053,-5.168363969999973],[24.561145370000077,-5.172330874999943],[24.584701265000035,-5.077555573999973],[24.57536796000005,-5.044695888999968],[24.675037200000077,-5.000222760999975],[24.713049600000033,-4.999986307999961],[24.764382,-4.928086838999945],[24.844289400000036,-4.954947927999967],[24.822119520000058,-4.884663415999967],[24.84117684000006,-4.861154866999925],[24.920461080000052,-4.865691325999933],[24.98373415800006,-4.83528707399995],[24.960308216000044,-4.799171858999955],[24.932541167000068,-4.790205962999948],[24.901779169000065,-4.756391853999958],[24.857914251000068,-4.660686941999927],[24.872106319000068,-4.602703866999946],[24.905803415000037,-4.565194978999955],[24.91750323100007,-4.568182951999972],[24.929172305000066,-4.519632946999934],[25.002067241000077,-4.460711962999937],[25.007559402000027,-4.442532895999932],[24.972894284000063,-4.385479889999942],[24.99168615700006,-4.368218075999948],[24.99463144200007,-4.31184501499996],[25.020515441000043,-4.273180959999934],[25.007881128000065,-4.241200872999968],[24.833189520000076,-4.273911009999949],[24.74700948000003,-4.36227101399993],[24.70390524000004,-4.384357849999958],[24.66937512000004,-4.352673453999955],[24.567341400000032,-4.380720363999956],[24.548216400000058,-4.215274194999949],[24.520234320000043,-4.192164328999979],[24.401824560000023,-4.188205427999947],[24.400707840000052,-4.119348604999971],[24.424610390000055,-3.995431978999932],[24.315283175000047,-3.967078112999957],[24.288007320000077,-3.971435010999926],[24.250404240000023,-4.024335919999942],[24.209363160000066,-4.01359305699998],[24.20108460000006,-4.055616402999931],[24.152056920000064,-4.136055877999979],[24.122437560000037,-4.122072175999961],[23.994449280000026,-4.294961851999972],[23.73358716000007,-4.212765021999928],[23.717085433000022,-4.206991939999966],[23.70206769400005,-4.504389053999944],[23.871118290000027,-4.860706819999962],[23.97393643600003,-4.876361987999928],[24.018228332000035,-4.861908015999973],[24.042717319000076,-4.875660908999976],[23.976202253000054,-4.923758017999944],[23.97252125500006,-4.940318986999955],[23.92432445700007,-4.952464005999957],[23.907815938000056,-4.991540555999961],[23.923373337000044,-5.027642794999963],[23.875839303000078,-5.048807956999951],[23.876443410000036,-5.081800784999928],[24.03609260500008,-5.221033861999956],[24.052660165000077,-5.231310754999981],[24.074895937000065,-5.210974316999966],[24.090322644000025,-5.215991995999957],[24.030526286000054,-5.293631664999964],[24.111183192000055,-5.347389883999938],[24.126327357000036,-5.371553955999957],[24.305296983000062,-5.410459437999975],[24.416423233000046,-5.377691011999957],[24.43616454100004,-5.341916800999968],[24.455376312000055,-5.378094190999946],[24.48947515100008,-5.392824490999942],[24.55250756500004,-5.34526568299998]]]},"properties":{"shapeName":"Lubefu","shapeISO":"","shapeID":"63176286B49230128630829","shapeGroup":"COD","shapeType":"ADM2"}},
{"type":"Feature","geometry":{"type":"Polygon","coordinates":[[[28.144984884000053,-0.23004532899995],[28.19202944600005,-0.23926185199997],[28.21741267400006,-0.201496994999957],[28.28724579800007,-0.155736060999971],[28.308242102000065,-0.157251852999934],[28.361470901000075,-0.123956020999969],[28.46402809700004,-0.102374997999959],[28.501156610000066,-0.183940864999954],[28.515353791000052,-0.194207570999936],[28.533756035000067,-0.178283353999973],[28.526925583000036,-0.227217541999948],[28.565526374000058,-0.235304849999977],[28.63756881300003,-0.286185079999939],[28.606978190000063,-0.360344022999925],[28.633429843000044,-0.39779903799996],[28.67360653000003,-0.399904851999963],[28.66978735400005,-0.456879875999959],[28.72398424000005,-0.524266483999952],[28.776953888000037,-0.56487637999993],[28.83260976100007,-0.560360940999942],[28.86572045400004,-0.573433638999973],[28.91887556000006,-0.55739807599997],[28.957255088000068,-0.563172891999955],[28.98394870900006,-0.652215095999964],[28.98607990800008,-0.732221512999956],[29.003709455000035,-0.760865792999937],[29.044331466000074,-0.768464851999966],[29.065726470000072,-0.82210122999993],[29.127694688000076,-0.711825122999926],[29.161068938000028,-0.704849038999953],[29.18972348500006,-0.663862879999954],[29.238220514000034,-0.702128788999971],[29.29081282800007,-0.694451940999954],[29.333684795000067,-0.661326748999954],[29.335099592000063,-0.643731124999931],[29.374396766000075,-0.654619970999931],[29.36256984000005,-0.68995007999996],[29.370899880000024,-0.704760029999932],[29.377940040000055,-0.681830099999956],[29.39761980000003,-0.690560099999971],[29.435529960000054,-0.637010099999941],[29.428710120000062,-0.616570019999926],[29.44486008000007,-0.599940089999961],[29.471270040000036,-0.615290039999934],[29.48653980000006,-0.647270099999957],[29.52600012000005,-0.622270079999964],[29.51605980000005,-0.61656002999996],[29.558940120000045,-0.619100099999969],[29.611050120000073,-0.548480069999925],[29.64340008000005,-0.466800029999945],[29.680417960000057,-0.445611361999966],[29.757736545000057,-0.067308691999926],[29.752610040000036,-0.077860143999942],[29.70186984000003,-0.065970117999939],[29.681420040000035,-0.104490035999959],[29.643009840000047,-0.128690178999932],[29.561156503000063,-0.148260100999948],[29.445404477000068,-0.126390756999967],[29.410072718000038,-0.136090327999966],[29.402968113000043,-0.092968955999936],[29.41476133200007,-0.04331291799997],[29.409230302000026,-0.033931922999955],[29.373916989000065,-0.041249007999966],[29.380444392000072,0.043314],[29.39025725500005,0.047203987000046],[29.36110126500006,0.067368731000045],[29.302919987000053,0.060648161000074],[29.271502714000064,0.108001807000051],[29.25459382100007,0.085057198000072],[29.23795125600003,0.09104985700003],[29.18893766900004,0.168476505000058],[29.151526167000043,0.192909798000073],[29.155783881000048,0.22917424000002],[29.13412883500007,0.278283177000048],[29.091037980000067,0.272938402000023],[29.05756739000003,0.289653455000064],[29.115485903000035,0.32916700100003],[29.089269080000065,0.35148081400007],[29.080745956000044,0.383005252000032],[29.011056538000048,0.401896386000033],[28.998751756000047,0.423256071000026],[29.02708587500007,0.463665098000035],[29.00840694200008,0.500676974000044],[29.04634188700004,0.552797138000074],[29.062144785000044,0.608160143000021],[28.991413168000065,0.560317940000061],[28.900915414000053,0.587634792000074],[28.689864964000037,0.570718009000075],[28.660369111000023,0.58136464200004],[28.631654473000026,0.544856039000024],[28.554963188000045,0.519618274000038],[28.554742387000033,0.544204958000023],[28.50704283400006,0.53388528000005],[28.504997616000026,0.566745130000072],[28.44635783600006,0.62972959800004],[28.37811944300006,0.661921380000024],[28.375383715000055,0.67777899400005],[28.337744762000057,0.697827821000033],[28.07385184000003,0.67894093700005],[28.042819708000025,0.639638955000066],[28.017941638000025,0.636186918000021],[27.993069108000043,0.612741071000073],[27.955246459000023,0.621852082000032],[27.893061549000038,0.561698289000049],[27.796598902000028,0.529719949000025],[27.84111862800006,0.492969928000036],[27.881058797000037,0.480350047000059],[27.920988887000078,0.491849996000042],[27.959788574000072,0.474400012000046],[28.00406515900005,0.473954867000032],[28.02665995900003,0.463390074000074],[28.025983392000057,0.436279064000075],[28.047889861000044,0.427781983000045],[28.051773956000034,0.407564383000022],[28.034434152000074,0.402736077000043],[28.041968282000028,0.377466262000041],[28.059082971000066,0.376550140000063],[28.05453401500006,0.307399048000036],[28.066177845000027,0.269727032000048],[28.134172785000032,0.220806045000074],[28.120262757000035,0.186809995000033],[28.137598902000036,0.183596080000029],[28.15402892700007,0.150981085000069],[28.102482013000042,0.102974091000021],[28.10226889300003,0.012719110000035],[28.091286428000046,-0.00504054299995],[28.144984884000053,-0.23004532899995]]]},"properties":{"shapeName":"Lubero","shapeISO":"","shapeID":"63176286B45916106821058","shapeGroup":"COD","shapeType":"ADM2"}},
{"type":"Feature","geometry":{"type":"Polygon","coordinates":[[[25.50164019600004,-9.487193049999973],[25.49026297200004,-9.550516050999931],[25.52131188000004,-9.639842036999937],[25.493151960000034,-9.627486922999935],[25.486521840000023,-9.636057949999952],[25.521954840000035,-9.656846980999944],[25.52397084000006,-9.694062920999954],[25.546015080000075,-9.696825003999948],[25.542665121000027,-9.70881288399994],[25.519246919000068,-9.707444064999947],[25.525274040000056,-9.729681008999933],[25.54835288000004,-9.742316090999964],[25.541587050000032,-9.794059015999949],[25.48830699100006,-9.82422298399996],[25.40665791600003,-9.822675044999926],[25.169343771000058,-9.921333961999949],[25.128328973000066,-9.97989391599998],[25.085427073000062,-9.97538896499998],[25.02456509900003,-10.012902017999977],[24.98327202100006,-10.016388947999928],[24.982972861000064,-10.038172964999944],[25.072053736000044,-10.049838008999927],[25.05625311600005,-10.073425010999927],[25.07876379100003,-10.099672024999961],[25.09502402800007,-10.178625052999962],[25.169335852000074,-10.23200400199994],[25.176248117000057,-10.300922002999926],[25.231821049000075,-10.293757027999959],[25.293476085000066,-10.323915943999964],[25.318487110000035,-10.35962297499998],[25.414261838000073,-10.344210052999927],[25.455760836000024,-10.291828936999934],[25.44923787600004,-10.244756894999966],[25.418449173000056,-10.231035952999946],[25.416611887000045,-10.21035995799997],[25.399820798000064,-10.202706983999974],[25.42378797400005,-10.162922951999974],[25.46964611100003,-10.175571159999947],[25.484227833000034,-10.215892964999966],[25.54090083500006,-10.240147950999926],[25.589329788000043,-10.231135937999966],[25.61713982300006,-10.183936046999975],[25.644505942000023,-10.181577127999958],[25.661191966000047,-10.200021921999962],[25.647331294000026,-10.26938193199993],[25.67835684000005,-10.257247],[25.700733,-10.227418039999975],[25.779202810000072,-10.223656069999947],[25.80405396900005,-10.26890794999997],[25.793205730000068,-10.337914019999971],[25.842118927000058,-10.384737918999974],[25.84863672700004,-10.52253796499997],[25.877591885000072,-10.614834051999935],[25.911774963000028,-10.671503936999954],[25.888320965000048,-10.713486992999947],[25.90355688300008,-10.73533503699997],[25.89750492400003,-10.782094995999955],[25.91628396300007,-10.800224042999957],[25.94726987100006,-10.951874114999953],[26.065182787000026,-10.979379027999926],[26.123450984000044,-10.948072964999938],[26.166606710000053,-10.883135024999945],[26.215022672000032,-10.88367403999996],[26.234343933000048,-10.936789013999942],[26.264573849000044,-10.951811950999968],[26.272574880000036,-10.993110970999965],[26.330859923000048,-11.06117704999997],[26.314710685000023,-11.099725003999936],[26.32183976400006,-11.169921004999935],[26.310423807000063,-11.208910042999946],[26.360398892000035,-11.228708990999962],[26.348784520000038,-11.031683921999957],[26.41891466100003,-10.918039892999957],[26.514115556000036,-10.893531007999968],[26.549595707000037,-10.898419924999928],[26.565931782000064,-10.881615013999976],[26.561639502000048,-10.811864004999961],[26.606185528000026,-10.74039791499996],[26.510468933000027,-10.678285943999981],[26.56632579500007,-10.600464970999951],[26.527863744000058,-10.593640001999972],[26.51600950900007,-10.561147020999954],[26.453803851000032,-10.501513879999948],[26.49559679200007,-10.47477891799997],[26.813773698000034,-10.463961909999966],[26.917802504000065,-10.51739501399993],[26.928330343000027,-10.60126889999998],[26.938891660000024,-10.607278965999967],[26.980444644000045,-10.55759],[27.043703460000074,-10.551065042999937],[27.07313255200006,-10.56338200099998],[27.101946679000037,-10.546778966999966],[27.109319837000044,-10.517202983999937],[27.187976578000075,-10.429631091999966],[27.10559779500005,-10.320805925999935],[26.98216857700004,-10.225792049999939],[27.048358791000055,-10.098173907999978],[27.099418463000063,-10.033522929999947],[27.064364556000044,-9.968782932999943],[27.06971739200003,-9.916011976999926],[27.016419805000055,-9.919116144999975],[27.006371632000025,-9.943414700999938],[26.949248649000026,-9.953957042999946],[26.930560548000074,-9.975165926999978],[26.886050642000043,-9.96205002399995],[26.886193503000072,-9.986189795999962],[26.85521261200006,-9.977920922999942],[26.83610051900007,-9.987172954999949],[26.831141672000058,-10.011619764999978],[26.790028837000023,-10.023728031999951],[26.74706642900003,-10.00550691099994],[26.781774376000044,-9.979311957999926],[26.773433539000052,-9.91310690299997],[26.599254432000066,-9.921401031999949],[26.479175745000077,-9.890727014999982],[26.430098758000042,-9.898198927999942],[26.360198655000033,-9.854178898999976],[26.316816506000066,-9.856903950999936],[26.29904655100006,-9.884355936999953],[26.282667635000053,-9.884072963999927],[26.267102839000074,-9.822129049999944],[26.292103756000074,-9.763991027999964],[26.340156910000076,-9.717862956999966],[26.33076667000006,-9.67939097599998],[26.352986947000034,-9.650949047999973],[26.332635846000073,-9.641216012999962],[26.249758920000033,-9.679228985999941],[26.22010896000006,-9.710678943999937],[26.188503840000067,-9.700322957999958],[26.12304288000007,-9.720725027999947],[26.104053960000044,-9.711313927999981],[26.037690120000036,-9.722583025999938],[26.03351988000003,-9.676593943999933],[25.944451920000063,-9.701298995999935],[25.879884120000042,-9.679938990999972],[25.824528,-9.633107930999927],[25.700141160000044,-9.56688491899996],[25.640748,-9.48972398799998],[25.590183120000063,-9.51707507599997],[25.510399920000054,-9.505491037999946],[25.50164019600004,-9.487193049999973]]]},"properties":{"shapeName":"Lubudi","shapeISO":"","shapeID":"63176286B52782039621830","shapeGroup":"COD","shapeType":"ADM2"}},
{"type":"Feature","geometry":{"type":"Polygon","coordinates":[[[27.53473443100006,-11.519604885999968],[27.517126320000045,-11.539463870999953],[27.446498640000073,-11.521120205999978],[27.41861916000005,-11.54556673899998],[27.408157920000065,-11.593514652999943],[27.370106280000073,-11.577531645999954],[27.300441240000055,-11.640511481999965],[27.34259220000007,-11.778646014999936],[27.382106880000038,-11.771131534999938],[27.396761040000058,-11.79837518499994],[27.435433320000072,-11.796497646999967],[27.445367520000048,-11.823738744999957],[27.462479400000063,-11.830314080999926],[27.497409840000046,-11.830315138999936],[27.546560640000052,-11.781470526999954],[27.562856400000044,-11.742951399999981],[27.54729216000004,-11.717581524999957],[27.558008280000024,-11.683752119999951],[27.60323832000006,-11.679054598999926],[27.62804772000004,-11.641461289999938],[27.592190280000068,-11.642400152999926],[27.636063470000067,-11.523805459999949],[27.569056680000074,-11.51172041999996],[27.577212840000072,-11.492912830999956],[27.559071720000077,-11.481627102999937],[27.53473443100006,-11.519604885999968]]]},"properties":{"shapeName":"Lubumbashi","shapeISO":"","shapeID":"63176286B7033307846906","shapeGroup":"COD","shapeType":"ADM2"}},
{"type":"Feature","geometry":{"type":"Polygon","coordinates":[[[26.61475964300007,-0.352090100999931],[26.559909744000038,-0.378440015999956],[26.45737763900007,-0.381828569999925],[26.43074976200006,-0.319189956999935],[26.38598988900003,-0.304580052999938],[26.362859893000063,-0.273179916999936],[26.326449858000046,-0.258679892999965],[26.30130958600006,-0.191989977999924],[26.272992302000034,-0.199500308999973],[26.226280186000054,-0.136970546999976],[26.192569932000026,-0.132289947999936],[26.19447960800005,-0.106251071999964],[26.143221873000073,-0.093329825999945],[26.140228339000032,-0.077269800999943],[26.132190285000036,-0.086979726999971],[26.10141002000006,-0.076480080999943],[26.095009852000032,-0.054159934999973],[26.07835985400004,-0.049820082999929],[26.09111938600006,-0.032131472999936],[26.06501060100004,-0.034030266999935],[26.07362981500006,-0.027420071999927],[26.064329936000036,-0.014290029999927],[26.033574060000035,-0.048950273999935],[26.081836014000032,-0.198360943999944],[26.170768241000076,-0.284088987999951],[26.109110331000068,-0.372605987999975],[26.273706477000076,-0.504145905999962],[26.256624480000028,-0.624769900999979],[26.230238280000037,-0.66800487699993],[26.244984960000068,-0.826945932999934],[26.25965676000004,-0.855461956999932],[26.243652960000077,-0.894267688999946],[26.14612020100003,-0.94914392499993],[26.07360588000006,-0.962511942999924],[26.08294464000005,-1.09070210699997],[26.14096224000008,-1.132904303999965],[26.080278840000062,-1.155426292999948],[26.058941640000057,-1.259591575999934],[26.079614280000044,-1.264815273999943],[26.08191997800003,-1.281340037999939],[26.119627853000054,-1.286569929999928],[26.129869728000074,-1.26977011699995],[26.11975159900004,-1.238069757999938],[26.14740957600003,-1.245830069999954],[26.185949712000024,-1.217729906999978],[26.198409825000056,-1.273329927999953],[26.22415975900003,-1.240409945999943],[26.28638978500004,-1.282359896999935],[26.335039764000044,-1.277670007999973],[26.390269929000056,-1.352500049999946],[26.421109545000036,-1.347840040999927],[26.453580609000028,-1.36317132399995],[26.459079598000073,-1.39985997499997],[26.484099654000033,-1.413449921999927],[26.52586958200004,-1.397499977999928],[26.579160198000068,-1.417379584999935],[26.678379678000056,-1.351189936999958],[26.777959619000058,-1.33989999399995],[26.796619857000053,-1.311570075999953],[26.83710945300004,-1.328950003999978],[26.845889489000058,-1.28433998099996],[26.870499438000024,-1.264040091999959],[26.879989394000063,-1.228390072999957],[26.936138205000077,-1.210550488999957],[26.95968939900007,-1.217839990999948],[26.988789265000037,-1.174320039999941],[27.045169198000053,-1.159229878999952],[27.077409342000067,-1.17107993999997],[27.09330957800006,-1.142540899999972],[27.160169341000028,-1.190839960999938],[27.21300903300005,-1.212519975999953],[27.227144235000026,-1.204889585999979],[27.250569666000047,-1.174020016999975],[27.277119623000033,-1.19025980899994],[27.30267965200005,-1.181439920999935],[27.32715950000005,-1.192400088999932],[27.338089602000025,-1.181790039999953],[27.290389616000027,-1.129310063999981],[27.266649422000057,-1.067560077999929],[27.27824969900007,-1.052589919999946],[27.274349460000053,-0.980220048999968],[27.310799450000047,-0.955050050999944],[27.38589938800004,-0.945160008999949],[27.441729611000028,-0.913500007999971],[27.517266849000066,-0.899002989999929],[27.57505579000008,-0.903400044999955],[27.638429101000042,-0.93442878299993],[27.679516682000042,-0.929916908999928],[27.70631781700007,-0.893054893999931],[27.76634593400007,-0.885712865999949],[27.780078738000043,-0.780430921999937],[27.80642892800006,-0.746789857999943],[27.80438988900005,-0.694876010999963],[27.830983798000034,-0.666289885999959],[27.82442388100003,-0.625194864999969],[27.841009074000056,-0.596021891999953],[27.660464640000043,-0.595421383999962],[27.601426480000043,-0.572941987999968],[27.55951032100006,-0.534497122999937],[27.519135633000076,-0.541526663999946],[27.498545386000046,-0.528502881999941],[27.48813527300007,-0.490869920999955],[27.419755474000056,-0.516591001999927],[27.358583103000058,-0.515640792999932],[27.344522079000058,-0.476179942999977],[27.300391852000075,-0.45266199699995],[27.193103961000077,-0.446558924999977],[27.135745841000073,-0.423761985999931],[27.117827813000076,-0.38798797499993],[27.07284491200005,-0.380078864999973],[27.070174792000046,-0.329333],[27.028792801000066,-0.304189850999933],[27.00953316600004,-0.273931844999936],[26.95634209900004,-0.266040929999974],[26.905804801000045,-0.228976939999939],[26.88895403300006,-0.240501862999963],[26.845958091000057,-0.205712146999929],[26.82796792700003,-0.217927911999936],[26.84721316300005,-0.245433007999964],[26.84086600300003,-0.259226040999977],[26.81647320600007,-0.266865820999953],[26.790647155000045,-0.252464971999927],[26.70913591200008,-0.316052313999933],[26.61475964300007,-0.352090100999931]]]},"properties":{"shapeName":"Lubutu","shapeISO":"","shapeID":"63176286B14336347527587","shapeGroup":"COD","shapeType":"ADM2"}},
{"type":"Feature","geometry":{"type":"Polygon","coordinates":[[[21.624192781000033,-5.316130856999962],[21.602329913000062,-5.331229922999967],[21.57896987400005,-5.315269969999974],[21.549482822000073,-5.343679828999939],[21.516540117000034,-5.310650046999967],[21.452270037000062,-5.309019920999958],[21.445530118000022,-5.330609943999946],[21.367633088000048,-5.342388653999933],[21.31821319200003,-5.303862140999968],[21.300199916000054,-5.270900035999944],[21.282959875000074,-5.277259945999958],[21.276380155000027,-5.258369891999962],[21.26258999500004,-5.262450023999975],[21.233999875000052,-5.234499997999933],[21.211949877000052,-5.179650111999933],[21.193589876000033,-5.179339955999978],[21.181780867000043,-5.146391803999961],[21.163209836000078,-5.144010101999925],[21.135559202000024,-5.112607955999977],[21.11151684200007,-5.043253068999945],[21.090390116000037,-5.097689914999933],[21.09444932300005,-5.174078883999925],[21.071949836000044,-5.232410038999944],[21.086619836000068,-5.293199898999944],[20.999311180000063,-5.363888890999931],[20.980100159000074,-5.401289916999929],[20.98104031500003,-5.448458757999958],[20.910740040000064,-5.512530040999934],[20.917289880000055,-5.592370046999974],[20.873659297000074,-5.591702501999976],[20.862119880000023,-5.603389929999935],[20.867100120000032,-5.673549980999951],[20.833986251000056,-5.734112792999952],[20.893526174000044,-5.776251951999939],[20.915191538000045,-5.812689948999946],[20.96451337900004,-5.828097297999932],[20.985603480000066,-5.893505862999973],[21.056772240000043,-5.96143800699997],[21.126915360000055,-6.001761902999931],[21.155193360000055,-6.054543936999949],[21.213121320000027,-6.107451021999964],[21.234009240000034,-6.113748876999978],[21.275234280000063,-6.090011961999949],[21.35419631800005,-6.113105923999967],[21.39082343800004,-6.089343890999942],[21.45622751800005,-6.127475949999962],[21.58827215200006,-6.138874946999977],[21.57324624000006,-6.033275858999957],[21.582630360000053,-5.977666006999925],[21.663788397000076,-5.894730983999978],[21.697605356000054,-5.803644950999967],[21.750351314000056,-5.769718971999964],[21.75621443700004,-5.802856936999945],[21.822178317000066,-5.863577934999967],[21.87041507600003,-5.861326910999935],[21.87838331200004,-5.81479286299998],[21.936460113000066,-5.751741877999962],[21.977056435000065,-5.620564951999938],[21.92568947500007,-5.520567882999956],[21.878605436000043,-5.477702901999976],[21.846800012000074,-5.415173491999951],[21.821969876000026,-5.426129981999964],[21.820740116000024,-5.451880044999939],[21.76076987600004,-5.464780042999962],[21.754410117000077,-5.441979880999952],[21.711970076000057,-5.430789924999942],[21.686375419000058,-5.395729505999952],[21.658780077000074,-5.392760083999974],[21.664097893000076,-5.330317359999981],[21.624192781000033,-5.316130856999962]]]},"properties":{"shapeName":"Luebo","shapeISO":"","shapeID":"63176286B69668932062204","shapeGroup":"COD","shapeType":"ADM2"}},
{"type":"Feature","geometry":{"type":"Polygon","coordinates":[[[23.271591494000063,-6.949275058999945],[23.246660173000066,-7.008048925999958],[23.26153536000004,-7.040030879999961],[23.233471200000054,-7.059719944999927],[23.214452400000027,-7.161228913999935],[23.23491444000007,-7.172063917999935],[23.226385320000077,-7.336975931999973],[23.247549180000078,-7.344134891999943],[23.255804520000027,-7.364361960999929],[23.23225620000005,-7.413697988999957],[23.254528320000077,-7.450484943999982],[23.229595440000026,-7.500273930999981],[23.207710320000047,-7.511255121999966],[23.228338290000067,-7.570079996999937],[23.21840845500003,-7.591646905999937],[23.229360360000044,-7.656647],[23.184984231000044,-7.768832781999947],[23.176185480000072,-7.799807907999934],[23.188785453000037,-7.841841013999954],[23.170541400000047,-7.874860978999948],[23.180756400000064,-7.923726208999938],[23.209797240000057,-7.957336888999976],[23.228231400000027,-7.950715923999951],[23.267809440000065,-7.975575975999959],[23.309536680000065,-7.944043624999949],[23.389906320000023,-7.955130923999945],[23.442347880000057,-7.943962772999953],[23.497434360000057,-7.979630917999941],[23.583614760000046,-7.936504495999941],[23.625578880000035,-7.966846674999942],[23.688383256000066,-7.967504881999957],[23.71768738000003,-7.907865870999956],[23.716560240000035,-7.88032001299996],[23.755989240000076,-7.824128874999928],[23.801090400000078,-7.866419958999927],[23.811842520000027,-7.957556948999979],[23.824147320000066,-7.886665975999961],[23.95494,-7.833299970999974],[23.959799280000027,-7.800245876999952],[23.919784200000038,-7.71778895999995],[23.936439240000027,-7.595198014999937],[23.921495333000053,-7.566020827999978],[23.934395179000035,-7.553173834999939],[23.927274372000056,-7.529514826999957],[23.96384820000003,-7.471858857999962],[23.978691360000028,-7.384882977999951],[24.010000181000066,-7.369752027999937],[23.969738160000077,-7.34582895099993],[23.961694330000057,-7.326527873999964],[23.985664154000062,-7.262235827999973],[23.961073382000052,-7.210298775999945],[24.01448222700003,-7.163484874999938],[24.066528480000045,-7.06796],[24.09713019700007,-7.061321903999954],[24.11326440000005,-7.072033920999957],[24.126583209000046,-7.04824903399998],[24.141077125000038,-7.050556834999952],[24.147531351000055,-7.017018001999929],[24.130512386000078,-7.003449091999926],[24.152374440000074,-6.98462492799996],[24.12179316000004,-6.946689997999954],[24.15745332000006,-6.932240913999976],[24.147112294000067,-6.903051134999941],[24.071653440000034,-6.93033599499995],[24.038379,-6.887042951999945],[23.92621452000003,-6.899559943999975],[23.904504360000033,-6.863464238999939],[23.861720520000063,-6.84700246999995],[23.872780800000044,-6.805355396999971],[23.814999,-6.790158054999949],[23.805637560000037,-6.756678346999934],[23.741652960000067,-6.750388379999947],[23.737369240000078,-6.727768009999977],[23.70907544800008,-6.748656859999926],[23.69094298400006,-6.72712770399994],[23.59902777900004,-6.770363286999952],[23.507181347000028,-6.716649941999947],[23.47504630000003,-6.666038914999945],[23.440803303000052,-6.647367866999957],[23.41157146200004,-6.672142932999975],[23.41914042700006,-6.68801392599994],[23.402778455000032,-6.715796024999975],[23.31210132700005,-6.765281860999949],[23.337581383000042,-6.801635961999978],[23.315273268000055,-6.799757897999939],[23.291294400000027,-6.842459018999932],[23.30805816000003,-6.862250944999971],[23.277160560000027,-6.915276941999934],[23.271591494000063,-6.949275058999945]],[[23.433261480000056,-6.931357152999965],[23.52905388000005,-6.940922618999934],[23.546446200000048,-6.958667468999977],[23.552982,-7.003182860999971],[23.479377120000038,-7.043411625999966],[23.408231400000034,-7.029605893999928],[23.410215720000053,-6.982208269999944],[23.433261480000056,-6.931357152999965]]]},"properties":{"shapeName":"Luilu","shapeISO":"","shapeID":"63176286B70348427219396","shapeGroup":"COD","shapeType":"ADM2"}},
{"type":"Feature","geometry":{"type":"Polygon","coordinates":[[[22.431443904000048,-6.507227149999949],[22.410021233000066,-6.525095021999959],[22.37214887500005,-6.662594789999957],[22.37828399500006,-6.678806589999965],[22.406264993000036,-6.681159289999925],[22.41271907400005,-6.712169318999941],[22.38787439400005,-6.737860993999959],[22.381824234000078,-6.766110992999927],[22.38438635400007,-6.844941891999952],[22.350783954000065,-6.865363345999981],[22.264172995000024,-6.873385000999974],[22.24111967500005,-6.914508114999933],[22.221413274000042,-6.888827278999941],[22.19774291400006,-6.901350843999978],[22.166683195000076,-6.887485946999959],[22.202371435000032,-6.958369975999972],[22.24561535500004,-6.974961619999931],[22.256269195000073,-7.018733864999945],[22.23083727900007,-7.065295912999943],[22.179949200000067,-7.080760916999964],[22.13300916000003,-7.082910940999966],[22.119489360000046,-7.063337875999935],[22.079006280000044,-7.060451974999978],[21.96231228000005,-7.07775387199996],[21.948580243000038,-7.054042969999955],[21.904354300000023,-7.071351972999935],[21.871250280000027,-7.062964976999979],[21.798433440000053,-7.099007001999951],[21.783750480000037,-7.085857862999944],[21.75543648000007,-7.090809892999971],[21.738006360000043,-7.073744923999925],[21.65364046700006,-7.069749549999926],[21.66355008000005,-7.117349992999948],[21.701679840000054,-7.135640026999965],[21.71367000300006,-7.196329977999937],[21.78686988000004,-7.257920032999948],[21.779689173000065,-7.274680032999981],[21.819740040000056,-7.327550044999953],[21.83825016000003,-7.385779968999941],[21.82880988000005,-7.402869975999977],[21.853479960000072,-7.426460006999946],[21.843029880000074,-7.459079951999968],[21.85691004000006,-7.475039945999981],[21.836360160000027,-7.520000065999966],[21.85233984000007,-7.570119870999974],[21.829349880000052,-7.637219954999978],[21.839379480000048,-7.663816889999964],[21.940935480000064,-7.684015663999958],[21.97001448000003,-7.70334928699998],[22.002409440000065,-7.672058970999956],[22.023705240000027,-7.674981915999979],[22.042504800000074,-7.72170215899996],[22.165096320000032,-7.881365898999945],[22.29113736000005,-7.87118825899995],[22.421320920000028,-7.804463785999928],[22.446910080000066,-7.830356626999958],[22.496587920000024,-7.84488113599997],[22.55384052000005,-7.765322925999953],[22.607999368000037,-7.742968700999938],[22.604339880000055,-7.73308992799997],[22.65167986800003,-7.775449952999963],[22.64652,-7.82342009499996],[22.67705988000006,-7.855400045999943],[22.66108992000005,-7.89598998799994],[22.76641980000005,-7.817686248999962],[22.81719348000007,-7.822594550999952],[22.940858880000064,-7.888303235999956],[22.984252560000073,-7.864847233999967],[23.083963200000028,-7.874910961999944],[23.10337620000007,-7.826523007999981],[23.150661480000053,-7.776572012999964],[23.184984231000044,-7.768832781999947],[23.229360360000044,-7.656647],[23.21840845500003,-7.591646905999937],[23.228338290000067,-7.570079996999937],[23.207710320000047,-7.511255121999966],[23.229595440000026,-7.500273930999981],[23.254528320000077,-7.450484943999982],[23.23225620000005,-7.413697988999957],[23.255804520000027,-7.364361960999929],[23.247549180000078,-7.344134891999943],[23.226385320000077,-7.336975931999973],[23.23491444000007,-7.172063917999935],[23.214452400000027,-7.161228913999935],[23.233471200000054,-7.059719944999927],[23.26153536000004,-7.040030879999961],[23.246660173000066,-7.008048925999958],[23.271591494000063,-6.949275058999945],[23.137796880000053,-6.933965317999935],[23.12594820000004,-6.895014676999949],[23.045164560000046,-6.868538350999927],[23.03387244000004,-6.871229171999971],[23.031170640000028,-6.902146459999926],[22.977462240000023,-6.952023493999945],[22.962900240000067,-6.943133225999929],[22.94853118800006,-6.885154843999942],[22.922419668000032,-6.902078114999938],[22.87751614900003,-6.890287587999978],[22.84197442800007,-6.90587887099997],[22.825906189000023,-6.889296934999948],[22.732584472000042,-6.858739874999969],[22.696155347000058,-6.791547979999962],[22.673050550000028,-6.806060086999935],[22.598442607000038,-6.777272833999973],[22.565319834000036,-6.779260049999948],[22.566578935000052,-6.731920857999967],[22.54274895700007,-6.695087792999971],[22.489870154000073,-6.690119066999955],[22.499018100000058,-6.614757404999978],[22.47421128900004,-6.601127290999955],[22.470878652000067,-6.555379311999957],[22.431443904000048,-6.507227149999949]]]},"properties":{"shapeName":"Luiza","shapeISO":"","shapeID":"63176286B81146580347594","shapeGroup":"COD","shapeType":"ADM2"}},
{"type":"Feature","geometry":{"type":"Polygon","coordinates":[[[23.649278768000045,-6.468585716999939],[23.637951087000033,-6.486602680999965],[23.665248941000073,-6.496632460999933],[23.67026283200005,-6.472486351999976],[23.649278768000045,-6.468585716999939]]]},"properties":{"shapeName":"Lukalaba","shapeISO":"","shapeID":"63176286B63969135863157","shapeGroup":"COD","shapeType":"ADM2"}},
{"type":"Feature","geometry":{"type":"Polygon","coordinates":[[[17.779050975000075,-0.555500224999946],[17.70305879600005,-0.559102377999977],[17.63300016000005,-0.662999941999942],[17.58490992000003,-0.68757779799995],[17.560000080000066,-0.751999973999943],[17.493000120000033,-0.838999949999959],[17.340999840000052,-0.990000064999947],[17.255000160000066,-1.040999955999951],[17.16400008000005,-1.051999937999938],[17.11100016000006,-1.073999962999949],[16.97699988000005,-1.150999934999959],[16.845999840000047,-1.263999916999978],[16.74100008000005,-1.432999963999976],[16.58900016000007,-1.745000077999975],[16.503999840000063,-1.874000004999971],[16.560269722000044,-1.862831923999977],[16.592499360000033,-1.96296896299998],[16.637024160000067,-1.998242988999948],[16.945014960000037,-2.00126634999998],[16.942682520000062,-1.866093805999981],[16.846914240000046,-1.845969853999975],[16.827883560000032,-1.821587307999948],[16.79406768000007,-1.836343910999972],[16.79006916000003,-1.802325196999959],[16.811166600000035,-1.768590470999925],[16.85815020000007,-1.781679000999929],[16.94060784000004,-1.759349089999944],[17.00272296000003,-1.772609364999937],[17.01690768000003,-1.790495848999967],[17.063529120000055,-1.804318664999926],[17.09428896000003,-1.778079146999971],[17.113553280000076,-1.78642186999997],[17.50642632000006,-1.479804369999954],[17.501694840000027,-1.404545],[17.54367048000006,-1.329610927999965],[17.556953760000056,-1.222491307999974],[17.710539120000078,-1.069296870999949],[17.78537016000007,-0.659079937999934],[17.810309880000034,-0.59231],[17.74174871200006,-0.618659521999973],[17.72982,-0.596743692999951],[17.779050975000075,-0.555500224999946]]]},"properties":{"shapeName":"Lukolela","shapeISO":"","shapeID":"63176286B14204108243102","shapeGroup":"COD","shapeType":"ADM2"}},
{"type":"Feature","geometry":{"type":"Polygon","coordinates":[[[13.17608856000004,-5.324023411999974],[13.152738600000077,-5.32845804699997],[13.130012520000037,-5.298878909999928],[13.149183600000072,-5.262672019999968],[13.143137040000056,-5.25122820699994],[13.125592440000048,-5.260244225999941],[13.126454280000075,-5.233993526999939],[13.069919187000039,-5.211311032999959],[13.018269239000062,-5.237065909999956],[12.950026920000028,-5.183223172999931],[12.921818760000065,-5.193680545999939],[12.907386,-5.185368937999954],[12.88626516100004,-5.153051909999931],[12.827451600000074,-5.184872478999978],[12.796058300000027,-5.098485998999934],[12.717775440000025,-5.137782912999967],[12.676226400000076,-5.13637598899993],[12.62158710600005,-5.155432843999961],[12.614020200000027,-5.131270971999925],[12.547905403000073,-5.142722909999975],[12.521510170000056,-5.133498897999971],[12.47321880000004,-5.151501602999929],[12.508477200000073,-5.159747785999969],[12.509187480000037,-5.664097823999953],[12.588871320000067,-5.646020911999926],[12.637656720000052,-5.673657046999949],[12.717369,-5.659521707999943],[12.729627720000053,-5.641045059999954],[12.712767480000025,-5.572556901999974],[12.751012080000066,-5.514564491999977],[12.778905960000031,-5.53261286999998],[12.823044480000021,-5.534899820999954],[12.833313840000073,-5.515552383999932],[12.824070480000046,-5.471737103999942],[12.861946800000055,-5.499048776999928],[12.88541556000007,-5.45425952599993],[12.912527160000025,-5.500949985999966],[12.953832840000075,-5.522632442999964],[12.957113520000064,-5.632356047999963],[13.04266068000004,-5.602590873999929],[13.066224480000074,-5.638638901999968],[13.141552680000075,-5.635115375999931],[13.162020840000025,-5.65459027199995],[13.203009720000068,-5.632915087999947],[13.204898640000067,-5.612400252999976],[13.218650280000077,-5.573171784999943],[13.20397668000004,-5.530786924999973],[13.232333880000056,-5.483237901999928],[13.19895144000003,-5.41735793099997],[13.194032040000025,-5.38236012699997],[13.211034120000022,-5.344790169999953],[13.17608856000004,-5.324023411999974]]]},"properties":{"shapeName":"Lukula","shapeISO":"","shapeID":"63176286B65126745094635","shapeGroup":"COD","shapeType":"ADM2"}},
{"type":"Feature","geometry":{"type":"Polygon","coordinates":[[[14.430020040000045,-4.896379937999939],[14.416210080000042,-4.897479967999971],[14.402149920000056,-4.87604145499995],[14.424240240000074,-4.763071871999955],[14.408326800000054,-4.693063964999965],[14.380386120000026,-4.649578353999971],[14.398395840000035,-4.592395977999956],[14.395065480000028,-4.547549122999953],[14.42754756000005,-4.533386462999943],[14.43295728000004,-4.493250874999944],[14.480509298000072,-4.436333010999931],[14.445927720000043,-4.423104533999947],[14.399397360000023,-4.371807889999957],[14.418822240000054,-4.32696373999994],[14.408571600000073,-4.307730564999929],[14.38169976000006,-4.298126193999963],[14.313832560000037,-4.317401487999973],[14.155657200000064,-4.408706549999977],[14.016846240000064,-4.432406307999941],[13.943620800000076,-4.516104869999936],[13.872071880000021,-4.497747886999946],[13.843889640000043,-4.455237072999978],[13.810193280000021,-4.433172495999941],[13.748459400000058,-4.45006202999997],[13.730382,-4.469271005999929],[13.733361720000062,-4.578188403999945],[13.702869360000022,-4.666933550999943],[13.731713640000066,-4.696235895999962],[13.716904320000026,-4.725048084999969],[13.680671760000052,-4.719531959999927],[13.690052280000032,-4.771691515999976],[13.643107200000031,-4.748326645999953],[13.600049760000047,-4.821945764999953],[13.55823,-4.808192629999951],[13.527524160000041,-4.776606458999936],[13.503416400000049,-4.799461564999945],[13.502093760000037,-4.839257243999953],[13.41581184000006,-4.892710646999944],[13.38611184000007,-4.904581091999944],[13.376014202000022,-4.925793789999943],[13.436175240000068,-4.980078898999977],[13.45089420000005,-5.027469909999979],[13.507147972000041,-5.057820868999954],[13.501205280000022,-5.093943855999953],[13.540757400000075,-5.190094979999969],[13.571540280000022,-5.216308954999931],[13.566038400000025,-5.227124000999936],[13.592898288000072,-5.227112147999947],[13.644600120000064,-5.286670028999936],[13.696080120000033,-5.331040070999961],[13.729379257000062,-5.339530030999981],[13.73577012000004,-5.30479007799994],[13.775919840000029,-5.274629955999956],[13.821209138000029,-5.326129163999951],[13.85886996000005,-5.335990013999947],[13.87696724600005,-5.301246567999954],[13.87212984000007,-5.284680025999933],[13.887519840000039,-5.288120039999967],[13.883569934000036,-5.247860155999945],[13.8987,-5.232440010999937],[13.94737992000006,-5.239990030999934],[13.97100010500003,-5.220180208999977],[13.999596541000074,-5.140551013999925],[13.988469960000032,-5.05359998299997],[14.00958,-5.050590075999935],[14.015300040000056,-5.031950097999925],[14.063510160000021,-5.045470006999949],[14.12199,-5.013200061999953],[14.186398200000042,-4.954457124999976],[14.209779960000049,-4.937859973999934],[14.271540120000054,-4.952279967999971],[14.33164907400004,-4.941150105999952],[14.430020040000045,-4.896379937999939]]]},"properties":{"shapeName":"Luozi","shapeISO":"","shapeID":"63176286B40063645047483","shapeGroup":"COD","shapeType":"ADM2"}},
{"type":"Feature","geometry":{"type":"Polygon","coordinates":[[[23.397997275000023,-5.781916872999943],[23.41381824000007,-5.804019862999951],[23.39863452000003,-5.821703],[23.418514440000024,-5.905211981999969],[23.408085240000048,-5.977861020999967],[23.438137165000057,-6.015161726999963],[23.467764114000033,-6.026705884999956],[23.481056401000046,-6.055698980999978],[23.442644160000043,-6.086909943999956],[23.439790080000023,-6.108041834999938],[23.401380240000037,-6.08255490199997],[23.36404680000004,-6.077541774999929],[23.379671160000044,-6.095314022999958],[23.385292958000036,-6.191433489999952],[23.42161512000007,-6.319894703999978],[23.513000736000038,-6.40337984599995],[23.53258008000006,-6.419030040999928],[23.54523984000008,-6.400889962999941],[23.569660080000062,-6.345520091999958],[23.559270309000055,-6.339380600999959],[23.577089926000042,-6.320699542999932],[23.56788996000006,-6.288969962999943],[23.576210417000027,-6.25741020199996],[23.591900160000023,-6.25217003299997],[23.5782,-6.247829980999938],[23.583780902000058,-6.22970974499998],[23.59939827900007,-6.231900959999962],[23.630989792000037,-6.172260493999943],[23.604118200000073,-6.155209979999938],[23.53093235500006,-6.157850830999962],[23.542145640000058,-6.052652852999927],[23.573431224000046,-6.053996936999965],[23.605797109000036,-6.086693924999963],[23.65773228000006,-6.084924892999936],[23.668170348000046,-6.09868107099993],[23.696089920000077,-6.100380024999936],[23.69081016000007,-6.078810024999939],[23.708561264000025,-6.029120252999974],[23.746510029000035,-6.031109949999973],[23.736859869000057,-5.995349982999926],[23.767210027000033,-5.962500036999927],[23.748630068000068,-5.945239989999948],[23.750499025000067,-5.897178779999933],[23.730510329000026,-5.894389985999965],[23.733969770000044,-5.87922012599995],[23.69240995100006,-5.841680070999928],[23.69452020600005,-5.808104945999958],[23.722110405000024,-5.780089087999954],[23.718700454000043,-5.766576844999975],[23.710420102000057,-5.758459984999945],[23.73780996000005,-5.693169900999976],[23.72473008000003,-5.675679989999935],[23.750939880000033,-5.646040101999972],[23.745670062000045,-5.634079820999943],[23.675707800000055,-5.628617258999952],[23.61174747700005,-5.65919990499998],[23.580938160000073,-5.692275028999973],[23.504562360000023,-5.683832307999978],[23.47846596000005,-5.741691953999975],[23.429327400000034,-5.744049976999975],[23.397997275000023,-5.781916872999943]]]},"properties":{"shapeName":"Lupatapata","shapeISO":"","shapeID":"63176286B66669834222633","shapeGroup":"COD","shapeType":"ADM2"}},
{"type":"Feature","geometry":{"type":"Polygon","coordinates":[[[23.745670062000045,-5.634079820999943],[23.750939880000033,-5.646040101999972],[23.72473008000003,-5.675679989999935],[23.73780996000005,-5.693169900999976],[23.710420102000057,-5.758459984999945],[23.718700454000043,-5.766576844999975],[23.765527374000044,-5.779680908999978],[23.796791161000044,-5.751890971999956],[23.832861406000063,-5.74204287699996],[23.84824564300004,-5.748353924999947],[23.82743120500004,-5.799645853999948],[23.88059418100005,-5.804418976999955],[23.899646112000028,-5.823066154999935],[23.899629377000053,-5.848822974999962],[23.957540162000043,-5.815996093999956],[24.00761016000007,-5.831451020999964],[24.01298280000003,-5.816837530999976],[24.049878840000076,-5.814435887999934],[24.066556200000036,-5.797509882999975],[24.13673964000003,-5.789412464999941],[24.187721400000044,-5.79870796299997],[24.199672320000047,-5.776408941999932],[24.172126200000037,-5.717974894999941],[24.170322960000078,-5.660378970999943],[24.124789080000028,-5.613015810999968],[24.062369400000023,-5.582899153999961],[24.045027840000046,-5.42446661799994],[24.066441360000056,-5.385242103999929],[24.077748960000065,-5.416038128999958],[24.108387480000033,-5.422199690999946],[24.126327357000036,-5.371553955999957],[24.111183192000055,-5.347389883999938],[24.030526286000054,-5.293631664999964],[24.090322644000025,-5.215991995999957],[24.074895937000065,-5.210974316999966],[24.052660165000077,-5.231310754999981],[24.03609260500008,-5.221033861999956],[23.876443410000036,-5.081800784999928],[23.875839303000078,-5.048807956999951],[23.923373337000044,-5.027642794999963],[23.907815938000056,-4.991540555999961],[23.92432445700007,-4.952464005999957],[23.97252125500006,-4.940318986999955],[23.976202253000054,-4.923758017999944],[24.042717319000076,-4.875660908999976],[24.018228332000035,-4.861908015999973],[23.97393643600003,-4.876361987999928],[23.871118290000027,-4.860706819999962],[23.70206769400005,-4.504389053999944],[23.717085433000022,-4.206991939999966],[23.675819383000032,-4.20509796999994],[23.65590128900004,-4.175848856999949],[23.645572237000067,-4.18803077299998],[23.60889033600006,-4.188439981999977],[23.571769475000053,-4.168828936999944],[23.53851141000007,-4.183736920999934],[23.486709253000072,-4.173994086999926],[23.43577934500007,-4.203366127999971],[23.44278415800005,-4.329665723999938],[23.37589040000006,-4.375749832999929],[23.303584043000058,-4.489998251999964],[23.22490676600006,-4.491700297999955],[23.21360633100005,-4.518434862999925],[23.097049193000032,-4.544897890999948],[23.18773825100004,-4.784818769999958],[23.17050936000004,-4.79904993599996],[23.122558440000034,-4.798956008999937],[23.107050360000073,-4.819845485999963],[22.94231436000007,-4.875190996999947],[22.925781720000032,-4.919409961999975],[22.974663600000042,-4.931838171999971],[22.925958840000078,-4.963458610999965],[22.905082440000058,-5.029709019999927],[22.95118125700003,-5.045685036999942],[23.024973240000065,-5.10795896999997],[23.15044836000004,-5.243682629999967],[23.18514804000006,-5.30928281599995],[23.314432320000037,-5.248154997999961],[23.382595440000046,-5.260003024999946],[23.424171543000057,-5.239828113999977],[23.435795160000055,-5.307016891999979],[23.704578324000067,-5.35916186299994],[23.714279302000023,-5.550316954999971],[23.732374320000076,-5.604159926999955],[23.758402320000073,-5.625014933999978],[23.745670062000045,-5.634079820999943]]]},"properties":{"shapeName":"Lusambo","shapeISO":"","shapeID":"63176286B30844666641598","shapeGroup":"COD","shapeType":"ADM2"}},
{"type":"Feature","geometry":{"type":"Polygon","coordinates":[[[15.098580341000059,-5.184086844999968],[15.103723495000054,-5.219044080999936],[15.115173480000067,-5.208434863999969],[15.144817320000072,-5.219407986999954],[15.145635278000043,-5.23784991499997],[15.174460440000075,-5.229231026999969],[15.170851649000042,-5.253164860999959],[15.201445320000062,-5.27471591799997],[15.196033440000065,-5.310386973999925],[15.213603240000054,-5.353132990999939],[15.251103360000059,-5.379264973999966],[15.255564480000032,-5.414449913999931],[15.277431240000055,-5.432568992999961],[15.238499625000031,-5.470160730999964],[15.24955140000003,-5.480254859999945],[15.226405244000034,-5.497793826999953],[15.232434480000052,-5.518711943999961],[15.200758404000055,-5.524309143999972],[15.178812305000065,-5.561625902999936],[15.139122480000026,-5.577592],[15.126656378000064,-5.639954969999962],[15.109441200000049,-5.644594913999981],[15.087294360000044,-5.695246932999964],[15.091712277000056,-5.715477892999957],[15.131983173000037,-5.742064809999931],[15.159022200000038,-5.801798897999959],[15.184812240000042,-5.823356965999949],[15.210331031000067,-5.829505043999973],[15.225795542000071,-5.855455938999967],[15.247112400000049,-5.83746397799996],[15.238693440000077,-5.866693964999968],[15.25956823000007,-5.854911959999981],[15.295384800000022,-5.879888445999939],[15.780815413000028,-5.878474251999933],[15.755633311000054,-5.863185142999953],[15.766494480000063,-5.814854898999954],[15.749117280000064,-5.771899899999937],[15.764038201000062,-5.701934200999972],[15.814591560000054,-5.69701245899995],[15.816758760000027,-5.663300288999949],[15.858031320000066,-5.649195002999932],[15.870266280000067,-5.601772985999958],[15.88225428000004,-5.486491997999963],[15.86902249700006,-5.446739922999939],[15.874933311000063,-5.365976975999956],[15.84714420000006,-5.299353024999959],[15.852928328000075,-5.247342967999941],[15.925704480000036,-5.246646025999951],[15.92257932800004,-5.208005042999957],[15.949042200000065,-5.162365878999935],[15.956507160000058,-5.070084920999932],[15.97971240000004,-5.01409989299998],[16.020654480000076,-4.976458014999935],[16.039938240000026,-4.977311932999953],[16.038920160000032,-4.958469819999948],[16.00633188000006,-4.971560891999957],[15.980150880000053,-4.94668635499994],[15.916703760000075,-4.957226789999936],[15.898365720000072,-4.892906375999928],[15.85751863400003,-4.859094370999969],[15.866436285000077,-4.87306958299996],[15.842360444000064,-4.891744314999926],[15.865417540000067,-4.952696853999953],[15.833171625000034,-5.024929089999944],[15.803609400000028,-5.04844080099997],[15.74087940000004,-5.042018963999965],[15.723975240000073,-5.133638958999938],[15.699285360000033,-5.163621970999941],[15.632010360000038,-5.159717092999927],[15.60592728000006,-5.152704944999925],[15.587143200000071,-5.12737397099994],[15.606574136000063,-5.102930767999965],[15.606634320000069,-5.050475],[15.533124840000028,-5.046038745999965],[15.53349564000007,-5.004360042999963],[15.563718720000054,-4.96501817199993],[15.527777400000048,-4.935125147999941],[15.549883200000068,-4.888202923999927],[15.54433344000006,-4.875103903999957],[15.527631240000062,-4.89056695499994],[15.456278160000068,-4.896057973999973],[15.363481534000073,-4.945313982999949],[15.347798280000063,-4.996891945999948],[15.318731160000027,-4.961381942999935],[15.262825320000047,-4.978011978999973],[15.24371436000007,-4.956431918999954],[15.188868360000072,-4.958176972999979],[15.124528440000063,-4.928419022999947],[15.064875537000034,-4.934767891999968],[15.09877836000004,-4.998191992999978],[15.067611360000058,-5.015748920999954],[15.071558400000072,-5.033224938999979],[15.091074164000077,-5.035481968999932],[15.07707821300005,-5.037584097999968],[15.080357288000073,-5.062654771999973],[15.057195480000075,-5.070988980999971],[15.088670376000039,-5.08173112999998],[15.089171923000038,-5.093065561999936],[15.112874134000037,-5.095501695999928],[15.127857480000046,-5.119869291999976],[15.119634912000038,-5.167685670999958],[15.098580341000059,-5.184086844999968]]]},"properties":{"shapeName":"Madimba","shapeISO":"","shapeID":"63176286B8336769847246","shapeGroup":"COD","shapeType":"ADM2"}},
{"type":"Feature","geometry":{"type":"Polygon","coordinates":[[[30.145364389000065,2.507174976000044],[30.125604252000073,2.369876090000048],[30.172622491000027,2.381214256000021],[30.189394440000058,2.416821],[30.252289320000045,2.37911512300002],[30.27471552000003,2.302141241000072],[30.31521822700006,2.316566991000059],[30.314008543000057,2.280447105000064],[30.350585160000037,2.270766755000068],[30.38669022600004,2.288377132000051],[30.439693440000042,2.232382106000045],[30.434417280000048,2.212318086000039],[30.39572525500006,2.193267881000054],[30.404082240000037,2.180051767000066],[30.446566560000065,2.193024260000072],[30.44935188000005,2.155965483000045],[30.497789520000026,2.14861701500007],[30.539705040000058,2.192314845000055],[30.658550400000024,2.134475061000046],[30.73021279200003,2.131596361000049],[30.770849868000028,2.156520293000028],[30.870756682000035,2.111990001000038],[30.886840826000025,2.147771302000024],[30.901792243000045,2.148685829000044],[30.919205758000032,2.129494120000061],[30.907375200000047,2.073994580000033],[30.964853392000066,2.002694227000063],[30.923658360000047,1.959503140000038],[30.916328134000025,1.914819639000029],[31.034947819000024,1.75899941800003],[31.244941941000036,2.016999272000021],[31.304940172000045,2.11899921600002],[31.304940190000025,2.156999203000055],[31.20294327700003,2.223999118000052],[31.198943469000028,2.295999107000057],[31.13698446500007,2.284999735000042],[31.123945728000024,2.268999292000046],[31.075946841000075,2.302999303000036],[31.068947214000048,2.342999158000055],[31.03539659000006,2.385442806000071],[30.98495602500003,2.408994635000056],[30.961000080000076,2.405999920000056],[30.94400016000003,2.393000032000032],[30.935000160000072,2.33799997400007],[30.885951790000036,2.34399921000005],[30.83395328100005,2.425999386000058],[30.752955241000052,2.438999337000041],[30.754955420000044,2.587999244000059],[30.800435204000053,2.685337719000074],[30.752319275000048,2.728791898000054],[30.726874459000044,2.713884189000055],[30.679331785000045,2.749213791000045],[30.63308316800004,2.677559248000023],[30.606945409000048,2.673886898000035],[30.599429342000064,2.706011214000057],[30.643250274000025,2.751287429000058],[30.607893363000073,2.773774714000069],[30.581722295000077,2.758544553000036],[30.562515717000053,2.712562988000059],[30.529496980000033,2.729168595000033],[30.481393204000028,2.726893057000041],[30.437158698000076,2.814191453000035],[30.398355491000075,2.830199961000062],[30.36543826700006,2.889662575000045],[30.330658422000056,2.887093098000037],[30.322423969000056,2.87441691500004],[30.33969944900008,2.856534982000028],[30.365171503000056,2.859934243000055],[30.38664770200006,2.822215947000075],[30.38199449600006,2.789761124000051],[30.425362764000056,2.724514047000071],[30.438035823000064,2.663832980000052],[30.442626535000045,2.59878907500007],[30.42542267500005,2.516950067000039],[30.392479683000033,2.472659954000051],[30.40247866800007,2.436889955000026],[30.387341769000045,2.397395966000033],[30.30935580000005,2.380618401000049],[30.31791768000005,2.44116914500006],[30.306478680000055,2.458925371000021],[30.274188120000076,2.465678362000062],[30.254465520000053,2.431117160000042],[30.202363012000035,2.465494167000031],[30.17264940000007,2.461712066000075],[30.145364389000065,2.507174976000044]]]},"properties":{"shapeName":"Mahagi","shapeISO":"","shapeID":"63176286B15680618396169","shapeGroup":"COD","shapeType":"ADM2"}},
{"type":"Feature","geometry":{"type":"Polygon","coordinates":[[[19.212896520000072,1.349838567000063],[19.21064012100004,1.593580247000034],[19.21536,1.622379874000046],[19.26236988000005,1.670050011000058],[19.31841,1.708620023000037],[19.476740160000077,1.779109942000048],[19.79987593100003,1.83079920900002],[19.82459062600003,1.850149868000074],[19.813551892000078,1.900193200000047],[19.831010040000024,1.938320051000062],[19.85779008000003,1.957920001000048],[19.88168004000005,1.946660023000049],[19.907170020000024,1.980280758000049],[19.90506996000005,2.006949926000061],[19.600317087000064,2.00517811900005],[19.44981967900003,2.039426977000062],[19.114420133000067,1.78113700800003],[18.76801860000006,1.561541740000052],[18.63125136000002,1.444409453000048],[18.38211984000003,1.053463908000026],[18.17284680000006,0.665639470000031],[18.171011880000037,0.489439280000056],[18.366819435000025,0.646689781000021],[18.360860040000034,0.686610012000074],[18.384909840000034,0.756540029000064],[18.684852120000073,1.037339474000021],[18.72893232000007,1.050496322000072],[18.78918156000003,1.110346098000036],[18.823325400000044,1.119888015000072],[18.890164800000036,1.173126070000023],[19.094396760000052,1.270305280000059],[19.212896520000072,1.349838567000063]]]},"properties":{"shapeName":"Makanza","shapeISO":"","shapeID":"63176286B16264123188485","shapeGroup":"COD","shapeType":"ADM2"}},
{"type":"Feature","geometry":{"type":"Polygon","coordinates":[[[26.75311632000006,-8.66946887399996],[26.77319928000003,-8.654011934999971],[26.830713240000023,-8.68623200299993],[26.82610740000007,-8.762564012999974],[26.84256048000003,-8.781153891999963],[26.95611420000006,-8.702925969999967],[26.967828240000074,-8.669895893999978],[27.085113720000038,-8.560600350999948],[27.071843760000036,-8.541411869999934],[27.050238360000037,-8.547462004999943],[27.006469200000026,-8.532941162999975],[27.015464520000023,-8.48701368899998],[27.226268381000068,-8.207158923999941],[27.26413524000003,-8.197578010999962],[27.298456200000032,-8.169226985999956],[27.36603720000005,-8.185994972999936],[27.465841440000077,-8.134233869999946],[27.50157,-8.099249076999968],[27.51408684000006,-8.107278271999974],[27.559661040000037,-8.081824573999938],[27.635085,-8.076213393999979],[27.68185260000007,-8.13024115099995],[27.68193180000003,-8.157368220999956],[27.702582480000046,-8.153458329999978],[27.698873400000025,-8.199637086999928],[27.736265160000073,-8.16947136799996],[27.837542880000058,-8.144527228999948],[27.853375320000055,-8.122687327999927],[27.76825548000005,-8.139156875999959],[27.745277400000077,-8.130396893999944],[27.71603028000004,-8.15618587399996],[27.708731640000053,-8.147103559999948],[27.82798452000003,-7.985631964999925],[27.852752507000048,-7.904515852999964],[27.848079360000042,-7.888235938999969],[27.807979457000044,-7.881269885999927],[27.807846480000023,-7.848903995999933],[27.78948360000004,-7.843224242999952],[27.77426532000004,-7.863258971999926],[27.704063160000032,-7.87486615499995],[27.639708120000023,-7.806397752999942],[27.631764360000034,-7.703266065999969],[27.673588092000045,-7.67284714799996],[27.614992333000032,-7.583734076999974],[27.592167240000038,-7.574627886999963],[27.59758560000006,-7.526694170999974],[27.575322037000035,-7.504866453999966],[27.51073711300006,-7.481873391999954],[27.49983725800007,-7.484921637999946],[27.49784826000007,-7.519527475999951],[27.442842288000065,-7.53402578999993],[27.439395669000078,-7.472493054999973],[27.368412094000064,-7.512679965999951],[27.354003747000036,-7.538904883999976],[27.28541328500006,-7.541414718999931],[27.23388840000007,-7.485998910999967],[27.219025800000054,-7.531997496999963],[27.225278280000055,-7.610897316999967],[27.087894,-7.634728637999956],[26.95556232000007,-7.625717944999963],[26.95467528000006,-7.636740911999937],[26.886760200000026,-7.637148865999961],[26.807969160000027,-7.62595586599997],[26.826059160000057,-7.576165798999966],[26.811095400000056,-7.575728309999931],[26.794257120000054,-7.539695635999976],[26.763742216000026,-7.535330830999953],[26.73615297500004,-7.550386913999944],[26.698811886000044,-7.522804802999929],[26.691509277000023,-7.545784857999934],[26.661142226000038,-7.552973855999937],[26.65113024300007,-7.510973885999931],[26.612428167000076,-7.500039863999973],[26.577129014000036,-7.46888697199995],[26.539825101000076,-7.462996953999948],[26.521059023000078,-7.414808996999966],[26.495722147000038,-7.407284039999979],[26.47138803100006,-7.432827996999947],[26.46080295200005,-7.384208120999972],[26.434632720000025,-7.357823355999926],[26.421852757000067,-7.373930917999928],[26.43831123500007,-7.407612947999951],[26.417699798000058,-7.417959767999946],[26.396173506000025,-7.370014178999952],[26.37287159600004,-7.37429242099995],[26.35815836000006,-7.339121130999956],[26.318220181000072,-7.386511905999953],[26.238792122000064,-7.375404851999974],[26.13507427600007,-7.415089927999929],[26.10368155900005,-7.441884393999942],[26.06822012500004,-7.593401858999925],[26.046182362000025,-7.62650190599993],[26.02477830500004,-7.62974986699993],[26.036779168000066,-7.645114968999962],[26.035019117000047,-7.80605669299996],[25.996153166000056,-7.832514996999976],[26.016058219000058,-7.885051871999963],[26.020276952000074,-7.924065982999934],[26.004228349000073,-7.961962022999955],[26.031234092000034,-7.993135010999936],[26.025196051000023,-8.03424898299994],[26.086466211000072,-8.089507970999932],[26.111999342000047,-8.08643705299994],[26.111927206000075,-8.11719783999996],[26.12515398900007,-8.106472942999972],[26.127469957000073,-8.12549779699998],[26.150992939000048,-8.12726891899996],[26.14698795700008,-8.102297935999957],[26.166915927000048,-8.111228908999976],[26.175304142000073,-8.100792937999927],[26.176381951000053,-8.130622009999968],[26.230332978000035,-8.133375934999947],[26.249944178000078,-8.152865031999966],[26.29030410300004,-8.155554818999974],[26.28686088300003,-8.139299924999932],[26.303727852000065,-8.142752704999964],[26.276002206000044,-8.092018463999977],[26.288387641000043,-8.05506649299997],[26.27794476500003,-8.016796469999974],[26.319426833000023,-7.988738793999971],[26.332343989000037,-8.00923692799995],[26.366510210000058,-7.958807830999945],[26.405858988000034,-7.943810679999956],[26.416178083000034,-7.963975222999977],[26.393161218000046,-8.010490850999929],[26.43766154700006,-7.998386703999927],[26.468919156000027,-8.006800694999981],[26.498307752000073,-8.033314301999951],[26.518949140000075,-8.094619946999956],[26.606375342000035,-8.099180543999978],[26.68461244300005,-8.151858845999925],[26.776469347000045,-8.096668503999979],[26.80290954800006,-8.10082069899994],[26.812809822000077,-8.147309940999946],[26.82317044100006,-8.16276001999995],[26.832536924000067,-8.157804234999958],[26.81306542200008,-8.205232229999979],[26.795319165000024,-8.216502705999972],[26.746885478000024,-8.207979229999978],[26.660947449000048,-8.275218024999958],[26.67100941800004,-8.298859117999939],[26.64328153300005,-8.313840638999977],[26.62223688000006,-8.347243652999964],[26.629540560000066,-8.380027429999927],[26.562341520000075,-8.486637971999926],[26.588319480000052,-8.496375863999958],[26.623132200000043,-8.47865797399993],[26.701687440000057,-8.47086496299994],[26.74043424000007,-8.501072904999944],[26.76336624000004,-8.537709923999955],[26.755001280000045,-8.57986393799996],[26.777250180000067,-8.631901358999926],[26.75540520000004,-8.637506934999976],[26.75311632000006,-8.66946887399996]]]},"properties":{"shapeName":"Malemba-Nkulu","shapeISO":"","shapeID":"63176286B11863220768150","shapeGroup":"COD","shapeType":"ADM2"}},
{"type":"Feature","geometry":{"type":"Polygon","coordinates":[[[28.017941638000025,0.636186918000021],[28.042819708000025,0.639638955000066],[28.07385184000003,0.67894093700005],[28.337744762000057,0.697827821000033],[28.375383715000055,0.67777899400005],[28.37811944300006,0.661921380000024],[28.44635783600006,0.62972959800004],[28.504997616000026,0.566745130000072],[28.50704283400006,0.53388528000005],[28.554742387000033,0.544204958000023],[28.554963188000045,0.519618274000038],[28.631654473000026,0.544856039000024],[28.660369111000023,0.58136464200004],[28.689864964000037,0.570718009000075],[28.900915414000053,0.587634792000074],[28.991413168000065,0.560317940000061],[29.062144785000044,0.608160143000021],[29.103960806000032,0.653615573000025],[29.162873818000037,0.676758822000068],[29.17699413400004,0.648245701000064],[29.222150956000064,0.616936216000056],[29.253604008000025,0.618775665000044],[29.290493867000066,0.586652927000046],[29.280742563000047,0.617874007000069],[29.30435240500003,0.675575604000073],[29.325408409000033,0.686890061000042],[29.339518226000052,0.656075084000065],[29.32807024500005,0.628285138000024],[29.36617172600006,0.616740778000064],[29.381259433000025,0.596320154000068],[29.47391858900005,0.625300284000048],[29.469513996000046,0.648716074000049],[29.43190594400005,0.651330737000023],[29.34700513300004,0.709791566000035],[29.370090094000034,0.74700196200007],[29.36972469500006,0.822106779000023],[29.382665169000063,0.825627107000059],[29.368345969000075,0.870929109000031],[29.313606936000042,0.914680023000074],[29.289916076000054,0.957468983000069],[29.313020858000073,0.991000022000037],[29.350018026000043,0.995086024000045],[29.36034785700008,1.036221118000071],[29.37428933900003,1.04355720600006],[29.373924886000054,1.11160910500007],[29.395185748000074,1.126982071000043],[29.41262269300006,1.183285110000043],[29.441631827000037,1.184621076000042],[29.43594640300006,1.201414099000033],[29.46037161000004,1.191949051000051],[29.473873758000025,1.209632015000068],[29.480603363000057,1.279521956000053],[29.52954158800003,1.315314109000042],[29.528448629000025,1.346819038000035],[29.545147574000055,1.361277999000038],[29.584584816000074,1.367963297000074],[29.58748461400006,1.407429107000041],[29.620454239000026,1.449685979000037],[29.65519154900005,1.456293087000063],[29.673888184000077,1.433262282000044],[29.724840623000034,1.436617018000049],[29.768716786000027,1.564632516000074],[29.81766800400004,1.591215788000056],[29.901968408000073,1.58207298700006],[29.93067117700008,1.64963203800005],[29.99999809700006,1.723804111000049],[29.999998876000063,1.745089829000051],[29.989217191000023,1.779003990000035],[29.886903149000034,1.837458052000045],[29.728447162000066,1.961742633000028],[29.708299062000037,1.997002998000028],[29.721983942000065,2.009592160000068],[29.69060292200004,2.076425734000054],[29.671759689000055,2.076761726000029],[29.62391406900008,2.15578589200004],[29.623022475000027,2.187180238000053],[29.609971920000078,2.200712717000044],[29.621235600000034,2.214126627000041],[29.60741088000003,2.28366262000003],[29.645480160000034,2.270717771000022],[29.665104120000024,2.28621681900006],[29.641210200000046,2.324610458000052],[29.649990212000034,2.425257241000054],[29.631572307000056,2.491332230000069],[29.548992240000075,2.492855088000056],[29.410265200000026,2.423580168000058],[29.327905440000052,2.413805159000049],[29.272360320000075,2.443565130000025],[29.22924555800006,2.543720945000075],[29.202986244000044,2.529455208000059],[29.20425920100007,2.455740160000062],[29.17517461600005,2.401307527000029],[29.12715260600004,2.456824519000065],[29.11035444500004,2.445566747000044],[29.09375183700007,2.452025911000021],[29.095546351000053,2.425793610000028],[29.072051093000027,2.437247743000057],[29.03992256500004,2.421811470000023],[29.04389588300006,2.404072757000051],[29.031668964000062,2.394835620000038],[29.019110260000048,2.418779975000064],[28.99027982800004,2.406613201000027],[28.969712152000056,2.429181108000023],[29.000514112000076,2.343554028000028],[28.96878040300004,2.270472165000058],[28.798971133000066,2.307450506000066],[28.75301420900007,2.303726385000061],[28.709349796000026,2.336198649000039],[28.77697838000006,2.226629111000022],[28.76483016000003,2.181771631000061],[28.738789604000033,2.204959074000044],[28.636115506000067,2.241444098000045],[28.58058059500007,2.333969780000075],[28.399566393000043,2.25162606300006],[28.37886864500007,2.296384748000037],[28.322131614000057,2.335203209000042],[28.29855368400007,1.874111486000061],[28.288949973000058,1.854270805000056],[28.19062470500006,1.795984831000055],[28.190704624000034,1.73780668400002],[28.21213292400006,1.68436624800006],[27.98172537100004,1.755722500000047],[27.941297999000028,1.748529893000068],[27.93822360300004,1.721125079000046],[27.900855166000042,1.794162113000027],[27.878264234000028,1.778740798000058],[27.847210310000037,1.827695696000035],[27.782721782000067,1.828843735000021],[27.750021939000078,1.856418770000062],[27.716536934000032,1.845845535000024],[27.682251157000053,1.80829340400004],[27.585049147000063,1.847255354000026],[27.566651085000046,1.828036526000062],[27.55332605800004,1.773355872000025],[27.643100248000053,1.654470006000054],[27.641539136000063,1.571647721000033],[27.66579984300006,1.590764825000065],[27.707250740000063,1.594215849000022],[27.71560547200005,1.608961519000047],[27.756219266000073,1.611962016000064],[27.806561311000053,1.544505141000059],[27.803611474000036,1.504436028000043],[27.79128472700006,1.48419210000003],[27.750848491000056,1.473591977000069],[27.773485338000057,1.443248183000037],[27.650460726000063,1.477929055000061],[27.60778212100007,1.453552985000044],[27.583902264000074,1.461891297000022],[27.587182941000037,1.512570194000034],[27.551548910000065,1.554645010000058],[27.504692822000038,1.570246012000041],[27.44698965400005,1.554600167000046],[27.494308430000046,1.426040067000031],[27.557178409000073,1.373659922000058],[27.57229839400003,1.339869891000035],[27.599247046000073,1.34103940500006],[27.61270852100006,1.362429822000024],[27.63350858800004,1.341060005000031],[27.700208425000028,1.348689881000041],[27.782608099000072,1.301479413000038],[27.76508222500007,1.256636096000022],[27.783545178000054,1.228841094000074],[27.755512707000037,1.211650186000043],[27.770914038000058,1.149609004000069],[27.739411713000038,1.12154313800005],[27.740815524000027,1.068436038000073],[27.82439952900006,1.063418991000049],[27.852956008000035,1.038833046000036],[27.875102966000043,1.050795950000065],[27.933337879000078,1.042770094000048],[27.922457244000043,1.004300871000055],[27.877730861000032,0.94643570900007],[27.886115817000075,0.931491321000067],[27.94571284400007,0.92024714300004],[27.974248674000023,0.940254006000032],[28.000735142000053,0.93313455200007],[27.954498310000076,0.846365481000021],[27.936150918000067,0.789890322000076],[27.946239193000054,0.761774995000053],[27.934531998000068,0.74894671200002],[28.017941638000025,0.636186918000021]]]},"properties":{"shapeName":"Mambasa","shapeISO":"","shapeID":"63176286B5401694360976","shapeGroup":"COD","shapeType":"ADM2"}},
{"type":"Feature","geometry":{"type":"Polygon","coordinates":[[[19.523917719000053,-4.078123823999931],[19.551251626000067,-4.065411186999938],[19.546360295000056,-4.043452517999981],[19.51528595800005,-4.046630783999944],[19.523917719000053,-4.078123823999931]]]},"properties":{"shapeName":"Mangai","shapeISO":"","shapeID":"63176286B5937777491698","shapeGroup":"COD","shapeType":"ADM2"}},
{"type":"Feature","geometry":{"type":"Polygon","coordinates":[[[26.011661711000045,-6.682827631999942],[26.006155920000026,-6.702057612999965],[26.03166372000004,-6.712940913999944],[26.037040320000074,-6.750806628999953],[26.08544304000003,-6.76373168799995],[26.090784339000038,-6.789584760999958],[26.133573240000032,-6.795258904999969],[26.13477456000004,-6.813836347999938],[26.094880440000054,-6.81084349899993],[26.07559452000004,-6.863047341999959],[26.038152360000026,-6.879267365999965],[26.05249728000007,-6.900049445999969],[26.11340136000007,-6.915661697999951],[26.094320280000034,-6.947444926999935],[26.101558080000075,-6.959964052999965],[26.150311800000054,-6.961962408999966],[26.176293,-6.944186199999933],[26.216813520000073,-6.942922666999948],[26.21319948000007,-6.986524614999951],[26.234791200000075,-7.030797286999928],[26.278855560000068,-7.043213094999942],[26.298394200000075,-7.013026054999955],[26.36298288000006,-7.050324528999965],[26.39986128000004,-7.051800064999952],[26.41911120000003,-7.036917860999949],[26.485657615000036,-7.061822725999946],[26.469187920000024,-7.144261728999936],[26.407211279000023,-7.16054220999996],[26.379987691000053,-7.226985708999962],[26.382843360000038,-7.266948935999949],[26.352600480000035,-7.324202897999953],[26.35815836000006,-7.339121130999956],[26.37287159600004,-7.37429242099995],[26.396173506000025,-7.370014178999952],[26.417699798000058,-7.417959767999946],[26.43831123500007,-7.407612947999951],[26.421852757000067,-7.373930917999928],[26.434632720000025,-7.357823355999926],[26.46080295200005,-7.384208120999972],[26.47138803100006,-7.432827996999947],[26.495722147000038,-7.407284039999979],[26.521059023000078,-7.414808996999966],[26.539825101000076,-7.462996953999948],[26.577129014000036,-7.46888697199995],[26.612428167000076,-7.500039863999973],[26.65113024300007,-7.510973885999931],[26.661142226000038,-7.552973855999937],[26.691509277000023,-7.545784857999934],[26.698811886000044,-7.522804802999929],[26.73615297500004,-7.550386913999944],[26.763742216000026,-7.535330830999953],[26.794257120000054,-7.539695635999976],[26.811095400000056,-7.575728309999931],[26.826059160000057,-7.576165798999966],[26.807969160000027,-7.62595586599997],[26.886760200000026,-7.637148865999961],[26.95467528000006,-7.636740911999937],[26.95556232000007,-7.625717944999963],[27.087894,-7.634728637999956],[27.225278280000055,-7.610897316999967],[27.219025800000054,-7.531997496999963],[27.23388840000007,-7.485998910999967],[27.28541328500006,-7.541414718999931],[27.354003747000036,-7.538904883999976],[27.368412094000064,-7.512679965999951],[27.439395669000078,-7.472493054999973],[27.442842288000065,-7.53402578999993],[27.49784826000007,-7.519527475999951],[27.49983725800007,-7.484921637999946],[27.51073711300006,-7.481873391999954],[27.575322037000035,-7.504866453999966],[27.59758560000006,-7.526694170999974],[27.592167240000038,-7.574627886999963],[27.614992333000032,-7.583734076999974],[27.673588092000045,-7.67284714799996],[27.631764360000034,-7.703266065999969],[27.639708120000023,-7.806397752999942],[27.704063160000032,-7.87486615499995],[27.77426532000004,-7.863258971999926],[27.78948360000004,-7.843224242999952],[27.807846480000023,-7.848903995999933],[27.807979457000044,-7.881269885999927],[27.848079360000042,-7.888235938999969],[27.852752507000048,-7.904515852999964],[27.82798452000003,-7.985631964999925],[27.708731640000053,-8.147103559999948],[27.71603028000004,-8.15618587399996],[27.745277400000077,-8.130396893999944],[27.76825548000005,-8.139156875999959],[27.853375320000055,-8.122687327999927],[27.837542880000058,-8.144527228999948],[27.730672560000073,-8.232532139999932],[27.721522080000057,-8.248298510999973],[27.76086396000005,-8.240980412999932],[27.743726880000054,-8.28159908799995],[27.773689320000074,-8.269470872999932],[27.789980400000047,-8.228529004999928],[27.840717360000042,-8.181205975999944],[27.83388528000006,-8.246309958999973],[27.89026128000006,-8.24203979999993],[27.90468180000005,-8.260201785999925],[27.960251760000062,-8.272255032999965],[27.98586972000004,-8.228595351999957],[27.984348383000054,-8.361031814999933],[28.043132400000047,-8.40651599299997],[28.089311400000042,-8.403916957999968],[28.066314600000055,-8.343623442999956],[28.097678880000046,-8.359337338999978],[28.231873560000054,-8.248908627999981],[28.262083680000046,-8.253720873999953],[28.263759480000033,-8.28098616799997],[28.30306716000007,-8.280333836999944],[28.43243712000003,-8.167464042999939],[28.42941348000005,-8.048049068999944],[28.479799080000078,-8.009186091999936],[28.529979120000064,-7.891480808999972],[28.50379956000006,-7.866947292999953],[28.431987480000032,-7.838219959999947],[28.42517304000006,-7.810627202999967],[28.355811840000058,-7.775523003999979],[28.41309756000004,-7.687477161999936],[28.461033083000075,-7.679319090999968],[28.47150812900003,-7.655622748999974],[28.433454480000023,-7.607953384999973],[28.39901184000007,-7.603138660999946],[28.422376920000033,-7.526630746999956],[28.449032040000077,-7.516886488999944],[28.46769480000006,-7.533254534999969],[28.521515160000035,-7.532584031999932],[28.556056080000076,-7.517974197999933],[28.679443200000037,-7.511757890999945],[28.645715661000054,-7.370288915999936],[28.728700212000035,-7.351057976999925],[28.744013160000065,-7.298550253999963],[28.692147960000057,-7.271279368999956],[28.639080360000037,-7.197815939999941],[28.72361520000004,-7.214639858999931],[28.75091544000003,-7.198427954999943],[28.769355406000045,-7.204540754999925],[28.776650760000052,-7.181883249999942],[28.750778280000077,-7.156397279999965],[28.71387972000008,-7.158871126999941],[28.660360328000024,-7.129715102999967],[28.619133840000075,-7.001600382999925],[28.624614480000048,-6.93252285899996],[28.61284248000004,-6.924535851999963],[28.600721280000073,-6.938378894999971],[28.58115759700007,-6.936172948999968],[28.56400596000003,-6.901982219999979],[28.581849,-6.721382880999954],[28.61654328000003,-6.676338786999963],[28.64745,-6.662921989999973],[28.686595320000038,-6.574679260999972],[28.57177188000003,-6.561432257999968],[28.510557120000044,-6.589486671999964],[28.393434720000073,-6.552518244999931],[28.358310240000037,-6.562901438999972],[28.36721484000003,-6.595739167999966],[28.387731600000052,-6.604230797999946],[28.388719800000047,-6.648023011999953],[28.31070888000005,-6.709237046999931],[28.270093320000058,-6.669450451999978],[28.237488480000025,-6.659160995999969],[28.227260520000073,-6.612792991999981],[28.165485240000066,-6.630520023999964],[28.053812520000065,-6.596039929999961],[28.017290520000074,-6.551824997999972],[28.021700029000044,-6.508593917999974],[27.997923600000036,-6.501883747999955],[27.949629600000037,-6.545743465999976],[27.918135360000065,-6.555818316999932],[27.831742920000067,-6.540407941999945],[27.76845780000008,-6.559341270999937],[27.703220400000077,-6.545730932999959],[27.649378440000078,-6.55066140699995],[27.595595160000073,-6.603951523999967],[27.546438240000043,-6.620907855999974],[27.50767720400006,-6.709754869999927],[27.330316200000027,-6.628595636999933],[27.251935200000048,-6.643285951999928],[27.18189576000003,-6.622688882999967],[27.109333080000056,-6.622774809999953],[26.96979997300008,-6.639909336999949],[26.984400528000037,-6.451612130999933],[26.999798680000026,-6.451800527999978],[26.933294309000075,-6.429913921999969],[26.873363195000024,-6.453517965999936],[26.80185500600004,-6.449791926999978],[26.720570981000037,-6.485620940999979],[26.65863797800006,-6.537485874999959],[26.618005200000027,-6.648823869999944],[26.57462262200005,-6.679259888999979],[26.520920125000032,-6.630422961999955],[26.516489102000037,-6.605838932999973],[26.441932288000032,-6.581862013999967],[26.351356122000027,-6.588939015999927],[26.305649087000063,-6.610861899999975],[26.227934179000044,-6.612844035999956],[26.189136183000073,-6.642332008999972],[26.156246285000066,-6.638481886999955],[26.071008264000056,-6.675166889999957],[26.011661711000045,-6.682827631999942]]]},"properties":{"shapeName":"Manono","shapeISO":"","shapeID":"63176286B74212537268608","shapeGroup":"COD","shapeType":"ADM2"}},
{"type":"Feature","geometry":{"type":"Polygon","coordinates":[[[17.82572724000005,-4.316874920999965],[17.74838027800007,-4.38426987899993],[17.708730616000025,-4.388860902999966],[17.674713360000055,-4.455778992999967],[17.662973400000055,-4.448479018999933],[17.672258034000038,-4.467526971999973],[17.64686927400004,-4.479861016999962],[17.676950388000023,-4.485680043999935],[17.696056320000025,-4.537120020999964],[17.681495432000077,-4.558138826999937],[17.670435308000037,-4.549455035999927],[17.646423560000073,-4.562471937999931],[17.63460720100005,-4.582094100999939],[17.63762458100007,-4.628328178999936],[17.578361285000028,-4.696525883999925],[17.56443636000006,-4.749523007999926],[17.540739360000032,-4.779100014999926],[17.547157407000043,-4.819101923999938],[17.499820360000058,-4.889757023999948],[17.50235740900007,-4.933460067999931],[17.519146200000023,-4.939814976999969],[17.505098280000027,-5.01351299199996],[17.52967620000004,-5.058248919999926],[17.51352126200004,-5.083641832999945],[17.544975285000078,-5.125808843999948],[17.482183200000065,-5.228056010999978],[17.46816446400004,-5.39192404299996],[17.470218240000065,-5.431251018999944],[17.48707920000004,-5.448875853999937],[17.47647648000003,-5.483435957999973],[17.53423900300004,-5.545701799999961],[17.51605236000006,-5.661726017999968],[17.540201237000076,-5.707830006999927],[17.613390072000072,-5.692030987999942],[17.64157320000004,-5.719709863999981],[17.678603520000024,-5.693348158999925],[17.789032440000028,-5.716371007999953],[17.85538764000006,-5.62859986199993],[17.916528249000066,-5.641126504999932],[17.91403416000003,-5.666329913999959],[17.963965080000037,-5.706101644999933],[18.028238400000077,-5.690850939999962],[18.03185441000005,-5.71819994699996],[18.092867760000047,-5.723550447999969],[18.09010404000003,-5.741899065999974],[18.119277,-5.76150101199994],[18.099709560000065,-5.814154574999975],[18.129357,-5.801784732999977],[18.139676760000043,-5.819865791999973],[18.134744760000046,-5.843834722999929],[18.097435800000028,-5.860628617999964],[18.10413396000007,-5.872188790999928],[18.173082600000043,-5.881219008999949],[18.185682275000033,-5.812961977999976],[18.22340844000007,-5.769718792999981],[18.249691320000068,-5.870068852999964],[18.274772248000033,-5.840476060999947],[18.274597920000076,-5.865155582999932],[18.30922056000003,-5.863454053999931],[18.32205564000003,-5.837133731999927],[18.341241925000077,-5.834207962999926],[18.396829440000033,-5.780145858999958],[18.412677545000065,-5.814085022999961],[18.44664804000007,-5.816087365999977],[18.490209840000034,-5.865916796999954],[18.51897132000005,-5.86627499399998],[18.535046760000057,-5.886736636999956],[18.554643,-5.857174609999959],[18.57126418400003,-5.856532840999932],[18.570638341000063,-5.698527900999977],[18.50348844000007,-5.687693937999938],[18.460343520000038,-5.715108910999959],[18.392119920000027,-5.721361979999926],[18.370267200000058,-5.745798314999945],[18.34962408000007,-5.691583517999959],[18.29872116000007,-5.672887859999946],[18.322260480000068,-5.654340981999951],[18.34292232000007,-5.583135918999972],[18.367881444000034,-5.571708982999951],[18.36271836000003,-5.55494887499998],[18.378935074000026,-5.541045824999969],[18.368862542000045,-5.511435893999931],[18.388651320000065,-5.517061934999958],[18.401800320000063,-5.491444956999942],[18.442877760000044,-5.521933194999974],[18.478286280000077,-5.515907034999941],[18.496248480000077,-5.432412902999943],[18.522287280000057,-5.411771000999977],[18.553991336000024,-5.413865771999951],[18.54595352000007,-5.346514884999976],[18.560541240000077,-5.330775928999969],[18.562004198000068,-5.343189578999954],[18.591129360000025,-5.337936961999958],[18.587740320000023,-5.312654858999963],[18.59789844000005,-5.320639946999961],[18.613142190000076,-5.300294190999978],[18.62902225600004,-5.30594088099997],[18.64293624000004,-5.292736006999974],[18.632147400000065,-5.293036952999955],[18.631334227000025,-5.27509809999998],[18.65372148000006,-5.258615938999981],[18.648315360000026,-5.240707016999977],[18.660713400000077,-5.240855976999967],[18.646476481000036,-5.207360854999934],[18.52713792000003,-5.238011184999948],[18.47937096000004,-5.20448306399993],[18.422651160000044,-5.214000688999931],[18.40812372000005,-5.197827332999964],[18.30770892000004,-5.198348012999929],[18.35489952000006,-5.126529407999953],[18.337923360000048,-5.067167006999966],[18.350185320000037,-4.954666749999944],[18.336670560000073,-4.913635786999976],[18.303050160000055,-4.886586973999954],[18.322827480000058,-4.872601544999952],[18.366308640000057,-4.872564013999977],[18.37481076000006,-4.807055636999962],[18.342066240000065,-4.790174536999928],[18.329624280000075,-4.765279552999971],[18.30251412000007,-4.758583752999925],[18.291136680000022,-4.718354224999928],[18.23334660000006,-4.712216213999966],[18.187360200000057,-4.637829901999964],[18.18694332000007,-4.57225288199993],[18.13876526300004,-4.353940847999979],[18.141782400000068,-4.250830954999969],[18.12079228600004,-4.19503902799994],[18.016372584000067,-4.139123988999927],[17.97795540000004,-4.159523868999941],[17.985061406000057,-4.196761956999978],[17.96194440000005,-4.203569981999976],[17.967092386000047,-4.220337924999967],[17.916547320000063,-4.242260946999977],[17.88333336000005,-4.285942855999963],[17.865411480000034,-4.28029197799998],[17.849149200000056,-4.322034903999963],[17.82572724000005,-4.316874920999965]]]},"properties":{"shapeName":"Masi-Manimba","shapeISO":"","shapeID":"63176286B37254158064276","shapeGroup":"COD","shapeType":"ADM2"}},
{"type":"Feature","geometry":{"type":"Polygon","coordinates":[[[29.153130231000034,-1.610430841999971],[29.16788985900007,-1.582766445999937],[29.156051628000057,-1.532347580999954],[29.223621054000034,-1.466612045999966],[29.218180019000044,-1.437764180999977],[29.21130660600005,-1.393798164999964],[29.08871563400004,-1.333878935999962],[29.040597855000044,-1.279085322999947],[29.052937262000057,-1.226957],[29.02715408100005,-1.191236925999931],[29.041577503000042,-1.155766851999942],[29.035800194000046,-1.10247783899996],[29.004519096000024,-1.063112856999965],[28.954898171000025,-1.052338890999977],[28.94383769800004,-1.034471787999962],[28.883766828000034,-0.991115971999932],[28.84312189900004,-0.992238904999965],[28.80143793600007,-0.970158074999972],[28.751621725000064,-1.007859746999941],[28.715487451000058,-0.998153909999928],[28.692750318000037,-1.017797592999955],[28.696992179000063,-1.043514871999946],[28.681819021000024,-1.068637955999975],[28.70989133200004,-1.10894990099996],[28.71848920700006,-1.164195908999943],[28.702802450000036,-1.181269731999976],[28.673501040000076,-1.182289364999974],[28.64604096000005,-1.210740215999976],[28.64923956000007,-1.279882851999957],[28.637066160000074,-1.320965466999951],[28.54409447000006,-1.483484783999927],[28.52168433500003,-1.480600213999935],[28.51448148000003,-1.576948767999966],[28.528454520000025,-1.64839995799997],[28.60689744000007,-1.703213991999974],[28.604846984000062,-1.720701187999964],[28.647633778000056,-1.728931161999981],[28.667768478000028,-1.752510070999961],[28.667676550000067,-1.739758069999937],[28.684600126000078,-1.741858939999929],[28.71609557200003,-1.780177717999948],[28.81660944400005,-1.767496835999964],[28.862692163000077,-1.707025876999978],[28.917004731000077,-1.742238688999976],[28.969178533000047,-1.741662057999974],[29.018270614000073,-1.675341547999949],[29.032987580000054,-1.629477437999981],[29.02151857800004,-1.620542560999979],[29.033154142000058,-1.620780507999939],[29.050226775000056,-1.583672813999954],[29.14202827400004,-1.642598782999926],[29.144639451000046,-1.63882291699997],[29.153130231000034,-1.610430841999971]]]},"properties":{"shapeName":"Masisi","shapeISO":"","shapeID":"63176286B62559292775761","shapeGroup":"COD","shapeType":"ADM2"}},
{"type":"Feature","geometry":{"type":"Polygon","coordinates":[[[13.477731016000064,-5.807716790999962],[13.465009080000073,-5.78807988799997],[13.436429400000065,-5.794471638999937],[13.426149960000032,-5.862030043999937],[13.43036806400005,-5.875675110999964],[13.480094520000023,-5.87344801699993],[13.55115096000003,-5.894588644999942],[13.47445152000006,-5.829069163999975],[13.477731016000064,-5.807716790999962]]]},"properties":{"shapeName":"Matadi","shapeISO":"","shapeID":"63176286B7026545207042","shapeGroup":"COD","shapeType":"ADM2"}},
{"type":"Feature","geometry":{"type":"Polygon","coordinates":[[[18.394729701000074,-0.036028375999933],[18.369479520000027,-0.003864575999955],[18.36268812000003,0.043845690000069],[18.324566280000056,0.071950097000069],[18.289084331000026,0.069302909000044],[18.238629960000026,0.03470008000005],[18.220027548000076,-0.008881717999941],[18.18302004000003,-0.03779001099997],[18.101364492000073,-0.186620950999952],[18.117969480000056,-0.214765911999962],[18.18268928400005,-0.237107908999974],[18.24389640000004,-0.244771014999969],[18.266896080000038,-0.234012585999949],[18.32826240000003,-0.195919149999952],[18.357431400000053,-0.158870978999971],[18.360326160000056,-0.092465024999967],[18.394729701000074,-0.036028375999933]]]},"properties":{"shapeName":"Mbandaka","shapeISO":"","shapeID":"63176286B82661241826895","shapeGroup":"COD","shapeType":"ADM2"}},
{"type":"Feature","geometry":{"type":"Polygon","coordinates":[[[14.462343360000034,-5.617311963999953],[14.498640352000052,-5.620476009999948],[14.496858360000033,-5.64969],[14.523094440000023,-5.67586990999996],[14.509580400000061,-5.69613193899994],[14.520197160000066,-5.721875025999964],[14.56797240000003,-5.742309703999979],[14.610272760000043,-5.703537412999935],[14.62882140000005,-5.70697497599997],[14.625690568000039,-5.747920756999974],[14.647349160000033,-5.779623003999973],[14.625573501000076,-5.802659849999941],[14.659898400000031,-5.847676963999959],[14.609219400000029,-5.894450966999955],[14.611550400000056,-5.910774899999979],[14.776346520000061,-5.859736343999941],[14.981921640000053,-5.868459665999978],[15.070948200000032,-5.858119955999939],[15.295384800000022,-5.879888445999939],[15.25956823000007,-5.854911959999981],[15.238693440000077,-5.866693964999968],[15.247112400000049,-5.83746397799996],[15.225795542000071,-5.855455938999967],[15.210331031000067,-5.829505043999973],[15.184812240000042,-5.823356965999949],[15.159022200000038,-5.801798897999959],[15.131983173000037,-5.742064809999931],[15.091712277000056,-5.715477892999957],[15.087294360000044,-5.695246932999964],[15.109441200000049,-5.644594913999981],[15.126656378000064,-5.639954969999962],[15.139122480000026,-5.577592],[15.178812305000065,-5.561625902999936],[15.200758404000055,-5.524309143999972],[15.232434480000052,-5.518711943999961],[15.226405244000034,-5.497793826999953],[15.24955140000003,-5.480254859999945],[15.238499625000031,-5.470160730999964],[15.277431240000055,-5.432568992999961],[15.255564480000032,-5.414449913999931],[15.251103360000059,-5.379264973999966],[15.213603240000054,-5.353132990999939],[15.196033440000065,-5.310386973999925],[15.201445320000062,-5.27471591799997],[15.170851649000042,-5.253164860999959],[15.174460440000075,-5.229231026999969],[15.145635278000043,-5.23784991499997],[15.144817320000072,-5.219407986999954],[15.115173480000067,-5.208434863999969],[15.103723495000054,-5.219044080999936],[15.098580341000059,-5.184086844999968],[15.083433360000072,-5.185731859999976],[15.062003280000056,-5.154721936999977],[15.089171923000038,-5.093065561999936],[15.088670376000039,-5.08173112999998],[15.057195480000075,-5.070988980999971],[15.080357288000073,-5.062654771999973],[15.07707821300005,-5.037584097999968],[15.091074164000077,-5.035481968999932],[15.071558400000072,-5.033224938999979],[15.067611360000058,-5.015748920999954],[15.09877836000004,-4.998191992999978],[15.064875537000034,-4.934767891999968],[15.048078843000042,-4.917780010999934],[15.013189440000076,-4.91463595099998],[14.979338280000036,-4.868462892999958],[14.98182732400005,-4.854191920999938],[14.96000342800005,-4.846196525999972],[14.934431160000031,-4.802753865999932],[14.872779360000038,-4.768223951999971],[14.82001992000005,-4.843250078999972],[14.771769840000047,-4.858149997999931],[14.681360160000054,-4.923809913999946],[14.61480012000004,-4.917719928999929],[14.552510040000072,-4.868359995999981],[14.531640120000077,-4.872070006999934],[14.485469899000066,-4.850049992999971],[14.430020040000045,-4.896379937999939],[14.33164907400004,-4.941150105999952],[14.271540120000054,-4.952279967999971],[14.209779960000049,-4.937859973999934],[14.186398200000042,-4.954457124999976],[14.205462480000051,-4.965016017999972],[14.199301586000047,-4.98872182599996],[14.211673372000064,-4.974442],[14.233748400000025,-5.000873947999935],[14.27185124700003,-5.003126000999941],[14.281751299000064,-5.022208865999971],[14.317804440000032,-5.033434989999932],[14.321981160000064,-5.060117927999954],[14.338293480000061,-5.068837977999976],[14.329821240000058,-5.081273905999979],[14.340856320000057,-5.091610904999925],[14.32802022800007,-5.101751939999929],[14.371232298000052,-5.135281954999925],[14.348544480000044,-5.15670894699997],[14.372437054000045,-5.167719089999935],[14.362433280000062,-5.223866889999954],[14.39901646100003,-5.268445883999959],[14.395400049000045,-5.300656931999981],[14.374535520000052,-5.316790896999976],[14.387319,-5.323301679999929],[14.407101,-5.412807150999981],[14.479923960000065,-5.382988844999943],[14.528727270000047,-5.383270859999925],[14.495244455000034,-5.404717260999973],[14.492499120000048,-5.422833749999938],[14.510944080000058,-5.439103918999933],[14.488153560000057,-5.454452387999936],[14.483337607000067,-5.501439927999968],[14.491677240000058,-5.533626921999939],[14.486081040000045,-5.554749228999981],[14.458576320000077,-5.567173957999955],[14.462343360000034,-5.617311963999953]]]},"properties":{"shapeName":"Mbanza-Ngungu","shapeISO":"","shapeID":"63176286B82592558575614","shapeGroup":"COD","shapeType":"ADM2"}},
{"type":"Feature","geometry":{"type":"Polygon","coordinates":[[[23.668170348000046,-6.09868107099993],[23.65773228000006,-6.084924892999936],[23.605797109000036,-6.086693924999963],[23.573431224000046,-6.053996936999965],[23.542145640000058,-6.052652852999927],[23.53093235500006,-6.157850830999962],[23.604118200000073,-6.155209979999938],[23.630989792000037,-6.172260493999943],[23.672639739000033,-6.158070119999934],[23.63889996000006,-6.136859897999955],[23.652150663000043,-6.137418695999941],[23.660920040000065,-6.115740188999951],[23.681599920000053,-6.117609982999966],[23.668170348000046,-6.09868107099993]]]},"properties":{"shapeName":"Mbuji-Mayi","shapeISO":"","shapeID":"63176286B79011641071296","shapeGroup":"COD","shapeType":"ADM2"}},
{"type":"Feature","geometry":{"type":"Polygon","coordinates":[[[23.139877299000034,-6.458352856999966],[23.15182698700005,-6.460444799999948],[23.14764656400007,-6.488019991999977],[23.167852200000027,-6.503690990999928],[23.179878364000047,-6.606917862999978],[23.255933024000058,-6.588421634999975],[23.322197508000045,-6.535616839999932],[23.364166303000047,-6.524733882999953],[23.385990227000036,-6.539021948999959],[23.442557022000074,-6.532678609999948],[23.448160061000067,-6.464879935999932],[23.46614822300006,-6.452201663999972],[23.461320568000076,-6.41999917399994],[23.48385010000004,-6.416890100999979],[23.498060026000076,-6.448629897999979],[23.520210099000053,-6.442070031999947],[23.513000736000038,-6.40337984599995],[23.42161512000007,-6.319894703999978],[23.385292958000036,-6.191433489999952],[23.379671160000044,-6.095314022999958],[23.36404680000004,-6.077541774999929],[23.338192320000076,-6.010855923999941],[23.29090524000003,-5.97834998999997],[23.28032133800008,-5.98890903299997],[23.28626844000007,-6.008465887999932],[23.250387240000066,-6.033923927999979],[23.261165280000057,-6.048429972999941],[23.23840146400005,-6.058275868999942],[23.250559036000027,-6.073473723999939],[23.233753440000044,-6.095056867999972],[23.23148148000007,-6.076657922999971],[23.225033352000025,-6.08699265499996],[23.216549292000025,-6.074100972999929],[23.203209240000035,-6.082582857999967],[23.21739936000006,-6.11916896699995],[23.185814400000027,-6.187165958999969],[23.189453280000066,-6.210854943999948],[23.17220928000006,-6.215650014999937],[23.160680280000065,-6.239537991999953],[23.158466204000035,-6.332183147999956],[23.141184234000036,-6.359276891999968],[23.149891440000033,-6.377224981999973],[23.133098631000053,-6.38454898699996],[23.149370520000048,-6.415154897999969],[23.131418412000073,-6.427992095999969],[23.139877299000034,-6.458352856999966]]]},"properties":{"shapeName":"Miabi","shapeISO":"","shapeID":"63176286B13611321695248","shapeGroup":"COD","shapeType":"ADM2"}},
{"type":"Feature","geometry":{"type":"Polygon","coordinates":[[[26.332635846000073,-9.641216012999962],[26.352986947000034,-9.650949047999973],[26.33076667000006,-9.67939097599998],[26.340156910000076,-9.717862956999966],[26.292103756000074,-9.763991027999964],[26.267102839000074,-9.822129049999944],[26.282667635000053,-9.884072963999927],[26.29904655100006,-9.884355936999953],[26.316816506000066,-9.856903950999936],[26.360198655000033,-9.854178898999976],[26.430098758000042,-9.898198927999942],[26.479175745000077,-9.890727014999982],[26.599254432000066,-9.921401031999949],[26.773433539000052,-9.91310690299997],[26.781774376000044,-9.979311957999926],[26.74706642900003,-10.00550691099994],[26.790028837000023,-10.023728031999951],[26.831141672000058,-10.011619764999978],[26.83610051900007,-9.987172954999949],[26.85521261200006,-9.977920922999942],[26.886193503000072,-9.986189795999962],[26.886050642000043,-9.96205002399995],[26.930560548000074,-9.975165926999978],[26.949248649000026,-9.953957042999946],[27.006371632000025,-9.943414700999938],[27.016419805000055,-9.919116144999975],[27.06971739200003,-9.916011976999926],[27.064364556000044,-9.968782932999943],[27.099418463000063,-10.033522929999947],[27.048358791000055,-10.098173907999978],[27.22870408600005,-10.063600333999943],[27.307815867000045,-9.996484883999926],[27.448126432000038,-9.987034179999966],[27.47912689700007,-9.973255059999929],[27.511615778000078,-9.991211201999931],[27.556247847000066,-9.993289130999926],[27.567017244000056,-10.010089530999949],[27.554005768000025,-10.07341140699998],[27.527566656000033,-10.10199182599996],[27.56150924700006,-10.131813861999944],[27.59781623500004,-10.149551716999952],[27.64403274500006,-10.103959042999975],[27.729459641000062,-10.097913826999957],[27.80784086500006,-9.89033838499995],[27.806763743000033,-9.82249866899997],[27.758917755000027,-9.75812031299995],[27.705265119000046,-9.650049765999938],[27.72744650900006,-9.510101564999957],[27.75600854000004,-9.467663283999968],[27.748768581000036,-9.422971621999977],[27.78450181000005,-9.386891631999958],[27.784889888000066,-9.337402304999955],[27.802025163000053,-9.310859619999974],[27.76233481400004,-9.269751115999952],[27.699745952000058,-9.235236664999945],[27.675794798000027,-9.187458301999982],[27.63755272800006,-9.155572659999962],[27.671300917000053,-9.077201505999938],[27.78285768300003,-9.00336834999996],[27.794731918000025,-8.970925708999971],[27.79031759800006,-8.904817796999964],[27.75922836700005,-8.869081244999961],[27.684295459000055,-8.871351536999953],[27.62984764600003,-8.851932432999945],[27.613114993000067,-8.83672446099996],[27.615425040000048,-8.793978720999974],[27.649216440000032,-8.73983349699995],[27.682589160000077,-8.718247094999981],[27.64707156000003,-8.608552202999931],[27.73523664000004,-8.532477274999962],[27.788195160000043,-8.519802029999937],[27.79244028000005,-8.491628681999941],[27.83150820000003,-8.452078696999934],[27.96972444000005,-8.391625003999934],[27.984348383000054,-8.361031814999933],[27.98586972000004,-8.228595351999957],[27.960251760000062,-8.272255032999965],[27.90468180000005,-8.260201785999925],[27.89026128000006,-8.24203979999993],[27.83388528000006,-8.246309958999973],[27.840717360000042,-8.181205975999944],[27.789980400000047,-8.228529004999928],[27.773689320000074,-8.269470872999932],[27.743726880000054,-8.28159908799995],[27.76086396000005,-8.240980412999932],[27.721522080000057,-8.248298510999973],[27.730672560000073,-8.232532139999932],[27.837542880000058,-8.144527228999948],[27.736265160000073,-8.16947136799996],[27.698873400000025,-8.199637086999928],[27.702582480000046,-8.153458329999978],[27.68193180000003,-8.157368220999956],[27.68185260000007,-8.13024115099995],[27.635085,-8.076213393999979],[27.559661040000037,-8.081824573999938],[27.51408684000006,-8.107278271999974],[27.50157,-8.099249076999968],[27.465841440000077,-8.134233869999946],[27.36603720000005,-8.185994972999936],[27.298456200000032,-8.169226985999956],[27.26413524000003,-8.197578010999962],[27.226268381000068,-8.207158923999941],[27.015464520000023,-8.48701368899998],[27.006469200000026,-8.532941162999975],[27.050238360000037,-8.547462004999943],[27.071843760000036,-8.541411869999934],[27.085113720000038,-8.560600350999948],[26.967828240000074,-8.669895893999978],[26.95611420000006,-8.702925969999967],[26.84256048000003,-8.781153891999963],[26.82610740000007,-8.762564012999974],[26.830713240000023,-8.68623200299993],[26.77319928000003,-8.654011934999971],[26.75311632000006,-8.66946887399996],[26.770397400000036,-8.682535945999973],[26.760364200000026,-8.690953025999931],[26.73213516000004,-8.67138502399996],[26.71425036000005,-8.695075988999974],[26.71361748000004,-8.791755471999977],[26.732471400000065,-8.832868964999932],[26.691621480000038,-8.866546005999965],[26.680088520000027,-8.899105950999967],[26.673361200000045,-9.006957947999979],[26.60771052000007,-9.070395880999968],[26.58895344000007,-9.068362967999974],[26.561968200000024,-9.088964003999934],[26.525350440000068,-9.148069000999953],[26.497946520000028,-9.156261903999962],[26.464573440000038,-9.217385856999954],[26.50224348000006,-9.263979887999938],[26.465133240000057,-9.373194890999969],[26.479969200000028,-9.440561904999981],[26.33617909700007,-9.59304991099998],[26.321476086000075,-9.619217086999981],[26.332635846000073,-9.641216012999962]]]},"properties":{"shapeName":"Mitwaba","shapeISO":"","shapeID":"63176286B64695958976401","shapeGroup":"COD","shapeType":"ADM2"}},
{"type":"Feature","geometry":{"type":"Polygon","coordinates":[[[13.100582228000064,-5.878640940999958],[13.117616612000063,-5.899602733999927],[13.22453430400003,-5.857275674999926],[13.358318085000064,-5.904227180999953],[13.375000899000042,-5.866633760999946],[13.397570280000025,-5.773681143999966],[13.362472800000035,-5.640469526999937],[13.310486280000077,-5.628751772999976],[13.282112880000057,-5.664408803999947],[13.283662320000076,-5.609009291999939],[13.204898640000067,-5.612400252999976],[13.203009720000068,-5.632915087999947],[13.162020840000025,-5.65459027199995],[13.141552680000075,-5.635115375999931],[13.066224480000074,-5.638638901999968],[13.04266068000004,-5.602590873999929],[12.957113520000064,-5.632356047999963],[12.953832840000075,-5.522632442999964],[12.912527160000025,-5.500949985999966],[12.88541556000007,-5.45425952599993],[12.861946800000055,-5.499048776999928],[12.824070480000046,-5.471737103999942],[12.833313840000073,-5.515552383999932],[12.823044480000021,-5.534899820999954],[12.778905960000031,-5.53261286999998],[12.751012080000066,-5.514564491999977],[12.712767480000025,-5.572556901999974],[12.729627720000053,-5.641045059999954],[12.717369,-5.659521707999943],[12.637656720000052,-5.673657046999949],[12.588871320000067,-5.646020911999926],[12.509187480000037,-5.664097823999953],[12.507879600000024,-5.754295875999958],[12.205664554000066,-5.777571674999933],[12.437361410000051,-6.057309711999949],[12.52604369200003,-6.040613101999952],[12.626383804000056,-6.002041204999955],[12.687510480000071,-6.002663281999958],[12.74398246000004,-5.962159909999968],[12.793688849000034,-5.96789691999993],[12.827516807000052,-5.948957641999925],[12.848918169000058,-5.915086484999961],[12.988234130000023,-5.888195435999933],[13.00376101300003,-5.864472681999928],[12.984788196000068,-5.857142731999943],[12.997918800000036,-5.76732680899994],[13.109118120000062,-5.759643880999931],[13.10965714100007,-5.876907350999943],[13.100582228000064,-5.878640940999958]]]},"properties":{"shapeName":"Moanda","shapeISO":"","shapeID":"63176286B88277060419996","shapeGroup":"COD","shapeType":"ADM2"}},
{"type":"Feature","geometry":{"type":"Polygon","coordinates":[[[28.660360328000024,-7.129715102999967],[28.71387972000008,-7.158871126999941],[28.750778280000077,-7.156397279999965],[28.776650760000052,-7.181883249999942],[28.769355406000045,-7.204540754999925],[28.75091544000003,-7.198427954999943],[28.72361520000004,-7.214639858999931],[28.639080360000037,-7.197815939999941],[28.692147960000057,-7.271279368999956],[28.744013160000065,-7.298550253999963],[28.728700212000035,-7.351057976999925],[28.645715661000054,-7.370288915999936],[28.679443200000037,-7.511757890999945],[28.556056080000076,-7.517974197999933],[28.521515160000035,-7.532584031999932],[28.46769480000006,-7.533254534999969],[28.449032040000077,-7.516886488999944],[28.422376920000033,-7.526630746999956],[28.39901184000007,-7.603138660999946],[28.433454480000023,-7.607953384999973],[28.47150812900003,-7.655622748999974],[28.48569119800004,-7.637188875999925],[28.548101160000044,-7.622684627999945],[28.603418400000066,-7.652948950999928],[28.632820296000034,-7.684726030999968],[28.622806560000072,-7.747965523999937],[28.648714320000067,-7.820791883999959],[28.68554880000005,-7.835410457999956],[28.656450360000065,-7.892603957999938],[28.747404,-7.91556572099995],[28.770988320000072,-7.970200495999961],[28.790545320000035,-7.978006875999938],[28.830049560000077,-7.976455641999962],[28.85402664000003,-7.958361337999975],[28.878402298000026,-7.921422012999926],[28.90327663000005,-7.82254146799994],[28.962050040000065,-7.869797279999943],[29.027759400000036,-7.87254620899995],[29.020422600000074,-7.889730923999934],[29.039676840000027,-7.892302463999954],[29.11275323800004,-7.865293856999926],[29.106397440000023,-7.841224928999964],[29.11693536000007,-7.831527968999978],[29.095838280000066,-7.806846962999941],[29.11295952000006,-7.780355921999956],[29.094928200000027,-7.768053982999959],[29.110948200000053,-7.750979898999958],[29.14795728000007,-7.739762975999952],[29.171350080000025,-7.77078020099998],[29.206689840000024,-7.781898616999968],[29.262995640000042,-7.729226120999954],[29.31525324000006,-7.734774047999963],[29.359305720000066,-7.757368745999941],[29.438713324000048,-7.729664865999951],[29.44316519000006,-7.780147873999965],[29.463508440000055,-7.793345975999955],[29.453708520000077,-7.814446865999969],[29.48361624000006,-7.812796634999927],[29.493750240000054,-7.870824269999957],[29.51787348000005,-7.871082936999926],[29.566841314000044,-7.820296079999935],[29.626041600000065,-7.934654317999957],[29.662215840000044,-7.932529440999929],[29.66684724000004,-8.00970788799998],[29.63900952000006,-8.09237692499994],[29.574939237000024,-8.119239886999935],[29.579186520000064,-8.174127436999981],[29.54331252000003,-8.18061162899994],[29.531663640000033,-8.152727650999964],[29.520174240000074,-8.187064497999927],[29.519121960000064,-8.228349758999968],[29.562836400000037,-8.345090502999938],[29.628376953000043,-8.395491714999935],[30.793141277000075,-8.271548147999965],[30.73745211100004,-8.105270191999978],[30.637784097000065,-7.957273184999963],[30.605962787000067,-7.837998278999976],[30.513964229000067,-7.602998405999926],[30.276198265000062,-7.10260550199996],[30.13572128100003,-6.891137740999966],[29.791975603000026,-6.608998848999931],[29.654977165000048,-6.41299909199995],[29.53980243700005,-6.468312626999932],[29.479669882000053,-6.507941338999956],[29.477554532000056,-6.522180515999935],[29.420807400000058,-6.523437010999942],[29.40144552000004,-6.553658017999965],[29.373005472000045,-6.565311005999945],[29.364460200000053,-6.597538904999965],[29.35179540000007,-6.594390926999949],[29.323492200000032,-6.629485867999961],[29.326824268000053,-6.648544005999952],[29.29587336000003,-6.703415935999942],[29.257509240000047,-6.710522860999959],[29.205978480000056,-6.747115939999958],[29.13088932000005,-6.834231596999928],[29.116820520000033,-6.893734192999943],[29.077774920000024,-6.949459615999956],[28.93479145200007,-6.907795061999934],[28.948667400000033,-6.963330001999964],[28.97388635300007,-6.989624830999958],[28.965505290000067,-7.013562900999943],[28.939327200000037,-7.022197939999955],[28.933017120000045,-7.121167392999951],[28.899214560000075,-7.101063052999962],[28.78612344000004,-7.111876966999944],[28.752210492000074,-7.094583021999938],[28.660360328000024,-7.129715102999967]],[[29.79852546400008,-7.052114339999946],[29.76933629000007,-7.063513358999955],[29.754476347000036,-7.044161367999948],[29.786053726000034,-7.028785229999926],[29.79852546400008,-7.052114339999946]]]},"properties":{"shapeName":"Moba","shapeISO":"","shapeID":"63176286B25314267977171","shapeGroup":"COD","shapeType":"ADM2"}},
{"type":"Feature","geometry":{"type":"Polygon","coordinates":[[[20.361507483000025,3.965480129000071],[20.473066439000036,3.873541016000047],[20.542417280000052,3.833448119000025],[20.577280319000067,3.829860057000076],[20.649234240000055,3.779653106000069],[20.690832240000077,3.715811046000056],[20.723671273000036,3.707594050000068],[20.718778335000025,3.666114059000051],[20.811392213000033,3.583395003000021],[20.836807200000067,3.635648055000047],[20.865539160000026,3.650639072000047],[20.86191735700004,3.671323233000066],[20.896381440000027,3.685903996000036],[20.932655400000044,3.754825031000053],[20.98046844000004,3.789087108000047],[21.021490114000073,3.788297058000069],[21.01874724000004,3.813824093000051],[21.05956836000007,3.862292145000026],[21.100683240000023,3.877613136000036],[21.159036367000056,3.860392001000037],[21.24618516000004,3.878862136000066],[21.33286111600006,3.817440292000072],[21.47441831900005,3.851303145000031],[21.526282077000076,3.977158777000056],[21.679921077000074,3.993201468000052],[21.82221071600003,3.970648585000049],[21.871412468000074,3.984986927000023],[21.938882400000068,4.110413118000054],[21.96501637600005,4.225052482000024],[21.858999779000044,4.240000074000022],[21.804999783000028,4.269999986000073],[21.772000026000057,4.269999979000033],[21.73499995000003,4.303999966000049],[21.67699999100006,4.295999918000064],[21.65100011800007,4.30900009100003],[21.56500003600007,4.246999968000068],[21.45099992200005,4.264999958000033],[21.431751447000067,4.284182460000068],[21.377000125000052,4.277999946000023],[21.327000087000044,4.298000029000036],[21.282000088000075,4.338000038000075],[21.251000160000046,4.329000070000063],[21.23700012000006,4.294999953000058],[21.210999811000022,4.286999986000069],[21.11900001400005,4.336000033000062],[21.101000015000068,4.370000079000022],[21.05652017500006,4.399019854000073],[21.05562204100005,4.315282457000023],[21.07847556100006,4.26023103600005],[21.017392920000077,4.182674257000031],[20.97744768000007,4.149612951000051],[20.994417360000057,4.183536325000034],[20.952623521000078,4.165672292000068],[20.954479321000065,4.137374944000044],[20.86070832000007,4.062416603000031],[20.795781961000046,4.079016501000069],[20.74037364000003,4.289452123000046],[20.710170720000065,4.307822761000068],[20.700214561000053,4.34364131600006],[20.635522920000028,4.372050308000041],[20.624000033000073,4.401999997000075],[20.53299996000004,4.44199995200006],[20.508999840000058,4.475999939000076],[20.462000040000078,4.503000025000063],[20.45000016000006,4.544999936000067],[20.460999960000038,4.606000021000057],[20.405000159000053,4.677000035000049],[20.378883263000034,4.61870116700004],[20.382396839000023,4.469525431000022],[20.36026404000006,4.29082771700007],[20.361507483000025,3.965480129000071]]]},"properties":{"shapeName":"Mobayi-Mbongo","shapeISO":"","shapeID":"63176286B77587123851522","shapeGroup":"COD","shapeType":"ADM2"}},
{"type":"Feature","geometry":{"type":"Polygon","coordinates":[[[30.235247704000074,1.803622448000056],[30.25092597400004,1.809946098000069],[30.242482168000038,1.833334706000073],[30.221074061000024,1.825015323000059],[30.235247704000074,1.803622448000056]]]},"properties":{"shapeName":"Mongwalu","shapeISO":"","shapeID":"63176286B9060730940258","shapeGroup":"COD","shapeType":"ADM2"}},
{"type":"Feature","geometry":{"type":"Polygon","coordinates":[[[20.283819323000046,-0.665600311999924],[20.254358160000038,-0.758022862999951],[20.191835280000078,-0.839699725999935],[20.191896360000044,-0.87209689599996],[20.137397400000054,-0.945090992999951],[20.137634280000043,-0.987373911999953],[20.16190918800004,-1.018534245999945],[20.092231440000035,-1.065480006999962],[20.005048440000053,-1.095771873999979],[19.90928044800006,-1.107389868999974],[19.848016440000038,-1.157584870999926],[19.71134334800007,-1.17054189299995],[19.681961400000034,-1.155880929999967],[19.67115240000004,-1.049865970999974],[19.68861604700004,-0.992062609999948],[19.601684490000025,-0.977960874999951],[19.610374320000062,-1.171060845999932],[19.514377440000032,-1.25710189199998],[19.433367360000034,-1.424721183999964],[19.49468004000005,-1.572062873999926],[19.48898520000006,-1.64337695699993],[19.51326324000007,-1.672963857999946],[19.520357400000023,-1.710027915999945],[19.502599468000028,-1.774295102999929],[19.543365360000053,-1.800080966999928],[19.601283239000054,-1.802018592999957],[19.63434060000003,-1.777542131999951],[19.652553359000024,-1.696609020999972],[19.727367479000065,-1.604185898999958],[19.73223611900005,-1.578423056999952],[19.839588839000044,-1.663453033999929],[19.90138049600006,-1.879090109999936],[19.927641239000025,-1.897248954999952],[20.153548800000067,-1.91913561399997],[20.184921360000033,-1.958452997999927],[20.23553232000006,-1.987481871999933],[20.247442200000023,-2.02894194199996],[20.315692983000076,-2.052773811999941],[20.397663360000024,-2.119545898999945],[20.50742880000007,-2.071550065999929],[20.54327796000007,-2.031318975999966],[20.62549800900007,-2.013234146999935],[20.657524108000075,-1.960502088999931],[20.767513320000035,-2.111910879999925],[20.84354028000007,-2.193234976999975],[20.888733083000034,-2.214610773999937],[20.96090532000005,-2.346971985999971],[21.011764362000065,-2.383779026999946],[21.023142480000047,-2.408827782999936],[21.016336328000023,-2.494441894999966],[21.094082280000066,-2.505604972999947],[21.13255728000007,-2.496115989999964],[21.20227452000006,-2.51275402899995],[21.391409160000023,-2.473068922999971],[21.44325421800005,-2.497663864999936],[21.41269740000007,-2.445885662999956],[21.410085240000058,-2.309602926999958],[21.56149836000003,-2.378752988999963],[21.595215240000073,-2.419367928999975],[21.64641956400004,-2.43129503199998],[21.681068400000072,-2.468919884999934],[21.830955558000028,-2.530427904999954],[21.87650303600003,-2.506271371999958],[21.99209111500005,-2.394196806999958],[22.061152795000055,-2.300831470999981],[22.093276675000027,-2.307057594999947],[22.093748274000063,-2.362532494999925],[22.130395554000074,-2.398451961999967],[22.131154792000075,-2.433662440999967],[22.15511351400005,-2.449078437999958],[22.22416835300004,-2.402374866999935],[22.187977192000062,-2.247556860999964],[22.181223234000072,-2.12540897599996],[22.144533473000024,-1.996965017999969],[22.15131983400005,-1.935240014999977],[22.13360999400004,-1.877293792999978],[22.195396075000076,-1.810929736999981],[22.14893844000005,-1.769866811999975],[22.140196200000048,-1.729722457999969],[22.072570920000032,-1.657488926999974],[21.978826920000074,-1.522957546999976],[21.920903640000063,-1.50028724699996],[21.867292080000027,-1.301586268999927],[21.76157757900006,-1.211894819999941],[21.784195440000076,-1.140500010999972],[21.821813255000052,-1.090763964999951],[21.80746063400005,-1.078990741999974],[21.824579880000044,-1.061049907999973],[21.802780347000066,-1.04221014899997],[21.797489880000057,-1.055969990999927],[21.798010022000028,-1.034140276999949],[21.748119840000072,-0.996960000999934],[21.72337163800006,-1.006130145999975],[21.712190037000028,-1.068124654999963],[21.56502131700006,-1.169880563999925],[21.53821283700006,-1.166534504999959],[21.511763277000057,-1.185911102999967],[21.42660072800004,-1.200458000999959],[21.39329987700006,-1.159210063999979],[21.35672999700006,-1.165259976999948],[21.32867987700007,-1.13474989499997],[21.31044011700004,-1.142800054999952],[21.293373807000023,-1.126381604999949],[21.243369958000073,-1.121799925999937],[21.11825987800006,-1.051160010999979],[21.04363991300005,-1.035429790999956],[20.975849999000047,-0.971230042999935],[20.917540080000038,-0.98888999199994],[20.882098239000072,-0.945980085999963],[20.833160040000053,-0.970279987999959],[20.816940825000074,-0.959222572999977],[20.805720165000025,-0.968589948999977],[20.734329960000025,-0.947549945999924],[20.706168048000052,-0.912740338999924],[20.659799880000037,-0.916860038999971],[20.630580502000043,-0.868221312999935],[20.58018347600006,-0.850591392999945],[20.559099959000037,-0.817780009999979],[20.536602153000047,-0.814338276999933],[20.54941880800004,-0.795909911999956],[20.48523983900003,-0.793730017999962],[20.489439959000038,-0.77468001699998],[20.46129983900005,-0.762760068999967],[20.402020079000067,-0.768930000999944],[20.37953015900007,-0.745149872999946],[20.364929999000026,-0.697059925999952],[20.324461650000046,-0.709239899999943],[20.304780119000043,-0.673299963999966],[20.283819323000046,-0.665600311999924]]]},"properties":{"shapeName":"Monkoto","shapeISO":"","shapeID":"63176286B4277783159614","shapeGroup":"COD","shapeType":"ADM2"}},
{"type":"Feature","geometry":{"type":"Polygon","coordinates":[[[16.71372995300004,-3.018580025999938],[16.85833992000005,-3.046019957999931],[16.963059960000066,-3.017239980999932],[17.106419880000033,-2.977689921999968],[17.18606864900005,-3.015499846999944],[17.25080004000006,-3.002990088999979],[17.32894956900003,-2.931270367999957],[17.341070040000034,-2.886340017999942],[17.451671452000028,-2.849658304999934],[17.463009795000062,-2.829120146999969],[17.48616984000006,-2.83728005699993],[17.571170160000065,-2.808529928999974],[17.608486680000055,-2.757923846999972],[17.596856160000073,-2.69428043299996],[17.637433619000035,-2.691062580999926],[17.675112240000033,-2.68929533499994],[17.705238955000027,-2.666242747999945],[17.727201360000038,-2.637206944999946],[17.763050160000034,-2.505879922999952],[17.80113816000005,-2.484269925999968],[17.819551440000055,-2.42527587099994],[17.858288092000066,-2.39860177099996],[17.86014540000002,-2.326360869999974],[17.89210944000007,-2.277412980999941],[17.891802360000042,-2.226349979999952],[17.916099467000038,-2.19676884699993],[17.902168215000074,-2.12462583699994],[17.948358360000043,-2.047539886999971],[17.950345895000055,-2.001420047999943],[17.832840480000073,-2.014890581999964],[17.76358423000005,-2.049738928999943],[17.657956440000078,-2.073241340999971],[17.530812360000027,-2.082522787999949],[17.459022240000024,-2.102898874999937],[17.395313040000076,-2.091037981999932],[17.35765740000005,-2.117611886999953],[17.30032740000007,-2.128244778999942],[17.291476440000054,-2.155186890999971],[17.223670440000035,-2.198967193999977],[17.134454520000077,-2.145795297999939],[17.059927320000043,-2.21084686599994],[16.922751840000046,-2.274413943999946],[16.87414860000007,-2.261480176999953],[16.82239536000003,-2.196480197999961],[16.739089200000024,-2.182071785999938],[16.69180860000006,-2.194902522999939],[16.673778,-2.229242860999932],[16.679037960000073,-2.276170541999932],[16.634070360000067,-2.33057823799993],[16.533711,-2.295454251999956],[16.478618760000074,-2.235762491999935],[16.433977307000077,-2.220057026999939],[16.443468360000054,-2.300526944999945],[16.463957400000027,-2.330348992999973],[16.44005448000007,-2.412334871999974],[16.459773480000024,-2.44415485299993],[16.513034040000036,-2.420709998999939],[16.53164424000005,-2.427582389999941],[16.51953276000006,-2.509906582999974],[16.55457516000007,-2.573359688999972],[16.53681529000005,-2.617148975999953],[16.495473960000027,-2.651100772999939],[16.592182200000025,-2.716768925999929],[16.650062280000043,-2.863312993999955],[16.706918160000043,-2.931405911999946],[16.71372995300004,-3.018580025999938]]]},"properties":{"shapeName":"Mushie","shapeISO":"","shapeID":"63176286B59505490488503","shapeGroup":"COD","shapeType":"ADM2"}},
{"type":"Feature","geometry":{"type":"Polygon","coordinates":[[[24.176242899000044,-11.02284458899993],[24.20341484200003,-11.013692078999952],[24.255950948000077,-11.040389491999974],[24.287541772000054,-11.033970876999945],[24.385133160000066,-11.08262721999995],[24.406698240000026,-11.131233950999956],[24.406236720000038,-11.263167705999933],[24.37499592000006,-11.33905262199994],[24.29551728000007,-11.386519025999974],[24.33395913100003,-11.403854643999978],[24.373894232000055,-11.400222761999942],[24.45645863200008,-11.457302843999969],[24.52330870800006,-11.461763952999945],[24.55028408000004,-11.445138740999937],[24.594332579000024,-11.444082824999953],[24.61120973000004,-11.410515250999936],[24.649585712000032,-11.396645932999945],[24.669304701000044,-11.367162217999976],[24.75437625400008,-11.306859818999953],[24.843415725000057,-11.308171560999938],[24.87422774600003,-11.277720838999926],[24.929701194000074,-11.269531161999964],[25.10200860200007,-11.258994935999965],[25.15406751200004,-11.268657772999973],[25.34713457600003,-11.226227695999967],[25.322554440000033,-11.30012613499997],[25.303180320000024,-11.318187628999965],[25.314820200000042,-11.35248330199994],[25.29096228000003,-11.389900256999965],[25.31644128000005,-11.466249528999981],[25.320003840000027,-11.563648935999936],[25.345528560000048,-11.621424267999942],[25.435392656000033,-11.67370225299993],[25.47467388000007,-11.67839377699994],[25.508134640000037,-11.729861580999966],[25.544756160000077,-11.733461988999977],[25.607609251000042,-11.652990981999949],[25.630506360000027,-11.65528201899997],[25.67436038900007,-11.632271102999937],[25.68817934300006,-11.553684113999964],[25.72866036000005,-11.523111918999973],[25.734911355000065,-11.478189107999981],[25.774797240000055,-11.458197963999964],[25.780964400000073,-11.406603029999928],[25.758039581000048,-11.400187441999947],[25.75658124000006,-11.338553527999977],[25.815394800000036,-11.260888393999949],[25.790502240000023,-11.203673046999938],[25.793529120000073,-11.132610152999973],[25.84938672000004,-11.097202337999931],[25.879564368000047,-11.039481012999943],[25.877039400000058,-11.016103923999935],[25.94726987100006,-10.951874114999953],[25.91628396300007,-10.800224042999957],[25.89750492400003,-10.782094995999955],[25.90355688300008,-10.73533503699997],[25.888320965000048,-10.713486992999947],[25.911774963000028,-10.671503936999954],[25.877591885000072,-10.614834051999935],[25.84863672700004,-10.52253796499997],[25.842118927000058,-10.384737918999974],[25.793205730000068,-10.337914019999971],[25.80405396900005,-10.26890794999997],[25.779202810000072,-10.223656069999947],[25.700733,-10.227418039999975],[25.67835684000005,-10.257247],[25.647331294000026,-10.26938193199993],[25.661191966000047,-10.200021921999962],[25.644505942000023,-10.181577127999958],[25.61713982300006,-10.183936046999975],[25.589329788000043,-10.231135937999966],[25.54090083500006,-10.240147950999926],[25.484227833000034,-10.215892964999966],[25.46964611100003,-10.175571159999947],[25.42378797400005,-10.162922951999974],[25.399820798000064,-10.202706983999974],[25.416611887000045,-10.21035995799997],[25.418449173000056,-10.231035952999946],[25.44923787600004,-10.244756894999966],[25.455760836000024,-10.291828936999934],[25.414261838000073,-10.344210052999927],[25.318487110000035,-10.35962297499998],[25.293476085000066,-10.323915943999964],[25.231821049000075,-10.293757027999959],[25.176248117000057,-10.300922002999926],[25.169335852000074,-10.23200400199994],[25.09502402800007,-10.178625052999962],[25.07876379100003,-10.099672024999961],[25.05625311600005,-10.073425010999927],[24.996111120000023,-10.095087067999941],[24.976827,-10.119390024999973],[24.930289080000023,-10.129914962999976],[24.888175920000037,-10.063318962999972],[24.84284603100008,-10.02413189799995],[24.843605040000057,-10.060453006999978],[24.81452316000008,-10.082702922999943],[24.751801080000064,-10.059904048999954],[24.711994161000064,-9.99270497599997],[24.692946840000047,-10.050780990999954],[24.62483412000006,-10.06437197799994],[24.576147,-10.09800894999995],[24.542456040000047,-10.043578065999952],[24.46633404000005,-9.98063007099995],[24.414552,-10.060094960999947],[24.414509880000026,-10.108412013999953],[24.389723880000076,-10.077910046999932],[24.359581113000047,-9.983340082999973],[24.325072920000025,-9.992055075999929],[24.29199391700007,-10.045127027999968],[24.26402808000006,-10.006279947999928],[24.226908120000076,-9.992945057999975],[24.133350015000076,-10.011748932999978],[24.114240360000053,-10.038517911999975],[24.13938924000007,-10.055170977999978],[24.14448144000005,-10.094916934999958],[24.10844220000007,-10.124763938999934],[24.107479202000036,-10.161326985999949],[24.14266452000004,-10.228052003999949],[24.11940240000007,-10.262204003999955],[24.150579480000033,-10.315384866999977],[24.211754280000036,-10.332069031999936],[24.213548160000073,-10.371730849999949],[24.240486600000054,-10.370239459999937],[24.24709260000003,-10.389943691999974],[24.291153360000067,-10.383922610999946],[24.29260884000007,-10.436364689999948],[24.310617120000074,-10.45821254699996],[24.301399331000027,-10.521498896999958],[24.31281654600008,-10.601458820999937],[24.363489241000025,-10.71016089799997],[24.35904540000007,-10.743074888999956],[24.398159400000054,-10.784461981999925],[24.405428018000066,-10.864911037999946],[24.366976109000063,-10.892745895999951],[24.264339389000043,-10.892430184999967],[24.241314240000065,-10.973516965999977],[24.17949539700004,-10.992026020999958],[24.176242899000044,-11.02284458899993]],[[25.55907732000003,-10.712038896999957],[25.516424160000042,-10.772101882999948],[25.533344880000072,-10.805169208999928],[25.450773480000066,-10.800715403999959],[25.450226280000038,-10.776369012999965],[25.410813120000057,-10.753415784999959],[25.43520852000006,-10.710104771999966],[25.54999416000004,-10.701718169999936],[25.55907732000003,-10.712038896999957]]]},"properties":{"shapeName":"Mutshatsha","shapeISO":"","shapeID":"63176286B57018267641486","shapeGroup":"COD","shapeType":"ADM2"}},
{"type":"Feature","geometry":{"type":"Polygon","coordinates":[[[20.651214837000055,-4.155150420999973],[20.63729015900003,-4.164389943999936],[20.630678524000075,-4.207380440999941],[20.669689439000024,-4.233981295999968],[20.719786679000038,-4.233332449999978],[20.716102439000053,-4.278219929999977],[20.72799719900007,-4.284491948999971],[20.812128479000023,-4.288582984999948],[20.834415360000037,-4.278104905999953],[20.832423479000056,-4.312714847999928],[20.863792079000063,-4.312536928999975],[20.90463119900005,-4.369771856999932],[20.900379239000074,-4.454670893999946],[20.82607326300007,-4.506548588999976],[20.818749957000023,-4.554370022999933],[20.873400117000074,-4.593979928999943],[20.89316957400007,-4.583719954999935],[20.931090117000053,-4.619559967999976],[21.02698007600003,-4.619769967999957],[21.05895995700007,-4.651209957999981],[21.070749957000032,-4.686930037999957],[21.04755983600006,-4.74617997799993],[21.074190015000056,-4.851896840999927],[21.06336995600003,-4.91696002499998],[21.082619876000024,-4.978710049999961],[21.112520036000035,-5.017259880999973],[21.11151684200007,-5.043253068999945],[21.135559202000024,-5.112607955999977],[21.163209836000078,-5.144010101999925],[21.181780867000043,-5.146391803999961],[21.193589876000033,-5.179339955999978],[21.211949877000052,-5.179650111999933],[21.233999875000052,-5.234499997999933],[21.26258999500004,-5.262450023999975],[21.276380155000027,-5.258369891999962],[21.282959875000074,-5.277259945999958],[21.300199916000054,-5.270900035999944],[21.31821319200003,-5.303862140999968],[21.367633088000048,-5.342388653999933],[21.445530118000022,-5.330609943999946],[21.452270037000062,-5.309019920999958],[21.516540117000034,-5.310650046999967],[21.549482822000073,-5.343679828999939],[21.57896987400005,-5.315269969999974],[21.602329913000062,-5.331229922999967],[21.624192781000033,-5.316130856999962],[21.638038317000053,-5.295712983999977],[21.637565278000068,-5.232681940999953],[21.68979047600004,-5.129588855999941],[21.689811590000033,-5.054821953999976],[21.801966836000076,-5.083483926999975],[21.823934396000027,-5.025634916999934],[21.87984167600007,-5.017735646999938],[21.885406556000078,-5.029676704999929],[21.868469637000032,-5.048009759999957],[21.93177131500005,-5.078617420999933],[22.020023155000047,-5.070023884999955],[22.03474247300005,-5.138167945999953],[22.091572429000053,-5.090273887999956],[22.127305668000076,-4.978575211999953],[22.103718110000045,-4.963476026999956],[22.105221115000063,-4.918560456999955],[22.084937275000073,-4.901537813999937],[22.085537395000074,-4.874227944999973],[22.12143515400004,-4.837532885999963],[22.17172427500003,-4.822739002999981],[22.223253225000065,-4.782461843999954],[22.225607110000055,-4.750663862999943],[22.201931874000024,-4.721807313999932],[22.248137154000062,-4.703054984999937],[22.286043344000063,-4.626374981999959],[22.36972427200004,-4.643418890999953],[22.42437350800003,-4.621257903999947],[22.461347336000074,-4.508160675999932],[22.487524189000055,-4.495578885999976],[22.52869847200003,-4.443691866999927],[22.524914127000045,-4.198861077999936],[22.46746427000005,-4.158895994999966],[22.403309385000057,-4.144217939999976],[22.37268634900005,-4.105702925999935],[22.329883426000038,-4.080496016999973],[22.304819506000058,-4.022206020999931],[22.272607786000037,-3.997973454999965],[22.238870035000048,-3.999230003999969],[22.16288987400003,-4.040180094999926],[22.11753995400005,-4.024390034999954],[22.08144995400005,-3.983310049999943],[21.99463991600004,-3.96116],[21.968222121000053,-3.975075790999938],[21.919343828000024,-3.998869995999939],[21.85502226400007,-3.972642444999963],[21.830469837000066,-3.983370100999934],[21.830998007000062,-3.959909183999969],[21.80028995600003,-3.957950065999967],[21.780560156000035,-3.963860016999945],[21.776349957000036,-3.990079937999951],[21.74335991600003,-3.984440046999964],[21.700159916000075,-4.018559989999972],[21.656400117000032,-4.013109971999938],[21.59276003800005,-4.054249918999972],[21.58045991700004,-4.031449926999926],[21.556288874000074,-4.062190104999956],[21.53292983800003,-4.055200040999978],[21.447809997000036,-4.075800025999968],[21.37629995700007,-4.013150063999944],[21.342819958000064,-4.016679977999956],[21.202278731000035,-3.966620145999968],[21.16560150300006,-3.966689982999981],[21.115979998000057,-3.996379978999926],[21.069010078000076,-3.990880008999966],[21.034540078000077,-4.011890121999954],[20.941210012000056,-4.07497013699998],[20.921540485000037,-4.118599632999974],[20.86580987900004,-4.12385001499996],[20.845709999000064,-4.107889943999965],[20.814302094000027,-4.107050138999966],[20.742149879000067,-4.144890049999958],[20.651214837000055,-4.155150420999973]]]},"properties":{"shapeName":"Mweka","shapeISO":"","shapeID":"63176286B85649689551019","shapeGroup":"COD","shapeType":"ADM2"}},
{"type":"Feature","geometry":{"type":"Polygon","coordinates":[[[23.433261480000056,-6.931357152999965],[23.410215720000053,-6.982208269999944],[23.408231400000034,-7.029605893999928],[23.479377120000038,-7.043411625999966],[23.552982,-7.003182860999971],[23.546446200000048,-6.958667468999977],[23.52905388000005,-6.940922618999934],[23.433261480000056,-6.931357152999965]]]},"properties":{"shapeName":"Mwene-Ditu","shapeISO":"","shapeID":"63176286B28359889537852","shapeGroup":"COD","shapeType":"ADM2"}},
{"type":"Feature","geometry":{"type":"Polygon","coordinates":[[[28.828127821000066,-3.597337258999971],[28.84218046700005,-3.547267371999965],[28.84243859600008,-3.45001605799996],[28.88781260500008,-3.399796249999952],[28.870862376000048,-3.36316697999996],[28.892153121000035,-3.318881862999945],[28.83067199900006,-3.259550707999949],[28.812674180000045,-3.209457637999947],[28.790281848000063,-3.197665610999934],[28.784099574000038,-3.122617033999973],[28.819355766000058,-3.050979134999977],[28.80435523700004,-2.987937713999941],[28.799485920000052,-2.882380320999971],[28.77275484000006,-2.857350461999943],[28.753174800000068,-2.805470576999937],[28.731608640000047,-2.797961763999979],[28.710797825000043,-2.808730129999958],[28.684258809000028,-2.777090900999951],[28.653287387000034,-2.84180158199996],[28.62745728400006,-2.830304626999975],[28.56457548000003,-2.866904646999956],[28.562181528000053,-2.839873085999955],[28.537934387000064,-2.819525488999943],[28.513735620000034,-2.841650977999961],[28.478530946000035,-2.801122422999924],[28.447690830000056,-2.819025914999941],[28.450257771000054,-2.806168280999941],[28.432479327000067,-2.806168280999941],[28.439799863000076,-2.794672765999962],[28.414724652000075,-2.782603546999951],[28.382400208000035,-2.792211132999967],[28.359582955000064,-2.834249357999965],[28.317651316000024,-2.82815525999996],[28.273352750000072,-2.850261237999973],[28.241693810000072,-2.831692215999965],[28.223844063000058,-2.835874453999963],[28.20687373000004,-2.873346624999954],[28.170616636000034,-2.903244873999938],[28.045814491000044,-2.88377189299996],[28.029398146000062,-2.946692747999975],[27.96657945000004,-2.995305346999942],[27.94685423900006,-2.961601851999944],[27.87704014700006,-2.966389148999951],[27.88214206500004,-3.042868725999938],[27.81546111700004,-3.136800903999927],[27.816560197000058,-3.192494946999943],[27.776274788000023,-3.292606676999981],[27.731478580000044,-3.310130322999953],[27.742627053000035,-3.344778499999961],[27.73519846000005,-3.406323812999972],[27.69753024700003,-3.473424016999957],[27.700950245000058,-3.505010767999977],[27.752962919000026,-3.526517359999957],[27.75486435600004,-3.509966816999963],[27.837734622000028,-3.499549073999958],[27.840396635000047,-3.486771612999974],[27.882846235000045,-3.476812234999954],[27.885413175000053,-3.463341827999955],[27.89843802400003,-3.472393771999975],[27.903500602000065,-3.447411148999947],[27.914243726000052,-3.458015709999927],[27.935967653000034,-3.440795180999942],[27.95992577000004,-3.450754941999946],[27.986948824000024,-3.432101448999958],[28.003074169000058,-3.481416691999925],[28.029238574000033,-3.503951973999961],[28.004943054000023,-3.533030778999944],[28.00919052300003,-3.553971499999932],[28.05047591700003,-3.58646280499994],[28.025104372000044,-3.620773717999953],[28.08173728500003,-3.677102204999926],[28.073921943000073,-3.699973958999976],[28.083549539000046,-3.717098935999957],[28.148450858000047,-3.742415972999936],[28.164704504000042,-3.796176654999954],[28.203457928000034,-3.828016501999969],[28.260820440000032,-3.832880949999947],[28.299480480000057,-3.818447855999977],[28.332756360000076,-3.828197022999973],[28.35029448000006,-3.853891850999958],[28.43142516000006,-3.853227052999955],[28.45473480000004,-3.795816315999957],[28.48076604000005,-3.90835640399996],[28.515602880000074,-3.889219268999966],[28.52161416000007,-3.851874617999954],[28.562207400000034,-3.827258327999971],[28.586494428000037,-3.884571972999936],[28.642639320000058,-3.838745935999953],[28.674677520000046,-3.784979851999935],[28.707120720000034,-3.769023970999967],[28.712209680000058,-3.847052512999937],[28.73164932000003,-3.865383949999966],[28.712259360000076,-3.918256998999937],[28.733829461000028,-3.967624872999977],[28.72775239500004,-3.98882314399998],[28.73303928000007,-3.997756448999951],[28.757201760000044,-3.98677590799997],[28.776986280000074,-3.961948231999941],[28.78336188000003,-3.981098954999936],[28.808564400000023,-3.993144293999933],[28.854417240000032,-3.821019939999928],[28.84391712000007,-3.807391927999959],[28.82750580000004,-3.818605385999945],[28.74204792000006,-3.738587311999936],[28.697649840000054,-3.662069673999952],[28.717100280000068,-3.613580873999979],[28.78374137900005,-3.651910664999946],[28.795981781000023,-3.606825552999965],[28.828127821000066,-3.597337258999971]],[[28.181632523000076,-3.04907845799994],[28.207327580000026,-3.048611630999972],[28.202529105000053,-3.077710154999977],[28.177762785000027,-3.072108361999938],[28.181632523000076,-3.04907845799994]]]},"properties":{"shapeName":"Mwenga","shapeISO":"","shapeID":"63176286B33283671139480","shapeGroup":"COD","shapeType":"ADM2"}},
{"type":"Feature","geometry":{"type":"Polygon","coordinates":[[[27.605008637000026,-4.013738988999933],[27.580569215000025,-3.994932638999956],[27.551644843000076,-3.993422491999979],[27.568397816000072,-4.02594285899994],[27.605008637000026,-4.013738988999933]]]},"properties":{"shapeName":"Namoya","shapeISO":"","shapeID":"63176286B36790783393673","shapeGroup":"COD","shapeType":"ADM2"}},
{"type":"Feature","geometry":{"type":"Polygon","coordinates":[[[24.091391497000075,-6.355023849999952],[24.065693112000076,-6.379806927999937],[23.94017025100004,-6.412180011999965],[23.907302582000057,-6.402951253999959],[23.90455959700006,-6.38663011999995],[23.85259986400007,-6.392549502999941],[23.843189838000058,-6.369549950999954],[23.808235327000034,-6.390430829999957],[23.813282124000068,-6.403540030999977],[23.79420825400007,-6.396850982999979],[23.80520841300006,-6.439620918999935],[23.765609135000034,-6.50784495399995],[23.786060319000057,-6.522350028999938],[23.767389354000045,-6.580941107999934],[23.748304320000045,-6.581147856999962],[23.740213348000054,-6.631473677999963],[23.78571331200004,-6.667152937999958],[23.755121255000063,-6.675389928999948],[23.72792230400006,-6.719249795999929],[23.737369240000078,-6.727768009999977],[23.741652960000067,-6.750388379999947],[23.805637560000037,-6.756678346999934],[23.814999,-6.790158054999949],[23.872780800000044,-6.805355396999971],[23.861720520000063,-6.84700246999995],[23.904504360000033,-6.863464238999939],[23.92621452000003,-6.899559943999975],[24.038379,-6.887042951999945],[24.071653440000034,-6.93033599499995],[24.147112294000067,-6.903051134999941],[24.177475368000046,-6.90629000399997],[24.201160284000025,-6.925837249999972],[24.22805932400007,-6.974107988999947],[24.225517378000063,-7.01707199699996],[24.266468443000065,-7.017326902999969],[24.345140307000065,-7.058724981999944],[24.397425662000046,-7.046315155999935],[24.483041547000028,-7.054114761999926],[24.50463038600003,-7.044248662999962],[24.524130144000026,-6.987624886999981],[24.553781541000035,-7.012880245999952],[24.643974169000046,-6.980242016999966],[24.65638910100006,-6.950832959999957],[24.698023006000028,-6.948308973999929],[24.748840363000056,-6.889946928999962],[24.78127310600007,-6.890175943999964],[24.81690227200005,-6.841687991999947],[24.847486074000074,-6.82720792799995],[24.848071074000075,-6.783455494999941],[24.87554231000007,-6.757845372999952],[24.932419425000035,-6.74611424099993],[24.927484949000075,-6.710354074999941],[24.92192827300005,-6.693674958999964],[24.855478095000024,-6.70908400199994],[24.803728036000052,-6.692541910999978],[24.757969219000074,-6.698518820999936],[24.724615189000076,-6.670479130999979],[24.705303335000053,-6.688404893999973],[24.65632432700005,-6.695754931999943],[24.655391171000076,-6.645651885999939],[24.63042405300007,-6.581979278999938],[24.418087111000034,-6.604218977999949],[24.345197555000027,-6.504603825999936],[24.33943218400003,-6.461748837999949],[24.269051107000053,-6.449685206999959],[24.255560415000048,-6.475057423999942],[24.18469452000005,-6.494085831999939],[24.118673400000034,-6.426408993999928],[24.130787760000032,-6.374239131999957],[24.106956480000065,-6.344085019999966],[24.091391497000075,-6.355023849999952]]]},"properties":{"shapeName":"Ngandajika","shapeISO":"","shapeID":"63176286B5322857834849","shapeGroup":"COD","shapeType":"ADM2"}},
{"type":"Feature","geometry":{"type":"Polygon","coordinates":[[[27.322614369000064,3.794632184000022],[27.342388166000035,3.731582002000039],[27.321644461000062,3.654689394000059],[27.36726551000004,3.623298547000047],[27.374044170000047,3.548471909000057],[27.280310395000072,3.412995417000047],[27.28607806100007,3.372661612000059],[27.243498035000073,3.29669903000007],[27.246380550000026,3.277488073000029],[27.28339930100003,3.27880411700005],[27.300348967000048,3.227211948000047],[27.326893064000046,3.240129855000021],[27.33286722500003,3.221723363000024],[27.364662856000052,3.249376053000049],[27.391456771000037,3.245949986000028],[27.38296992100004,3.26182406700002],[27.39532361600004,3.271273327000074],[27.420987182000033,3.252883162000046],[27.42187400800003,3.282806961000063],[27.457133097000053,3.286522055000034],[27.46238020000004,3.306552],[27.476374580000027,3.278022],[27.505894582000053,3.298992987000076],[27.52880347200005,3.287273261000053],[27.580776782000044,3.293758954000054],[27.59243593000008,3.317704492000075],[27.608933472000047,3.304137025000045],[27.62449745300006,3.312664085000051],[27.65770974800006,3.302788759000066],[27.654263351000054,3.319128927000065],[27.799451718000057,3.298264982000035],[27.80037871600007,3.281003110000029],[27.83083360200004,3.276873961000035],[27.830400522000048,3.226926076000041],[27.848506179000026,3.193099120000056],[27.890860271000065,3.200249592000034],[27.922689655000056,3.18691195100007],[27.94284243100003,3.168044040000041],[27.948349343000075,3.136742940000033],[27.987499296000067,3.133301012000061],[27.974456172000032,3.118796789000044],[28.008572195000056,3.098091152000052],[27.99643952400004,3.096246936000057],[28.00239751600003,3.073692107000056],[28.063984438000034,3.049306986000033],[28.129690820000064,2.988322051000068],[28.162193752000064,2.99476803500005],[28.198131800000056,2.983261023000068],[28.22697101400007,3.014561109000056],[28.228573012000027,2.98533104400002],[28.25535482600003,2.950344965000056],[28.282819920000065,2.936763954000071],[28.300216902000045,2.938832984000044],[28.302963700000078,2.954944106000028],[28.330887567000048,2.945733386000029],[28.326424960000054,3.039958874000035],[28.302892403000044,3.039260852000041],[28.289972818000024,3.067801661000033],[28.323582403000046,3.147814965000066],[28.321753604000037,3.17474502400006],[28.362284544000033,3.21340606800004],[28.37236346000003,3.241945043000044],[28.380158781000034,3.29971600500005],[28.36802573400007,3.322967118000065],[28.444959536000056,3.295325306000052],[28.518697532000033,3.309800093000035],[28.52832017000003,3.32314604100003],[28.493814600000064,3.362649739000062],[28.50568056000003,3.37593724200002],[28.47227760000004,3.385429436000038],[28.520660880000037,3.509884427000031],[28.541935369000043,3.612937853000062],[28.43702924300004,3.643821184000046],[28.419164341000055,3.66247106000003],[28.36716228000006,3.666167079000047],[28.329815246000067,3.604715027000054],[28.300493388000064,3.606560935000061],[28.279190338000035,3.59114106800007],[28.25536752000005,3.606336007000039],[28.22444136000007,3.688744100000065],[28.185262200000068,3.718899066000063],[28.10278728000003,3.725339987000041],[28.04573462700006,3.746739275000039],[28.098200271000053,3.745596005000039],[28.147455231000038,3.769539184000053],[28.151508240000055,3.791805844000066],[28.13952960000006,3.807997417000024],[28.086487560000023,3.811389917000042],[28.05075214900006,3.843879207000043],[28.036527480000075,3.922141002000046],[27.961242480000067,3.998822601000029],[27.958565230000033,4.054940836000071],[27.892338214000063,4.037655241000039],[27.815773240000055,4.067087999000023],[27.797901480000064,4.057872057000054],[27.804554280000048,4.044754046000037],[27.777309480000042,3.992949042000021],[27.78625720200006,3.976610074000064],[27.745466400000055,3.973827005000032],[27.749145413000065,3.953572327000074],[27.718433280000056,3.957699067000021],[27.704469329000062,3.934442035000075],[27.610744320000038,3.930237096000042],[27.59909220000003,3.886263133000057],[27.559221484000034,3.886924101000034],[27.52924752000007,3.834418096000036],[27.49555944000008,3.84014406700004],[27.48572352000008,3.822871985000063],[27.45937728000007,3.817554108000024],[27.451141221000057,3.805347052000059],[27.465833520000047,3.774515156000064],[27.43097148000004,3.811774035000042],[27.384012360000042,3.80068007400007],[27.37348920000005,3.784326150000027],[27.365915520000044,3.796519104000026],[27.322614369000064,3.794632184000022]]]},"properties":{"shapeName":"Niangara","shapeISO":"","shapeID":"63176286B33291186627226","shapeGroup":"COD","shapeType":"ADM2"}},
{"type":"Feature","geometry":{"type":"Polygon","coordinates":[[[17.705238955000027,-2.666242747999945],[17.675112240000033,-2.68929533499994],[17.637433619000035,-2.691062580999926],[17.661718430000064,-2.721104215999958],[17.68900431000003,-2.727764],[17.713376165000057,-2.705386977999979],[17.705238955000027,-2.666242747999945]]]},"properties":{"shapeName":"Nioki","shapeISO":"","shapeID":"63176286B71096802464930","shapeGroup":"COD","shapeType":"ADM2"}},
{"type":"Feature","geometry":{"type":"Polygon","coordinates":[[[29.25236313700003,-1.662286821999942],[29.261871347000067,-1.643009378999977],[29.291259247000028,-1.630507752999961],[29.349165635000077,-1.54623634099994],[29.37789220700006,-1.527895212999965],[29.44355499900007,-1.529936335999935],[29.485937294000053,-1.476577232999944],[29.395702440000036,-1.464692664999973],[29.254086720000032,-1.468768743999931],[29.218180019000044,-1.437764180999977],[29.223621054000034,-1.466612045999966],[29.156051628000057,-1.532347580999954],[29.16788985900007,-1.582766445999937],[29.153130231000034,-1.610430841999971],[29.25236313700003,-1.662286821999942]]]},"properties":{"shapeName":"Nyiragongo","shapeISO":"","shapeID":"63176286B84996923503616","shapeGroup":"COD","shapeType":"ADM2"}},
{"type":"Feature","geometry":{"type":"Polygon","coordinates":[[[28.021700029000044,-6.508593917999974],[28.017290520000074,-6.551824997999972],[28.053812520000065,-6.596039929999961],[28.165485240000066,-6.630520023999964],[28.227260520000073,-6.612792991999981],[28.237488480000025,-6.659160995999969],[28.270093320000058,-6.669450451999978],[28.31070888000005,-6.709237046999931],[28.388719800000047,-6.648023011999953],[28.387731600000052,-6.604230797999946],[28.36721484000003,-6.595739167999966],[28.358310240000037,-6.562901438999972],[28.341964440000027,-6.548863824999955],[28.343015640000033,-6.511794583999972],[28.395258840000054,-6.450503239999932],[28.397152473000062,-6.413914320999936],[28.37656836000008,-6.388028950999967],[28.286820360000036,-6.377737218999926],[28.31021424000005,-6.29841548099995],[28.285825680000073,-6.232710638999947],[28.30692060000007,-6.198970990999953],[28.398252240000033,-6.125558069999954],[28.31414042700004,-6.109512833999929],[28.260672829000043,-6.119200680999938],[28.16348980300006,-6.036253958999964],[28.111451721000037,-6.012094573999946],[28.151449245000038,-5.863609996999969],[28.064879460000043,-5.76644979799994],[28.095913505000055,-5.735052468999925],[28.032369209000024,-5.671550854999964],[28.189915666000047,-5.632315045999974],[28.21162189000006,-5.658213811999929],[28.217288533000044,-5.691997927999978],[28.30105149600007,-5.755672791999928],[28.350930592000054,-5.733050311999932],[28.40684430600004,-5.753501153999935],[28.442591889000028,-5.783237912999937],[28.534112863000075,-5.78619555299997],[28.579969110000036,-5.809020386999975],[28.608436080000047,-5.802924710999946],[28.522759320000034,-5.653629877999947],[28.491680880000047,-5.62786648499997],[28.499222160000045,-5.585086538999974],[28.457671680000033,-5.523679519999973],[28.462060800000074,-5.497278698999935],[28.508218560000046,-5.437042295999959],[28.602823320000027,-5.352622849999932],[28.613659131000077,-5.316226989999961],[28.520483040000045,-5.313716660999944],[28.561663800000076,-5.265206765999949],[28.560965400000043,-5.22673651499997],[28.54387476000005,-5.209757808999939],[28.45113408000003,-5.204639390999944],[28.392199920000053,-5.178773490999959],[28.384157880000032,-5.154091189999974],[28.451720160000036,-5.09951751899996],[28.456390395000028,-5.078857918999972],[28.406990008000037,-5.019724850999978],[27.673555699000076,-5.010024599999952],[27.693693720000056,-5.058909024999934],[27.684694440000044,-5.111209145999965],[27.715074480000055,-5.146277342999952],[27.719589960000064,-5.185997679999957],[27.703380240000058,-5.218178031999969],[27.732099240000025,-5.264009923999936],[27.667186920000063,-5.303507714999967],[27.669799440000077,-5.367214716999968],[27.599892597000064,-5.455216081999936],[27.583702689000063,-5.506176173999961],[27.563381539000034,-5.525877904999959],[27.536788238000042,-5.519411556999955],[27.51771076800003,-5.530166805999954],[27.486676627000065,-5.510805708999953],[27.326540118000025,-5.578769718999979],[27.280636171000026,-5.612520225999958],[27.243256661000032,-5.619949383999938],[27.04859176700006,-5.75385810399996],[27.14125032000004,-5.800524800999938],[27.155899393000027,-5.823436797999932],[27.141714360000037,-5.840955938999969],[27.184538160000045,-5.873928836999937],[27.17161992000007,-5.991260005999948],[27.228459960000066,-6.019140044999972],[27.35368133000003,-6.01737791599993],[27.38291940000005,-6.033380883999939],[27.438301284000033,-6.034580955999957],[27.463429440000027,-6.124124896999945],[27.486461880000036,-6.100223403999962],[27.54383868000008,-6.136716547999981],[27.601651080000067,-6.112828349999972],[27.688614147000067,-6.114429972999972],[27.738174240000035,-6.152418867999927],[27.74587248000006,-6.181130934999942],[27.773552520000067,-6.206091003999973],[27.79797024000004,-6.276122961999931],[27.84256128000004,-6.332281880999972],[27.85341420000003,-6.40005698899995],[27.87794136000008,-6.437894032999964],[27.96990732000006,-6.440527968999959],[28.00404720000006,-6.467057992999969],[28.021700029000044,-6.508593917999974]]]},"properties":{"shapeName":"Nyunzu","shapeISO":"","shapeID":"63176286B34424841963647","shapeGroup":"COD","shapeType":"ADM2"}},
{"type":"Feature","geometry":{"type":"Polygon","coordinates":[[[29.36110126500006,0.067368731000045],[29.39025725500005,0.047203987000046],[29.380444392000072,0.043314],[29.373916989000065,-0.041249007999966],[29.409230302000026,-0.033931922999955],[29.41476133200007,-0.04331291799997],[29.402968113000043,-0.092968955999936],[29.410072718000038,-0.136090327999966],[29.445404477000068,-0.126390756999967],[29.561156503000063,-0.148260100999948],[29.643009840000047,-0.128690178999932],[29.681420040000035,-0.104490035999959],[29.70186984000003,-0.065970117999939],[29.752610040000036,-0.077860143999942],[29.757736545000057,-0.067308691999926],[29.74445395600003,-0.041125772999976],[29.76016304500007,-0.017250547999936],[29.739630387000034,0.009533653000062],[29.731008873000064,0.06507128100003],[29.74809278300006,0.08022515600004],[29.74798802500004,0.106835938000074],[29.83940433500004,0.183876850000047],[29.883032066000055,0.385608243000036],[29.959504566000078,0.407350051000037],[29.99231731100008,0.482026968000071],[29.988660136000078,0.543040522000069],[29.958520355000076,0.615405735000024],[29.91080852600004,0.654378899000051],[29.986744274000046,0.837160869000058],[29.923682834000033,0.798683311000048],[29.907030964000057,0.805102873000067],[29.87495922100004,0.866591006000021],[29.876829418000057,0.888193985000044],[29.860179454000047,0.897422991000042],[29.861204373000078,0.954199083000049],[29.807759970000063,0.910542548000024],[29.756142559000068,0.907957603000057],[29.726783540000042,0.865505044000031],[29.695989222000037,0.868326471000046],[29.659118275000026,0.907676460000062],[29.62735169000007,0.881616975000043],[29.62319261400006,0.853455629000052],[29.55978480400006,0.874837359000026],[29.522909311000035,0.861171289000026],[29.53685843200003,0.788718135000067],[29.494569057000035,0.801024443000074],[29.48610870400006,0.842017989000055],[29.45805110200007,0.86021850700007],[29.404560349000064,0.809965547000047],[29.382665169000063,0.825627107000059],[29.36972469500006,0.822106779000023],[29.370090094000034,0.74700196200007],[29.34700513300004,0.709791566000035],[29.43190594400005,0.651330737000023],[29.469513996000046,0.648716074000049],[29.47391858900005,0.625300284000048],[29.381259433000025,0.596320154000068],[29.36617172600006,0.616740778000064],[29.32807024500005,0.628285138000024],[29.339518226000052,0.656075084000065],[29.325408409000033,0.686890061000042],[29.30435240500003,0.675575604000073],[29.280742563000047,0.617874007000069],[29.290493867000066,0.586652927000046],[29.253604008000025,0.618775665000044],[29.222150956000064,0.616936216000056],[29.17699413400004,0.648245701000064],[29.162873818000037,0.676758822000068],[29.103960806000032,0.653615573000025],[29.062144785000044,0.608160143000021],[29.04634188700004,0.552797138000074],[29.00840694200008,0.500676974000044],[29.02708587500007,0.463665098000035],[28.998751756000047,0.423256071000026],[29.011056538000048,0.401896386000033],[29.080745956000044,0.383005252000032],[29.089269080000065,0.35148081400007],[29.115485903000035,0.32916700100003],[29.05756739000003,0.289653455000064],[29.091037980000067,0.272938402000023],[29.13412883500007,0.278283177000048],[29.155783881000048,0.22917424000002],[29.151526167000043,0.192909798000073],[29.18893766900004,0.168476505000058],[29.21948290000006,0.176279517000069],[29.230700842000033,0.20853706500003],[29.248671294000076,0.213411639000071],[29.269891459000064,0.212480196000058],[29.28381767600007,0.193940729000076],[29.33157915700008,0.191553363000025],[29.365308218000052,0.110431436000056],[29.35226472000005,0.098269089000041],[29.36110126500006,0.067368731000045]],[[29.384092988000077,0.544760156000052],[29.48010769600006,0.550181702000032],[29.49946594100004,0.584638017000032],[29.535013976000073,0.581090301000074],[29.52983368500003,0.548019355000065],[29.552191149000066,0.473754961000054],[29.513232360000075,0.38868466100007],[29.493261360000076,0.376408663000063],[29.403274535000037,0.380226005000054],[29.397109124000053,0.410098803000039],[29.35472351800007,0.466157468000063],[29.35417343900008,0.503839233000065],[29.384092988000077,0.544760156000052]]]},"properties":{"shapeName":"Oïcha","shapeISO":"","shapeID":"63176286B86170870415972","shapeGroup":"COD","shapeType":"ADM2"}},
{"type":"Feature","geometry":{"type":"Polygon","coordinates":[[[24.44404425500005,-1.715305850999925],[24.515102049000063,-1.904045207999957],[24.573266899000032,-1.943420205999928],[24.59838988000007,-1.980783040999938],[24.978235011000038,-1.98155486099995],[25.02449987500006,-1.968569994999939],[25.012509675000047,-1.950499996999952],[25.032609912000055,-1.920830107999961],[25.032819791000065,-1.887249872999973],[25.009020088000057,-1.863310514999966],[25.011519674000056,-1.830459980999933],[25.05213990900006,-1.702179907999948],[25.012509892000026,-1.602379424999924],[25.038079665000055,-1.571560029999944],[25.048109623000073,-1.531780060999949],[25.016549870000063,-1.506740069999978],[25.00677292100005,-1.43473741899993],[25.074529007000024,-1.417980883999974],[25.14873489200005,-1.354043750999949],[25.115435513000023,-1.32184325399993],[25.06570974600004,-1.173438166999972],[24.920156365000025,-1.052018496999949],[24.81438081700003,-0.927171131999955],[24.648938514000065,-0.814474676999964],[24.562147923000055,-0.691416318999927],[24.50338116900008,-0.511368397999945],[24.42291937600004,-0.413769898999931],[24.412069337000048,-0.352308271999959],[24.370482173000028,-0.289901094999948],[24.399411343000054,-0.288209267999946],[24.40121929700007,-0.273292561999938],[24.484329720000062,-0.266601992999938],[24.74475588000007,-0.306522766999933],[24.770973600000048,-0.327644777999978],[25.020479160000036,0.123820630000068],[25.032654,0.274735860000021],[25.02552348000006,0.340935180000031],[25.00502724000006,0.363041353000028],[24.994332360000044,0.421029168000075],[24.968489040000065,0.458286740000062],[24.900318,0.467520542000045],[24.864226804000054,0.489228088000061],[24.75785228700005,0.532245126000021],[24.72173921800004,0.560907790000044],[24.63815297800005,0.405866126000035],[24.520983064000063,0.343166620000034],[24.494222854000043,0.346584864000022],[24.516018664000057,0.391476960000034],[24.540187262000074,0.415014924000047],[24.596815260000028,0.428148753000073],[24.623773139000036,0.454007042000057],[24.606546410000078,0.539585996000028],[24.534368223000058,0.486434350000025],[24.457299066000076,0.479189747000021],[24.43219625000006,0.42063068300007],[24.41425889100003,0.299759767000069],[24.363390551000066,0.337071033000029],[24.341052925000042,0.382175419000021],[24.30471813500003,0.173430007000036],[24.298503120000078,0.16597487100006],[24.253891920000058,0.189648486000067],[24.16960836000004,0.104988563000063],[24.26252364000004,0.003021983000053],[24.272750101000042,-0.04107064599998],[24.13430229100004,-0.162243905999958],[24.111255165000046,-0.172557866999966],[24.082832791000044,-0.155827396999939],[24.021943845000067,-0.17702929099994],[24.047788312000023,-0.256314045999943],[23.939853480000068,-0.27045084599996],[23.869098360000066,-0.299081011999931],[23.829473160000077,-0.288294874999963],[23.740335360000074,-0.376090917999932],[23.688172744000042,-0.389587433999964],[23.505054449000056,-0.387358349999943],[23.411220593000053,-0.409146997999926],[23.454986408000025,-0.452395083999932],[23.474383560000035,-0.544336096999928],[23.53925268000006,-0.594559016999938],[23.534352720000072,-0.612783429999979],[23.397678360000043,-0.649840854999979],[23.382353520000038,-0.672787954999933],[23.33347524000004,-0.691541932999939],[23.313066480000032,-0.756750883999928],[23.277744720000044,-0.745599337999977],[23.255262360000074,-0.761076835999972],[23.29862040000006,-0.790354922999938],[23.30813592000004,-0.819738589999929],[23.355796320000024,-0.853204780999931],[23.38550028000003,-0.897931571999948],[23.509689120000075,-0.98578052299996],[23.58115416000004,-1.009366819999968],[23.63850252000003,-1.010588073999941],[23.67062640000006,-1.074912864999931],[23.650988760000075,-1.149201387999938],[23.702396259000068,-1.150154984999972],[23.80002840000003,-1.187949105999962],[23.803732440000033,-1.214546433999942],[23.836716,-1.246653733999949],[23.841742320000037,-1.278848029999949],[23.898268440000038,-1.310881008999957],[23.934370199000057,-1.378785720999929],[24.071949181000036,-1.307424051999931],[24.12600372000003,-1.322773085999927],[24.359886360000075,-1.324843234999946],[24.368355360000066,-1.393435310999962],[24.385265280000056,-1.421389519999934],[24.40558512000007,-1.652370284999961],[24.44404425500005,-1.715305850999925]]]},"properties":{"shapeName":"Opala","shapeISO":"","shapeID":"63176286B48725841971461","shapeGroup":"COD","shapeType":"ADM2"}},
{"type":"Feature","geometry":{"type":"Polygon","coordinates":[[[21.016336328000023,-2.494441894999966],[21.023142480000047,-2.408827782999936],[21.011764362000065,-2.383779026999946],[20.96090532000005,-2.346971985999971],[20.888733083000034,-2.214610773999937],[20.84354028000007,-2.193234976999975],[20.767513320000035,-2.111910879999925],[20.657524108000075,-1.960502088999931],[20.62549800900007,-2.013234146999935],[20.54327796000007,-2.031318975999966],[20.50742880000007,-2.071550065999929],[20.397663360000024,-2.119545898999945],[20.315692983000076,-2.052773811999941],[20.247442200000023,-2.02894194199996],[20.23553232000006,-1.987481871999933],[20.184921360000033,-1.958452997999927],[20.153548800000067,-1.91913561399997],[19.927641239000025,-1.897248954999952],[19.949842440000054,-1.975855901999978],[19.884073320000027,-1.990748958999973],[19.87626630500006,-2.038077931999965],[19.81785528000006,-2.048284491999937],[19.81456232200003,-2.072203706999971],[19.748771280000028,-2.140338980999957],[19.408239108000032,-2.290899918999969],[19.299900654000055,-2.276609620999977],[19.350935280000044,-2.383908930999951],[19.34146116000005,-2.436060959999963],[19.38208220300004,-2.452892335999934],[19.329481440000052,-2.553065395999965],[19.326451680000048,-2.698637560999941],[19.28208349600004,-2.711942882999949],[19.260396720000074,-2.758741147999956],[19.066242240000065,-2.575891006999939],[19.04159524100004,-2.566057945999944],[19.026813240000024,-2.621623978999935],[19.04416236000003,-2.733089853999957],[19.031316840000045,-2.76706030899993],[19.05144516000007,-2.897036960999969],[19.04679720000007,-2.948011401999963],[19.000000440000065,-2.995715865999955],[18.981540360000054,-3.036092980999967],[18.894802320000053,-3.073515961999931],[18.845628480000073,-3.177400975999944],[18.873661320000053,-3.222076966999964],[18.893640396000023,-3.22976183399993],[18.946420200000034,-3.21259596799996],[18.996557961000065,-3.241007053999965],[18.991289160000065,-3.272106966999957],[18.93164057900003,-3.321769721999942],[18.858215160000043,-3.431351868999968],[18.866976480000062,-3.470870923999939],[18.927084240000056,-3.545701],[18.913452480000046,-3.561443981999957],[18.92675844000007,-3.595407978999958],[18.903925773000026,-3.67035547699993],[19.065430080000056,-3.753899923999938],[19.131344280000064,-3.765626986999962],[19.262900160000072,-3.826660044999926],[19.451739960000054,-3.946789904999946],[19.568525400000055,-4.003683009999975],[19.604980080000075,-4.04187002599997],[19.760211823000077,-4.07298800999996],[19.7802,-4.066190073999962],[19.820859840000026,-4.0913],[19.856158970000024,-4.092199437999966],[19.890950040000064,-4.143490106999934],[19.92413016000006,-4.154740090999951],[19.944849960000056,-4.180400087999942],[19.980140040000038,-4.183830032999936],[20.038049864000072,-4.285869698999932],[20.130440040000053,-4.294450005999977],[20.16983988000004,-4.34045991399995],[20.200600080000072,-4.334879892999936],[20.231250120000027,-4.348849993999977],[20.234060544000045,-4.382000117999951],[20.260130040000035,-4.39733006299997],[20.308120793000057,-4.383560279999926],[20.352539879000062,-4.398769967999954],[20.37264011900004,-4.367109910999943],[20.362880159000042,-4.348189925999975],[20.382839999000055,-4.29976002899997],[20.415730920000044,-4.28433092299997],[20.469237745000044,-4.294570097999951],[20.48487012000004,-4.265630085999931],[20.630678524000075,-4.207380440999941],[20.63729015900003,-4.164389943999936],[20.651214837000055,-4.155150420999973],[20.661713280000072,-4.058290754999973],[20.643459480000047,-3.971134931999927],[20.627475120000042,-3.316378014999941],[20.671974360000036,-3.150758018999966],[20.806826040000033,-2.803928926999959],[20.86542828000006,-2.748579566999979],[20.864484,-2.702342421999958],[20.949886440000057,-2.55809533799993],[20.962133249000033,-2.489821043999939],[21.016336328000023,-2.494441894999966]]]},"properties":{"shapeName":"Oshwe","shapeISO":"","shapeID":"63176286B4112889633509","shapeGroup":"COD","shapeType":"ADM2"}},
{"type":"Feature","geometry":{"type":"Polygon","coordinates":[[[26.621730781000053,-2.488199233999978],[26.61654821600007,-2.524706958999957],[26.587348191000046,-2.559832789999973],[26.526657941000053,-2.585456757999964],[26.498440720000076,-2.583229723999978],[26.488105793000045,-2.604472073999943],[26.40461642100007,-2.624490787999946],[26.23017055400004,-2.72942216499996],[26.21920207900007,-2.834688079999978],[26.19888260400006,-2.848574182999926],[26.170410855000057,-2.830467501999976],[26.059433400000046,-2.957832454999959],[26.061239880000073,-3.000967256999957],[26.12525688000005,-3.160153396999931],[25.93524996000008,-3.192539963999934],[25.903367484000057,-3.25524554499998],[25.87987059200003,-3.35308284499996],[25.942317840000044,-3.400890865999941],[25.970976360000066,-3.380169240999976],[26.018078760000037,-3.38590783099994],[26.057928240000024,-3.631589899999938],[26.082371901000045,-3.645394280999938],[26.087777035000045,-3.633965099999955],[26.137897200000054,-3.636979963999977],[26.15894928000006,-3.623828955999954],[26.164753492000045,-3.799773334999941],[26.181562067000073,-3.807872857999939],[26.234373719000075,-3.784195004999958],[26.325918,-3.797007171999951],[26.33549148000003,-3.829883073999952],[26.37105156000007,-3.866543777999937],[26.356179240000074,-3.88518694499993],[26.38190952000008,-3.93259145199994],[26.452099800000042,-3.933706594999933],[26.47534752000007,-3.907631951999974],[26.504388360000064,-3.910832552999977],[26.49421368000003,-3.864284178999981],[26.565752520000046,-3.75257520599996],[26.59824180000004,-3.640580156999931],[26.633879640000032,-3.61083352199995],[26.731514520000076,-3.632259545999943],[26.837236800000028,-3.717475735999926],[26.871429240000055,-3.727460931999929],[26.948565,-3.727747788999977],[26.991508466000028,-3.705265330999964],[27.08796737700004,-3.714302916999941],[27.098811734000037,-3.699945101999958],[27.099287093000044,-3.623461771999928],[27.127190693000045,-3.573575723999966],[27.121462612000073,-3.558363393999969],[27.134606301000076,-3.559366411999974],[27.135176732000048,-3.538780426999949],[27.11678032100008,-3.539711820999969],[27.13357637000007,-3.498900183999979],[27.119061146000035,-3.457191398999953],[27.132276139000055,-3.42673876799995],[27.11544841500006,-3.430560327999956],[27.11454523200007,-3.387208593999958],[27.100569664000034,-3.392821739999931],[27.091870586000027,-3.381595415999925],[27.10501427500003,-3.363704680999945],[27.099100621000048,-3.318048293999937],[27.142025580000052,-3.265303255999925],[27.110533016000034,-3.24561869799993],[27.131686512000044,-3.15435757299997],[27.111721415000034,-3.136462743999971],[27.119897597000033,-3.076731438999957],[27.057976844000052,-3.041280754999946],[27.05779755800006,-2.987701812999944],[27.029003686000067,-2.968521040999974],[27.024535307000065,-2.94916541799995],[27.001421608000044,-2.959008943999947],[26.97979684200004,-2.928774546999932],[26.95712657200005,-2.836788972999955],[26.916222670000025,-2.807460986999956],[26.945773616000054,-2.73974592999997],[26.94294473700006,-2.712378004999948],[26.905703833000075,-2.695617696999932],[26.90497267300003,-2.66468890699997],[26.856550346000063,-2.606950045999952],[26.87055380700008,-2.542539460999933],[26.856009452000023,-2.494152054999972],[26.820199908000063,-2.446547219999957],[26.824105545000066,-2.378333218999956],[26.810649209000076,-2.339823748999947],[26.773690805000058,-2.340394870999944],[26.76869184700007,-2.351907978999975],[26.747586856000055,-2.330569942999944],[26.70948375100005,-2.366313951999928],[26.66947084700007,-2.374228905999928],[26.656902892000062,-2.448142076999943],[26.621730781000053,-2.488199233999978]]]},"properties":{"shapeName":"Pangi","shapeISO":"","shapeID":"63176286B98681964412172","shapeGroup":"COD","shapeType":"ADM2"}},
{"type":"Feature","geometry":{"type":"Polygon","coordinates":[[[26.141847263000045,3.654189847000055],[26.152614249000067,3.563059772000031],[26.21590156900004,3.535591961000023],[26.221927657000037,3.511441259000037],[26.27371969400008,3.494988019000061],[26.307450595000034,3.467674091000049],[26.324027740000076,3.431113878000076],[26.392998472000045,3.414234871000076],[26.36446447900005,3.373890119000066],[26.369073575000073,3.361702076000029],[26.386237821000066,3.366573668000058],[26.403533399000025,3.312059992000059],[26.37575226900003,3.242946055000061],[26.46105457300007,3.18512811100004],[26.451598600000068,3.111454531000049],[26.480982358000063,3.073308972000063],[26.499680866000062,3.000387020000062],[26.538594197000066,2.999776101000066],[26.555340306000062,2.981167067000058],[26.544917953000038,2.964132985000049],[26.493347947000075,2.963975857000037],[26.499670907000052,2.918704298000023],[26.441610856000068,2.882222802000058],[26.427222743000073,2.856718801000056],[26.393893959000025,2.878663780000068],[26.308039785000062,2.895814175000055],[26.253955183000073,2.890126164000037],[26.197992105000026,2.857700015000034],[26.208486161000053,2.734141022000074],[26.168941209000025,2.717474141000025],[26.12819602600007,2.722666061000041],[26.15072613700005,2.648816795000073],[26.124521022000067,2.469558026000072],[26.212000278000062,2.416645243000062],[26.275495258000035,2.395647299000075],[26.307724250000035,2.406684190000021],[26.316897766000068,2.364362086000028],[26.326631083000052,2.30548651600003],[26.31320704700005,2.250001258000054],[26.329895562000047,2.225556468000036],[26.316399885000067,2.210009942000056],[26.324095962000058,2.120944978000068],[26.35618491200006,2.068516026000054],[26.424849490000042,2.065298988000052],[26.47521275400004,2.115724334000049],[26.49561430700004,2.051273347000063],[26.58429430900003,2.053249880000067],[26.599872885000025,2.067713247000029],[26.602646325000023,2.116283208000027],[26.62214427300006,2.120434003000071],[26.62634812700003,2.096715556000049],[26.64220202300004,2.102502077000054],[26.745547523000027,2.193058104000045],[26.76947634900006,2.191881508000051],[26.775001625000073,2.156317753000053],[26.809123077000038,2.127384076000055],[26.82624723400005,2.149967610000033],[26.859283332000075,2.14601519100006],[26.868899010000064,2.173089243000049],[26.881709158000035,2.170109920000073],[26.92939875500008,2.091960736000033],[26.942118917000073,1.998119949000056],[26.984028829000067,1.955160430000035],[27.044041804000074,1.941191297000046],[27.035449208000045,1.967659987000047],[27.059309277000068,2.062479997000025],[27.055800720000036,2.122058046000063],[27.114049771000055,2.165392119000046],[27.126095726000074,2.219706027000029],[27.163741627000036,2.286710968000023],[27.177916620000076,2.289950035000061],[27.19110269400005,2.351862056000073],[27.137049903000047,2.406788894000044],[27.164261468000063,2.413958026000046],[27.166970467000056,2.440653054000052],[27.13545186300007,2.575461974000063],[27.033200925000074,2.565657930000043],[27.013798463000057,2.53525498800002],[26.89323603100007,2.534842209000033],[26.91007963000004,2.588717107000036],[26.934968579000042,2.61890207600004],[26.933333821000076,2.640532095000026],[26.962374647000047,2.651392060000035],[26.95798480900004,2.679001001000074],[26.978539737000062,2.703885992000039],[27.003929069000037,2.702977556000064],[27.000098311000045,2.721734812000022],[27.04518721100004,2.72244124100007],[27.09765754500006,2.773096022000061],[27.12481449300003,2.828366086000074],[27.139580831000046,2.910317724000038],[27.185635742000045,2.871020084000065],[27.246775590000027,2.84393607100003],[27.327434648000064,2.753807667000046],[27.37313155800007,2.736293757000055],[27.43999684000005,2.768283531000066],[27.460893028000044,2.76123371500006],[27.475093580000078,2.782573315000036],[27.504035042000055,2.788814364000075],[27.49971576400003,2.815247313000043],[27.518224434000047,2.816384996000068],[27.53667334100004,2.850596021000058],[27.60460241800007,2.818817873000057],[27.60263019000007,2.859591151000075],[27.644383309000034,2.867540930000075],[27.660914132000073,2.912805040000023],[27.55197656400003,2.958385620000058],[27.545769525000026,2.989682190000053],[27.578505120000045,2.984874214000058],[27.673548322000045,3.013243644000056],[27.704768212000033,3.072160379000024],[27.69240836000006,3.082903288000068],[27.64780223100007,3.077876439000022],[27.660098379000033,3.10259527300002],[27.64673771300005,3.142105031000028],[27.66089758000004,3.18595857400004],[27.65770974800006,3.302788759000066],[27.62449745300006,3.312664085000051],[27.608933472000047,3.304137025000045],[27.59243593000008,3.317704492000075],[27.580776782000044,3.293758954000054],[27.52880347200005,3.287273261000053],[27.505894582000053,3.298992987000076],[27.476374580000027,3.278022],[27.46238020000004,3.306552],[27.457133097000053,3.286522055000034],[27.42187400800003,3.282806961000063],[27.420987182000033,3.252883162000046],[27.39532361600004,3.271273327000074],[27.38296992100004,3.26182406700002],[27.391456771000037,3.245949986000028],[27.364662856000052,3.249376053000049],[27.33286722500003,3.221723363000024],[27.326893064000046,3.240129855000021],[27.300348967000048,3.227211948000047],[27.28339930100003,3.27880411700005],[27.246380550000026,3.277488073000029],[27.243498035000073,3.29669903000007],[27.28607806100007,3.372661612000059],[27.280310395000072,3.412995417000047],[27.374044170000047,3.548471909000057],[27.36726551000004,3.623298547000047],[27.321644461000062,3.654689394000059],[27.342388166000035,3.731582002000039],[27.322614369000064,3.794632184000022],[27.287959991000037,3.844085067000037],[27.25449051800007,3.85670787600003],[27.23939888500007,3.830678972000044],[27.202060191000044,3.822118149000062],[27.148717800000043,3.857958493000069],[27.11554128000006,3.796843524000053],[27.099827280000056,3.821713355000043],[27.083369160000075,3.820183919000044],[27.018823320000024,3.777681014000052],[26.950990320000074,3.785637152000049],[26.947374480000065,3.754786005000028],[26.898132240000052,3.744122033000053],[26.844263270000056,3.761759],[26.833667400000024,3.794428002000075],[26.81211895200005,3.801068970000074],[26.80586925700004,3.835359087000029],[26.77376901200006,3.841520053000067],[26.729579199000057,3.956760126000063],[26.737539277000053,3.985550067000077],[26.728119521000053,4.000030047000052],[26.635489395000036,4.023570024000037],[26.603429606000077,4.011309935000043],[26.539646874000027,3.934758754000029],[26.495699870000067,3.908200029000056],[26.46234963300003,3.85841029200003],[26.446079418000068,3.859530104000044],[26.40410932900005,3.773360061000062],[26.34476968900003,3.771599968000032],[26.291730404000077,3.721990771000037],[26.264017799000044,3.720778290000055],[26.22765956300003,3.690539944000022],[26.219479645000035,3.664040038000053],[26.162639787000046,3.676339885000061],[26.141847263000045,3.654189847000055]]]},"properties":{"shapeName":"Poko","shapeISO":"","shapeID":"63176286B68044599971787","shapeGroup":"COD","shapeType":"ADM2"}},
{"type":"Feature","geometry":{"type":"Polygon","coordinates":[[[17.140181621000067,-5.893230414999948],[17.136169920000043,-5.80530990799997],[17.107604640000034,-5.777682375999973],[17.049620520000076,-5.830989172999978],[17.04352896000006,-5.898615713999959],[16.99129116000006,-5.902964892999933],[17.005463280000072,-5.752747320999958],[16.98961860000003,-5.633697062999943],[16.97026248000003,-5.657276857999932],[16.96323276000004,-5.811082355999929],[16.936380434000057,-5.822340932999964],[16.929796277000037,-5.743713068999966],[16.875383400000032,-5.702557015999957],[16.868828103000055,-5.667788887999961],[16.800635880000073,-5.701989255999933],[16.743135240000072,-5.667485948999968],[16.740509400000064,-5.645875997999951],[16.710109200000034,-5.628294960999938],[16.671278160000043,-5.575095890999933],[16.646454360000064,-5.570829916999969],[16.630514280000057,-5.550193948999947],[16.557239880000054,-5.547970018999933],[16.561659344000077,-5.438728097999956],[16.50879,-5.285459948999971],[16.49711988000007,-5.190490026999953],[16.526170080000043,-5.005400102999943],[16.553499802000033,-4.959960173999946],[16.533240120000073,-4.893090073999929],[16.444503720000057,-4.897264845999928],[16.389534240000046,-5.034260825999979],[16.29948636000006,-5.139495880999959],[16.299207360000025,-5.071397924999928],[16.257688245000054,-5.021166919999928],[16.23074725200007,-5.113984898999945],[16.25196420000003,-5.138293949999934],[16.256473200000073,-5.174626934999935],[16.217979480000054,-5.308200908999936],[16.202896231000068,-5.441220039999962],[16.201421280000034,-5.532086916999958],[16.218597223000074,-5.63484288199993],[16.201147320000075,-5.751978958999928],[16.210884239000052,-5.774023711999973],[16.19932608000005,-5.80817794099994],[16.150408200000072,-5.818833243999961],[16.139431440000067,-5.858643273999974],[16.365939840000067,-5.86468999899995],[16.404469920000054,-5.888359931999958],[16.44837012000005,-5.89621998399997],[16.423650360000067,-5.89097296999995],[16.435501200000033,-5.86792793099994],[16.48939536000006,-5.845175951999977],[16.587399960000027,-5.875370027999963],[16.59919320000006,-5.942931942999962],[16.589224440000066,-5.974478914999963],[16.606044360000055,-5.984757985999977],[16.599022200000036,-6.058834870999931],[16.63284509400006,-6.067892719999975],[16.606725480000023,-6.085706942999934],[16.647926400000074,-6.099792965999939],[16.64552340000006,-6.12739585199995],[16.688556360000064,-6.139402024999981],[16.76467764000006,-6.083978689999981],[16.812920520000034,-6.088093048999951],[16.919230680000055,-6.126269100999934],[16.938030600000047,-6.100807953999947],[16.998891120000053,-6.072583795999947],[17.08111512000005,-6.10508740399996],[17.12372724000005,-6.100617463999981],[17.190237240000044,-6.041696019999961],[17.17340832000002,-6.031199026999957],[17.179752240000028,-6.013691871999981],[17.15453928000005,-6.012797875999979],[17.15792616400006,-5.970333037999978],[17.120884449000073,-5.961081744999944],[17.12537407700006,-5.940362774999926],[17.11105973900004,-5.926861358999929],[17.140181621000067,-5.893230414999948]]]},"properties":{"shapeName":"Popokabaka","shapeISO":"","shapeID":"63176286B47421332346835","shapeGroup":"COD","shapeType":"ADM2"}},
{"type":"Feature","geometry":{"type":"Polygon","coordinates":[[[26.86804200100005,-2.158908994999933],[26.91310048400004,-2.158365305999951],[26.937391352000077,-2.182252158999972],[26.934562963000076,-2.155400344999975],[26.963345978000063,-2.129050191999966],[26.984166723000044,-2.152459288999978],[26.97686995500004,-2.123885316999974],[26.998332435000066,-2.150474670999927],[27.01000250900006,-2.137419164999926],[27.023716629000035,-2.164486497999974],[27.05654020000003,-2.178354729999967],[27.066213765000043,-2.210538093999958],[27.078953398000067,-2.200591452999959],[27.115959298000064,-2.21044453199994],[27.12358881700004,-2.23657805299996],[27.140131325000027,-2.212715990999925],[27.153013567000073,-2.213839764999932],[27.15004257100003,-2.234928283999977],[27.171409978000042,-2.21646986899998],[27.176068500000042,-2.241599077999979],[27.196532725000054,-2.218597858999942],[27.188309006000054,-2.233493700999929],[27.202474719000065,-2.223714585999971],[27.20653904200003,-2.242675009999971],[27.227336018000074,-2.238538645999938],[27.237484943000027,-2.27134231499997],[27.255833817000052,-2.230552799999941],[27.288039121000054,-2.242130078999935],[27.353028445000064,-2.165263341999946],[27.384691145000033,-2.167126331999953],[27.452578824000057,-2.130521506999969],[27.446145268000066,-2.107206926999936],[27.472356492000074,-2.033949058999951],[27.393641819000038,-2.016894591999971],[27.374856670000042,-1.999864260999971],[27.380909706000068,-1.991221049999979],[27.73968187400004,-2.000571238999953],[27.756249061000062,-1.844750835999946],[27.74202007100007,-1.831006873999968],[27.746655067000063,-1.789369927999928],[27.720515481000064,-1.769461108999963],[27.684636110000042,-1.771659977999946],[27.67736735400007,-1.725239926999961],[27.65346229100004,-1.691065842999933],[27.62303865100006,-1.684966009999926],[27.578086346000077,-1.644196956999963],[27.528405212000052,-1.622065840999937],[27.498616310000045,-1.538710950999928],[27.45846229500006,-1.494704979999938],[27.449419699000032,-1.459329762999971],[27.430574095000054,-1.446217505999925],[27.41147712000003,-1.45813377099995],[27.391423495000026,-1.450051644999974],[27.346934361000024,-1.360818],[27.364794310000036,-1.306742841999949],[27.32637837200008,-1.297670977999928],[27.227144235000026,-1.204889585999979],[27.21300903300005,-1.212519975999953],[27.160169341000028,-1.190839960999938],[27.09330957800006,-1.142540899999972],[27.077409342000067,-1.17107993999997],[27.045169198000053,-1.159229878999952],[26.988789265000037,-1.174320039999941],[26.95968939900007,-1.217839990999948],[26.936138205000077,-1.210550488999957],[26.879989394000063,-1.228390072999957],[26.870499438000024,-1.264040091999959],[26.845889489000058,-1.28433998099996],[26.83710945300004,-1.328950003999978],[26.796619857000053,-1.311570075999953],[26.777959619000058,-1.33989999399995],[26.678379678000056,-1.351189936999958],[26.579160198000068,-1.417379584999935],[26.52586958200004,-1.397499977999928],[26.484099654000033,-1.413449921999927],[26.459079598000073,-1.39985997499997],[26.453580609000028,-1.36317132399995],[26.421109545000036,-1.347840040999927],[26.390269929000056,-1.352500049999946],[26.335039764000044,-1.277670007999973],[26.28638978500004,-1.282359896999935],[26.22415975900003,-1.240409945999943],[26.198409825000056,-1.273329927999953],[26.185949712000024,-1.217729906999978],[26.14740957600003,-1.245830069999954],[26.11975159900004,-1.238069757999938],[26.129869728000074,-1.26977011699995],[26.119627853000054,-1.286569929999928],[26.08191997800003,-1.281340037999939],[26.066670006000038,-1.310329749999937],[26.06955965700007,-1.384799987999941],[26.017279743000074,-1.407639930999949],[26.039049660000046,-1.443920092999974],[25.999400610000066,-1.500769567999953],[25.930600043000027,-1.493740098999979],[25.860999857000024,-1.411542549999979],[25.866339840000023,-1.464869955999973],[25.854760080000062,-1.506030020999958],[25.8687,-1.63935995099996],[25.848020160000033,-1.708819991999974],[25.85199898600007,-1.76607510599996],[25.885395200000062,-1.777751998999975],[25.903507157000035,-1.808768018999956],[25.907223077000026,-1.933743852999953],[25.80860505000004,-2.006657584999971],[25.819198408000034,-2.025424201999954],[25.846223605000034,-2.023859319999929],[25.926660226000024,-1.973381891999963],[26.12780077900004,-2.049494676999927],[26.202635800000053,-2.013103235999949],[26.35640970600008,-2.013710065999931],[26.44117968300003,-2.092990033999968],[26.44382141400007,-2.145650942999964],[26.494619055000044,-2.156807883999932],[26.544609106000053,-2.118752874999927],[26.55181516400006,-2.074809945999959],[26.613868053000033,-2.106177965999962],[26.62765893100004,-2.075199898999927],[26.592006697000045,-2.050283606999926],[26.603304215000037,-2.042490824999959],[26.66832244400007,-2.009045273999959],[26.754157571000064,-2.005494350999925],[26.805204110000034,-2.026943324999934],[26.826345462000063,-2.065280974999951],[26.821805503000064,-2.102751172999945],[26.872143563000066,-2.136677759999941],[26.86804200100005,-2.158908994999933]]]},"properties":{"shapeName":"Punia","shapeISO":"","shapeID":"63176286B1925057871065","shapeGroup":"COD","shapeType":"ADM2"}},
{"type":"Feature","geometry":{"type":"Polygon","coordinates":[[[28.57870446000004,-9.414314226999977],[28.550729218000072,-9.387679275999972],[28.481469572000037,-9.242344406999962],[28.785770252000077,-8.944029178999926],[28.93339919600004,-8.724827177999941],[28.945906887000035,-8.635945214999936],[28.93471490400003,-8.560461243999953],[28.897488302000056,-8.490836169999966],[29.62548689500005,-8.40479950699995],[29.628376953000043,-8.395491714999935],[29.562836400000037,-8.345090502999938],[29.519121960000064,-8.228349758999968],[29.520174240000074,-8.187064497999927],[29.531663640000033,-8.152727650999964],[29.54331252000003,-8.18061162899994],[29.579186520000064,-8.174127436999981],[29.574939237000024,-8.119239886999935],[29.63900952000006,-8.09237692499994],[29.66684724000004,-8.00970788799998],[29.662215840000044,-7.932529440999929],[29.626041600000065,-7.934654317999957],[29.566841314000044,-7.820296079999935],[29.51787348000005,-7.871082936999926],[29.493750240000054,-7.870824269999957],[29.48361624000006,-7.812796634999927],[29.453708520000077,-7.814446865999969],[29.463508440000055,-7.793345975999955],[29.44316519000006,-7.780147873999965],[29.438713324000048,-7.729664865999951],[29.359305720000066,-7.757368745999941],[29.31525324000006,-7.734774047999963],[29.262995640000042,-7.729226120999954],[29.206689840000024,-7.781898616999968],[29.171350080000025,-7.77078020099998],[29.14795728000007,-7.739762975999952],[29.110948200000053,-7.750979898999958],[29.094928200000027,-7.768053982999959],[29.11295952000006,-7.780355921999956],[29.095838280000066,-7.806846962999941],[29.11693536000007,-7.831527968999978],[29.106397440000023,-7.841224928999964],[29.11275323800004,-7.865293856999926],[29.039676840000027,-7.892302463999954],[29.020422600000074,-7.889730923999934],[29.027759400000036,-7.87254620899995],[28.962050040000065,-7.869797279999943],[28.90327663000005,-7.82254146799994],[28.878402298000026,-7.921422012999926],[28.85402664000003,-7.958361337999975],[28.830049560000077,-7.976455641999962],[28.790545320000035,-7.978006875999938],[28.770988320000072,-7.970200495999961],[28.747404,-7.91556572099995],[28.656450360000065,-7.892603957999938],[28.68554880000005,-7.835410457999956],[28.648714320000067,-7.820791883999959],[28.622806560000072,-7.747965523999937],[28.632820296000034,-7.684726030999968],[28.603418400000066,-7.652948950999928],[28.548101160000044,-7.622684627999945],[28.48569119800004,-7.637188875999925],[28.47150812900003,-7.655622748999974],[28.461033083000075,-7.679319090999968],[28.41309756000004,-7.687477161999936],[28.355811840000058,-7.775523003999979],[28.42517304000006,-7.810627202999967],[28.431987480000032,-7.838219959999947],[28.50379956000006,-7.866947292999953],[28.529979120000064,-7.891480808999972],[28.479799080000078,-8.009186091999936],[28.42941348000005,-8.048049068999944],[28.43243712000003,-8.167464042999939],[28.30306716000007,-8.280333836999944],[28.263759480000033,-8.28098616799997],[28.262083680000046,-8.253720873999953],[28.231873560000054,-8.248908627999981],[28.097678880000046,-8.359337338999978],[28.066314600000055,-8.343623442999956],[28.089311400000042,-8.403916957999968],[28.043132400000047,-8.40651599299997],[27.984348383000054,-8.361031814999933],[27.96972444000005,-8.391625003999934],[27.83150820000003,-8.452078696999934],[27.79244028000005,-8.491628681999941],[27.788195160000043,-8.519802029999937],[27.73523664000004,-8.532477274999962],[27.64707156000003,-8.608552202999931],[27.682589160000077,-8.718247094999981],[27.649216440000032,-8.73983349699995],[27.615425040000048,-8.793978720999974],[27.613114993000067,-8.83672446099996],[27.62984764600003,-8.851932432999945],[27.684295459000055,-8.871351536999953],[27.75922836700005,-8.869081244999961],[27.79031759800006,-8.904817796999964],[27.794731918000025,-8.970925708999971],[27.78285768300003,-9.00336834999996],[27.671300917000053,-9.077201505999938],[27.63755272800006,-9.155572659999962],[27.675794798000027,-9.187458301999982],[27.699745952000058,-9.235236664999945],[27.76233481400004,-9.269751115999952],[27.802025163000053,-9.310859619999974],[27.784889888000066,-9.337402304999955],[27.78450181000005,-9.386891631999958],[27.748768581000036,-9.422971621999977],[27.75600854000004,-9.467663283999968],[27.72744650900006,-9.510101564999957],[27.705265119000046,-9.650049765999938],[27.758917755000027,-9.75812031299995],[27.780617059000065,-9.753910011999949],[27.79232425400005,-9.691639517999931],[27.849770154000055,-9.632431191999956],[27.923842844000035,-9.735903138999959],[27.960802760000036,-9.701652072999934],[28.000801035000052,-9.697820909999962],[28.07251846500003,-9.772993639999981],[28.090158274000032,-9.692651633999958],[28.149727813000027,-9.693314508999947],[28.122139479000055,-9.635532466999962],[28.268306030000076,-9.636045353999975],[28.264319727000043,-9.661536596999952],[28.284017624000057,-9.667858696999929],[28.37247664100005,-9.625366825999947],[28.410986403000038,-9.631064647999949],[28.437095830000032,-9.525035567999964],[28.53829980000006,-9.52888994999995],[28.539029880000044,-9.547719848999975],[28.51293996000004,-9.544199857999956],[28.50760980000007,-9.556489985999974],[28.531339917000025,-9.571869912999944],[28.523829960000057,-9.590759982999941],[28.546599960000037,-9.585799958999928],[28.557860042000073,-9.519989899999928],[28.528250049000064,-9.51368998099997],[28.54854,-9.50582000999998],[28.563909840000065,-9.518659984999942],[28.568760120000036,-9.496799906999968],[28.53528012000004,-9.50363982999994],[28.52559,-9.458299979999936],[28.477940045000025,-9.46446991099998],[28.497619805000056,-9.456839939999952],[28.499249880000036,-9.364279949999968],[28.504099800000063,-9.388429919999965],[28.51959996000005,-9.382379939999964],[28.533449880000035,-9.406789924999941],[28.515619800000024,-9.44470997999997],[28.52443008000006,-9.43643996399993],[28.544519880000053,-9.449079924999978],[28.553659916000072,-9.438189896999972],[28.540029960000027,-9.432879929999956],[28.57473,-9.43315991999998],[28.57870446000004,-9.414314226999977]]]},"properties":{"shapeName":"Pweto","shapeISO":"","shapeID":"63176286B50481715267247","shapeGroup":"COD","shapeType":"ADM2"}},
{"type":"Feature","geometry":{"type":"Polygon","coordinates":[[[27.313765450000062,2.03650988000004],[27.32304867000005,2.078782530000069],[27.372057949000066,2.099429011000041],[27.41309395500008,2.220719962000032],[27.380768144000058,2.297078975000034],[27.406273402000068,2.327170501000069],[27.476516356000047,2.331296033000058],[27.498507119000067,2.345818182000073],[27.51129624500004,2.362588747000075],[27.508678674000066,2.441996540000048],[27.598630738000054,2.534285565000062],[27.621631123000043,2.591504053000051],[27.631890037000062,2.598624358000052],[27.66183805600008,2.560626484000068],[27.681774483000027,2.573966975000076],[27.693862555000067,2.602870558000063],[27.742274601000076,2.631850345000032],[27.738790524000024,2.653407941000069],[27.759053110000025,2.686028972000031],[27.805743276000044,2.660048089000043],[27.836301130000038,2.513554724000073],[27.882130389000054,2.400505478000071],[27.87835975300004,2.367239880000056],[27.897396598000057,2.347126975000037],[27.932835055000055,2.386026959000048],[27.92687526000003,2.420541069000024],[27.96666818800003,2.444254046000026],[27.998191562000045,2.427893346000076],[28.026063820000047,2.47171247600005],[28.074200819000055,2.498878813000033],[28.107375511000043,2.489913580000064],[28.100241398000037,2.54817711000004],[28.151470792000055,2.562575895000066],[28.182085167000025,2.625741521000066],[28.16269738400007,2.670249665000028],[28.137740265000048,2.686830870000051],[28.14414480100004,2.700410120000072],[28.270683967000025,2.747585082000057],[28.294747423000047,2.693769470000063],[28.321284797000033,2.697623412000041],[28.32971778800004,2.716048058000069],[28.345733813000038,2.706609112000024],[28.355560361000073,2.641993280000065],[28.425448892000077,2.678535773000021],[28.427706811000064,2.742114858000036],[28.439973438000038,2.75465838100007],[28.50226273100003,2.755353987000035],[28.50297268500003,2.825086569000064],[28.471390864000057,2.827169262000041],[28.463162882000063,2.862845103000041],[28.444626158000062,2.876889998000024],[28.36841679400004,2.888647121000076],[28.330887567000048,2.945733386000029],[28.302963700000078,2.954944106000028],[28.300216902000045,2.938832984000044],[28.282819920000065,2.936763954000071],[28.25535482600003,2.950344965000056],[28.228573012000027,2.98533104400002],[28.22697101400007,3.014561109000056],[28.198131800000056,2.983261023000068],[28.162193752000064,2.99476803500005],[28.129690820000064,2.988322051000068],[28.063984438000034,3.049306986000033],[28.00239751600003,3.073692107000056],[27.99643952400004,3.096246936000057],[28.008572195000056,3.098091152000052],[27.974456172000032,3.118796789000044],[27.987499296000067,3.133301012000061],[27.948349343000075,3.136742940000033],[27.94284243100003,3.168044040000041],[27.922689655000056,3.18691195100007],[27.890860271000065,3.200249592000034],[27.848506179000026,3.193099120000056],[27.830400522000048,3.226926076000041],[27.83083360200004,3.276873961000035],[27.80037871600007,3.281003110000029],[27.799451718000057,3.298264982000035],[27.654263351000054,3.319128927000065],[27.65770974800006,3.302788759000066],[27.66089758000004,3.18595857400004],[27.64673771300005,3.142105031000028],[27.660098379000033,3.10259527300002],[27.64780223100007,3.077876439000022],[27.69240836000006,3.082903288000068],[27.704768212000033,3.072160379000024],[27.673548322000045,3.013243644000056],[27.578505120000045,2.984874214000058],[27.545769525000026,2.989682190000053],[27.55197656400003,2.958385620000058],[27.660914132000073,2.912805040000023],[27.644383309000034,2.867540930000075],[27.60263019000007,2.859591151000075],[27.60460241800007,2.818817873000057],[27.53667334100004,2.850596021000058],[27.518224434000047,2.816384996000068],[27.49971576400003,2.815247313000043],[27.504035042000055,2.788814364000075],[27.475093580000078,2.782573315000036],[27.460893028000044,2.76123371500006],[27.43999684000005,2.768283531000066],[27.37313155800007,2.736293757000055],[27.327434648000064,2.753807667000046],[27.246775590000027,2.84393607100003],[27.185635742000045,2.871020084000065],[27.139580831000046,2.910317724000038],[27.12481449300003,2.828366086000074],[27.09765754500006,2.773096022000061],[27.04518721100004,2.72244124100007],[27.000098311000045,2.721734812000022],[27.003929069000037,2.702977556000064],[26.978539737000062,2.703885992000039],[26.95798480900004,2.679001001000074],[26.962374647000047,2.651392060000035],[26.933333821000076,2.640532095000026],[26.934968579000042,2.61890207600004],[26.91007963000004,2.588717107000036],[26.89323603100007,2.534842209000033],[27.013798463000057,2.53525498800002],[27.033200925000074,2.565657930000043],[27.13545186300007,2.575461974000063],[27.166970467000056,2.440653054000052],[27.164261468000063,2.413958026000046],[27.137049903000047,2.406788894000044],[27.19110269400005,2.351862056000073],[27.177916620000076,2.289950035000061],[27.163741627000036,2.286710968000023],[27.126095726000074,2.219706027000029],[27.114049771000055,2.165392119000046],[27.055800720000036,2.122058046000063],[27.059309277000068,2.062479997000025],[27.035449208000045,1.967659987000047],[27.044041804000074,1.941191297000046],[27.06044111600005,1.91478199200003],[27.11096144800007,1.915310085000044],[27.142991391000066,1.89602801500007],[27.210178848000055,1.911294123000062],[27.22473202900005,1.958429022000075],[27.246236972000077,1.961717062000048],[27.228787066000052,2.02381211200003],[27.253678715000035,2.047996960000035],[27.29411765100008,2.023771177000071],[27.313765450000062,2.03650988000004]],[[27.597281396000028,2.762852216000056],[27.606107804000033,2.795041543000025],[27.645811137000067,2.806380487000069],[27.677526818000047,2.77590682400006],[27.67000902700005,2.745904843000062],[27.63429522100006,2.727791970000055],[27.603758494000033,2.74070757100003],[27.597281396000028,2.762852216000056]]]},"properties":{"shapeName":"Rungu","shapeISO":"","shapeID":"63176286B79209138861399","shapeGroup":"COD","shapeType":"ADM2"}},
{"type":"Feature","geometry":{"type":"Polygon","coordinates":[[[29.065726470000072,-0.82210122999993],[29.06229564000006,-0.857677682999963],[28.965320387000077,-0.86983110999995],[29.029860360000043,-0.903823401999944],[29.05372440000008,-0.93877790199997],[29.057817600000078,-0.965649545999952],[29.037750480000057,-1.006132127999933],[29.006180280000024,-1.032768955999927],[28.94383769800004,-1.034471787999962],[28.954898171000025,-1.052338890999977],[29.004519096000024,-1.063112856999965],[29.035800194000046,-1.10247783899996],[29.041577503000042,-1.155766851999942],[29.02715408100005,-1.191236925999931],[29.052937262000057,-1.226957],[29.040597855000044,-1.279085322999947],[29.08871563400004,-1.333878935999962],[29.21130660600005,-1.393798164999964],[29.218180019000044,-1.437764180999977],[29.254086720000032,-1.468768743999931],[29.395702440000036,-1.464692664999973],[29.485937294000053,-1.476577232999944],[29.530169913000066,-1.420867852999947],[29.552825496000025,-1.421687297999938],[29.600925886000027,-1.39115904099998],[29.60900309300007,-1.367072440999948],[29.600077361000046,-1.276684468999974],[29.61113856600008,-1.241020032999927],[29.587813398000037,-1.20810252299998],[29.600848796000037,-0.981174082999928],[29.588287838000042,-0.909589642999947],[29.635293114000035,-0.89193883799993],[29.626760870000055,-0.85962320799996],[29.640814532000036,-0.822480600999938],[29.62736979500005,-0.791240100999971],[29.62601674600006,-0.705781743999978],[29.659088401000076,-0.628165913999965],[29.649765609000042,-0.597669759999974],[29.679245953000077,-0.567169827999976],[29.66545130700007,-0.551174840999977],[29.680417960000057,-0.445611361999966],[29.64340008000005,-0.466800029999945],[29.611050120000073,-0.548480069999925],[29.558940120000045,-0.619100099999969],[29.51605980000005,-0.61656002999996],[29.52600012000005,-0.622270079999964],[29.48653980000006,-0.647270099999957],[29.471270040000036,-0.615290039999934],[29.44486008000007,-0.599940089999961],[29.428710120000062,-0.616570019999926],[29.435529960000054,-0.637010099999941],[29.39761980000003,-0.690560099999971],[29.377940040000055,-0.681830099999956],[29.370899880000024,-0.704760029999932],[29.36256984000005,-0.68995007999996],[29.374396766000075,-0.654619970999931],[29.335099592000063,-0.643731124999931],[29.333684795000067,-0.661326748999954],[29.29081282800007,-0.694451940999954],[29.238220514000034,-0.702128788999971],[29.18972348500006,-0.663862879999954],[29.161068938000028,-0.704849038999953],[29.127694688000076,-0.711825122999926],[29.065726470000072,-0.82210122999993]]]},"properties":{"shapeName":"Rutshuru","shapeISO":"","shapeID":"63176286B25642850349509","shapeGroup":"COD","shapeType":"ADM2"}},
{"type":"Feature","geometry":{"type":"Polygon","coordinates":[[[27.672994501000062,-12.28299954299996],[27.75799531000007,-12.288999054999977],[27.81699394800006,-12.25999956499993],[27.817994016000057,-12.229999494999959],[27.86599514100004,-12.243999215999963],[27.91799368900007,-12.239999462999947],[27.952999,-12.313999919999958],[27.954997836000075,-12.353998919999981],[27.988993333000053,-12.338999440999942],[28.07599904400007,-12.352999901999965],[28.12899357300006,-12.435998930999972],[28.173992530000078,-12.382999480999956],[28.234996754000065,-12.422998765999978],[28.258992074000048,-12.412999405999926],[28.314998917000025,-12.418999972999927],[28.40399877300007,-12.500999824999951],[28.44199890400006,-12.515999926999939],[28.444998784000063,-12.562999957999978],[28.52299884200005,-12.631999892999943],[28.513998852000043,-12.673999839999965],[28.455998581000074,-12.698999903999947],[28.464998576000028,-12.733999952999966],[28.528998605000027,-12.80099993999994],[28.543998716000033,-12.855999882999981],[28.572998072000075,-12.892999302999954],[28.62599033600003,-12.819999265999968],[28.652998698000033,-12.818999922999978],[28.725998353000023,-12.876999912999963],[28.75599856900004,-12.938999830999933],[28.789998376000028,-12.945999795999967],[28.847998285000074,-13.071999793999964],[28.830998383000065,-13.083999892999941],[28.84699856800006,-13.105999792999967],[28.84699857100003,-13.144999990999963],[28.874998172000062,-13.162999126999978],[28.90399839300005,-13.161999856999955],[28.96899813700003,-13.366999904999943],[28.99899834400003,-13.371999955999968],[28.990998434000062,-13.391999818999977],[29.003998382000077,-13.415999918999944],[29.12199796500005,-13.369999940999946],[29.159998082000072,-13.40099993399997],[29.182993103000058,-13.44299652799998],[29.24798565100008,-13.392999035999935],[29.298985306000077,-13.374999042999946],[29.315985048000073,-13.331999020999945],[29.348984872000074,-13.347998877999942],[29.36498455000003,-13.326998982999953],[29.44198384200007,-13.313998942999945],[29.50298339300008,-13.24599884099996],[29.580982322000068,-13.212998786999947],[29.642983859000026,-13.239997908999953],[29.669981638000024,-13.225998782999966],[29.67798943100007,-13.235999406999952],[29.680989303000047,-13.267999337999981],[29.653989482000043,-13.288999327999932],[29.662989435000043,-13.319999330999963],[29.651989714000024,-13.349999259999947],[29.604989851000028,-13.362999419999937],[29.610989949000043,-13.408999343999938],[29.645989660000055,-13.436999283999967],[29.673981670000046,-13.428998712999942],[29.711986727000067,-13.455998171999966],[29.764980714000046,-13.436998714999959],[29.80898019500006,-13.45499584199996],[29.806979440000077,-12.155999344999941],[29.76198836800006,-12.15999930299995],[29.722988763000046,-12.189999142999966],[29.666988980000042,-12.206999240999949],[29.57498975900006,-12.192999335999957],[29.484990321000055,-12.242999253999926],[29.455990361000033,-12.332999384999937],[29.495990108000058,-12.393999244999975],[29.536989908000066,-12.406999372999962],[29.526989900000046,-12.443999411999926],[29.498990356000036,-12.469999432999941],[29.47498316000008,-12.470998917999964],[29.365984127000047,-12.412998947999938],[29.301984654000023,-12.41299897999994],[29.295984936000025,-12.388999054999942],[29.26698865700007,-12.364001705999954],[29.174998111000036,-12.373999821999973],[29.12899808900005,-12.394999853999934],[29.106987563000075,-12.378999736999958],[29.05898675700007,-12.388999164999973],[29.035987256000055,-12.374999019999962],[28.99898742700003,-12.28699901799996],[28.946987595000053,-12.21199919399993],[28.855988522000075,-12.137999194999963],[28.819249682000077,-12.08050609999998],[28.777988922000077,-12.054999137999971],[28.758988946000045,-11.989999195999928],[28.71398925400007,-11.989999213999965],[28.639989929000023,-11.951999283999953],[28.61498987400006,-11.91299923899993],[28.509657037000068,-11.883527226999945],[28.474124162000066,-11.893008822999946],[28.492736148000063,-11.921839878999947],[28.48470887700006,-11.961347890999946],[28.427983364000056,-11.960230339999953],[28.31732412100007,-11.742916729999934],[28.20239528700006,-11.749343378999981],[28.183873301000062,-11.770961933999956],[28.04287795700003,-11.749726898999938],[28.01504470800006,-11.763889873999972],[28.01348303000003,-11.791066872999977],[27.999203926000064,-11.801230663999945],[27.994431629000076,-11.784298942999953],[27.959615134000046,-11.807043870999962],[27.954045911000037,-11.797027119999939],[27.93651023500007,-11.807940960999929],[27.882136312000057,-11.773991181999975],[27.86056489200007,-11.793715636999934],[27.87080175400007,-11.815840826999931],[27.82765180800004,-11.855516959999932],[27.78897089900005,-11.86059795899996],[27.77269278400007,-11.88919182099994],[27.768129071000033,-11.907218764999982],[27.809657935000075,-11.953158859999974],[27.759664031000057,-12.003302899999937],[27.747577329000023,-12.031588730999943],[27.760118117000047,-12.052064960999928],[27.74331984500003,-12.066171947999976],[27.722652081000035,-12.061023881999972],[27.71097188600004,-12.111384851999958],[27.68723355900005,-12.129990823999947],[27.723567924000065,-12.209386854999934],[27.672162942000057,-12.262527930999966],[27.672994501000062,-12.28299954299996]]]},"properties":{"shapeName":"Sakania","shapeISO":"","shapeID":"63176286B52056185132037","shapeGroup":"COD","shapeType":"ADM2"}},
{"type":"Feature","geometry":{"type":"Polygon","coordinates":[[[24.01299125500003,-9.835567783999977],[24.04699308000005,-9.776094041999954],[24.10972596000005,-9.718538080999963],[24.132022918000075,-9.64302910799995],[24.121232963000068,-9.575969337999936],[24.162730920000058,-9.45899396599998],[24.13602288000004,-9.359167035999974],[24.15115116000004,-9.335672020999937],[24.185791080000058,-9.303724044999967],[24.215297040000053,-9.321153085999981],[24.25142592000003,-9.284930969999948],[24.30026496000005,-9.270340006999959],[24.378167880000035,-9.280193060999977],[24.411045960000024,-9.303340994999928],[24.536787120000042,-9.300618018999955],[24.57013716000006,-9.293467970999927],[24.575339160000055,-9.27738506999998],[24.554217960000074,-9.25660391799994],[24.496683120000057,-9.24250604599996],[24.47355096000007,-9.20344791399998],[24.336601021000035,-9.125261171999966],[24.266754,-9.045256087999974],[24.24554388000007,-8.97622298999994],[24.211910660000058,-8.954817076999973],[24.09789629200003,-8.937965998999971],[24.106142160000047,-8.903101051999954],[23.99586837800007,-8.819708214999935],[23.97303216000006,-8.778470011999957],[23.935350220000032,-8.770144926999933],[23.911197480000055,-8.790466998999932],[23.89866156000005,-8.77968728899998],[23.858065800000077,-8.786859965999952],[23.748411600000054,-8.767001946999926],[23.729001480000022,-8.781284256999982],[23.654313,-8.890733184999931],[23.654231640000035,-8.986021982999944],[23.702109480000047,-9.111191369999972],[23.600300400000037,-9.10546553499995],[23.574567960000024,-9.071753285999932],[23.535751680000033,-9.100747966999961],[23.50978236000003,-9.039753066999936],[23.454267465000044,-9.057922984999948],[23.404945320000024,-9.11021186399995],[23.424743160000048,-9.160247892999962],[23.42906712000007,-9.265912070999946],[23.415809400000057,-9.308589668999957],[23.320692360000066,-9.341049827999939],[23.29996932000006,-9.256481196999971],[23.24468844000006,-9.168163874999948],[23.269362840000042,-9.080036578999966],[23.26504932000006,-9.001815110999928],[23.155971840000063,-8.996068287999947],[23.135880600000064,-8.984190788999967],[23.11704504000005,-9.012336177999941],[23.097380400000077,-9.017025732999969],[23.02489152000004,-8.989645897999935],[23.027969123000048,-9.040644874999941],[23.016182400000048,-9.041807855999934],[22.980494880000037,-9.007880962999934],[22.953351600000076,-9.020996384999933],[22.848315480000053,-9.009803696999938],[22.820965200000046,-8.999044408999964],[22.81099248000004,-8.97536949099998],[22.71464928000006,-8.971247921999975],[22.680897120000054,-8.981845891999967],[22.648282920000042,-8.966523588999962],[22.583471389000067,-8.995136054999932],[22.56550272000004,-9.033381116999976],[22.488966360000063,-9.034542185999953],[22.38876,-8.951735372999963],[22.353102,-8.952095486999951],[22.299905160000037,-8.84209795199996],[22.274383680000028,-8.858863342999939],[22.271365080000066,-8.903663994999931],[22.21049232000007,-8.877573122999934],[22.147585200000037,-8.800289546999977],[22.088600280000037,-8.78238683199993],[22.04877132000007,-8.668504559999974],[22.02550776000004,-8.683690833999947],[21.959682840000028,-8.662805738999964],[21.917328480000037,-8.668163940999932],[21.89713536000005,-8.709220012999936],[21.90316032000004,-8.787791023999944],[21.86715348000007,-8.862802980999959],[21.84938426700006,-9.018045118999964],[21.859709400000042,-9.045185969999977],[21.841358400000047,-9.075687913999957],[21.860973314000034,-9.170409867999979],[21.85893432000006,-9.237498978999952],[21.79406510800004,-9.420907118999935],[21.833976240000027,-9.466311017999942],[21.835405440000045,-9.51535402299993],[21.867740235000042,-9.562018895999927],[21.880233360000034,-9.650776919999942],[21.939441480000028,-9.69047590799994],[21.981666240000038,-9.763908994999952],[21.999075436000055,-9.753148880999959],[22.006372320000025,-9.76165289599993],[22.024486440000032,-9.833806987999935],[22.03923234800004,-9.830940935999934],[22.075535520000074,-9.876537020999933],[22.117042385000047,-9.87409599199998],[22.186525320000044,-9.91974388999995],[22.206362701000046,-9.986449144999938],[22.19776146600003,-9.999999875999947],[22.217237280000063,-10.016883862999975],[22.219440513000052,-10.081648899999948],[22.278893400000072,-10.102775621999967],[22.334799600000053,-10.053966584999955],[22.394781720000026,-10.055938713999979],[22.513569480000058,-10.029051597999967],[22.553199720000066,-9.989256804999968],[22.555973520000066,-9.890400584999952],[22.616100360000075,-9.868981880999968],[22.67699220000003,-9.947759936999944],[22.724079301000074,-9.97143376899993],[22.737549240000078,-10.015800879999972],[22.90716,-10.050041276999934],[22.917960360000052,-10.038282627999934],[23.006931507000047,-10.055842119999966],[23.037899244000073,-9.973499043999936],[23.094343440000046,-10.022617950999972],[23.12646336000006,-10.080503868999926],[23.17661424000005,-10.09766194399998],[23.26293540000006,-10.096341865999932],[23.367040200000076,-10.06506393099994],[23.500305,-10.091899577999982],[23.523742800000036,-10.070656459999952],[23.557349160000058,-9.965104916999962],[23.59295110900007,-9.910836333999953],[23.61650436000008,-9.94777094099993],[23.61601637800004,-9.999999942999978],[23.651741252000022,-10.005583978999937],[23.69325168000006,-9.973400367999943],[23.73626304000004,-10.00888180499993],[23.755347,-10.061522886999967],[23.781778560000078,-10.071112785999958],[23.807613240000023,-9.989923898999962],[23.853557160000037,-10.01916693399994],[23.93847432000007,-10.015311291999978],[23.942716920000066,-9.980862557999956],[23.913168840000026,-9.926366325999936],[23.910877800000037,-9.871933157999933],[23.982789600000046,-9.991851168999972],[23.996946235000053,-9.965072798999927],[23.975027280000063,-9.941266976999941],[23.98575021700003,-9.90558214999993],[23.940540374000022,-9.85912590299995],[23.95731132000003,-9.827094952999971],[24.01299125500003,-9.835567783999977]]]},"properties":{"shapeName":"Sandoa","shapeISO":"","shapeID":"63176286B26674316015082","shapeGroup":"COD","shapeType":"ADM2"}},
{"type":"Feature","geometry":{"type":"Polygon","coordinates":[[[13.204898640000067,-5.612400252999976],[13.283662320000076,-5.609009291999939],[13.282112880000057,-5.664408803999947],[13.310486280000077,-5.628751772999976],[13.362472800000035,-5.640469526999937],[13.397570280000025,-5.773681143999966],[13.375000899000042,-5.866633760999946],[13.426149960000032,-5.862030043999937],[13.436429400000065,-5.794471638999937],[13.465009080000073,-5.78807988799997],[13.477731016000064,-5.807716790999962],[13.519149840000068,-5.798290014999964],[13.519140120000031,-5.773460056999966],[13.551720206000027,-5.722150575999933],[13.58273016000004,-5.719150011999943],[13.596260040000061,-5.696599994999929],[13.597549920000063,-5.586429995999936],[13.56927061700003,-5.548481958999957],[13.590860598000063,-5.551698775999967],[13.595059998000067,-5.53278123299998],[13.61174004000003,-5.528919895999934],[13.665032100000076,-5.536939202999974],[13.547324160000073,-5.390006970999934],[13.552369920000046,-5.366540047999933],[13.58037,-5.354330016999938],[13.595730120000042,-5.323730017999935],[13.627197680000052,-5.333608728999934],[13.644600120000064,-5.286670028999936],[13.592898288000072,-5.227112147999947],[13.566038400000025,-5.227124000999936],[13.571540280000022,-5.216308954999931],[13.540757400000075,-5.190094979999969],[13.501205280000022,-5.093943855999953],[13.507147972000041,-5.057820868999954],[13.45089420000005,-5.027469909999979],[13.436175240000068,-4.980078898999977],[13.376014202000022,-4.925793789999943],[13.343629320000048,-4.914021487999946],[13.286796840000022,-4.921981451999955],[13.217826240000022,-4.961325922999947],[13.126875120000022,-4.959629534999976],[13.091996520000066,-4.988804702999971],[13.109061600000075,-4.997993242999939],[13.121277120000059,-5.023698482999976],[13.113177480000047,-5.039333229999954],[13.147349760000054,-5.088627924999969],[13.140125640000065,-5.151054297999963],[13.149914040000056,-5.183820684999944],[13.173446160000026,-5.170989746999965],[13.188082680000036,-5.185657552999942],[13.169456280000077,-5.22319295899996],[13.197125520000043,-5.267540144999941],[13.197973680000075,-5.294508483999948],[13.17608856000004,-5.324023411999974],[13.211034120000022,-5.344790169999953],[13.194032040000025,-5.38236012699997],[13.19895144000003,-5.41735793099997],[13.232333880000056,-5.483237901999928],[13.20397668000004,-5.530786924999973],[13.218650280000077,-5.573171784999943],[13.204898640000067,-5.612400252999976]]]},"properties":{"shapeName":"Seke-Banza","shapeISO":"","shapeID":"63176286B69853523616594","shapeGroup":"COD","shapeType":"ADM2"}},
{"type":"Feature","geometry":{"type":"Polygon","coordinates":[[[28.203457928000034,-3.828016501999969],[28.164704504000042,-3.796176654999954],[28.148450858000047,-3.742415972999936],[28.083549539000046,-3.717098935999957],[28.073921943000073,-3.699973958999976],[28.08173728500003,-3.677102204999926],[28.025104372000044,-3.620773717999953],[28.05047591700003,-3.58646280499994],[28.00919052300003,-3.553971499999932],[28.004943054000023,-3.533030778999944],[28.029238574000033,-3.503951973999961],[28.003074169000058,-3.481416691999925],[27.986948824000024,-3.432101448999958],[27.95992577000004,-3.450754941999946],[27.935967653000034,-3.440795180999942],[27.914243726000052,-3.458015709999927],[27.903500602000065,-3.447411148999947],[27.89843802400003,-3.472393771999975],[27.885413175000053,-3.463341827999955],[27.882846235000045,-3.476812234999954],[27.840396635000047,-3.486771612999974],[27.837734622000028,-3.499549073999958],[27.75486435600004,-3.509966816999963],[27.752962919000026,-3.526517359999957],[27.700950245000058,-3.505010767999977],[27.69753024700003,-3.473424016999957],[27.73519846000005,-3.406323812999972],[27.742627053000035,-3.344778499999961],[27.731478580000044,-3.310130322999953],[27.776274788000023,-3.292606676999981],[27.816560197000058,-3.192494946999943],[27.81546111700004,-3.136800903999927],[27.88214206500004,-3.042868725999938],[27.87704014700006,-2.966389148999951],[27.94685423900006,-2.961601851999944],[27.96657945000004,-2.995305346999942],[28.029398146000062,-2.946692747999975],[28.045814491000044,-2.88377189299996],[28.170616636000034,-2.903244873999938],[28.20687373000004,-2.873346624999954],[28.223844063000058,-2.835874453999963],[28.241693810000072,-2.831692215999965],[28.273352750000072,-2.850261237999973],[28.317651316000024,-2.82815525999996],[28.31806152000007,-2.792529761999958],[28.342338480000024,-2.750433630999964],[28.338259320000077,-2.711502535999955],[28.377258480000023,-2.682424002999937],[28.358863175000067,-2.65245510799997],[28.290609692000032,-2.607019850999961],[28.205651223000075,-2.644577133999974],[28.263048550000065,-2.580094762999977],[28.24759034500005,-2.550967391999961],[28.207482421000066,-2.524729083999944],[28.210340976000055,-2.51222981799998],[28.27305612200007,-2.517482069999971],[28.26805165500008,-2.424577904999978],[28.31106537900007,-2.376775764999934],[28.335347556000045,-2.38333309199993],[28.309369915000048,-2.281608562999963],[28.263406754000073,-2.274950027999978],[28.291524181000057,-2.208722958999942],[28.239111173000026,-2.200667819999978],[28.19037338100003,-2.145216928999957],[28.167056366000054,-2.045962088999943],[28.09976295100006,-2.065770154999939],[28.10078642800005,-2.008339724999928],[28.08713416100005,-1.998684267999977],[28.011623865000047,-2.011789053999962],[27.997892037000042,-2.032447221999973],[27.984655927000063,-2.006839491999926],[27.961973786000044,-2.016275151999935],[27.949751796000044,-2.000246474999926],[27.885019167000053,-2.001450234999936],[27.838393083000028,-2.033875566999939],[27.784569522000027,-2.028763604999938],[27.73968187400004,-2.000571238999953],[27.380909706000068,-1.991221049999979],[27.374856670000042,-1.999864260999971],[27.393641819000038,-2.016894591999971],[27.472356492000074,-2.033949058999951],[27.446145268000066,-2.107206926999936],[27.452578824000057,-2.130521506999969],[27.384691145000033,-2.167126331999953],[27.353028445000064,-2.165263341999946],[27.288039121000054,-2.242130078999935],[27.255833817000052,-2.230552799999941],[27.237484943000027,-2.27134231499997],[27.227336018000074,-2.238538645999938],[27.20653904200003,-2.242675009999971],[27.202474719000065,-2.223714585999971],[27.188309006000054,-2.233493700999929],[27.196532725000054,-2.218597858999942],[27.176068500000042,-2.241599077999979],[27.171409978000042,-2.21646986899998],[27.15004257100003,-2.234928283999977],[27.153013567000073,-2.213839764999932],[27.140131325000027,-2.212715990999925],[27.12358881700004,-2.23657805299996],[27.115959298000064,-2.21044453199994],[27.078953398000067,-2.200591452999959],[27.066213765000043,-2.210538093999958],[27.05654020000003,-2.178354729999967],[27.023716629000035,-2.164486497999974],[27.01000250900006,-2.137419164999926],[26.998332435000066,-2.150474670999927],[26.97686995500004,-2.123885316999974],[26.984166723000044,-2.152459288999978],[26.963345978000063,-2.129050191999966],[26.934562963000076,-2.155400344999975],[26.937391352000077,-2.182252158999972],[26.91310048400004,-2.158365305999951],[26.86804200100005,-2.158908994999933],[26.851154133000023,-2.28870706899994],[26.861419529000045,-2.322821674999943],[26.84459782400006,-2.338835888999938],[26.810649209000076,-2.339823748999947],[26.824105545000066,-2.378333218999956],[26.820199908000063,-2.446547219999957],[26.856009452000023,-2.494152054999972],[26.87055380700008,-2.542539460999933],[26.856550346000063,-2.606950045999952],[26.90497267300003,-2.66468890699997],[26.905703833000075,-2.695617696999932],[26.94294473700006,-2.712378004999948],[26.945773616000054,-2.73974592999997],[26.916222670000025,-2.807460986999956],[26.95712657200005,-2.836788972999955],[26.97979684200004,-2.928774546999932],[27.001421608000044,-2.959008943999947],[27.024535307000065,-2.94916541799995],[27.029003686000067,-2.968521040999974],[27.05779755800006,-2.987701812999944],[27.057976844000052,-3.041280754999946],[27.119897597000033,-3.076731438999957],[27.111721415000034,-3.136462743999971],[27.131686512000044,-3.15435757299997],[27.110533016000034,-3.24561869799993],[27.142025580000052,-3.265303255999925],[27.099100621000048,-3.318048293999937],[27.10501427500003,-3.363704680999945],[27.091870586000027,-3.381595415999925],[27.100569664000034,-3.392821739999931],[27.11454523200007,-3.387208593999958],[27.11544841500006,-3.430560327999956],[27.132276139000055,-3.42673876799995],[27.119061146000035,-3.457191398999953],[27.13357637000007,-3.498900183999979],[27.11678032100008,-3.539711820999969],[27.135176732000048,-3.538780426999949],[27.134606301000076,-3.559366411999974],[27.121462612000073,-3.558363393999969],[27.127190693000045,-3.573575723999966],[27.099287093000044,-3.623461771999928],[27.098811734000037,-3.699945101999958],[27.08796737700004,-3.714302916999941],[27.09657754500006,-3.753429320999942],[27.141203289000032,-3.82036242199996],[27.206375071000025,-3.89732956499995],[27.262348647000067,-3.899000608999927],[27.27772652500005,-3.918527703999928],[27.316373249000037,-3.915615378999973],[27.34660611000004,-3.935261435999962],[27.38658209600004,-3.935345699999971],[27.45161860500008,-3.996593807999943],[27.463802040000076,-3.976902749999965],[27.551644843000076,-3.993422491999979],[27.580569215000025,-3.994932638999956],[27.605008637000026,-4.013738988999933],[27.636396236000053,-4.021928400999968],[27.798551273000044,-4.004012561999957],[27.837782068000024,-4.022388088999946],[27.98101728000006,-3.965218381999932],[27.980905476000032,-3.915720827999962],[28.012829400000044,-3.878318013999944],[28.06911720000005,-3.850595726999927],[28.07730072000004,-3.829169343999979],[28.203457928000034,-3.828016501999969]]]},"properties":{"shapeName":"Shabunda","shapeISO":"","shapeID":"63176286B28648737127916","shapeGroup":"COD","shapeType":"ADM2"}},
{"type":"Feature","geometry":{"type":"Polygon","coordinates":[[[14.483337607000067,-5.501439927999968],[14.488153560000057,-5.454452387999936],[14.510944080000058,-5.439103918999933],[14.492499120000048,-5.422833749999938],[14.495244455000034,-5.404717260999973],[14.528727270000047,-5.383270859999925],[14.479923960000065,-5.382988844999943],[14.407101,-5.412807150999981],[14.387319,-5.323301679999929],[14.374535520000052,-5.316790896999976],[14.395400049000045,-5.300656931999981],[14.39901646100003,-5.268445883999959],[14.362433280000062,-5.223866889999954],[14.372437054000045,-5.167719089999935],[14.348544480000044,-5.15670894699997],[14.371232298000052,-5.135281954999925],[14.32802022800007,-5.101751939999929],[14.340856320000057,-5.091610904999925],[14.329821240000058,-5.081273905999979],[14.338293480000061,-5.068837977999976],[14.321981160000064,-5.060117927999954],[14.317804440000032,-5.033434989999932],[14.281751299000064,-5.022208865999971],[14.27185124700003,-5.003126000999941],[14.233748400000025,-5.000873947999935],[14.211673372000064,-4.974442],[14.199301586000047,-4.98872182599996],[14.205462480000051,-4.965016017999972],[14.186398200000042,-4.954457124999976],[14.12199,-5.013200061999953],[14.063510160000021,-5.045470006999949],[14.015300040000056,-5.031950097999925],[14.00958,-5.050590075999935],[13.988469960000032,-5.05359998299997],[13.999596541000074,-5.140551013999925],[13.97100010500003,-5.220180208999977],[13.94737992000006,-5.239990030999934],[13.8987,-5.232440010999937],[13.883569934000036,-5.247860155999945],[13.887519840000039,-5.288120039999967],[13.87212984000007,-5.284680025999933],[13.87696724600005,-5.301246567999954],[13.85886996000005,-5.335990013999947],[13.821209138000029,-5.326129163999951],[13.775919840000029,-5.274629955999956],[13.73577012000004,-5.30479007799994],[13.729379257000062,-5.339530030999981],[13.696080120000033,-5.331040070999961],[13.644600120000064,-5.286670028999936],[13.627197680000052,-5.333608728999934],[13.595730120000042,-5.323730017999935],[13.58037,-5.354330016999938],[13.552369920000046,-5.366540047999933],[13.547324160000073,-5.390006970999934],[13.665032100000076,-5.536939202999974],[13.61174004000003,-5.528919895999934],[13.595059998000067,-5.53278123299998],[13.590860598000063,-5.551698775999967],[13.56927061700003,-5.548481958999957],[13.597549920000063,-5.586429995999936],[13.596260040000061,-5.696599994999929],[13.58273016000004,-5.719150011999943],[13.551720206000027,-5.722150575999933],[13.519140120000031,-5.773460056999966],[13.519149840000068,-5.798290014999964],[13.477731016000064,-5.807716790999962],[13.47445152000006,-5.829069163999975],[13.55115096000003,-5.894588644999942],[13.574589480000043,-5.887044981999964],[13.619179440000039,-5.906802954999932],[13.65708348000004,-5.897123850999947],[13.729926240000054,-5.905130953999958],[13.747122360000049,-5.885525659999928],[14.008308495000051,-5.833845781999969],[14.046013402000028,-5.852666916999965],[14.14110420000003,-5.835546860999955],[14.167780076000042,-5.851844875999973],[14.19188710800006,-5.840778014999955],[14.201580240000055,-5.868823955999972],[14.23075418700006,-5.866258905999928],[14.23905534000005,-5.885336783999946],[14.284049400000072,-5.860900942999933],[14.310852480000051,-5.884926893999932],[14.378762160000065,-5.896950678999929],[14.481012240000041,-5.894888022999965],[14.609742480000023,-5.925496855999938],[14.611550400000056,-5.910774899999979],[14.609219400000029,-5.894450966999955],[14.659898400000031,-5.847676963999959],[14.625573501000076,-5.802659849999941],[14.647349160000033,-5.779623003999973],[14.625690568000039,-5.747920756999974],[14.62882140000005,-5.70697497599997],[14.610272760000043,-5.703537412999935],[14.56797240000003,-5.742309703999979],[14.520197160000066,-5.721875025999964],[14.509580400000061,-5.69613193899994],[14.523094440000023,-5.67586990999996],[14.496858360000033,-5.64969],[14.498640352000052,-5.620476009999948],[14.462343360000034,-5.617311963999953],[14.420418686000062,-5.612642062999953],[14.428234954000061,-5.528518863999977],[14.444371765000028,-5.500980401999925],[14.483337607000067,-5.501439927999968]]]},"properties":{"shapeName":"Songololo","shapeISO":"","shapeID":"63176286B29097498682851","shapeGroup":"COD","shapeType":"ADM2"}},
{"type":"Feature","geometry":{"type":"Polygon","coordinates":[[[13.17608856000004,-5.324023411999974],[13.197973680000075,-5.294508483999948],[13.197125520000043,-5.267540144999941],[13.169456280000077,-5.22319295899996],[13.188082680000036,-5.185657552999942],[13.173446160000026,-5.170989746999965],[13.149914040000056,-5.183820684999944],[13.140125640000065,-5.151054297999963],[13.147349760000054,-5.088627924999969],[13.113177480000047,-5.039333229999954],[13.121277120000059,-5.023698482999976],[13.109061600000075,-4.997993242999939],[13.091996520000066,-4.988804702999971],[13.126875120000022,-4.959629534999976],[13.217826240000022,-4.961325922999947],[13.286796840000022,-4.921981451999955],[13.343629320000048,-4.914021487999946],[13.376014202000022,-4.925793789999943],[13.38611184000007,-4.904581091999944],[13.41581184000006,-4.892710646999944],[13.384232280000049,-4.847333936999974],[13.372733160000053,-4.798557849999952],[13.284610096000051,-4.771419766999941],[13.254768360000071,-4.738287968999941],[13.265090280000038,-4.729084881999938],[13.246722360000035,-4.695951914999966],[13.18292316000003,-4.638734008999961],[13.144402440000022,-4.652250567999943],[13.106273040000076,-4.647281563999968],[13.093003440000075,-4.687658948999967],[13.052393197000072,-4.677527988999941],[12.839479200000028,-4.755228912999939],[12.794038200000045,-4.826533852999944],[12.800230200000044,-4.846095007999963],[12.743314139000063,-4.881035994999934],[12.715759440000056,-4.945901883999966],[12.634284240000056,-4.955051888999947],[12.640998240000044,-4.985165912999946],[12.628980365000075,-5.021999914999981],[12.52911744000005,-5.067935890999934],[12.479309280000052,-5.069272954999974],[12.47126220000007,-5.09319295399996],[12.521510170000056,-5.133498897999971],[12.547905403000073,-5.142722909999975],[12.614020200000027,-5.131270971999925],[12.62158710600005,-5.155432843999961],[12.676226400000076,-5.13637598899993],[12.717775440000025,-5.137782912999967],[12.796058300000027,-5.098485998999934],[12.827451600000074,-5.184872478999978],[12.88626516100004,-5.153051909999931],[12.907386,-5.185368937999954],[12.921818760000065,-5.193680545999939],[12.950026920000028,-5.183223172999931],[13.018269239000062,-5.237065909999956],[13.069919187000039,-5.211311032999959],[13.126454280000075,-5.233993526999939],[13.125592440000048,-5.260244225999941],[13.143137040000056,-5.25122820699994],[13.149183600000072,-5.262672019999968],[13.130012520000037,-5.298878909999928],[13.152738600000077,-5.32845804699997],[13.17608856000004,-5.324023411999974]]]},"properties":{"shapeName":"Tshela","shapeISO":"","shapeID":"63176286B47015384768636","shapeGroup":"COD","shapeType":"ADM2"}},
{"type":"Feature","geometry":{"type":"Polygon","coordinates":[[[20.813290648000077,-6.455924778999929],[20.853109709000023,-6.45132900599998],[20.86485122700003,-6.436009460999969],[20.86076722100006,-6.385962356999926],[20.83881568700008,-6.372172995999961],[20.798486125000068,-6.379323081999928],[20.766835077000053,-6.414050629999963],[20.780618598000046,-6.447243839999942],[20.813290648000077,-6.455924778999929]]]},"properties":{"shapeName":"Tshikapa","shapeISO":"","shapeID":"63176286B37681851712476","shapeGroup":"COD","shapeType":"ADM2"}},
{"type":"Feature","geometry":{"type":"Polygon","coordinates":[[[23.440803303000052,-6.647367866999957],[23.47504630000003,-6.666038914999945],[23.507181347000028,-6.716649941999947],[23.59902777900004,-6.770363286999952],[23.69094298400006,-6.72712770399994],[23.70907544800008,-6.748656859999926],[23.737369240000078,-6.727768009999977],[23.72792230400006,-6.719249795999929],[23.755121255000063,-6.675389928999948],[23.78571331200004,-6.667152937999958],[23.740213348000054,-6.631473677999963],[23.748304320000045,-6.581147856999962],[23.767389354000045,-6.580941107999934],[23.786060319000057,-6.522350028999938],[23.765609135000034,-6.50784495399995],[23.80520841300006,-6.439620918999935],[23.79420825400007,-6.396850982999979],[23.813282124000068,-6.403540030999977],[23.808235327000034,-6.390430829999957],[23.843189838000058,-6.369549950999954],[23.842969892000042,-6.341270029999976],[23.801640907000035,-6.297778949999952],[23.840300160000027,-6.244250028999943],[23.79824013700005,-6.240069819999974],[23.79130149300005,-6.222240175999957],[23.71248,-6.20045466299996],[23.686800840000046,-6.158134924999956],[23.672639739000033,-6.158070119999934],[23.630989792000037,-6.172260493999943],[23.59939827900007,-6.231900959999962],[23.583780902000058,-6.22970974499998],[23.5782,-6.247829980999938],[23.591900160000023,-6.25217003299997],[23.576210417000027,-6.25741020199996],[23.56788996000006,-6.288969962999943],[23.577089926000042,-6.320699542999932],[23.559270309000055,-6.339380600999959],[23.569660080000062,-6.345520091999958],[23.54523984000008,-6.400889962999941],[23.53258008000006,-6.419030040999928],[23.513000736000038,-6.40337984599995],[23.520210099000053,-6.442070031999947],[23.498060026000076,-6.448629897999979],[23.48385010000004,-6.416890100999979],[23.461320568000076,-6.41999917399994],[23.46614822300006,-6.452201663999972],[23.448160061000067,-6.464879935999932],[23.442557022000074,-6.532678609999948],[23.446678115000054,-6.549001973999964],[23.416509922000046,-6.584580038999945],[23.440803303000052,-6.647367866999957]],[[23.649278768000045,-6.468585716999939],[23.67026283200005,-6.472486351999976],[23.665248941000073,-6.496632460999933],[23.637951087000033,-6.486602680999965],[23.649278768000045,-6.468585716999939]]]},"properties":{"shapeName":"Tshilenge","shapeISO":"","shapeID":"63176286B2433914913285","shapeGroup":"COD","shapeType":"ADM2"}},
{"type":"Feature","geometry":{"type":"Polygon","coordinates":[[[22.84418677000008,-6.502018800999963],[22.880186613000035,-6.497573563999936],[22.884631038000066,-6.461565680999968],[22.839297902000055,-6.460232005999956],[22.831297937000045,-6.486015761999965],[22.84418677000008,-6.502018800999963]]]},"properties":{"shapeName":"Tshimbulu","shapeISO":"","shapeID":"63176286B74390580243640","shapeGroup":"COD","shapeType":"ADM2"}},
{"type":"Feature","geometry":{"type":"Polygon","coordinates":[[[22.68477111900006,-4.067006075999927],[22.715981959000032,-4.056702116999929],[22.713416685000027,-4.02879489399993],[22.68519866500003,-4.026218793999931],[22.672372292000034,-4.054126106999945],[22.68477111900006,-4.067006075999927]]]},"properties":{"shapeName":"Tshumbe","shapeISO":"","shapeID":"63176286B80144027802447","shapeGroup":"COD","shapeType":"ADM2"}},
{"type":"Feature","geometry":{"type":"Polygon","coordinates":[[[25.51887853200003,0.698256049000065],[25.521005993000074,0.679589142000054],[25.469740562000027,0.628937017000055],[25.415117052000028,0.535435102000065],[25.39601519200005,0.515608236000048],[25.37158909900006,0.517133126000033],[25.361730141000066,0.46517000800003],[25.32228440600005,0.455842215000075],[25.356579527000065,0.37256054900007],[25.428829089000033,0.329159076000053],[25.38054409800003,0.292182830000058],[25.337480545000062,0.280332237000039],[25.31184710900004,0.287356768000052],[25.30056759100006,0.339144407000049],[25.187779608000028,0.408077538000043],[25.15087025300005,0.293683439000063],[25.104730139000026,0.29577574700005],[25.098578820000057,0.264930522000043],[25.07294610400004,0.253041512000038],[25.064109302000077,0.147378210000056],[25.020479160000036,0.123820630000068],[24.770973600000048,-0.327644777999978],[24.74475588000007,-0.306522766999933],[24.484329720000062,-0.266601992999938],[24.40121929700007,-0.273292561999938],[24.399411343000054,-0.288209267999946],[24.370482173000028,-0.289901094999948],[24.412069337000048,-0.352308271999959],[24.42291937600004,-0.413769898999931],[24.50338116900008,-0.511368397999945],[24.562147923000055,-0.691416318999927],[24.648938514000065,-0.814474676999964],[24.81438081700003,-0.927171131999955],[24.920156365000025,-1.052018496999949],[25.06570974600004,-1.173438166999972],[25.115435513000023,-1.32184325399993],[25.14873489200005,-1.354043750999949],[25.074529007000024,-1.417980883999974],[25.00677292100005,-1.43473741899993],[25.016549870000063,-1.506740069999978],[25.048109623000073,-1.531780060999949],[25.038079665000055,-1.571560029999944],[25.012509892000026,-1.602379424999924],[25.05213990900006,-1.702179907999948],[25.011519674000056,-1.830459980999933],[25.009020088000057,-1.863310514999966],[25.032819791000065,-1.887249872999973],[25.032609912000055,-1.920830107999961],[25.012509675000047,-1.950499996999952],[25.02449987500006,-1.968569994999939],[25.055673419000072,-1.98060523099997],[25.197066625000048,-1.982839345999935],[25.208960304000072,-2.027740182999935],[25.17856802500006,-2.051392229999976],[25.175925627000026,-2.07766926499994],[25.200372513000048,-2.087979478999955],[25.232086303000074,-2.075869609999927],[25.24008450300005,-2.111983788999964],[25.42258824700008,-2.054670893999969],[25.49610708000006,-1.964229847999945],[25.656509275000076,-1.892320067999947],[25.67748226200007,-1.850675980999938],[25.713335019000056,-1.824650971999972],[25.760416125000063,-1.817695886999957],[25.79017413100007,-1.84249190099996],[25.84342835700005,-1.832990133999942],[25.85199898600007,-1.76607510599996],[25.848020160000033,-1.708819991999974],[25.8687,-1.63935995099996],[25.854760080000062,-1.506030020999958],[25.866339840000023,-1.464869955999973],[25.860999857000024,-1.411542549999979],[25.930600043000027,-1.493740098999979],[25.999400610000066,-1.500769567999953],[26.039049660000046,-1.443920092999974],[26.017279743000074,-1.407639930999949],[26.06955965700007,-1.384799987999941],[26.066670006000038,-1.310329749999937],[26.08191997800003,-1.281340037999939],[26.079614280000044,-1.264815273999943],[26.058941640000057,-1.259591575999934],[26.080278840000062,-1.155426292999948],[26.14096224000008,-1.132904303999965],[26.08294464000005,-1.09070210699997],[26.07360588000006,-0.962511942999924],[26.14612020100003,-0.94914392499993],[26.243652960000077,-0.894267688999946],[26.25965676000004,-0.855461956999932],[26.244984960000068,-0.826945932999934],[26.230238280000037,-0.66800487699993],[26.256624480000028,-0.624769900999979],[26.273706477000076,-0.504145905999962],[26.109110331000068,-0.372605987999975],[26.170768241000076,-0.284088987999951],[26.081836014000032,-0.198360943999944],[26.033574060000035,-0.048950273999935],[26.064329936000036,-0.014290029999927],[26.07362981500006,-0.027420071999927],[26.06501060100004,-0.034030266999935],[26.09111938600006,-0.032131472999936],[26.07835985400004,-0.049820082999929],[26.095009852000032,-0.054159934999973],[26.10141002000006,-0.076480080999943],[26.132190285000036,-0.086979726999971],[26.140228339000032,-0.077269800999943],[26.143221873000073,-0.093329825999945],[26.19447960800005,-0.106251071999964],[26.192569932000026,-0.132289947999936],[26.226280186000054,-0.136970546999976],[26.272992302000034,-0.199500308999973],[26.30130958600006,-0.191989977999924],[26.326449858000046,-0.258679892999965],[26.362859893000063,-0.273179916999936],[26.38598988900003,-0.304580052999938],[26.43074976200006,-0.319189956999935],[26.45737763900007,-0.381828569999925],[26.559909744000038,-0.378440015999956],[26.61475964300007,-0.352090100999931],[26.629714989000036,-0.311866126999973],[26.61026490100005,-0.291701971999942],[26.603272983000068,-0.235000978999949],[26.63216916300007,-0.205085000999929],[26.691216629000053,-0.187495962999947],[26.701136785000074,-0.143848890999948],[26.730495190000056,-0.117833288999975],[26.754420004000053,-0.015958274999946],[26.75775756200005,0.168745415000046],[26.717769245000056,0.174744998000051],[26.711687005000044,0.139308260000064],[26.62319969500004,0.105019742000025],[26.616517018000025,0.060046373000034],[26.574340887000062,0.037994137000055],[26.559484398000052,0.095210705000056],[26.526512730000036,0.104367297000067],[26.506461457000057,0.161944315000028],[26.456112594000047,0.168111174000046],[26.43343315100003,0.224891834000061],[26.39790673400006,0.19656113800005],[26.36766746400008,0.23903187600007],[26.337146313000062,0.241694449000022],[26.321541758000023,0.269896091000021],[26.300108085000033,0.265022980000026],[26.24736486000006,0.284068081000044],[26.266522975000044,0.324471450000033],[26.264739535000047,0.379844386000059],[26.203920793000066,0.363540590000071],[26.13820029200008,0.381204221000075],[26.10946042000006,0.427335920000075],[26.080850390000023,0.443450957000039],[26.095857385000045,0.464168054000027],[26.114806418000057,0.454143293000072],[26.12795037500007,0.463847134000048],[26.13418665300003,0.534773671000039],[26.119705657000054,0.545619482000063],[26.144655450000073,0.620396965000054],[26.14701812800007,0.716842125000028],[26.10545686100005,0.723171989000036],[26.08656899600004,0.700371210000071],[26.078508013000032,0.727929034000056],[26.044731028000058,0.724623988000076],[26.090106830000025,0.744736901000067],[26.03937314700005,0.765749010000036],[26.031075841000074,0.794917101000067],[26.055028794000066,0.80210502500006],[25.998839289000045,0.915385013000048],[25.98146209300006,0.921478651000029],[25.921312229000023,0.878358383000034],[25.86918172000003,0.870687449000059],[25.845122206000042,0.83743550600002],[25.820616292000068,0.840517172000034],[25.79432945700006,0.787805758000047],[25.69318675900007,0.791921004000073],[25.692742519000035,0.744342673000062],[25.651082248000023,0.753625721000049],[25.61010715200007,0.722216252000067],[25.598888018000025,0.733212001000027],[25.57220986300007,0.723929992000024],[25.57141966300003,0.686240017000046],[25.541819748000023,0.663170070000035],[25.53276973000004,0.707489914000064],[25.52043943500007,0.710437837000029],[25.51887853200003,0.698256049000065]]]},"properties":{"shapeName":"Ubundu","shapeISO":"","shapeID":"63176286B77989779607321","shapeGroup":"COD","shapeType":"ADM2"}},
{"type":"Feature","geometry":{"type":"Polygon","coordinates":[[[29.23492118000007,-3.558262353999964],[29.19693548200007,-3.357247614999949],[29.241004090000047,-3.277590397999973],[29.222339266000063,-3.198665322999943],[29.228209956000057,-3.159914386999958],[29.261057295000057,-3.11478275099995],[29.246986654000068,-3.096719987999961],[29.259679724000023,-3.086146633999931],[29.254260626000075,-3.052934852999954],[29.23660102200006,-3.025337220999972],[29.20384875600007,-3.023234514999956],[29.177561378000064,-2.992099648999954],[29.16833940500004,-2.997022028999936],[29.168482012000027,-2.959816886999931],[29.156835706000038,-2.949254887999928],[29.096013464000066,-2.918524151999975],[29.09083204500007,-2.87149444299996],[29.069322030000023,-2.863751556999944],[29.050504378000028,-2.820381254999972],[29.007127828000023,-2.817250509999951],[29.00429658300004,-2.780811195999945],[28.991095478000034,-2.755435442999953],[28.91615559400003,-2.738000686999953],[28.88233376900007,-2.772751465999931],[28.86720953100007,-2.769700489999934],[28.88074332000008,-2.846167658999946],[28.864120680000042,-2.865812732999927],[28.855567440000073,-2.943136660999926],[28.828838520000033,-2.996856965999939],[28.80435523700004,-2.987937713999941],[28.819355766000058,-3.050979134999977],[28.784099574000038,-3.122617033999973],[28.790281848000063,-3.197665610999934],[28.812674180000045,-3.209457637999947],[28.83067199900006,-3.259550707999949],[28.892153121000035,-3.318881862999945],[28.870862376000048,-3.36316697999996],[28.88781260500008,-3.399796249999952],[28.84243859600008,-3.45001605799996],[28.84218046700005,-3.547267371999965],[28.828127821000066,-3.597337258999971],[28.900933359000078,-3.650124924999943],[28.98196020000006,-3.657812892999971],[28.992963960000054,-3.656421119999948],[29.04627130700004,-3.548032501999955],[29.06952497900005,-3.542180199999962],[29.08301487400007,-3.556032848999962],[29.131229114000064,-3.542717547999928],[29.15999850700007,-3.562781761999929],[29.23492118000007,-3.558262353999964]]]},"properties":{"shapeName":"Uvira","shapeISO":"","shapeID":"63176286B42701779698156","shapeGroup":"COD","shapeType":"ADM2"}},
{"type":"Feature","geometry":{"type":"Polygon","coordinates":[[[27.841009074000056,-0.596021891999953],[27.82442388100003,-0.625194864999969],[27.830983798000034,-0.666289885999959],[27.80438988900005,-0.694876010999963],[27.80642892800006,-0.746789857999943],[27.780078738000043,-0.780430921999937],[27.76634593400007,-0.885712865999949],[27.70631781700007,-0.893054893999931],[27.679516682000042,-0.929916908999928],[27.638429101000042,-0.93442878299993],[27.57505579000008,-0.903400044999955],[27.517266849000066,-0.899002989999929],[27.441729611000028,-0.913500007999971],[27.38589938800004,-0.945160008999949],[27.310799450000047,-0.955050050999944],[27.274349460000053,-0.980220048999968],[27.27824969900007,-1.052589919999946],[27.266649422000057,-1.067560077999929],[27.290389616000027,-1.129310063999981],[27.338089602000025,-1.181790039999953],[27.32715950000005,-1.192400088999932],[27.30267965200005,-1.181439920999935],[27.277119623000033,-1.19025980899994],[27.250569666000047,-1.174020016999975],[27.227144235000026,-1.204889585999979],[27.32637837200008,-1.297670977999928],[27.364794310000036,-1.306742841999949],[27.346934361000024,-1.360818],[27.391423495000026,-1.450051644999974],[27.41147712000003,-1.45813377099995],[27.430574095000054,-1.446217505999925],[27.449419699000032,-1.459329762999971],[27.45846229500006,-1.494704979999938],[27.498616310000045,-1.538710950999928],[27.528405212000052,-1.622065840999937],[27.578086346000077,-1.644196956999963],[27.62303865100006,-1.684966009999926],[27.65346229100004,-1.691065842999933],[27.67736735400007,-1.725239926999961],[27.684636110000042,-1.771659977999946],[27.720515481000064,-1.769461108999963],[27.746655067000063,-1.789369927999928],[27.74202007100007,-1.831006873999968],[27.756249061000062,-1.844750835999946],[27.73968187400004,-2.000571238999953],[27.784569522000027,-2.028763604999938],[27.838393083000028,-2.033875566999939],[27.885019167000053,-2.001450234999936],[27.949751796000044,-2.000246474999926],[27.961973786000044,-2.016275151999935],[27.984655927000063,-2.006839491999926],[27.997892037000042,-2.032447221999973],[28.011623865000047,-2.011789053999962],[28.08713416100005,-1.998684267999977],[28.10078642800005,-2.008339724999928],[28.09976295100006,-2.065770154999939],[28.167056366000054,-2.045962088999943],[28.151163102000055,-2.02004051199998],[28.154963482000028,-2.000938301999952],[28.171651841000028,-1.993932723999933],[28.304196881000053,-1.990509346999943],[28.32712095900007,-1.976164457999971],[28.350332260000073,-1.994001388999948],[28.374324741000066,-1.993216240999971],[28.377036974000077,-1.960858725999969],[28.353857041000026,-1.93992233299997],[28.450781019000033,-1.892948383999965],[28.449736020000046,-1.865128369999979],[28.511058750000075,-1.876805933999947],[28.524191408000036,-1.896751407999943],[28.55852527500008,-1.904640086999962],[28.605505140000048,-1.880734204999953],[28.64099092500004,-1.89091379499996],[28.677747960000033,-1.867712155999925],[28.700315475000025,-1.828617095999959],[28.69573783800007,-1.805971145999933],[28.668870926000068,-1.793920516999947],[28.667768478000028,-1.752510070999961],[28.647633778000056,-1.728931161999981],[28.604846984000062,-1.720701187999964],[28.60689744000007,-1.703213991999974],[28.528454520000025,-1.64839995799997],[28.51448148000003,-1.576948767999966],[28.52168433500003,-1.480600213999935],[28.54409447000006,-1.483484783999927],[28.637066160000074,-1.320965466999951],[28.64923956000007,-1.279882851999957],[28.64604096000005,-1.210740215999976],[28.673501040000076,-1.182289364999974],[28.702802450000036,-1.181269731999976],[28.71848920700006,-1.164195908999943],[28.70989133200004,-1.10894990099996],[28.681819021000024,-1.068637955999975],[28.696992179000063,-1.043514871999946],[28.692750318000037,-1.017797592999955],[28.715487451000058,-0.998153909999928],[28.751621725000064,-1.007859746999941],[28.80143793600007,-0.970158074999972],[28.84312189900004,-0.992238904999965],[28.883766828000034,-0.991115971999932],[28.94383769800004,-1.034471787999962],[29.006180280000024,-1.032768955999927],[29.037750480000057,-1.006132127999933],[29.057817600000078,-0.965649545999952],[29.05372440000008,-0.93877790199997],[29.029860360000043,-0.903823401999944],[28.965320387000077,-0.86983110999995],[29.06229564000006,-0.857677682999963],[29.065726470000072,-0.82210122999993],[29.044331466000074,-0.768464851999966],[29.003709455000035,-0.760865792999937],[28.98607990800008,-0.732221512999956],[28.98394870900006,-0.652215095999964],[28.957255088000068,-0.563172891999955],[28.91887556000006,-0.55739807599997],[28.86572045400004,-0.573433638999973],[28.83260976100007,-0.560360940999942],[28.776953888000037,-0.56487637999993],[28.72398424000005,-0.524266483999952],[28.66978735400005,-0.456879875999959],[28.67360653000003,-0.399904851999963],[28.633429843000044,-0.39779903799996],[28.606978190000063,-0.360344022999925],[28.63756881300003,-0.286185079999939],[28.565526374000058,-0.235304849999977],[28.526925583000036,-0.227217541999948],[28.533756035000067,-0.178283353999973],[28.515353791000052,-0.194207570999936],[28.501156610000066,-0.183940864999954],[28.46402809700004,-0.102374997999959],[28.361470901000075,-0.123956020999969],[28.308242102000065,-0.157251852999934],[28.28724579800007,-0.155736060999971],[28.21741267400006,-0.201496994999957],[28.19202944600005,-0.23926185199997],[28.144984884000053,-0.23004532899995],[28.150407706000067,-0.269058012999949],[28.113480722000077,-0.277706979999948],[28.073224932000073,-0.307953985999973],[28.009370567000076,-0.31693796899998],[27.985598697000057,-0.360894987999927],[27.949214592000033,-0.391352960999939],[27.94197594700006,-0.406539005999946],[27.978076860000044,-0.470015972999931],[27.970406703000037,-0.544694922999952],[27.947375712000053,-0.549837840999942],[27.935616851000077,-0.576299952999932],[27.903752370000063,-0.593959588999951],[27.841009074000056,-0.596021891999953]]]},"properties":{"shapeName":"Walikale","shapeISO":"","shapeID":"63176286B33968238717987","shapeGroup":"COD","shapeType":"ADM2"}},
{"type":"Feature","geometry":{"type":"Polygon","coordinates":[[[28.358863175000067,-2.65245510799997],[28.377258480000023,-2.682424002999937],[28.338259320000077,-2.711502535999955],[28.342338480000024,-2.750433630999964],[28.31806152000007,-2.792529761999958],[28.317651316000024,-2.82815525999996],[28.359582955000064,-2.834249357999965],[28.382400208000035,-2.792211132999967],[28.414724652000075,-2.782603546999951],[28.439799863000076,-2.794672765999962],[28.432479327000067,-2.806168280999941],[28.450257771000054,-2.806168280999941],[28.447690830000056,-2.819025914999941],[28.478530946000035,-2.801122422999924],[28.513735620000034,-2.841650977999961],[28.537934387000064,-2.819525488999943],[28.562181528000053,-2.839873085999955],[28.56457548000003,-2.866904646999956],[28.62745728400006,-2.830304626999975],[28.653287387000034,-2.84180158199996],[28.684258809000028,-2.777090900999951],[28.710797825000043,-2.808730129999958],[28.731608640000047,-2.797961763999979],[28.753174800000068,-2.805470576999937],[28.77275484000006,-2.857350461999943],[28.799485920000052,-2.882380320999971],[28.80435523700004,-2.987937713999941],[28.828838520000033,-2.996856965999939],[28.855567440000073,-2.943136660999926],[28.864120680000042,-2.865812732999927],[28.88074332000008,-2.846167658999946],[28.86720953100007,-2.769700489999934],[28.88233376900007,-2.772751465999931],[28.91615559400003,-2.738000686999953],[28.991095478000034,-2.755435442999953],[29.00429658300004,-2.780811195999945],[29.03862039200004,-2.76041764699994],[29.034627373000035,-2.733960026999966],[28.995449611000026,-2.699534319999941],[28.96825905000003,-2.704099449999944],[28.918074826000066,-2.681116428999928],[28.89542394800003,-2.652768783999932],[28.861980242000072,-2.632063989999949],[28.83548462300007,-2.582124809999925],[28.735272396000028,-2.542896773999928],[28.616701676000048,-2.551430743999958],[28.559715638000057,-2.63084693199994],[28.487769997000044,-2.669694890999949],[28.462335926000037,-2.699266838999961],[28.411819173000026,-2.696483993999948],[28.358863175000067,-2.65245510799997]]]},"properties":{"shapeName":"Walungu","shapeISO":"","shapeID":"63176286B8564391110970","shapeGroup":"COD","shapeType":"ADM2"}},
{"type":"Feature","geometry":{"type":"Polygon","coordinates":[[[27.44698965400005,1.554600167000046],[27.504692822000038,1.570246012000041],[27.551548910000065,1.554645010000058],[27.587182941000037,1.512570194000034],[27.583902264000074,1.461891297000022],[27.60778212100007,1.453552985000044],[27.650460726000063,1.477929055000061],[27.773485338000057,1.443248183000037],[27.750848491000056,1.473591977000069],[27.79128472700006,1.48419210000003],[27.803611474000036,1.504436028000043],[27.806561311000053,1.544505141000059],[27.756219266000073,1.611962016000064],[27.71560547200005,1.608961519000047],[27.707250740000063,1.594215849000022],[27.66579984300006,1.590764825000065],[27.641539136000063,1.571647721000033],[27.643100248000053,1.654470006000054],[27.55332605800004,1.773355872000025],[27.566651085000046,1.828036526000062],[27.585049147000063,1.847255354000026],[27.682251157000053,1.80829340400004],[27.716536934000032,1.845845535000024],[27.750021939000078,1.856418770000062],[27.782721782000067,1.828843735000021],[27.847210310000037,1.827695696000035],[27.878264234000028,1.778740798000058],[27.900855166000042,1.794162113000027],[27.93822360300004,1.721125079000046],[27.941297999000028,1.748529893000068],[27.98172537100004,1.755722500000047],[28.21213292400006,1.68436624800006],[28.190704624000034,1.73780668400002],[28.19062470500006,1.795984831000055],[28.288949973000058,1.854270805000056],[28.29855368400007,1.874111486000061],[28.322131614000057,2.335203209000042],[28.36372489400003,2.340760252000052],[28.34765270200006,2.363874967000072],[28.347886342000038,2.416678909000041],[28.368501373000072,2.459104522000075],[28.33358175400008,2.462680095000053],[28.354399460000025,2.483847125000068],[28.37385554100007,2.556790109000076],[28.311552204000066,2.587306236000074],[28.339297738000027,2.614809309000066],[28.333681383000055,2.641057253000042],[28.355560361000073,2.641993280000065],[28.345733813000038,2.706609112000024],[28.32971778800004,2.716048058000069],[28.321284797000033,2.697623412000041],[28.294747423000047,2.693769470000063],[28.270683967000025,2.747585082000057],[28.14414480100004,2.700410120000072],[28.137740265000048,2.686830870000051],[28.16269738400007,2.670249665000028],[28.182085167000025,2.625741521000066],[28.151470792000055,2.562575895000066],[28.100241398000037,2.54817711000004],[28.107375511000043,2.489913580000064],[28.074200819000055,2.498878813000033],[28.026063820000047,2.47171247600005],[27.998191562000045,2.427893346000076],[27.96666818800003,2.444254046000026],[27.92687526000003,2.420541069000024],[27.932835055000055,2.386026959000048],[27.897396598000057,2.347126975000037],[27.87835975300004,2.367239880000056],[27.882130389000054,2.400505478000071],[27.836301130000038,2.513554724000073],[27.805743276000044,2.660048089000043],[27.759053110000025,2.686028972000031],[27.738790524000024,2.653407941000069],[27.742274601000076,2.631850345000032],[27.693862555000067,2.602870558000063],[27.681774483000027,2.573966975000076],[27.66183805600008,2.560626484000068],[27.631890037000062,2.598624358000052],[27.621631123000043,2.591504053000051],[27.598630738000054,2.534285565000062],[27.508678674000066,2.441996540000048],[27.51129624500004,2.362588747000075],[27.498507119000067,2.345818182000073],[27.476516356000047,2.331296033000058],[27.406273402000068,2.327170501000069],[27.380768144000058,2.297078975000034],[27.41309395500008,2.220719962000032],[27.372057949000066,2.099429011000041],[27.32304867000005,2.078782530000069],[27.313765450000062,2.03650988000004],[27.357187079000028,1.995518968000056],[27.35700815900003,1.962547446000031],[27.378559180000025,1.94646384400005],[27.40979743300005,1.885159571000031],[27.39511952600003,1.872175383000069],[27.34989287600007,1.876022964000072],[27.365683070000046,1.858785970000042],[27.35267304100006,1.840370020000023],[27.371926185000063,1.790243086000032],[27.33994677000004,1.773424654000053],[27.306168640000067,1.728299970000023],[27.285258776000035,1.632590081000046],[27.262189043000035,1.622680029000037],[27.244798638000077,1.640139908000037],[27.22698886300003,1.623789976000069],[27.214410145000045,1.631129569000052],[27.21580871200007,1.614799941000058],[27.194740809000052,1.603437850000034],[27.294919071000038,1.577860031000057],[27.351338960000078,1.592409900000064],[27.37558953200005,1.565070155000058],[27.419458978000023,1.573849820000021],[27.44698965400005,1.554600167000046]]]},"properties":{"shapeName":"Wamba","shapeISO":"","shapeID":"63176286B98159467986291","shapeGroup":"COD","shapeType":"ADM2"}},
{"type":"Feature","geometry":{"type":"Polygon","coordinates":[[[30.184708320000027,2.584316571000045],[30.149048520000065,2.587948137000069],[30.144089880000024,2.630344501000025],[30.06363129400006,2.626601946000051],[30.045359863000044,2.687761415000068],[29.989861610000048,2.727579561000027],[29.98261013900003,2.763947522000024],[29.95046181500004,2.769697755000038],[29.940630587000044,2.784109214000068],[29.970526394000046,2.824989584000036],[29.960824767000076,2.866574476000039],[29.890292561000024,2.867832304000046],[29.793045810000024,2.839911799000049],[29.757845468000028,2.863915077000058],[29.73070365800004,2.915749983000069],[29.71735955200006,3.005306072000053],[29.672360192000042,3.059246148000057],[29.682689734000064,3.076259798000024],[29.773325457000055,3.06665197600006],[29.813308453000047,3.025145028000054],[29.894299069000056,3.003804904000049],[29.954165405000026,2.952353720000076],[29.969690118000074,2.973821584000063],[29.950118743000075,3.021723070000064],[29.82743627900004,3.05140586300007],[29.744327849000058,3.140220853000073],[29.702597411000056,3.147757179000052],[29.68490445900005,3.135459023000067],[29.66108608600007,3.159389085000043],[29.68701950800005,3.195707948000063],[29.68432344200005,3.224023342000066],[29.722021677000043,3.198514009000064],[29.746383448000074,3.231043018000037],[29.748252567000065,3.251064064000047],[29.703664453000044,3.285905058000026],[29.70577441100005,3.313060993000022],[29.683812103000037,3.325070936000031],[29.649866467000038,3.292678099000057],[29.668624608000073,3.282976094000048],[29.667451327000038,3.26663618300006],[29.653505116000076,3.278399727000021],[29.63264309300007,3.263476827000034],[29.618021618000057,3.283527053000057],[29.591914216000077,3.281040096000027],[29.56180263300007,3.352446051000072],[29.54555270700007,3.357766609000066],[29.543930809000074,3.345110089000059],[29.524916284000028,3.340998138000032],[29.427406658000052,3.371074886000031],[29.396931232000043,3.358000228000037],[29.348120685000026,3.383549154000036],[29.31499449100005,3.392874152000047],[29.258274844000027,3.453947735000042],[29.212905096000043,3.433751982000047],[29.157994374000054,3.483996404000038],[29.121541002000072,3.450202973000046],[29.13408195200003,3.397247063000066],[29.12534223800003,3.376735862000032],[29.045871574000046,3.279595855000025],[28.97484506400008,3.233640514000058],[28.941503400000045,3.152313034000031],[28.91354724000007,3.12172608700007],[28.881261324000036,3.112087023000072],[28.87687724700004,3.070201042000065],[28.845683603000055,3.042304432000037],[28.755992203000062,3.046127020000029],[28.74407640900006,3.026112314000045],[28.747611617000075,2.967712946000063],[28.71174750800003,2.932459036000068],[28.69135244000006,2.887132007000048],[28.70988559700004,2.878374931000053],[28.703689920000045,2.850991244000056],[28.684008982000023,2.851463091000028],[28.676450087000035,2.838120040000035],[28.65289465500007,2.872655070000064],[28.634806257000037,2.856785071000047],[28.60024945300006,2.858645051000053],[28.606879209000056,2.842991021000046],[28.58834009900005,2.837246919000052],[28.565897918000076,2.800664554000036],[28.566600423000068,2.842550128000028],[28.547393577000037,2.887667936000071],[28.519467594000048,2.878474],[28.535700477000034,2.833588161000023],[28.50297268500003,2.825086569000064],[28.50226273100003,2.755353987000035],[28.439973438000038,2.75465838100007],[28.427706811000064,2.742114858000036],[28.425448892000077,2.678535773000021],[28.355560361000073,2.641993280000065],[28.333681383000055,2.641057253000042],[28.339297738000027,2.614809309000066],[28.311552204000066,2.587306236000074],[28.37385554100007,2.556790109000076],[28.354399460000025,2.483847125000068],[28.33358175400008,2.462680095000053],[28.368501373000072,2.459104522000075],[28.347886342000038,2.416678909000041],[28.34765270200006,2.363874967000072],[28.36372489400003,2.340760252000052],[28.322131614000057,2.335203209000042],[28.37886864500007,2.296384748000037],[28.399566393000043,2.25162606300006],[28.58058059500007,2.333969780000075],[28.636115506000067,2.241444098000045],[28.738789604000033,2.204959074000044],[28.76483016000003,2.181771631000061],[28.77697838000006,2.226629111000022],[28.709349796000026,2.336198649000039],[28.75301420900007,2.303726385000061],[28.798971133000066,2.307450506000066],[28.96878040300004,2.270472165000058],[29.000514112000076,2.343554028000028],[28.969712152000056,2.429181108000023],[28.99027982800004,2.406613201000027],[29.019110260000048,2.418779975000064],[29.031668964000062,2.394835620000038],[29.04389588300006,2.404072757000051],[29.03992256500004,2.421811470000023],[29.072051093000027,2.437247743000057],[29.095546351000053,2.425793610000028],[29.09375183700007,2.452025911000021],[29.11035444500004,2.445566747000044],[29.12715260600004,2.456824519000065],[29.17517461600005,2.401307527000029],[29.20425920100007,2.455740160000062],[29.202986244000044,2.529455208000059],[29.22924555800006,2.543720945000075],[29.272360320000075,2.443565130000025],[29.327905440000052,2.413805159000049],[29.410265200000026,2.423580168000058],[29.548992240000075,2.492855088000056],[29.631572307000056,2.491332230000069],[29.649990212000034,2.425257241000054],[29.641210200000046,2.324610458000052],[29.665104120000024,2.28621681900006],[29.645480160000034,2.270717771000022],[29.60741088000003,2.28366262000003],[29.621235600000034,2.214126627000041],[29.609971920000078,2.200712717000044],[29.623022475000027,2.187180238000053],[29.690305650000028,2.197618750000061],[29.717046696000068,2.189516957000023],[29.76500152600005,2.15261298300004],[29.808788278000065,2.091557038000076],[29.868673156000057,2.080392753000069],[29.897205262000057,2.056177002000027],[29.90348617500007,2.109538982000061],[29.871266355000046,2.11973084400006],[29.86903241400006,2.14665311400006],[29.851430723000078,2.148301324000045],[29.870603249000055,2.183695876000058],[29.914388405000068,2.186592117000032],[29.929840943000045,2.249833368000054],[29.946800250000024,2.267513025000028],[29.966647850000072,2.244691673000034],[29.982438013000035,2.248799117000033],[29.99782540800004,2.279365086000041],[30.027256451000028,2.282976203000032],[30.057188379000024,2.368871053000021],[30.072159360000057,2.360301138000068],[30.125604252000073,2.369876090000048],[30.145364389000065,2.507174976000044],[30.187056960000064,2.55584288600005],[30.184708320000027,2.584316571000045]]]},"properties":{"shapeName":"Watsa","shapeISO":"","shapeID":"63176286B47500153281287","shapeGroup":"COD","shapeType":"ADM2"}},
{"type":"Feature","geometry":{"type":"Polygon","coordinates":[[[22.680869779000034,2.049960282000029],[22.622929920000047,2.096960065000076],[22.354480178000074,2.162040018000027],[22.367981160000056,2.064355012000021],[22.475334240000052,1.982060128000057],[22.491285479000055,1.923736978000022],[22.480327440000053,1.88892314800006],[22.435413480000022,1.871814049000022],[22.420995497000035,1.809141132000036],[22.357628300000044,1.784307777000038],[22.372439040000074,1.710682410000061],[22.284837534000076,1.671993065000038],[22.26481635500005,1.628145946000075],[22.25126036200004,1.511900036000043],[22.311259920000055,1.49278003400002],[22.32375971500005,1.503449542000055],[22.346470080000074,1.490279967000049],[22.396459952000043,1.497069940000074],[22.39562161200007,1.48602958400005],[22.423119840000027,1.474949963000029],[22.463039880000053,1.483969967000064],[22.469109840000044,1.465849925000043],[22.47682065200007,1.473949631000039],[22.55687847400003,1.428740439000023],[22.562719920000063,1.409470009000074],[22.639920120000056,1.344220086000064],[22.65442992000004,1.293489921000059],[22.68135,1.265169886000024],[22.68178992000003,1.233210030000066],[22.714160040000024,1.208600061000027],[22.72354937600005,1.171641797000063],[22.73496012000004,1.173099942000022],[22.74024996000003,1.133360025000059],[22.778679984000064,1.089240243000063],[22.785189840000044,1.037329924000062],[22.825550160000034,0.976440024000055],[22.820390565000025,0.92790100700006],[22.83282,0.913039934000039],[22.82229,0.882170057000053],[22.857450120000067,0.777130070000055],[22.84608996000003,0.698910069000021],[22.875220080000076,0.642110038000055],[22.94667878300004,0.568340686000056],[22.92747552000003,0.502499979000049],[22.97123132200005,0.368830163000041],[22.930135200000052,0.344209070000034],[22.941274320000048,0.307988047000038],[22.986808070000052,0.215703504000032],[23.04904028900006,0.150864115000047],[23.052629488000036,0.113760533000061],[23.093511448000072,0.053115840000032],[23.22413258100005,-0.069212109999967],[23.308235241000034,-0.123775931999944],[23.356514479000055,-0.187687910999955],[23.275594389000048,-0.29523685199996],[23.084634364000067,-0.277187055999946],[23.010158130000036,-0.328928922999978],[22.94361832100003,-0.403650915999947],[23.135076327000036,-0.412090884999941],[23.100830098000074,-0.559477629999947],[23.244781294000063,-0.457545998999933],[23.411220593000053,-0.409146997999926],[23.505054449000056,-0.387358349999943],[23.688172744000042,-0.389587433999964],[23.721135782000033,-0.265755263999949],[23.661958266000056,-0.258628707999947],[23.754307981000068,-0.201433193999947],[23.708097316000078,-0.190050928999938],[23.673030425000036,-0.143165988999954],[23.676337385000068,-0.117687822999926],[23.71643490300005,-0.092190348999964],[23.722798605000037,-0.022621529999924],[23.57615122900006,-0.043624892999958],[23.649372279000033,0.04096807600007],[23.65778547800005,0.081944602000021],[23.767372274000024,0.279345028000023],[23.78513762800003,0.363813460000074],[23.80368986700006,0.38786119100007],[23.77132227000004,0.446904605000043],[23.796568707000063,0.603078205000031],[23.779419311000026,0.668179120000048],[23.679899944000056,0.669520180000063],[23.630142903000035,0.739378532000046],[23.63456664000006,0.817081855000026],[23.68359072000004,0.886405405000062],[23.693669640000053,0.990374354000039],[23.73608430200005,0.954794252000056],[23.75847248900004,0.994916044000036],[23.705885238000064,1.090495889000067],[23.67371698100004,1.042958054000053],[23.620903200000043,1.045409540000037],[23.58244872000006,1.083195470000021],[23.53681512000003,1.07945124400004],[23.536094400000025,1.132668786000067],[23.52248136000003,1.158681367000042],[23.403514680000058,1.306200849000049],[23.326134480000064,1.343647101000045],[23.286958200000072,1.343842061000032],[23.21564292000005,1.30978241400004],[23.207965560000048,1.319880210000065],[23.22399960000007,1.345743538000022],[23.12772012000005,1.510344567000061],[23.15157012000003,1.531402071000059],[23.167407240000045,1.590086162000034],[23.184093562000044,1.604170357000044],[23.114769840000065,1.692070038000054],[23.10837003000006,1.728600178000022],[23.056440585000075,1.80855860600002],[22.99021231100005,1.872775657000034],[22.826739960000054,1.910829910000075],[22.731770160000053,1.959890053000038],[22.680869779000034,2.049960282000029]]]},"properties":{"shapeName":"Yahuma","shapeISO":"","shapeID":"63176286B43218121140485","shapeGroup":"COD","shapeType":"ADM2"}},
{"type":"Feature","geometry":{"type":"Polygon","coordinates":[[[23.246414280000067,3.771401079000043],[23.243050080000046,3.792322868000042],[23.285246400000062,3.777684431000068],[23.35183488000007,3.712816898000028],[23.407284240000024,3.688339065000036],[23.50522440000003,3.747834008000041],[23.53049316000005,3.776523042000065],[23.533071473000064,3.806232064000028],[23.529110158000037,3.818630207000069],[23.48262,3.81307995800006],[23.402310121000028,3.833329940000056],[23.39306117700005,3.80795226500004],[23.36974581100003,3.797691928000063],[23.324159880000025,3.835400120000031],[23.26893012000005,3.836679933000028],[23.22638243700004,3.862902013000053],[23.154519960000073,3.84772001400006],[23.15364984000007,3.877639928000065],[23.14090008000005,3.864900059000036],[23.106478997000067,3.872979225000051],[23.07726,3.854840047000039],[23.021539920000066,3.860019947000069],[22.990060080000035,3.838180029000057],[22.969299960000058,3.859679909000022],[22.901410080000062,3.834620039000072],[22.844180160000064,3.861639941000021],[22.813970040000072,3.855920050000066],[22.782146407000027,3.88562999800007],[22.783853160000035,3.904747086000043],[22.800537360000078,3.911533087000066],[22.809580186000062,3.965228042000035],[22.837045214000057,3.987149296000041],[22.78683144000007,4.033790146000058],[22.76007984000006,4.030215183000053],[22.747499280000056,4.07366397200002],[22.722215040000037,4.08306673800007],[22.71434976000006,4.102682142000049],[22.69410228000004,4.084046846000035],[22.667610240000045,4.123249792000024],[22.64845968000003,4.113733894000063],[22.629106800000045,4.128060009000023],[22.58532972000006,4.121987688000047],[22.54688352000005,4.136264757000049],[22.498928609000075,4.114360185000066],[22.445219767000026,4.12434004000005],[22.265999906000047,4.113999941000031],[22.16400003600006,4.154000041000074],[22.094999922000056,4.212000044000035],[22.030999847000032,4.222000030000061],[22.00700008900003,4.239000040000064],[21.96501637600005,4.225052482000024],[21.938882400000068,4.110413118000054],[21.871412468000074,3.984986927000023],[21.82221071600003,3.970648585000049],[21.679921077000074,3.993201468000052],[21.526282077000076,3.977158777000056],[21.47441831900005,3.851303145000031],[21.429458277000037,3.801671129000056],[21.458910134000064,3.703160293000053],[21.42206027700007,3.643466093000029],[21.337305478000076,3.560351023000067],[21.30125147800004,3.468059998000058],[21.257963292000056,3.462081032000071],[21.268392479000056,3.439435934000073],[21.537289797000028,3.333775465000031],[21.572403477000023,3.233295590000068],[21.665301476000025,3.296394636000059],[21.712399916000038,3.310171914000023],[21.771683636000034,3.384740900000054],[21.78701099600005,3.378993127000058],[21.82136147600005,3.31219089800004],[21.88890755600005,3.326681182000073],[21.97142675500004,3.269388307000042],[22.041244435000067,3.252438126000072],[22.101242395000043,3.12859399000007],[22.116573367000058,2.94434427300007],[22.28329835200003,2.995282106000047],[22.35468527300003,3.031930989000045],[22.462270190000027,2.999779004000061],[22.48645411900003,2.978543105000028],[22.50885419100007,3.016216070000041],[22.52141927100007,3.085813147000067],[22.55732927100007,3.123810055000035],[22.555909431000032,3.170488410000075],[22.621177070000044,3.295903423000027],[22.61591855000006,3.333329792000029],[22.616624870000066,3.369291444000055],[22.67365067000003,3.438055342000041],[22.73755030700005,3.484275816000036],[22.80690719000006,3.517023029000029],[22.841803070000026,3.554009639000071],[23.023613160000025,3.590621867000038],[23.05667520000003,3.632559204000074],[23.09122620000005,3.639328473000035],[23.123282760000052,3.696200521000037],[23.246414280000067,3.771401079000043]]]},"properties":{"shapeName":"Yakoma","shapeISO":"","shapeID":"63176286B72804638257173","shapeGroup":"COD","shapeType":"ADM2"}},
{"type":"Feature","geometry":{"type":"Polygon","coordinates":[[[24.453153,0.768421685000021],[24.514071881000064,0.765925236000044],[24.50956616800005,0.79893764600007],[24.494107755000073,0.812477767000075],[24.464796999000043,0.81045685700002],[24.449740104000057,0.797927187000028],[24.453153,0.768421685000021]]]},"properties":{"shapeName":"Yangambi","shapeISO":"","shapeID":"63176286B49026377824569","shapeGroup":"COD","shapeType":"ADM2"}},
{"type":"Feature","geometry":{"type":"Polygon","coordinates":[[[16.433977307000077,-2.220057026999939],[16.478618760000074,-2.235762491999935],[16.533711,-2.295454251999956],[16.634070360000067,-2.33057823799993],[16.679037960000073,-2.276170541999932],[16.673778,-2.229242860999932],[16.69180860000006,-2.194902522999939],[16.67462364000005,-2.17921645499996],[16.644300480000027,-2.091776982999932],[16.649767440000062,-2.03586589899993],[16.637024160000067,-1.998242988999948],[16.592499360000033,-1.96296896299998],[16.560269722000044,-1.862831923999977],[16.503999840000063,-1.874000004999971],[16.369530120000036,-2.02922995299997],[16.242000120000057,-2.123000024999953],[16.400266200000033,-2.145205991999944],[16.433977307000077,-2.220057026999939]]]},"properties":{"shapeName":"Yumbi","shapeISO":"","shapeID":"63176286B53648445078824","shapeGroup":"COD","shapeType":"ADM2"}},
{"type":"Feature","geometry":{"type":"Polygon","coordinates":[[[18.733100120000074,4.386677960000043],[18.67600008000005,4.352999982000028],[18.606999960000053,4.357999956000072],[18.54600012000003,4.307999962000054],[18.641000160000033,4.108999991000076],[18.65199996000007,3.978000033000058],[18.67816440000007,3.97664762200003],[18.67750164000006,4.011662692000073],[18.73265832000004,4.100758105000068],[18.763793640000074,4.12979523100006],[18.809769240000037,4.131833344000029],[18.867956400000025,4.248197883000046],[18.86569884000005,4.265020088000028],[18.804678120000062,4.278301166000062],[18.785985480000022,4.303934912000045],[18.75279744000005,4.303399888000058],[18.733100120000074,4.386677960000043]]]},"properties":{"shapeName":"Zongo","shapeISO":"","shapeID":"63176286B53748739739840","shapeGroup":"COD","shapeType":"ADM2"}}
]}