{"type":"FeatureCollection", "features": [
{"type":"Feature","geometry":{"type":"MultiPolygon","coordinates":[[[[8.768902291000074,48.521841109000036],[8.771833428000036,48.524333358000035],[8.789855809000073,48.52007123700008],[8.79998120600004,48.50845392800005],[8.835594879000041,48.503205706000074],[8.833849303000022,48.50020961600006],[8.839068484000052,48.49901034800007],[8.846692018000056,48.50007790600006],[8.849057732000063,48.504960966000056],[8.844934275000071,48.50911411100003],[8.864937568000073,48.51623636800008],[8.855949459000044,48.51895926600008],[8.854487906000031,48.52276358200004],[8.860762818000069,48.528481330000034],[8.851254631000074,48.53207621400003],[8.850947223000048,48.537196753000046],[8.886959636000029,48.54180300400003],[8.889811189000056,48.56447228800005],[8.900670330000025,48.56432381500008],[8.911308080000026,48.572220842000036],[8.92419914800007,48.57089394900004],[8.932242722000069,48.56435246700005],[8.945204058000058,48.56753916500003],[8.93569916100006,48.57742475100008],[8.948869099000035,48.58021020000007],[8.949216884000066,48.587103556000045],[8.956423298000061,48.58765466300008],[8.954994530000022,48.58360460800003],[8.957384809000075,48.58689377200005],[8.975167077000037,48.58953445800006],[8.982807538000031,48.58770491000007],[8.98454055700006,48.59149803500003],[8.984534759000042,48.58752865100007],[8.992724065000061,48.58438495200005],[9.005868775000067,48.58845748300007],[9.03479954200003,48.57685311400007],[9.040540748000069,48.587381565000044],[9.052052589000027,48.59324369300003],[9.069811111000035,48.593339367000056],[9.079150174000063,48.58877370400006],[9.077903916000025,48.59803936000003],[9.089581730000077,48.60309021900008],[9.081144660000064,48.61155374200007],[9.09047664700006,48.61153786400007],[9.09562371000004,48.62166737600006],[9.10777336700005,48.62280990600004],[9.108280808000075,48.61625088900007],[9.117133873000057,48.61387731700006],[9.110446126000056,48.605255603000046],[9.121477886000037,48.600367593000044],[9.153857687000027,48.60562516200008],[9.18002554800006,48.60532825000007],[9.188314656000045,48.59764714500005],[9.20518365700002,48.60322292300003],[9.205601503000025,48.59308377600007],[9.198161351000067,48.59296965300007],[9.197744768000064,48.58826113100008],[9.20665722800004,48.58343705900006],[9.20860084800006,48.57146245300004],[9.225095453000051,48.565672902000074],[9.241229416000067,48.578439126000035],[9.25932023100006,48.56630432800006],[9.279031443000065,48.56863675400007],[9.285608386000035,48.565174702000036],[9.295315136000056,48.56551451400003],[9.299095106000038,48.57213859700005],[9.294424152000033,48.57360772800007],[9.314057946000048,48.580580163000036],[9.322654768000064,48.572164067000074],[9.309190495000053,48.56332316600003],[9.320382041000073,48.55767246700003],[9.314098003000026,48.54733261000007],[9.32263696900003,48.54675187200007],[9.324124260000076,48.541236956000034],[9.335987783000064,48.54294508100003],[9.33946305400002,48.54943855100004],[9.351773793000064,48.54318185200003],[9.362150156000041,48.54309112300007],[9.369215133000068,48.534521297000026],[9.384096015000068,48.535733452000045],[9.39295174800003,48.53096622000004],[9.408687938000071,48.53810989800007],[9.418560391000028,48.53625532600006],[9.426108015000068,48.54402665600003],[9.439873241000043,48.54004958400003],[9.451356715000031,48.546372965000046],[9.463549846000035,48.54429352000005],[9.464336553000066,48.53976852400007],[9.489720433000059,48.53097438800006],[9.488066804000027,48.52779386800006],[9.478955627000062,48.52777315000003],[9.480213238000033,48.52330640100007],[9.474830995000048,48.52367933600004],[9.467085538000049,48.516727951000064],[9.471273361000044,48.512621366000076],[9.479492057000073,48.51829985300003],[9.490647299000045,48.517574833000026],[9.488475394000034,48.520486592000054],[9.497262544000023,48.52171760500005],[9.498792908000041,48.51442049000008],[9.505026675000067,48.514045071000055],[9.502423216000068,48.517591680000066],[9.509552972000051,48.51777262000007],[9.504508832000056,48.52683686200004],[9.53085920500007,48.51364483700007],[9.53481169500003,48.520477723000056],[9.530084699000042,48.526749178000046],[9.551188240000045,48.52898238100005],[9.569387474000052,48.53948730800005],[9.585174510000058,48.53674125500004],[9.587344070000029,48.54020330800006],[9.599973496000075,48.538283367000076],[9.611222776000034,48.54145867600005],[9.616602774000057,48.53676267600008],[9.632550174000073,48.53697869500007],[9.652474446000042,48.52261925700003],[9.65051330700004,48.52018527700005],[9.659247570000048,48.519459519000065],[9.655820928000026,48.524020663000044],[9.666677886000059,48.52481332900004],[9.67193128200006,48.52157054800006],[9.677938504000053,48.52335984100006],[9.68660856200006,48.51729113700003],[9.688513361000048,48.51995784800005],[9.682060020000051,48.524604339000064],[9.698169731000064,48.53778810100005],[9.695744047000062,48.54118762100006],[9.708017511000037,48.54091639300003],[9.708299578000037,48.54523476500003],[9.722887760000049,48.54679487100003],[9.718971342000032,48.557099633000064],[9.726086258000066,48.56203248700007],[9.737687358000073,48.56002667900003],[9.744458310000027,48.56369703200005],[9.768572990000052,48.55967271700007],[9.765056877000063,48.56424026800005],[9.770188009000037,48.56629749200005],[9.778253328000062,48.56512735900003],[9.780478127000038,48.560339878000036],[9.798730672000033,48.55672188600005],[9.813987051000026,48.55792670100004],[9.820116230000053,48.56137259700006],[9.817711682000038,48.56494887000008],[9.828728943000044,48.565561615000036],[9.836064836000048,48.575001376000046],[9.832570668000074,48.579873776000056],[9.838411324000049,48.579908801000045],[9.838927295000076,48.58583791400008],[9.85143570200006,48.58293531600003],[9.86341112100007,48.585450699000035],[9.85623475400007,48.58871070100008],[9.869776370000068,48.58987347300007],[9.880810046000022,48.59878652900005],[9.883894271000031,48.60667183000004],[9.889317782000035,48.60688519000007],[9.899058809000053,48.61510014700008],[9.88761716700003,48.615792929000065],[9.891873838000038,48.62247087900005],[9.915191639000057,48.622398446000034],[9.914493724000067,48.626297555000065],[9.921574789000033,48.62629873800006],[9.924083044000042,48.62985488100003],[9.944071590000021,48.63175538300004],[9.95245721200007,48.62801120700004],[9.947695621000037,48.62921059300004],[9.946558952000032,48.624178071000074],[9.955464507000045,48.62475271300008],[9.958001556000056,48.61861423500005],[9.969364013000074,48.61518908100004],[9.968744556000047,48.60731768900007],[9.961259427000073,48.60363962400004],[9.964788256000077,48.595198097000036],[9.992815346000043,48.59670245800004],[9.991456896000045,48.60346751700007],[9.998859409000033,48.60748487200004],[10.00838016800003,48.60328307200007],[10.039992931000029,48.60681787300007],[10.046886936000021,48.595992470000056],[10.060648084000036,48.58922288500003],[10.057359275000067,48.586305105000065],[10.09659251200003,48.57839743800008],[10.110128660000044,48.56979517000008],[10.113346370000045,48.556067108000036],[10.123893570000064,48.55879389000006],[10.153231657000049,48.55122656000003],[10.160506909000048,48.557027866000055],[10.171533413000077,48.549295],[10.178921745000025,48.550487204000035],[10.18703698400003,48.558104256000036],[10.184720918000039,48.55027604800006],[10.193172005000065,48.55143433300003],[10.185372976000053,48.54895763400003],[10.193856682000046,48.545924135000064],[10.188916797000047,48.54542480200007],[10.191355119000036,48.54103455400008],[10.20075618200002,48.54268790200007],[10.205839464000064,48.535231460000034],[10.214878089000024,48.533342299000026],[10.215395427000033,48.53096506600008],[10.209758374000046,48.53181365300003],[10.216859331000023,48.523658434000026],[10.213283682000053,48.51708519500005],[10.219673557000021,48.51210212600006],[10.225322540000036,48.513510018000034],[10.230779588000075,48.51051118300006],[10.248273718000064,48.51124472500004],[10.249831598000071,48.51622071000003],[10.252682297000035,48.51454565300003],[10.257462407000048,48.51946575000005],[10.272975510000038,48.516189678000046],[10.296265004000077,48.516936359000056],[10.31202316200006,48.52294378300007],[10.309262094000076,48.52632897400008],[10.31483871200004,48.52650928700007],[10.312374783000053,48.53007489600003],[10.303183365000052,48.52982514900003],[10.30155617400004,48.53713263000003],[10.300846790000037,48.54507121100005],[10.314183926000055,48.55628937700004],[10.310082235000039,48.57651451500004],[10.304752751000024,48.58426545100008],[10.293114313000046,48.58976552100006],[10.297108769000033,48.603809743000056],[10.30156386300007,48.60521160500008],[10.307219067000062,48.60150778700006],[10.30686630200006,48.60499616200008],[10.320212233000063,48.60393953800008],[10.318774912000038,48.607615028000055],[10.323094952000076,48.609132705000036],[10.297810682000033,48.62418757800003],[10.296510056000045,48.63356425000006],[10.283566456000074,48.63678601500004],[10.280522997000048,48.646770650000065],[10.274449325000035,48.64548153900006],[10.272355911000034,48.649155190000045],[10.268310237000037,48.646601942000075],[10.270384297000021,48.651921034000054],[10.259529865000047,48.65489233800008],[10.266623163000077,48.65883721800003],[10.254600218000064,48.666203179000036],[10.264848610000058,48.67214249300008],[10.255371664000052,48.67749061600006],[10.256347050000045,48.68066716800007],[10.26876291700006,48.67989337200004],[10.26468806500003,48.68288836000005],[10.27303977500003,48.68589131200008],[10.268706813000051,48.70354711900006],[10.282522166000035,48.70097678500008],[10.292015966000065,48.69159386900003],[10.317503170000066,48.68293376500003],[10.31740006800004,48.688697895000075],[10.337429497000073,48.689021808000064],[10.347422983000058,48.67910738300003],[10.351017332000026,48.65467686100004],[10.361128680000036,48.65282684300007],[10.368441434000033,48.66387855800008],[10.389421374000051,48.667201704000036],[10.386757991000025,48.67408733000008],[10.392777784000032,48.67813997600007],[10.392032311000037,48.68716085600005],[10.40788776900007,48.694502175000025],[10.408871360000035,48.69879250400004],[10.420252806000065,48.69472896100007],[10.431747642000062,48.69949236200006],[10.437393747000044,48.693101881000075],[10.429635277000045,48.68602537800007],[10.426519975000076,48.69157194100006],[10.422781643000064,48.69075458800006],[10.418720957000062,48.68227162300008],[10.426109293000025,48.67295145800006],[10.40869847600004,48.66783971900003],[10.410638818000052,48.66103394800007],[10.419335309000076,48.663927210000054],[10.432751179000036,48.66144521900003],[10.441853368000068,48.66680990900005],[10.449172635000025,48.66515887400004],[10.454190512000025,48.670610543000066],[10.464998023000021,48.67053354300003],[10.480987695000067,48.681418466000025],[10.481746283000064,48.68649942900004],[10.495748779000053,48.68843426700005],[10.485595622000062,48.69160333000008],[10.487257767000074,48.69666191300007],[10.479542570000035,48.69479927400005],[10.480260346000023,48.70015905200006],[10.471509766000054,48.70281000400007],[10.474483675000045,48.70560746700005],[10.483528291000027,48.70524283000003],[10.483382300000073,48.70806417400007],[10.481641374000048,48.71258726000008],[10.47373224200004,48.71197923100004],[10.467598126000041,48.72144195800007],[10.462052166000035,48.72230351400003],[10.464956863000054,48.727736142000026],[10.455739515000062,48.72904581000006],[10.464281234000055,48.735137085000076],[10.450064919000056,48.73498769500003],[10.447883535000074,48.72804419700003],[10.439877456000033,48.73876866200004],[10.431803341000034,48.73730715200003],[10.43485723300006,48.74116694200006],[10.416176716000052,48.74810596900005],[10.423097292000023,48.74826825000008],[10.418167027000038,48.75328740300006],[10.428186612000047,48.75588430500005],[10.413101313000027,48.77208798400005],[10.420114960000035,48.77623905400003],[10.417848569000057,48.77273009900006],[10.427562521000027,48.77309657200004],[10.428519823000045,48.76976975500003],[10.432001394000054,48.77068923000007],[10.429625151000039,48.776866],[10.43426596300003,48.77623032900004],[10.426773954000055,48.781747417000076],[10.427460900000028,48.78648724800007],[10.434329472000059,48.78964810900004],[10.420913694000035,48.79545796700006],[10.421083753000062,48.79941156900003],[10.433905473000038,48.80117712200007],[10.440770268000051,48.80948174100007],[10.448624089000077,48.81196778100008],[10.449102463000031,48.83032302500004],[10.426268382000046,48.836920691000046],[10.427415498000073,48.842988999000056],[10.45279514200007,48.851859524000076],[10.454106806000027,48.86030058700004],[10.448353934000068,48.86113446400003],[10.452580966000028,48.87347545700004],[10.444774583000026,48.880271],[10.452992995000045,48.884438802000034],[10.450215787000047,48.893089461000045],[10.421320368000067,48.90576289000006],[10.443770228000062,48.90845213700004],[10.457107388000054,48.920548179000036],[10.437809328000071,48.93315104100003],[10.448220713000069,48.93487345200003],[10.451372669000023,48.93866072700007],[10.444825433000062,48.94037101400005],[10.443334406000076,48.94581660000006],[10.430902321000076,48.94630282700007],[10.431022214000052,48.95344182200006],[10.419458015000032,48.95917587300005],[10.424932592000062,48.960681676000036],[10.418751747000044,48.96857920600007],[10.403681380000023,48.96679025700007],[10.401479997000024,48.974523171000044],[10.40984966600007,48.977435307000064],[10.394683058000055,48.990157614000054],[10.378746742000033,48.99044725500005],[10.381896484000038,48.99904899000006],[10.352157951000038,49.00600205200004],[10.356091845000037,49.01350972500006],[10.345197407000057,49.01938497200007],[10.350256584000022,49.02842207200007],[10.336952050000036,49.027270188000045],[10.332901138000068,49.03192323500008],[10.333616422000034,49.026788579000026],[10.327490237000063,49.03027806100005],[10.328960583000026,49.024497015000065],[10.320476556000074,49.02571592600003],[10.309455680000042,49.03195769700005],[10.30271405700006,49.031469309000045],[10.300568132000024,49.04034069200003],[10.294007324000063,49.042777439000076],[10.28493936500007,49.04208579600004],[10.284838754000077,49.03657533100005],[10.277240662000054,49.03823914700007],[10.277220932000034,49.04252040600005],[10.264990096000076,49.04520267300006],[10.251863839000066,49.039161196000066],[10.25605594600006,49.061364447000074],[10.264630448000048,49.06136454500006],[10.258153512000035,49.07017377200003],[10.245544909000046,49.07433931400004],[10.23563573000007,49.073703426000066],[10.234169895000036,49.07636232200008],[10.240984279000031,49.082197740000026],[10.241643575000069,49.079258061000075],[10.247145405000026,49.07972034900007],[10.250596710000025,49.09281512500007],[10.229070019000062,49.08976092300003],[10.22277854300006,49.09785862000007],[10.212731077000058,49.09446932000003],[10.204997649000063,49.09811900300008],[10.215625560000035,49.10610920600004],[10.21524985700006,49.11328348500007],[10.226574538000023,49.11102609400007],[10.229330692000076,49.113225552000074],[10.224954281000066,49.119502527000066],[10.256947320000052,49.12905042800003],[10.248022910000032,49.14928110900007],[10.236613667000029,49.14926282600004],[10.228141119000043,49.159890250000046],[10.218691045000071,49.15995688500004],[10.218379110000058,49.163489850000076],[10.20516697000005,49.155631603000074],[10.196814396000036,49.15576223700003],[10.199512653000056,49.160707665000075],[10.192707093000024,49.167597270000044],[10.195244024000033,49.169888892000074],[10.187715570000023,49.170043699000075],[10.188631112000053,49.17440146800004],[10.186296971000047,49.170515720000026],[10.177317879000043,49.17350865900005],[10.181182663000072,49.18240669100004],[10.16646783300007,49.179215673000044],[10.153573665000067,49.18841166000004],[10.156808452000064,49.19271495500004],[10.142404979000048,49.195440430000076],[10.135324543000024,49.200643746000026],[10.129171664000069,49.19572129200003],[10.130081142000051,49.19882757600004],[10.12489927300004,49.199736861000076],[10.130455046000066,49.20376708300006],[10.125622454000052,49.21089314200003],[10.140135950000058,49.20888974300004],[10.138989004000052,49.21592538400006],[10.127462295000043,49.22331249700005],[10.123989086000051,49.246013703000074],[10.119829082000024,49.247357976000046],[10.133209341000054,49.253105435000066],[10.109875037000052,49.25829803200003],[10.118701572000077,49.257869579000044],[10.11397418000007,49.266407935000075],[10.119550373000038,49.266975667000054],[10.123625095000023,49.27499520300006],[10.131392017000053,49.27508391400005],[10.123560393000048,49.27096509100005],[10.126639932000046,49.26238025100008],[10.134156874000041,49.262229699000045],[10.147428862000027,49.26854182900007],[10.145388722000064,49.27491306600007],[10.15068125700003,49.280650654000056],[10.15662029400005,49.28075891000003],[10.150171929000066,49.28829509800005],[10.14237948400006,49.28764989800004],[10.144107655000028,49.29012010800005],[10.13229898800006,49.300318839000056],[10.131680316000029,49.30512301700003],[10.145247060000031,49.31649821000008],[10.14010171700005,49.32557627300008],[10.132711243000074,49.327743688000055],[10.121334638000064,49.32495694600004],[10.11746897200004,49.32912363200006],[10.110499427000036,49.32887179200003],[10.10799352500004,49.33250459200008],[10.112838389000046,49.33235476300007],[10.113086502000044,49.335777463000056],[10.104846911000038,49.338411507000046],[10.10761552300005,49.351698646000045],[10.123719471000072,49.35081809600007],[10.124555669000074,49.35613756300006],[10.113373868000053,49.359940548000054],[10.117413523000039,49.369023147000064],[10.107318285000076,49.378784909000046],[10.111966360000054,49.38491033300005],[10.121685574000026,49.38786002400008],[10.144924269000057,49.38441364700003],[10.146403978000023,49.387431853000066],[10.161210778000054,49.39035597900005],[10.161698240000021,49.39549398200006],[10.138638067000045,49.403095723000035],[10.152217243000052,49.40101546500006],[10.147652145000052,49.41075266200005],[10.151680498000076,49.41229446400007],[10.137427056000035,49.42471766500006],[10.133705133000035,49.43714686000004],[10.118781030000036,49.44389826300005],[10.11062488500005,49.44250302100005],[10.111758984000062,49.43874665800007],[10.105708278000066,49.44481587100006],[10.094741444000022,49.44789857000006],[10.097826626000028,49.45701059700008],[10.108231467000053,49.460207671000035],[10.105487698000047,49.46323873700004],[10.115844314000071,49.46130059400008],[10.122251832000075,49.46390784100004],[10.116088967000053,49.47857744300006],[10.110712222000075,49.47762344100005],[10.099991355000043,49.491727680000054],[10.121323095000037,49.51104620600006],[10.108475105000025,49.51147678700005],[10.105717540000057,49.51510581800005],[10.081353762000049,49.513677650000034],[10.07861145000004,49.527317380000056],[10.087974031000044,49.52844928400003],[10.090080476000026,49.53403826600004],[10.08372346300007,49.54356076500005],[10.06142750600003,49.545138456000075],[10.057105076000028,49.54068132900005],[10.06136772700006,49.53746825300004],[10.040019271000062,49.52901043500003],[10.057305790000044,49.51682784700006],[10.046235533000072,49.506979674000036],[10.028177638000045,49.50398968300004],[10.018914617000064,49.485905640000055],[10.010118434000049,49.48321396000006],[9.992006367000045,49.48640294200004],[9.975009051000029,49.48102513400005],[9.97402362300005,49.48582231100005],[9.951881740000033,49.48036425500004],[9.926561180000022,49.484835462000035],[9.913740586000074,49.49325299100008],[9.92512928900004,49.508650094000075],[9.916959263000024,49.51780230600008],[9.927050474000055,49.536077301000034],[9.920181961000026,49.545125418000055],[9.920725246000075,49.55101227600005],[9.926961113000061,49.54952053200003],[9.925785400000052,49.55372306600003],[9.92073339500007,49.553402196000036],[9.924984524000024,49.56006406100005],[9.920848874000058,49.56328080800006],[9.898204856000064,49.56237983900007],[9.901607335000051,49.572549294000055],[9.91572119500006,49.582227870000054],[9.912438200000054,49.585908403000076],[9.901830928000038,49.58541197100004],[9.898791276000054,49.58834669700008],[9.893524694000064,49.583523455000034],[9.875725006000039,49.57863147200004],[9.874058698000056,49.571694980000075],[9.864550356000052,49.56788141700008],[9.866639553000027,49.557463133000056],[9.860457299000075,49.553515092000055],[9.85930991400005,49.54604448600003],[9.82804003800004,49.55159090700005],[9.81799767900003,49.55861366900007],[9.810230151000042,49.557316023000055],[9.847867757000074,49.57705279900006],[9.84104674200006,49.595141271000045],[9.859460117000026,49.60298407100004],[9.859972097000025,49.60851046600004],[9.87280826400007,49.61007617200005],[9.868045003000077,49.611174240000025],[9.867509196000071,49.621319397000036],[9.855481315000077,49.641514666000035],[9.836748766000028,49.64532654100003],[9.830060281000044,49.651742770000055],[9.833814044000064,49.656285111000045],[9.829400801000077,49.65969582100007],[9.832495186000074,49.660415844000056],[9.82235844400003,49.664710084000035],[9.823416618000067,49.67317337500003],[9.829946964000044,49.681012397000075],[9.841172423000046,49.68341738300006],[9.830027878000067,49.68770882600006],[9.836147408000045,49.691740752000044],[9.831804629000032,49.70380331900003],[9.828160569000033,49.70645384900007],[9.823358966000058,49.70466985100006],[9.821427220000032,49.709733594000056],[9.796514481000031,49.720710946000054],[9.799993758000028,49.730943240000045],[9.791444324000054,49.730947290000074],[9.78675584900003,49.72184658600003],[9.771602622000046,49.72010957300006],[9.752953959000024,49.710121842000035],[9.749890204000053,49.695859452000036],[9.739419988000066,49.68819070300003],[9.727550419000067,49.68872778400004],[9.728354246000038,49.69818905200003],[9.71929082400004,49.70194171000003],[9.709719303000043,49.72705805800007],[9.700724817000037,49.722145616000034],[9.70038158400007,49.716960897000035],[9.695889204000025,49.71922337900003],[9.677193873000022,49.71620121400008],[9.676147908000075,49.693347266000046],[9.653496459000053,49.68713720300008],[9.648879734000047,49.69173610300004],[9.632460374000061,49.69318610100004],[9.630463004000035,49.70156508100007],[9.625449125000046,49.70373674000007],[9.641101794000065,49.72317627600006],[9.627715246000037,49.73196330900004],[9.636562796000021,49.73165311900004],[9.638059303000034,49.73711266600003],[9.645859593000068,49.73647400300007],[9.646936205000031,49.73914526500005],[9.638998493000031,49.74050685600008],[9.645552784000074,49.74691039000004],[9.637951869000062,49.75385075200006],[9.65186583700006,49.76637174100006],[9.644322199000044,49.778609654000036],[9.651418613000033,49.78055704600007],[9.648736203000055,49.79147765100004],[9.619702442000062,49.78318132600003],[9.581076413000062,49.77803014600005],[9.576346451000063,49.77905345500005],[9.580057328000066,49.78403213100006],[9.561809836000066,49.78061678300003],[9.55839297700004,49.76509501600003],[9.56892769600006,49.75058825100007],[9.563380497000026,49.744568386000026],[9.555060678000075,49.74752250200004],[9.546462237000071,49.76642600300005],[9.537632590000044,49.767557140000065],[9.522996549000027,49.761205904000064],[9.514512299000046,49.763786795000044],[9.51004753500007,49.770091140000034],[9.512861169000075,49.78179434100008],[9.501460487000031,49.78877466100005],[9.47909706200005,49.78689431200007],[9.469391890000054,49.77429106900007],[9.458256575000064,49.76951971500006],[9.445002527000042,49.77395907700003],[9.434851987000059,49.78737869400004],[9.425106761000052,49.78955372300004],[9.391546883000046,49.77012060700008],[9.371110889000022,49.77892592400008],[9.351035814000056,49.76900699000004],[9.31457099100004,49.76746299300004],[9.31325066100004,49.76169895100003],[9.323124376000067,49.74379727100006],[9.317667452000023,49.74044736500008],[9.296297096000046,49.73891796000004],[9.323027403000026,49.73111535600003],[9.34171343600002,49.734199095000065],[9.374211198000069,49.728002031000074],[9.344030942000074,49.718613970000035],[9.352232357000048,49.71648171900006],[9.357409236000024,49.70428829400004],[9.372068999000021,49.70399847600004],[9.382528566000076,49.70746288000004],[9.380160749000026,49.72611834800006],[9.385645192000027,49.730914546000065],[9.39996065300005,49.72884051400007],[9.40106757600006,49.72056451600008],[9.407930499000031,49.72145858500005],[9.41868082700006,49.711898302000066],[9.420088259000067,49.69019189200003],[9.40639104500002,49.67958151300007],[9.41247209200003,49.67546929100007],[9.40148264000004,49.67485240900004],[9.397891490000063,49.67066072800003],[9.41091990700005,49.66350785000003],[9.425880759000052,49.66145535900006],[9.42881740200005,49.65783025700006],[9.451573303000032,49.65600081300005],[9.450302015000034,49.64952899900004],[9.476602834000062,49.64241003500007],[9.491756425000062,49.64455236200007],[9.50048214700007,49.638088795000044],[9.505112022000048,49.64261015300008],[9.509597706000022,49.63986654200005],[9.520009830000049,49.64309996500003],[9.526013244000069,49.635423254000045],[9.538988156000073,49.63980775500005],[9.547451074000037,49.63434607900007],[9.55158314700003,49.62158699100007],[9.537175452000042,49.61565325200007],[9.54419749400006,49.60103868500005],[9.537001455000052,49.60161644200008],[9.537788099000068,49.60586071900008],[9.529156628000067,49.60618284900005],[9.535373090000064,49.59999210800004],[9.530023165000046,49.59712272100006],[9.511635624000064,49.60221962400004],[9.499369757000068,49.58738043500006],[9.505754413000034,49.579825292000066],[9.504006530000026,49.57074096600007],[9.523445564000042,49.54421678500006],[9.522052471000052,49.53661140400004],[9.54214833900005,49.53269003100007],[9.541743085000064,49.52462548400007],[9.545762963000072,49.52472249400006],[9.533075661000055,49.51719226200004],[9.530723221000073,49.51871953800003],[9.53157503500006,49.51418348400006],[9.524420995000071,49.51468870100007],[9.524250121000023,49.51154735600005],[9.518709787000034,49.51086057500004],[9.51716839900007,49.515948337000054],[9.505753079000044,49.501381597000034],[9.494954625000048,49.50250054300005],[9.491559382000048,49.487922508000054],[9.512880668000037,49.47996000100005],[9.51682230800003,49.47363474500003],[9.505765309000026,49.455142384000055],[9.511748081000064,49.446509622000065],[9.510311060000049,49.439254782000035],[9.513439296000058,49.44478809200007],[9.530625989000043,49.44350468600004],[9.549779515000068,49.44980535500008],[9.570705033000024,49.44165798300003],[9.589714173000061,49.43961791700008],[9.595464650000054,49.43097366400008],[9.600987796000027,49.43134822400003],[9.60382291600007,49.42657821600005],[9.570059277000041,49.416015720000075],[9.579711449000058,49.401553973000034],[9.576465237000036,49.39760501200004],[9.58320184200005,49.402131206000035],[9.586080327000047,49.39937473100008],[9.590379346000077,49.40092090300004],[9.588925879000044,49.393253310000034],[9.593832242000076,49.39180850000008],[9.575079665000032,49.38485095200008],[9.571410692000029,49.375306642000055],[9.530509847000076,49.38188009600003],[9.507591224000066,49.37536501500006],[9.499877104000063,49.380586632000075],[9.470518153000057,49.38742926000003],[9.471447272000034,49.39230483500006],[9.464676255000029,49.39694796900005],[9.446274697000035,49.39065971200006],[9.444995320000032,49.38302770100006],[9.450840683000024,49.37660485200007],[9.442551782000066,49.37259586300007],[9.44349126700007,49.36433695300008],[9.426931169000056,49.35706413200006],[9.398881460000041,49.366437474000065],[9.376228424000033,49.36316379900006],[9.36904548700005,49.36694239500008],[9.355240301000038,49.36644300200004],[9.354301619000069,49.37287502500004],[9.338695027000028,49.38469870100005],[9.328427697000052,49.38754328200008],[9.317455995000046,49.38424377500007],[9.310340393000047,49.37717147200004],[9.310245691000034,49.363790288000075],[9.31532895600003,49.35707841300007],[9.294674583000074,49.34753858100004],[9.287462811000069,49.32992666300004],[9.269130242000074,49.33032381700008],[9.261919535000061,49.30621225300007],[9.250795870000047,49.301754619000064],[9.251897326000062,49.298024944000076],[9.24185519100007,49.297315456000035],[9.230847844000039,49.31003127200006],[9.224984318000054,49.31165631400006],[9.22610415500003,49.30886204600006],[9.22076803300007,49.30773086200003],[9.205785067000022,49.324002275000055],[9.197876699000062,49.326883087000056],[9.173427326000024,49.32350249500007],[9.162506103000055,49.32862029900008],[9.154876129000058,49.309862045000045],[9.156730808000077,49.29504157500003],[9.151476525000021,49.29647267100006],[9.14567779600003,49.29253802900007],[9.135633152000025,49.296293726000044],[9.131250302000069,49.29417117700007],[9.136527655000066,49.28657904200003],[9.153931096000065,49.28472722300006],[9.15074942900003,49.27399888400004],[9.120889827000042,49.27171448400003],[9.107298356000058,49.27908615900003],[9.071542331000046,49.278232468000056],[9.062844870000049,49.28443741600006],[9.050198926000064,49.28648824800007],[9.049126393000051,49.29286227400007],[9.021548684000038,49.29860294900004],[9.02730060600004,49.28508389700005],[9.037495372000024,49.28587380700003],[9.042199070000038,49.27816152300005],[9.031684694000035,49.26942351300005],[9.018959092000046,49.265657685000065],[9.015330378000044,49.261624124000036],[9.020581270000037,49.256718084000056],[9.015125879000038,49.25533254100003],[9.009765120000054,49.26110957900005],[8.997582043000023,49.26518489100005],[9.002708834000032,49.25859555200003],[8.99768066300004,49.25366103600004],[9.010658337000052,49.24912847000007],[9.005588020000062,49.24201650800006],[8.989114959000062,49.24061745900008],[8.984201057000064,49.232157064000035],[8.972462187000076,49.22723424600008],[8.965434019000043,49.22788108900005],[8.957253557000058,49.213058268000054],[8.886538752000035,49.20246390400007],[8.896088793000047,49.182033630000035],[8.876107636000029,49.17912794600005],[8.87284792500003,49.174387514000045],[8.863503448000074,49.174446190000026],[8.830218624000054,49.19209376600003],[8.818232824000063,49.194496911000044],[8.825901907000059,49.187926696000034],[8.816164109000056,49.165305954000075],[8.817688662000023,49.157789251000054],[8.832867845000067,49.162343632000045],[8.83279569800004,49.156098590000056],[8.842161092000026,49.15021849100003],[8.835566680000056,49.148546270000054],[8.837812032000045,49.13990648500004],[8.831056024000077,49.13977907000003],[8.82690103300007,49.13266345800008],[8.831260541000063,49.12950756300006],[8.826426109000067,49.126592403000075],[8.85931707900005,49.126098299000034],[8.869494925000026,49.13197448500006],[8.87762693700006,49.11850176400003],[8.889812997000035,49.11518687600005],[8.893285437000031,49.084576078000055],[8.891094821000024,49.08126084700007],[8.867155256000046,49.07718052400003],[8.874846052000066,49.07490836800008],[8.864318699000023,49.07157017500003],[8.876313151000033,49.069558689000075],[8.879397108000035,49.06416046900006],[8.877391294000063,49.04969194600005],[8.871492683000042,49.05008303300008],[8.872444746000042,49.03720081500006],[8.878503350000074,49.031643158000065],[8.903771769000059,49.02217375300006],[8.91940945500005,49.00828982500008],[8.916647168000054,49.00536293400006],[8.932547148000026,48.99322637300003],[8.933352907000028,48.99071876100004],[8.920980536000059,48.988232562000064],[8.92550312000003,48.98661412300004],[8.920298978000062,48.98231247200005],[8.945315067000024,48.961765752000076],[8.948180294000053,48.941852692000055],[8.929615891000026,48.93654631900006],[8.904472473000055,48.94415108900006],[8.906425736000074,48.92588125000003],[8.900595888000055,48.923827723000045],[8.90789995800003,48.92048677400004],[8.91553256900005,48.92251156100008],[8.926421001000051,48.91972403800003],[8.922930799000028,48.91414232400007],[8.907248046000063,48.90987931600006],[8.91453227900007,48.90302139900007],[8.917519106000043,48.88342615800008],[8.929089908000037,48.86561659100005],[8.919473818000029,48.86656008700004],[8.905269604000068,48.862300693000066],[8.894819519000066,48.84686594100003],[8.873033647000057,48.83691755500007],[8.885919545000036,48.830355679000036],[8.875404242000059,48.82545503800003],[8.871704750000049,48.81729736800003],[8.89016560600004,48.82189653000006],[8.900797606000026,48.81937967600004],[8.902414538000073,48.81550405100006],[8.892750405000072,48.81310316400004],[8.890799556000047,48.80838632200005],[8.89155364800007,48.80350678000008],[8.900150071000041,48.80050030600006],[8.89609831200005,48.79825611700005],[8.886864054000057,48.80243142300003],[8.86776855100004,48.79241997100007],[8.847475785000029,48.79262418400003],[8.842410285000028,48.799430373000064],[8.833067723000056,48.79788752200005],[8.799384796000027,48.77366562100008],[8.835453574000041,48.754097682000065],[8.829202955000028,48.736472166000055],[8.854505500000073,48.734618856000054],[8.878631015000053,48.72477304300003],[8.864466393000043,48.71905149600008],[8.86638008400007,48.711856658000045],[8.85530641400004,48.70691691300004],[8.863215618000027,48.69723823900006],[8.851488791000065,48.68481369800003],[8.83635963200004,48.68310387200006],[8.827255451000042,48.676859517000025],[8.82578395400003,48.66948849600004],[8.817887158000076,48.66889237200007],[8.818744751000054,48.66450686300004],[8.798730963000025,48.65862502300007],[8.797384202000046,48.64665916800004],[8.801939126000036,48.64371571000004],[8.790778962000047,48.63822747000006],[8.795643228000074,48.63511906200006],[8.789938027000062,48.62908569100006],[8.79819070000002,48.62357293100007],[8.800778512000022,48.61316977800004],[8.793295458000046,48.60412314000007],[8.794885839000074,48.59432550500003],[8.748469543000056,48.60493502300005],[8.746464928000023,48.59618741500003],[8.755373445000032,48.58297841700005],[8.75016484300005,48.570548176000045],[8.756307007000032,48.57077868400006],[8.756530774000055,48.56497299200004],[8.760498365000046,48.56429782300006],[8.758220897000058,48.55596910200006],[8.766140086000064,48.555023033000055],[8.765363165000053,48.548292023000045],[8.773340863000044,48.549864813000056],[8.771514449000051,48.54520420400007],[8.758351694000055,48.54441993800003],[8.757966674000045,48.53803920300004],[8.763417966000077,48.53785501900006],[8.763948938000055,48.53396879300004],[8.755294720000052,48.52601664200006],[8.768902291000074,48.521841109000036]]],[[[9.168752311000048,48.60397930200003],[9.16432085100007,48.60436668800003],[9.167728594000039,48.59993369500006],[9.163876260000052,48.59754582100004],[9.171596320000049,48.59860947700008],[9.172044812000024,48.604081747000066],[9.168752311000048,48.60397930200003]]],[[[10.23750668300005,48.50019584100005],[10.24247267800007,48.50009961100005],[10.240825951000033,48.506158062000054],[10.234691577000035,48.50534138300003],[10.23750668300005,48.50019584100005]]]]},"properties":{"shapeName":"Stuttgart","shapeISO":"","shapeID":"9070358B86745718691241","shapeGroup":"DEU","shapeType":"ADM2"}},
{"type":"Feature","geometry":{"type":"Polygon","coordinates":[[[9.41091990700005,49.66350785000003],[9.419495463000032,49.658853554000075],[9.406000422000034,49.64531278700008],[9.393784063000055,49.64630976600006],[9.38357029100007,49.64282651000008],[9.366743562000067,49.65835682300008],[9.343880585000022,49.644299653000076],[9.30408305800006,49.65494425400004],[9.306487190000041,49.65080375700006],[9.290493301000026,49.64376892200005],[9.285500565000063,49.63576970400004],[9.278305628000055,49.637620577000064],[9.270722601000045,49.634018567000055],[9.27481872800007,49.63094982300004],[9.27009917600003,49.62648984300006],[9.285023051000053,49.614801330000034],[9.264577622000047,49.60681972700007],[9.260211921000064,49.59438679700003],[9.249458459000039,49.59380054400003],[9.24894015600006,49.58451840600003],[9.238701537000054,49.58129154000005],[9.194410460000029,49.57404064000008],[9.187303515000053,49.57689155600008],[9.180803940000033,49.57374772900005],[9.173276474000033,49.57776255400006],[9.164997223000057,49.575451685000075],[9.158889937000026,49.57959030400008],[9.120512012000063,49.57355899500004],[9.108265919000075,49.57930243700008],[9.103006167000046,49.57745601400006],[9.098930719000066,49.56055390700004],[9.082631683000045,49.56178920500008],[9.078042595000056,49.57480364200006],[9.073074327000029,49.57494100200006],[9.072205636000035,49.56524923000006],[9.087870907000024,49.55066158400007],[9.084390615000075,49.543023954000034],[9.113767890000076,49.53463350800007],[9.126459732000058,49.52160708800005],[9.11953,49.51221011700005],[9.106127381000022,49.509796066000035],[9.09955422400003,49.52618935300006],[9.078857559000028,49.524941084000034],[9.064950779000071,49.529606011000055],[9.049950722000062,49.51936809400007],[9.040756948000023,49.499069415000065],[9.01423595700004,49.498058428000036],[9.012180163000039,49.50266760200003],[8.992255705000048,49.50338505900004],[8.98583381900005,49.510330328000066],[8.97917478000005,49.50918036500008],[8.977471626000067,49.50341518100004],[8.968002908000074,49.50159982500003],[8.951832484000022,49.50562623500008],[8.957727435000038,49.49548529800006],[8.950599560000057,49.48779345000003],[8.954639722000024,49.482009230000074],[8.942795189000037,49.48568849500003],[8.931879784000046,49.47063680900004],[8.950348720000022,49.454992884000035],[8.927449061000061,49.44914222400007],[8.924739492000072,49.441303291000054],[8.912567030000048,49.43761440500003],[8.900948949000053,49.44336867200008],[8.892389344000037,49.420907380000074],[8.872745614000053,49.41244638300003],[8.85464451300004,49.39662719700004],[8.84567435200006,49.39654342400007],[8.830413501000066,49.408335858000044],[8.822420887000021,49.39555189300006],[8.803540603000044,49.40357037800004],[8.808293519000074,49.40642223800006],[8.801488952000057,49.41089086200003],[8.807415853000066,49.41068087200006],[8.806587634000039,49.419200826000065],[8.816640970000037,49.42317561800007],[8.830501936000076,49.42322883500003],[8.836452906000034,49.43021830300006],[8.832617743000071,49.43671650200008],[8.834607505000065,49.450382682000054],[8.823524968000072,49.46267839800004],[8.826602842000057,49.46934922200006],[8.851932272000056,49.483588215000054],[8.866340213000058,49.47459268600005],[8.86292378500002,49.46667885200003],[8.876495013000067,49.46668603400008],[8.899354818000063,49.48454980100007],[8.89957270800005,49.50365573200003],[8.882661470000073,49.506096150000076],[8.848501613000053,49.502173277000054],[8.839448611000023,49.49878370600004],[8.83385525500006,49.49068327100008],[8.81696286500005,49.505793062000066],[8.82187400500004,49.524636471000065],[8.809206135000068,49.52568010500005],[8.79812871100006,49.51851],[8.79859060800004,49.511688752000055],[8.776780529000064,49.517871960000036],[8.76420362400006,49.515198034000036],[8.74870874800007,49.52242754900004],[8.740428517000055,49.52318969400005],[8.737227042000029,49.51928837500003],[8.727711250000027,49.51833855000007],[8.72489476000004,49.52263710400007],[8.735513149000042,49.521315464000054],[8.735949885000025,49.524845990000074],[8.724609343000054,49.525894436000044],[8.718692564000037,49.53300840400004],[8.712339598000028,49.53171121100007],[8.707008771000062,49.53635103100004],[8.702650222000045,49.53532790000003],[8.705794411000056,49.547965530000056],[8.690770782000072,49.55564319500007],[8.693103992000033,49.56072812000008],[8.68466982700005,49.575562095000066],[8.680989341000043,49.57554792900004],[8.683476958000028,49.58975209300007],[8.69633437300007,49.59209975300007],[8.69799751100004,49.59975733500005],[8.691519448000065,49.60694291200008],[8.682127798000067,49.60347193000007],[8.672139781000055,49.61119410500004],[8.677340981000043,49.613527772000054],[8.677790712000046,49.608999518000076],[8.686368561000052,49.60848043500005],[8.686894233000032,49.61320717800004],[8.68437583800005,49.610052461000066],[8.678879168000037,49.613867507000066],[8.683176143000026,49.61632132500006],[8.688392836000048,49.61462317300004],[8.693836950000048,49.61935368200005],[8.692313575000071,49.62373885900007],[8.677933668000037,49.62594697600008],[8.653979511000045,49.61839033200005],[8.650423502000024,49.62088414900006],[8.593888979000042,49.61094664800004],[8.595297406000043,49.60547431900005],[8.589315310000075,49.60451524900003],[8.590976799000032,49.59594293200007],[8.594074036000052,49.59277130300006],[8.603231735000065,49.593294238000055],[8.610684175000074,49.564370721000046],[8.621299696000051,49.54500989100006],[8.610899175000043,49.53871712900008],[8.608047673000044,49.52830397200006],[8.597912602000065,49.531461955000054],[8.591295096000067,49.521280395000076],[8.581374874000062,49.51978041800004],[8.57305537600007,49.52149343600007],[8.560001947000046,49.51746243000008],[8.552579373000071,49.52052035000003],[8.495032435000041,49.572996672000045],[8.479900128000054,49.57446416700003],[8.475795984000058,49.58445226300006],[8.46428465300005,49.58952836800006],[8.446002313000065,49.59037671200008],[8.440464790000021,49.589412018000075],[8.438266105000025,49.58390012500007],[8.422439263000058,49.583385415000066],[8.41472533700005,49.553896792000046],[8.442963907000035,49.492695592000075],[8.463795388000051,49.47040266000005],[8.460875914000042,49.465022342000054],[8.444322354000064,49.45918726000008],[8.442690860000027,49.45023919100004],[8.455527662000065,49.44376037200004],[8.498879478000049,49.44265448600004],[8.508242487000075,49.43449342100007],[8.496188845000063,49.40213636000004],[8.463528358000076,49.38442891700004],[8.464517077000039,49.376392689000056],[8.473231192000071,49.37336427300005],[8.500397519000046,49.38901364900005],[8.496811192000052,49.36418049700006],[8.483291437000048,49.34859153200006],[8.455523799000048,49.332090347000076],[8.450484521000021,49.32314148200004],[8.455803728000035,49.31420976000004],[8.483849839000072,49.30494811700004],[8.489068840000073,49.29312437200008],[8.482255381000073,49.286544262000064],[8.458194880000065,49.27910869300007],[8.43980328300006,49.26234679800007],[8.400686476000033,49.24415939100004],[8.390815976000056,49.23609487400006],[8.384803778000048,49.21962764400007],[8.398535109000022,49.22575275500003],[8.405251528000065,49.220560782000064],[8.398497917000043,49.20771875600008],[8.385015524000039,49.19830067300006],[8.368431128000054,49.168052405000026],[8.372708393000039,49.15198129200007],[8.358091294000076,49.09778419500003],[8.311686690000045,49.05430717400003],[8.28759666700006,48.99842746200005],[8.232632820000049,48.966571447000035],[8.196392617000072,48.95650110400004],[8.146550012000034,48.90229093900007],[8.127630515000021,48.87611377600007],[8.103828136000061,48.820122499000036],[8.094314760000032,48.80834575700004],[8.068372918000023,48.790754855000046],[8.041557622000028,48.79075297800006],[8.030278977000023,48.78737295900004],[8.02355158000006,48.769702693000056],[8.01433337100002,48.761019618000034],[8.001481324000054,48.758845948000044],[7.98256748600005,48.76110479400006],[7.972005719000038,48.758122435000075],[7.966980991000071,48.72628040200004],[7.959630743000048,48.71858108300006],[7.976797175000058,48.714554286000066],[7.980376890000059,48.707923004000065],[7.991354257000069,48.705175186000076],[7.990381065000065,48.70111311000005],[7.977218906000076,48.69803446900005],[7.972805653000023,48.69271526800003],[7.979727892000028,48.68712293600004],[8.001559716000031,48.68725652300003],[8.01473906800004,48.68092100200005],[8.015255324000066,48.68784284600008],[8.020334760000026,48.686570765000056],[8.019823290000033,48.67954109900006],[8.036563887000057,48.68193837900003],[8.038308856000072,48.678333043000066],[8.032738764000044,48.67510517200003],[8.047148751000066,48.676279349000026],[8.055985511000074,48.67319018400008],[8.058967002000031,48.67604503900003],[8.063955361000069,48.67130711500005],[8.066819984000063,48.674139052000044],[8.07435361100005,48.67344920100004],[8.084389858000065,48.662565304000054],[8.088103346000025,48.66382474100004],[8.113293498000075,48.65008181400003],[8.121428348000052,48.64922186300004],[8.126099342000032,48.65507110200008],[8.139605602000074,48.65687079300005],[8.139641207000068,48.65361459400003],[8.164936426000054,48.645467788000076],[8.161775452000029,48.64030863800008],[8.180604421000055,48.640047493000054],[8.199713304000056,48.62837177700004],[8.22703305400006,48.62751367000004],[8.22883065800005,48.631167152000046],[8.241122189000066,48.62923203400004],[8.240785328000072,48.61776355100005],[8.233863545000077,48.61604788500006],[8.232915321000064,48.61113606300006],[8.248607226000047,48.60851320100005],[8.247466045000067,48.602686463000055],[8.232762487000059,48.606174175000035],[8.20672712000004,48.60219285900007],[8.219208071000025,48.595783992000065],[8.22013744700007,48.58722048300007],[8.228388744000029,48.580093884000064],[8.236917156000061,48.577826869000035],[8.228525261000073,48.56435309600005],[8.212680617000046,48.55827831900007],[8.218147978000047,48.55149097100008],[8.214666202000046,48.54221599400006],[8.220087080000042,48.53782967800004],[8.211038452000025,48.52192661600003],[8.220387274000075,48.51863812700003],[8.218828041000052,48.50795466800008],[8.228345895000075,48.49776019800004],[8.241367567000054,48.49218857200003],[8.255447820000029,48.49355474200007],[8.26674666200006,48.49064396600005],[8.27543539900006,48.47785632200004],[8.26779810100004,48.47710867200004],[8.264161117000071,48.46285805500003],[8.268768442000066,48.44897322500003],[8.263861620000057,48.43516489500007],[8.253980848000026,48.43395425300008],[8.259703520000073,48.42317859700006],[8.254627557000049,48.41392721200003],[8.241118492000055,48.41135756800003],[8.241354631000036,48.40581253500005],[8.23300080100006,48.40182727000007],[8.247635426000045,48.39513627600007],[8.250791633000063,48.38243764400005],[8.264012973000035,48.37927591700003],[8.251760682000054,48.36956735600006],[8.254116145000069,48.36231049500003],[8.260213187000033,48.36674692300005],[8.269005125000035,48.359220176000065],[8.275110212000072,48.36285372300006],[8.28442622600005,48.36041471200008],[8.29924323900002,48.348766193000074],[8.303991927000027,48.349094723000064],[8.319834557000036,48.358002931000044],[8.31527171600004,48.369098345000054],[8.328560129000039,48.386954665000076],[8.345293534000064,48.38446724800008],[8.359587678000025,48.37750462100007],[8.357297007000057,48.37215326100005],[8.36081302100007,48.37001040000007],[8.355880587000058,48.36750245600007],[8.359798803000047,48.33838203800008],[8.395421628000065,48.32282396000005],[8.43319000100007,48.32202760300004],[8.434583387000032,48.31072112100003],[8.444734078000067,48.30111640600006],[8.458566524000048,48.31273297900003],[8.474017594000031,48.31568932700003],[8.494052163000049,48.31443689400004],[8.499532612000053,48.319905876000064],[8.502204819000042,48.330774070000075],[8.487353899000027,48.33242866900008],[8.485126816000047,48.34230846200006],[8.478948051000032,48.34189657600007],[8.470435086000066,48.34685990400004],[8.476647032000074,48.35025372400003],[8.478093014000024,48.34787632900003],[8.484405861000027,48.34902494700003],[8.495410040000024,48.35774092300005],[8.50038183700002,48.356386615000076],[8.495064429000024,48.36585640000004],[8.485668884000063,48.36832377400003],[8.489025944000048,48.37386831100008],[8.483937132000051,48.382050227000036],[8.500626683000064,48.38705483200005],[8.521479227000043,48.387086226000065],[8.518588007000062,48.39295826800003],[8.523652377000076,48.39630499700007],[8.510944769000048,48.40424363500006],[8.530174402000057,48.400702858000045],[8.545986325000058,48.40558639600005],[8.562161520000075,48.39962303300007],[8.574075940000057,48.40439157800006],[8.584766857000034,48.404235775000075],[8.595963735000055,48.41098436300007],[8.598822236000046,48.40114563800006],[8.606042956000067,48.39617536800006],[8.640100982000035,48.40229472300007],[8.65466780600002,48.39460654100003],[8.67573615300006,48.40085170800006],[8.689335829000072,48.39457805500007],[8.690094842000065,48.38719764200005],[8.716570701000023,48.382457285000044],[8.71776630100004,48.37779992600008],[8.729210442000067,48.38126681300008],[8.73718639200007,48.37797695800003],[8.758634506000021,48.38262537300005],[8.748888188000024,48.39013366100005],[8.756809566000072,48.39293013100007],[8.765408359000048,48.41374472500007],[8.773923310000043,48.41565344500003],[8.767251539000029,48.416873621000036],[8.777962649000074,48.42079151000007],[8.771469870000033,48.421760335000045],[8.770554459000039,48.42625185000003],[8.764936626000065,48.425768024000035],[8.769303450000052,48.43811492800006],[8.782354557000076,48.44078995900003],[8.778371383000035,48.44559037300007],[8.789908659000048,48.44819208400003],[8.790185798000039,48.451865842000075],[8.810180120000041,48.45583383300004],[8.809631928000044,48.45878440400003],[8.817824820000055,48.46236300800007],[8.828929359000028,48.46269332600008],[8.821335090000048,48.46922467700006],[8.814553644000057,48.468599856000026],[8.813047467000047,48.473838286000046],[8.808956454000054,48.47330350000004],[8.80690315000004,48.479014791000054],[8.800873829000068,48.47812184800006],[8.795296059000066,48.48484442300003],[8.776491651000072,48.48649128900007],[8.768579780000039,48.501913896000076],[8.755710559000022,48.50414015800004],[8.76387346100006,48.50943122800004],[8.763812813000072,48.51799278400006],[8.771843455000067,48.51945863000003],[8.768902291000074,48.521841109000036],[8.755294720000052,48.52601664200006],[8.763948938000055,48.53396879300004],[8.763417966000077,48.53785501900006],[8.757966674000045,48.53803920300004],[8.758351694000055,48.54441993800003],[8.771514449000051,48.54520420400007],[8.773340863000044,48.549864813000056],[8.765363165000053,48.548292023000045],[8.766140086000064,48.555023033000055],[8.758220897000058,48.55596910200006],[8.760498365000046,48.56429782300006],[8.756530774000055,48.56497299200004],[8.756307007000032,48.57077868400006],[8.75016484300005,48.570548176000045],[8.755373445000032,48.58297841700005],[8.746464928000023,48.59618741500003],[8.748469543000056,48.60493502300005],[8.794885839000074,48.59432550500003],[8.793295458000046,48.60412314000007],[8.800778512000022,48.61316977800004],[8.79819070000002,48.62357293100007],[8.789938027000062,48.62908569100006],[8.795643228000074,48.63511906200006],[8.790778962000047,48.63822747000006],[8.801939126000036,48.64371571000004],[8.797384202000046,48.64665916800004],[8.798730963000025,48.65862502300007],[8.818744751000054,48.66450686300004],[8.817887158000076,48.66889237200007],[8.82578395400003,48.66948849600004],[8.827255451000042,48.676859517000025],[8.83635963200004,48.68310387200006],[8.851488791000065,48.68481369800003],[8.863215618000027,48.69723823900006],[8.85530641400004,48.70691691300004],[8.86638008400007,48.711856658000045],[8.864466393000043,48.71905149600008],[8.878631015000053,48.72477304300003],[8.854505500000073,48.734618856000054],[8.829202955000028,48.736472166000055],[8.835453574000041,48.754097682000065],[8.799384796000027,48.77366562100008],[8.833067723000056,48.79788752200005],[8.842410285000028,48.799430373000064],[8.847475785000029,48.79262418400003],[8.86776855100004,48.79241997100007],[8.886864054000057,48.80243142300003],[8.89609831200005,48.79825611700005],[8.900150071000041,48.80050030600006],[8.89155364800007,48.80350678000008],[8.890799556000047,48.80838632200005],[8.892750405000072,48.81310316400004],[8.902414538000073,48.81550405100006],[8.900797606000026,48.81937967600004],[8.89016560600004,48.82189653000006],[8.871704750000049,48.81729736800003],[8.875404242000059,48.82545503800003],[8.885919545000036,48.830355679000036],[8.873033647000057,48.83691755500007],[8.894819519000066,48.84686594100003],[8.905269604000068,48.862300693000066],[8.919473818000029,48.86656008700004],[8.929089908000037,48.86561659100005],[8.917519106000043,48.88342615800008],[8.91453227900007,48.90302139900007],[8.907248046000063,48.90987931600006],[8.922930799000028,48.91414232400007],[8.926421001000051,48.91972403800003],[8.91553256900005,48.92251156100008],[8.90789995800003,48.92048677400004],[8.900595888000055,48.923827723000045],[8.906425736000074,48.92588125000003],[8.904472473000055,48.94415108900006],[8.929615891000026,48.93654631900006],[8.948180294000053,48.941852692000055],[8.945315067000024,48.961765752000076],[8.920298978000062,48.98231247200005],[8.92550312000003,48.98661412300004],[8.920980536000059,48.988232562000064],[8.933352907000028,48.99071876100004],[8.932547148000026,48.99322637300003],[8.916647168000054,49.00536293400006],[8.91940945500005,49.00828982500008],[8.903771769000059,49.02217375300006],[8.878503350000074,49.031643158000065],[8.872444746000042,49.03720081500006],[8.871492683000042,49.05008303300008],[8.877391294000063,49.04969194600005],[8.879397108000035,49.06416046900006],[8.876313151000033,49.069558689000075],[8.864318699000023,49.07157017500003],[8.874846052000066,49.07490836800008],[8.867155256000046,49.07718052400003],[8.891094821000024,49.08126084700007],[8.893285437000031,49.084576078000055],[8.889812997000035,49.11518687600005],[8.87762693700006,49.11850176400003],[8.869494925000026,49.13197448500006],[8.85931707900005,49.126098299000034],[8.826426109000067,49.126592403000075],[8.831260541000063,49.12950756300006],[8.82690103300007,49.13266345800008],[8.831056024000077,49.13977907000003],[8.837812032000045,49.13990648500004],[8.835566680000056,49.148546270000054],[8.842161092000026,49.15021849100003],[8.83279569800004,49.156098590000056],[8.832867845000067,49.162343632000045],[8.817688662000023,49.157789251000054],[8.816164109000056,49.165305954000075],[8.825901907000059,49.187926696000034],[8.818232824000063,49.194496911000044],[8.830218624000054,49.19209376600003],[8.863503448000074,49.174446190000026],[8.87284792500003,49.174387514000045],[8.876107636000029,49.17912794600005],[8.896088793000047,49.182033630000035],[8.886538752000035,49.20246390400007],[8.957253557000058,49.213058268000054],[8.965434019000043,49.22788108900005],[8.972462187000076,49.22723424600008],[8.984201057000064,49.232157064000035],[8.989114959000062,49.24061745900008],[9.005588020000062,49.24201650800006],[9.010658337000052,49.24912847000007],[8.99768066300004,49.25366103600004],[9.002708834000032,49.25859555200003],[8.997582043000023,49.26518489100005],[9.009765120000054,49.26110957900005],[9.015125879000038,49.25533254100003],[9.020581270000037,49.256718084000056],[9.015330378000044,49.261624124000036],[9.018959092000046,49.265657685000065],[9.031684694000035,49.26942351300005],[9.042199070000038,49.27816152300005],[9.037495372000024,49.28587380700003],[9.02730060600004,49.28508389700005],[9.021548684000038,49.29860294900004],[9.049126393000051,49.29286227400007],[9.050198926000064,49.28648824800007],[9.062844870000049,49.28443741600006],[9.071542331000046,49.278232468000056],[9.107298356000058,49.27908615900003],[9.120889827000042,49.27171448400003],[9.15074942900003,49.27399888400004],[9.153931096000065,49.28472722300006],[9.136527655000066,49.28657904200003],[9.131250302000069,49.29417117700007],[9.135633152000025,49.296293726000044],[9.14567779600003,49.29253802900007],[9.151476525000021,49.29647267100006],[9.156730808000077,49.29504157500003],[9.154876129000058,49.309862045000045],[9.162506103000055,49.32862029900008],[9.173427326000024,49.32350249500007],[9.197876699000062,49.326883087000056],[9.205785067000022,49.324002275000055],[9.22076803300007,49.30773086200003],[9.22610415500003,49.30886204600006],[9.224984318000054,49.31165631400006],[9.230847844000039,49.31003127200006],[9.24185519100007,49.297315456000035],[9.251897326000062,49.298024944000076],[9.250795870000047,49.301754619000064],[9.261919535000061,49.30621225300007],[9.269130242000074,49.33032381700008],[9.287462811000069,49.32992666300004],[9.294674583000074,49.34753858100004],[9.31532895600003,49.35707841300007],[9.310245691000034,49.363790288000075],[9.310340393000047,49.37717147200004],[9.317455995000046,49.38424377500007],[9.328427697000052,49.38754328200008],[9.338695027000028,49.38469870100005],[9.354301619000069,49.37287502500004],[9.355240301000038,49.36644300200004],[9.36904548700005,49.36694239500008],[9.376228424000033,49.36316379900006],[9.398881460000041,49.366437474000065],[9.426931169000056,49.35706413200006],[9.44349126700007,49.36433695300008],[9.442551782000066,49.37259586300007],[9.450840683000024,49.37660485200007],[9.444995320000032,49.38302770100006],[9.446274697000035,49.39065971200006],[9.464676255000029,49.39694796900005],[9.471447272000034,49.39230483500006],[9.470518153000057,49.38742926000003],[9.499877104000063,49.380586632000075],[9.507591224000066,49.37536501500006],[9.530509847000076,49.38188009600003],[9.571410692000029,49.375306642000055],[9.575079665000032,49.38485095200008],[9.593832242000076,49.39180850000008],[9.588925879000044,49.393253310000034],[9.590379346000077,49.40092090300004],[9.586080327000047,49.39937473100008],[9.58320184200005,49.402131206000035],[9.576465237000036,49.39760501200004],[9.579711449000058,49.401553973000034],[9.570059277000041,49.416015720000075],[9.60382291600007,49.42657821600005],[9.600987796000027,49.43134822400003],[9.595464650000054,49.43097366400008],[9.589714173000061,49.43961791700008],[9.570705033000024,49.44165798300003],[9.549779515000068,49.44980535500008],[9.530625989000043,49.44350468600004],[9.513439296000058,49.44478809200007],[9.510311060000049,49.439254782000035],[9.511748081000064,49.446509622000065],[9.505765309000026,49.455142384000055],[9.51682230800003,49.47363474500003],[9.512880668000037,49.47996000100005],[9.491559382000048,49.487922508000054],[9.494954625000048,49.50250054300005],[9.505753079000044,49.501381597000034],[9.51716839900007,49.515948337000054],[9.518709787000034,49.51086057500004],[9.524250121000023,49.51154735600005],[9.524420995000071,49.51468870100007],[9.53157503500006,49.51418348400006],[9.530723221000073,49.51871953800003],[9.533075661000055,49.51719226200004],[9.545762963000072,49.52472249400006],[9.541743085000064,49.52462548400007],[9.54214833900005,49.53269003100007],[9.522052471000052,49.53661140400004],[9.523445564000042,49.54421678500006],[9.504006530000026,49.57074096600007],[9.505754413000034,49.579825292000066],[9.499369757000068,49.58738043500006],[9.511635624000064,49.60221962400004],[9.530023165000046,49.59712272100006],[9.535373090000064,49.59999210800004],[9.529156628000067,49.60618284900005],[9.537788099000068,49.60586071900008],[9.537001455000052,49.60161644200008],[9.54419749400006,49.60103868500005],[9.537175452000042,49.61565325200007],[9.55158314700003,49.62158699100007],[9.547451074000037,49.63434607900007],[9.538988156000073,49.63980775500005],[9.526013244000069,49.635423254000045],[9.520009830000049,49.64309996500003],[9.509597706000022,49.63986654200005],[9.505112022000048,49.64261015300008],[9.50048214700007,49.638088795000044],[9.491756425000062,49.64455236200007],[9.476602834000062,49.64241003500007],[9.450302015000034,49.64952899900004],[9.451573303000032,49.65600081300005],[9.42881740200005,49.65783025700006],[9.425880759000052,49.66145535900006],[9.41091990700005,49.66350785000003]],[[8.066955072000042,48.71248079700007],[8.073506655000074,48.71142743100006],[8.07054860900007,48.70586519300008],[8.063131458000043,48.705756671000074],[8.052842681000072,48.69706359000003],[8.049686914000063,48.69900047900006],[8.05182426500005,48.693532047000076],[8.047960118000049,48.69226807700005],[8.043917565000072,48.697235430000035],[8.066955072000042,48.71248079700007]],[[8.678530027000022,49.62193400700005],[8.685867891000044,49.62166492700004],[8.685979754000073,49.618355087000054],[8.67186358400005,49.61587813600005],[8.678530027000022,49.62193400700005]]]},"properties":{"shapeName":"Karlsruhe","shapeISO":"","shapeID":"9070358B19876986675637","shapeGroup":"DEU","shapeType":"ADM2"}},
{"type":"Feature","geometry":{"type":"MultiPolygon","coordinates":[[[[9.20114538200005,47.70585929600003],[9.195342786000026,47.70827957800003],[9.187810585000022,47.70558262600008],[9.198598810000021,47.70243151000005],[9.20114538200005,47.70585929600003]]],[[[8.701282288000073,47.71522423400006],[8.686361775000023,47.708582988000046],[8.678110783000022,47.71304748500006],[8.671419204000074,47.71102074000004],[8.664634630000023,47.713427746000036],[8.676489971000024,47.697942984000065],[8.668274120000035,47.692177908000076],[8.658439713000064,47.69133783600006],[8.663354238000068,47.68589256200005],[8.672126391000063,47.68523411000007],[8.69022639900004,47.69538286000005],[8.707655556000077,47.68961524100007],[8.717719626000076,47.69074226500004],[8.701282288000073,47.71522423400006]]],[[[8.066955072000042,48.71248079700007],[8.043917565000072,48.697235430000035],[8.047960118000049,48.69226807700005],[8.05182426500005,48.693532047000076],[8.049686914000063,48.69900047900006],[8.052842681000072,48.69706359000003],[8.063131458000043,48.705756671000074],[8.07054860900007,48.70586519300008],[8.073506655000074,48.71142743100006],[8.066955072000042,48.71248079700007]]],[[[7.959630743000048,48.71858108300006],[7.889976099000023,48.66259830600006],[7.841996108000046,48.64373249100004],[7.83032305200004,48.61986760600007],[7.802141386000073,48.58884316700005],[7.806109474000039,48.51638272400004],[7.795090489000074,48.50182983800005],[7.768200958000023,48.48966253200007],[7.76503754600003,48.456610461000025],[7.731640322000032,48.391704134000065],[7.744638259000055,48.32781093500006],[7.737080374000072,48.319610099000045],[7.706216053000048,48.31021421100007],[7.693568868000057,48.301723063000054],[7.665698789000032,48.22047802700007],[7.644118373000026,48.20727033600008],[7.629518983000025,48.183705693000036],[7.601754397000036,48.159177302000046],[7.598775830000022,48.13557685300003],[7.576981640000042,48.119056389000036],[7.57935573900005,48.10206971500003],[7.569174474000022,48.08004692000003],[7.573904759000072,48.054856087000076],[7.568529047000027,48.03518422900004],[7.610186775000045,47.99868628400003],[7.621952270000065,47.97280642800007],[7.609557865000056,47.95422999600004],[7.58246979300003,47.92986340300007],[7.579778034000071,47.89489215900005],[7.556309759000044,47.877526903000046],[7.562921404000065,47.842692371000055],[7.529846167000073,47.78125824700004],[7.530711395000026,47.77177237400008],[7.54810770000006,47.73947457100007],[7.547602745000063,47.72981945300006],[7.539905815000054,47.71836374500003],[7.514538592000065,47.70265605000003],[7.511871830000075,47.69603752200004],[7.518879840000068,47.68469662900003],[7.521079276000023,47.663847891000046],[7.537903380000046,47.64918050700004],[7.567361073000029,47.631740895000064],[7.574298270000043,47.61583051700006],[7.591445950000036,47.60416858500008],[7.589193490000071,47.58972908700008],[7.604925079000054,47.58482593300005],[7.604484107000076,47.577791105000074],[7.619266007000022,47.57687839000005],[7.643163598000058,47.59130563700006],[7.645777276000047,47.596949573000074],[7.675024597000061,47.59204056600004],[7.682944029000055,47.59856598400006],[7.693596586000069,47.60053085800007],[7.671741323000049,47.58735945900003],[7.689521708000029,47.57148480500007],[7.685943343000076,47.56563496500007],[7.683414608000021,47.57125720600004],[7.676258376000021,47.563553324000054],[7.664238190000049,47.56538128900007],[7.648129296000036,47.55989161100007],[7.636398799000062,47.56411852900004],[7.634097006000047,47.56111372200007],[7.649228549000043,47.54815855600003],[7.661444704000075,47.54468164700006],[7.668920256000035,47.53556992800003],[7.692624641000066,47.53236022200008],[7.719118688000037,47.54177811400007],[7.75105230500003,47.54450428500007],[7.795547008000028,47.55744060600006],[7.810575573000051,47.56886177900003],[7.816218777000074,47.58310395700005],[7.823085303000028,47.58801232800005],[7.841669815000046,47.58215965000005],[7.869603236000046,47.58876948200003],[7.891352032000043,47.58763814800005],[7.910857698000029,47.57096123800005],[7.907312173000037,47.559300145000066],[7.911458508000067,47.55130036300005],[7.943210745000044,47.54381882300004],[7.959083402000033,47.55826426500005],[7.975930672000061,47.555345973000044],[8.00147621800005,47.556336446000046],[8.021771233000038,47.55051451000003],[8.043722107000065,47.55454651200006],[8.059276301000068,47.56341999700004],[8.068331636000039,47.564576104000025],[8.08966199400004,47.557758953000075],[8.100208142000042,47.56378687500006],[8.10313572800004,47.57636274400005],[8.109483932000046,47.58225942900003],[8.135240355000064,47.58356526800003],[8.138293694000026,47.59033945600004],[8.148602055000026,47.59541546100007],[8.164908045000061,47.59414009500006],[8.20405441400004,47.62089168000006],[8.219267526000067,47.61781520400007],[8.22664728500007,47.60506823400004],[8.238540295000064,47.612680441000066],[8.256241293000073,47.61515942400007],[8.265023205000034,47.60948905300006],[8.287721870000041,47.61063841200007],[8.297481039000047,47.60567043300006],[8.297921047000045,47.58906788400003],[8.323771406000049,47.57294910200005],[8.382969504000073,47.565812341000026],[8.397356047000073,47.577195336000045],[8.433687448000057,47.56664774400008],[8.494547109000052,47.58120113600006],[8.488717275000056,47.58780214500007],[8.466937684000072,47.58420264600005],[8.460420286000044,47.58848236600005],[8.456599807000032,47.60234628500007],[8.468544937000047,47.603865307000035],[8.479112077000025,47.61515410900006],[8.508251649000044,47.61750737600005],[8.507280105000063,47.62382712500005],[8.515119799000047,47.62343278000003],[8.517746404000036,47.63431415200006],[8.53888670400005,47.63092771200007],[8.538523263000059,47.62631905600006],[8.55800398100007,47.62431416100003],[8.562800650000042,47.61676778800006],[8.569298052000022,47.61723616100005],[8.574447501000066,47.61188120500003],[8.566392536000023,47.60987401400007],[8.562786833000075,47.59960655000003],[8.57554274000006,47.59488140000008],[8.582542233000026,47.59610411300008],[8.604797156000075,47.61326084400008],[8.595741548000035,47.64313286500004],[8.607704901000034,47.652446085000065],[8.61388719200005,47.64406018100004],[8.602981636000038,47.639246795000076],[8.61559400300007,47.637704058000054],[8.623690888000056,47.64127923600006],[8.628803807000054,47.64965372700004],[8.624125538000044,47.65623395700004],[8.608578458000068,47.66376728300003],[8.606623298000045,47.67212011100003],[8.59803946900007,47.672806439000055],[8.593848901000058,47.66725151900005],[8.577761542000076,47.661565997000025],[8.564810135000073,47.665283001000034],[8.563691018000043,47.67005558200003],[8.554315554000027,47.66938890700004],[8.539952147000065,47.66508942300004],[8.541358285000058,47.657111385000064],[8.533353656000031,47.66319424400007],[8.527009314000054,47.66039521600004],[8.53394337900005,47.65002895300006],[8.531526839000037,47.64578864100008],[8.493357569000068,47.64697998200006],[8.492376272000058,47.64208611400005],[8.473737108000023,47.649824505000026],[8.477665667000053,47.64466640200004],[8.471116001000041,47.64234144300008],[8.477827754000032,47.63970092100004],[8.473494938000044,47.63830648600003],[8.466137393000054,47.64276086000007],[8.465430086000026,47.65713051800003],[8.457372110000051,47.652701440000044],[8.445064030000026,47.65378141700006],[8.423684059000038,47.66681500400006],[8.412354839000045,47.66627462400004],[8.405559328000038,47.674515546000066],[8.42064154700006,47.683855453000035],[8.404425785000058,47.69806325900004],[8.416828300000077,47.710006226000075],[8.441551592000053,47.71766829000006],[8.445235640000021,47.72296105200007],[8.454988426000057,47.72225871000006],[8.456937837000055,47.729968617000054],[8.452841294000052,47.73043112900007],[8.44982623900006,47.738632031000066],[8.473712822000039,47.76451491500006],[8.489027460000045,47.773268666000035],[8.495972965000021,47.77069945300008],[8.510217720000071,47.77616274400003],[8.520132131000025,47.77049348600008],[8.526482337000061,47.77813336500003],[8.55264879400005,47.78462711000003],[8.563213586000074,47.78058875800008],[8.562531233000072,47.777853753000045],[8.577304001000073,47.78170626100007],[8.57499887800003,47.78962458500007],[8.561915749000036,47.79274682800008],[8.567852077000055,47.80848124900007],[8.575192668000057,47.79971714900006],[8.587642913000025,47.80268057600006],[8.592737555000042,47.79873794100007],[8.600819882000053,47.802934511000046],[8.618583503000025,47.798334358000034],[8.622044999000025,47.794663135000064],[8.614908187000026,47.78377004600003],[8.623331807000056,47.77729662000007],[8.619414418000076,47.76767536700004],[8.627679192000073,47.75925902500006],[8.644536924000022,47.76430009300003],[8.652971559000036,47.77343379700005],[8.648095511000065,47.77408845300005],[8.645520056000066,47.79019216100005],[8.649398829000063,47.79849279700005],[8.656975077000027,47.80034710500007],[8.657496098000024,47.79179130400007],[8.68089419200004,47.78667045200007],[8.682776895000075,47.777163734000055],[8.688253339000028,47.77364999300005],[8.683482987000048,47.770634949000055],[8.689439157000038,47.75786296700005],[8.695090664000077,47.75570901700007],[8.71415973400002,47.765358552000066],[8.727146060000052,47.76227747200005],[8.741420436000055,47.74820233500003],[8.723407380000026,47.74553179700007],[8.714343626000073,47.73869787400008],[8.711256621000075,47.73007147200008],[8.717919266000024,47.72162240200004],[8.73629401200003,47.716150939000045],[8.727981485000043,47.692680574000065],[8.757305993000045,47.68942349300005],[8.791550073000053,47.67489887900007],[8.795947417000036,47.67530207100003],[8.793324006000034,47.67991772800008],[8.798032256000056,47.68972615600006],[8.810078414000031,47.69332049700006],[8.797723906000044,47.69714734000007],[8.797650156000032,47.70286830100008],[8.792066035000062,47.704909447000034],[8.769350111000051,47.70687595600003],[8.772800226000072,47.71319422100004],[8.769908575000045,47.71844854300008],[8.776315769000064,47.72271220500005],[8.780739064000045,47.72169995100006],[8.785023876000025,47.72715844600003],[8.799121573000036,47.727133208000055],[8.796557226000061,47.73457305000005],[8.806440663000046,47.73826225100004],[8.811948569000037,47.73035316600004],[8.804851516000042,47.72449931400007],[8.812775561000024,47.72365909100006],[8.81857289900006,47.71764972900007],[8.826169827000058,47.71791054000005],[8.818828358000076,47.71286262600006],[8.825418600000035,47.71098682300004],[8.833631895000053,47.71457318400007],[8.84326326200005,47.71213965800007],[8.848327246000053,47.703452663000064],[8.872719752000023,47.70416469500003],[8.869676448000064,47.70199841400006],[8.874419801000045,47.69436971500005],[8.863208444000065,47.69252512300005],[8.86325815300006,47.69849522000004],[8.851541738000037,47.69752178500005],[8.850773477000075,47.69466815900006],[8.857580074000055,47.692297679000035],[8.850583167000025,47.681163027000025],[8.860806314000058,47.68025276600008],[8.873471649000066,47.67022131700003],[8.875350702000048,47.656205913000065],[8.893659068000034,47.65217872200003],[8.92481188100004,47.659752755000056],[8.937897102000022,47.65909649800005],[8.950321212000063,47.66767799200005],[8.970918278000056,47.67202293500003],[8.97430988800005,47.67684321000007],[8.998628892000056,47.68725699700008],[9.006162674000052,47.69611508600008],[8.999153637000063,47.70336209900006],[8.94478366800007,47.72289070900007],[8.939828360000035,47.72806475700003],[8.942195712000057,47.73370752400007],[8.96068828500006,47.73717024600006],[9.00407436200004,47.72594736000008],[9.006146987000022,47.72174201300004],[9.014928057000077,47.71997296600006],[9.000068770000041,47.73344081700003],[8.986342766000064,47.73658577700007],[8.983323579000057,47.74119988100006],[8.989864116000035,47.743465936000064],[9.02305625300005,47.72837072600004],[9.09312575000007,47.70644106000003],[9.107887617000074,47.69097369200006],[9.101503269000034,47.68770894600004],[9.087173274000065,47.688208247000034],[9.060403063000024,47.70340692700006],[9.053199750000033,47.70248457000008],[9.04072443900003,47.708340210000074],[9.044606069000054,47.70403288000006],[9.040855132000047,47.70117838900006],[9.04260931300007,47.694038352000064],[9.053825721000067,47.68968488100006],[9.081137109000053,47.683303239000054],[9.093076091000057,47.68642062600003],[9.11312577600006,47.685018660000026],[9.125641405000067,47.67429316300007],[9.127830524000046,47.666598650000026],[9.139325821000057,47.66399983100007],[9.148339066000062,47.66761193000008],[9.157709389000047,47.66601126000006],[9.175793332000069,47.653937864000056],[9.181678163000072,47.65573491300006],[9.17842558600006,47.666992771000025],[9.207264301000066,47.663159936000056],[9.217727909000075,47.666122019000056],[9.20759930500003,47.68709779200003],[9.179606443000068,47.70515093000006],[9.17802755100007,47.72559553500008],[9.172740021000038,47.73486262900008],[9.15886167800005,47.74011257600006],[9.149073588000022,47.748710267000035],[9.136283467000055,47.747112892000075],[9.116753499000026,47.75927973600005],[9.080722660000049,47.77183206900003],[9.030532939000068,47.80652040800004],[9.039536531000067,47.81748197500008],[9.06164603700006,47.81489010000007],[9.070526094000058,47.80730327500004],[9.083188742000061,47.814299935000065],[9.076513243000022,47.81997498000004],[9.083438530000024,47.825161801000036],[9.07040691900005,47.83685746400005],[9.076838778000024,47.842083237000054],[9.07119160600007,47.84251289000008],[9.065708218000054,47.85571803400006],[9.075198640000053,47.859168244000045],[9.084737950000033,47.85784226800007],[9.086895281000068,47.851832183000056],[9.103436699000042,47.84161759800003],[9.109297820000052,47.84448798500006],[9.120382178000057,47.84108689800007],[9.12858181100006,47.846817291000036],[9.12887137000007,47.853731948000075],[9.11778752600003,47.858933344000036],[9.131626815000061,47.86322458400008],[9.138545442000066,47.860139341000036],[9.130592572000069,47.86536003000003],[9.145934504000024,47.872940318000076],[9.149674234000031,47.88703386600008],[9.146283435000043,47.89143549700003],[9.151105205000022,47.89498295200008],[9.145072664000054,47.89856461800008],[9.128193339000063,47.89841045800006],[9.110878289000027,47.90664191500008],[9.104607196000075,47.905717054000036],[9.097237188000065,47.914315643000066],[9.066830276000076,47.916123853000045],[9.069607529000052,47.93105615600007],[9.08310563300006,47.93941249300008],[9.077637666000044,47.94159798900006],[9.06011959500006,47.940370991000066],[9.049398988000064,47.93549173200006],[9.012044833000061,47.93692291000008],[9.011598853000066,47.94240072000008],[9.020696937000025,47.94741594900006],[9.014597802000026,47.949903171000074],[9.020003932000066,47.96285916800008],[9.011696443000062,47.974244947000045],[9.021369950000064,47.97937456400007],[9.021236420000037,47.98383191400006],[9.018338829000072,47.99024776400006],[9.007264649000035,47.994619526000065],[9.006298339000068,47.999551057000076],[9.014105244000064,48.00542007400003],[9.007586609000043,48.025605032000044],[8.977323682000076,48.03255210400005],[8.971506652000073,48.04016519400005],[8.95981996200004,48.03590384800003],[8.96036057200007,48.02803556600003],[8.952051416000074,48.02967262400006],[8.954473094000036,48.04140287900003],[8.934216866000043,48.04936907100006],[8.934949322000023,48.05839744000008],[8.940713087000063,48.06061939300008],[8.94865758800006,48.055364473000054],[8.97468017400007,48.056044202000066],[8.987440057000072,48.06021287200008],[8.996809092000035,48.070959894000055],[8.979927903000032,48.08548147100004],[8.962549206000062,48.09111052500003],[8.953761201000077,48.10727909000008],[8.932529049000038,48.10371412000006],[8.913338864000025,48.11060450200006],[8.896625259000075,48.110093547000076],[8.894901985000047,48.106578067000044],[8.885085823000054,48.10542705100005],[8.860207604000038,48.14378518800004],[8.849560258000054,48.14959614400004],[8.831824420000032,48.14957104300004],[8.832671,48.165031973000055],[8.827895898000065,48.17106497300006],[8.816753839000057,48.17375436000003],[8.809039839000036,48.18462430200003],[8.784007354000039,48.18370587100003],[8.781435283000064,48.17958323400006],[8.769251281000038,48.18271020200007],[8.768847803000028,48.176984796000056],[8.76221604400007,48.17366093600003],[8.764294248000056,48.16315496200008],[8.754642674000024,48.159773908000034],[8.746068423000054,48.16692104400005],[8.726344599000072,48.170767900000044],[8.71924529200004,48.18156980300006],[8.738372355000024,48.18963838500008],[8.744209450000028,48.200918294000076],[8.724680251000052,48.203464360000055],[8.723301091000053,48.20806495100004],[8.713564936000068,48.20916350300007],[8.709942524000041,48.22007799200003],[8.703333078000071,48.22255972600004],[8.703809367000076,48.22793614600005],[8.712234245000047,48.231274764000034],[8.708135554000023,48.23505729900006],[8.702883023000027,48.233772456000054],[8.697910750000062,48.24527671000004],[8.702837611000064,48.25155334100003],[8.710106931000041,48.25234624700005],[8.705702853000048,48.259001226000066],[8.697491870000022,48.257787945000075],[8.685535621000042,48.26682733100006],[8.666216893000069,48.26878494300007],[8.684059163000029,48.27870080400004],[8.678237188000026,48.284189387000026],[8.65956783100006,48.283303458000034],[8.647754607000024,48.288915071000076],[8.648845648000076,48.29321421000003],[8.662216919000059,48.29531767100008],[8.66757949500004,48.30485848100005],[8.685253251000063,48.30397329700003],[8.718659546000026,48.315013445000034],[8.71924608200004,48.32113831800007],[8.693340986000067,48.32849601100003],[8.710830155000053,48.33300809900004],[8.71735248300007,48.34132467500007],[8.732978457000058,48.34381551600006],[8.743427757000063,48.350037531000055],[8.745047130000046,48.35865840500003],[8.733587271000033,48.36098466000004],[8.73718639200007,48.37797695800003],[8.729210442000067,48.38126681300008],[8.71776630100004,48.37779992600008],[8.716570701000023,48.382457285000044],[8.690094842000065,48.38719764200005],[8.689335829000072,48.39457805500007],[8.67573615300006,48.40085170800006],[8.65466780600002,48.39460654100003],[8.640100982000035,48.40229472300007],[8.606042956000067,48.39617536800006],[8.598822236000046,48.40114563800006],[8.595963735000055,48.41098436300007],[8.584766857000034,48.404235775000075],[8.574075940000057,48.40439157800006],[8.562161520000075,48.39962303300007],[8.545986325000058,48.40558639600005],[8.530174402000057,48.400702858000045],[8.510944769000048,48.40424363500006],[8.523652377000076,48.39630499700007],[8.518588007000062,48.39295826800003],[8.521479227000043,48.387086226000065],[8.500626683000064,48.38705483200005],[8.483937132000051,48.382050227000036],[8.489025944000048,48.37386831100008],[8.485668884000063,48.36832377400003],[8.495064429000024,48.36585640000004],[8.50038183700002,48.356386615000076],[8.495410040000024,48.35774092300005],[8.484405861000027,48.34902494700003],[8.478093014000024,48.34787632900003],[8.476647032000074,48.35025372400003],[8.470435086000066,48.34685990400004],[8.478948051000032,48.34189657600007],[8.485126816000047,48.34230846200006],[8.487353899000027,48.33242866900008],[8.502204819000042,48.330774070000075],[8.499532612000053,48.319905876000064],[8.494052163000049,48.31443689400004],[8.474017594000031,48.31568932700003],[8.458566524000048,48.31273297900003],[8.444734078000067,48.30111640600006],[8.434583387000032,48.31072112100003],[8.43319000100007,48.32202760300004],[8.395421628000065,48.32282396000005],[8.359798803000047,48.33838203800008],[8.355880587000058,48.36750245600007],[8.36081302100007,48.37001040000007],[8.357297007000057,48.37215326100005],[8.359587678000025,48.37750462100007],[8.345293534000064,48.38446724800008],[8.328560129000039,48.386954665000076],[8.31527171600004,48.369098345000054],[8.319834557000036,48.358002931000044],[8.303991927000027,48.349094723000064],[8.29924323900002,48.348766193000074],[8.28442622600005,48.36041471200008],[8.275110212000072,48.36285372300006],[8.269005125000035,48.359220176000065],[8.260213187000033,48.36674692300005],[8.254116145000069,48.36231049500003],[8.251760682000054,48.36956735600006],[8.264012973000035,48.37927591700003],[8.250791633000063,48.38243764400005],[8.247635426000045,48.39513627600007],[8.23300080100006,48.40182727000007],[8.241354631000036,48.40581253500005],[8.241118492000055,48.41135756800003],[8.254627557000049,48.41392721200003],[8.259703520000073,48.42317859700006],[8.253980848000026,48.43395425300008],[8.263861620000057,48.43516489500007],[8.268768442000066,48.44897322500003],[8.264161117000071,48.46285805500003],[8.26779810100004,48.47710867200004],[8.27543539900006,48.47785632200004],[8.26674666200006,48.49064396600005],[8.255447820000029,48.49355474200007],[8.241367567000054,48.49218857200003],[8.228345895000075,48.49776019800004],[8.218828041000052,48.50795466800008],[8.220387274000075,48.51863812700003],[8.211038452000025,48.52192661600003],[8.220087080000042,48.53782967800004],[8.214666202000046,48.54221599400006],[8.218147978000047,48.55149097100008],[8.212680617000046,48.55827831900007],[8.228525261000073,48.56435309600005],[8.236917156000061,48.577826869000035],[8.228388744000029,48.580093884000064],[8.22013744700007,48.58722048300007],[8.219208071000025,48.595783992000065],[8.20672712000004,48.60219285900007],[8.232762487000059,48.606174175000035],[8.247466045000067,48.602686463000055],[8.248607226000047,48.60851320100005],[8.232915321000064,48.61113606300006],[8.233863545000077,48.61604788500006],[8.240785328000072,48.61776355100005],[8.241122189000066,48.62923203400004],[8.22883065800005,48.631167152000046],[8.22703305400006,48.62751367000004],[8.199713304000056,48.62837177700004],[8.180604421000055,48.640047493000054],[8.161775452000029,48.64030863800008],[8.164936426000054,48.645467788000076],[8.139641207000068,48.65361459400003],[8.139605602000074,48.65687079300005],[8.126099342000032,48.65507110200008],[8.121428348000052,48.64922186300004],[8.113293498000075,48.65008181400003],[8.088103346000025,48.66382474100004],[8.084389858000065,48.662565304000054],[8.07435361100005,48.67344920100004],[8.066819984000063,48.674139052000044],[8.063955361000069,48.67130711500005],[8.058967002000031,48.67604503900003],[8.055985511000074,48.67319018400008],[8.047148751000066,48.676279349000026],[8.032738764000044,48.67510517200003],[8.038308856000072,48.678333043000066],[8.036563887000057,48.68193837900003],[8.019823290000033,48.67954109900006],[8.020334760000026,48.686570765000056],[8.015255324000066,48.68784284600008],[8.01473906800004,48.68092100200005],[8.001559716000031,48.68725652300003],[7.979727892000028,48.68712293600004],[7.972805653000023,48.69271526800003],[7.977218906000076,48.69803446900005],[7.990381065000065,48.70111311000005],[7.991354257000069,48.705175186000076],[7.980376890000059,48.707923004000065],[7.976797175000058,48.714554286000066],[7.959630743000048,48.71858108300006]]]]},"properties":{"shapeName":"Freiburg","shapeISO":"","shapeID":"9070358B61051204169762","shapeGroup":"DEU","shapeType":"ADM2"}},
{"type":"Feature","geometry":{"type":"Polygon","coordinates":[[[8.768902291000074,48.521841109000036],[8.771843455000067,48.51945863000003],[8.763812813000072,48.51799278400006],[8.76387346100006,48.50943122800004],[8.755710559000022,48.50414015800004],[8.768579780000039,48.501913896000076],[8.776491651000072,48.48649128900007],[8.795296059000066,48.48484442300003],[8.800873829000068,48.47812184800006],[8.80690315000004,48.479014791000054],[8.808956454000054,48.47330350000004],[8.813047467000047,48.473838286000046],[8.814553644000057,48.468599856000026],[8.821335090000048,48.46922467700006],[8.828929359000028,48.46269332600008],[8.817824820000055,48.46236300800007],[8.809631928000044,48.45878440400003],[8.810180120000041,48.45583383300004],[8.790185798000039,48.451865842000075],[8.789908659000048,48.44819208400003],[8.778371383000035,48.44559037300007],[8.782354557000076,48.44078995900003],[8.769303450000052,48.43811492800006],[8.764936626000065,48.425768024000035],[8.770554459000039,48.42625185000003],[8.771469870000033,48.421760335000045],[8.777962649000074,48.42079151000007],[8.767251539000029,48.416873621000036],[8.773923310000043,48.41565344500003],[8.765408359000048,48.41374472500007],[8.756809566000072,48.39293013100007],[8.748888188000024,48.39013366100005],[8.758634506000021,48.38262537300005],[8.73718639200007,48.37797695800003],[8.733587271000033,48.36098466000004],[8.745047130000046,48.35865840500003],[8.743427757000063,48.350037531000055],[8.732978457000058,48.34381551600006],[8.71735248300007,48.34132467500007],[8.710830155000053,48.33300809900004],[8.693340986000067,48.32849601100003],[8.71924608200004,48.32113831800007],[8.718659546000026,48.315013445000034],[8.685253251000063,48.30397329700003],[8.66757949500004,48.30485848100005],[8.662216919000059,48.29531767100008],[8.648845648000076,48.29321421000003],[8.647754607000024,48.288915071000076],[8.65956783100006,48.283303458000034],[8.678237188000026,48.284189387000026],[8.684059163000029,48.27870080400004],[8.666216893000069,48.26878494300007],[8.685535621000042,48.26682733100006],[8.697491870000022,48.257787945000075],[8.705702853000048,48.259001226000066],[8.710106931000041,48.25234624700005],[8.702837611000064,48.25155334100003],[8.697910750000062,48.24527671000004],[8.702883023000027,48.233772456000054],[8.708135554000023,48.23505729900006],[8.712234245000047,48.231274764000034],[8.703809367000076,48.22793614600005],[8.703333078000071,48.22255972600004],[8.709942524000041,48.22007799200003],[8.713564936000068,48.20916350300007],[8.723301091000053,48.20806495100004],[8.724680251000052,48.203464360000055],[8.744209450000028,48.200918294000076],[8.738372355000024,48.18963838500008],[8.71924529200004,48.18156980300006],[8.726344599000072,48.170767900000044],[8.746068423000054,48.16692104400005],[8.754642674000024,48.159773908000034],[8.764294248000056,48.16315496200008],[8.76221604400007,48.17366093600003],[8.768847803000028,48.176984796000056],[8.769251281000038,48.18271020200007],[8.781435283000064,48.17958323400006],[8.784007354000039,48.18370587100003],[8.809039839000036,48.18462430200003],[8.816753839000057,48.17375436000003],[8.827895898000065,48.17106497300006],[8.832671,48.165031973000055],[8.831824420000032,48.14957104300004],[8.849560258000054,48.14959614400004],[8.860207604000038,48.14378518800004],[8.885085823000054,48.10542705100005],[8.894901985000047,48.106578067000044],[8.896625259000075,48.110093547000076],[8.913338864000025,48.11060450200006],[8.932529049000038,48.10371412000006],[8.953761201000077,48.10727909000008],[8.962549206000062,48.09111052500003],[8.979927903000032,48.08548147100004],[8.996809092000035,48.070959894000055],[8.987440057000072,48.06021287200008],[8.97468017400007,48.056044202000066],[8.94865758800006,48.055364473000054],[8.940713087000063,48.06061939300008],[8.934949322000023,48.05839744000008],[8.934216866000043,48.04936907100006],[8.954473094000036,48.04140287900003],[8.952051416000074,48.02967262400006],[8.96036057200007,48.02803556600003],[8.95981996200004,48.03590384800003],[8.971506652000073,48.04016519400005],[8.977323682000076,48.03255210400005],[9.007586609000043,48.025605032000044],[9.014105244000064,48.00542007400003],[9.006298339000068,47.999551057000076],[9.007264649000035,47.994619526000065],[9.018338829000072,47.99024776400006],[9.021236420000037,47.98383191400006],[9.021369950000064,47.97937456400007],[9.011696443000062,47.974244947000045],[9.020003932000066,47.96285916800008],[9.014597802000026,47.949903171000074],[9.020696937000025,47.94741594900006],[9.011598853000066,47.94240072000008],[9.012044833000061,47.93692291000008],[9.049398988000064,47.93549173200006],[9.06011959500006,47.940370991000066],[9.077637666000044,47.94159798900006],[9.08310563300006,47.93941249300008],[9.069607529000052,47.93105615600007],[9.066830276000076,47.916123853000045],[9.097237188000065,47.914315643000066],[9.104607196000075,47.905717054000036],[9.110878289000027,47.90664191500008],[9.128193339000063,47.89841045800006],[9.145072664000054,47.89856461800008],[9.151105205000022,47.89498295200008],[9.146283435000043,47.89143549700003],[9.149674234000031,47.88703386600008],[9.145934504000024,47.872940318000076],[9.130592572000069,47.86536003000003],[9.138545442000066,47.860139341000036],[9.131626815000061,47.86322458400008],[9.11778752600003,47.858933344000036],[9.12887137000007,47.853731948000075],[9.12858181100006,47.846817291000036],[9.120382178000057,47.84108689800007],[9.109297820000052,47.84448798500006],[9.103436699000042,47.84161759800003],[9.086895281000068,47.851832183000056],[9.084737950000033,47.85784226800007],[9.075198640000053,47.859168244000045],[9.065708218000054,47.85571803400006],[9.07119160600007,47.84251289000008],[9.076838778000024,47.842083237000054],[9.07040691900005,47.83685746400005],[9.083438530000024,47.825161801000036],[9.076513243000022,47.81997498000004],[9.083188742000061,47.814299935000065],[9.070526094000058,47.80730327500004],[9.124431041000037,47.78236038700004],[9.139307216000077,47.76901931300006],[9.158564257000023,47.76588724700008],[9.223718851000058,47.74091828300004],[9.226307793000046,47.723125451000044],[9.238599686000043,47.71064955200006],[9.288606892000075,47.68322986000004],[9.349721644000056,47.66084038000008],[9.406281832000047,47.668253675000074],[9.421020780000049,47.66592933000004],[9.434193141000037,47.657188931000064],[9.452000179000038,47.65485451700005],[9.462988214000063,47.648417331000076],[9.470672345000025,47.65112344500005],[9.495284089000052,47.65013127200007],[9.515219135000052,47.63475749300005],[9.518154846000073,47.621429928000055],[9.52745873200007,47.615339790000064],[9.529564547000064,47.60346055000008],[9.550341433000028,47.58767536800008],[9.554411938000044,47.590856047000045],[9.557127838000042,47.58555159900004],[9.561245313000029,47.58915398000005],[9.559654739000052,47.58482070300005],[9.595548618000066,47.588087947000076],[9.602077153000039,47.584337997000034],[9.605885715000056,47.58570229000003],[9.614055646000054,47.58115033800004],[9.626340586000026,47.592491436000046],[9.633101282000041,47.59406423000007],[9.64328483600002,47.589759738000055],[9.645233661000077,47.59230018300008],[9.635966981000024,47.60245548600005],[9.65381499700004,47.60557700800007],[9.657709588000046,47.61172525000006],[9.671443791000058,47.61137411100003],[9.678102239000054,47.60490065400006],[9.683887789000039,47.60455783300006],[9.692151557000045,47.610423472000036],[9.694582153000056,47.60466454500005],[9.706293734000042,47.60181221100004],[9.712022724000064,47.606679444000065],[9.726917416000049,47.606723472000056],[9.734340392000036,47.61652599200005],[9.737457799000026,47.61170434500008],[9.745651920000057,47.61729698600004],[9.740357990000064,47.60453573900003],[9.74771849900003,47.60368831100004],[9.75606611400002,47.60966759400003],[9.754884841000035,47.61400879900003],[9.774775831000056,47.62516932400007],[9.77782157200005,47.630536404000054],[9.795256066000036,47.63571901200004],[9.800141870000061,47.64470092000005],[9.795646056000066,47.64760146300006],[9.801668798000037,47.65086297900007],[9.816176937000023,47.64966449600007],[9.82855328200003,47.657901207000066],[9.830606296000042,47.67137557900003],[9.834162345000038,47.67328985000006],[9.837816239000063,47.669469605000074],[9.842190840000058,47.677691836000065],[9.874861671000076,47.675278244000026],[9.893277498000032,47.66323277400005],[9.91630331400006,47.66102224000008],[9.931482291000066,47.653904555000054],[9.940860857000075,47.65799557200006],[9.959522463000042,47.65230409900005],[9.970746357000053,47.65362632600005],[9.977723419000029,47.66172071500006],[9.976022662000048,47.66532503800005],[10.00190241000007,47.68199943600007],[10.028645217000076,47.686983018000035],[10.030491263000044,47.67445209700003],[10.038736323000023,47.67776736400003],[10.04703997300004,47.67623860100008],[10.04833762000004,47.681321292000064],[10.059312463000026,47.68062877800003],[10.075161682000044,47.65833451100008],[10.072017981000045,47.64344114800008],[10.077292399000044,47.63927426300006],[10.081362313000056,47.65488987500004],[10.090215663000038,47.66026136200003],[10.088385066000058,47.662869442000044],[10.093423672000029,47.66322087000003],[10.089245367000046,47.67304513700003],[10.11112045300007,47.66599038800007],[10.129336189000071,47.676136523000025],[10.132769417000077,47.68508056700006],[10.128322275000073,47.69071791500005],[10.139250553000068,47.697880903000055],[10.139437678000036,47.703273409000076],[10.122519792000048,47.71166344200003],[10.116428889000076,47.719316727000034],[10.11863868200004,47.73328979200005],[10.11363361900004,47.741378232000045],[10.118252462000044,47.75058803500008],[10.114025224000045,47.75440156500008],[10.11904949500007,47.759586711000054],[10.082513094000035,47.771180988000026],[10.084840349000046,47.776636032000056],[10.079614724000066,47.781262351000066],[10.067390653000075,47.782436811000025],[10.064681025000027,47.78588771900007],[10.085536018000028,47.795484739000074],[10.090134546000058,47.803905188000044],[10.116879806000043,47.80062314300005],[10.119430489000024,47.80371469500005],[10.108782376000022,47.805771081000046],[10.115746516000058,47.810873644000026],[10.128015961000074,47.81331576100007],[10.138022984000031,47.809637645000066],[10.13147,47.82250356900005],[10.125199168000051,47.822947964000036],[10.109871904000045,47.84020574500005],[10.10277097200003,47.84237432600003],[10.110072234000029,47.84697409200004],[10.10715465800007,47.85289545900008],[10.09924733300005,47.84493068300003],[10.097384613000031,47.848318894000045],[10.09442281500003,47.84388829100004],[10.091604866000068,47.84562138200005],[10.099353490000055,47.851608859000066],[10.098266187000036,47.85560436500003],[10.101911563000044,47.85397297000003],[10.10510447300004,47.85713922300005],[10.104617333000022,47.86462420600003],[10.082961688000069,47.85571778100007],[10.076755534000029,47.86780935100006],[10.082365889000073,47.86992892400008],[10.09159875000006,47.86739847100006],[10.097922307000033,47.87656248600007],[10.105704629000059,47.879026536000026],[10.105458971000076,47.88302523500005],[10.095332148000068,47.88515881100005],[10.103447322000022,47.89062169700003],[10.10169608600006,47.90563420700005],[10.110414155000058,47.91065722700006],[10.105012802000033,47.923838096000054],[10.111010296000075,47.934879085000034],[10.089487633000033,47.94797725800004],[10.084893700000066,47.96130765500004],[10.09320708100006,47.972331731000054],[10.114954569000076,47.97625743700007],[10.119550393000054,48.00349993300006],[10.134326495000039,48.01759961500005],[10.135727945000042,48.023761603000025],[10.127111484000068,48.03271248400006],[10.14125583300006,48.04670149000003],[10.143901697000047,48.05900706800003],[10.140640574000031,48.06490224700008],[10.143736707000073,48.07441384100008],[10.134081880000053,48.07947892400006],[10.140392398000074,48.09891655900003],[10.136247105000052,48.11144305000005],[10.122604012000068,48.11695707800004],[10.107074311000076,48.13214418500007],[10.085717415000033,48.18219242200007],[10.083710628000063,48.20964022900006],[10.077004189000036,48.210603554000045],[10.078320370000029,48.220237008000026],[10.069454398000062,48.223358215000076],[10.070144239000058,48.23062497900003],[10.060721236000063,48.24009045500003],[10.069026271000041,48.25376158300003],[10.061960035000027,48.258129987000075],[10.065981126000054,48.261993139000026],[10.062202412000033,48.27171548200005],[10.06675298500005,48.274916103000066],[10.065816520000055,48.28181712300005],[10.04254942700004,48.29422971000008],[10.043081012000073,48.30044359800007],[10.022922309000023,48.32400382800006],[10.012286806000077,48.33063749100006],[10.010403135000047,48.342389241000035],[9.998131809000029,48.34751287900008],[9.994822286000044,48.35528090400004],[9.999597425000047,48.36322931300003],[9.993339461000062,48.36356692900006],[9.987733752000054,48.370626034000054],[9.982768418000035,48.36802845200003],[9.984127686000022,48.363227539000036],[9.977741454000068,48.36265859700006],[9.967275615000062,48.37440435700006],[9.989868428000023,48.39370731200006],[10.01527948200004,48.404350573000045],[10.01881588200007,48.418248660000074],[10.042414153000038,48.429732038000054],[10.040789679000056,48.43439185400007],[10.034854838000058,48.43329704700005],[10.028050577000045,48.43691872800008],[10.031687310000052,48.44378571800007],[10.038226774000066,48.44445300700005],[10.030887521000068,48.453586071000075],[10.03269444600005,48.45719644800005],[10.039128632000029,48.45969447500005],[10.064009813000041,48.456389202000025],[10.094376749000048,48.46712384400007],[10.105026946000066,48.477504356000054],[10.11736673200005,48.47538756900008],[10.117251760000045,48.46813587200006],[10.133895409000047,48.45487141700005],[10.171846421000055,48.457786948000034],[10.172772750000036,48.462788974000034],[10.177862981000033,48.46380198300005],[10.17546022700003,48.469391261000055],[10.18460095000006,48.467211219000035],[10.181254371000023,48.46962222700006],[10.18452449800003,48.47291466000007],[10.176413082000067,48.47136864400005],[10.182944425000073,48.473814170000026],[10.180098201000021,48.47552447800007],[10.217915369000025,48.48846743200005],[10.23544331000005,48.48896032500005],[10.24140630100004,48.49195965300004],[10.23750668300005,48.50019584100005],[10.234691577000035,48.50534138300003],[10.228049715000054,48.504974581000056],[10.231602957000064,48.508436086000074],[10.237966397000037,48.50782191500008],[10.230779588000075,48.51051118300006],[10.225322540000036,48.513510018000034],[10.219673557000021,48.51210212600006],[10.213283682000053,48.51708519500005],[10.216859331000023,48.523658434000026],[10.209758374000046,48.53181365300003],[10.215395427000033,48.53096506600008],[10.214878089000024,48.533342299000026],[10.205839464000064,48.535231460000034],[10.20075618200002,48.54268790200007],[10.191355119000036,48.54103455400008],[10.188916797000047,48.54542480200007],[10.193856682000046,48.545924135000064],[10.185372976000053,48.54895763400003],[10.193172005000065,48.55143433300003],[10.184720918000039,48.55027604800006],[10.18703698400003,48.558104256000036],[10.178921745000025,48.550487204000035],[10.171533413000077,48.549295],[10.160506909000048,48.557027866000055],[10.153231657000049,48.55122656000003],[10.123893570000064,48.55879389000006],[10.113346370000045,48.556067108000036],[10.110128660000044,48.56979517000008],[10.09659251200003,48.57839743800008],[10.057359275000067,48.586305105000065],[10.060648084000036,48.58922288500003],[10.046886936000021,48.595992470000056],[10.039992931000029,48.60681787300007],[10.00838016800003,48.60328307200007],[9.998859409000033,48.60748487200004],[9.991456896000045,48.60346751700007],[9.992815346000043,48.59670245800004],[9.964788256000077,48.595198097000036],[9.961259427000073,48.60363962400004],[9.968744556000047,48.60731768900007],[9.969364013000074,48.61518908100004],[9.958001556000056,48.61861423500005],[9.955464507000045,48.62475271300008],[9.946558952000032,48.624178071000074],[9.947695621000037,48.62921059300004],[9.95245721200007,48.62801120700004],[9.944071590000021,48.63175538300004],[9.924083044000042,48.62985488100003],[9.921574789000033,48.62629873800006],[9.914493724000067,48.626297555000065],[9.915191639000057,48.622398446000034],[9.891873838000038,48.62247087900005],[9.88761716700003,48.615792929000065],[9.899058809000053,48.61510014700008],[9.889317782000035,48.60688519000007],[9.883894271000031,48.60667183000004],[9.880810046000022,48.59878652900005],[9.869776370000068,48.58987347300007],[9.85623475400007,48.58871070100008],[9.86341112100007,48.585450699000035],[9.85143570200006,48.58293531600003],[9.838927295000076,48.58583791400008],[9.838411324000049,48.579908801000045],[9.832570668000074,48.579873776000056],[9.836064836000048,48.575001376000046],[9.828728943000044,48.565561615000036],[9.817711682000038,48.56494887000008],[9.820116230000053,48.56137259700006],[9.813987051000026,48.55792670100004],[9.798730672000033,48.55672188600005],[9.780478127000038,48.560339878000036],[9.778253328000062,48.56512735900003],[9.770188009000037,48.56629749200005],[9.765056877000063,48.56424026800005],[9.768572990000052,48.55967271700007],[9.744458310000027,48.56369703200005],[9.737687358000073,48.56002667900003],[9.726086258000066,48.56203248700007],[9.718971342000032,48.557099633000064],[9.722887760000049,48.54679487100003],[9.708299578000037,48.54523476500003],[9.708017511000037,48.54091639300003],[9.695744047000062,48.54118762100006],[9.698169731000064,48.53778810100005],[9.682060020000051,48.524604339000064],[9.688513361000048,48.51995784800005],[9.68660856200006,48.51729113700003],[9.677938504000053,48.52335984100006],[9.67193128200006,48.52157054800006],[9.666677886000059,48.52481332900004],[9.655820928000026,48.524020663000044],[9.659247570000048,48.519459519000065],[9.65051330700004,48.52018527700005],[9.652474446000042,48.52261925700003],[9.632550174000073,48.53697869500007],[9.616602774000057,48.53676267600008],[9.611222776000034,48.54145867600005],[9.599973496000075,48.538283367000076],[9.587344070000029,48.54020330800006],[9.585174510000058,48.53674125500004],[9.569387474000052,48.53948730800005],[9.551188240000045,48.52898238100005],[9.530084699000042,48.526749178000046],[9.53481169500003,48.520477723000056],[9.53085920500007,48.51364483700007],[9.504508832000056,48.52683686200004],[9.509552972000051,48.51777262000007],[9.502423216000068,48.517591680000066],[9.505026675000067,48.514045071000055],[9.498792908000041,48.51442049000008],[9.497262544000023,48.52171760500005],[9.488475394000034,48.520486592000054],[9.490647299000045,48.517574833000026],[9.479492057000073,48.51829985300003],[9.471273361000044,48.512621366000076],[9.467085538000049,48.516727951000064],[9.474830995000048,48.52367933600004],[9.480213238000033,48.52330640100007],[9.478955627000062,48.52777315000003],[9.488066804000027,48.52779386800006],[9.489720433000059,48.53097438800006],[9.464336553000066,48.53976852400007],[9.463549846000035,48.54429352000005],[9.451356715000031,48.546372965000046],[9.439873241000043,48.54004958400003],[9.426108015000068,48.54402665600003],[9.418560391000028,48.53625532600006],[9.408687938000071,48.53810989800007],[9.39295174800003,48.53096622000004],[9.384096015000068,48.535733452000045],[9.369215133000068,48.534521297000026],[9.362150156000041,48.54309112300007],[9.351773793000064,48.54318185200003],[9.33946305400002,48.54943855100004],[9.335987783000064,48.54294508100003],[9.324124260000076,48.541236956000034],[9.32263696900003,48.54675187200007],[9.314098003000026,48.54733261000007],[9.320382041000073,48.55767246700003],[9.309190495000053,48.56332316600003],[9.322654768000064,48.572164067000074],[9.314057946000048,48.580580163000036],[9.294424152000033,48.57360772800007],[9.299095106000038,48.57213859700005],[9.295315136000056,48.56551451400003],[9.285608386000035,48.565174702000036],[9.279031443000065,48.56863675400007],[9.25932023100006,48.56630432800006],[9.241229416000067,48.578439126000035],[9.225095453000051,48.565672902000074],[9.20860084800006,48.57146245300004],[9.20665722800004,48.58343705900006],[9.197744768000064,48.58826113100008],[9.198161351000067,48.59296965300007],[9.205601503000025,48.59308377600007],[9.20518365700002,48.60322292300003],[9.188314656000045,48.59764714500005],[9.18002554800006,48.60532825000007],[9.153857687000027,48.60562516200008],[9.121477886000037,48.600367593000044],[9.110446126000056,48.605255603000046],[9.117133873000057,48.61387731700006],[9.108280808000075,48.61625088900007],[9.10777336700005,48.62280990600004],[9.09562371000004,48.62166737600006],[9.09047664700006,48.61153786400007],[9.081144660000064,48.61155374200007],[9.089581730000077,48.60309021900008],[9.077903916000025,48.59803936000003],[9.079150174000063,48.58877370400006],[9.069811111000035,48.593339367000056],[9.052052589000027,48.59324369300003],[9.040540748000069,48.587381565000044],[9.03479954200003,48.57685311400007],[9.005868775000067,48.58845748300007],[8.992724065000061,48.58438495200005],[8.984534759000042,48.58752865100007],[8.98454055700006,48.59149803500003],[8.982807538000031,48.58770491000007],[8.975167077000037,48.58953445800006],[8.957384809000075,48.58689377200005],[8.954994530000022,48.58360460800003],[8.956423298000061,48.58765466300008],[8.949216884000066,48.587103556000045],[8.948869099000035,48.58021020000007],[8.93569916100006,48.57742475100008],[8.945204058000058,48.56753916500003],[8.932242722000069,48.56435246700005],[8.92419914800007,48.57089394900004],[8.911308080000026,48.572220842000036],[8.900670330000025,48.56432381500008],[8.889811189000056,48.56447228800005],[8.886959636000029,48.54180300400003],[8.850947223000048,48.537196753000046],[8.851254631000074,48.53207621400003],[8.860762818000069,48.528481330000034],[8.854487906000031,48.52276358200004],[8.855949459000044,48.51895926600008],[8.864937568000073,48.51623636800008],[8.844934275000071,48.50911411100003],[8.849057732000063,48.504960966000056],[8.846692018000056,48.50007790600006],[8.839068484000052,48.49901034800007],[8.833849303000022,48.50020961600006],[8.835594879000041,48.503205706000074],[8.79998120600004,48.50845392800005],[8.789855809000073,48.52007123700008],[8.771833428000036,48.524333358000035],[8.768902291000074,48.521841109000036]],[[9.168752311000048,48.60397930200003],[9.172044812000024,48.604081747000066],[9.171596320000049,48.59860947700008],[9.163876260000052,48.59754582100004],[9.167728594000039,48.59993369500006],[9.16432085100007,48.60436668800003],[9.168752311000048,48.60397930200003]]]},"properties":{"shapeName":"Tübingen","shapeISO":"","shapeID":"9070358B15022388296844","shapeGroup":"DEU","shapeType":"ADM2"}},
{"type":"Feature","geometry":{"type":"Polygon","coordinates":[[[10.886286126000073,47.53674085400007],[10.890209020000043,47.53720220100007],[10.904837953000026,47.51780516700006],[10.915601435000042,47.51929939000007],[10.91791481100006,47.51362991500008],[10.870477884000024,47.49936919100003],[10.870048944000075,47.48322013400008],[10.88133242300006,47.47925470300004],[10.91011293500003,47.48552022900003],[10.937054525000065,47.48146645800006],[10.928072665000059,47.47192523700005],[10.983600034000062,47.43001455700005],[10.984836160000043,47.42097075600003],[10.972254471000042,47.417549404000056],[10.968640360000052,47.411860088000026],[10.970328786000039,47.40002058400006],[11.005836953000028,47.39411967700005],[11.024098452000032,47.39695267800005],[11.031417128000044,47.393386236000026],[11.037378272000069,47.39653720900003],[11.048272645000054,47.393884694000064],[11.061485908000066,47.396558637000055],[11.115455044000043,47.39559307500008],[11.124299992000033,47.40012287300004],[11.122752098000035,47.40651064700006],[11.129196926000077,47.41279839600003],[11.155804456000055,47.42113987300007],[11.198162189000072,47.42748782700005],[11.206910414000049,47.43380120900008],[11.220534145000045,47.43041478100008],[11.248886575000029,47.432566019000035],[11.253410755000061,47.42824380500008],[11.223800624000035,47.40136229500007],[11.225001752000026,47.39527278300005],[11.23686658500003,47.39808991800004],[11.272891854000022,47.39785257200003],[11.290032492000023,47.40737823100005],[11.291059795000024,47.42717287800008],[11.317453476000026,47.43235896200008],[11.321246659000053,47.43756827200008],[11.330938888000048,47.43907572300003],[11.330917790000058,47.44418621500006],[11.338124368000024,47.44971730900005],[11.357511901000066,47.448752150000075],[11.364434108000069,47.44471820700005],[11.375509770000065,47.44910482000006],[11.421453927000073,47.44471427000008],[11.411704926000027,47.45618331000003],[11.409372653000048,47.466738932000055],[11.391354971000055,47.46655714800005],[11.383809621000069,47.47220770000007],[11.391040717000067,47.48230562600003],[11.407671844000049,47.49087976800007],[11.416676256000073,47.50217817300006],[11.437108055000067,47.51585355800006],[11.441730600000028,47.51761800200006],[11.449547640000048,47.50713536000006],[11.487557752000043,47.50901607600008],[11.505598889000055,47.50473145400008],[11.518341837000037,47.51095191100006],[11.535024219000036,47.50908249300005],[11.572452231000057,47.514509771000064],[11.587980725000023,47.52539813800007],[11.58715741900005,47.55517294100008],[11.600436025000022,47.56752336800008],[11.605554468000037,47.58080868400003],[11.612497836000045,47.57984349900005],[11.62213160500005,47.58425094800003],[11.633911714000021,47.58083171700008],[11.631167318000053,47.58671219100006],[11.63713910000007,47.594259039000065],[11.660253357000045,47.58378455700006],[11.68128704000003,47.58380760500006],[11.70013983900003,47.58894493400004],[11.74503171400005,47.587722013000075],[11.781035494000037,47.591185332000066],[11.843867748000036,47.58121483800005],[11.854913363000037,47.60233756400004],[11.864295076000076,47.60101650900003],[11.902747804000057,47.608371584000054],[11.913665544000025,47.61379568000007],[11.93313159400003,47.61277884200007],[11.96820247100004,47.61713718900006],[11.97619776700003,47.61296071400005],[11.980852809000055,47.61879011000008],[12.008548722000057,47.62514902200007],[12.022278158000063,47.611135801000046],[12.02953652900004,47.61161812300003],[12.037147928000024,47.617585621000046],[12.051225651000038,47.614866609000046],[12.064237610000077,47.61873700400008],[12.082350946000076,47.60973439600008],[12.11520488800005,47.61143135400005],[12.129001161000076,47.60563307800004],[12.139767793000033,47.605303452000044],[12.16356740200007,47.61347772100004],[12.179044991000069,47.61436863200004],[12.178144002000067,47.60086665400007],[12.20388194700007,47.60680973600006],[12.208133503000056,47.61387732800006],[12.19879338000004,47.64144134800006],[12.18179202500005,47.66856687400008],[12.168826780000074,47.68003915000003],[12.162598451000065,47.70112977800005],[12.18393085100007,47.70037055800003],[12.196375700000033,47.708456252000076],[12.203651084000057,47.70740327000004],[12.226644590000035,47.71829077500007],[12.24959923700004,47.74143112000007],[12.25697228100006,47.743007171000045],[12.26488637600005,47.732483063000075],[12.24686265500003,47.710842901000035],[12.241167476000044,47.69410412500008],[12.25518949700006,47.67929499300004],[12.263200870000048,47.67820151900003],[12.285096010000075,47.69018376900004],[12.338045374000046,47.697087347000036],[12.335197931000039,47.69282059300008],[12.338549191000027,47.690546392000044],[12.351542315000074,47.692095867000035],[12.363702107000051,47.683799570000076],[12.401358120000054,47.692244809000044],[12.440126465000048,47.69517254800007],[12.440728358000058,47.673857130000044],[12.452843822000034,47.66779724400004],[12.465139758000078,47.649624362000054],[12.49113348000003,47.63699828400007],[12.499216430000047,47.625017005000075],[12.512033571000075,47.62532322200008],[12.536344090000057,47.636475215000075],[12.575034111000036,47.63231955900005],[12.596855282000035,47.666295321000064],[12.607415246000073,47.67371332500005],[12.61680108400003,47.67246276100008],[12.630080225000029,47.67608732600007],[12.63875330600007,47.67100459200003],[12.64538622300006,47.67358415100006],[12.648616195000045,47.67032728100003],[12.666105064000021,47.68077937600003],[12.69590828500003,47.68220500900003],[12.715199485000028,47.67626937600005],[12.732918020000056,47.67946346000008],[12.74575605800004,47.67516742000004],[12.757193878000066,47.66301170400004],[12.763437084000032,47.66701593400006],[12.772528194000074,47.66585875800007],[12.781115045000035,47.67414135900003],[12.783927489000064,47.67161897900007],[12.778405650000025,47.66083316600003],[12.760473873000024,47.654946119000044],[12.759012632000065,47.65090388900006],[12.780705599000044,47.632776437000075],[12.789471817000049,47.63338336900006],[12.82461371100004,47.61210408300008],[12.822798659000057,47.609679579000044],[12.807302911000022,47.610227458000054],[12.793545864000066,47.60098880600003],[12.795318872000053,47.593254287000036],[12.779230115000075,47.57933187000003],[12.784311395000032,47.56884870300007],[12.79226833100006,47.56513568200006],[12.79447934500007,47.55662972600004],[12.817694742000072,47.54490706400003],[12.84756623900006,47.54603476300008],[12.851984968000068,47.530560716000025],[12.880401723000034,47.52192234100005],[12.885112696000022,47.51859159900005],[12.884407993000025,47.51269691700003],[12.90872405400006,47.49698922300007],[12.969434352000064,47.47418338400007],[12.977907428000037,47.484625977000064],[12.989320496000062,47.47758517200003],[12.994603891000054,47.47850167000007],[12.993404834000046,47.471667757000034],[13.00108399100003,47.46388374800006],[13.00624606100007,47.463989250000054],[13.026176948000057,47.48620866400006],[13.04750486100005,47.492083027000035],[13.043349512000077,47.519864565000034],[13.047331500000041,47.52137729300006],[13.031031507000023,47.53308656100006],[13.057295140000065,47.56210938700008],[13.050856404000058,47.56349607800007],[13.042720142000064,47.57375649900007],[13.043574404000026,47.58344655900004],[13.071881532000077,47.58837246200005],[13.062955511000041,47.602132855000036],[13.095626720000041,47.62800763900003],[13.098660589000076,47.63540706500004],[13.077159065000046,47.66943017800003],[13.080793954000058,47.68702414400008],[13.060834878000037,47.69711041800008],[13.04389356400003,47.713826521000044],[13.026929866000046,47.71642053100004],[13.01750491200005,47.72288808300004],[13.008318558000042,47.722263774000055],[13.001998171000025,47.713201629000025],[12.994918927000072,47.71304546600004],[12.99143186300006,47.708669318000034],[12.973525842000072,47.70706584200008],[12.955512981000027,47.707779464000055],[12.946789271000057,47.712145160000034],[12.925392717000022,47.71032153900006],[12.905046866000077,47.72364341900004],[12.917437278000023,47.741893308000044],[12.935195282000052,47.74731836800004],[12.935572752000041,47.75850111200003],[12.944764888000066,47.76460280100008],[12.942384192000077,47.77095944000007],[12.92822325700007,47.77125640400004],[12.939835627000036,47.77852471700004],[12.93951884200004,47.78508947100005],[12.947141543000043,47.78626494300005],[12.964635073000068,47.80051018300003],[12.984118184000067,47.82786362100006],[13.002718234000042,47.84208762600008],[13.00329458300007,47.85031169200005],[12.946417191000023,47.92181590400003],[12.938422652000042,47.94308308300003],[12.922835989000077,47.93912174400003],[12.917866941000057,47.95462776000005],[12.884250266000038,47.95933131100003],[12.872813734000033,47.96457097700005],[12.853202956000075,48.01299578000004],[12.76238733300005,48.07236935000003],[12.753416629000071,48.08571121700004],[12.749174993000054,48.10775114000006],[12.758580946000052,48.11840843900006],[12.759205853000026,48.12706116500004],[12.768552859000067,48.128748115000064],[12.785914498000068,48.12306374500008],[12.798789150000061,48.14616415800003],[12.810852854000075,48.15128903800007],[12.827297246000057,48.15280972100004],[12.833780235000063,48.15715123900003],[12.835736075000057,48.16493457900003],[12.847165782000047,48.16692322800003],[12.86864375700003,48.200846339000066],[12.944684450000068,48.20669256800005],[12.922141937000049,48.213537673000076],[12.891852750000055,48.236502726000026],[12.894304403000035,48.24619086400003],[12.90174735000005,48.246928171000036],[12.898846706000029,48.26308347500003],[12.894248928000025,48.26659268600008],[12.883663392000074,48.26190857600005],[12.886293978000026,48.26480448900003],[12.875845434000041,48.26548022500003],[12.879690254000025,48.271144985000035],[12.869656659000043,48.27179314700004],[12.859590422000053,48.279052386000046],[12.853857727000047,48.27809567800006],[12.858280199000035,48.28599760700007],[12.843663803000027,48.29554373800005],[12.822456058000057,48.30221215300003],[12.827064078000035,48.306414533000066],[12.823605924000049,48.31538360900004],[12.814357834000077,48.31601897500008],[12.809437418000073,48.31262314300005],[12.80936973100006,48.31633949800005],[12.805115796000052,48.316500520000034],[12.808345858000052,48.32011780400006],[12.783059808000075,48.32754644700003],[12.77488836200007,48.327187550000076],[12.768378432000077,48.32169729600008],[12.764330666000035,48.32539103400006],[12.733426678000058,48.321023826000044],[12.719945525000071,48.33030199400008],[12.702220036000028,48.33102630800005],[12.690381972000068,48.344286485000055],[12.682686108000041,48.34508670100007],[12.677565955000034,48.34069059600006],[12.66986243100007,48.340086917000065],[12.667290534000074,48.343555465000065],[12.666670873000044,48.331676765000054],[12.650862558000028,48.33945622600004],[12.639641475000076,48.338231],[12.640610080000044,48.34805223800004],[12.629393031000063,48.346590019000075],[12.621342802000072,48.34948194800006],[12.618996813000024,48.35842661000004],[12.615821923000055,48.34116414300007],[12.607291731000032,48.353631920000055],[12.609472207000067,48.359454664000054],[12.604537351000033,48.360196536000046],[12.604306661000066,48.369427812000026],[12.593071380000026,48.37360967300003],[12.59747469000007,48.380595809000056],[12.594266004000076,48.37918574200006],[12.591500401000076,48.38677157800004],[12.578979540000034,48.387026141000035],[12.582994008000071,48.37695746700007],[12.57944999700004,48.37584602900006],[12.572821020000049,48.39370803500003],[12.56654297800003,48.39567864000003],[12.56610979900006,48.403655987000036],[12.560746602000052,48.40364829200007],[12.561328635000052,48.40110993700006],[12.552825319000021,48.40770852500003],[12.55169027100004,48.40217311100008],[12.543208136000032,48.39965688400008],[12.537877901000059,48.40454398700007],[12.534991668000032,48.40930689600003],[12.540386113000068,48.41296708500005],[12.533534528000075,48.41459075400007],[12.54232558900003,48.41657036300006],[12.541621808000059,48.42232355300007],[12.531283042000041,48.41792903900006],[12.525677845000075,48.42027165400003],[12.523077670000077,48.41588498600004],[12.517083717000048,48.418306236000035],[12.516096634000064,48.423864922000064],[12.483791114000041,48.42967571100007],[12.480580503000056,48.42263546200007],[12.472767672000032,48.421085547000075],[12.472349922000035,48.415750323000054],[12.455798705000063,48.416623163000054],[12.45425358500006,48.41055852900007],[12.428666098000065,48.416045204000056],[12.441021771000067,48.40258017100007],[12.43763675300005,48.399986341000044],[12.441022738000072,48.39647308700006],[12.435488755000051,48.39382703500007],[12.435693583000045,48.38978507300004],[12.440757118000022,48.388902941000026],[12.438124076000065,48.38534429200007],[12.42616312000007,48.38575156200005],[12.428458078000062,48.37442394900006],[12.417424593000021,48.37259258800003],[12.413501169000028,48.36096859400004],[12.398707155000068,48.36403930100005],[12.398119593000047,48.358976882000036],[12.386446556000067,48.359147234000034],[12.381030338000073,48.34867498600005],[12.375350834000074,48.349401269000055],[12.375777044000074,48.34432158000004],[12.374036229000069,48.34677947000006],[12.362534167000035,48.345175598000026],[12.360084518000065,48.33146574600005],[12.356120815000054,48.33008459000007],[12.345670489000042,48.32996882400005],[12.330310835000034,48.34064723700004],[12.323218007000037,48.34003180000008],[12.321103939000068,48.33759352900006],[12.328939349000052,48.33176198000007],[12.327705368000068,48.32507334400003],[12.320388061000074,48.329214473000036],[12.315995479000037,48.325320832000045],[12.324138043000062,48.31980835000007],[12.308827109000049,48.31634643400008],[12.301603588000035,48.31900984600003],[12.302207511000063,48.330304590000026],[12.287964328000044,48.330434377000074],[12.285787084000049,48.32197420400007],[12.275795935000076,48.32078003700008],[12.27744132600003,48.32944759700007],[12.255626669000037,48.32662253900003],[12.255114384000024,48.322107122000034],[12.250550846000067,48.32194586700007],[12.233615576000034,48.33037028800004],[12.236779292000051,48.33630096600007],[12.232038961000057,48.33689713700005],[12.230044583000051,48.34191967700008],[12.234551286000055,48.34271223200005],[12.231519012000035,48.350392147000036],[12.226071830000024,48.35283677700005],[12.215178468000033,48.35116309700004],[12.209726433000071,48.360798576000036],[12.19652231200007,48.36296295600005],[12.195090702000073,48.369172330000026],[12.187347419000048,48.37125155200005],[12.195983554000065,48.377027756000075],[12.191979239000034,48.37951742400003],[12.195958491000056,48.38137192800008],[12.185660892000044,48.38382299500006],[12.188657969000076,48.39008153300006],[12.182200196000053,48.395402],[12.174106952000045,48.395762156000046],[12.166858697000066,48.40062933400003],[12.171285474000058,48.408449645000076],[12.165274329000056,48.42035787900005],[12.14949501700005,48.42281605100004],[12.148352620000026,48.42557124600006],[12.140999528000066,48.42109254600007],[12.137572512000077,48.42508389300008],[12.128136030000064,48.416414892000034],[12.125569837000057,48.42335062400008],[12.121566807000022,48.41998298300007],[12.112972327000023,48.42567573000008],[12.087981213000035,48.42380748700003],[12.082107835000045,48.428955004000045],[12.062786850000066,48.42185555800006],[12.057150597000032,48.42391367100004],[12.041996168000026,48.42109556400004],[12.04085454400007,48.41573358800008],[12.035224152000069,48.416261656000074],[12.036950696000076,48.41918739300007],[12.020770371000026,48.41630874700007],[12.019333760000052,48.43704874000008],[12.011259253000048,48.43798024600005],[12.015456480000068,48.444209440000066],[12.003952459000061,48.45284442900004],[11.996122523000054,48.44791449100006],[11.991688701000044,48.449764481000045],[12.00427877800007,48.467409141000076],[11.99791588200003,48.46809740700007],[12.008416220000072,48.48491688800004],[12.005835863000073,48.492497574000026],[12.010916168000051,48.49544673500003],[11.97462789900004,48.49182983500003],[11.957300539000073,48.50034877100006],[11.975037238000027,48.51256331600007],[11.969182745000069,48.51593283200003],[11.961402088000057,48.532323191000046],[11.971476289000066,48.538143525000066],[11.962974060000022,48.54727684900007],[11.972800250000034,48.550871493000045],[11.969548210000028,48.55642635500004],[11.962015584000028,48.557335486000056],[11.957906791000028,48.56628447300005],[11.964222058000075,48.56765817100006],[11.958814954000047,48.578531086000055],[11.942570942000032,48.57282585300004],[11.923264906000043,48.58187145200003],[11.916043796000054,48.580751570000075],[11.910186555000053,48.58523145000004],[11.898446572000068,48.586630358000036],[11.895404878000022,48.58340802400005],[11.885513851000042,48.588537588000065],[11.881467799000063,48.58114131600007],[11.86618849100006,48.57909134000005],[11.865875441000071,48.58291749800003],[11.854456263000031,48.58563883800008],[11.849974590000045,48.590490241000055],[11.821520478000025,48.59882540600006],[11.81155076300007,48.597684712000046],[11.816934108000055,48.602720274000035],[11.809422203000054,48.60917613200007],[11.801606193000055,48.60915188200005],[11.799000669000065,48.614182914000025],[11.784634938000067,48.611022639000055],[11.78279944600007,48.61497410700008],[11.774042770000051,48.59961510100004],[11.75146367900004,48.60079372400003],[11.743878301000052,48.60566856100007],[11.711357209000028,48.61269283200005],[11.712413968000021,48.61591893800005],[11.693004027000029,48.61868361000006],[11.697619262000046,48.621026131000065],[11.693446817000051,48.62347237500006],[11.697426085000075,48.626415329000054],[11.69257443500004,48.629197668000074],[11.69356020400005,48.633642835000046],[11.702639436000027,48.63426425600005],[11.712620270000059,48.64823553900004],[11.705557610000028,48.65020525400007],[11.701970119000066,48.65911206100003],[11.685544549000042,48.66334477200007],[11.695182436000039,48.67876462100003],[11.690469497000038,48.67708845000004],[11.689209384000037,48.67943134400008],[11.69550664600007,48.68367174800005],[11.68105292100006,48.69143519000005],[11.675316364000025,48.68846513600005],[11.653470773000038,48.70059860400005],[11.660014787000023,48.71272051300008],[11.668371696000065,48.716626244000054],[11.668794692000063,48.72433955000008],[11.657088767000062,48.72969559300003],[11.655406165000045,48.74413948400007],[11.714947835000032,48.75569183400006],[11.710641104000047,48.76170029900004],[11.698556163000035,48.76395551400003],[11.702301176000049,48.76775806000006],[11.695014779000076,48.783143077000034],[11.696925289000035,48.786144825000065],[11.70838264200006,48.78490249500004],[11.711120879000077,48.77813402800007],[11.736075097000025,48.790545921000046],[11.738751664000063,48.80102168600007],[11.725897949000057,48.810707154000056],[11.735629077000056,48.81154398900003],[11.741044915000032,48.81616990300006],[11.727176103000033,48.81790988500006],[11.707695671000067,48.81258615300004],[11.707789038000044,48.819017022000025],[11.702287924000075,48.820768642000075],[11.704947907000076,48.83354811400005],[11.699153269000021,48.83881519300007],[11.703596376000064,48.84111716600006],[11.711218184000074,48.835745544000076],[11.720160374000045,48.83696160300008],[11.723019246000035,48.845116887000074],[11.720994241000028,48.85344940500005],[11.715824414000053,48.85546678500003],[11.718308544000024,48.86536982500007],[11.722339697000052,48.86963451100007],[11.733703773000059,48.868699426000035],[11.733969375000072,48.87270816800003],[11.743524509000054,48.874167072000034],[11.74376458200004,48.87874277200007],[11.736393834000069,48.88383490500007],[11.739030502000048,48.88987718200008],[11.72250501800005,48.891651402000036],[11.717321006000077,48.89718629400005],[11.728495774000066,48.93008434500007],[11.720085398000037,48.932218498000054],[11.714963393000062,48.91906070600004],[11.703917685000022,48.91835291700005],[11.690778999000031,48.92465547100005],[11.686557968000045,48.933610318000035],[11.686154811000051,48.93036256100004],[11.674032239000041,48.929807148000066],[11.675669287000062,48.92694750800007],[11.667087408000043,48.924830694000036],[11.660536114000024,48.92815474500003],[11.667203422000057,48.93364767000003],[11.653555015000052,48.935309749000055],[11.654758031000028,48.92988234400008],[11.638295437000068,48.93158243400006],[11.631805625000027,48.94255745500004],[11.634595902000058,48.945429269000044],[11.622907440000063,48.94335792800007],[11.59930649200004,48.95149712700004],[11.57882733300005,48.974272177000046],[11.576390055000047,48.989087701000074],[11.562607007000054,48.98850399100007],[11.553216039000063,48.99191711900005],[11.55754853600007,48.99532052100005],[11.551936295000075,48.997182261000034],[11.552680768000073,49.00500992900004],[11.545522318000053,49.003386060000025],[11.536419618000025,49.00670906100004],[11.534461617000034,49.010415168000065],[11.541064369000026,49.00999077700004],[11.544302824000056,49.015927583000064],[11.543011611000054,49.02512818500003],[11.516278150000062,49.032026210000026],[11.52288833800003,49.03797468500005],[11.514821150000046,49.043427276000045],[11.533449570000073,49.041124841000055],[11.532465116000026,49.05238852300005],[11.540733208000063,49.060397038000076],[11.536001543000054,49.061241530000075],[11.544593,49.06418406200004],[11.538009145000046,49.069948348000025],[11.51043028600003,49.07229666300003],[11.504282603000036,49.07689461000007],[11.487521611000034,49.06344298500005],[11.466132560000062,49.06582453500005],[11.461016811000036,49.061901728000066],[11.457780606000028,49.065547466000055],[11.428238793000048,49.06646013000005],[11.39496405500006,49.08295835500007],[11.396049181000024,49.087564179000026],[11.38989082200004,49.08632699900005],[11.39375252700006,49.08241662300003],[11.385713791000057,49.078858205000074],[11.396847690000072,49.070922058000065],[11.399565324000037,49.06163909300005],[11.412809097000036,49.059130149000055],[11.411219032000076,49.06336179400006],[11.41721463400006,49.061918569000056],[11.42651789200005,49.051677494000046],[11.407929817000024,49.05076849400007],[11.406524954000076,49.05393713800004],[11.40055241300007,49.05364356600006],[11.407157469000026,49.03805585200007],[11.415865102000055,49.03477367700003],[11.400565695000068,49.030121628000074],[11.386383133000038,49.03101751100007],[11.38498372500004,49.02331998400007],[11.379294853000033,49.021862731000056],[11.381805004000057,49.01701273000003],[11.364959720000058,49.01487765100006],[11.35034481100007,49.02129513300008],[11.345929409000064,49.019853484000066],[11.35129220400006,49.016844494000054],[11.342475759000024,49.01396994100003],[11.341830074000029,49.00680665300007],[11.335565773000042,49.00814829800004],[11.333828555000025,49.00095507800006],[11.327118982000059,48.99793019100008],[11.30605508900004,49.00375974700006],[11.297195138000063,49.016155010000034],[11.293247798000039,49.016443937000076],[11.296453339000038,49.005987306000065],[11.287545657000067,49.00408695100003],[11.26356886700006,49.014455904000044],[11.265394081000068,49.026964027000076],[11.269753879000064,49.02846320000003],[11.251997896000034,49.03892796200006],[11.253396732000056,49.04528683900003],[11.251447030000065,49.04309623600005],[11.248833716000036,49.04574923000007],[11.255388499000048,49.05278405800004],[11.246434385000043,49.04721342600004],[11.225073011000063,49.051698402000056],[11.225429875000032,49.04903363900007],[11.216592179000031,49.05103347000005],[11.209442052000043,49.045916066000075],[11.20192690400006,49.04759152300005],[11.179524236000077,49.028644291000035],[11.181276209000032,49.025124636000044],[11.185926026000061,49.02683460800006],[11.18372628700007,49.023319754000056],[11.189641041000073,49.02280671200003],[11.19057705800003,49.018438554000056],[11.181443972000068,49.01373647400004],[11.17544287100003,49.01778447000004],[11.163091717000043,49.01477817400007],[11.16121600200006,49.007444864000036],[11.164990375000059,49.004457579000075],[11.155518621000056,49.002693355000076],[11.163468984000076,48.99925551800004],[11.16256461100005,48.99610382600008],[11.14318903700007,48.99150395100003],[11.148126177000051,48.98561106400007],[11.140841723000051,48.973195891000046],[11.14499459700005,48.973153997000054],[11.139738425000075,48.96828231900008],[11.142374885000038,48.96518213600007],[11.101227932000029,48.96611279900003],[11.070427055000039,48.953664494000066],[11.071038113000043,48.94989281100004],[11.050608828000065,48.93187231300004],[11.066521300000034,48.92469858700008],[11.074045932000047,48.91447664700007],[11.071117344000072,48.91145170500005],[11.059434115000045,48.91355254400003],[11.059484672000053,48.909657896000056],[11.049612336000052,48.90780924900008],[11.045030474000043,48.90196768200008],[11.036125774000027,48.90970965200006],[11.032378276000031,48.90890015700006],[11.032049028000074,48.905423135000035],[11.044770673000073,48.90070080800007],[11.029365335000023,48.895297189000075],[11.027104864000023,48.890539112000056],[11.031318609000039,48.88691513300006],[11.018723945000033,48.88432476200006],[11.008824703000073,48.886471431000075],[10.974122138000041,48.87871886700003],[10.963057874000071,48.867865074000065],[10.963137722000056,48.859356621000074],[10.947052940000049,48.86516026800007],[10.93683930900005,48.86327612600007],[10.95262330600002,48.86169320800008],[10.96459350400005,48.854808766000076],[10.977892046000022,48.86415091400005],[10.97630575100004,48.86225104300007],[10.984672992000071,48.86065905800007],[10.969242548000068,48.853932934000056],[10.970352500000047,48.84152801500005],[10.998441562000039,48.84356433800008],[10.995353269000077,48.83602349100005],[11.005941423000024,48.82188299900008],[10.978371547000052,48.80909922600006],[10.958218723000073,48.81045207400007],[10.951698158000056,48.814657287000045],[10.947425370000076,48.81079116800004],[10.956368144000066,48.80768970200006],[10.955897024000024,48.802466466000055],[10.961233034000031,48.80238152900006],[10.960219571000039,48.79600042700008],[10.976109417000032,48.79918918900006],[10.97955068400006,48.79199770300005],[10.986241562000032,48.79004409100003],[10.973976418000063,48.77730851700005],[10.96525303900006,48.77435058200007],[10.974492062000024,48.77485185000006],[10.970860209000023,48.768868087000044],[10.976795663000075,48.77063245900007],[10.998434916000065,48.76453921500007],[10.998969372000033,48.76104733200003],[10.996776483000076,48.76343136100007],[10.993041033000054,48.75994962000004],[10.996493418000057,48.751448148000065],[10.985735285000032,48.74621322200005],[10.983732977000045,48.74041239400003],[10.987930445000075,48.73865838100005],[10.981753204000029,48.73546579600003],[10.990001563000021,48.73640099600004],[11.00461355400006,48.73091758000004],[10.997786678000068,48.731614603000025],[10.995527990000028,48.72769818000006],[11.001832097000033,48.722112192000054],[10.997608595000031,48.721132958000055],[10.989980307000053,48.72619395800007],[10.988355570000067,48.71870992200007],[10.984263359000067,48.71857495000006],[10.984837680000055,48.724381933000075],[10.979808669000022,48.72440375900004],[10.990193107000039,48.70045195700004],[10.983958886000039,48.692862010000056],[10.997160141000052,48.68151929000004],[10.994346904000054,48.67835923600006],[11.002064780000069,48.67210354600007],[11.002392804000067,48.66585013800005],[11.009562764000066,48.66601529600007],[11.009135779000076,48.660234925000054],[11.015439682000022,48.65560155800006],[11.019152734000045,48.657463405000044],[11.014797932000022,48.652672918000064],[11.039609702000064,48.64542384100008],[11.034800493000034,48.646204391000026],[11.03157495000005,48.63911381300005],[11.041061916000046,48.62710778100006],[11.025997001000064,48.626433862000056],[11.02298614800003,48.62017130500004],[11.037942781000027,48.60746297700007],[11.046893963000059,48.60691163800004],[11.05069919500005,48.60120685900006],[11.07786803600004,48.605618768000056],[11.079635590000066,48.60097437700006],[11.096680528000036,48.604338648000066],[11.109248698000044,48.60267207800007],[11.106373616000042,48.60834034800007],[11.115249018000043,48.60862797000004],[11.120021445000077,48.60749530100003],[11.120122630000026,48.59519296900004],[11.125570254000024,48.591853126000046],[11.139920301000075,48.593368276000035],[11.142242227000054,48.58906609200005],[11.15511609400005,48.59590015300006],[11.165633800000023,48.579389992000074],[11.16195850500003,48.57620170700005],[11.165074060000052,48.57174367500005],[11.156694630000061,48.56871538000007],[11.155315167000026,48.56184439100008],[11.131324003000032,48.562999852000075],[11.126825632000077,48.55346658900004],[11.133390447000068,48.55311451000006],[11.133966877000034,48.54952329900004],[11.152891732000057,48.54980900700008],[11.182415803000026,48.53899315000007],[11.19120395300007,48.53037802800003],[11.208667610000077,48.52748002200008],[11.210863758000073,48.51364434900006],[11.21626952500003,48.51012638200007],[11.209903066000038,48.50723074800004],[11.213551167000048,48.49572439800005],[11.220646460000069,48.49429363000007],[11.220354457000042,48.491004446000034],[11.248577075000071,48.48591638900007],[11.247985406000055,48.47730604700007],[11.257192252000038,48.474482849000026],[11.257128666000028,48.46775729700005],[11.264573067000072,48.46737336700005],[11.265699891000054,48.46420939700005],[11.272874241000068,48.46645242300008],[11.276439280000034,48.47382784500007],[11.286929151000038,48.47133235200005],[11.304008408000072,48.47432125600005],[11.298521745000073,48.46630613000008],[11.299803132000022,48.45519512200008],[11.311674872000026,48.452272804000074],[11.301008312000022,48.44971599000007],[11.302240296000036,48.44610266600006],[11.292560518000073,48.44305097400007],[11.28755711100007,48.44634712200008],[11.274259318000077,48.44395730700006],[11.260358977000067,48.44680201600005],[11.264335372000062,48.44438276200003],[11.256517187000043,48.44047117500003],[11.247524809000026,48.441058086000055],[11.23942310700005,48.43071395000004],[11.21434354300004,48.430537265000055],[11.198913249000043,48.42022172600008],[11.192976849000047,48.42200057800005],[11.187586674000045,48.41770515400003],[11.17824958400007,48.41746616100005],[11.188391968000076,48.405813324000064],[11.189373556000021,48.39784074700003],[11.19825961600003,48.39511444500005],[11.198314852000067,48.38668013500006],[11.188336108000044,48.37590821900005],[11.183271322000053,48.37504259600007],[11.182817630000045,48.377947565000056],[11.174103256000024,48.37577404600006],[11.183835316000057,48.36633214100004],[11.16600513000003,48.368896266000036],[11.168755841000063,48.36325581700004],[11.164902028000029,48.36022456000006],[11.171879170000068,48.35585124600004],[11.161468852000041,48.34701638900003],[11.167193561000033,48.345620773000064],[11.164140063000048,48.34423658700007],[11.168155580000075,48.336048421000044],[11.173646680000047,48.335735327000066],[11.16298198000004,48.326423274000035],[11.155618264000054,48.32625152300005],[11.157612542000038,48.32326256600004],[11.147974743000077,48.32122579900005],[11.138759417000074,48.325497151000036],[11.129933881000056,48.32411755100003],[11.131375609000031,48.319865579000066],[11.12208376600006,48.31638497400007],[11.117403671000034,48.309749045000046],[11.12654393500003,48.30148883000004],[11.11030815600003,48.297336288000054],[11.120760808000057,48.27576311200005],[11.115441899000075,48.26726086100007],[11.096208753000042,48.26031806800006],[11.093088746000035,48.263967095000055],[11.096709264000026,48.26715716800004],[11.092397592000054,48.26583186000005],[11.082240728000045,48.274768083000026],[11.077012121000053,48.274346706000074],[11.077962694000064,48.27844144200003],[11.071626151000032,48.28127491200007],[11.071331487000066,48.277317604000075],[11.066112783000051,48.27787794900007],[11.059646766000071,48.27271910700006],[11.066557051000075,48.25534105300005],[11.054544247000024,48.25737112400003],[11.04460507400006,48.25465167100003],[11.044206405000068,48.24987161800004],[11.057117013000038,48.250363563000064],[11.058781927000041,48.246230524000055],[11.05724138200003,48.24115676000008],[11.04571375200004,48.241753936000066],[11.045756415000028,48.23711470200004],[11.040165039000044,48.236047445000054],[11.041464192000035,48.229862737000076],[11.03729910800007,48.229199890000075],[11.04897599000003,48.22415265500007],[11.038652926000054,48.221362756000076],[11.047745681000038,48.21999630200003],[11.051140758000031,48.21323668600007],[11.060396117000039,48.21331579300005],[11.059218739000073,48.19614161100003],[11.040560091000032,48.19661248800003],[11.036848306000024,48.19164118600003],[11.025237642000036,48.19850272800005],[10.99107295400006,48.20630631300003],[10.988336331000028,48.21022897700004],[10.974903313000027,48.20807227000006],[10.972901703000048,48.203902646000074],[10.966142489000049,48.20256141100003],[10.96760387200004,48.19998551100008],[10.961004570000057,48.19891658700004],[10.943936271000041,48.206934800000056],[10.947006653000074,48.219687521000026],[10.941447830000072,48.219377329000054],[10.937269874000037,48.226082692000034],[10.93324637400002,48.22467449800007],[10.928078626000058,48.234599469000045],[10.903410909000058,48.236676610000075],[10.890514542000062,48.191134463000026],[10.882421606000037,48.18710845500004],[10.877071078000029,48.19063299700008],[10.87204332500005,48.16966741900006],[10.86726438200003,48.16471255300007],[10.865207566000038,48.16640947900004],[10.860478736000061,48.15743536800005],[10.848227326000028,48.158620160000055],[10.850895446000038,48.15504816100008],[10.843939872000021,48.15137630400005],[10.848579078000057,48.147523887000034],[10.835134181000058,48.14688083100003],[10.813859862000072,48.15232396300007],[10.785813021000024,48.14992384100003],[10.794614877000072,48.12795713200006],[10.788369025000065,48.125992618000055],[10.789630044000035,48.120572081000034],[10.797737806000043,48.115911865000044],[10.801532124000062,48.104170407000026],[10.816167308000047,48.10511805900006],[10.81626852900007,48.10207038900006],[10.808012465000047,48.08666830800007],[10.783990489000075,48.076428245000045],[10.78582403200005,48.06163075400008],[10.781906535000076,48.06129930900005],[10.781406769000057,48.06536363500004],[10.774223795000069,48.06387166800005],[10.765717016000053,48.04807200700003],[10.756272425000077,48.04675513700005],[10.75985819300007,48.04544330700003],[10.756359749000069,48.040345856000044],[10.761130771000069,48.04020875300006],[10.760260165000034,48.03447616500006],[10.764897053000027,48.034236743000065],[10.794947251000053,48.04000614300003],[10.815651253000055,48.030887721000056],[10.81583915400006,48.022115212000074],[10.807483739000077,48.01915360100003],[10.80917271800007,48.01054727600007],[10.811765585000046,48.00343825400006],[10.823982685000033,48.00373538900004],[10.825414669000054,47.997466071000076],[10.819723796000062,47.995523313000035],[10.826458064000064,47.995260759000075],[10.815342172000044,47.98430247500005],[10.818751317000022,47.98180064100006],[10.811526509000032,47.97405539600004],[10.81628555900005,47.97307100200004],[10.807651801000077,47.97091141300007],[10.807415414000047,47.95874182000006],[10.800875948000055,47.95283669500003],[10.79451582300004,47.95630736700008],[10.79968184200004,47.93685889900007],[10.791556427000046,47.935784295000076],[10.78693533300003,47.938548499000035],[10.78719583800006,47.93575088600005],[10.77295824600003,47.930023034000044],[10.773918094000067,47.92200616500003],[10.783409290000066,47.92153258400003],[10.778923419000023,47.906183620000036],[10.785250559000076,47.904194188000076],[10.791455928000062,47.90740925100005],[10.779357317000063,47.89544196200006],[10.773455239000043,47.897061620000045],[10.771675552000033,47.88379512100005],[10.784869404000062,47.884867032000045],[10.78657122800007,47.88801730500006],[10.789580582000042,47.883928910000066],[10.783764769000072,47.87454871800003],[10.773274289000028,47.873284460000036],[10.769676754000045,47.865595563000056],[10.752977908000048,47.861901024000076],[10.753514840000037,47.85721723900008],[10.748334563000071,47.85478451600005],[10.767506637000054,47.854119111000045],[10.764129229000048,47.84930101400005],[10.770709100000033,47.84880856700005],[10.766610944000035,47.839058227000066],[10.75829786600002,47.838571373000036],[10.764431495000053,47.83090294100003],[10.752537354000026,47.817450079000025],[10.755415279000033,47.81144887200003],[10.747583302000066,47.81138603200003],[10.746900449000066,47.80822407100004],[10.753860257000042,47.807408243000054],[10.748894550000045,47.79532260500008],[10.756171272000074,47.79002902700006],[10.761510929000053,47.792227754000066],[10.766320650000068,47.78509941800007],[10.78089750600003,47.78074008900006],[10.778687430000048,47.77658476600004],[10.78277285200005,47.77524417600006],[10.774292019000029,47.76531727100007],[10.757014437000066,47.76891200500006],[10.748403505000056,47.76476820000005],[10.747188231000052,47.76736329400006],[10.738715390000038,47.76564162500006],[10.739735936000045,47.75852374500005],[10.749176244000068,47.758713139000065],[10.738885517000028,47.75351994400006],[10.733112516000062,47.74413969400007],[10.731067718000077,47.720214154000075],[10.736087155000064,47.71716593900004],[10.732100135000053,47.71316651500007],[10.718530119000036,47.712799173000064],[10.715888480000046,47.70548046400006],[10.72146848400007,47.70288116900008],[10.720652914000027,47.69909954500008],[10.738047506000044,47.69554923800007],[10.730113778000032,47.681071358000054],[10.741385425000033,47.688198370000066],[10.755021257000067,47.68828578600005],[10.755416371000024,47.695240299000034],[10.773784974000023,47.70005731900005],[10.782988201000023,47.70715752400008],[10.787743315000057,47.705934427000045],[10.793060866000076,47.71813294100008],[10.807325865000053,47.72502231300007],[10.829104130000076,47.72779630000008],[10.828384547000041,47.71847844500007],[10.816547203000027,47.709080689000075],[10.804251592000071,47.70802835500007],[10.798543185000028,47.701942331000055],[10.798372666000034,47.68686362700004],[10.778099051000027,47.66222312000008],[10.796194222000054,47.656325415000026],[10.823117591000027,47.65689580900005],[10.840969874000052,47.66660400300003],[10.841861399000038,47.66320972800003],[10.850688723000076,47.667215104000036],[10.876103730000068,47.655279094000036],[10.915151562000062,47.66059256200003],[10.917644757000062,47.655432860000076],[10.90321336900007,47.637308433000044],[10.925756043000035,47.63022874700005],[10.935752066000077,47.61627630600003],[10.952785697000024,47.61626536600005],[10.940816451000046,47.60967752000005],[10.942284597000025,47.597257779000074],[10.924904989000026,47.58636569200007],[10.907745765000072,47.580227827000044],[10.890675432000023,47.579737342000044],[10.872825938000062,47.572458881000045],[10.877264355000023,47.567681261000075],[10.871372717000042,47.56276856000005],[10.875289485000053,47.557561544000066],[10.882528274000038,47.55642210700006],[10.878145251000035,47.54675650900003],[10.886286126000073,47.53674085400007]]]},"properties":{"shapeName":"Oberbayern","shapeISO":"","shapeID":"9070358B1315543690610","shapeGroup":"DEU","shapeType":"ADM2"}},
{"type":"Feature","geometry":{"type":"Polygon","coordinates":[[[12.944684450000068,48.20669256800005],[12.966567320000024,48.21451524500003],[13.000770077000027,48.238911459000064],[13.017192,48.25586217700004],[13.056823511000061,48.26599956700005],[13.078252421000059,48.27652463700008],[13.129069901000037,48.27863622000007],[13.181660579000038,48.295077347000074],[13.249775156000055,48.29294958200006],[13.261433719000024,48.29504203300007],[13.325064241000064,48.320911986000056],[13.367894500000034,48.35333727900007],[13.407787487000064,48.37199933000005],[13.416895902000022,48.38236174600007],[13.421672433000026,48.40396597900008],[13.439958168000032,48.43296739700003],[13.42755790800004,48.45850216000008],[13.45796536100005,48.511388373000045],[13.446543533000067,48.52321192000005],[13.450163884000062,48.53761292000007],[13.436690851000037,48.55422360800003],[13.450104069000076,48.56397308100003],[13.463660419000064,48.553980971000044],[13.47539216000007,48.556094958000074],[13.47459002000005,48.56235048800005],[13.478927610000028,48.564650673000074],[13.489131020000059,48.56292941700008],[13.491947996000022,48.56937757500003],[13.503966050000031,48.57248194300007],[13.506979469000044,48.577710110000055],[13.501675874000057,48.580891018000045],[13.506301277000034,48.58887445000005],[13.517764317000058,48.590362930000026],[13.567189170000063,48.56191662800006],[13.581122734000076,48.55964380200004],[13.59025563800003,48.56865102100005],[13.599471892000054,48.56936497400005],[13.625784805000023,48.553994670000066],[13.653285424000046,48.54890653800004],[13.664587449000066,48.53403892000006],[13.687338877000059,48.527956439000036],[13.705170421000048,48.51778255100004],[13.72735945200003,48.51300820800003],[13.73358948300006,48.52543176900008],[13.74754159300005,48.52987847500003],[13.748488234000035,48.539669710000055],[13.74372724400007,48.54407449100006],[13.754783,48.551203808000025],[13.746652749000077,48.55246661600006],[13.754124827000055,48.56377975300006],[13.760205362000022,48.56548203300008],[13.770427372000029,48.55364358600008],[13.790461595000068,48.571852429000046],[13.801086760000032,48.57380275700007],[13.807207604000041,48.58421343300006],[13.801471109000033,48.59759513000006],[13.80840923900007,48.59987187400003],[13.807341115000042,48.60492523200003],[13.815660727000022,48.614247885000054],[13.822322040000074,48.61416173200007],[13.825718996000035,48.618549606000045],[13.826048988000025,48.635809005000056],[13.814177187000041,48.649787425000056],[13.819659356000045,48.671254419000036],[13.813676370000053,48.691916072000026],[13.817859294000073,48.694696832000034],[13.83357409000007,48.691963292000025],[13.83757629400003,48.70066740900006],[13.814210135000053,48.70100435400008],[13.811182160000044,48.70863183000006],[13.802957179000032,48.70819590100007],[13.794917175000023,48.714928274000044],[13.80146774700006,48.717077205000066],[13.810250344000053,48.72875773100003],[13.818805073000021,48.731519132000074],[13.821245673000021,48.754476243000056],[13.836126831000058,48.76265471900007],[13.839506769000025,48.77160490300008],[13.813168404000066,48.77398241800006],[13.80390238900003,48.78112642100007],[13.815318339000044,48.796900727000036],[13.787993135000022,48.82517908600005],[13.793092275000049,48.830221351000034],[13.773933649000071,48.83057136300005],[13.764746363000029,48.83424610600008],[13.750146789000041,48.858291017000056],[13.750606074000075,48.86675703900005],[13.737243914000032,48.87967476800003],[13.737929348000023,48.88584781700007],[13.730533260000072,48.88710300900004],[13.716819558000054,48.87815773700004],[13.702584494000064,48.88168125000004],[13.689132320000056,48.87836284400004],[13.671602417000031,48.88007144100004],[13.669582412000068,48.890266702000076],[13.655197417000068,48.89346551500006],[13.638086346000023,48.91906087000007],[13.638018963000036,48.925697402000026],[13.622335608000071,48.93899525200004],[13.629711798000073,48.948318276000066],[13.621403125000029,48.94885633500007],[13.608188312000038,48.94382537200005],[13.608540677000065,48.94048719700004],[13.605484554000043,48.94168164200005],[13.590728726000066,48.952773542000045],[13.59231660000006,48.96217320200003],[13.580125158000044,48.97072456600006],[13.57275676300003,48.96606889800006],[13.563251411000067,48.97048629600005],[13.548029512000028,48.96688981400007],[13.529236960000048,48.97410286300004],[13.515861614000073,48.96875389300004],[13.507073735000063,48.96908625200007],[13.50825801700006,48.942165884000076],[13.499067793000052,48.94116213400008],[13.483552075000034,48.95126386800007],[13.466983115000062,48.955638891000035],[13.459491182000022,48.96261124700004],[13.426188542000034,48.97250180800006],[13.424610284000039,48.97727292900004],[13.402895553000064,48.98734273500003],[13.402174143000025,48.99423831400003],[13.409274363000065,49.003066827000055],[13.40029289000006,49.01624095600005],[13.40585526600006,49.02365213000007],[13.39968361700005,49.03703396000003],[13.391992197000036,49.04173147400007],[13.397338108000042,49.044833141000026],[13.397147201000053,49.05100999700005],[13.375877726000056,49.058398331000035],[13.370113304000029,49.06780011400008],[13.346479604000024,49.08227579700008],[13.344669001000057,49.08846630600004],[13.289188609000064,49.11863469000008],[13.276359940000077,49.12047769900005],[13.236364794000053,49.11359506200006],[13.205650270000035,49.122127129000035],[13.170321564000062,49.14404040200003],[13.176875560000042,49.16422669900004],[13.170908085000065,49.17357973400004],[13.160328725000056,49.15994437900008],[13.16400531000005,49.14650908500005],[13.158695314000056,49.13978577800003],[13.141709480000031,49.13522836000004],[13.134509237000032,49.12722231500004],[13.133486756000025,49.111750950000044],[13.127858078000031,49.11085716900004],[13.105952767000076,49.11471727300005],[13.098352194000029,49.12048304900003],[13.068197841000028,49.129476787000044],[13.065675465000027,49.14625688800004],[13.048328207000054,49.15522991900008],[13.015040562000024,49.15709795200007],[13.004412991000038,49.16119695000003],[12.994854455000052,49.15761215900005],[12.974388497000064,49.161233852000066],[12.977201126000068,49.16656265200004],[12.971181779000062,49.16640752400008],[12.945214706000058,49.139077891000056],[12.917812300000037,49.14926618700008],[12.914719887000047,49.139019381000026],[12.924209707000045,49.13352268600005],[12.898907861000055,49.12749781200006],[12.891408382000066,49.12821659200006],[12.879492888000073,49.137559288000034],[12.863604081000062,49.12979983000008],[12.840129269000045,49.13511909200008],[12.826315217000058,49.12415153400008],[12.818918353000072,49.12915545100003],[12.80892340500003,49.126329242000054],[12.809813875000032,49.123225888000036],[12.806784573000073,49.12576137700006],[12.794021143000066,49.12206396400006],[12.794775962000074,49.12755589300008],[12.78636300900007,49.13526355100004],[12.77880981100003,49.12716195200005],[12.767274807000035,49.12651415000005],[12.763761835000025,49.118567203000055],[12.768203076000077,49.114760801000045],[12.762900192000075,49.10992349800006],[12.759879985000055,49.11275046700007],[12.73623030400006,49.11259625800005],[12.740756456000042,49.115898308000055],[12.735958850000031,49.11945872800004],[12.705970989000036,49.10856218500004],[12.706317634000072,49.104451991000076],[12.677310266000063,49.10156445800004],[12.652990034000027,49.10997141100006],[12.64906909800004,49.10010351300008],[12.62214059200005,49.104765428000064],[12.618220422000036,49.09569743000003],[12.61589317000005,49.09887283300003],[12.599734200000057,49.09849322300005],[12.601406265000037,49.10196214900003],[12.587952684000072,49.09919948600003],[12.58761964100006,49.09371683100005],[12.577279884000063,49.094928253000035],[12.567156212000043,49.08843683500004],[12.555160027000056,49.08952156000004],[12.532897414000047,49.075864410000065],[12.536460464000072,49.07103974700004],[12.532680006000021,49.07167535700006],[12.527325946000076,49.057663941000044],[12.514179976000037,49.05629083900004],[12.502664981000066,49.061878225000044],[12.494741438000062,49.061317976000055],[12.496574114000055,49.055967655000075],[12.48717040200006,49.05068255700007],[12.485677682000073,49.04467168300005],[12.473358708000035,49.03996809900008],[12.472611271000062,49.03640927500004],[12.48099766200005,49.030673541000056],[12.479908981000051,49.02280203000004],[12.489438806000067,49.021994],[12.491274033000025,49.018056407000074],[12.482356604000074,48.99462389900003],[12.48924125700006,48.980618426000035],[12.477232825000044,48.974585682000054],[12.451917236000043,48.98280650800007],[12.443986872000039,48.982212134000065],[12.438034432000052,48.97475289800008],[12.437452604000043,48.97144125800003],[12.45355481100006,48.96310106400006],[12.452162472000055,48.95635959300006],[12.445179228000029,48.95665244200006],[12.446297635000064,48.95354695300006],[12.439611499000023,48.95715419000004],[12.443377310000074,48.946139291000065],[12.439047535000043,48.93522928600004],[12.44391717700006,48.936791002000064],[12.446970493000038,48.92543758000005],[12.457553964000056,48.91889328500008],[12.442077908000044,48.91510444900007],[12.434897644000046,48.90416314000004],[12.43624939800003,48.898714608000034],[12.427075975000037,48.89931437300004],[12.42433225700006,48.88691929400005],[12.432697340000061,48.88355375300006],[12.431837406000056,48.87772081300005],[12.417244496000023,48.87450435800008],[12.388044454000067,48.85681672700008],[12.384829358000047,48.85056468200003],[12.372176652000064,48.84662173900006],[12.36106413400006,48.84688893300006],[12.342818786000066,48.85997600500008],[12.335664400000041,48.85430950300008],[12.32804378700007,48.85684580700007],[12.325405988000057,48.86210688700004],[12.314154159000054,48.86310528300004],[12.315168318000076,48.85935652100005],[12.30043872300007,48.85508228400005],[12.302530261000072,48.84643015300003],[12.294568108000021,48.844534596000074],[12.294265315000075,48.83966359800007],[12.28472438800003,48.85112495900006],[12.277708115000053,48.84193522800007],[12.272709647000056,48.84240172700004],[12.268571546000032,48.848152998000046],[12.272980889000053,48.851690321000035],[12.26642696500005,48.85326979000007],[12.26329697600005,48.862045558000034],[12.25127943900003,48.85056725100003],[12.255386262000059,48.85094485400003],[12.258485534000044,48.845541911000055],[12.25745629000005,48.836402570000075],[12.24613077600003,48.83060513500004],[12.238680335000026,48.837531600000034],[12.233089988000074,48.837447815000075],[12.23476118900004,48.82587111300006],[12.228254666000055,48.82297669500008],[12.226398485000061,48.814837330000046],[12.235919999000032,48.81141479300004],[12.214195218000043,48.80717289800003],[12.210674058000052,48.80926886600008],[12.209660915000029,48.804307092000045],[12.196311680000065,48.807500642000036],[12.190420352000046,48.80179710500005],[12.191733356000043,48.79297048800004],[12.171364896000057,48.79968310800007],[12.166651243000047,48.78930104500006],[12.129704164000032,48.77958467500008],[12.127661713000066,48.772247435000054],[12.135276047000048,48.76591213700004],[12.112910122000073,48.768981179000036],[12.106788449000021,48.76492300500007],[12.104642444000035,48.77080986000004],[12.09749606400004,48.77199215700006],[12.097028709000028,48.790494385000045],[12.108692752000024,48.80313440800006],[12.103910779000046,48.80512843500003],[12.107679382000072,48.81406946200008],[12.102165205000063,48.826517687000035],[12.10964616800004,48.83149327600006],[12.098468118000028,48.843329432000075],[12.107639059000064,48.85028595600005],[12.100789709000026,48.850845923000065],[12.105943765000063,48.85795667300005],[12.119496641000069,48.86454323700008],[12.12998747000006,48.861871473000065],[12.133772838000027,48.87798604100004],[12.129336709000029,48.885117035000064],[12.121971669000061,48.88514347600005],[12.121378019000076,48.88085212900006],[12.115755773000046,48.881995267000036],[12.120823874000052,48.89814113700004],[12.108591638000064,48.89628521700007],[12.109808909000037,48.90646908600007],[12.098646071000076,48.90664748700004],[12.083666042000061,48.90050119700004],[12.079670586000077,48.90454781700004],[12.085388456000032,48.92020453200007],[12.09460505100003,48.92216491700003],[12.078844403000062,48.92521875300008],[12.075869630000057,48.93139530700006],[12.08108702100003,48.937119909000046],[12.065426340000045,48.943695742000045],[12.04913196800004,48.943514951000054],[12.04496610700005,48.950044054000045],[12.033521164000035,48.947586382000054],[12.030093097000076,48.95699581000008],[12.034618557000044,48.95947856400005],[12.020049107000034,48.96384393100004],[12.019555296000021,48.956588071000056],[12.014072143000021,48.953588919000026],[11.994517334000022,48.952880883000034],[11.99561357500005,48.949456808000036],[11.986830809000026,48.953442308000035],[11.990706016000047,48.96468914500008],[11.985179665000032,48.961065707000046],[11.980368033000047,48.96454800200007],[11.966093005000062,48.96461940300003],[11.965148069000065,48.957058044000064],[11.959404448000043,48.95356310200003],[11.949598124000033,48.95435729900004],[11.947907047000058,48.94735794500008],[11.927474777000043,48.94579720400003],[11.917350199000055,48.955876716000034],[11.929914798000027,48.95535528000005],[11.932204839000065,48.964498192000065],[11.923279234000063,48.967539197000065],[11.923587072000032,48.97150236200008],[11.915459249000037,48.97185202900005],[11.911681370000053,48.96875811400008],[11.902567610000062,48.97761268000005],[11.918454156000053,48.98078229400005],[11.913739102000022,48.98754083600005],[11.902937343000076,48.996375870000065],[11.892611963000036,48.992447980000065],[11.897275414000035,49.00009009000007],[11.890568031000043,49.01312764200003],[11.873631770000031,49.00987523300006],[11.864848648000077,49.01403856300004],[11.86942080800003,49.01927195600007],[11.864341919000026,49.02224190800007],[11.833486094000023,49.02095549400008],[11.829238837000048,49.02330781900008],[11.807160939000028,49.01872196200003],[11.809775290000061,49.01506878300006],[11.791291939000075,49.006408744000055],[11.792741340000077,48.998109955000075],[11.78582725800004,48.99824370600004],[11.784839981000061,48.99339494800006],[11.77786644300005,48.99291077400005],[11.78526008700004,48.99181847300008],[11.784020738000038,48.988900210000054],[11.77152548600003,48.985696835000056],[11.774592084000062,48.983315696000034],[11.770659389000059,48.98165746600006],[11.764536306000025,48.98236692300003],[11.762980091000031,48.98797942500005],[11.742511253000032,48.98950451500008],[11.739842434000025,48.99150414700006],[11.745635547000063,48.99564954400006],[11.740707647000022,48.998591891000046],[11.729984899000044,48.99484900500005],[11.724780319000047,49.01086296500006],[11.712077425000075,49.01212030000005],[11.713981686000068,49.01480787600008],[11.698804342000074,49.01288413000003],[11.69820444100003,49.019433536000065],[11.69035529200005,49.02163086000007],[11.682475069000077,49.01563074100005],[11.672222564000037,49.013632363000056],[11.657086107000055,49.01573321800004],[11.643843594000032,49.00417700200006],[11.633003792000068,49.00661718400005],[11.627506355000037,49.00423508400007],[11.61640993900005,49.00922111600005],[11.61301329400004,49.00274992000004],[11.617457365000064,48.997821868000074],[11.610661450000066,48.99528269500007],[11.617852923000044,48.98923522200005],[11.613129498000035,48.98610112000006],[11.62164959200004,48.98397401300008],[11.611855352000077,48.98003706000003],[11.605824720000044,48.964288776000046],[11.59491698000005,48.95737121600007],[11.59930649200004,48.95149712700004],[11.622907440000063,48.94335792800007],[11.634595902000058,48.945429269000044],[11.631805625000027,48.94255745500004],[11.638295437000068,48.93158243400006],[11.654758031000028,48.92988234400008],[11.653555015000052,48.935309749000055],[11.667203422000057,48.93364767000003],[11.660536114000024,48.92815474500003],[11.667087408000043,48.924830694000036],[11.675669287000062,48.92694750800007],[11.674032239000041,48.929807148000066],[11.686154811000051,48.93036256100004],[11.686557968000045,48.933610318000035],[11.690778999000031,48.92465547100005],[11.703917685000022,48.91835291700005],[11.714963393000062,48.91906070600004],[11.720085398000037,48.932218498000054],[11.728495774000066,48.93008434500007],[11.717321006000077,48.89718629400005],[11.72250501800005,48.891651402000036],[11.739030502000048,48.88987718200008],[11.736393834000069,48.88383490500007],[11.74376458200004,48.87874277200007],[11.743524509000054,48.874167072000034],[11.733969375000072,48.87270816800003],[11.733703773000059,48.868699426000035],[11.722339697000052,48.86963451100007],[11.718308544000024,48.86536982500007],[11.715824414000053,48.85546678500003],[11.720994241000028,48.85344940500005],[11.723019246000035,48.845116887000074],[11.720160374000045,48.83696160300008],[11.711218184000074,48.835745544000076],[11.703596376000064,48.84111716600006],[11.699153269000021,48.83881519300007],[11.704947907000076,48.83354811400005],[11.702287924000075,48.820768642000075],[11.707789038000044,48.819017022000025],[11.707695671000067,48.81258615300004],[11.727176103000033,48.81790988500006],[11.741044915000032,48.81616990300006],[11.735629077000056,48.81154398900003],[11.725897949000057,48.810707154000056],[11.738751664000063,48.80102168600007],[11.736075097000025,48.790545921000046],[11.711120879000077,48.77813402800007],[11.70838264200006,48.78490249500004],[11.696925289000035,48.786144825000065],[11.695014779000076,48.783143077000034],[11.702301176000049,48.76775806000006],[11.698556163000035,48.76395551400003],[11.710641104000047,48.76170029900004],[11.714947835000032,48.75569183400006],[11.655406165000045,48.74413948400007],[11.657088767000062,48.72969559300003],[11.668794692000063,48.72433955000008],[11.668371696000065,48.716626244000054],[11.660014787000023,48.71272051300008],[11.653470773000038,48.70059860400005],[11.675316364000025,48.68846513600005],[11.68105292100006,48.69143519000005],[11.69550664600007,48.68367174800005],[11.689209384000037,48.67943134400008],[11.690469497000038,48.67708845000004],[11.695182436000039,48.67876462100003],[11.685544549000042,48.66334477200007],[11.701970119000066,48.65911206100003],[11.705557610000028,48.65020525400007],[11.712620270000059,48.64823553900004],[11.702639436000027,48.63426425600005],[11.69356020400005,48.633642835000046],[11.69257443500004,48.629197668000074],[11.697426085000075,48.626415329000054],[11.693446817000051,48.62347237500006],[11.697619262000046,48.621026131000065],[11.693004027000029,48.61868361000006],[11.712413968000021,48.61591893800005],[11.711357209000028,48.61269283200005],[11.743878301000052,48.60566856100007],[11.75146367900004,48.60079372400003],[11.774042770000051,48.59961510100004],[11.78279944600007,48.61497410700008],[11.784634938000067,48.611022639000055],[11.799000669000065,48.614182914000025],[11.801606193000055,48.60915188200005],[11.809422203000054,48.60917613200007],[11.816934108000055,48.602720274000035],[11.81155076300007,48.597684712000046],[11.821520478000025,48.59882540600006],[11.849974590000045,48.590490241000055],[11.854456263000031,48.58563883800008],[11.865875441000071,48.58291749800003],[11.86618849100006,48.57909134000005],[11.881467799000063,48.58114131600007],[11.885513851000042,48.588537588000065],[11.895404878000022,48.58340802400005],[11.898446572000068,48.586630358000036],[11.910186555000053,48.58523145000004],[11.916043796000054,48.580751570000075],[11.923264906000043,48.58187145200003],[11.942570942000032,48.57282585300004],[11.958814954000047,48.578531086000055],[11.964222058000075,48.56765817100006],[11.957906791000028,48.56628447300005],[11.962015584000028,48.557335486000056],[11.969548210000028,48.55642635500004],[11.972800250000034,48.550871493000045],[11.962974060000022,48.54727684900007],[11.971476289000066,48.538143525000066],[11.961402088000057,48.532323191000046],[11.969182745000069,48.51593283200003],[11.975037238000027,48.51256331600007],[11.957300539000073,48.50034877100006],[11.97462789900004,48.49182983500003],[12.010916168000051,48.49544673500003],[12.005835863000073,48.492497574000026],[12.008416220000072,48.48491688800004],[11.99791588200003,48.46809740700007],[12.00427877800007,48.467409141000076],[11.991688701000044,48.449764481000045],[11.996122523000054,48.44791449100006],[12.003952459000061,48.45284442900004],[12.015456480000068,48.444209440000066],[12.011259253000048,48.43798024600005],[12.019333760000052,48.43704874000008],[12.020770371000026,48.41630874700007],[12.036950696000076,48.41918739300007],[12.035224152000069,48.416261656000074],[12.04085454400007,48.41573358800008],[12.041996168000026,48.42109556400004],[12.057150597000032,48.42391367100004],[12.062786850000066,48.42185555800006],[12.082107835000045,48.428955004000045],[12.087981213000035,48.42380748700003],[12.112972327000023,48.42567573000008],[12.121566807000022,48.41998298300007],[12.125569837000057,48.42335062400008],[12.128136030000064,48.416414892000034],[12.137572512000077,48.42508389300008],[12.140999528000066,48.42109254600007],[12.148352620000026,48.42557124600006],[12.14949501700005,48.42281605100004],[12.165274329000056,48.42035787900005],[12.171285474000058,48.408449645000076],[12.166858697000066,48.40062933400003],[12.174106952000045,48.395762156000046],[12.182200196000053,48.395402],[12.188657969000076,48.39008153300006],[12.185660892000044,48.38382299500006],[12.195958491000056,48.38137192800008],[12.191979239000034,48.37951742400003],[12.195983554000065,48.377027756000075],[12.187347419000048,48.37125155200005],[12.195090702000073,48.369172330000026],[12.19652231200007,48.36296295600005],[12.209726433000071,48.360798576000036],[12.215178468000033,48.35116309700004],[12.226071830000024,48.35283677700005],[12.231519012000035,48.350392147000036],[12.234551286000055,48.34271223200005],[12.230044583000051,48.34191967700008],[12.232038961000057,48.33689713700005],[12.236779292000051,48.33630096600007],[12.233615576000034,48.33037028800004],[12.250550846000067,48.32194586700007],[12.255114384000024,48.322107122000034],[12.255626669000037,48.32662253900003],[12.27744132600003,48.32944759700007],[12.275795935000076,48.32078003700008],[12.285787084000049,48.32197420400007],[12.287964328000044,48.330434377000074],[12.302207511000063,48.330304590000026],[12.301603588000035,48.31900984600003],[12.308827109000049,48.31634643400008],[12.324138043000062,48.31980835000007],[12.315995479000037,48.325320832000045],[12.320388061000074,48.329214473000036],[12.327705368000068,48.32507334400003],[12.328939349000052,48.33176198000007],[12.321103939000068,48.33759352900006],[12.323218007000037,48.34003180000008],[12.330310835000034,48.34064723700004],[12.345670489000042,48.32996882400005],[12.356120815000054,48.33008459000007],[12.360084518000065,48.33146574600005],[12.362534167000035,48.345175598000026],[12.374036229000069,48.34677947000006],[12.375777044000074,48.34432158000004],[12.375350834000074,48.349401269000055],[12.381030338000073,48.34867498600005],[12.386446556000067,48.359147234000034],[12.398119593000047,48.358976882000036],[12.398707155000068,48.36403930100005],[12.413501169000028,48.36096859400004],[12.417424593000021,48.37259258800003],[12.428458078000062,48.37442394900006],[12.42616312000007,48.38575156200005],[12.438124076000065,48.38534429200007],[12.440757118000022,48.388902941000026],[12.435693583000045,48.38978507300004],[12.435488755000051,48.39382703500007],[12.441022738000072,48.39647308700006],[12.43763675300005,48.399986341000044],[12.441021771000067,48.40258017100007],[12.428666098000065,48.416045204000056],[12.45425358500006,48.41055852900007],[12.455798705000063,48.416623163000054],[12.472349922000035,48.415750323000054],[12.472767672000032,48.421085547000075],[12.480580503000056,48.42263546200007],[12.483791114000041,48.42967571100007],[12.516096634000064,48.423864922000064],[12.517083717000048,48.418306236000035],[12.523077670000077,48.41588498600004],[12.525677845000075,48.42027165400003],[12.531283042000041,48.41792903900006],[12.541621808000059,48.42232355300007],[12.54232558900003,48.41657036300006],[12.533534528000075,48.41459075400007],[12.540386113000068,48.41296708500005],[12.534991668000032,48.40930689600003],[12.537877901000059,48.40454398700007],[12.543208136000032,48.39965688400008],[12.55169027100004,48.40217311100008],[12.552825319000021,48.40770852500003],[12.561328635000052,48.40110993700006],[12.560746602000052,48.40364829200007],[12.56610979900006,48.403655987000036],[12.56654297800003,48.39567864000003],[12.572821020000049,48.39370803500003],[12.57944999700004,48.37584602900006],[12.582994008000071,48.37695746700007],[12.578979540000034,48.387026141000035],[12.591500401000076,48.38677157800004],[12.594266004000076,48.37918574200006],[12.59747469000007,48.380595809000056],[12.593071380000026,48.37360967300003],[12.604306661000066,48.369427812000026],[12.604537351000033,48.360196536000046],[12.609472207000067,48.359454664000054],[12.607291731000032,48.353631920000055],[12.615821923000055,48.34116414300007],[12.618996813000024,48.35842661000004],[12.621342802000072,48.34948194800006],[12.629393031000063,48.346590019000075],[12.640610080000044,48.34805223800004],[12.639641475000076,48.338231],[12.650862558000028,48.33945622600004],[12.666670873000044,48.331676765000054],[12.667290534000074,48.343555465000065],[12.66986243100007,48.340086917000065],[12.677565955000034,48.34069059600006],[12.682686108000041,48.34508670100007],[12.690381972000068,48.344286485000055],[12.702220036000028,48.33102630800005],[12.719945525000071,48.33030199400008],[12.733426678000058,48.321023826000044],[12.764330666000035,48.32539103400006],[12.768378432000077,48.32169729600008],[12.77488836200007,48.327187550000076],[12.783059808000075,48.32754644700003],[12.808345858000052,48.32011780400006],[12.805115796000052,48.316500520000034],[12.80936973100006,48.31633949800005],[12.809437418000073,48.31262314300005],[12.814357834000077,48.31601897500008],[12.823605924000049,48.31538360900004],[12.827064078000035,48.306414533000066],[12.822456058000057,48.30221215300003],[12.843663803000027,48.29554373800005],[12.858280199000035,48.28599760700007],[12.853857727000047,48.27809567800006],[12.859590422000053,48.279052386000046],[12.869656659000043,48.27179314700004],[12.879690254000025,48.271144985000035],[12.875845434000041,48.26548022500003],[12.886293978000026,48.26480448900003],[12.883663392000074,48.26190857600005],[12.894248928000025,48.26659268600008],[12.898846706000029,48.26308347500003],[12.90174735000005,48.246928171000036],[12.894304403000035,48.24619086400003],[12.891852750000055,48.236502726000026],[12.922141937000049,48.213537673000076],[12.944684450000068,48.20669256800005]]]},"properties":{"shapeName":"Niederbayern","shapeISO":"","shapeID":"9070358B22007842747726","shapeGroup":"DEU","shapeType":"ADM2"}},
{"type":"Feature","geometry":{"type":"MultiPolygon","coordinates":[[[[11.59930649200004,48.95149712700004],[11.59491698000005,48.95737121600007],[11.605824720000044,48.964288776000046],[11.611855352000077,48.98003706000003],[11.62164959200004,48.98397401300008],[11.613129498000035,48.98610112000006],[11.617852923000044,48.98923522200005],[11.610661450000066,48.99528269500007],[11.617457365000064,48.997821868000074],[11.61301329400004,49.00274992000004],[11.61640993900005,49.00922111600005],[11.627506355000037,49.00423508400007],[11.633003792000068,49.00661718400005],[11.643843594000032,49.00417700200006],[11.657086107000055,49.01573321800004],[11.672222564000037,49.013632363000056],[11.682475069000077,49.01563074100005],[11.69035529200005,49.02163086000007],[11.69820444100003,49.019433536000065],[11.698804342000074,49.01288413000003],[11.713981686000068,49.01480787600008],[11.712077425000075,49.01212030000005],[11.724780319000047,49.01086296500006],[11.729984899000044,48.99484900500005],[11.740707647000022,48.998591891000046],[11.745635547000063,48.99564954400006],[11.739842434000025,48.99150414700006],[11.742511253000032,48.98950451500008],[11.762980091000031,48.98797942500005],[11.764536306000025,48.98236692300003],[11.770659389000059,48.98165746600006],[11.774592084000062,48.983315696000034],[11.77152548600003,48.985696835000056],[11.784020738000038,48.988900210000054],[11.78526008700004,48.99181847300008],[11.77786644300005,48.99291077400005],[11.784839981000061,48.99339494800006],[11.78582725800004,48.99824370600004],[11.792741340000077,48.998109955000075],[11.791291939000075,49.006408744000055],[11.809775290000061,49.01506878300006],[11.807160939000028,49.01872196200003],[11.829238837000048,49.02330781900008],[11.833486094000023,49.02095549400008],[11.864341919000026,49.02224190800007],[11.86942080800003,49.01927195600007],[11.864848648000077,49.01403856300004],[11.873631770000031,49.00987523300006],[11.890568031000043,49.01312764200003],[11.897275414000035,49.00009009000007],[11.892611963000036,48.992447980000065],[11.902937343000076,48.996375870000065],[11.913739102000022,48.98754083600005],[11.918454156000053,48.98078229400005],[11.902567610000062,48.97761268000005],[11.911681370000053,48.96875811400008],[11.915459249000037,48.97185202900005],[11.923587072000032,48.97150236200008],[11.923279234000063,48.967539197000065],[11.932204839000065,48.964498192000065],[11.929914798000027,48.95535528000005],[11.917350199000055,48.955876716000034],[11.927474777000043,48.94579720400003],[11.947907047000058,48.94735794500008],[11.949598124000033,48.95435729900004],[11.959404448000043,48.95356310200003],[11.965148069000065,48.957058044000064],[11.966093005000062,48.96461940300003],[11.980368033000047,48.96454800200007],[11.985179665000032,48.961065707000046],[11.990706016000047,48.96468914500008],[11.986830809000026,48.953442308000035],[11.99561357500005,48.949456808000036],[11.994517334000022,48.952880883000034],[12.014072143000021,48.953588919000026],[12.019555296000021,48.956588071000056],[12.020049107000034,48.96384393100004],[12.034618557000044,48.95947856400005],[12.030093097000076,48.95699581000008],[12.033521164000035,48.947586382000054],[12.04496610700005,48.950044054000045],[12.04913196800004,48.943514951000054],[12.065426340000045,48.943695742000045],[12.08108702100003,48.937119909000046],[12.075869630000057,48.93139530700006],[12.078844403000062,48.92521875300008],[12.09460505100003,48.92216491700003],[12.085388456000032,48.92020453200007],[12.079670586000077,48.90454781700004],[12.083666042000061,48.90050119700004],[12.098646071000076,48.90664748700004],[12.109808909000037,48.90646908600007],[12.108591638000064,48.89628521700007],[12.120823874000052,48.89814113700004],[12.115755773000046,48.881995267000036],[12.121378019000076,48.88085212900006],[12.121971669000061,48.88514347600005],[12.129336709000029,48.885117035000064],[12.133772838000027,48.87798604100004],[12.12998747000006,48.861871473000065],[12.119496641000069,48.86454323700008],[12.105943765000063,48.85795667300005],[12.100789709000026,48.850845923000065],[12.107639059000064,48.85028595600005],[12.098468118000028,48.843329432000075],[12.10964616800004,48.83149327600006],[12.102165205000063,48.826517687000035],[12.107679382000072,48.81406946200008],[12.103910779000046,48.80512843500003],[12.108692752000024,48.80313440800006],[12.097028709000028,48.790494385000045],[12.09749606400004,48.77199215700006],[12.104642444000035,48.77080986000004],[12.106788449000021,48.76492300500007],[12.112910122000073,48.768981179000036],[12.135276047000048,48.76591213700004],[12.127661713000066,48.772247435000054],[12.129704164000032,48.77958467500008],[12.166651243000047,48.78930104500006],[12.171364896000057,48.79968310800007],[12.191733356000043,48.79297048800004],[12.190420352000046,48.80179710500005],[12.196311680000065,48.807500642000036],[12.209660915000029,48.804307092000045],[12.210674058000052,48.80926886600008],[12.214195218000043,48.80717289800003],[12.235919999000032,48.81141479300004],[12.226398485000061,48.814837330000046],[12.228254666000055,48.82297669500008],[12.23476118900004,48.82587111300006],[12.233089988000074,48.837447815000075],[12.238680335000026,48.837531600000034],[12.24613077600003,48.83060513500004],[12.25745629000005,48.836402570000075],[12.258485534000044,48.845541911000055],[12.255386262000059,48.85094485400003],[12.25127943900003,48.85056725100003],[12.26329697600005,48.862045558000034],[12.26642696500005,48.85326979000007],[12.272980889000053,48.851690321000035],[12.268571546000032,48.848152998000046],[12.272709647000056,48.84240172700004],[12.277708115000053,48.84193522800007],[12.28472438800003,48.85112495900006],[12.294265315000075,48.83966359800007],[12.294568108000021,48.844534596000074],[12.302530261000072,48.84643015300003],[12.30043872300007,48.85508228400005],[12.315168318000076,48.85935652100005],[12.314154159000054,48.86310528300004],[12.325405988000057,48.86210688700004],[12.32804378700007,48.85684580700007],[12.335664400000041,48.85430950300008],[12.342818786000066,48.85997600500008],[12.36106413400006,48.84688893300006],[12.372176652000064,48.84662173900006],[12.384829358000047,48.85056468200003],[12.388044454000067,48.85681672700008],[12.417244496000023,48.87450435800008],[12.431837406000056,48.87772081300005],[12.432697340000061,48.88355375300006],[12.42433225700006,48.88691929400005],[12.427075975000037,48.89931437300004],[12.43624939800003,48.898714608000034],[12.434897644000046,48.90416314000004],[12.442077908000044,48.91510444900007],[12.457553964000056,48.91889328500008],[12.446970493000038,48.92543758000005],[12.44391717700006,48.936791002000064],[12.439047535000043,48.93522928600004],[12.443377310000074,48.946139291000065],[12.439611499000023,48.95715419000004],[12.446297635000064,48.95354695300006],[12.445179228000029,48.95665244200006],[12.452162472000055,48.95635959300006],[12.45355481100006,48.96310106400006],[12.437452604000043,48.97144125800003],[12.438034432000052,48.97475289800008],[12.443986872000039,48.982212134000065],[12.451917236000043,48.98280650800007],[12.477232825000044,48.974585682000054],[12.48924125700006,48.980618426000035],[12.482356604000074,48.99462389900003],[12.491274033000025,49.018056407000074],[12.489438806000067,49.021994],[12.479908981000051,49.02280203000004],[12.48099766200005,49.030673541000056],[12.472611271000062,49.03640927500004],[12.473358708000035,49.03996809900008],[12.485677682000073,49.04467168300005],[12.48717040200006,49.05068255700007],[12.496574114000055,49.055967655000075],[12.494741438000062,49.061317976000055],[12.502664981000066,49.061878225000044],[12.514179976000037,49.05629083900004],[12.527325946000076,49.057663941000044],[12.532680006000021,49.07167535700006],[12.536460464000072,49.07103974700004],[12.532897414000047,49.075864410000065],[12.555160027000056,49.08952156000004],[12.567156212000043,49.08843683500004],[12.577279884000063,49.094928253000035],[12.58761964100006,49.09371683100005],[12.587952684000072,49.09919948600003],[12.601406265000037,49.10196214900003],[12.599734200000057,49.09849322300005],[12.61589317000005,49.09887283300003],[12.618220422000036,49.09569743000003],[12.62214059200005,49.104765428000064],[12.64906909800004,49.10010351300008],[12.652990034000027,49.10997141100006],[12.677310266000063,49.10156445800004],[12.706317634000072,49.104451991000076],[12.705970989000036,49.10856218500004],[12.735958850000031,49.11945872800004],[12.740756456000042,49.115898308000055],[12.73623030400006,49.11259625800005],[12.759879985000055,49.11275046700007],[12.762900192000075,49.10992349800006],[12.768203076000077,49.114760801000045],[12.763761835000025,49.118567203000055],[12.767274807000035,49.12651415000005],[12.77880981100003,49.12716195200005],[12.78636300900007,49.13526355100004],[12.794775962000074,49.12755589300008],[12.794021143000066,49.12206396400006],[12.806784573000073,49.12576137700006],[12.809813875000032,49.123225888000036],[12.80892340500003,49.126329242000054],[12.818918353000072,49.12915545100003],[12.826315217000058,49.12415153400008],[12.840129269000045,49.13511909200008],[12.863604081000062,49.12979983000008],[12.879492888000073,49.137559288000034],[12.891408382000066,49.12821659200006],[12.898907861000055,49.12749781200006],[12.924209707000045,49.13352268600005],[12.914719887000047,49.139019381000026],[12.917812300000037,49.14926618700008],[12.945214706000058,49.139077891000056],[12.971181779000062,49.16640752400008],[12.977201126000068,49.16656265200004],[12.974388497000064,49.161233852000066],[12.994854455000052,49.15761215900005],[13.004412991000038,49.16119695000003],[13.015040562000024,49.15709795200007],[13.048328207000054,49.15522991900008],[13.065675465000027,49.14625688800004],[13.068197841000028,49.129476787000044],[13.098352194000029,49.12048304900003],[13.105952767000076,49.11471727300005],[13.127858078000031,49.11085716900004],[13.133486756000025,49.111750950000044],[13.134509237000032,49.12722231500004],[13.141709480000031,49.13522836000004],[13.158695314000056,49.13978577800003],[13.16400531000005,49.14650908500005],[13.160328725000056,49.15994437900008],[13.170908085000065,49.17357973400004],[13.16189416700007,49.174623334000046],[13.129336382000076,49.19685817700008],[13.109970283000052,49.203178911000066],[13.114122113000064,49.21842832500005],[13.086049923000076,49.22941150200006],[13.088328054000044,49.23701850800006],[13.080762122000067,49.24741742000003],[13.07263563500004,49.246499990000075],[13.060085970000046,49.25059710700003],[13.055185792000032,49.26400767800004],[13.033896390000052,49.263902735000045],[13.025663129000066,49.27892099500008],[13.030618102000062,49.28759402600008],[13.029109282000036,49.30434804600003],[13.00757266200003,49.30599752100005],[13.003893625000046,49.31227104800007],[12.97259529300004,49.33388783200007],[12.958370569000067,49.336620767000056],[12.949970972000074,49.34287031700006],[12.919901822000043,49.343440162000036],[12.888720702000057,49.350867211000036],[12.880237338000029,49.35052349700004],[12.886922448000064,49.33230054400008],[12.853479654000068,49.33808131500007],[12.843334189000075,49.345222971000055],[12.837039262000076,49.34071907800006],[12.802536028000077,49.34156559000007],[12.786286615000051,49.34539792100003],[12.778810245000045,49.34807853900003],[12.781380403000071,49.36032083200007],[12.768382988000042,49.36532214400006],[12.75808904400003,49.37518844900006],[12.76112545500007,49.38251399100005],[12.757631008000033,49.39475684800004],[12.732945568000048,49.40990313700007],[12.714710448000062,49.41400294500005],[12.708718925000028,49.42467725800003],[12.679196234000074,49.42625099500003],[12.655893346000028,49.43454683500005],[12.657977985000059,49.450508279000076],[12.649327983000035,49.46693586400005],[12.633763692000059,49.476195018000055],[12.644093585000064,49.484905344000026],[12.639703539000038,49.50058694400008],[12.644250380000074,49.52304246500006],[12.63589016700007,49.53201136100006],[12.628587183000036,49.52698203800003],[12.620703466000066,49.52655887800006],[12.588501691000033,49.53853616500004],[12.59500878700004,49.54154755800005],[12.574164352000025,49.55944373700004],[12.571059485000035,49.569753125000034],[12.577077738000071,49.58630177200007],[12.56419084600003,49.596238923000044],[12.56266712300004,49.60873139000006],[12.556884829000069,49.61429785200005],[12.560669829000062,49.619634295000026],[12.545992435000073,49.621336848000055],[12.528168524000023,49.61818385600003],[12.52692730900003,49.62227581600007],[12.534401555000045,49.62630669200007],[12.523665073000075,49.62795944700008],[12.522643607000077,49.63378705100007],[12.528859533000059,49.63923166200004],[12.517534732000058,49.64450405800005],[12.525916537000057,49.654198628000074],[12.522446160000072,49.66045305800003],[12.529845754000064,49.66624986000005],[12.521638214000063,49.686761828000044],[12.491779712000039,49.686013280000054],[12.485220995000077,49.68788535500005],[12.480921766000051,49.695031748000076],[12.442886119000036,49.70369987500004],[12.425711487000058,49.73046546000006],[12.412789824000072,49.73251761800003],[12.406365572000027,49.73948121500007],[12.400717371000042,49.75384886900008],[12.404741039000044,49.76279869800004],[12.472723170000052,49.785937782000076],[12.474309556000037,49.79194873900008],[12.465293812000027,49.79541504300005],[12.470653216000073,49.799584577000076],[12.464217560000066,49.81022299800003],[12.474943568000072,49.81929829900008],[12.472946945000047,49.83358868500005],[12.482636330000048,49.84171811500005],[12.498008183000024,49.83757961400005],[12.497845379000069,49.85690503600006],[12.512106090000032,49.85942569500003],[12.521871473000033,49.881726041000036],[12.539959607000071,49.89120067300007],[12.549673107000046,49.90109238200006],[12.547730388000048,49.92034324000008],[12.538495382000065,49.92482393500006],[12.504450310000038,49.92933968800003],[12.493048857000076,49.93322672600004],[12.494354409000039,49.936933175000036],[12.478408984000055,49.93567259100007],[12.475514391000047,49.93791852800007],[12.470481629000062,49.94903097400004],[12.481405464000034,49.95827519900007],[12.490610280000055,49.95860294000005],[12.49386385200006,49.969758185000046],[12.499541530000045,49.97201625400004],[12.489889638000022,49.98176080700006],[12.476532531000032,49.98076912800008],[12.467431282000064,49.99285193600008],[12.458964062000064,49.99476053200004],[12.43151961600006,49.984381864000056],[12.425579170000049,49.99119931000007],[12.435233452000034,49.993780926000056],[12.431223629000044,50.00261508500006],[12.424525802000062,50.000325255000064],[12.401899306000075,50.00525380900007],[12.39763731000005,50.00855351600006],[12.400648870000055,50.015004281000074],[12.386561272000051,50.012501471000064],[12.37962079500005,50.014043213000036],[12.378506721000065,50.01905658900006],[12.367533093000077,50.01744379500008],[12.365783547000035,50.02277016000005],[12.338880725000024,50.039610002000074],[12.325409712000067,50.03301885800005],[12.315611629000045,50.04611142500005],[12.31733312700004,50.053378688000066],[12.299071909000077,50.05866844500008],[12.279292123000062,50.05516298400005],[12.272516136000036,50.06125113400003],[12.26091210800007,50.05843035500004],[12.257889203000047,50.049102110000035],[12.24124508500006,50.035435336000035],[12.197613937000028,50.032834782000066],[12.200660876000029,50.00796873500008],[12.191819500000065,50.00360946600006],[12.198293271000068,49.99918450800004],[12.190824923000037,50.00078038300006],[12.147032251000041,49.99291680400006],[12.146324993000064,49.987023461000035],[12.128755781000052,49.98834669200005],[12.108244805000027,49.97818512400005],[12.09457608100007,49.97683389000008],[12.077126342000042,49.98544581400006],[12.079900401000032,49.992293216000064],[12.069753246000062,49.99544658900004],[12.047854167000025,49.97975458600007],[12.032986119000043,49.98907147500006],[12.02841019400006,49.98914189900006],[12.035052846000042,49.98651494600006],[12.027112832000057,49.987431472000026],[12.02582570100003,49.981266393000055],[12.015862360000028,49.991334162000044],[12.017001563000065,49.98462377300007],[12.01221182100005,49.98238649000007],[11.984386653000058,49.98021163200008],[11.973341877000053,49.98270359800006],[11.967018809000024,49.97860966800005],[11.935422568000035,49.97297369200004],[11.913770570000054,49.97072464100006],[11.902681133000044,49.97882546900007],[11.898596718000022,49.969441061000055],[11.877010685000073,49.968448049000074],[11.865078622000055,49.96007892000006],[11.85137797300007,49.958505486000035],[11.848709619000033,49.961299645000054],[11.815135228000031,49.960828165000066],[11.814213227000039,49.963295380000034],[11.812601425000025,49.94638788800006],[11.821351053000058,49.94060873500007],[11.817032439000059,49.941243642000074],[11.81244995000003,49.93284702300008],[11.820623193000074,49.93098886200005],[11.822302473000036,49.93549603300005],[11.828255389000049,49.93468394900003],[11.838094798000043,49.91384988200008],[11.83555577800007,49.90879559100006],[11.839494326000022,49.90764251300004],[11.822786489000066,49.90257383000005],[11.829773965000072,49.89883944800005],[11.84081500600007,49.89865555400007],[11.840355035000073,49.89321694500006],[11.846933131000071,49.895307897000066],[11.847447687000056,49.89233233300007],[11.855066484000076,49.89232285700007],[11.854094576000023,49.88608053000007],[11.839273625000033,49.87872892100006],[11.84553416500006,49.87542901900008],[11.842132242000048,49.86590396200006],[11.858859695000035,49.85645503200004],[11.860662125000033,49.85037758800007],[11.854835343000047,49.847108784000056],[11.83823370600004,49.852533409000046],[11.831605057000047,49.84990274300003],[11.835719471000061,49.84626416800006],[11.824344798000027,49.84155617000005],[11.822997593000025,49.845144161000064],[11.803914731000077,49.848999896000066],[11.801190407000036,49.84250740500005],[11.785171210000044,49.83566205900007],[11.787103537000064,49.83766478100006],[11.771565246000023,49.840863023000054],[11.76170217200007,49.834240598000065],[11.762222921000046,49.83852581700006],[11.73425204700004,49.83935483300007],[11.739713530000074,49.83484419500007],[11.721007647000022,49.827461345000074],[11.723545522000052,49.81851703800004],[11.700359496000033,49.820033039000066],[11.699744451000072,49.80722648600005],[11.691965955000057,49.803637224000056],[11.678139249000026,49.80612990600008],[11.673688359000039,49.81112480300004],[11.658949558000074,49.80213761300007],[11.642782494000073,49.80780475200004],[11.63318808300005,49.79958691000007],[11.640128675000028,49.79602266100005],[11.630197457000065,49.78109521400006],[11.628742610000074,49.76395521300003],[11.632388597000045,49.76540351600005],[11.629524392000064,49.762948693000055],[11.63359493300004,49.761810395000055],[11.59401408900004,49.753579106000075],[11.597694384000022,49.73912044300005],[11.587045101000058,49.72872401500007],[11.576955604000034,49.72695662800004],[11.559782604000077,49.734271386000046],[11.552472631000057,49.733186465000074],[11.563819322000029,49.72357158700004],[11.560448520000023,49.71429079500007],[11.562307213000054,49.70678753200008],[11.557325521000053,49.70361302800006],[11.563556809000033,49.69687866000004],[11.544332686000075,49.693116565000025],[11.564951583000038,49.68604170300006],[11.561198904000037,49.67880703800006],[11.57558481600006,49.66418643800006],[11.563824271000044,49.65974406000004],[11.573927793000053,49.64740337000006],[11.570631333000051,49.64066863000005],[11.589680205000036,49.64122467200008],[11.60124348000005,49.62597031700005],[11.597843845000057,49.62328616600007],[11.601550346000067,49.62306120800008],[11.592108472000064,49.612311025000054],[11.580128332000072,49.61830120800005],[11.578343551000046,49.61469234800006],[11.560554736000029,49.612404241000036],[11.562043595000034,49.60712692800007],[11.54997760200007,49.603649689000065],[11.560929895000072,49.59812222800008],[11.559171688000049,49.59373910700003],[11.568675550000023,49.59737811900004],[11.564225581000073,49.58636800700003],[11.576077701000031,49.57987688900005],[11.551508476000038,49.57381908100007],[11.554084360000047,49.56514892900003],[11.544411664000052,49.55991247800006],[11.530788699000027,49.565075851000074],[11.52518172200007,49.563561365000055],[11.527050531000043,49.55976566700008],[11.513341635000074,49.55769414700006],[11.510854191000021,49.55320895600005],[11.517989904000046,49.55125554700004],[11.515495551000072,49.54796988000004],[11.53396217900007,49.54679199900005],[11.531497394000041,49.54453413400006],[11.536810887000058,49.542339397000035],[11.54913480700003,49.544456886000035],[11.551251324000077,49.53884110000007],[11.540581676000045,49.53644772300004],[11.546782257000075,49.53298959700004],[11.542893105000076,49.52706061100008],[11.548292949000029,49.521180626000046],[11.53454759400006,49.513759],[11.533857848000025,49.50741354300004],[11.56644142600004,49.50394357600004],[11.568758658000036,49.492018803000065],[11.578425465000066,49.488894911000045],[11.578505077000045,49.48507048700003],[11.592409984000028,49.484405931000026],[11.588972139000077,49.47653991800007],[11.596247774000062,49.47409429700008],[11.580856711000024,49.45342421600003],[11.557222048000028,49.432992805000026],[11.558995111000058,49.41649339400004],[11.53685831000007,49.41055459000006],[11.491256552000038,49.420321311000066],[11.482783747000042,49.42679201900006],[11.46475219000007,49.42175682700008],[11.45871915400005,49.43247811600003],[11.448123827000074,49.42752070900008],[11.449223295000024,49.41686867100003],[11.44462161100006,49.41497310800003],[11.459029886000053,49.41559811700006],[11.461458696000022,49.411565015000065],[11.445260658000052,49.40681701600005],[11.438122957000076,49.39573018800007],[11.423725212000022,49.393177266000066],[11.427258996000035,49.38935868800007],[11.418520022000052,49.383146382000064],[11.42087060600005,49.375855827000066],[11.40978530700005,49.37179867900005],[11.40005304400006,49.37294744400003],[11.397645923000027,49.370204828000055],[11.406581736000021,49.36775823600004],[11.405537167000034,49.36423114100006],[11.399295111000072,49.36411024900008],[11.393714439000064,49.35659792400003],[11.386015604000022,49.35808017700003],[11.378491954000026,49.35335321400004],[11.377228846000037,49.35884169800005],[11.37123295400005,49.35706205400004],[11.378079119000063,49.35186308300007],[11.376203222000072,49.34867509400004],[11.38957563300005,49.34208400400007],[11.379776480000032,49.33100594300004],[11.381947938000053,49.32623241200008],[11.365462089000061,49.326475035000044],[11.362816328000065,49.32246515800006],[11.367045903000076,49.32134985400006],[11.358254292000026,49.31823597300007],[11.345385132000047,49.31965584200003],[11.343329081000036,49.31149398000008],[11.333694537000042,49.30813838300003],[11.334498878000034,49.30306149000006],[11.329073491000031,49.303449716000046],[11.328358723000065,49.30747613700004],[11.326180755000053,49.30242748900008],[11.31701319800004,49.30856667900008],[11.303798700000073,49.30899475900003],[11.29259870900006,49.31729646300005],[11.29054713000005,49.31303787300004],[11.273372484000049,49.31286042800008],[11.277967673000035,49.315383550000035],[11.271887529000026,49.32235224100003],[11.247176210000077,49.32535278700004],[11.238739825000039,49.32072311500008],[11.251645203000066,49.31630020600005],[11.251368308000053,49.308929412000055],[11.243611628000053,49.30667414900006],[11.21981254700006,49.315959700000064],[11.202350501000069,49.305572089000066],[11.188275715000032,49.30452566400004],[11.185988267000027,49.30040163000007],[11.198757702000023,49.28933028900008],[11.214644304000046,49.292270948000066],[11.215132702000062,49.287194284000066],[11.20387751100003,49.27737913200008],[11.206290701000057,49.27411657700003],[11.215008501000057,49.27421437100003],[11.216280502000075,49.27838923400003],[11.22757357100005,49.27416070600003],[11.22698304000005,49.27875230200004],[11.238894467000023,49.276080739000065],[11.246227014000056,49.26954056200003],[11.25981347000004,49.27391339300004],[11.274438841000062,49.274000423000075],[11.288852366000071,49.26929436700004],[11.284941392000064,49.26718978100007],[11.29217084100003,49.26712105000007],[11.287115308000068,49.26479071800003],[11.27695813300005,49.26788396400008],[11.264160334000053,49.26047836300006],[11.276265487000046,49.260120089000054],[11.273169394000035,49.257542373000035],[11.277447020000068,49.25341558700006],[11.285681651000061,49.26032991000005],[11.291974132000064,49.256840390000036],[11.287590945000034,49.25437941600006],[11.289999678000072,49.25042241500006],[11.29583544600007,49.25015632600008],[11.302957287000027,49.24379070800006],[11.293258335000075,49.23552972200008],[11.303919837000024,49.22019711100006],[11.318122219000031,49.21123421400006],[11.321941723000066,49.20252564400005],[11.314521413000023,49.20940733100008],[11.311938939000072,49.20688931500007],[11.263118151000072,49.21122590300007],[11.265974263000032,49.20027012300005],[11.262021452000056,49.19657982500007],[11.271617743000036,49.196147308000036],[11.26955599300004,49.18877437900005],[11.287045224000053,49.18739368200005],[11.286846247000028,49.18277145500008],[11.299711473000059,49.183220188000064],[11.313648774000058,49.17806454000004],[11.307992039000055,49.163110191000044],[11.312521103000051,49.155935183000054],[11.324846597000032,49.156501828000046],[11.327810943000031,49.14303201200005],[11.318728753000073,49.12897622000003],[11.32584847000004,49.12370675100004],[11.322821786000077,49.11901555000003],[11.355246673000067,49.11673076800008],[11.361812221000037,49.099931423000044],[11.36811995200003,49.10027848500005],[11.353047795000066,49.09001396100007],[11.367239396000059,49.091676962000065],[11.378096934000041,49.08845303000004],[11.378910274000077,49.08368764200003],[11.384213748000036,49.08293585000007],[11.381202832000042,49.07827187400005],[11.385713791000057,49.078858205000074],[11.39375252700006,49.08241662300003],[11.38989082200004,49.08632699900005],[11.396049181000024,49.087564179000026],[11.39496405500006,49.08295835500007],[11.428238793000048,49.06646013000005],[11.457780606000028,49.065547466000055],[11.461016811000036,49.061901728000066],[11.466132560000062,49.06582453500005],[11.487521611000034,49.06344298500005],[11.504282603000036,49.07689461000007],[11.51043028600003,49.07229666300003],[11.538009145000046,49.069948348000025],[11.544593,49.06418406200004],[11.536001543000054,49.061241530000075],[11.540733208000063,49.060397038000076],[11.532465116000026,49.05238852300005],[11.533449570000073,49.041124841000055],[11.514821150000046,49.043427276000045],[11.52288833800003,49.03797468500005],[11.516278150000062,49.032026210000026],[11.543011611000054,49.02512818500003],[11.544302824000056,49.015927583000064],[11.541064369000026,49.00999077700004],[11.534461617000034,49.010415168000065],[11.536419618000025,49.00670906100004],[11.545522318000053,49.003386060000025],[11.552680768000073,49.00500992900004],[11.551936295000075,48.997182261000034],[11.55754853600007,48.99532052100005],[11.553216039000063,48.99191711900005],[11.562607007000054,48.98850399100007],[11.576390055000047,48.989087701000074],[11.57882733300005,48.974272177000046],[11.59930649200004,48.95149712700004]]],[[[11.808166223000057,49.95394358200008],[11.804802175000077,49.950796712000056],[11.81080091800004,49.95187966000003],[11.808166223000057,49.95394358200008]]]]},"properties":{"shapeName":"Oberpfalz","shapeISO":"","shapeID":"9070358B44987229854715","shapeGroup":"DEU","shapeType":"ADM2"}},
{"type":"Feature","geometry":{"type":"MultiPolygon","coordinates":[[[[12.26091210800007,50.05843035500004],[12.261113459000057,50.06469483700005],[12.275353647000031,50.07647093300005],[12.25910826300003,50.08299509900007],[12.252001925000059,50.09193682700004],[12.246166815000038,50.09228807100004],[12.246949451000035,50.097443299000076],[12.231797172000029,50.094162254000025],[12.227391402000023,50.09700494700007],[12.228771745000074,50.10231004800005],[12.210479145000022,50.10168041800006],[12.199606920000065,50.111192782000046],[12.202343687000052,50.11548230100004],[12.196508290000054,50.123220522000054],[12.195202154000071,50.143043840000075],[12.203607229000056,50.14583488400007],[12.200498195000023,50.15245092500004],[12.211218986000063,50.15878890500005],[12.215995454000051,50.16817982200007],[12.207301862000065,50.16950995000008],[12.201260710000042,50.18878952100005],[12.188941216000046,50.195505694000076],[12.197454144000062,50.19883868000005],[12.182819850000044,50.199364192000075],[12.18561045000007,50.203752156000064],[12.178390537000041,50.20513749500003],[12.17572271900002,50.21285977600007],[12.159498486000075,50.21118073500003],[12.162127956000063,50.22354497300006],[12.145543610000061,50.230387250000035],[12.15133213100006,50.23572460500003],[12.142088139000066,50.23378749200003],[12.141357325000058,50.23051068400008],[12.126988390000065,50.23249089500007],[12.108920518000048,50.23792969400006],[12.106356943000037,50.24670421400003],[12.092324817000076,50.249713790000044],[12.090759844000047,50.252384394000046],[12.102511401000072,50.25578458100006],[12.097471287000076,50.262388576000035],[12.113453991000029,50.26791435600006],[12.120053786000028,50.26688922200003],[12.139939875000039,50.27771857600004],[12.122347705000038,50.29164577200004],[12.119579246000058,50.29942750100008],[12.125560837000023,50.30761714500005],[12.100900370000033,50.31802824400006],[12.097982066000043,50.32303101200006],[12.090346650000072,50.32425138500008],[12.091343377000044,50.33260968800005],[12.079892806000032,50.32683473700007],[12.064216204000047,50.33303947600007],[12.061624638000069,50.32893158100006],[12.055871960000047,50.33165342600006],[12.05777467400003,50.32627293200005],[12.046435516000031,50.33115090500007],[12.04685190500004,50.32499865700004],[12.038908487000072,50.33657968300008],[12.04182809300005,50.33097060000006],[12.032156905000022,50.330071383000075],[12.030884272000037,50.33931474100007],[12.01941200500005,50.34041274800006],[12.01477557100003,50.34756012300005],[11.997250746000077,50.34689452600003],[11.996971075000033,50.35401666700005],[11.988169481000057,50.35062224700005],[11.977170940000065,50.35148311300003],[11.982554633000063,50.35666657300004],[11.976512284000023,50.361944634000054],[11.984773226000073,50.36469550500004],[11.978960913000037,50.36949473700008],[11.984691655000063,50.37541442700007],[11.97859876800004,50.380004479000036],[11.98394319700003,50.38870713500006],[11.974696373000029,50.39054496000006],[11.964572062000059,50.39993463600007],[11.96025004300003,50.39541794000007],[11.94937688500005,50.39480853600003],[11.948070279000035,50.40037754700006],[11.954374087000076,50.40707448200004],[11.944162376000065,50.411576773000036],[11.945645081000066,50.41628277400008],[11.934729681000022,50.42366379600003],[11.929779765000035,50.421169614000064],[11.919322860000023,50.42472776500006],[11.906116976000021,50.41720074800003],[11.882398717000058,50.414594237000074],[11.865811749000045,50.40067275600006],[11.852351975000033,50.40165970000004],[11.824265370000035,50.38975684500008],[11.818403991000025,50.39356776300008],[11.827908708000052,50.400135670000054],[11.825495292000028,50.40442003100003],[11.817376096000032,50.40058974200008],[11.797352621000073,50.41732137100007],[11.787197647000028,50.415257677000056],[11.78025113700005,50.41875476000007],[11.772604693000062,50.41153248000006],[11.751172550000035,50.414755154000034],[11.761564496000062,50.405255873000044],[11.744046462000028,50.41050398500005],[11.71472116600006,50.39663528600005],[11.708264195000027,50.40393828900005],[11.683895018000044,50.39288929700007],[11.649490107000076,50.39223945500004],[11.624601485000028,50.386870402000056],[11.59431332400004,50.40260407800008],[11.57315188800004,50.400121883000054],[11.560064187000023,50.38412699200006],[11.546187642000064,50.384128099000066],[11.519853242000067,50.37426848300004],[11.518909861000054,50.39566601100006],[11.505861836000065,50.396511031000045],[11.503023642000073,50.399649931000056],[11.489850281000031,50.396774605000076],[11.478737316000036,50.401215894000075],[11.488121921000072,50.415835138000034],[11.480552673000034,50.42546895300006],[11.48156795400007,50.43162169200008],[11.463153413000043,50.432175646000076],[11.443441968000059,50.42082108100004],[11.451254293000034,50.43103282800007],[11.440544801000044,50.43861640500006],[11.420630678000066,50.44336648500007],[11.423595024000065,50.46225710300007],[11.415499786000055,50.46784666100007],[11.42047539400005,50.47425877200004],[11.418090895000034,50.48186031900008],[11.426473637000072,50.484540724000055],[11.418814569000062,50.493461446000026],[11.436031953000054,50.492180123000026],[11.440946481000026,50.49995944800003],[11.429278748000058,50.51223288400007],[11.423893015000033,50.51606444300006],[11.405280319000042,50.51617606800005],[11.393085549000034,50.52055432100008],[11.387615011000037,50.51564726700008],[11.369787979000023,50.523239714000056],[11.357760794000058,50.51987290100004],[11.346569075000048,50.52153502600004],[11.343042712000056,50.51851947500006],[11.346991154000023,50.51161027100005],[11.321355016000041,50.50856741700005],[11.323142336000046,50.491164913000034],[11.300936067000066,50.48840597900005],[11.290982390000067,50.475256528000045],[11.28911478200007,50.48556597700008],[11.26642613000007,50.47910269600004],[11.257289938000042,50.48181752600004],[11.247115540000038,50.47730383000004],[11.24513194800005,50.47080298900005],[11.25489290400003,50.45642279100008],[11.247092021000071,50.448924316000046],[11.263200078000068,50.44288897700005],[11.268013488000065,50.43221228700003],[11.268842560000053,50.419177595000065],[11.258055654000032,50.400038394000035],[11.270869179000044,50.394203504000075],[11.264334054000074,50.38703971000007],[11.276083218000053,50.38092334900006],[11.284252880000054,50.36030743400005],[11.262435241000048,50.352401033000035],[11.277099067000051,50.33596244700004],[11.261328835000029,50.33791262700004],[11.26250354800004,50.32537966400008],[11.256465785000046,50.322273221000046],[11.270336658000076,50.30674659300007],[11.260501761000057,50.300086005000026],[11.25199460500005,50.29926494600005],[11.251817692000031,50.29346244200008],[11.260240655000075,50.287090412000055],[11.25977795700004,50.27494628000005],[11.251590857000053,50.26868367700007],[11.214449761000026,50.28092684300003],[11.216084592000072,50.28418018700006],[11.19784829300005,50.29185637100005],[11.187139425000055,50.26955572600008],[11.17397055500004,50.27127990900004],[11.183710073000043,50.28089548200006],[11.165504114000044,50.28234319100005],[11.158479682000063,50.28920361100006],[11.153767359000028,50.28354438200006],[11.14592282700005,50.284956470000054],[11.131754613000055,50.30808767700006],[11.138463589000025,50.31643203900006],[11.158177092000074,50.32377543200005],[11.159197358000029,50.330391993000035],[11.136108869000054,50.34966563100005],[11.139107812000077,50.35350569700006],[11.126678465000055,50.35617807800003],[11.121687076000057,50.349001659000066],[11.116797804000043,50.349333932000036],[11.114045434000047,50.35252818500004],[11.119291317000034,50.35929010600006],[11.115304910000077,50.36700690300006],[11.089737220000075,50.36588673500006],[11.081951468000057,50.353899272000035],[11.085753909000061,50.35203374300005],[11.073566958000072,50.35365182900006],[11.04298839300003,50.34472165100004],[11.036863470000071,50.34520931700007],[11.032407061000072,50.35150147200005],[11.04349697200007,50.35223236200005],[11.031702753000047,50.355130820000056],[11.036227341000028,50.35868532000006],[11.033417377000035,50.36135823600006],[10.993487278000032,50.36546867700008],[10.994148976000076,50.35347189000004],[10.99951930800006,50.35197304900004],[10.99637008600007,50.34672303800005],[10.992954309000027,50.34903043600008],[10.98578072600003,50.34732052600003],[10.956661342000075,50.36848213400003],[10.96304837100007,50.37246608300006],[10.96178698400007,50.37758531800006],[10.959681308000029,50.37530779900004],[10.948440830000038,50.38175135600005],[10.937634647000039,50.39190511400005],[10.89885408300006,50.38471304400008],[10.89311800400003,50.38032394700008],[10.884868873000073,50.38850371900003],[10.887187525000058,50.39257248800004],[10.87274682800006,50.396794483000065],[10.861837963000028,50.387669722000055],[10.830443013000036,50.39261550100008],[10.804250650000029,50.37910881500005],[10.785881505000077,50.38538423400007],[10.773774016000061,50.37196935800006],[10.762942666000072,50.369718255000066],[10.754509496000026,50.358171911000056],[10.738718422000034,50.362866489000055],[10.715266573000065,50.363591109000026],[10.714303880000045,50.34634559600005],[10.720194358000072,50.349563602000046],[10.728872533000072,50.34794160700005],[10.728148128000043,50.33812014600005],[10.715001982000047,50.333031971000025],[10.71539585100004,50.32117650400005],[10.73693247600005,50.314152017000026],[10.741845438000041,50.315914286000066],[10.770728870000028,50.29267220300005],[10.794209683000076,50.295376178000026],[10.80255027000004,50.291980901000045],[10.803919859000075,50.27975318800003],[10.826331418000052,50.27794903900008],[10.83592565400005,50.27306492400004],[10.846358138000028,50.27509463700005],[10.851494416000037,50.262762648000034],[10.847652555000025,50.245020999000076],[10.825232853000045,50.23761009100008],[10.807268589000046,50.240196712000056],[10.80056410700007,50.25144334400005],[10.781843580000043,50.251283940000064],[10.784366730000045,50.24850648700004],[10.769631615000037,50.24084024800004],[10.74981662600004,50.24247768600003],[10.748203270000033,50.24782568100005],[10.732167774000061,50.25183794600008],[10.726495208000074,50.247564700000055],[10.729442924000068,50.23026456500003],[10.761633674000052,50.22293585400007],[10.75371855800006,50.21323920900005],[10.764389323000046,50.20920063900007],[10.772315694000042,50.197880111000075],[10.780158404000076,50.194397190000075],[10.78141116300003,50.17648927400006],[10.77527675500005,50.17445278100007],[10.772929262000048,50.16582090800006],[10.777788472000054,50.148930145000065],[10.783757367000021,50.145749325000054],[10.790241481000066,50.15203032200003],[10.792431627000042,50.14163278600006],[10.79608389200007,50.14135347100006],[10.804369595000026,50.14099882600004],[10.802572858000076,50.14681589300005],[10.808384042000057,50.14904072600007],[10.812539323000067,50.14641121500006],[10.81884688200006,50.149506907000045],[10.824538805000032,50.14644079200008],[10.835159328000032,50.147480865000034],[10.841926759000046,50.14423977600006],[10.847654910000074,50.147310324000046],[10.842879109000023,50.15392712400006],[10.851798219000045,50.157517013000074],[10.87763624400003,50.145144198000025],[10.879181066000058,50.14151629000003],[10.870659643000067,50.136568830000044],[10.87097043700004,50.128258766000044],[10.86178037600007,50.12558119800008],[10.864877523000075,50.12109958100007],[10.857530145000055,50.104378702000076],[10.861766911000075,50.07852503500004],[10.85508298600007,50.072545853000065],[10.843726161000063,50.07595351900005],[10.836098155000059,50.072782174000054],[10.832448935000059,50.06474928000006],[10.837617980000061,50.06046941000005],[10.832098084000052,50.05259499200008],[10.838597237000045,50.05083043900004],[10.836389047000068,50.044871786000044],[10.830502372000069,50.04620257500005],[10.821091616000047,50.03888768100006],[10.805870575000029,50.03764287300004],[10.797260283000071,50.04571813200005],[10.782608493000055,50.04647511400003],[10.775785456000051,50.04326179600008],[10.778582884000059,50.03906230300004],[10.772030227000073,50.03676477300007],[10.772576636000053,50.024627304000035],[10.762068455000076,50.020990065000035],[10.763497655000037,50.024369713000056],[10.756666087000042,50.02390843000006],[10.749671340000077,50.018957509000074],[10.75314327600006,50.01278680300004],[10.76525182000006,50.01341609100007],[10.764830106000034,50.00041618400007],[10.756689481000024,49.994721612000035],[10.740651957000068,49.99170655300003],[10.760630322000054,49.973551523000026],[10.76112138700006,49.968242057000055],[10.754505552000069,49.96228296000004],[10.731464371000072,49.96216113400004],[10.720990678000021,49.95628885000008],[10.726730334000024,49.957532196000045],[10.74299957900007,49.948102927000036],[10.732075723000037,49.936032484000066],[10.715776902000073,49.93215082300003],[10.718691557000056,49.926441167000064],[10.713488531000053,49.92250450900008],[10.707184779000045,49.924348387000066],[10.706373424000049,49.92043617300004],[10.69412079500006,49.91605819900008],[10.691514742000038,49.91248182000004],[10.696185627000034,49.906589860000054],[10.705705622000039,49.904602725000075],[10.68664605400005,49.89670926700006],[10.685458276000077,49.89234399800006],[10.694056653000075,49.89013811700005],[10.685060689000068,49.883027550000065],[10.679019734000065,49.88355003700008],[10.67861659600004,49.88742833600003],[10.668920895000042,49.88634551800004],[10.668669135000073,49.88995365000005],[10.656846981000058,49.890213473000074],[10.656324660000053,49.88383539000006],[10.632040618000076,49.87360971700008],[10.629300228000034,49.86413017600006],[10.605146374000071,49.85524820100005],[10.596825251000041,49.855453520000026],[10.595289016000038,49.85964733900005],[10.60804442400007,49.875200490000054],[10.592180468000038,49.87138178600003],[10.587020607000056,49.85868230800003],[10.574362983000071,49.862838828000065],[10.57937946900006,49.86647016100005],[10.575883660000045,49.87383197200006],[10.560586697000076,49.86470034800004],[10.553151425000067,49.87459160100008],[10.559424446000037,49.88134514400008],[10.550346945000058,49.881781372000034],[10.543477377000045,49.87594523800004],[10.520226937000075,49.87300977500007],[10.50746222500004,49.87728483600006],[10.50197668800007,49.87140112000003],[10.459388034000028,49.87881629600008],[10.455664357000046,49.87071773500003],[10.452948478000053,49.87218313000005],[10.447559152000053,49.84882500500004],[10.43991148200007,49.84496159200006],[10.461997949000022,49.83599232500006],[10.453725254000062,49.83214763600006],[10.448453806000032,49.819306995000034],[10.462311918000069,49.80840839800004],[10.469414388000075,49.81059673500005],[10.473712473000035,49.80662126100003],[10.47219502400003,49.81038152800005],[10.478812083000037,49.81156152500006],[10.485432377000052,49.80324960100006],[10.466160828000056,49.79155878800003],[10.467122032000077,49.78821230600005],[10.473585135000064,49.78558696500005],[10.489369949000036,49.786426230000075],[10.516402390000053,49.80299744300004],[10.51813740800003,49.79637560900005],[10.535253393000062,49.79397590600007],[10.53474132100007,49.78997510000005],[10.528195838000045,49.78960805000003],[10.524775099000067,49.78534442500006],[10.53608400500002,49.783011258000045],[10.538839586000051,49.77145864900007],[10.553680346000021,49.770144585000025],[10.55143578700006,49.75577253000006],[10.61857691800003,49.73888062000003],[10.630033293000054,49.74035250400004],[10.630564505000052,49.73787108400006],[10.638393412000028,49.74142220400006],[10.654417329000069,49.721123273000046],[10.671351152000057,49.72237646200006],[10.669855925000036,49.72724584600007],[10.683369278000043,49.72918562600006],[10.685867040000062,49.733230449000075],[10.704876900000045,49.73511398200003],[10.701426365000032,49.73646964900007],[10.707763112000066,49.74763200500007],[10.69209412300006,49.74575233000007],[10.688120515000037,49.75205661800004],[10.671863084000051,49.75659870700008],[10.677460562000022,49.76434519500003],[10.696785292000072,49.77564014100005],[10.712406964000024,49.77712343500008],[10.715067517000023,49.787905470000055],[10.731223284000066,49.783960156000035],[10.749948213000039,49.77235972200003],[10.77567422900006,49.76738797400003],[10.793357855000068,49.75411852900004],[10.792583647000072,49.75015299900008],[10.800596798000072,49.74818877700005],[10.799779940000064,49.741938266000034],[10.804876873000069,49.73791218200006],[10.82339908800003,49.74059587800008],[10.82869583400003,49.74974825900006],[10.85650559000004,49.75878695700004],[10.877238744000067,49.75690260300007],[10.878866180000045,49.76596588900003],[10.870538740000029,49.770356797000034],[10.890699060000031,49.77598416100005],[10.903472693000026,49.77344738000005],[10.89966688100003,49.778481044000046],[10.911475164000024,49.78156975200005],[10.913081465000062,49.77934171100003],[10.919031167000071,49.78602253200006],[10.930669106000039,49.78529523600008],[10.917459737000058,49.77637474900007],[10.92664936600005,49.766246194000075],[10.932101259000035,49.765987702000075],[10.921233393000023,49.763225512000076],[10.913115564000066,49.76565748300004],[10.915288961000044,49.76163699600005],[10.927790366000067,49.76183348200004],[10.934019443000068,49.754981291000036],[10.930073841000024,49.751703501000065],[10.935158582000042,49.74742865700006],[10.92627780500004,49.74801116700007],[10.920115428000031,49.74355378000007],[10.920565976000034,49.73797414900008],[10.931274750000057,49.726373186000046],[10.94107847500004,49.72998814500005],[10.951230807000059,49.71748779100005],[10.962837386000047,49.71673027600008],[10.955658132000053,49.71178418800008],[10.940496505000056,49.71657634700006],[10.945666449000043,49.711527010000054],[10.931044414000041,49.71471437300005],[10.932573524000077,49.70891470600003],[10.923073505000048,49.713952687000074],[10.922292052000046,49.706825697000056],[10.927302274000056,49.70725112200006],[10.93831509100005,49.69843717300006],[10.959086202000037,49.691734825000026],[10.973944496000058,49.69107642400007],[10.973621789000049,49.68073512600006],[11.012211883000077,49.68495762600003],[11.015927624000028,49.68107221200006],[11.005878364000068,49.673506375000045],[11.027849995000054,49.67089608200007],[11.051204175000066,49.68257949000008],[11.055375168000069,49.679977079000025],[11.046231052000053,49.66239709800004],[11.053260679000061,49.661436329000026],[11.051597934000029,49.65787278000005],[11.062000646000058,49.66097945700005],[11.060154139000076,49.653620370000056],[11.04917785300006,49.65229764700007],[11.049030738000056,49.64179012300008],[11.035756801000048,49.64050445100003],[11.036295167000048,49.63663338400005],[11.027476141000022,49.63582014600007],[11.022323579000044,49.632056497000065],[11.02482180000004,49.62747471000006],[11.036683823000033,49.624378266000065],[11.044627529000024,49.63240121500007],[11.054733687000066,49.63315283600008],[11.054017202000068,49.63706085200005],[11.060600186000045,49.63779884200005],[11.070186615000068,49.62808296600008],[11.080071275000023,49.62660228800007],[11.076135850000071,49.616087435000054],[11.087569135000024,49.60001484400004],[11.105511105000062,49.60003425300005],[11.099685376000025,49.59708138000008],[11.105522841000038,49.59749199500004],[11.108891024000059,49.58850352200005],[11.158181051000042,49.590323615000045],[11.161677968000049,49.58800909200005],[11.16729582000005,49.59094494800007],[11.180568906000076,49.58732500200006],[11.187953525000069,49.588650345000076],[11.208678447000068,49.59489464600006],[11.207933260000061,49.60158380300004],[11.219760423000025,49.60931827200005],[11.226208160000056,49.60815248800003],[11.231252037000047,49.59759390600004],[11.239302831000032,49.599071009000056],[11.253439860000071,49.594974215000036],[11.26400902100005,49.606844419000026],[11.285067267000045,49.60518632900005],[11.286522494000053,49.618743332000065],[11.292654933000051,49.61611847000006],[11.300202522000063,49.62107659800006],[11.295154954000054,49.62239868300003],[11.298097703000053,49.63026817300005],[11.314713803000075,49.634036439000056],[11.319749192000074,49.63202977600008],[11.325861557000053,49.635458139000036],[11.320679820000066,49.637016292000055],[11.332358204000059,49.63703899500007],[11.337086402000068,49.644399587000066],[11.333506176000071,49.647401813000045],[11.341299541000069,49.65233064200004],[11.342852653000023,49.65867093900005],[11.35291412500004,49.66485751500005],[11.366246470000021,49.665512093000075],[11.374373884000022,49.66955229400003],[11.377132665000033,49.66654395300003],[11.37107487700007,49.65893424400008],[11.378346413000031,49.65943590100005],[11.387549122000053,49.654217868000046],[11.394215296000027,49.64240634500004],[11.391050900000039,49.63320039900003],[11.399016162000066,49.63101413700008],[11.39690108600007,49.62607359200007],[11.404109879000032,49.62277733500008],[11.414083517000051,49.62652093400004],[11.41327019800002,49.621651142000076],[11.426542168000026,49.61387536900003],[11.431899744000077,49.61897112300005],[11.429183598000066,49.62812540400006],[11.458819601000073,49.627914227000076],[11.458147507000035,49.63307523100008],[11.471519190000038,49.63737883200008],[11.468572825000024,49.63964435500003],[11.473534707000056,49.64042953000006],[11.473515229000043,49.644910260000074],[11.480760572000065,49.64485673100006],[11.488639662000026,49.639554874000055],[11.493533249000052,49.64675174100006],[11.508021773000053,49.64651572100007],[11.513496805000045,49.64986778700006],[11.534905410000022,49.64344807500004],[11.539738197000077,49.64586903900005],[11.538504978000049,49.64287918800005],[11.543297153000026,49.64133768700003],[11.542932585000074,49.644310131000054],[11.546502556000064,49.64030041400008],[11.553267464000044,49.643620645000055],[11.557656122000026,49.64221215200007],[11.558510696000042,49.66013574100003],[11.564258520000067,49.66492243500005],[11.555650292000053,49.67744628600008],[11.563448769000047,49.685812886000065],[11.541270453000038,49.693252708000045],[11.559810311000035,49.698065419000045],[11.555652507000048,49.704492370000025],[11.559822257000064,49.70734163700007],[11.557053217000032,49.71448445100003],[11.560448520000023,49.71429079500007],[11.563819322000029,49.72357158700004],[11.552472631000057,49.733186465000074],[11.559782604000077,49.734271386000046],[11.576955604000034,49.72695662800004],[11.587045101000058,49.72872401500007],[11.597694384000022,49.73912044300005],[11.59401408900004,49.753579106000075],[11.63359493300004,49.761810395000055],[11.629524392000064,49.762948693000055],[11.632388597000045,49.76540351600005],[11.628742610000074,49.76395521300003],[11.630197457000065,49.78109521400006],[11.640128675000028,49.79602266100005],[11.63318808300005,49.79958691000007],[11.642782494000073,49.80780475200004],[11.658949558000074,49.80213761300007],[11.673688359000039,49.81112480300004],[11.678139249000026,49.80612990600008],[11.691965955000057,49.803637224000056],[11.699744451000072,49.80722648600005],[11.700359496000033,49.820033039000066],[11.723545522000052,49.81851703800004],[11.721007647000022,49.827461345000074],[11.739713530000074,49.83484419500007],[11.73425204700004,49.83935483300007],[11.762222921000046,49.83852581700006],[11.76170217200007,49.834240598000065],[11.771565246000023,49.840863023000054],[11.787103537000064,49.83766478100006],[11.785171210000044,49.83566205900007],[11.801190407000036,49.84250740500005],[11.803914731000077,49.848999896000066],[11.822997593000025,49.845144161000064],[11.824344798000027,49.84155617000005],[11.835719471000061,49.84626416800006],[11.831605057000047,49.84990274300003],[11.83823370600004,49.852533409000046],[11.854835343000047,49.847108784000056],[11.860662125000033,49.85037758800007],[11.858859695000035,49.85645503200004],[11.842132242000048,49.86590396200006],[11.84553416500006,49.87542901900008],[11.839273625000033,49.87872892100006],[11.854094576000023,49.88608053000007],[11.855066484000076,49.89232285700007],[11.847447687000056,49.89233233300007],[11.846933131000071,49.895307897000066],[11.840355035000073,49.89321694500006],[11.84081500600007,49.89865555400007],[11.829773965000072,49.89883944800005],[11.822786489000066,49.90257383000005],[11.839494326000022,49.90764251300004],[11.83555577800007,49.90879559100006],[11.838094798000043,49.91384988200008],[11.828255389000049,49.93468394900003],[11.822302473000036,49.93549603300005],[11.820623193000074,49.93098886200005],[11.81244995000003,49.93284702300008],[11.817032439000059,49.941243642000074],[11.821351053000058,49.94060873500007],[11.812601425000025,49.94638788800006],[11.814213227000039,49.963295380000034],[11.815135228000031,49.960828165000066],[11.848709619000033,49.961299645000054],[11.85137797300007,49.958505486000035],[11.865078622000055,49.96007892000006],[11.877010685000073,49.968448049000074],[11.898596718000022,49.969441061000055],[11.902681133000044,49.97882546900007],[11.913770570000054,49.97072464100006],[11.935422568000035,49.97297369200004],[11.967018809000024,49.97860966800005],[11.973341877000053,49.98270359800006],[11.984386653000058,49.98021163200008],[12.01221182100005,49.98238649000007],[12.017001563000065,49.98462377300007],[12.015862360000028,49.991334162000044],[12.02582570100003,49.981266393000055],[12.027112832000057,49.987431472000026],[12.035052846000042,49.98651494600006],[12.02841019400006,49.98914189900006],[12.032986119000043,49.98907147500006],[12.047854167000025,49.97975458600007],[12.069753246000062,49.99544658900004],[12.079900401000032,49.992293216000064],[12.077126342000042,49.98544581400006],[12.09457608100007,49.97683389000008],[12.108244805000027,49.97818512400005],[12.128755781000052,49.98834669200005],[12.146324993000064,49.987023461000035],[12.147032251000041,49.99291680400006],[12.190824923000037,50.00078038300006],[12.198293271000068,49.99918450800004],[12.191819500000065,50.00360946600006],[12.200660876000029,50.00796873500008],[12.197613937000028,50.032834782000066],[12.24124508500006,50.035435336000035],[12.257889203000047,50.049102110000035],[12.26091210800007,50.05843035500004]],[[11.808166223000057,49.95394358200008],[11.81080091800004,49.95187966000003],[11.804802175000077,49.950796712000056],[11.808166223000057,49.95394358200008]]],[[[10.890583942000035,49.74162602700005],[10.881161145000021,49.74379928600007],[10.873745057000065,49.74171873100005],[10.89329906000006,49.73755014300008],[10.890583942000035,49.74162602700005]]]]},"properties":{"shapeName":"Oberfranken","shapeISO":"","shapeID":"9070358B72727683862663","shapeGroup":"DEU","shapeType":"ADM2"}},
{"type":"Feature","geometry":{"type":"Polygon","coordinates":[[[10.40984966600007,48.977435307000064],[10.427407200000061,48.977295199000025],[10.413805255000057,48.98123391000007],[10.432140927000034,48.98258666400005],[10.421910273000037,48.98804690400004],[10.42419211300006,48.997439764000035],[10.430271659000027,48.99961130300005],[10.424263849000056,49.00400552000008],[10.433641101000035,49.004668053000046],[10.434834679000062,49.00154779300004],[10.451273632000039,49.00767218100003],[10.451926197000034,49.01137805500008],[10.458246143000054,49.00780991500005],[10.46900336400006,49.01176185000003],[10.482034895000027,49.00857177800003],[10.491070469000022,49.011290157000076],[10.501394472000072,49.00580301700006],[10.517254103000027,49.00841899000005],[10.540863667000053,49.006011415000046],[10.546130146000053,49.00916631100006],[10.539235937000058,49.021832749000055],[10.55433578000003,49.023373434000064],[10.545256573000074,49.02532922300003],[10.553300765000074,49.03313992000005],[10.574534515000039,49.03152855800005],[10.574855737000064,49.03580061700006],[10.595537032000038,49.03451666900003],[10.605627809000055,49.01752460900008],[10.610264750000056,49.01863482200008],[10.614682326000036,49.014729362000026],[10.628092192000054,49.020396780000056],[10.631229641000061,49.01653799200005],[10.642254373000071,49.01663142700005],[10.63871930700003,48.99849680300008],[10.630214723000051,48.99598790500005],[10.631172666000055,48.992020628000034],[10.642488344000071,48.98591094400007],[10.641522051000038,48.98133041700004],[10.66069671400004,48.986117972000045],[10.669393452000065,48.98334822500004],[10.686884125000063,48.95912048100007],[10.69218655900005,48.95989395500004],[10.694163489000061,48.95220070500005],[10.689024823000068,48.94419594400006],[10.701733149000063,48.943355256000075],[10.70081396300003,48.93900387100007],[10.69212890700004,48.93987786400004],[10.684937694000041,48.929695679000076],[10.66926507900007,48.92249063200006],[10.680278083000076,48.91355352200003],[10.674327093000045,48.91215688400007],[10.676080121000041,48.91018450000007],[10.68508612200003,48.911780914000076],[10.697725104000028,48.90807067900005],[10.696666409000045,48.90440417700006],[10.706607671000029,48.90818049300003],[10.711266528000067,48.90023929900008],[10.722890456000073,48.90052246000005],[10.733643459000064,48.912543078000056],[10.734817465000049,48.92391776900007],[10.75369896500007,48.925054629000044],[10.765578879000032,48.91612310200003],[10.77634772700003,48.91611422700004],[10.778710146000037,48.920077555000034],[10.774376054000072,48.92014003600008],[10.770598822000068,48.926439463000065],[10.774278580000043,48.925628302000064],[10.794666538000058,48.94327638200008],[10.799073579000037,48.94087044200006],[10.807252670000025,48.94926312700005],[10.811328997000032,48.94716865500004],[10.817673347000039,48.94946356400004],[10.811767926000073,48.93686936800003],[10.825887168000065,48.93124381500007],[10.832464514000037,48.91302982900004],[10.827681120000022,48.915948988000025],[10.820543598000029,48.90999936000003],[10.80788893500005,48.90765844500004],[10.815371191000054,48.901090744000044],[10.828783159000068,48.895349974000055],[10.833277893000059,48.89637990600005],[10.830863777000047,48.90041629600006],[10.834927871000048,48.89630301200003],[10.86115514100004,48.89519782000008],[10.863770591000048,48.89354151200007],[10.860208635000049,48.88960482300007],[10.85464707400007,48.89001837400008],[10.85328462700005,48.88459948800005],[10.871149892000062,48.882657840000036],[10.867658175000031,48.87558630500007],[10.906098443000076,48.88255792600006],[10.917496591000031,48.875968396000076],[10.915100331000076,48.87318929800006],[10.924820597000064,48.87308972000005],[10.931625267000072,48.862505],[10.93683930900005,48.86327612600007],[10.947052940000049,48.86516026800007],[10.963137722000056,48.859356621000074],[10.963057874000071,48.867865074000065],[10.974122138000041,48.87871886700003],[11.008824703000073,48.886471431000075],[11.018723945000033,48.88432476200006],[11.031318609000039,48.88691513300006],[11.027104864000023,48.890539112000056],[11.029365335000023,48.895297189000075],[11.044770673000073,48.90070080800007],[11.032049028000074,48.905423135000035],[11.032378276000031,48.90890015700006],[11.036125774000027,48.90970965200006],[11.045030474000043,48.90196768200008],[11.049612336000052,48.90780924900008],[11.059484672000053,48.909657896000056],[11.059434115000045,48.91355254400003],[11.071117344000072,48.91145170500005],[11.074045932000047,48.91447664700007],[11.066521300000034,48.92469858700008],[11.050608828000065,48.93187231300004],[11.071038113000043,48.94989281100004],[11.070427055000039,48.953664494000066],[11.101227932000029,48.96611279900003],[11.142374885000038,48.96518213600007],[11.139738425000075,48.96828231900008],[11.14499459700005,48.973153997000054],[11.140841723000051,48.973195891000046],[11.148126177000051,48.98561106400007],[11.14318903700007,48.99150395100003],[11.16256461100005,48.99610382600008],[11.163468984000076,48.99925551800004],[11.155518621000056,49.002693355000076],[11.164990375000059,49.004457579000075],[11.16121600200006,49.007444864000036],[11.163091717000043,49.01477817400007],[11.17544287100003,49.01778447000004],[11.181443972000068,49.01373647400004],[11.19057705800003,49.018438554000056],[11.189641041000073,49.02280671200003],[11.18372628700007,49.023319754000056],[11.185926026000061,49.02683460800006],[11.181276209000032,49.025124636000044],[11.179524236000077,49.028644291000035],[11.20192690400006,49.04759152300005],[11.209442052000043,49.045916066000075],[11.216592179000031,49.05103347000005],[11.225429875000032,49.04903363900007],[11.225073011000063,49.051698402000056],[11.246434385000043,49.04721342600004],[11.255388499000048,49.05278405800004],[11.248833716000036,49.04574923000007],[11.251447030000065,49.04309623600005],[11.253396732000056,49.04528683900003],[11.251997896000034,49.03892796200006],[11.269753879000064,49.02846320000003],[11.265394081000068,49.026964027000076],[11.26356886700006,49.014455904000044],[11.287545657000067,49.00408695100003],[11.296453339000038,49.005987306000065],[11.293247798000039,49.016443937000076],[11.297195138000063,49.016155010000034],[11.30605508900004,49.00375974700006],[11.327118982000059,48.99793019100008],[11.333828555000025,49.00095507800006],[11.335565773000042,49.00814829800004],[11.341830074000029,49.00680665300007],[11.342475759000024,49.01396994100003],[11.35129220400006,49.016844494000054],[11.345929409000064,49.019853484000066],[11.35034481100007,49.02129513300008],[11.364959720000058,49.01487765100006],[11.381805004000057,49.01701273000003],[11.379294853000033,49.021862731000056],[11.38498372500004,49.02331998400007],[11.386383133000038,49.03101751100007],[11.400565695000068,49.030121628000074],[11.415865102000055,49.03477367700003],[11.407157469000026,49.03805585200007],[11.40055241300007,49.05364356600006],[11.406524954000076,49.05393713800004],[11.407929817000024,49.05076849400007],[11.42651789200005,49.051677494000046],[11.41721463400006,49.061918569000056],[11.411219032000076,49.06336179400006],[11.412809097000036,49.059130149000055],[11.399565324000037,49.06163909300005],[11.396847690000072,49.070922058000065],[11.385713791000057,49.078858205000074],[11.381202832000042,49.07827187400005],[11.384213748000036,49.08293585000007],[11.378910274000077,49.08368764200003],[11.378096934000041,49.08845303000004],[11.367239396000059,49.091676962000065],[11.353047795000066,49.09001396100007],[11.36811995200003,49.10027848500005],[11.361812221000037,49.099931423000044],[11.355246673000067,49.11673076800008],[11.322821786000077,49.11901555000003],[11.32584847000004,49.12370675100004],[11.318728753000073,49.12897622000003],[11.327810943000031,49.14303201200005],[11.324846597000032,49.156501828000046],[11.312521103000051,49.155935183000054],[11.307992039000055,49.163110191000044],[11.313648774000058,49.17806454000004],[11.299711473000059,49.183220188000064],[11.286846247000028,49.18277145500008],[11.287045224000053,49.18739368200005],[11.26955599300004,49.18877437900005],[11.271617743000036,49.196147308000036],[11.262021452000056,49.19657982500007],[11.265974263000032,49.20027012300005],[11.263118151000072,49.21122590300007],[11.311938939000072,49.20688931500007],[11.314521413000023,49.20940733100008],[11.321941723000066,49.20252564400005],[11.318122219000031,49.21123421400006],[11.303919837000024,49.22019711100006],[11.293258335000075,49.23552972200008],[11.302957287000027,49.24379070800006],[11.29583544600007,49.25015632600008],[11.289999678000072,49.25042241500006],[11.287590945000034,49.25437941600006],[11.291974132000064,49.256840390000036],[11.285681651000061,49.26032991000005],[11.277447020000068,49.25341558700006],[11.273169394000035,49.257542373000035],[11.276265487000046,49.260120089000054],[11.264160334000053,49.26047836300006],[11.27695813300005,49.26788396400008],[11.287115308000068,49.26479071800003],[11.29217084100003,49.26712105000007],[11.284941392000064,49.26718978100007],[11.288852366000071,49.26929436700004],[11.274438841000062,49.274000423000075],[11.25981347000004,49.27391339300004],[11.246227014000056,49.26954056200003],[11.238894467000023,49.276080739000065],[11.22698304000005,49.27875230200004],[11.22757357100005,49.27416070600003],[11.216280502000075,49.27838923400003],[11.215008501000057,49.27421437100003],[11.206290701000057,49.27411657700003],[11.20387751100003,49.27737913200008],[11.215132702000062,49.287194284000066],[11.214644304000046,49.292270948000066],[11.198757702000023,49.28933028900008],[11.185988267000027,49.30040163000007],[11.188275715000032,49.30452566400004],[11.202350501000069,49.305572089000066],[11.21981254700006,49.315959700000064],[11.243611628000053,49.30667414900006],[11.251368308000053,49.308929412000055],[11.251645203000066,49.31630020600005],[11.238739825000039,49.32072311500008],[11.247176210000077,49.32535278700004],[11.271887529000026,49.32235224100003],[11.277967673000035,49.315383550000035],[11.273372484000049,49.31286042800008],[11.29054713000005,49.31303787300004],[11.29259870900006,49.31729646300005],[11.303798700000073,49.30899475900003],[11.31701319800004,49.30856667900008],[11.326180755000053,49.30242748900008],[11.328358723000065,49.30747613700004],[11.329073491000031,49.303449716000046],[11.334498878000034,49.30306149000006],[11.333694537000042,49.30813838300003],[11.343329081000036,49.31149398000008],[11.345385132000047,49.31965584200003],[11.358254292000026,49.31823597300007],[11.367045903000076,49.32134985400006],[11.362816328000065,49.32246515800006],[11.365462089000061,49.326475035000044],[11.381947938000053,49.32623241200008],[11.379776480000032,49.33100594300004],[11.38957563300005,49.34208400400007],[11.376203222000072,49.34867509400004],[11.378079119000063,49.35186308300007],[11.37123295400005,49.35706205400004],[11.377228846000037,49.35884169800005],[11.378491954000026,49.35335321400004],[11.386015604000022,49.35808017700003],[11.393714439000064,49.35659792400003],[11.399295111000072,49.36411024900008],[11.405537167000034,49.36423114100006],[11.406581736000021,49.36775823600004],[11.397645923000027,49.370204828000055],[11.40005304400006,49.37294744400003],[11.40978530700005,49.37179867900005],[11.42087060600005,49.375855827000066],[11.418520022000052,49.383146382000064],[11.427258996000035,49.38935868800007],[11.423725212000022,49.393177266000066],[11.438122957000076,49.39573018800007],[11.445260658000052,49.40681701600005],[11.461458696000022,49.411565015000065],[11.459029886000053,49.41559811700006],[11.44462161100006,49.41497310800003],[11.449223295000024,49.41686867100003],[11.448123827000074,49.42752070900008],[11.45871915400005,49.43247811600003],[11.46475219000007,49.42175682700008],[11.482783747000042,49.42679201900006],[11.491256552000038,49.420321311000066],[11.53685831000007,49.41055459000006],[11.558995111000058,49.41649339400004],[11.557222048000028,49.432992805000026],[11.580856711000024,49.45342421600003],[11.596247774000062,49.47409429700008],[11.588972139000077,49.47653991800007],[11.592409984000028,49.484405931000026],[11.578505077000045,49.48507048700003],[11.578425465000066,49.488894911000045],[11.568758658000036,49.492018803000065],[11.56644142600004,49.50394357600004],[11.533857848000025,49.50741354300004],[11.53454759400006,49.513759],[11.548292949000029,49.521180626000046],[11.542893105000076,49.52706061100008],[11.546782257000075,49.53298959700004],[11.540581676000045,49.53644772300004],[11.551251324000077,49.53884110000007],[11.54913480700003,49.544456886000035],[11.536810887000058,49.542339397000035],[11.531497394000041,49.54453413400006],[11.53396217900007,49.54679199900005],[11.515495551000072,49.54796988000004],[11.517989904000046,49.55125554700004],[11.510854191000021,49.55320895600005],[11.513341635000074,49.55769414700006],[11.527050531000043,49.55976566700008],[11.52518172200007,49.563561365000055],[11.530788699000027,49.565075851000074],[11.544411664000052,49.55991247800006],[11.554084360000047,49.56514892900003],[11.551508476000038,49.57381908100007],[11.576077701000031,49.57987688900005],[11.564225581000073,49.58636800700003],[11.568675550000023,49.59737811900004],[11.559171688000049,49.59373910700003],[11.560929895000072,49.59812222800008],[11.54997760200007,49.603649689000065],[11.562043595000034,49.60712692800007],[11.560554736000029,49.612404241000036],[11.578343551000046,49.61469234800006],[11.580128332000072,49.61830120800005],[11.592108472000064,49.612311025000054],[11.601550346000067,49.62306120800008],[11.597843845000057,49.62328616600007],[11.60124348000005,49.62597031700005],[11.589680205000036,49.64122467200008],[11.570631333000051,49.64066863000005],[11.573927793000053,49.64740337000006],[11.563824271000044,49.65974406000004],[11.57558481600006,49.66418643800006],[11.561198904000037,49.67880703800006],[11.564951583000038,49.68604170300006],[11.544332686000075,49.693116565000025],[11.563556809000033,49.69687866000004],[11.557325521000053,49.70361302800006],[11.562307213000054,49.70678753200008],[11.560448520000023,49.71429079500007],[11.557053217000032,49.71448445100003],[11.559822257000064,49.70734163700007],[11.555652507000048,49.704492370000025],[11.559810311000035,49.698065419000045],[11.541270453000038,49.693252708000045],[11.563448769000047,49.685812886000065],[11.555650292000053,49.67744628600008],[11.564258520000067,49.66492243500005],[11.558510696000042,49.66013574100003],[11.557656122000026,49.64221215200007],[11.553267464000044,49.643620645000055],[11.546502556000064,49.64030041400008],[11.542932585000074,49.644310131000054],[11.543297153000026,49.64133768700003],[11.538504978000049,49.64287918800005],[11.539738197000077,49.64586903900005],[11.534905410000022,49.64344807500004],[11.513496805000045,49.64986778700006],[11.508021773000053,49.64651572100007],[11.493533249000052,49.64675174100006],[11.488639662000026,49.639554874000055],[11.480760572000065,49.64485673100006],[11.473515229000043,49.644910260000074],[11.473534707000056,49.64042953000006],[11.468572825000024,49.63964435500003],[11.471519190000038,49.63737883200008],[11.458147507000035,49.63307523100008],[11.458819601000073,49.627914227000076],[11.429183598000066,49.62812540400006],[11.431899744000077,49.61897112300005],[11.426542168000026,49.61387536900003],[11.41327019800002,49.621651142000076],[11.414083517000051,49.62652093400004],[11.404109879000032,49.62277733500008],[11.39690108600007,49.62607359200007],[11.399016162000066,49.63101413700008],[11.391050900000039,49.63320039900003],[11.394215296000027,49.64240634500004],[11.387549122000053,49.654217868000046],[11.378346413000031,49.65943590100005],[11.37107487700007,49.65893424400008],[11.377132665000033,49.66654395300003],[11.374373884000022,49.66955229400003],[11.366246470000021,49.665512093000075],[11.35291412500004,49.66485751500005],[11.342852653000023,49.65867093900005],[11.341299541000069,49.65233064200004],[11.333506176000071,49.647401813000045],[11.337086402000068,49.644399587000066],[11.332358204000059,49.63703899500007],[11.320679820000066,49.637016292000055],[11.325861557000053,49.635458139000036],[11.319749192000074,49.63202977600008],[11.314713803000075,49.634036439000056],[11.298097703000053,49.63026817300005],[11.295154954000054,49.62239868300003],[11.300202522000063,49.62107659800006],[11.292654933000051,49.61611847000006],[11.286522494000053,49.618743332000065],[11.285067267000045,49.60518632900005],[11.26400902100005,49.606844419000026],[11.253439860000071,49.594974215000036],[11.239302831000032,49.599071009000056],[11.231252037000047,49.59759390600004],[11.226208160000056,49.60815248800003],[11.219760423000025,49.60931827200005],[11.207933260000061,49.60158380300004],[11.208678447000068,49.59489464600006],[11.187953525000069,49.588650345000076],[11.180568906000076,49.58732500200006],[11.16729582000005,49.59094494800007],[11.161677968000049,49.58800909200005],[11.158181051000042,49.590323615000045],[11.108891024000059,49.58850352200005],[11.105522841000038,49.59749199500004],[11.099685376000025,49.59708138000008],[11.105511105000062,49.60003425300005],[11.087569135000024,49.60001484400004],[11.076135850000071,49.616087435000054],[11.080071275000023,49.62660228800007],[11.070186615000068,49.62808296600008],[11.060600186000045,49.63779884200005],[11.054017202000068,49.63706085200005],[11.054733687000066,49.63315283600008],[11.044627529000024,49.63240121500007],[11.036683823000033,49.624378266000065],[11.02482180000004,49.62747471000006],[11.022323579000044,49.632056497000065],[11.027476141000022,49.63582014600007],[11.036295167000048,49.63663338400005],[11.035756801000048,49.64050445100003],[11.049030738000056,49.64179012300008],[11.04917785300006,49.65229764700007],[11.060154139000076,49.653620370000056],[11.062000646000058,49.66097945700005],[11.051597934000029,49.65787278000005],[11.053260679000061,49.661436329000026],[11.046231052000053,49.66239709800004],[11.055375168000069,49.679977079000025],[11.051204175000066,49.68257949000008],[11.027849995000054,49.67089608200007],[11.005878364000068,49.673506375000045],[11.015927624000028,49.68107221200006],[11.012211883000077,49.68495762600003],[10.973621789000049,49.68073512600006],[10.973944496000058,49.69107642400007],[10.959086202000037,49.691734825000026],[10.93831509100005,49.69843717300006],[10.927302274000056,49.70725112200006],[10.922292052000046,49.706825697000056],[10.923073505000048,49.713952687000074],[10.932573524000077,49.70891470600003],[10.931044414000041,49.71471437300005],[10.945666449000043,49.711527010000054],[10.940496505000056,49.71657634700006],[10.955658132000053,49.71178418800008],[10.962837386000047,49.71673027600008],[10.951230807000059,49.71748779100005],[10.94107847500004,49.72998814500005],[10.931274750000057,49.726373186000046],[10.920565976000034,49.73797414900008],[10.920115428000031,49.74355378000007],[10.92627780500004,49.74801116700007],[10.935158582000042,49.74742865700006],[10.930073841000024,49.751703501000065],[10.934019443000068,49.754981291000036],[10.927790366000067,49.76183348200004],[10.915288961000044,49.76163699600005],[10.913115564000066,49.76565748300004],[10.921233393000023,49.763225512000076],[10.932101259000035,49.765987702000075],[10.92664936600005,49.766246194000075],[10.917459737000058,49.77637474900007],[10.930669106000039,49.78529523600008],[10.919031167000071,49.78602253200006],[10.913081465000062,49.77934171100003],[10.911475164000024,49.78156975200005],[10.89966688100003,49.778481044000046],[10.903472693000026,49.77344738000005],[10.890699060000031,49.77598416100005],[10.870538740000029,49.770356797000034],[10.878866180000045,49.76596588900003],[10.877238744000067,49.75690260300007],[10.85650559000004,49.75878695700004],[10.82869583400003,49.74974825900006],[10.82339908800003,49.74059587800008],[10.804876873000069,49.73791218200006],[10.799779940000064,49.741938266000034],[10.800596798000072,49.74818877700005],[10.792583647000072,49.75015299900008],[10.793357855000068,49.75411852900004],[10.77567422900006,49.76738797400003],[10.749948213000039,49.77235972200003],[10.731223284000066,49.783960156000035],[10.715067517000023,49.787905470000055],[10.712406964000024,49.77712343500008],[10.696785292000072,49.77564014100005],[10.677460562000022,49.76434519500003],[10.671863084000051,49.75659870700008],[10.688120515000037,49.75205661800004],[10.69209412300006,49.74575233000007],[10.707763112000066,49.74763200500007],[10.701426365000032,49.73646964900007],[10.704876900000045,49.73511398200003],[10.685867040000062,49.733230449000075],[10.683369278000043,49.72918562600006],[10.669855925000036,49.72724584600007],[10.671351152000057,49.72237646200006],[10.654417329000069,49.721123273000046],[10.638393412000028,49.74142220400006],[10.630564505000052,49.73787108400006],[10.630033293000054,49.74035250400004],[10.61857691800003,49.73888062000003],[10.55143578700006,49.75577253000006],[10.539421592000053,49.752961404000075],[10.526592599000026,49.75551117200007],[10.507856212000036,49.75192705500007],[10.496306362000041,49.753400027000055],[10.491364905000069,49.74286476000003],[10.479980240000032,49.74471661600006],[10.464003067000021,49.74135695100006],[10.43550472100003,49.75004402400003],[10.422372249000034,49.73138590900004],[10.41624150000007,49.73133096600003],[10.421739026000068,49.74510523600003],[10.416956,49.74122431200004],[10.411968398000056,49.74330775700008],[10.407344872000067,49.73643069500008],[10.375191739000059,49.72240124400008],[10.37248168800005,49.713545648000036],[10.354328911000039,49.70617363200006],[10.352572448000046,49.699972778000074],[10.343583273000036,49.700338583000075],[10.338674066000067,49.704164211000034],[10.332951755000067,49.69830820200008],[10.341032936000033,49.695629874000076],[10.355639104000034,49.69495668800005],[10.353883745000076,49.69300220500003],[10.361933112000031,49.69101508000006],[10.364936055000044,49.69325881800006],[10.366220848000069,49.690084590000026],[10.382699509000076,49.69404329300005],[10.380999220000035,49.69181939400005],[10.387172805000034,49.69082710100008],[10.38509279300007,49.68501330400005],[10.376332718000072,49.68377157100008],[10.375541788000021,49.689312517000076],[10.358560211000054,49.67801105600006],[10.368018148000033,49.67201285700003],[10.369165895000037,49.66798379700003],[10.362837451000075,49.66588015000008],[10.379176359000041,49.650451977000046],[10.38801286200004,49.634258663000026],[10.365123646000029,49.63182269500004],[10.356018145000064,49.624524475000044],[10.32572437400006,49.62271861000005],[10.324425052000038,49.62583831900008],[10.311406286000022,49.62606027600003],[10.306551113000069,49.62121207000007],[10.301219611000022,49.62712986500003],[10.282700256000055,49.61909809100007],[10.269725382000047,49.62517348600005],[10.249117960000035,49.62529161900005],[10.218172434000053,49.632898487000034],[10.200218928000027,49.62647318300003],[10.200013141000056,49.60280726700006],[10.195858771000076,49.60307506000004],[10.196030432000043,49.60002577800003],[10.177764100000047,49.59938146800005],[10.170452246000025,49.589878318000046],[10.157830692000061,49.59386217900004],[10.14839979900006,49.61179105100007],[10.132109437000054,49.611604302000046],[10.117815539000048,49.62213554500005],[10.099727059000031,49.61920316800007],[10.099284648000037,49.61251728600007],[10.089896297000053,49.61106222300003],[10.083027991000051,49.598523173000046],[10.069613723000032,49.59262530400008],[10.075780911000038,49.57761575100005],[10.071875274000035,49.567264297000065],[10.078547136000054,49.565148255000054],[10.08372346300007,49.54356076500005],[10.090080476000026,49.53403826600004],[10.087974031000044,49.52844928400003],[10.07861145000004,49.527317380000056],[10.081353762000049,49.513677650000034],[10.105717540000057,49.51510581800005],[10.108475105000025,49.51147678700005],[10.121323095000037,49.51104620600006],[10.099991355000043,49.491727680000054],[10.110712222000075,49.47762344100005],[10.116088967000053,49.47857744300006],[10.122251832000075,49.46390784100004],[10.115844314000071,49.46130059400008],[10.105487698000047,49.46323873700004],[10.108231467000053,49.460207671000035],[10.097826626000028,49.45701059700008],[10.094741444000022,49.44789857000006],[10.105708278000066,49.44481587100006],[10.111758984000062,49.43874665800007],[10.11062488500005,49.44250302100005],[10.118781030000036,49.44389826300005],[10.133705133000035,49.43714686000004],[10.137427056000035,49.42471766500006],[10.151680498000076,49.41229446400007],[10.147652145000052,49.41075266200005],[10.152217243000052,49.40101546500006],[10.138638067000045,49.403095723000035],[10.161698240000021,49.39549398200006],[10.161210778000054,49.39035597900005],[10.146403978000023,49.387431853000066],[10.144924269000057,49.38441364700003],[10.121685574000026,49.38786002400008],[10.111966360000054,49.38491033300005],[10.107318285000076,49.378784909000046],[10.117413523000039,49.369023147000064],[10.113373868000053,49.359940548000054],[10.124555669000074,49.35613756300006],[10.123719471000072,49.35081809600007],[10.10761552300005,49.351698646000045],[10.104846911000038,49.338411507000046],[10.113086502000044,49.335777463000056],[10.112838389000046,49.33235476300007],[10.10799352500004,49.33250459200008],[10.110499427000036,49.32887179200003],[10.11746897200004,49.32912363200006],[10.121334638000064,49.32495694600004],[10.132711243000074,49.327743688000055],[10.14010171700005,49.32557627300008],[10.145247060000031,49.31649821000008],[10.131680316000029,49.30512301700003],[10.13229898800006,49.300318839000056],[10.144107655000028,49.29012010800005],[10.14237948400006,49.28764989800004],[10.150171929000066,49.28829509800005],[10.15662029400005,49.28075891000003],[10.15068125700003,49.280650654000056],[10.145388722000064,49.27491306600007],[10.147428862000027,49.26854182900007],[10.134156874000041,49.262229699000045],[10.126639932000046,49.26238025100008],[10.123560393000048,49.27096509100005],[10.131392017000053,49.27508391400005],[10.123625095000023,49.27499520300006],[10.119550373000038,49.266975667000054],[10.11397418000007,49.266407935000075],[10.118701572000077,49.257869579000044],[10.109875037000052,49.25829803200003],[10.133209341000054,49.253105435000066],[10.119829082000024,49.247357976000046],[10.123989086000051,49.246013703000074],[10.127462295000043,49.22331249700005],[10.138989004000052,49.21592538400006],[10.140135950000058,49.20888974300004],[10.125622454000052,49.21089314200003],[10.130455046000066,49.20376708300006],[10.12489927300004,49.199736861000076],[10.130081142000051,49.19882757600004],[10.129171664000069,49.19572129200003],[10.135324543000024,49.200643746000026],[10.142404979000048,49.195440430000076],[10.156808452000064,49.19271495500004],[10.153573665000067,49.18841166000004],[10.16646783300007,49.179215673000044],[10.181182663000072,49.18240669100004],[10.177317879000043,49.17350865900005],[10.186296971000047,49.170515720000026],[10.188631112000053,49.17440146800004],[10.187715570000023,49.170043699000075],[10.195244024000033,49.169888892000074],[10.192707093000024,49.167597270000044],[10.199512653000056,49.160707665000075],[10.196814396000036,49.15576223700003],[10.20516697000005,49.155631603000074],[10.218379110000058,49.163489850000076],[10.218691045000071,49.15995688500004],[10.228141119000043,49.159890250000046],[10.236613667000029,49.14926282600004],[10.248022910000032,49.14928110900007],[10.256947320000052,49.12905042800003],[10.224954281000066,49.119502527000066],[10.229330692000076,49.113225552000074],[10.226574538000023,49.11102609400007],[10.21524985700006,49.11328348500007],[10.215625560000035,49.10610920600004],[10.204997649000063,49.09811900300008],[10.212731077000058,49.09446932000003],[10.22277854300006,49.09785862000007],[10.229070019000062,49.08976092300003],[10.250596710000025,49.09281512500007],[10.247145405000026,49.07972034900007],[10.241643575000069,49.079258061000075],[10.240984279000031,49.082197740000026],[10.234169895000036,49.07636232200008],[10.23563573000007,49.073703426000066],[10.245544909000046,49.07433931400004],[10.258153512000035,49.07017377200003],[10.264630448000048,49.06136454500006],[10.25605594600006,49.061364447000074],[10.251863839000066,49.039161196000066],[10.264990096000076,49.04520267300006],[10.277220932000034,49.04252040600005],[10.277240662000054,49.03823914700007],[10.284838754000077,49.03657533100005],[10.28493936500007,49.04208579600004],[10.294007324000063,49.042777439000076],[10.300568132000024,49.04034069200003],[10.30271405700006,49.031469309000045],[10.309455680000042,49.03195769700005],[10.320476556000074,49.02571592600003],[10.328960583000026,49.024497015000065],[10.327490237000063,49.03027806100005],[10.333616422000034,49.026788579000026],[10.332901138000068,49.03192323500008],[10.336952050000036,49.027270188000045],[10.350256584000022,49.02842207200007],[10.345197407000057,49.01938497200007],[10.356091845000037,49.01350972500006],[10.352157951000038,49.00600205200004],[10.381896484000038,48.99904899000006],[10.378746742000033,48.99044725500005],[10.394683058000055,48.990157614000054],[10.40984966600007,48.977435307000064]],[[10.890583942000035,49.74162602700005],[10.89329906000006,49.73755014300008],[10.873745057000065,49.74171873100005],[10.881161145000021,49.74379928600007],[10.890583942000035,49.74162602700005]]]},"properties":{"shapeName":"Mittelfranken","shapeISO":"","shapeID":"9070358B15061347548929","shapeGroup":"DEU","shapeType":"ADM2"}},
{"type":"Feature","geometry":{"type":"Polygon","coordinates":[[[10.08372346300007,49.54356076500005],[10.078547136000054,49.565148255000054],[10.071875274000035,49.567264297000065],[10.075780911000038,49.57761575100005],[10.069613723000032,49.59262530400008],[10.083027991000051,49.598523173000046],[10.089896297000053,49.61106222300003],[10.099284648000037,49.61251728600007],[10.099727059000031,49.61920316800007],[10.117815539000048,49.62213554500005],[10.132109437000054,49.611604302000046],[10.14839979900006,49.61179105100007],[10.157830692000061,49.59386217900004],[10.170452246000025,49.589878318000046],[10.177764100000047,49.59938146800005],[10.196030432000043,49.60002577800003],[10.195858771000076,49.60307506000004],[10.200013141000056,49.60280726700006],[10.200218928000027,49.62647318300003],[10.218172434000053,49.632898487000034],[10.249117960000035,49.62529161900005],[10.269725382000047,49.62517348600005],[10.282700256000055,49.61909809100007],[10.301219611000022,49.62712986500003],[10.306551113000069,49.62121207000007],[10.311406286000022,49.62606027600003],[10.324425052000038,49.62583831900008],[10.32572437400006,49.62271861000005],[10.356018145000064,49.624524475000044],[10.365123646000029,49.63182269500004],[10.38801286200004,49.634258663000026],[10.379176359000041,49.650451977000046],[10.362837451000075,49.66588015000008],[10.369165895000037,49.66798379700003],[10.368018148000033,49.67201285700003],[10.358560211000054,49.67801105600006],[10.375541788000021,49.689312517000076],[10.376332718000072,49.68377157100008],[10.38509279300007,49.68501330400005],[10.387172805000034,49.69082710100008],[10.380999220000035,49.69181939400005],[10.382699509000076,49.69404329300005],[10.366220848000069,49.690084590000026],[10.364936055000044,49.69325881800006],[10.361933112000031,49.69101508000006],[10.353883745000076,49.69300220500003],[10.355639104000034,49.69495668800005],[10.341032936000033,49.695629874000076],[10.332951755000067,49.69830820200008],[10.338674066000067,49.704164211000034],[10.343583273000036,49.700338583000075],[10.352572448000046,49.699972778000074],[10.354328911000039,49.70617363200006],[10.37248168800005,49.713545648000036],[10.375191739000059,49.72240124400008],[10.407344872000067,49.73643069500008],[10.411968398000056,49.74330775700008],[10.416956,49.74122431200004],[10.421739026000068,49.74510523600003],[10.41624150000007,49.73133096600003],[10.422372249000034,49.73138590900004],[10.43550472100003,49.75004402400003],[10.464003067000021,49.74135695100006],[10.479980240000032,49.74471661600006],[10.491364905000069,49.74286476000003],[10.496306362000041,49.753400027000055],[10.507856212000036,49.75192705500007],[10.526592599000026,49.75551117200007],[10.539421592000053,49.752961404000075],[10.55143578700006,49.75577253000006],[10.553680346000021,49.770144585000025],[10.538839586000051,49.77145864900007],[10.53608400500002,49.783011258000045],[10.524775099000067,49.78534442500006],[10.528195838000045,49.78960805000003],[10.53474132100007,49.78997510000005],[10.535253393000062,49.79397590600007],[10.51813740800003,49.79637560900005],[10.516402390000053,49.80299744300004],[10.489369949000036,49.786426230000075],[10.473585135000064,49.78558696500005],[10.467122032000077,49.78821230600005],[10.466160828000056,49.79155878800003],[10.485432377000052,49.80324960100006],[10.478812083000037,49.81156152500006],[10.47219502400003,49.81038152800005],[10.473712473000035,49.80662126100003],[10.469414388000075,49.81059673500005],[10.462311918000069,49.80840839800004],[10.448453806000032,49.819306995000034],[10.453725254000062,49.83214763600006],[10.461997949000022,49.83599232500006],[10.43991148200007,49.84496159200006],[10.447559152000053,49.84882500500004],[10.452948478000053,49.87218313000005],[10.455664357000046,49.87071773500003],[10.459388034000028,49.87881629600008],[10.50197668800007,49.87140112000003],[10.50746222500004,49.87728483600006],[10.520226937000075,49.87300977500007],[10.543477377000045,49.87594523800004],[10.550346945000058,49.881781372000034],[10.559424446000037,49.88134514400008],[10.553151425000067,49.87459160100008],[10.560586697000076,49.86470034800004],[10.575883660000045,49.87383197200006],[10.57937946900006,49.86647016100005],[10.574362983000071,49.862838828000065],[10.587020607000056,49.85868230800003],[10.592180468000038,49.87138178600003],[10.60804442400007,49.875200490000054],[10.595289016000038,49.85964733900005],[10.596825251000041,49.855453520000026],[10.605146374000071,49.85524820100005],[10.629300228000034,49.86413017600006],[10.632040618000076,49.87360971700008],[10.656324660000053,49.88383539000006],[10.656846981000058,49.890213473000074],[10.668669135000073,49.88995365000005],[10.668920895000042,49.88634551800004],[10.67861659600004,49.88742833600003],[10.679019734000065,49.88355003700008],[10.685060689000068,49.883027550000065],[10.694056653000075,49.89013811700005],[10.685458276000077,49.89234399800006],[10.68664605400005,49.89670926700006],[10.705705622000039,49.904602725000075],[10.696185627000034,49.906589860000054],[10.691514742000038,49.91248182000004],[10.69412079500006,49.91605819900008],[10.706373424000049,49.92043617300004],[10.707184779000045,49.924348387000066],[10.713488531000053,49.92250450900008],[10.718691557000056,49.926441167000064],[10.715776902000073,49.93215082300003],[10.732075723000037,49.936032484000066],[10.74299957900007,49.948102927000036],[10.726730334000024,49.957532196000045],[10.720990678000021,49.95628885000008],[10.731464371000072,49.96216113400004],[10.754505552000069,49.96228296000004],[10.76112138700006,49.968242057000055],[10.760630322000054,49.973551523000026],[10.740651957000068,49.99170655300003],[10.756689481000024,49.994721612000035],[10.764830106000034,50.00041618400007],[10.76525182000006,50.01341609100007],[10.75314327600006,50.01278680300004],[10.749671340000077,50.018957509000074],[10.756666087000042,50.02390843000006],[10.763497655000037,50.024369713000056],[10.762068455000076,50.020990065000035],[10.772576636000053,50.024627304000035],[10.772030227000073,50.03676477300007],[10.778582884000059,50.03906230300004],[10.775785456000051,50.04326179600008],[10.782608493000055,50.04647511400003],[10.797260283000071,50.04571813200005],[10.805870575000029,50.03764287300004],[10.821091616000047,50.03888768100006],[10.830502372000069,50.04620257500005],[10.836389047000068,50.044871786000044],[10.838597237000045,50.05083043900004],[10.832098084000052,50.05259499200008],[10.837617980000061,50.06046941000005],[10.832448935000059,50.06474928000006],[10.836098155000059,50.072782174000054],[10.843726161000063,50.07595351900005],[10.85508298600007,50.072545853000065],[10.861766911000075,50.07852503500004],[10.857530145000055,50.104378702000076],[10.864877523000075,50.12109958100007],[10.86178037600007,50.12558119800008],[10.87097043700004,50.128258766000044],[10.870659643000067,50.136568830000044],[10.879181066000058,50.14151629000003],[10.87763624400003,50.145144198000025],[10.851798219000045,50.157517013000074],[10.842879109000023,50.15392712400006],[10.847654910000074,50.147310324000046],[10.841926759000046,50.14423977600006],[10.835159328000032,50.147480865000034],[10.824538805000032,50.14644079200008],[10.81884688200006,50.149506907000045],[10.812539323000067,50.14641121500006],[10.808384042000057,50.14904072600007],[10.802572858000076,50.14681589300005],[10.804369595000026,50.14099882600004],[10.79608389200007,50.14135347100006],[10.792431627000042,50.14163278600006],[10.790241481000066,50.15203032200003],[10.783757367000021,50.145749325000054],[10.777788472000054,50.148930145000065],[10.772929262000048,50.16582090800006],[10.77527675500005,50.17445278100007],[10.78141116300003,50.17648927400006],[10.780158404000076,50.194397190000075],[10.772315694000042,50.197880111000075],[10.764389323000046,50.20920063900007],[10.75371855800006,50.21323920900005],[10.761633674000052,50.22293585400007],[10.729442924000068,50.23026456500003],[10.731220988000075,50.21265420800006],[10.724403610000024,50.206099651000045],[10.716645150000033,50.20481895900008],[10.708973024000045,50.210276640000075],[10.69575278000002,50.211799435000046],[10.68671445800004,50.22590758500007],[10.663670269000022,50.221543075000056],[10.657478914000023,50.22367513800003],[10.66229026700006,50.22664509800006],[10.658961146000024,50.23070906700008],[10.637661361000028,50.22326877900008],[10.612047270000062,50.224138442000026],[10.597108477000063,50.24617272200004],[10.611314700000037,50.24907497500004],[10.597829215000047,50.262620980000065],[10.607295940000029,50.27125747700006],[10.593478704000063,50.26955105600007],[10.591040414000076,50.27178438200008],[10.601550726000028,50.28267147000008],[10.597534202000077,50.28918911100004],[10.605324195000037,50.293536998000036],[10.592359352000074,50.30808136300004],[10.600550296000051,50.33368802900003],[10.583398346000024,50.33238812800005],[10.574690030000056,50.33669492100006],[10.561785334000035,50.33709847500006],[10.552290302000074,50.34451712400005],[10.549758531000066,50.34927287700003],[10.554861101000029,50.354656109000075],[10.544408273000045,50.36450557900008],[10.537305796000055,50.362679806000074],[10.53101050400005,50.36510988500004],[10.514624396000045,50.349896674000036],[10.512475550000033,50.35980610000007],[10.503276655000036,50.353175571000065],[10.499040397000044,50.357710947000044],[10.492405731000076,50.35505584500004],[10.485990411000046,50.363054024000064],[10.492854683000076,50.36215490400008],[10.494443233000027,50.36944297500003],[10.490560663000053,50.36878590300006],[10.487284514000066,50.375283273000036],[10.47348280400007,50.37250990300004],[10.467091700000026,50.377593207000075],[10.463657887000068,50.37601454900005],[10.44950284600003,50.40304677100005],[10.437975571000038,50.40117864400003],[10.437898634000021,50.39548316400004],[10.42374340400005,50.39253245800006],[10.39649920900007,50.39692896000008],[10.39449369700003,50.39365203400007],[10.383918035000022,50.408621476000064],[10.390064188000053,50.40994243400007],[10.403834693000022,50.42477513000006],[10.39282915900003,50.42693652400004],[10.392463618000022,50.43033569100004],[10.370714811000028,50.43175807200004],[10.372377357000062,50.437140105000026],[10.38133203500007,50.438851905000035],[10.367271857000048,50.43877357200006],[10.356725792000077,50.455190499000025],[10.348189500000046,50.46255757900008],[10.33615420500007,50.46589718800004],[10.34141087200004,50.482999962000065],[10.332667238000056,50.48709050100007],[10.330582236000055,50.49427653500004],[10.30657006000007,50.49207931600006],[10.274599189000071,50.50586856500007],[10.267694211000048,50.50419029900007],[10.256221693000043,50.512813333000054],[10.251390310000033,50.51118344400004],[10.243665084000042,50.51501751700005],[10.230827931000022,50.51180310400008],[10.225792339000066,50.51871942400004],[10.231973530000062,50.53108771900003],[10.224834809000072,50.53037809300008],[10.221641927000064,50.53872453400004],[10.208325658000035,50.54063085100006],[10.203873884000075,50.554700851000064],[10.177893248000032,50.551680031000046],[10.175441103000026,50.542917540000076],[10.150267822000046,50.55188754900007],[10.146859506000055,50.54314940900008],[10.140366563000043,50.54285042600003],[10.120712415000071,50.55585721600005],[10.126217971000074,50.561350667000056],[10.107094136000057,50.56373360300006],[10.098505661000047,50.55215997200003],[10.09404446800005,50.553601997000044],[10.089842056000066,50.54481435400004],[10.070046384000022,50.53542063400005],[10.071825447000037,50.52767120100003],[10.066520170000047,50.52896505600006],[10.041338408000058,50.51646958200007],[10.037106158000029,50.50002195400003],[10.041188107000039,50.49518848500003],[10.018307426000035,50.46645526300006],[9.997459910000032,50.460985537000056],[9.989984857000024,50.447123102000035],[9.966811329000052,50.434530840000036],[9.957836757000052,50.42320405600003],[9.943399398000054,50.42328810300006],[9.901014858000053,50.403783961000045],[9.883100782000042,50.39889344300008],[9.869996703000027,50.40926894200004],[9.860046301000068,50.397473956000056],[9.849782573000027,50.39872793500007],[9.838411853000025,50.405474508000054],[9.824486556000068,50.40527721300003],[9.81352322600003,50.41295893700004],[9.807988411000053,50.412430897000036],[9.811265390000074,50.41712948400004],[9.807467655000039,50.42255044700005],[9.789424929000063,50.42514485000004],[9.78018127100006,50.41843092100004],[9.771870957000033,50.42485970300004],[9.762063990000058,50.42586748200006],[9.751062366000042,50.41355912800003],[9.759292728000048,50.40241890000004],[9.744441173000041,50.371702130000074],[9.746203926000021,50.36617994100004],[9.732914417000075,50.35614961700003],[9.733215101000042,50.35178722300003],[9.747435795000058,50.341200299000036],[9.745881111000074,50.31040795600006],[9.730031699000051,50.29624845200004],[9.713152764000029,50.29173397800008],[9.703422445000058,50.28075231300005],[9.680958049000026,50.27815570300004],[9.652396015000022,50.269670070000075],[9.636823638000067,50.25144989000006],[9.668175939000037,50.23943534500006],[9.663619150000045,50.23373346300008],[9.635815886000046,50.23522785400007],[9.620401705000063,50.22752526900007],[9.621591902000034,50.22311636400008],[9.613763108000057,50.22475672000007],[9.604406072000074,50.221903584000074],[9.594279674000063,50.22481865600008],[9.582898993000072,50.22152842600008],[9.57631873400004,50.232388944000036],[9.54202998900007,50.224341536000054],[9.533490750000055,50.234491760000026],[9.514378236000027,50.23407706900008],[9.502738131000058,50.24319057900004],[9.498855340000034,50.24102415700003],[9.50150713000005,50.23837480800006],[9.494769673000064,50.22667220900007],[9.502591362000032,50.22027982700007],[9.503626373000031,50.208583876000034],[9.51620547300007,50.19961172300003],[9.513084635000041,50.193997015000036],[9.501479086000074,50.19304827600007],[9.498105015000021,50.17554393700004],[9.505055784000035,50.16926358400008],[9.528152385000055,50.16813927700008],[9.531201793000037,50.16084967000006],[9.521804351000071,50.14997201300008],[9.507571330000076,50.145557352000026],[9.519259435000038,50.11403889800005],[9.512464155000032,50.09435565700005],[9.499968263000028,50.09725235700006],[9.444989242000077,50.08997349900005],[9.435939530000041,50.08503058900004],[9.413110845000062,50.084059882000076],[9.39446345600004,50.097486325000034],[9.373620660000029,50.130963500000064],[9.34158433400006,50.13128240900005],[9.327428418000068,50.14105954200005],[9.307611936000058,50.13340787000004],[9.285896752000042,50.14166503400003],[9.252559877000067,50.13947967300004],[9.221866091000038,50.14941731500005],[9.21149562200003,50.14660139700004],[9.210222174000023,50.142978578000054],[9.183268722000037,50.137902205000046],[9.191593718000036,50.12748724200003],[9.174558728000022,50.11948018900006],[9.174963072000025,50.11419917500007],[9.158746844000063,50.10012848500003],[9.162545660000035,50.098186482000074],[9.149210890000063,50.09063949400007],[9.143366555000057,50.09698303400006],[9.15437111700004,50.107393036000076],[9.153609321000033,50.117930615000034],[9.144957730000044,50.11411191700006],[9.117457036000076,50.12662404300005],[9.098229912000022,50.12641698500005],[9.089306136000062,50.11680439600008],[9.07726870700003,50.11592633200007],[9.07132668600002,50.119437875000074],[9.018261040000027,50.11160420900006],[8.997391285000049,50.09157988000004],[8.999282564000055,50.06936687700005],[8.99055990100004,50.067119158000025],[8.976480289000051,50.04717018700006],[8.985374830000069,50.04172711100006],[9.012308439000037,50.04595085100004],[9.031343853000067,50.03957408400004],[9.031024825000031,50.02013229600004],[9.039817471000049,50.010373377000064],[9.035538162000023,50.00183680300006],[9.04882026000007,49.99226560300008],[9.030190178000055,49.99060417000004],[9.02298707400007,49.99705398200007],[9.015714271000036,49.989022860000034],[9.020113699000035,49.98589429400005],[9.02637207600003,49.955091467000045],[9.019035579000047,49.94705039300004],[9.02535387000006,49.94564799700004],[9.032264261000023,49.92468867200006],[9.023359881000033,49.91013679300005],[9.031878342000027,49.90936126300005],[9.038428785000065,49.87621767400003],[9.050452507000045,49.86757176400005],[9.033336125000062,49.86646665300003],[9.033787154000038,49.86044405400003],[9.043704577000028,49.85554306000006],[9.040770440000074,49.847477121000054],[9.03608074400006,49.846504122000056],[9.03765196200004,49.842564295000045],[9.041443248000064,49.84008440500003],[9.043227719000072,49.84405765300005],[9.049191737000058,49.84241519600005],[9.05951572600003,49.84702774200008],[9.052839148000032,49.84000307600007],[9.05979732000003,49.84071999000008],[9.056227557000057,49.83461779600003],[9.06395686600007,49.83175947700005],[9.070213873000057,49.83325112000006],[9.084730871000033,49.84750638400004],[9.090087581000034,49.840968075000035],[9.077532511000072,49.83461172800003],[9.086665309000068,49.826438101000065],[9.076992818000065,49.81822328100003],[9.090879621000056,49.79065501100007],[9.108140122000066,49.797980436000046],[9.131665505000058,49.79492793600008],[9.129080042000055,49.78768916300004],[9.134484322000048,49.78224714600003],[9.127235118000044,49.776482077000026],[9.113364625000031,49.773731016000056],[9.106913989000077,49.758660975000055],[9.12783381500003,49.75522659000006],[9.150809170000059,49.742850743000076],[9.13452823800003,49.71667981000007],[9.122543394000047,49.71484187000004],[9.126109156000041,49.69997958400006],[9.089638351000076,49.69334572300005],[9.088859949000039,49.66902322400006],[9.103418917000056,49.66043060100003],[9.099543782000069,49.65313936600006],[9.102012048000063,49.64221034500008],[9.091551108000033,49.63515225700007],[9.085871982000072,49.63605323300004],[9.06513848000003,49.617319156000065],[9.06638137300007,49.60236512900008],[9.082989878000035,49.60198701200005],[9.103006167000046,49.57745601400006],[9.108265919000075,49.57930243700008],[9.120512012000063,49.57355899500004],[9.158889937000026,49.57959030400008],[9.164997223000057,49.575451685000075],[9.173276474000033,49.57776255400006],[9.180803940000033,49.57374772900005],[9.187303515000053,49.57689155600008],[9.194410460000029,49.57404064000008],[9.238701537000054,49.58129154000005],[9.24894015600006,49.58451840600003],[9.249458459000039,49.59380054400003],[9.260211921000064,49.59438679700003],[9.264577622000047,49.60681972700007],[9.285023051000053,49.614801330000034],[9.27009917600003,49.62648984300006],[9.27481872800007,49.63094982300004],[9.270722601000045,49.634018567000055],[9.278305628000055,49.637620577000064],[9.285500565000063,49.63576970400004],[9.290493301000026,49.64376892200005],[9.306487190000041,49.65080375700006],[9.30408305800006,49.65494425400004],[9.343880585000022,49.644299653000076],[9.366743562000067,49.65835682300008],[9.38357029100007,49.64282651000008],[9.393784063000055,49.64630976600006],[9.406000422000034,49.64531278700008],[9.419495463000032,49.658853554000075],[9.41091990700005,49.66350785000003],[9.397891490000063,49.67066072800003],[9.40148264000004,49.67485240900004],[9.41247209200003,49.67546929100007],[9.40639104500002,49.67958151300007],[9.420088259000067,49.69019189200003],[9.41868082700006,49.711898302000066],[9.407930499000031,49.72145858500005],[9.40106757600006,49.72056451600008],[9.39996065300005,49.72884051400007],[9.385645192000027,49.730914546000065],[9.380160749000026,49.72611834800006],[9.382528566000076,49.70746288000004],[9.372068999000021,49.70399847600004],[9.357409236000024,49.70428829400004],[9.352232357000048,49.71648171900006],[9.344030942000074,49.718613970000035],[9.374211198000069,49.728002031000074],[9.34171343600002,49.734199095000065],[9.323027403000026,49.73111535600003],[9.296297096000046,49.73891796000004],[9.317667452000023,49.74044736500008],[9.323124376000067,49.74379727100006],[9.31325066100004,49.76169895100003],[9.31457099100004,49.76746299300004],[9.351035814000056,49.76900699000004],[9.371110889000022,49.77892592400008],[9.391546883000046,49.77012060700008],[9.425106761000052,49.78955372300004],[9.434851987000059,49.78737869400004],[9.445002527000042,49.77395907700003],[9.458256575000064,49.76951971500006],[9.469391890000054,49.77429106900007],[9.47909706200005,49.78689431200007],[9.501460487000031,49.78877466100005],[9.512861169000075,49.78179434100008],[9.51004753500007,49.770091140000034],[9.514512299000046,49.763786795000044],[9.522996549000027,49.761205904000064],[9.537632590000044,49.767557140000065],[9.546462237000071,49.76642600300005],[9.555060678000075,49.74752250200004],[9.563380497000026,49.744568386000026],[9.56892769600006,49.75058825100007],[9.55839297700004,49.76509501600003],[9.561809836000066,49.78061678300003],[9.580057328000066,49.78403213100006],[9.576346451000063,49.77905345500005],[9.581076413000062,49.77803014600005],[9.619702442000062,49.78318132600003],[9.648736203000055,49.79147765100004],[9.651418613000033,49.78055704600007],[9.644322199000044,49.778609654000036],[9.65186583700006,49.76637174100006],[9.637951869000062,49.75385075200006],[9.645552784000074,49.74691039000004],[9.638998493000031,49.74050685600008],[9.646936205000031,49.73914526500005],[9.645859593000068,49.73647400300007],[9.638059303000034,49.73711266600003],[9.636562796000021,49.73165311900004],[9.627715246000037,49.73196330900004],[9.641101794000065,49.72317627600006],[9.625449125000046,49.70373674000007],[9.630463004000035,49.70156508100007],[9.632460374000061,49.69318610100004],[9.648879734000047,49.69173610300004],[9.653496459000053,49.68713720300008],[9.676147908000075,49.693347266000046],[9.677193873000022,49.71620121400008],[9.695889204000025,49.71922337900003],[9.70038158400007,49.716960897000035],[9.700724817000037,49.722145616000034],[9.709719303000043,49.72705805800007],[9.71929082400004,49.70194171000003],[9.728354246000038,49.69818905200003],[9.727550419000067,49.68872778400004],[9.739419988000066,49.68819070300003],[9.749890204000053,49.695859452000036],[9.752953959000024,49.710121842000035],[9.771602622000046,49.72010957300006],[9.78675584900003,49.72184658600003],[9.791444324000054,49.730947290000074],[9.799993758000028,49.730943240000045],[9.796514481000031,49.720710946000054],[9.821427220000032,49.709733594000056],[9.823358966000058,49.70466985100006],[9.828160569000033,49.70645384900007],[9.831804629000032,49.70380331900003],[9.836147408000045,49.691740752000044],[9.830027878000067,49.68770882600006],[9.841172423000046,49.68341738300006],[9.829946964000044,49.681012397000075],[9.823416618000067,49.67317337500003],[9.82235844400003,49.664710084000035],[9.832495186000074,49.660415844000056],[9.829400801000077,49.65969582100007],[9.833814044000064,49.656285111000045],[9.830060281000044,49.651742770000055],[9.836748766000028,49.64532654100003],[9.855481315000077,49.641514666000035],[9.867509196000071,49.621319397000036],[9.868045003000077,49.611174240000025],[9.87280826400007,49.61007617200005],[9.859972097000025,49.60851046600004],[9.859460117000026,49.60298407100004],[9.84104674200006,49.595141271000045],[9.847867757000074,49.57705279900006],[9.810230151000042,49.557316023000055],[9.81799767900003,49.55861366900007],[9.82804003800004,49.55159090700005],[9.85930991400005,49.54604448600003],[9.860457299000075,49.553515092000055],[9.866639553000027,49.557463133000056],[9.864550356000052,49.56788141700008],[9.874058698000056,49.571694980000075],[9.875725006000039,49.57863147200004],[9.893524694000064,49.583523455000034],[9.898791276000054,49.58834669700008],[9.901830928000038,49.58541197100004],[9.912438200000054,49.585908403000076],[9.91572119500006,49.582227870000054],[9.901607335000051,49.572549294000055],[9.898204856000064,49.56237983900007],[9.920848874000058,49.56328080800006],[9.924984524000024,49.56006406100005],[9.92073339500007,49.553402196000036],[9.925785400000052,49.55372306600003],[9.926961113000061,49.54952053200003],[9.920725246000075,49.55101227600005],[9.920181961000026,49.545125418000055],[9.927050474000055,49.536077301000034],[9.916959263000024,49.51780230600008],[9.92512928900004,49.508650094000075],[9.913740586000074,49.49325299100008],[9.926561180000022,49.484835462000035],[9.951881740000033,49.48036425500004],[9.97402362300005,49.48582231100005],[9.975009051000029,49.48102513400005],[9.992006367000045,49.48640294200004],[10.010118434000049,49.48321396000006],[10.018914617000064,49.485905640000055],[10.028177638000045,49.50398968300004],[10.046235533000072,49.506979674000036],[10.057305790000044,49.51682784700006],[10.040019271000062,49.52901043500003],[10.06136772700006,49.53746825300004],[10.057105076000028,49.54068132900005],[10.06142750600003,49.545138456000075],[10.08372346300007,49.54356076500005]]]},"properties":{"shapeName":"Unterfranken","shapeISO":"","shapeID":"9070358B89448690772082","shapeGroup":"DEU","shapeType":"ADM2"}},
{"type":"Feature","geometry":{"type":"Polygon","coordinates":[[[10.230779588000075,48.51051118300006],[10.237966397000037,48.50782191500008],[10.231602957000064,48.508436086000074],[10.228049715000054,48.504974581000056],[10.234691577000035,48.50534138300003],[10.240825951000033,48.506158062000054],[10.24247267800007,48.50009961100005],[10.23750668300005,48.50019584100005],[10.24140630100004,48.49195965300004],[10.23544331000005,48.48896032500005],[10.217915369000025,48.48846743200005],[10.180098201000021,48.47552447800007],[10.182944425000073,48.473814170000026],[10.176413082000067,48.47136864400005],[10.18452449800003,48.47291466000007],[10.181254371000023,48.46962222700006],[10.18460095000006,48.467211219000035],[10.17546022700003,48.469391261000055],[10.177862981000033,48.46380198300005],[10.172772750000036,48.462788974000034],[10.171846421000055,48.457786948000034],[10.133895409000047,48.45487141700005],[10.117251760000045,48.46813587200006],[10.11736673200005,48.47538756900008],[10.105026946000066,48.477504356000054],[10.094376749000048,48.46712384400007],[10.064009813000041,48.456389202000025],[10.039128632000029,48.45969447500005],[10.03269444600005,48.45719644800005],[10.030887521000068,48.453586071000075],[10.038226774000066,48.44445300700005],[10.031687310000052,48.44378571800007],[10.028050577000045,48.43691872800008],[10.034854838000058,48.43329704700005],[10.040789679000056,48.43439185400007],[10.042414153000038,48.429732038000054],[10.01881588200007,48.418248660000074],[10.01527948200004,48.404350573000045],[9.989868428000023,48.39370731200006],[9.967275615000062,48.37440435700006],[9.977741454000068,48.36265859700006],[9.984127686000022,48.363227539000036],[9.982768418000035,48.36802845200003],[9.987733752000054,48.370626034000054],[9.993339461000062,48.36356692900006],[9.999597425000047,48.36322931300003],[9.994822286000044,48.35528090400004],[9.998131809000029,48.34751287900008],[10.010403135000047,48.342389241000035],[10.012286806000077,48.33063749100006],[10.022922309000023,48.32400382800006],[10.043081012000073,48.30044359800007],[10.04254942700004,48.29422971000008],[10.065816520000055,48.28181712300005],[10.06675298500005,48.274916103000066],[10.062202412000033,48.27171548200005],[10.065981126000054,48.261993139000026],[10.061960035000027,48.258129987000075],[10.069026271000041,48.25376158300003],[10.060721236000063,48.24009045500003],[10.070144239000058,48.23062497900003],[10.069454398000062,48.223358215000076],[10.078320370000029,48.220237008000026],[10.077004189000036,48.210603554000045],[10.083710628000063,48.20964022900006],[10.085717415000033,48.18219242200007],[10.107074311000076,48.13214418500007],[10.122604012000068,48.11695707800004],[10.136247105000052,48.11144305000005],[10.140392398000074,48.09891655900003],[10.134081880000053,48.07947892400006],[10.143736707000073,48.07441384100008],[10.140640574000031,48.06490224700008],[10.143901697000047,48.05900706800003],[10.14125583300006,48.04670149000003],[10.127111484000068,48.03271248400006],[10.135727945000042,48.023761603000025],[10.134326495000039,48.01759961500005],[10.119550393000054,48.00349993300006],[10.114954569000076,47.97625743700007],[10.09320708100006,47.972331731000054],[10.084893700000066,47.96130765500004],[10.089487633000033,47.94797725800004],[10.111010296000075,47.934879085000034],[10.105012802000033,47.923838096000054],[10.110414155000058,47.91065722700006],[10.10169608600006,47.90563420700005],[10.103447322000022,47.89062169700003],[10.095332148000068,47.88515881100005],[10.105458971000076,47.88302523500005],[10.105704629000059,47.879026536000026],[10.097922307000033,47.87656248600007],[10.09159875000006,47.86739847100006],[10.082365889000073,47.86992892400008],[10.076755534000029,47.86780935100006],[10.082961688000069,47.85571778100007],[10.104617333000022,47.86462420600003],[10.10510447300004,47.85713922300005],[10.101911563000044,47.85397297000003],[10.098266187000036,47.85560436500003],[10.099353490000055,47.851608859000066],[10.091604866000068,47.84562138200005],[10.09442281500003,47.84388829100004],[10.097384613000031,47.848318894000045],[10.09924733300005,47.84493068300003],[10.10715465800007,47.85289545900008],[10.110072234000029,47.84697409200004],[10.10277097200003,47.84237432600003],[10.109871904000045,47.84020574500005],[10.125199168000051,47.822947964000036],[10.13147,47.82250356900005],[10.138022984000031,47.809637645000066],[10.128015961000074,47.81331576100007],[10.115746516000058,47.810873644000026],[10.108782376000022,47.805771081000046],[10.119430489000024,47.80371469500005],[10.116879806000043,47.80062314300005],[10.090134546000058,47.803905188000044],[10.085536018000028,47.795484739000074],[10.064681025000027,47.78588771900007],[10.067390653000075,47.782436811000025],[10.079614724000066,47.781262351000066],[10.084840349000046,47.776636032000056],[10.082513094000035,47.771180988000026],[10.11904949500007,47.759586711000054],[10.114025224000045,47.75440156500008],[10.118252462000044,47.75058803500008],[10.11363361900004,47.741378232000045],[10.11863868200004,47.73328979200005],[10.116428889000076,47.719316727000034],[10.122519792000048,47.71166344200003],[10.139437678000036,47.703273409000076],[10.139250553000068,47.697880903000055],[10.128322275000073,47.69071791500005],[10.132769417000077,47.68508056700006],[10.129336189000071,47.676136523000025],[10.11112045300007,47.66599038800007],[10.089245367000046,47.67304513700003],[10.093423672000029,47.66322087000003],[10.088385066000058,47.662869442000044],[10.090215663000038,47.66026136200003],[10.081362313000056,47.65488987500004],[10.077292399000044,47.63927426300006],[10.072017981000045,47.64344114800008],[10.075161682000044,47.65833451100008],[10.059312463000026,47.68062877800003],[10.04833762000004,47.681321292000064],[10.04703997300004,47.67623860100008],[10.038736323000023,47.67776736400003],[10.030491263000044,47.67445209700003],[10.028645217000076,47.686983018000035],[10.00190241000007,47.68199943600007],[9.976022662000048,47.66532503800005],[9.977723419000029,47.66172071500006],[9.970746357000053,47.65362632600005],[9.959522463000042,47.65230409900005],[9.940860857000075,47.65799557200006],[9.931482291000066,47.653904555000054],[9.91630331400006,47.66102224000008],[9.893277498000032,47.66323277400005],[9.874861671000076,47.675278244000026],[9.842190840000058,47.677691836000065],[9.837816239000063,47.669469605000074],[9.834162345000038,47.67328985000006],[9.830606296000042,47.67137557900003],[9.82855328200003,47.657901207000066],[9.816176937000023,47.64966449600007],[9.801668798000037,47.65086297900007],[9.795646056000066,47.64760146300006],[9.800141870000061,47.64470092000005],[9.795256066000036,47.63571901200004],[9.77782157200005,47.630536404000054],[9.774775831000056,47.62516932400007],[9.754884841000035,47.61400879900003],[9.75606611400002,47.60966759400003],[9.74771849900003,47.60368831100004],[9.740357990000064,47.60453573900003],[9.745651920000057,47.61729698600004],[9.737457799000026,47.61170434500008],[9.734340392000036,47.61652599200005],[9.726917416000049,47.606723472000056],[9.712022724000064,47.606679444000065],[9.706293734000042,47.60181221100004],[9.694582153000056,47.60466454500005],[9.692151557000045,47.610423472000036],[9.683887789000039,47.60455783300006],[9.678102239000054,47.60490065400006],[9.671443791000058,47.61137411100003],[9.657709588000046,47.61172525000006],[9.65381499700004,47.60557700800007],[9.635966981000024,47.60245548600005],[9.645233661000077,47.59230018300008],[9.64328483600002,47.589759738000055],[9.633101282000041,47.59406423000007],[9.626340586000026,47.592491436000046],[9.614055646000054,47.58115033800004],[9.605885715000056,47.58570229000003],[9.602077153000039,47.584337997000034],[9.609486635000053,47.57152486500007],[9.618224231000056,47.568504947000065],[9.628007474000071,47.570911281000065],[9.628870214000074,47.566380286000026],[9.638605938000069,47.56693417300005],[9.651554765000071,47.55737624400007],[9.679507134000062,47.55680023800005],[9.682804388000022,47.55244003300004],[9.675623646000076,47.54522412600005],[9.680775633000053,47.54226491600008],[9.691923699000029,47.54994732900008],[9.71221741100004,47.55077934500008],[9.72984380400004,47.53372620400006],[9.736566459000073,47.53490663800005],[9.735247327000025,47.546737035000035],[9.741529809000042,47.55476937700007],[9.747037145000036,47.55566358600004],[9.743408389000024,47.55871958100005],[9.752037363000056,47.567880366000054],[9.748035109000057,47.57050603000005],[9.756265534000022,47.572673906000034],[9.756455324000058,47.57972215600006],[9.777769965000061,47.59534039000005],[9.802437589000021,47.59587131700005],[9.814093055000058,47.58808391500003],[9.823746519000053,47.587183898000035],[9.827337444000023,47.578889641000046],[9.820767851000028,47.57069937700004],[9.825894217000041,47.55980219500003],[9.815676109000037,47.547609151000074],[9.849237734000042,47.54196701500007],[9.858369161000041,47.53392995400003],[9.87397800900004,47.52871985400003],[9.878035920000059,47.53931649800006],[9.875103144000036,47.54337129600003],[9.880978140000025,47.54805756600007],[9.90667324900005,47.54217121700003],[9.913475553000069,47.532647815000075],[9.921551236000028,47.52967182200007],[9.94109452300006,47.53822575000004],[9.963684783000076,47.53471755500004],[9.958897661000037,47.54298668100006],[9.970898558000044,47.54568043800003],[9.964900278000073,47.53785383400003],[9.968301971000074,47.52833731900006],[9.965203633000044,47.52116206800008],[9.995696954000039,47.502930054000046],[9.987653590000036,47.49856159700005],[9.995348118000038,47.48631524800004],[10.001804212000025,47.48192166800004],[10.010735495000063,47.48194124100007],[10.036189949000061,47.48883363300007],[10.044684744000051,47.487611740000034],[10.054146100000025,47.47594970700004],[10.053568642000073,47.466579386000035],[10.06467064100002,47.46364175100007],[10.070354467000072,47.45600041500006],[10.091470374000039,47.45907616000005],[10.093891791000033,47.44034410300003],[10.10542274100004,47.42874014800003],[10.095700685000054,47.417815346000054],[10.073998220000021,47.41461180700003],[10.06915766800006,47.40984973700006],[10.086257428000067,47.39930988500004],[10.082890220000024,47.39373416400008],[10.099780481000039,47.354736004000074],[10.119265687000052,47.37570261700006],[10.141673252000032,47.36715928400008],[10.165863958000045,47.36879474400007],[10.169482359000028,47.37134625900006],[10.16919321000006,47.38579391600007],[10.182705426000041,47.38811971200005],[10.181712556000036,47.39228284100005],[10.212637083000061,47.380411293000066],[10.226981860000024,47.38884788800004],[10.236196380000024,47.38186077000006],[10.23156106500005,47.378635676000044],[10.237011102000054,47.37345640600006],[10.216739414000074,47.35400955500006],[10.217608191000068,47.350418217000026],[10.204207868000026,47.33673392900005],[10.207442530000037,47.33242413000005],[10.199483049000037,47.32659900500005],[10.215876173000026,47.310958404000075],[10.199089891000028,47.297527983000066],[10.18953902000004,47.293880760000036],[10.17872638800003,47.29572663700003],[10.172036400000025,47.279041223000036],[10.173979531000043,47.270265007000035],[10.19498548000007,47.273117521000074],[10.201252905000047,47.276871725000035],[10.222226481000064,47.27581498100005],[10.232299538000063,47.270477596000035],[10.245615310000062,47.28045837900004],[10.25992164400003,47.28160951000007],[10.265972739000063,47.28790183600006],[10.281478671000059,47.28754811700003],[10.29580528100007,47.29992788900006],[10.301634060000026,47.29861822200007],[10.315029929000048,47.30652464600007],[10.33003062900002,47.30471226600008],[10.348779406000062,47.31740104800008],[10.345760342000062,47.321651305000046],[10.356833691000077,47.33697581000007],[10.38629269200004,47.356224947000044],[10.388683293000042,47.369109998000056],[10.39486183400004,47.375728681000055],[10.410937126000022,47.377787288000036],[10.419604563000064,47.38462786400004],[10.436472140000035,47.38064780500008],[10.429103380000072,47.391010590000064],[10.436173530000076,47.41098241800006],[10.456182528000056,47.419251203000044],[10.459103804000051,47.42816611600006],[10.475930146000053,47.432149510000045],[10.465719267000054,47.45353110100007],[10.468022327000028,47.47691847100003],[10.46322069300004,47.48277492400007],[10.442767954000033,47.48461690000005],[10.431323512000063,47.50367761800004],[10.440550845000075,47.51356943600007],[10.438876535000077,47.52349211200004],[10.454459536000059,47.555738344000076],[10.47267307900006,47.55088345000007],[10.488858469000036,47.540354284000045],[10.524479008000071,47.535187095000026],[10.559083648000069,47.537150498000074],[10.569414659000074,47.533577308000076],[10.573367983000026,47.533917091000035],[10.582003030000067,47.54827717900008],[10.580289444000073,47.55555510500005],[10.589761451000072,47.559719949000055],[10.597954197000035,47.56971524000005],[10.607918591000043,47.56571340700003],[10.619047121000051,47.566863355000066],[10.635409164000066,47.55898803600007],[10.676612266000063,47.55904566800007],[10.680448815000034,47.55547220700004],[10.691187265000053,47.55844114100006],[10.694834381000021,47.544638132000046],[10.708916161000047,47.54370970900004],[10.718336407000038,47.53812823000004],[10.738584926000044,47.53873741900003],[10.757582351000053,47.53472579800007],[10.764018432000057,47.52821089500003],[10.763801096000066,47.51973853000004],[10.777572470000052,47.51393853900004],[10.795397921000074,47.521190861000036],[10.812463250000064,47.51987122500003],[10.813118553000038,47.52641880200008],[10.831014235000055,47.52837453800004],[10.838505742000052,47.525451116000056],[10.853523710000047,47.53462549200003],[10.886286126000073,47.53674085400007],[10.878145251000035,47.54675650900003],[10.882528274000038,47.55642210700006],[10.875289485000053,47.557561544000066],[10.871372717000042,47.56276856000005],[10.877264355000023,47.567681261000075],[10.872825938000062,47.572458881000045],[10.890675432000023,47.579737342000044],[10.907745765000072,47.580227827000044],[10.924904989000026,47.58636569200007],[10.942284597000025,47.597257779000074],[10.940816451000046,47.60967752000005],[10.952785697000024,47.61626536600005],[10.935752066000077,47.61627630600003],[10.925756043000035,47.63022874700005],[10.90321336900007,47.637308433000044],[10.917644757000062,47.655432860000076],[10.915151562000062,47.66059256200003],[10.876103730000068,47.655279094000036],[10.850688723000076,47.667215104000036],[10.841861399000038,47.66320972800003],[10.840969874000052,47.66660400300003],[10.823117591000027,47.65689580900005],[10.796194222000054,47.656325415000026],[10.778099051000027,47.66222312000008],[10.798372666000034,47.68686362700004],[10.798543185000028,47.701942331000055],[10.804251592000071,47.70802835500007],[10.816547203000027,47.709080689000075],[10.828384547000041,47.71847844500007],[10.829104130000076,47.72779630000008],[10.807325865000053,47.72502231300007],[10.793060866000076,47.71813294100008],[10.787743315000057,47.705934427000045],[10.782988201000023,47.70715752400008],[10.773784974000023,47.70005731900005],[10.755416371000024,47.695240299000034],[10.755021257000067,47.68828578600005],[10.741385425000033,47.688198370000066],[10.730113778000032,47.681071358000054],[10.738047506000044,47.69554923800007],[10.720652914000027,47.69909954500008],[10.72146848400007,47.70288116900008],[10.715888480000046,47.70548046400006],[10.718530119000036,47.712799173000064],[10.732100135000053,47.71316651500007],[10.736087155000064,47.71716593900004],[10.731067718000077,47.720214154000075],[10.733112516000062,47.74413969400007],[10.738885517000028,47.75351994400006],[10.749176244000068,47.758713139000065],[10.739735936000045,47.75852374500005],[10.738715390000038,47.76564162500006],[10.747188231000052,47.76736329400006],[10.748403505000056,47.76476820000005],[10.757014437000066,47.76891200500006],[10.774292019000029,47.76531727100007],[10.78277285200005,47.77524417600006],[10.778687430000048,47.77658476600004],[10.78089750600003,47.78074008900006],[10.766320650000068,47.78509941800007],[10.761510929000053,47.792227754000066],[10.756171272000074,47.79002902700006],[10.748894550000045,47.79532260500008],[10.753860257000042,47.807408243000054],[10.746900449000066,47.80822407100004],[10.747583302000066,47.81138603200003],[10.755415279000033,47.81144887200003],[10.752537354000026,47.817450079000025],[10.764431495000053,47.83090294100003],[10.75829786600002,47.838571373000036],[10.766610944000035,47.839058227000066],[10.770709100000033,47.84880856700005],[10.764129229000048,47.84930101400005],[10.767506637000054,47.854119111000045],[10.748334563000071,47.85478451600005],[10.753514840000037,47.85721723900008],[10.752977908000048,47.861901024000076],[10.769676754000045,47.865595563000056],[10.773274289000028,47.873284460000036],[10.783764769000072,47.87454871800003],[10.789580582000042,47.883928910000066],[10.78657122800007,47.88801730500006],[10.784869404000062,47.884867032000045],[10.771675552000033,47.88379512100005],[10.773455239000043,47.897061620000045],[10.779357317000063,47.89544196200006],[10.791455928000062,47.90740925100005],[10.785250559000076,47.904194188000076],[10.778923419000023,47.906183620000036],[10.783409290000066,47.92153258400003],[10.773918094000067,47.92200616500003],[10.77295824600003,47.930023034000044],[10.78719583800006,47.93575088600005],[10.78693533300003,47.938548499000035],[10.791556427000046,47.935784295000076],[10.79968184200004,47.93685889900007],[10.79451582300004,47.95630736700008],[10.800875948000055,47.95283669500003],[10.807415414000047,47.95874182000006],[10.807651801000077,47.97091141300007],[10.81628555900005,47.97307100200004],[10.811526509000032,47.97405539600004],[10.818751317000022,47.98180064100006],[10.815342172000044,47.98430247500005],[10.826458064000064,47.995260759000075],[10.819723796000062,47.995523313000035],[10.825414669000054,47.997466071000076],[10.823982685000033,48.00373538900004],[10.811765585000046,48.00343825400006],[10.80917271800007,48.01054727600007],[10.807483739000077,48.01915360100003],[10.81583915400006,48.022115212000074],[10.815651253000055,48.030887721000056],[10.794947251000053,48.04000614300003],[10.764897053000027,48.034236743000065],[10.760260165000034,48.03447616500006],[10.761130771000069,48.04020875300006],[10.756359749000069,48.040345856000044],[10.75985819300007,48.04544330700003],[10.756272425000077,48.04675513700005],[10.765717016000053,48.04807200700003],[10.774223795000069,48.06387166800005],[10.781406769000057,48.06536363500004],[10.781906535000076,48.06129930900005],[10.78582403200005,48.06163075400008],[10.783990489000075,48.076428245000045],[10.808012465000047,48.08666830800007],[10.81626852900007,48.10207038900006],[10.816167308000047,48.10511805900006],[10.801532124000062,48.104170407000026],[10.797737806000043,48.115911865000044],[10.789630044000035,48.120572081000034],[10.788369025000065,48.125992618000055],[10.794614877000072,48.12795713200006],[10.785813021000024,48.14992384100003],[10.813859862000072,48.15232396300007],[10.835134181000058,48.14688083100003],[10.848579078000057,48.147523887000034],[10.843939872000021,48.15137630400005],[10.850895446000038,48.15504816100008],[10.848227326000028,48.158620160000055],[10.860478736000061,48.15743536800005],[10.865207566000038,48.16640947900004],[10.86726438200003,48.16471255300007],[10.87204332500005,48.16966741900006],[10.877071078000029,48.19063299700008],[10.882421606000037,48.18710845500004],[10.890514542000062,48.191134463000026],[10.903410909000058,48.236676610000075],[10.928078626000058,48.234599469000045],[10.93324637400002,48.22467449800007],[10.937269874000037,48.226082692000034],[10.941447830000072,48.219377329000054],[10.947006653000074,48.219687521000026],[10.943936271000041,48.206934800000056],[10.961004570000057,48.19891658700004],[10.96760387200004,48.19998551100008],[10.966142489000049,48.20256141100003],[10.972901703000048,48.203902646000074],[10.974903313000027,48.20807227000006],[10.988336331000028,48.21022897700004],[10.99107295400006,48.20630631300003],[11.025237642000036,48.19850272800005],[11.036848306000024,48.19164118600003],[11.040560091000032,48.19661248800003],[11.059218739000073,48.19614161100003],[11.060396117000039,48.21331579300005],[11.051140758000031,48.21323668600007],[11.047745681000038,48.21999630200003],[11.038652926000054,48.221362756000076],[11.04897599000003,48.22415265500007],[11.03729910800007,48.229199890000075],[11.041464192000035,48.229862737000076],[11.040165039000044,48.236047445000054],[11.045756415000028,48.23711470200004],[11.04571375200004,48.241753936000066],[11.05724138200003,48.24115676000008],[11.058781927000041,48.246230524000055],[11.057117013000038,48.250363563000064],[11.044206405000068,48.24987161800004],[11.04460507400006,48.25465167100003],[11.054544247000024,48.25737112400003],[11.066557051000075,48.25534105300005],[11.059646766000071,48.27271910700006],[11.066112783000051,48.27787794900007],[11.071331487000066,48.277317604000075],[11.071626151000032,48.28127491200007],[11.077962694000064,48.27844144200003],[11.077012121000053,48.274346706000074],[11.082240728000045,48.274768083000026],[11.092397592000054,48.26583186000005],[11.096709264000026,48.26715716800004],[11.093088746000035,48.263967095000055],[11.096208753000042,48.26031806800006],[11.115441899000075,48.26726086100007],[11.120760808000057,48.27576311200005],[11.11030815600003,48.297336288000054],[11.12654393500003,48.30148883000004],[11.117403671000034,48.309749045000046],[11.12208376600006,48.31638497400007],[11.131375609000031,48.319865579000066],[11.129933881000056,48.32411755100003],[11.138759417000074,48.325497151000036],[11.147974743000077,48.32122579900005],[11.157612542000038,48.32326256600004],[11.155618264000054,48.32625152300005],[11.16298198000004,48.326423274000035],[11.173646680000047,48.335735327000066],[11.168155580000075,48.336048421000044],[11.164140063000048,48.34423658700007],[11.167193561000033,48.345620773000064],[11.161468852000041,48.34701638900003],[11.171879170000068,48.35585124600004],[11.164902028000029,48.36022456000006],[11.168755841000063,48.36325581700004],[11.16600513000003,48.368896266000036],[11.183835316000057,48.36633214100004],[11.174103256000024,48.37577404600006],[11.182817630000045,48.377947565000056],[11.183271322000053,48.37504259600007],[11.188336108000044,48.37590821900005],[11.198314852000067,48.38668013500006],[11.19825961600003,48.39511444500005],[11.189373556000021,48.39784074700003],[11.188391968000076,48.405813324000064],[11.17824958400007,48.41746616100005],[11.187586674000045,48.41770515400003],[11.192976849000047,48.42200057800005],[11.198913249000043,48.42022172600008],[11.21434354300004,48.430537265000055],[11.23942310700005,48.43071395000004],[11.247524809000026,48.441058086000055],[11.256517187000043,48.44047117500003],[11.264335372000062,48.44438276200003],[11.260358977000067,48.44680201600005],[11.274259318000077,48.44395730700006],[11.28755711100007,48.44634712200008],[11.292560518000073,48.44305097400007],[11.302240296000036,48.44610266600006],[11.301008312000022,48.44971599000007],[11.311674872000026,48.452272804000074],[11.299803132000022,48.45519512200008],[11.298521745000073,48.46630613000008],[11.304008408000072,48.47432125600005],[11.286929151000038,48.47133235200005],[11.276439280000034,48.47382784500007],[11.272874241000068,48.46645242300008],[11.265699891000054,48.46420939700005],[11.264573067000072,48.46737336700005],[11.257128666000028,48.46775729700005],[11.257192252000038,48.474482849000026],[11.247985406000055,48.47730604700007],[11.248577075000071,48.48591638900007],[11.220354457000042,48.491004446000034],[11.220646460000069,48.49429363000007],[11.213551167000048,48.49572439800005],[11.209903066000038,48.50723074800004],[11.21626952500003,48.51012638200007],[11.210863758000073,48.51364434900006],[11.208667610000077,48.52748002200008],[11.19120395300007,48.53037802800003],[11.182415803000026,48.53899315000007],[11.152891732000057,48.54980900700008],[11.133966877000034,48.54952329900004],[11.133390447000068,48.55311451000006],[11.126825632000077,48.55346658900004],[11.131324003000032,48.562999852000075],[11.155315167000026,48.56184439100008],[11.156694630000061,48.56871538000007],[11.165074060000052,48.57174367500005],[11.16195850500003,48.57620170700005],[11.165633800000023,48.579389992000074],[11.15511609400005,48.59590015300006],[11.142242227000054,48.58906609200005],[11.139920301000075,48.593368276000035],[11.125570254000024,48.591853126000046],[11.120122630000026,48.59519296900004],[11.120021445000077,48.60749530100003],[11.115249018000043,48.60862797000004],[11.106373616000042,48.60834034800007],[11.109248698000044,48.60267207800007],[11.096680528000036,48.604338648000066],[11.079635590000066,48.60097437700006],[11.07786803600004,48.605618768000056],[11.05069919500005,48.60120685900006],[11.046893963000059,48.60691163800004],[11.037942781000027,48.60746297700007],[11.02298614800003,48.62017130500004],[11.025997001000064,48.626433862000056],[11.041061916000046,48.62710778100006],[11.03157495000005,48.63911381300005],[11.034800493000034,48.646204391000026],[11.039609702000064,48.64542384100008],[11.014797932000022,48.652672918000064],[11.019152734000045,48.657463405000044],[11.015439682000022,48.65560155800006],[11.009135779000076,48.660234925000054],[11.009562764000066,48.66601529600007],[11.002392804000067,48.66585013800005],[11.002064780000069,48.67210354600007],[10.994346904000054,48.67835923600006],[10.997160141000052,48.68151929000004],[10.983958886000039,48.692862010000056],[10.990193107000039,48.70045195700004],[10.979808669000022,48.72440375900004],[10.984837680000055,48.724381933000075],[10.984263359000067,48.71857495000006],[10.988355570000067,48.71870992200007],[10.989980307000053,48.72619395800007],[10.997608595000031,48.721132958000055],[11.001832097000033,48.722112192000054],[10.995527990000028,48.72769818000006],[10.997786678000068,48.731614603000025],[11.00461355400006,48.73091758000004],[10.990001563000021,48.73640099600004],[10.981753204000029,48.73546579600003],[10.987930445000075,48.73865838100005],[10.983732977000045,48.74041239400003],[10.985735285000032,48.74621322200005],[10.996493418000057,48.751448148000065],[10.993041033000054,48.75994962000004],[10.996776483000076,48.76343136100007],[10.998969372000033,48.76104733200003],[10.998434916000065,48.76453921500007],[10.976795663000075,48.77063245900007],[10.970860209000023,48.768868087000044],[10.974492062000024,48.77485185000006],[10.96525303900006,48.77435058200007],[10.973976418000063,48.77730851700005],[10.986241562000032,48.79004409100003],[10.97955068400006,48.79199770300005],[10.976109417000032,48.79918918900006],[10.960219571000039,48.79600042700008],[10.961233034000031,48.80238152900006],[10.955897024000024,48.802466466000055],[10.956368144000066,48.80768970200006],[10.947425370000076,48.81079116800004],[10.951698158000056,48.814657287000045],[10.958218723000073,48.81045207400007],[10.978371547000052,48.80909922600006],[11.005941423000024,48.82188299900008],[10.995353269000077,48.83602349100005],[10.998441562000039,48.84356433800008],[10.970352500000047,48.84152801500005],[10.969242548000068,48.853932934000056],[10.984672992000071,48.86065905800007],[10.97630575100004,48.86225104300007],[10.977892046000022,48.86415091400005],[10.96459350400005,48.854808766000076],[10.95262330600002,48.86169320800008],[10.93683930900005,48.86327612600007],[10.931625267000072,48.862505],[10.924820597000064,48.87308972000005],[10.915100331000076,48.87318929800006],[10.917496591000031,48.875968396000076],[10.906098443000076,48.88255792600006],[10.867658175000031,48.87558630500007],[10.871149892000062,48.882657840000036],[10.85328462700005,48.88459948800005],[10.85464707400007,48.89001837400008],[10.860208635000049,48.88960482300007],[10.863770591000048,48.89354151200007],[10.86115514100004,48.89519782000008],[10.834927871000048,48.89630301200003],[10.830863777000047,48.90041629600006],[10.833277893000059,48.89637990600005],[10.828783159000068,48.895349974000055],[10.815371191000054,48.901090744000044],[10.80788893500005,48.90765844500004],[10.820543598000029,48.90999936000003],[10.827681120000022,48.915948988000025],[10.832464514000037,48.91302982900004],[10.825887168000065,48.93124381500007],[10.811767926000073,48.93686936800003],[10.817673347000039,48.94946356400004],[10.811328997000032,48.94716865500004],[10.807252670000025,48.94926312700005],[10.799073579000037,48.94087044200006],[10.794666538000058,48.94327638200008],[10.774278580000043,48.925628302000064],[10.770598822000068,48.926439463000065],[10.774376054000072,48.92014003600008],[10.778710146000037,48.920077555000034],[10.77634772700003,48.91611422700004],[10.765578879000032,48.91612310200003],[10.75369896500007,48.925054629000044],[10.734817465000049,48.92391776900007],[10.733643459000064,48.912543078000056],[10.722890456000073,48.90052246000005],[10.711266528000067,48.90023929900008],[10.706607671000029,48.90818049300003],[10.696666409000045,48.90440417700006],[10.697725104000028,48.90807067900005],[10.68508612200003,48.911780914000076],[10.676080121000041,48.91018450000007],[10.674327093000045,48.91215688400007],[10.680278083000076,48.91355352200003],[10.66926507900007,48.92249063200006],[10.684937694000041,48.929695679000076],[10.69212890700004,48.93987786400004],[10.70081396300003,48.93900387100007],[10.701733149000063,48.943355256000075],[10.689024823000068,48.94419594400006],[10.694163489000061,48.95220070500005],[10.69218655900005,48.95989395500004],[10.686884125000063,48.95912048100007],[10.669393452000065,48.98334822500004],[10.66069671400004,48.986117972000045],[10.641522051000038,48.98133041700004],[10.642488344000071,48.98591094400007],[10.631172666000055,48.992020628000034],[10.630214723000051,48.99598790500005],[10.63871930700003,48.99849680300008],[10.642254373000071,49.01663142700005],[10.631229641000061,49.01653799200005],[10.628092192000054,49.020396780000056],[10.614682326000036,49.014729362000026],[10.610264750000056,49.01863482200008],[10.605627809000055,49.01752460900008],[10.595537032000038,49.03451666900003],[10.574855737000064,49.03580061700006],[10.574534515000039,49.03152855800005],[10.553300765000074,49.03313992000005],[10.545256573000074,49.02532922300003],[10.55433578000003,49.023373434000064],[10.539235937000058,49.021832749000055],[10.546130146000053,49.00916631100006],[10.540863667000053,49.006011415000046],[10.517254103000027,49.00841899000005],[10.501394472000072,49.00580301700006],[10.491070469000022,49.011290157000076],[10.482034895000027,49.00857177800003],[10.46900336400006,49.01176185000003],[10.458246143000054,49.00780991500005],[10.451926197000034,49.01137805500008],[10.451273632000039,49.00767218100003],[10.434834679000062,49.00154779300004],[10.433641101000035,49.004668053000046],[10.424263849000056,49.00400552000008],[10.430271659000027,48.99961130300005],[10.42419211300006,48.997439764000035],[10.421910273000037,48.98804690400004],[10.432140927000034,48.98258666400005],[10.413805255000057,48.98123391000007],[10.427407200000061,48.977295199000025],[10.40984966600007,48.977435307000064],[10.401479997000024,48.974523171000044],[10.403681380000023,48.96679025700007],[10.418751747000044,48.96857920600007],[10.424932592000062,48.960681676000036],[10.419458015000032,48.95917587300005],[10.431022214000052,48.95344182200006],[10.430902321000076,48.94630282700007],[10.443334406000076,48.94581660000006],[10.444825433000062,48.94037101400005],[10.451372669000023,48.93866072700007],[10.448220713000069,48.93487345200003],[10.437809328000071,48.93315104100003],[10.457107388000054,48.920548179000036],[10.443770228000062,48.90845213700004],[10.421320368000067,48.90576289000006],[10.450215787000047,48.893089461000045],[10.452992995000045,48.884438802000034],[10.444774583000026,48.880271],[10.452580966000028,48.87347545700004],[10.448353934000068,48.86113446400003],[10.454106806000027,48.86030058700004],[10.45279514200007,48.851859524000076],[10.427415498000073,48.842988999000056],[10.426268382000046,48.836920691000046],[10.449102463000031,48.83032302500004],[10.448624089000077,48.81196778100008],[10.440770268000051,48.80948174100007],[10.433905473000038,48.80117712200007],[10.421083753000062,48.79941156900003],[10.420913694000035,48.79545796700006],[10.434329472000059,48.78964810900004],[10.427460900000028,48.78648724800007],[10.426773954000055,48.781747417000076],[10.43426596300003,48.77623032900004],[10.429625151000039,48.776866],[10.432001394000054,48.77068923000007],[10.428519823000045,48.76976975500003],[10.427562521000027,48.77309657200004],[10.417848569000057,48.77273009900006],[10.420114960000035,48.77623905400003],[10.413101313000027,48.77208798400005],[10.428186612000047,48.75588430500005],[10.418167027000038,48.75328740300006],[10.423097292000023,48.74826825000008],[10.416176716000052,48.74810596900005],[10.43485723300006,48.74116694200006],[10.431803341000034,48.73730715200003],[10.439877456000033,48.73876866200004],[10.447883535000074,48.72804419700003],[10.450064919000056,48.73498769500003],[10.464281234000055,48.735137085000076],[10.455739515000062,48.72904581000006],[10.464956863000054,48.727736142000026],[10.462052166000035,48.72230351400003],[10.467598126000041,48.72144195800007],[10.47373224200004,48.71197923100004],[10.481641374000048,48.71258726000008],[10.483382300000073,48.70806417400007],[10.483528291000027,48.70524283000003],[10.474483675000045,48.70560746700005],[10.471509766000054,48.70281000400007],[10.480260346000023,48.70015905200006],[10.479542570000035,48.69479927400005],[10.487257767000074,48.69666191300007],[10.485595622000062,48.69160333000008],[10.495748779000053,48.68843426700005],[10.481746283000064,48.68649942900004],[10.480987695000067,48.681418466000025],[10.464998023000021,48.67053354300003],[10.454190512000025,48.670610543000066],[10.449172635000025,48.66515887400004],[10.441853368000068,48.66680990900005],[10.432751179000036,48.66144521900003],[10.419335309000076,48.663927210000054],[10.410638818000052,48.66103394800007],[10.40869847600004,48.66783971900003],[10.426109293000025,48.67295145800006],[10.418720957000062,48.68227162300008],[10.422781643000064,48.69075458800006],[10.426519975000076,48.69157194100006],[10.429635277000045,48.68602537800007],[10.437393747000044,48.693101881000075],[10.431747642000062,48.69949236200006],[10.420252806000065,48.69472896100007],[10.408871360000035,48.69879250400004],[10.40788776900007,48.694502175000025],[10.392032311000037,48.68716085600005],[10.392777784000032,48.67813997600007],[10.386757991000025,48.67408733000008],[10.389421374000051,48.667201704000036],[10.368441434000033,48.66387855800008],[10.361128680000036,48.65282684300007],[10.351017332000026,48.65467686100004],[10.347422983000058,48.67910738300003],[10.337429497000073,48.689021808000064],[10.31740006800004,48.688697895000075],[10.317503170000066,48.68293376500003],[10.292015966000065,48.69159386900003],[10.282522166000035,48.70097678500008],[10.268706813000051,48.70354711900006],[10.27303977500003,48.68589131200008],[10.26468806500003,48.68288836000005],[10.26876291700006,48.67989337200004],[10.256347050000045,48.68066716800007],[10.255371664000052,48.67749061600006],[10.264848610000058,48.67214249300008],[10.254600218000064,48.666203179000036],[10.266623163000077,48.65883721800003],[10.259529865000047,48.65489233800008],[10.270384297000021,48.651921034000054],[10.268310237000037,48.646601942000075],[10.272355911000034,48.649155190000045],[10.274449325000035,48.64548153900006],[10.280522997000048,48.646770650000065],[10.283566456000074,48.63678601500004],[10.296510056000045,48.63356425000006],[10.297810682000033,48.62418757800003],[10.323094952000076,48.609132705000036],[10.318774912000038,48.607615028000055],[10.320212233000063,48.60393953800008],[10.30686630200006,48.60499616200008],[10.307219067000062,48.60150778700006],[10.30156386300007,48.60521160500008],[10.297108769000033,48.603809743000056],[10.293114313000046,48.58976552100006],[10.304752751000024,48.58426545100008],[10.310082235000039,48.57651451500004],[10.314183926000055,48.55628937700004],[10.300846790000037,48.54507121100005],[10.30155617400004,48.53713263000003],[10.303183365000052,48.52982514900003],[10.312374783000053,48.53007489600003],[10.31483871200004,48.52650928700007],[10.309262094000076,48.52632897400008],[10.31202316200006,48.52294378300007],[10.296265004000077,48.516936359000056],[10.272975510000038,48.516189678000046],[10.257462407000048,48.51946575000005],[10.252682297000035,48.51454565300003],[10.249831598000071,48.51622071000003],[10.248273718000064,48.51124472500004],[10.230779588000075,48.51051118300006]],[[10.454459536000059,47.555738344000076],[10.451022892000026,47.55459572400008],[10.445129001000055,47.567280124000035],[10.435383698000066,47.567685690000076],[10.429571183000064,47.57712329300006],[10.43531151600007,47.57927975400003],[10.432936910000024,47.58147741200003],[10.437026924000065,47.584201989000064],[10.456373778000057,47.58272212600008],[10.469027371000038,47.58699456700003],[10.481778586000075,47.58452644700003],[10.470641834000048,47.57969316600003],[10.473073914000054,47.570471455000074],[10.454459536000059,47.555738344000076]]]},"properties":{"shapeName":"Schwaben","shapeISO":"","shapeID":"9070358B65596861168427","shapeGroup":"DEU","shapeType":"ADM2"}},
{"type":"Feature","geometry":{"type":"Polygon","coordinates":[[[13.480055494000055,52.67464638200005],[13.465965381000046,52.667148559000054],[13.459511426000063,52.66893558800007],[13.45084091700005,52.662722174000066],[13.473894061000067,52.65661361400004],[13.469996225000045,52.65207483900008],[13.459848420000071,52.64810317700005],[13.440932073000056,52.64912302000005],[13.434104109000032,52.64428548800004],[13.433778784000026,52.637975968000035],[13.424365185000056,52.63563046100006],[13.412828153000078,52.64358542600007],[13.406997440000055,52.64242099900008],[13.396712093000076,52.64830139700007],[13.375992930000052,52.62929259500004],[13.357296057000042,52.62317467400004],[13.336480521000055,52.62267108900005],[13.31312183800003,52.628382714000054],[13.302422603000025,52.627560602000074],[13.308309030000032,52.629691534000074],[13.303111836000028,52.63666918800004],[13.30925742100004,52.64314039100003],[13.300377555000068,52.65346984200005],[13.310033892000035,52.657376009000075],[13.282884652000064,52.660784668000076],[13.28244070900007,52.641295358000036],[13.262156275000052,52.64075298900008],[13.264274727000043,52.626927970000054],[13.22068327200003,52.62817872100004],[13.201606489000028,52.606381329000044],[13.217819502000054,52.59322171000008],[13.217336442000033,52.58745559300007],[13.206626308000068,52.586742463000064],[13.16426315700005,52.59890033100004],[13.143990863000056,52.589743147000036],[13.128987291000044,52.58744210400005],[13.132092465000028,52.57969904300006],[13.149603266000042,52.58331095600005],[13.152953085000036,52.57278142700005],[13.145664779000072,52.55291135900006],[13.13629581400005,52.55274763400007],[13.130617438000058,52.55635397000003],[13.117392920000043,52.516995327000075],[13.143010193000066,52.51967552600007],[13.166457606000051,52.51012429000008],[13.125284573000044,52.480217682000045],[13.11779830000006,52.47896793700005],[13.109223276000023,52.450619509000035],[13.123176543000056,52.43936454700008],[13.104618626000047,52.42405321800004],[13.09959688500004,52.425304753000034],[13.08833321800006,52.41961143600008],[13.09063599700005,52.411813884000026],[13.097294256000055,52.40938448300005],[13.097221507000029,52.41245465700007],[13.10322506500006,52.41022242300005],[13.11157057500003,52.413136620000046],[13.112596393000047,52.410019076000026],[13.10793181400004,52.40947752400007],[13.111635766000063,52.40422328000005],[13.124875684000074,52.39687959200006],[13.136390486000039,52.39818128600007],[13.138116669000055,52.395392712000046],[13.127464902000042,52.39159455400005],[13.13098952300004,52.38722485300008],[13.142612288000066,52.396544789000075],[13.158888704000049,52.39390889900005],[13.171521556000073,52.39583346300003],[13.157827476000023,52.396362158000045],[13.159345751000046,52.40287994900007],[13.195566840000026,52.415094828000065],[13.222287982000068,52.42035668200003],[13.245797292000077,52.42080114700008],[13.249844004000067,52.404964790000065],[13.274457570000038,52.40513699100006],[13.29613013200003,52.41645128600004],[13.311926097000025,52.399185473000045],[13.343248653000046,52.41161993900005],[13.343028478000065,52.407674170000064],[13.37213521600006,52.39382382500003],[13.370454231000053,52.38846390000003],[13.387216841000054,52.388584164000065],[13.388520782000057,52.37796846700007],[13.420984876000034,52.37624714200007],[13.427585365000027,52.386823993000064],[13.418772686000068,52.40991740700008],[13.462321603000078,52.42062443700007],[13.468337476000045,52.41943196700004],[13.479884998000045,52.39599663400003],[13.515165086000025,52.40143491300006],[13.528263238000022,52.39839621600004],[13.538379367000061,52.40067906500008],[13.535663613000054,52.38901045500006],[13.564905286000055,52.38828584100003],[13.592762117000063,52.394169688000034],[13.595228554000073,52.38682411500008],[13.606295661000047,52.37964332700005],[13.604438755000047,52.37420620200004],[13.627949924000063,52.38179067000004],[13.633391387000074,52.37628389000008],[13.643364633000033,52.37739092600003],[13.641696955000043,52.370953943000075],[13.647105428000032,52.366875468000046],[13.638637533000065,52.36016167900004],[13.636291071000073,52.34703792500005],[13.64840072100003,52.338241836000066],[13.671080361000065,52.36635565700004],[13.680318766000028,52.369315914000026],[13.690564104000032,52.36737871100007],[13.699997283000073,52.37512134100007],[13.69863315300006,52.38158504100005],[13.688061986000037,52.38291036600003],[13.686711976000026,52.38581835000008],[13.716436629000043,52.399527437000074],[13.734537746000058,52.40197606900006],[13.738749108000036,52.40732177700005],[13.72951353600007,52.41739346700007],[13.741384526000047,52.426915964000045],[13.737958595000066,52.434137759000066],[13.743118130000028,52.43399868900008],[13.75053611800007,52.441458956000076],[13.754215103000035,52.44161149900003],[13.752296088000037,52.43708146100005],[13.759587219000025,52.436271883000074],[13.759028644000068,52.44257936500003],[13.75410721000003,52.44317174400004],[13.75321991100003,52.44759765900005],[13.729112161000046,52.45059682400006],[13.716447655000024,52.46219428900008],[13.701324133000071,52.46814548200007],[13.705365294000046,52.45576642800006],[13.698432701000058,52.45508021900008],[13.696824930000048,52.46416044600005],[13.648215010000058,52.47878196000005],[13.640613124000026,52.47948463300003],[13.62580803800006,52.473713356000076],[13.625508627000045,52.468356508000056],[13.611517293000077,52.47062733400003],[13.615010815000062,52.48082505600007],[13.630800435000026,52.49412005100004],[13.624670748000028,52.495184263000056],[13.633318830000064,52.51182618800004],[13.65857246400003,52.525811152000074],[13.656895568000039,52.52986951200006],[13.625906814000075,52.53014637500007],[13.626732385000025,52.537748572000055],[13.635358749000034,52.54162879300003],[13.585387118000028,52.54847164300003],[13.581539702000043,52.570881943000074],[13.567569499000058,52.573740128000054],[13.54711210000005,52.58788476600006],[13.522430212000074,52.592852503000074],[13.508153615000026,52.592183257000045],[13.49675228500007,52.60509353900005],[13.505817351000076,52.625828382000066],[13.517698658000029,52.629635919000066],[13.523100123000063,52.645430195000074],[13.512781529000051,52.64556195000006],[13.490831410000055,52.65472873400006],[13.485294839000062,52.65913131900004],[13.488219322000077,52.67055116600005],[13.475647695000077,52.66628065700007],[13.480055494000055,52.67464638200005]]]},"properties":{"shapeName":"Berlin","shapeISO":"","shapeID":"9070358B20892132820961","shapeGroup":"DEU","shapeType":"ADM2"}},
{"type":"Feature","geometry":{"type":"MultiPolygon","coordinates":[[[[13.210150054000053,51.404736111000034],[13.217308924000065,51.39505564900003],[13.250654593000036,51.39410858600007],[13.26854325000005,51.384793245000026],[13.270038189000047,51.39050202800007],[13.259089377000066,51.39533328500005],[13.259983530000056,51.40039904100007],[13.286354589000041,51.399288186000035],[13.286672470000042,51.41138323200005],[13.328343606000033,51.426642050000055],[13.320322813000075,51.43750047600008],[13.333353584000065,51.43744118400008],[13.337948451000045,51.429164667000066],[13.358349601000043,51.43397124300003],[13.376647809000076,51.42461142500008],[13.383076043000074,51.42805680500004],[13.372938772000055,51.437795651000044],[13.382146484000032,51.43604638800008],[13.38823046400006,51.44780889300006],[13.401050430000055,51.45417172500004],[13.409320227000023,51.44977411800005],[13.40563422200006,51.44594862900004],[13.412191363000034,51.439374290000046],[13.419704986000056,51.43884492500007],[13.428149657000063,51.431245011000044],[13.421424948000038,51.421505006000075],[13.428506815000048,51.42179249600008],[13.433405305000065,51.427616525000076],[13.44605750900007,51.425956521000046],[13.445913131000054,51.43144971300006],[13.450052450000044,51.42300825900003],[13.460625090000065,51.422241417000066],[13.463307821000058,51.42626187600007],[13.47378606600006,51.417881159000046],[13.465533281000035,51.42177463500008],[13.46328191400005,51.411753590000046],[13.491353120000042,51.40768382200008],[13.494391515000075,51.40291794800004],[13.521217776000071,51.40205739000004],[13.523118418000024,51.38102642900003],[13.53776639800003,51.38104645800007],[13.542628170000057,51.36931550600008],[13.550823539000021,51.37925212700003],[13.56996177700006,51.385666025000035],[13.58985483300006,51.38423485800007],[13.594063134000066,51.369356210000035],[13.661451524000029,51.368974629000036],[13.668403738000052,51.37612642800008],[13.682764784000028,51.36761527400006],[13.691250600000046,51.37401280600005],[13.713393942000039,51.36350286600003],[13.727352068000073,51.364710251000076],[13.739111251000054,51.361202020000064],[13.75315554100007,51.36594682700007],[13.757691732000069,51.37149459800003],[13.768966956000043,51.36939804600007],[13.762684593000074,51.36541218500008],[13.763252568000041,51.35902035100003],[13.767735944000037,51.36300780400006],[13.77652435400006,51.361990785000046],[13.78062486400006,51.36884769200003],[13.78794066000006,51.37090727200007],[13.80785531500004,51.372867804000066],[13.818971917000056,51.36949891300003],[13.835313221000035,51.37679],[13.833190694000052,51.383838980000064],[13.863248931000044,51.38175706800007],[13.868276711000021,51.37691168300006],[13.883068070000036,51.375117439000064],[13.908670716000074,51.37857764600005],[13.90820470400007,51.38323341700004],[13.961032275000036,51.397187485000075],[13.972343684000066,51.39382237700005],[13.970209088000047,51.37584092600008],[14.000697255000034,51.372595974000035],[13.99631843900005,51.38260759600007],[14.008315099000072,51.391981212000076],[14.003563735000057,51.39561192300005],[14.013325116000033,51.39832306400007],[14.028091220000022,51.39593580500008],[14.025793873000055,51.40055182400005],[14.01701597400006,51.40047199600008],[14.015903684000023,51.40513789600004],[14.044589875000042,51.41875373400006],[14.038245091000022,51.428443885000036],[14.046241449000036,51.42913477600007],[14.038161638000076,51.43557838100003],[14.06283710200006,51.445505756000045],[14.052588241000024,51.45250807300005],[14.055291852000039,51.46094820800005],[14.033005724000077,51.47510218900004],[14.038741996000056,51.47991067900006],[14.072593723000068,51.472087258000045],[14.087258361000067,51.47739668300005],[14.073821672000065,51.49266749000003],[14.087760579000076,51.49396380300004],[14.095669631000021,51.49871695000007],[14.107796743000051,51.52176056800005],[14.142359250000027,51.52280445200006],[14.129730077000033,51.53386106000005],[14.136708929000065,51.54330893800005],[14.175136187000021,51.53911689200004],[14.213017887000035,51.53981184700007],[14.228926526000066,51.53283939800008],[14.242108160000043,51.533090283000035],[14.247044376000076,51.527842390000046],[14.255807541000024,51.53231536200008],[14.274005492000072,51.53213036400007],[14.322918395000045,51.51942604200008],[14.332350139000027,51.50501826300007],[14.342118094000057,51.51084382300007],[14.339930674000072,51.520762156000046],[14.353687643000058,51.520789464000075],[14.375866520000045,51.53313396400006],[14.386688683000045,51.53402059800004],[14.38715846100007,51.54177088400007],[14.398877065000022,51.54178904300005],[14.409437874000048,51.53720890400007],[14.44131101000005,51.544613782000056],[14.447770787000024,51.54206888400006],[14.446735377000039,51.552727607000065],[14.454070342000023,51.55637197900006],[14.499856904000069,51.559403667000026],[14.515453721000029,51.554234835000045],[14.545185107000066,51.561777422000034],[14.544438335000052,51.57361516200007],[14.560581838000076,51.573461320000035],[14.569635102000063,51.58119047800005],[14.580484355000067,51.58041002600004],[14.583063972000048,51.57463525600008],[14.599026234000064,51.57174985800003],[14.603744826000025,51.55511637200004],[14.613752422000061,51.54953206000005],[14.639604106000036,51.55429112400003],[14.663996491000034,51.55454737200006],[14.674012757000071,51.55064535400004],[14.680912048000039,51.55383390600008],[14.691142422000041,51.562786103000064],[14.692759232000071,51.57633522200007],[14.706451662000063,51.576460163000036],[14.696647725000048,51.59666082600006],[14.711163819000035,51.59576490500007],[14.729865561000054,51.581776998000066],[14.764909531000058,51.60704414700007],[14.76322986300005,51.619144092000056],[14.753313268000056,51.62800865300005],[14.755889082000067,51.64572207600003],[14.750978830000065,51.652260899000055],[14.757547874000068,51.66150403200004],[14.746769710000024,51.67617473100006],[14.73701264400006,51.67942662100006],[14.736843624000073,51.68822742800006],[14.728954241000054,51.68851183100003],[14.69091482500005,51.708273923000036],[14.677716598000075,51.722689298000034],[14.668123664000063,51.72583001800007],[14.656214616000057,51.74130531700007],[14.657620136000048,51.75353692600004],[14.663971331000027,51.757269147000045],[14.650456645000077,51.76207773800007],[14.65473644900004,51.76809056500008],[14.653569578000031,51.784286706000046],[14.645118010000033,51.79581834700008],[14.634008076000043,51.801008883000065],[14.605030335000038,51.805034731000035],[14.590144373000044,51.82100999000005],[14.590157566000073,51.838145678000046],[14.596137331000023,51.842209781000065],[14.60519923000004,51.840414629000065],[14.60414034400003,51.84788840500005],[14.611884911000061,51.84505240200008],[14.607137537000028,51.85224439400008],[14.61159198200005,51.85742374900008],[14.62446923300007,51.85822905500004],[14.644166608000035,51.86744432300003],[14.663117458000045,51.89051289500003],[14.674373175000028,51.889559004000034],[14.674470074000055,51.89441869500007],[14.694259159000069,51.90198462300003],[14.69126872000004,51.908056644000055],[14.705491283000072,51.92355485300004],[14.70336833500005,51.93084698900003],[14.71879873100005,51.94131038300003],[14.721230977000062,51.95116209100007],[14.70796157500007,51.96452575400008],[14.704708298000071,51.97661883300003],[14.716203829000051,51.98243378900003],[14.721392882000032,51.99381844700008],[14.714049733000024,52.003692208000075],[14.725246476000052,52.008232597000074],[14.726712042000031,52.01392883800003],[14.74131043500006,52.02341057500007],[14.740365482000072,52.02907540900003],[14.748263133000023,52.03183024100008],[14.745243138000035,52.05384989700008],[14.759100958000033,52.06568982300007],[14.74128412300007,52.085227588000066],[14.724303474000067,52.09351556400003],[14.700347376000025,52.09811867500008],[14.681595448000053,52.116651776000026],[14.679584852000062,52.14492951400007],[14.705415466000034,52.16962629400007],[14.701205075000075,52.180278943000076],[14.685177147000047,52.19408442200006],[14.708388065000065,52.21174671000006],[14.715746889000059,52.23588355100003],[14.692153980000057,52.255946031000065],[14.641353067000068,52.26365996100003],[14.617122685000027,52.27146793400004],[14.596478449000074,52.272932670000046],[14.587539869000068,52.28349797700008],[14.576039610000066,52.28836671100004],[14.574751632000073,52.295562575000076],[14.584921860000065,52.30645775900007],[14.576201404000074,52.32148200300003],[14.561027668000065,52.328608418000044],[14.562495313000056,52.33981785900005],[14.552131323000026,52.353733342000055],[14.552123283000071,52.37405367400004],[14.53435722200004,52.395007777000046],[14.546638479000023,52.41285147800005],[14.544211438000048,52.42597505300006],[14.54952744600007,52.43362290600004],[14.559397270000034,52.438964224000074],[14.57923730300007,52.44175116800005],[14.608794362000026,52.46386558900008],[14.613391530000058,52.47717391300006],[14.63454116400004,52.49233735100006],[14.631680963000065,52.501811874000055],[14.61273465100004,52.51038674800003],[14.603921495000066,52.53133983100008],[14.615711198000042,52.55421072900003],[14.637292769000055,52.566288255000075],[14.639110578000043,52.572998863000066],[14.613708745000054,52.586612399000046],[14.60822515500007,52.59956886500004],[14.596155324000051,52.61066206600003],[14.567321796000044,52.623687317000076],[14.509676310000032,52.64160962300008],[14.465104603000043,52.66132556100007],[14.457750157000078,52.673930443000074],[14.433023179000031,52.68147320300005],[14.423988266000038,52.69617415000005],[14.41348871300005,52.70083656500003],[14.373494847000075,52.73666379600007],[14.360871958000075,52.740614651000044],[14.351042391000021,52.75150720400006],[14.278810273000033,52.77445445600006],[14.21749012400005,52.81687246100006],[14.143261916000029,52.82385129800008],[14.130087892000063,52.82831517100004],[14.122926948000043,52.83765710700004],[14.129849055000022,52.85271723500006],[14.157714474000045,52.874754307000046],[14.161595565000027,52.88809495900006],[14.15231342900006,52.90064361800006],[14.142646023000054,52.93324891200007],[14.144123657000023,52.94489730400005],[14.138846627000078,52.951779188000046],[14.143657775000065,52.96136543700004],[14.162226393000026,52.96527256600007],[14.170470403000024,52.97463749900004],[14.20685994300004,52.98754078400003],[14.235602409000023,52.99318832000006],[14.291619106000041,53.020010342000035],[14.312330816000042,53.03552212500006],[14.345426,53.05171191300008],[14.366157186000066,53.07936704800005],[14.370173399000066,53.10459745400004],[14.379024142000048,53.11290406900008],[14.387737259000062,53.143025686000044],[14.371107730000062,53.15728916300003],[14.366254964000063,53.17198864000005],[14.37727299200003,53.20174829700005],[14.405216792000033,53.21022967200008],[14.408495733000052,53.22320352300005],[14.430808398000067,53.239132049000034],[14.435973244000024,53.24958736500008],[14.450268471000072,53.26055847400005],[14.445297666000045,53.27444507400003],[14.42121658700006,53.276136731000065],[14.41498745900003,53.30186581100003],[14.406774512000027,53.30871101400004],[14.415497625000057,53.32429933600008],[14.412381009000057,53.32959336200008],[14.39536669000006,53.328883346000055],[14.381543153000052,53.32388693000007],[14.376636296000072,53.31628239500003],[14.361642649000032,53.31756161700008],[14.348660478000056,53.30996973100008],[14.316569422000043,53.31233554700003],[14.301854254000034,53.28622360900005],[14.262188670000057,53.27660236100007],[14.266048356000056,53.25959485200008],[14.211057786000026,53.25481373300005],[14.200159461000055,53.261772386000075],[14.175976627000068,53.262071691000074],[14.160239071000035,53.26781071400006],[14.124789098000065,53.260225164000076],[14.098817346000033,53.26167191500008],[14.109653481000066,53.28263829000008],[14.184022256000048,53.32762657900008],[14.223406622000027,53.358563229000026],[14.243144164000057,53.39232073000005],[14.237712313000031,53.42734197800007],[14.224661388000072,53.43424798500007],[14.20591111400006,53.42302691000003],[14.176961664000032,53.42286728900007],[14.136759841000071,53.441001149000044],[14.121843780000063,53.44170762200008],[14.105426101000035,53.42242613900004],[14.093922426000063,53.422119972000075],[14.082285812000066,53.41557589300004],[14.08222394300003,53.41091170300007],[14.071200818000023,53.41499366800008],[14.050577998000051,53.41398786600007],[14.045604131000061,53.42942541900004],[14.00659107100006,53.43041088100006],[14.001216932000034,53.43499156300004],[13.962079708000033,53.429896936000034],[13.946492797000076,53.43081063000005],[13.916373270000065,53.42226627100007],[13.902893509000023,53.43202501500008],[13.911394254000072,53.43653970500003],[13.906287562000045,53.44388294700008],[13.917505496000047,53.44652703100007],[13.918213428000058,53.455998470000054],[13.875591803000077,53.47346619700005],[13.884590220000064,53.48533669500006],[13.873924621000072,53.490594920000035],[13.879268139000033,53.504139956000074],[13.848404712000047,53.514310590000036],[13.821728497000038,53.51811033900003],[13.823875041000065,53.52113695700007],[13.798463285000025,53.545689605000064],[13.800570522000044,53.55825461900008],[13.791347175000055,53.558577928000034],[13.77637607400004,53.53129006000006],[13.777657389000069,53.51370533800008],[13.792463027000053,53.51094196100007],[13.801459747000024,53.49795631100005],[13.808974707000061,53.50180077400006],[13.827102382000021,53.498713707000036],[13.812079406000066,53.483943984000064],[13.802029984000058,53.47802707000005],[13.778939257000047,53.47421523100007],[13.752976128000057,53.47827558300003],[13.74137283600004,53.48580699900003],[13.73578132700004,53.481413056000065],[13.71539978100003,53.482260877000044],[13.702992187000063,53.47364517200003],[13.662562318000028,53.457739651000054],[13.651289689000066,53.44369090300006],[13.640500227000075,53.44723875200003],[13.633898245000069,53.43986754700006],[13.638886398000068,53.438055459000054],[13.637299504000055,53.43258406700005],[13.628841215000023,53.43199978300004],[13.636017347000063,53.42351863500005],[13.625216954000052,53.409302567000054],[13.610508935000041,53.41375914300005],[13.593482041000073,53.40778422400007],[13.573618650000071,53.40809337500008],[13.564063525000051,53.400759461000064],[13.550112204000072,53.399081272000046],[13.54620652400007,53.39419501800006],[13.556587112000045,53.391562745000044],[13.550206570000057,53.38093642700005],[13.556795678000071,53.37963936500006],[13.556369896000035,53.376092380000046],[13.547431004000032,53.37189932900003],[13.54342450200005,53.36403224400004],[13.525997361000066,53.366346957000076],[13.516854329000068,53.35209251500004],[13.525261424000064,53.35102041700003],[13.51963399500005,53.33796728300007],[13.523531386000059,53.32008458400003],[13.510114440000052,53.317449416000045],[13.502842524000073,53.327333245000034],[13.507267352000042,53.31623291200003],[13.48306387200006,53.29120339600007],[13.461282870000048,53.288693039000066],[13.456185332000075,53.297954994000065],[13.43820812100006,53.29973323400003],[13.434949826000036,53.294723015000045],[13.438730754000062,53.29198796700007],[13.434135608000076,53.28993918900005],[13.442401330000052,53.28648496400007],[13.435129711000059,53.28278236400007],[13.431510177000064,53.284551013000055],[13.42092044900005,53.269643563000045],[13.40768375600004,53.26263086000006],[13.405174674000023,53.24641823500008],[13.386533825000072,53.244054609000045],[13.386110006000024,53.25047581100006],[13.37063243800003,53.26175920500003],[13.368601805000026,53.271037834000026],[13.360450599000046,53.27799893300005],[13.349203210000042,53.27825848600003],[13.337075713000047,53.27342781600004],[13.297801779000054,53.28089250200003],[13.28441560300007,53.27567465700008],[13.275313892000042,53.26506079400008],[13.252714248000075,53.26230544200007],[13.243751248000024,53.24869111600003],[13.251243006000038,53.24738983900005],[13.239651352000067,53.23894298500005],[13.238833469000042,53.22550966600005],[13.229391856000063,53.21658689600008],[13.202681010000049,53.22212072200006],[13.181914294000023,53.25073407200006],[13.17520391100004,53.24717577400003],[13.163796458000036,53.249759950000055],[13.152550302000066,53.24603817700006],[13.152220904000046,53.25111397900008],[13.137411603000032,53.24461811500004],[13.132976754000026,53.23731754200003],[13.109925574000044,53.24022827600004],[13.103262174000065,53.23554035600006],[13.10656403300004,53.21515262500003],[13.097477165000043,53.21298986200003],[13.093809081000074,53.21708813500004],[13.087270012000033,53.21540015800008],[13.079532891000042,53.20018375500007],[13.069129516000032,53.20364037200005],[13.042414509000025,53.196499403000075],[13.02801118900004,53.18559141700007],[13.018727499000022,53.18524596700007],[13.02003720700003,53.17570997000007],[13.009133315000042,53.172850089000065],[13.006203606000042,53.167284675000076],[12.991544408000038,53.16855505600006],[12.980466333000038,53.16252656800003],[12.968517510000027,53.16636630000005],[12.961513638000042,53.177737671000045],[12.947271597000054,53.172501304000036],[12.941998415000057,53.17431547000007],[12.97943353200003,53.19055157100007],[12.976880937000033,53.197366456000054],[12.964244872000052,53.200391513000056],[12.948866528000053,53.199274],[12.937114713000028,53.19431551200006],[12.94392732600005,53.190922639000064],[12.942431011000053,53.18592652400008],[12.934397870000055,53.18822705000008],[12.919965668000032,53.186376848000066],[12.929737504000059,53.19441722000005],[12.91284190400006,53.19517415200005],[12.892039930000067,53.187950270000044],[12.88949229800005,53.18040471300003],[12.880109598000047,53.17969011800005],[12.858871614000066,53.18817731300004],[12.845979184000043,53.20140215400005],[12.837911674000054,53.19725783300004],[12.824692308000067,53.19705096700005],[12.82078748500004,53.19341995800005],[12.817167563000055,53.196060534000026],[12.814871837000055,53.191976202000035],[12.808879483000055,53.19764702800006],[12.799087274000044,53.19106868100005],[12.784920434000071,53.18784475100006],[12.764381357000048,53.18893054700004],[12.759146611000062,53.19500350800007],[12.739492982000058,53.19960159200008],[12.749508545000026,53.206328119000034],[12.757410986000025,53.224352804000034],[12.722738169000024,53.22166880600008],[12.671179075000055,53.229504646000066],[12.663967039000056,53.23495059800007],[12.675657612000066,53.24771916200007],[12.668288589000042,53.24816448100006],[12.660557174000076,53.254409578000036],[12.62841923600007,53.25455521500004],[12.606046712000023,53.24439545700005],[12.549913353000022,53.26198050000005],[12.529768323000042,53.264788321000026],[12.50240059500004,53.262172289000034],[12.497630934000028,53.255200871000056],[12.467090953000024,53.256234231000064],[12.445312164000029,53.24992826400006],[12.431579877000047,53.262580220000075],[12.428008562000059,53.27498756300008],[12.400425054000038,53.279186191000065],[12.391832331000046,53.28505686400007],[12.398232221000058,53.29465908000003],[12.394247808000046,53.301805355000056],[12.363312774000065,53.306711318000055],[12.342998588000057,53.31591520900008],[12.311021588000074,53.32321816100006],[12.310765272000026,53.32724170900008],[12.291303295000034,53.32867678900004],[12.260207483000045,53.32391218400005],[12.26000736100002,53.32772280700004],[12.245293925000055,53.33301354100007],[12.236430164000069,53.34197901500005],[12.229435329000069,53.358160532000056],[12.212185135000027,53.35316106300007],[12.191119707000041,53.353951090000066],[12.186214747000065,53.350701729000036],[12.186848423000072,53.34333491600006],[12.16856047400006,53.33911698000003],[12.156507838000039,53.34971713700003],[12.151951147000034,53.36150523600003],[12.141261634000045,53.35905514900003],[12.139441255000065,53.36141672200006],[12.134450322000077,53.348430378000046],[12.108576477000042,53.34966499700005],[12.109173054000053,53.343806106000045],[12.092089179000027,53.344856410000034],[12.08207756400003,53.34629866300003],[12.077546787000074,53.36938681400005],[12.06162346900004,53.371419407000076],[12.045284959000071,53.37098764500007],[12.051371611000036,53.36686881500003],[12.047403818000078,53.36123918800007],[12.05733934500006,53.34934209900007],[12.014610854000068,53.33442360000004],[12.02207512900003,53.321288749000075],[12.018506051000031,53.31543469300004],[12.02363949200003,53.30414308600007],[12.018530148000025,53.29959472200005],[12.00282055200006,53.299644269000055],[11.99706674500004,53.29390563700008],[11.987695475000066,53.29566106900006],[11.986470175000022,53.299825422000026],[11.97385789200007,53.29915948900003],[11.965708627000026,53.28522627000007],[11.948063009000066,53.27176964900008],[11.945417853000038,53.27433594000007],[11.90470149400005,53.27459044100004],[11.892603005000069,53.278981130000034],[11.88986116700005,53.26905112800006],[11.86685903700004,53.25655141800007],[11.86174684200006,53.24821692000006],[11.816670405000025,53.25418942700003],[11.796067194000045,53.25334819600005],[11.829610195000043,53.23650808300005],[11.832991271000026,53.23203560500008],[11.828893642000025,53.22865502600007],[11.769071032000056,53.22749111300004],[11.729329797000048,53.21715177500005],[11.727526668000053,53.231664583000054],[11.714625445000024,53.230507654000064],[11.700017775000049,53.243977965000056],[11.690951935000044,53.24175642200004],[11.66701112100003,53.24421851200003],[11.653620229000069,53.23916771000006],[11.640199166000059,53.23864798300008],[11.629237266000075,53.24222453700003],[11.619700986000055,53.23768329400008],[11.616845770000054,53.23060384000007],[11.599042680000025,53.22498278300003],[11.588957117000064,53.21584109200006],[11.551586451000048,53.20840728500008],[11.560579867000058,53.20267318600003],[11.557823814000074,53.184858570000074],[11.567079706000072,53.18249488300006],[11.562553250000065,53.175827026000036],[11.569364935000067,53.166094858000065],[11.556524811000031,53.15041946400004],[11.550083332000042,53.151074331000075],[11.555961848000038,53.13877893700004],[11.546942806000061,53.13474634100004],[11.548510908000026,53.13082253400006],[11.536372313000072,53.12924201700008],[11.534572129000026,53.125318348000064],[11.510049323000032,53.12554328200008],[11.502223232000063,53.121386090000044],[11.500484064000034,53.12642114600004],[11.484081342000025,53.129033365000055],[11.47343008300004,53.127251493000074],[11.473707470000022,53.134609443000045],[11.46083519800004,53.14023122400005],[11.438672635000046,53.13669280900007],[11.42176424400003,53.14094835700007],[11.413903223000034,53.13669801300006],[11.39562750500005,53.14000024000006],[11.39180096900003,53.12965422600007],[11.400568233000058,53.11581842900006],[11.393767787000058,53.11030257200008],[11.370908393000036,53.11155586000007],[11.360716253000021,53.11622115500006],[11.336617515000057,53.11374620400005],[11.324723649000077,53.119301731000064],[11.300001277000035,53.11641859200006],[11.290417442000034,53.116903464000075],[11.282967055000029,53.12143720600005],[11.265731921000054,53.12197789600003],[11.273159371000077,53.09721873700005],[11.30977406200003,53.07786066800003],[11.338867152000034,53.05509894100004],[11.357579474000033,53.05593980400005],[11.402588918000049,53.07237272900005],[11.448379406000072,53.07838158200008],[11.46377473900003,53.07442225800003],[11.505903623000052,53.04904482900008],[11.523780872000032,53.04713588900006],[11.548103728000058,53.05239336200003],[11.57023440200004,53.039240171000074],[11.584661655000048,53.035306725000055],[11.597784507000028,53.03592637000003],[11.62200400300003,53.04170273500006],[11.639365586000054,53.03871875200008],[11.641496738000058,53.03285488400007],[11.627029453000034,53.02166134500004],[11.626327036000077,53.01264737000008],[11.645753077000052,53.005384039000035],[11.667740249000076,53.00967898200008],[11.67716506000005,53.008137230000045],[11.68405776000003,52.99974024000005],[11.683024795000051,52.98615581000007],[11.692083658000058,52.97840706300008],[11.702569302000029,52.97780947900003],[11.732019555000022,52.98856536100004],[11.743789794000065,52.98854467500007],[11.764192987000058,52.981411405000074],[11.786303885000052,52.96095827500005],[11.828901276000067,52.95727341700007],[11.844216635000066,52.95268081300003],[11.847927457000026,52.94103150600006],[11.82309213700006,52.92325763700006],[11.825011418000031,52.91577354100008],[11.833997503000035,52.910361117000036],[11.87150837300004,52.90887382500006],[11.897335380000072,52.89336244400005],[11.932252961000074,52.89157895000005],[11.948984159000076,52.88767578800008],[11.959444723000047,52.87992750700005],[11.981550252000034,52.876028785000074],[11.990478383000038,52.881216161000054],[12.005318257000056,52.88179761400005],[12.006119543000068,52.88746193000003],[12.022614193000038,52.89037025700003],[12.048152623000021,52.88591360600003],[12.060866136000072,52.88816821200004],[12.066279895000037,52.883730177000075],[12.076475092000067,52.886396424000054],[12.081383322000022,52.87708188000005],[12.112623069000051,52.87572909100004],[12.124601270000028,52.89358591000007],[12.128485434000027,52.89264882700007],[12.122621712000068,52.88850155000006],[12.120213079000052,52.875513915000056],[12.133116363000056,52.865776106000055],[12.123714704000065,52.85379583500003],[12.17218949900007,52.86470204300008],[12.196936529000027,52.87797799000003],[12.209955490000027,52.862416945000064],[12.21405629800006,52.86166701900004],[12.217391247000023,52.865984482000044],[12.234056796000061,52.85937765300008],[12.231875312000057,52.85066733500008],[12.239683487000036,52.843675835000056],[12.243669638000028,52.82068541500007],[12.257536445000028,52.804908485000055],[12.252488903000028,52.803731396000046],[12.25558105400006,52.79859627900004],[12.247724129000062,52.79651529600005],[12.244659900000045,52.78722398000008],[12.22017640200005,52.790127959000074],[12.223507288000064,52.77569648900004],[12.213132486000063,52.773607420000076],[12.214868624000076,52.76399556100006],[12.205958399000053,52.76091054600005],[12.20916025300005,52.75318039700005],[12.219447051000031,52.75091493900004],[12.223168686000065,52.73974733600005],[12.201294289000032,52.729003807000026],[12.20595688800006,52.726513956000076],[12.197548537000046,52.718375034000076],[12.209843553000042,52.717622188000064],[12.203919018000022,52.713352618000044],[12.224185488000046,52.70278539100008],[12.217541893000032,52.69982185500004],[12.220878966000043,52.69043918700004],[12.232876671000042,52.68904403700003],[12.226812306000056,52.683797163000065],[12.235381460000042,52.68036464000005],[12.239352076000046,52.671736011000064],[12.23252380200006,52.65361139400005],[12.237890105000076,52.64555626400005],[12.236677149000059,52.64097750500008],[12.231001580000054,52.63988964600003],[12.230845915000032,52.62975503000007],[12.236872557000027,52.62887701900007],[12.21264848100003,52.62509989700004],[12.203537040000072,52.618746126000076],[12.171970158000022,52.625946604000035],[12.169133258000045,52.61675393000007],[12.17556836600005,52.617330424000045],[12.170287783000049,52.60769850600008],[12.176565310000058,52.60646920900007],[12.173384733000034,52.58225489500006],[12.181078091000074,52.575177085000064],[12.159309610000037,52.560990255000036],[12.141811423000036,52.52839423900008],[12.154636380000056,52.52969639300005],[12.158198182000035,52.53421666500003],[12.173888412000053,52.53869239900007],[12.17960389700005,52.533663509000064],[12.188689499000077,52.53242278000005],[12.16729483100005,52.51498540800003],[12.170367014000021,52.50697482100003],[12.184704165000028,52.49577607100008],[12.19058476300006,52.49886601700007],[12.203974412000036,52.49787678400003],[12.211499986000035,52.50313123400008],[12.221679470000026,52.50066541800004],[12.227764066000077,52.505948458000034],[12.223998206000033,52.511525455000026],[12.23611741600007,52.52371982500006],[12.25821619800007,52.51788540100006],[12.259921744000053,52.50423264400007],[12.270083396000075,52.50099836000004],[12.262451997000028,52.49547016200006],[12.27000517600004,52.49367108700005],[12.271445311000036,52.48748083800007],[12.293906418000063,52.49226072000005],[12.297479052000028,52.49617739400003],[12.31012923000003,52.490761312000075],[12.32988928800006,52.49686037100008],[12.327666002000058,52.49141276800003],[12.313051599000062,52.48970861200007],[12.308295310000062,52.48028980000004],[12.316429795000033,52.47486893400003],[12.330781529000035,52.478555665000044],[12.325116194000032,52.46423058800008],[12.315081152000062,52.460460212000044],[12.316683686000033,52.452384848000065],[12.304342700000063,52.450501519000056],[12.307568269000058,52.44430900500004],[12.302675223000051,52.43449313900004],[12.289252414000032,52.43069493200005],[12.296989636000035,52.423778080000034],[12.274469664000037,52.41606189200007],[12.27484240900003,52.41226761000007],[12.292336440000042,52.40753710600006],[12.299401276000026,52.40911379500005],[12.30232598400005,52.40501281200005],[12.30329161000003,52.39754966600003],[12.29180744100006,52.38614361000003],[12.294265474000042,52.38141999700008],[12.305989508000039,52.37743324300004],[12.300648290000026,52.37108683000008],[12.286094407000064,52.36887632200006],[12.283811381000021,52.36425454600004],[12.308127562000038,52.34469653200006],[12.26276517100007,52.29507163200003],[12.250944382000057,52.272593957000026],[12.254671783000049,52.26188514000006],[12.24464806900005,52.24843817400006],[12.27068074400006,52.24172249800006],[12.275263788000075,52.23627385800006],[12.264238205000026,52.23688951400004],[12.264532505000034,52.233547429000055],[12.283780377000028,52.23451276000003],[12.286883443000022,52.230102457000044],[12.297276877000058,52.22754538000004],[12.278827849000038,52.21704285100003],[12.267668206000053,52.21450870100006],[12.26026471800003,52.21645071300003],[12.248921059000054,52.21173724000005],[12.245249263000062,52.20738894200008],[12.25367519200006,52.20564634500005],[12.241800133000027,52.19427700700004],[12.248291792000032,52.184222874000056],[12.241560411000023,52.181981918000076],[12.228585191000036,52.18598478200005],[12.21678313700005,52.17006860100008],[12.23400384200005,52.16279355900008],[12.231304279000028,52.15495143600003],[12.245320008000022,52.13873301600006],[12.265110134000054,52.13065982400008],[12.276724288000025,52.10401798000004],[12.31582350800005,52.09237191600005],[12.32903021800007,52.069631591000075],[12.34808507300005,52.05929658800005],[12.359777396000027,52.04650008600004],[12.389599427000064,52.043565769000054],[12.430227854000066,52.01830613800007],[12.450002444000063,52.01621286400007],[12.460757553000064,52.03472050000005],[12.48061535100004,52.033335116000046],[12.484955700000057,52.01714983000005],[12.498826522000059,52.008922889000075],[12.536306598000067,52.002880024000035],[12.539394591000075,51.98488894400003],[12.603019491000055,51.98108668500004],[12.615160260000039,51.98228125700007],[12.61439705600003,51.99172329500004],[12.644748195000034,51.99437984900004],[12.648597032000055,52.00831105300006],[12.65650252100005,52.01293960700008],[12.669186684000067,52.01288074400003],[12.68252160000003,52.00332298700005],[12.711938186000054,51.99986576500004],[12.729640934000031,51.98896386000007],[12.755476102000046,51.98639142800005],[12.75924616900005,51.982176880000054],[12.774325113000032,51.97835995100007],[12.777612700000077,51.96459096500007],[12.811265511000045,51.962565131000076],[12.844153643000027,51.96773396900005],[12.850254884000037,51.95869847100005],[12.852730179000048,51.93500529000005],[12.888171517000046,51.934769180000046],[12.890424131000032,51.92838025000003],[12.917461899000045,51.932691387000034],[12.918371523000076,51.939359531000036],[12.960567963000074,51.93491054300006],[12.95597430500004,51.92265712200003],[12.976535928000033,51.91986343600007],[12.972664852000037,51.90088114100007],[12.986081352000042,51.904108773000075],[13.009859056000039,51.90278411400004],[13.021779435000042,51.89685164900004],[13.022773444000052,51.903230016000066],[13.045407862000047,51.90051510700005],[13.048537912000029,51.891860431000055],[13.037566139000035,51.89088104000007],[13.037293433000059,51.88025695200008],[13.029163736000044,51.881042414000035],[13.039239290000069,51.87091214700007],[13.080548074000035,51.867478067000036],[13.08500523400005,51.87401641500003],[13.11899345200004,51.87654083500007],[13.119075142000042,51.882829041000036],[13.138950996000062,51.87951209000005],[13.142228110000076,51.87255680900006],[13.149604230000023,51.87233145700003],[13.150913369000023,51.859610359000044],[13.123477553000043,51.85782061900005],[13.123535766000032,51.854592541000045],[13.142163335000077,51.82858870900003],[13.142089515000066,51.82065462400004],[13.148523437000051,51.820543591000046],[13.16301128400005,51.80201799400004],[13.15799461100005,51.78844815300005],[13.170103761000064,51.78702373700003],[13.16870808300007,51.78277037600003],[13.16003872300007,51.783928478000064],[13.159798632000047,51.77459014900006],[13.147481829000071,51.76663853300005],[13.155834024000058,51.76457021500005],[13.14985352900004,51.75926715000003],[13.163294686000029,51.75493602900008],[13.154010380000045,51.744247947000076],[13.160751933000029,51.73986955200007],[13.164127394000047,51.74188858600007],[13.167154722000078,51.73538412600004],[13.179535239000074,51.73117069700004],[13.18707161900005,51.71562451400007],[13.16868541100007,51.718669187000046],[13.170109944000046,51.70808682000006],[13.161730164000062,51.71297463700006],[13.155100575000063,51.710786882000036],[13.161264645000074,51.69498595700003],[13.156144751000056,51.69472950000005],[13.162459540000043,51.691815133000034],[13.154528682000034,51.68670591700004],[13.051025247000041,51.64767715500005],[13.08630409500006,51.60813513900007],[13.093842106000068,51.60588332700007],[13.104872627000077,51.60967557400005],[13.097098011000071,51.61630730600007],[13.10397271100004,51.61647385800006],[13.106747968000036,51.61163260200004],[13.121025347000057,51.61888754900008],[13.14377685900007,51.59787311200006],[13.154954859000043,51.60019678500004],[13.16177226800005,51.59214829600006],[13.15490654100006,51.58939526800003],[13.141043951000029,51.57116723400003],[13.143169245000024,51.56746112900004],[13.146715721000021,51.56345495200003],[13.158606161000023,51.56425874700005],[13.160826607000047,51.558969338000054],[13.185571760000073,51.558075237000025],[13.19005547100005,51.53959030400006],[13.200522825000064,51.52603590900003],[13.207957037000028,51.524352847000046],[13.207041558000071,51.50493725700005],[13.202045181000074,51.504115726000066],[13.203923234000058,51.49877907800004],[13.196534058000054,51.494470566000075],[13.201294464000057,51.491717480000034],[13.19207199300007,51.48804945100005],[13.182296591000068,51.491959294000026],[13.187046115000044,51.48575323400007],[13.182922444000042,51.471341281000036],[13.203080426000042,51.45873193700004],[13.203121686000031,51.45101338300003],[13.191840584000033,51.43691062100004],[13.184760974000028,51.438512898000056],[13.17427675600004,51.42939803500008],[13.184649358000058,51.42378702800005],[13.189423718000057,51.43425610500003],[13.19975045700005,51.433225950000065],[13.202189124000029,51.41637687600007],[13.210150054000053,51.404736111000034]],[[13.480055494000055,52.67464638200005],[13.475647695000077,52.66628065700007],[13.488219322000077,52.67055116600005],[13.485294839000062,52.65913131900004],[13.490831410000055,52.65472873400006],[13.512781529000051,52.64556195000006],[13.523100123000063,52.645430195000074],[13.517698658000029,52.629635919000066],[13.505817351000076,52.625828382000066],[13.49675228500007,52.60509353900005],[13.508153615000026,52.592183257000045],[13.522430212000074,52.592852503000074],[13.54711210000005,52.58788476600006],[13.567569499000058,52.573740128000054],[13.581539702000043,52.570881943000074],[13.585387118000028,52.54847164300003],[13.635358749000034,52.54162879300003],[13.626732385000025,52.537748572000055],[13.625906814000075,52.53014637500007],[13.656895568000039,52.52986951200006],[13.65857246400003,52.525811152000074],[13.633318830000064,52.51182618800004],[13.624670748000028,52.495184263000056],[13.630800435000026,52.49412005100004],[13.615010815000062,52.48082505600007],[13.611517293000077,52.47062733400003],[13.625508627000045,52.468356508000056],[13.62580803800006,52.473713356000076],[13.640613124000026,52.47948463300003],[13.648215010000058,52.47878196000005],[13.696824930000048,52.46416044600005],[13.698432701000058,52.45508021900008],[13.705365294000046,52.45576642800006],[13.701324133000071,52.46814548200007],[13.716447655000024,52.46219428900008],[13.729112161000046,52.45059682400006],[13.75321991100003,52.44759765900005],[13.75410721000003,52.44317174400004],[13.759028644000068,52.44257936500003],[13.759587219000025,52.436271883000074],[13.752296088000037,52.43708146100005],[13.754215103000035,52.44161149900003],[13.75053611800007,52.441458956000076],[13.743118130000028,52.43399868900008],[13.737958595000066,52.434137759000066],[13.741384526000047,52.426915964000045],[13.72951353600007,52.41739346700007],[13.738749108000036,52.40732177700005],[13.734537746000058,52.40197606900006],[13.716436629000043,52.399527437000074],[13.686711976000026,52.38581835000008],[13.688061986000037,52.38291036600003],[13.69863315300006,52.38158504100005],[13.699997283000073,52.37512134100007],[13.690564104000032,52.36737871100007],[13.680318766000028,52.369315914000026],[13.671080361000065,52.36635565700004],[13.64840072100003,52.338241836000066],[13.636291071000073,52.34703792500005],[13.638637533000065,52.36016167900004],[13.647105428000032,52.366875468000046],[13.641696955000043,52.370953943000075],[13.643364633000033,52.37739092600003],[13.633391387000074,52.37628389000008],[13.627949924000063,52.38179067000004],[13.604438755000047,52.37420620200004],[13.606295661000047,52.37964332700005],[13.595228554000073,52.38682411500008],[13.592762117000063,52.394169688000034],[13.564905286000055,52.38828584100003],[13.535663613000054,52.38901045500006],[13.538379367000061,52.40067906500008],[13.528263238000022,52.39839621600004],[13.515165086000025,52.40143491300006],[13.479884998000045,52.39599663400003],[13.468337476000045,52.41943196700004],[13.462321603000078,52.42062443700007],[13.418772686000068,52.40991740700008],[13.427585365000027,52.386823993000064],[13.420984876000034,52.37624714200007],[13.388520782000057,52.37796846700007],[13.387216841000054,52.388584164000065],[13.370454231000053,52.38846390000003],[13.37213521600006,52.39382382500003],[13.343028478000065,52.407674170000064],[13.343248653000046,52.41161993900005],[13.311926097000025,52.399185473000045],[13.29613013200003,52.41645128600004],[13.274457570000038,52.40513699100006],[13.249844004000067,52.404964790000065],[13.245797292000077,52.42080114700008],[13.222287982000068,52.42035668200003],[13.195566840000026,52.415094828000065],[13.159345751000046,52.40287994900007],[13.157827476000023,52.396362158000045],[13.171521556000073,52.39583346300003],[13.158888704000049,52.39390889900005],[13.142612288000066,52.396544789000075],[13.13098952300004,52.38722485300008],[13.127464902000042,52.39159455400005],[13.138116669000055,52.395392712000046],[13.136390486000039,52.39818128600007],[13.124875684000074,52.39687959200006],[13.111635766000063,52.40422328000005],[13.10793181400004,52.40947752400007],[13.112596393000047,52.410019076000026],[13.11157057500003,52.413136620000046],[13.10322506500006,52.41022242300005],[13.097221507000029,52.41245465700007],[13.097294256000055,52.40938448300005],[13.09063599700005,52.411813884000026],[13.08833321800006,52.41961143600008],[13.09959688500004,52.425304753000034],[13.104618626000047,52.42405321800004],[13.123176543000056,52.43936454700008],[13.109223276000023,52.450619509000035],[13.11779830000006,52.47896793700005],[13.125284573000044,52.480217682000045],[13.166457606000051,52.51012429000008],[13.143010193000066,52.51967552600007],[13.117392920000043,52.516995327000075],[13.130617438000058,52.55635397000003],[13.13629581400005,52.55274763400007],[13.145664779000072,52.55291135900006],[13.152953085000036,52.57278142700005],[13.149603266000042,52.58331095600005],[13.132092465000028,52.57969904300006],[13.128987291000044,52.58744210400005],[13.143990863000056,52.589743147000036],[13.16426315700005,52.59890033100004],[13.206626308000068,52.586742463000064],[13.217336442000033,52.58745559300007],[13.217819502000054,52.59322171000008],[13.201606489000028,52.606381329000044],[13.22068327200003,52.62817872100004],[13.264274727000043,52.626927970000054],[13.262156275000052,52.64075298900008],[13.28244070900007,52.641295358000036],[13.282884652000064,52.660784668000076],[13.310033892000035,52.657376009000075],[13.300377555000068,52.65346984200005],[13.30925742100004,52.64314039100003],[13.303111836000028,52.63666918800004],[13.308309030000032,52.629691534000074],[13.302422603000025,52.627560602000074],[13.31312183800003,52.628382714000054],[13.336480521000055,52.62267108900005],[13.357296057000042,52.62317467400004],[13.375992930000052,52.62929259500004],[13.396712093000076,52.64830139700007],[13.406997440000055,52.64242099900008],[13.412828153000078,52.64358542600007],[13.424365185000056,52.63563046100006],[13.433778784000026,52.637975968000035],[13.434104109000032,52.64428548800004],[13.440932073000056,52.64912302000005],[13.459848420000071,52.64810317700005],[13.469996225000045,52.65207483900008],[13.473894061000067,52.65661361400004],[13.45084091700005,52.662722174000066],[13.459511426000063,52.66893558800007],[13.465965381000046,52.667148559000054],[13.480055494000055,52.67464638200005]]],[[[12.267155795000065,52.23131355800007],[12.273664259000043,52.22877921700007],[12.275204045000066,52.23105054900003],[12.267155795000065,52.23131355800007]]]]},"properties":{"shapeName":"Brandenburg","shapeISO":"","shapeID":"9070358B40185768535592","shapeGroup":"DEU","shapeType":"ADM2"}},
{"type":"Feature","geometry":{"type":"MultiPolygon","coordinates":[[[[8.91582704800004,53.011021380000045],[8.921862030000057,53.01487622800005],[8.935915522000073,53.01366704000003],[8.93813043700004,53.024985643000036],[8.945935056000053,53.02483920200007],[8.94568549500002,53.030484020000074],[8.966785902000026,53.036849561000054],[8.98026713400003,53.04674705800005],[8.96977985600006,53.056848228000035],[8.963728920000051,53.057426218000046],[8.967714074000071,53.06356439500007],[8.965735402000064,53.08270146000007],[8.961377207000055,53.08521811400004],[8.96567649900004,53.090001587000074],[8.990913202000058,53.09667276300007],[8.981523848000052,53.09649345400004],[8.970474094000053,53.10157042700007],[8.96298904200006,53.10029863800003],[8.959388733000026,53.110170468000035],[8.947017837000033,53.116100810000034],[8.984185253000021,53.12607093100007],[8.956631110000046,53.14724130500008],[8.940009363000058,53.15211021500005],[8.920907502000034,53.14465435800008],[8.91214330400004,53.132618801000035],[8.903929660000074,53.138176187000056],[8.89791483700003,53.13416842600003],[8.864023195000073,53.13172351600008],[8.861770969000077,53.13763650700008],[8.841855465000037,53.14823366500008],[8.839826704000075,53.15741766800005],[8.827221727000051,53.161237964000065],[8.829227339000056,53.16437627800008],[8.807362698000077,53.16065008100003],[8.782459373000052,53.16361168800006],[8.77539574900004,53.15868402400008],[8.761738569000045,53.165135226000075],[8.741246364000062,53.16463552100004],[8.743081930000073,53.172277492000035],[8.733555139000032,53.17289558300007],[8.728652284000077,53.18022449100005],[8.714396467000029,53.18300240000008],[8.706292568000038,53.17542112000007],[8.699357718000044,53.18547943200008],[8.677017357000068,53.17550096400004],[8.674706128000025,53.17891920400007],[8.663828357000057,53.176243845000045],[8.652338930000042,53.188393156000075],[8.643666421000034,53.18922400900004],[8.627994030000025,53.19837235300008],[8.59325143600006,53.183633719000056],[8.588962219000052,53.189982591000046],[8.580352119000054,53.190027685000075],[8.584653463000052,53.19609047700004],[8.581097702000022,53.19870724800006],[8.595812801000022,53.20643589400004],[8.599039076000054,53.21254623100003],[8.578477888000066,53.21726952400007],[8.57228180800007,53.21076907300005],[8.56640542200006,53.21355977600007],[8.553698911000026,53.20780580200005],[8.540782167000032,53.21537751900007],[8.530234736000068,53.216089503000035],[8.517333845000053,53.228496507000045],[8.485330523000073,53.22712016100007],[8.482630602000029,53.223577969000075],[8.504711920000034,53.20078605400005],[8.531436890000066,53.188135739000074],[8.58167992600005,53.17359377500003],[8.619465302000037,53.16752076000006],[8.631066568000051,53.13817561700006],[8.65159815800007,53.12205077100003],[8.651966922000042,53.11644542000005],[8.657680503000051,53.11849192900007],[8.65489861900005,53.10886458700003],[8.669831092000038,53.102974704000076],[8.666494272000023,53.091558801000076],[8.674082012000042,53.08669200700007],[8.700762705000045,53.08229426200006],[8.70915481000003,53.075908336000055],[8.706861642000035,53.05259146900005],[8.711423919000026,53.04463025000007],[8.73485762200005,53.034693547000074],[8.739591025000038,53.040211216000046],[8.756270723000057,53.038780544000076],[8.762224722000042,53.05083167200007],[8.770704766000051,53.05340697300005],[8.778297674000044,53.03966668600003],[8.80948416900003,53.030904116000045],[8.823420074000069,53.02092655300004],[8.838098311000067,53.018420924000054],[8.849840640000025,53.02337120800007],[8.850792364000029,53.01660776300008],[8.854025742000033,53.020777089000035],[8.866756114000054,53.02211723700003],[8.861867115000052,53.03617788400004],[8.86700616500002,53.040832616000046],[8.867234972000062,53.03300381400004],[8.891157226000075,53.01538987600003],[8.91582704800004,53.011021380000045]]],[[[8.492651892000026,53.472419761000026],[8.505789853000067,53.47117823800005],[8.511604095000052,53.476664526000036],[8.51863411200003,53.47444590500004],[8.529713796000067,53.48034170200003],[8.573760278000066,53.48864307400004],[8.577306587000066,53.48545327900007],[8.605904617000022,53.48423378800004],[8.619532379000077,53.489288990000034],[8.636637351000047,53.505439436000074],[8.650555157000042,53.51078166600007],[8.652134242000045,53.516017127000055],[8.639775421000024,53.525289471000065],[8.646354349000035,53.55554567300004],[8.630860355000038,53.55568959000004],[8.616802851000045,53.57437003800004],[8.618011085000035,53.57871604500008],[8.627125585000044,53.57912011500008],[8.642715815000031,53.59255941400005],[8.637955731000034,53.59506742200006],[8.65063238700003,53.60256522100008],[8.623296266000068,53.60533333600006],[8.592283300000076,53.59293261300007],[8.558768776000022,53.60390696800005],[8.53365106800004,53.60761767900004],[8.52615886700005,53.60383991600003],[8.520410363000053,53.606204880000064],[8.483202469000048,53.60049898700004],[8.503567175000057,53.57237960900005],[8.556376714000066,53.53492211100007],[8.554898250000065,53.52513102800003],[8.548105225000029,53.51994106700005],[8.552684234000026,53.51617564600008],[8.51612863300005,53.50214812100006],[8.50348776800007,53.492967098000065],[8.492651892000026,53.472419761000026]]],[[[8.647233393000022,53.61002843700004],[8.642627983000068,53.60921330800005],[8.643769177000024,53.605473388000064],[8.657717088000027,53.602985613000044],[8.660884274000068,53.60708643700008],[8.647233393000022,53.61002843700004]]]]},"properties":{"shapeName":"Bremen","shapeISO":"","shapeID":"9070358B44391416804171","shapeGroup":"DEU","shapeType":"ADM2"}},
{"type":"Feature","geometry":{"type":"MultiPolygon","coordinates":[[[[10.307954146000043,53.433201104000034],[10.31819026100004,53.435330512000064],[10.315487985000061,53.44108748600007],[10.325959158000046,53.44963954000008],[10.31164618300005,53.452323455000055],[10.307983819000071,53.44290878700008],[10.301645689000054,53.44319530200005],[10.297844033000047,53.451591636000046],[10.269290109000053,53.464108863000035],[10.272551314000054,53.46794829600003],[10.265197815000022,53.46983934300005],[10.264325919000044,53.47513969100004],[10.238366621000068,53.48326411100004],[10.236678548000043,53.49635445500007],[10.226059606000035,53.49545965100003],[10.218607039000062,53.49905535600004],[10.223945169000046,53.50577115600004],[10.210601309000026,53.52004653900008],[10.18970898200007,53.51263100800003],[10.16464303600003,53.51993916500004],[10.161700336000024,53.52593843400007],[10.166903383000033,53.53731852100003],[10.155571691000034,53.53645752700004],[10.152582687000063,53.53979280100003],[10.152881081000032,53.550529131000076],[10.16053874000005,53.55768295900003],[10.148368142000038,53.56397487600003],[10.152557987000023,53.57790073600006],[10.161722831000077,53.58569873700003],[10.165305411000077,53.58234944800006],[10.201449729000046,53.58407587200003],[10.191658336000046,53.59567912300008],[10.19675434000004,53.600400181000055],[10.188952193000034,53.61301421700006],[10.20541890100003,53.62371862200007],[10.217324273000031,53.62612245400004],[10.215893418000064,53.631341313000064],[10.221761274000073,53.63372253500006],[10.189664917000073,53.63838061000007],[10.198619191000034,53.64643618400004],[10.19605638400003,53.65470393000004],[10.187431442000047,53.65652722400006],[10.182902769000066,53.663737972000035],[10.173865453000076,53.66452313900004],[10.172485433000077,53.66900296700004],[10.155970535000051,53.66950241700005],[10.160377262000054,53.67149510100006],[10.154124134000028,53.67583545200006],[10.143246259000023,53.67556200100006],[10.141212387000053,53.678152745000034],[10.15945487700003,53.690818868000065],[10.157523259000072,53.70502906300004],[10.173853574000077,53.71279697600005],[10.181587984000032,53.70919738300006],[10.19163750000007,53.72289717500007],[10.193670979000046,53.73101511700003],[10.168237438000062,53.73823597300003],[10.162874103000036,53.73808674500003],[10.161501516000044,53.73335725000004],[10.144984004000037,53.724767565000036],[10.139942914000073,53.72568234100004],[10.126388390000045,53.71963000100004],[10.121056101000022,53.71339516900008],[10.08184213800007,53.720419993000064],[10.076339391000033,53.71529728400003],[10.080016639000064,53.71406094400004],[10.069518985000059,53.71116783200006],[10.073566465000056,53.70922318000004],[10.069628136000063,53.70624463900003],[10.079097455000067,53.704156787000045],[10.07750478500003,53.69974887800004],[10.060669695000058,53.68839732500004],[10.067134557000031,53.68597580000005],[10.069265382000026,53.67945056100007],[10.05045629600005,53.67694010000008],[10.04077872800002,53.68199004100006],[9.998695506000047,53.68146746100007],[9.992418631000021,53.675925144000075],[9.990516424000077,53.650902905000066],[9.985599002000072,53.64723457600007],[9.920810423000034,53.65546630800003],[9.905366421000053,53.652194336000036],[9.904691425000067,53.641795116000026],[9.885079826000037,53.623521691000064],[9.889685197000063,53.62232685500004],[9.87914721900006,53.61980798900004],[9.858104137000055,53.59959068300003],[9.839670070000068,53.59481137000006],[9.836707190000027,53.58753018700003],[9.828781928000069,53.58529056900005],[9.816157304000058,53.58621990600005],[9.797515592000025,53.59610090500007],[9.789554408000072,53.60397247000003],[9.798122740000053,53.60751630900006],[9.770633504000045,53.616229942000075],[9.770293990000027,53.62746241600007],[9.763672583000073,53.62749506100005],[9.753535448000036,53.61299431600003],[9.759101186000066,53.610925128000076],[9.755617617000041,53.60252945000008],[9.748433153000065,53.60389675400006],[9.743435992000059,53.597576176000075],[9.747260483000048,53.59177458800008],[9.736263387000065,53.581851577000066],[9.742487476000065,53.57820562300003],[9.736960313000054,53.57738982400008],[9.730104055000027,53.55758091300004],[9.774388785000042,53.55432306000006],[9.772307485000056,53.543531305000045],[9.765441705000057,53.541114563000065],[9.77832012600004,53.51946144900006],[9.771585438000045,53.52275585000007],[9.763793944000042,53.50810650500006],[9.784524771000065,53.50001170300004],[9.782231771000056,53.49146411000004],[9.802426170000047,53.493251540000074],[9.799804376000054,53.46963746900008],[9.807465885000056,53.46282824800005],[9.836649493000039,53.45090999100006],[9.862387477000027,53.429876593000074],[9.86042145600004,53.43806205900006],[9.869120381000073,53.44458409600003],[9.873373450000031,53.44237782700003],[9.895945433000065,53.45738500200008],[9.904411288000063,53.45679422400008],[9.921486178000066,53.43655015100006],[9.906566145000056,53.415790911000045],[9.916487328000073,53.41406788000006],[9.92455248400006,53.41962395100006],[9.942015790000028,53.42105242000008],[9.949211967000053,53.43094997500003],[9.963272627000038,53.42732103700007],[9.964358566000044,53.422176199000035],[9.97545546300006,53.42145110200005],[9.97488882500005,53.414735344000064],[9.98443287200007,53.41541377900006],[9.99638954300002,53.42611291800006],[10.018640369000025,53.42930907300007],[10.029273488000058,53.43516433100007],[10.014613475000033,53.442200799000034],[10.020944605000068,53.44686279200005],[10.032431613000028,53.44392331500006],[10.035875720000035,53.44704577700003],[10.045738931000074,53.44674105200005],[10.049322123000024,53.44970122500007],[10.041097494000041,53.45154928200003],[10.042038461000061,53.45680760000005],[10.051810704000047,53.46391894000004],[10.08460225400006,53.450401062000026],[10.108735530000047,53.426674028000036],[10.136395544000038,53.42223233500005],[10.15518690500005,53.40520825600004],[10.175688643000058,53.39658250000008],[10.198534730000063,53.39860816100003],[10.236567868000066,53.39575369100004],[10.260041406000028,53.418524423000065],[10.307954146000043,53.433201104000034]]],[[[8.502637848000063,53.928096812000035],[8.497869723000065,53.93191845800004],[8.491131031000066,53.92867085600005],[8.486976415000072,53.913911547000055],[8.500588416000028,53.91266421100005],[8.514655343000072,53.91764946400008],[8.51690418000004,53.922805657000026],[8.502637848000063,53.928096812000035]]],[[[8.458234723000032,53.95707344400006],[8.460019945000056,53.95964709400005],[8.436453779000033,53.96357881300003],[8.437832983000021,53.95357180700006],[8.423000271000035,53.95220120100004],[8.420624,53.94668917100006],[8.43129185500004,53.944528167000044],[8.445366597000032,53.954435895000074],[8.458234723000032,53.95707344400006]]]]},"properties":{"shapeName":"Hamburg","shapeISO":"","shapeID":"9070358B45896528657515","shapeGroup":"DEU","shapeType":"ADM2"}},
{"type":"Feature","geometry":{"type":"MultiPolygon","coordinates":[[[[9.103006167000046,49.57745601400006],[9.082989878000035,49.60198701200005],[9.06638137300007,49.60236512900008],[9.06513848000003,49.617319156000065],[9.085871982000072,49.63605323300004],[9.091551108000033,49.63515225700007],[9.102012048000063,49.64221034500008],[9.099543782000069,49.65313936600006],[9.103418917000056,49.66043060100003],[9.088859949000039,49.66902322400006],[9.089638351000076,49.69334572300005],[9.126109156000041,49.69997958400006],[9.122543394000047,49.71484187000004],[9.13452823800003,49.71667981000007],[9.150809170000059,49.742850743000076],[9.12783381500003,49.75522659000006],[9.106913989000077,49.758660975000055],[9.113364625000031,49.773731016000056],[9.127235118000044,49.776482077000026],[9.134484322000048,49.78224714600003],[9.129080042000055,49.78768916300004],[9.131665505000058,49.79492793600008],[9.108140122000066,49.797980436000046],[9.090879621000056,49.79065501100007],[9.076992818000065,49.81822328100003],[9.086665309000068,49.826438101000065],[9.077532511000072,49.83461172800003],[9.090087581000034,49.840968075000035],[9.084730871000033,49.84750638400004],[9.070213873000057,49.83325112000006],[9.06395686600007,49.83175947700005],[9.056227557000057,49.83461779600003],[9.05979732000003,49.84071999000008],[9.052839148000032,49.84000307600007],[9.05951572600003,49.84702774200008],[9.049191737000058,49.84241519600005],[9.043227719000072,49.84405765300005],[9.041443248000064,49.84008440500003],[9.03765196200004,49.842564295000045],[9.03608074400006,49.846504122000056],[9.040770440000074,49.847477121000054],[9.043704577000028,49.85554306000006],[9.033787154000038,49.86044405400003],[9.033336125000062,49.86646665300003],[9.050452507000045,49.86757176400005],[9.038428785000065,49.87621767400003],[9.031878342000027,49.90936126300005],[9.023359881000033,49.91013679300005],[9.032264261000023,49.92468867200006],[9.02535387000006,49.94564799700004],[9.019035579000047,49.94705039300004],[9.02637207600003,49.955091467000045],[9.020113699000035,49.98589429400005],[9.015714271000036,49.989022860000034],[9.02298707400007,49.99705398200007],[9.030190178000055,49.99060417000004],[9.04882026000007,49.99226560300008],[9.035538162000023,50.00183680300006],[9.039817471000049,50.010373377000064],[9.031024825000031,50.02013229600004],[9.031343853000067,50.03957408400004],[9.012308439000037,50.04595085100004],[8.985374830000069,50.04172711100006],[8.976480289000051,50.04717018700006],[8.99055990100004,50.067119158000025],[8.999282564000055,50.06936687700005],[8.997391285000049,50.09157988000004],[9.018261040000027,50.11160420900006],[9.07132668600002,50.119437875000074],[9.07726870700003,50.11592633200007],[9.089306136000062,50.11680439600008],[9.098229912000022,50.12641698500005],[9.117457036000076,50.12662404300005],[9.144957730000044,50.11411191700006],[9.153609321000033,50.117930615000034],[9.15437111700004,50.107393036000076],[9.143366555000057,50.09698303400006],[9.149210890000063,50.09063949400007],[9.162545660000035,50.098186482000074],[9.158746844000063,50.10012848500003],[9.174963072000025,50.11419917500007],[9.174558728000022,50.11948018900006],[9.191593718000036,50.12748724200003],[9.183268722000037,50.137902205000046],[9.210222174000023,50.142978578000054],[9.21149562200003,50.14660139700004],[9.221866091000038,50.14941731500005],[9.252559877000067,50.13947967300004],[9.285896752000042,50.14166503400003],[9.307611936000058,50.13340787000004],[9.327428418000068,50.14105954200005],[9.34158433400006,50.13128240900005],[9.373620660000029,50.130963500000064],[9.39446345600004,50.097486325000034],[9.413110845000062,50.084059882000076],[9.435939530000041,50.08503058900004],[9.444989242000077,50.08997349900005],[9.499968263000028,50.09725235700006],[9.512464155000032,50.09435565700005],[9.519259435000038,50.11403889800005],[9.507571330000076,50.145557352000026],[9.521804351000071,50.14997201300008],[9.531201793000037,50.16084967000006],[9.528152385000055,50.16813927700008],[9.505055784000035,50.16926358400008],[9.498105015000021,50.17554393700004],[9.501479086000074,50.19304827600007],[9.513084635000041,50.193997015000036],[9.51620547300007,50.19961172300003],[9.503626373000031,50.208583876000034],[9.502591362000032,50.22027982700007],[9.494769673000064,50.22667220900007],[9.50150713000005,50.23837480800006],[9.498855340000034,50.24102415700003],[9.502738131000058,50.24319057900004],[9.514378236000027,50.23407706900008],[9.533490750000055,50.234491760000026],[9.54202998900007,50.224341536000054],[9.57631873400004,50.232388944000036],[9.582898993000072,50.22152842600008],[9.594279674000063,50.22481865600008],[9.604406072000074,50.221903584000074],[9.613763108000057,50.22475672000007],[9.621591902000034,50.22311636400008],[9.620401705000063,50.22752526900007],[9.635815886000046,50.23522785400007],[9.663619150000045,50.23373346300008],[9.668175939000037,50.23943534500006],[9.636823638000067,50.25144989000006],[9.652396015000022,50.269670070000075],[9.680958049000026,50.27815570300004],[9.703422445000058,50.28075231300005],[9.713152764000029,50.29173397800008],[9.730031699000051,50.29624845200004],[9.745881111000074,50.31040795600006],[9.747435795000058,50.341200299000036],[9.733215101000042,50.35178722300003],[9.732914417000075,50.35614961700003],[9.722497103000023,50.36005998200005],[9.69074209200005,50.36076634800003],[9.681144369000037,50.37389097500005],[9.67259548800007,50.372063773000036],[9.651176753000072,50.37633324900003],[9.61289965100002,50.39372570900008],[9.576027160000024,50.385498967000046],[9.562869771000067,50.38651312200005],[9.560827200000062,50.381290627000055],[9.555656408000061,50.38159920900006],[9.48855415600002,50.41252287400005],[9.484859734000054,50.43556224100007],[9.47911278600003,50.44068551100003],[9.466692569000031,50.44034074900003],[9.451440827000056,50.42609326000007],[9.436432721000074,50.43083559000007],[9.441085445000056,50.42243505500005],[9.437945821000028,50.40991623600007],[9.412080111000023,50.40436543900006],[9.39734033600007,50.38989042700007],[9.36912708500006,50.39540255400004],[9.364342901000043,50.39473451200007],[9.36452358300005,50.38618100200006],[9.349257790000024,50.385486410000055],[9.346940010000026,50.389720098000055],[9.35190209800004,50.39248408700007],[9.339966832000073,50.40079029800006],[9.353214629000036,50.414833903000044],[9.346420539000064,50.421210133000045],[9.360914130000026,50.41771906100007],[9.354965148000076,50.42083653700007],[9.353776543000038,50.43606840100006],[9.335956366000062,50.451862246000076],[9.316657786000064,50.45423918500006],[9.29753723500005,50.46343641800007],[9.28887830900004,50.46181531900004],[9.284370653000053,50.45460479600007],[9.290789318000066,50.450020005000056],[9.28673494000003,50.437298078000026],[9.278023148000045,50.44070646400007],[9.271589497000036,50.43778537500003],[9.258557483000061,50.456851924000034],[9.259527604000027,50.463369939000074],[9.232689065000045,50.46117477700005],[9.193213140000069,50.44458048100006],[9.17252725000003,50.445009765000066],[9.164769499000045,50.442274343000065],[9.143674635000025,50.42468653200007],[9.147141791000024,50.43538224100007],[9.153964388000077,50.43915518000006],[9.146804755000062,50.442212909000034],[9.14458092600006,50.437081542000044],[9.131444200000033,50.435430661000055],[9.108774334000032,50.43449445700003],[9.087424971000075,50.43834874100003],[9.095879748000073,50.44583737000005],[9.091211332000057,50.44971299700006],[9.094378414000062,50.45738302600006],[9.080780128000072,50.45954705400004],[9.070301554000025,50.45632386500006],[9.058679506000033,50.47115817700006],[9.061419809000029,50.48499082100005],[9.077226971000073,50.49537423600003],[9.057704701000034,50.50001073800007],[9.029303111000047,50.49711251900004],[9.009695064000027,50.48977830000007],[9.005927170000064,50.489504338000074],[9.008616388000064,50.495433795000054],[8.978658060000043,50.49039850500003],[8.987503427000036,50.47945458000004],[8.978910425000038,50.46826308000004],[8.979590895000058,50.46510424400003],[8.988885639000046,50.46412862600005],[8.987775706000036,50.45394466400006],[8.958142526000074,50.447603009000034],[8.956822834000036,50.44444449000008],[8.963546440000073,50.44044313400008],[8.948130621000075,50.43112530600007],[8.907104520000075,50.43811554700005],[8.900406504000046,50.42707906000004],[8.88716981600004,50.427713295000046],[8.873452855000039,50.435287033000066],[8.87381883300003,50.44180802500006],[8.862307691000069,50.44657672900007],[8.852780636000034,50.43209512200008],[8.811412583000049,50.43599560500007],[8.799187017000065,50.44244857900003],[8.795247301000074,50.45236227800007],[8.805776520000052,50.45824165000005],[8.802671991000068,50.46689889600003],[8.79422644400006,50.46920412800006],[8.793624059000024,50.479176196000026],[8.780478665000032,50.48033075600006],[8.764459146000036,50.46460143100006],[8.76320146300003,50.47000951800004],[8.739643354000066,50.47849004400007],[8.71207099000003,50.47473535900008],[8.68690484900003,50.48529359300005],[8.674001129000033,50.48245452200007],[8.669139753000024,50.48521248800006],[8.646656405000044,50.48442101900008],[8.64612108600005,50.48119025300008],[8.632277274000046,50.47673644000008],[8.627959083000064,50.46371465500005],[8.617981222000026,50.46252597800003],[8.61264742000003,50.46577788700006],[8.599966510000058,50.46099709900005],[8.602300668000055,50.45766937700006],[8.588973561000046,50.453127651000045],[8.585085116000073,50.44732170100008],[8.574363428000026,50.44616179900004],[8.602290363000066,50.431774619000066],[8.597205834000022,50.41788585100005],[8.577541790000055,50.41501875500006],[8.559871069000053,50.416882283000064],[8.56196809100004,50.41317334900003],[8.555551506000029,50.41743941000004],[8.554706929000076,50.41377446100006],[8.53901445300005,50.416735705000065],[8.521543596000072,50.40618423900003],[8.517239578000044,50.40797375000005],[8.520347432000051,50.40238601400006],[8.502953705000039,50.39608399000008],[8.493063696000036,50.396311910000065],[8.489885094000044,50.40342158300007],[8.481243592000055,50.40087754800004],[8.481141150000042,50.405347651000056],[8.474227555000027,50.40701278200004],[8.478387371000053,50.41042981800007],[8.470223108000027,50.41068592200003],[8.467214990000059,50.41504845600008],[8.458188371000062,50.41497861800008],[8.446462759000042,50.41155654200003],[8.446351026000059,50.40740438700004],[8.429511601000058,50.40695961600005],[8.405380081000033,50.397836116000065],[8.39199549400007,50.40457650900004],[8.388253600000041,50.385677274000045],[8.363308318000065,50.38082773700006],[8.348715711000068,50.373496472000056],[8.346206109000036,50.365847349000035],[8.35439961700007,50.360899860000075],[8.344411223000066,50.35626817000008],[8.33539479600006,50.356807848000074],[8.338928571000054,50.35002431000004],[8.315193694000072,50.34037588000007],[8.326300402000072,50.32921781400006],[8.341616877000035,50.328579425000044],[8.363500470000076,50.31141832700007],[8.354076861000067,50.30597816000005],[8.336772370000062,50.304795941000066],[8.341199669000048,50.29901130500008],[8.354556845000047,50.29423007400004],[8.349895311000068,50.29384578000003],[8.345414866000056,50.28397731200005],[8.323983540000029,50.28170952700003],[8.323803247000058,50.275882212000056],[8.315740227000049,50.27195736400006],[8.301569247000032,50.27104750800004],[8.30096558300005,50.27653602000004],[8.289926764000029,50.27852003400005],[8.277444592000052,50.276019474000066],[8.255947455000069,50.26406083000006],[8.247859382000058,50.26581061700006],[8.238287126000046,50.27827860700006],[8.231541012000037,50.274983200000065],[8.21821012600003,50.29168971200005],[8.19856203300003,50.28861473400008],[8.169834352000066,50.27628730500004],[8.14197604900005,50.28167733400005],[8.121913617000075,50.27722503200005],[8.103120829000034,50.25978884300008],[8.092001154000059,50.26524527300006],[8.079031647000022,50.26100217100003],[8.082993208000062,50.26590197300004],[8.074710658000072,50.26719447600004],[8.072088310000026,50.27315254200005],[8.035891845000037,50.27119223300008],[8.035774573000026,50.26457288700004],[8.021650501000067,50.258344814000054],[8.024943861000054,50.25419377600008],[8.031521171000065,50.25595603700003],[8.037874879000071,50.24910675400008],[8.036137870000061,50.24508915600006],[8.044089299000063,50.24247023700008],[8.049437307000062,50.244367185000044],[8.048395076000077,50.24065390900006],[8.058909586000027,50.23440564400005],[8.046672259000047,50.227635571000064],[8.039718347000075,50.22858476000005],[8.032869172000062,50.22082141200008],[8.03544434500003,50.215661975000046],[8.011772716000053,50.218033485000035],[8.01152952800004,50.222376428000075],[8.002709510000045,50.224381135000044],[8.006368090000024,50.22870103200006],[7.993521188000045,50.23171567800006],[7.997072763000062,50.236195588000044],[7.990203927000039,50.23866512800004],[7.984559564000051,50.22685592000005],[7.953052226000068,50.220398060000036],[7.947395101000041,50.21007197000006],[7.915273589000037,50.20589443000006],[7.907826667000052,50.20075647800007],[7.910215464000032,50.19349452300003],[7.882830211000055,50.18131748800005],[7.888663180000037,50.17370812200005],[7.884014221000029,50.169568592000076],[7.890516012000035,50.162943874000064],[7.932942308000065,50.143884316000026],[7.92248754700006,50.13445730500007],[7.927761768000039,50.119136301000026],[7.925326039000026,50.108845314000064],[7.930097218000071,50.103740112000025],[7.920363642000041,50.10368003700006],[7.919763384000021,50.108903061000035],[7.903223635000074,50.121552457000064],[7.884716909000076,50.11437835100003],[7.85401610200006,50.12832878800003],[7.844918084000028,50.12349925800004],[7.84309083200003,50.11166097500006],[7.835231385000043,50.110021207000045],[7.837254493000046,50.09970574100004],[7.830071079000049,50.09802558200005],[7.830064705000041,50.09318173100007],[7.836754041000063,50.09442724300004],[7.833335060000024,50.09226776600008],[7.839230250000071,50.08748051400005],[7.837194078000039,50.08412892400003],[7.827180286000043,50.08157222800003],[7.822089291000054,50.08400988300008],[7.816751340000053,50.08067947300003],[7.80346109900006,50.08458000100006],[7.787575824000044,50.06927636800003],[7.773997185000042,50.06654010500006],[7.772490637000033,50.05846875600008],[7.779659194000033,50.05110661400005],[7.854502318000073,50.01084166600003],[7.864395936000051,49.98267570400003],[7.878061593000041,49.97313236800005],[7.936587205000023,49.973846207000065],[7.967401579000068,49.977772909000066],[8.03635699800003,50.00231166000003],[8.079569941000045,50.00689871600008],[8.128452335000077,50.02397813400006],[8.186346005000075,50.03554416600008],[8.244557721000035,50.027628382000046],[8.322339373000034,49.97359170500005],[8.342163536000044,49.949040867000065],[8.354239858000028,49.91761686400008],[8.342580302000044,49.88858792100007],[8.346520284000064,49.87481944000007],[8.357524456000021,49.86490149700006],[8.374561373000063,49.861620955000035],[8.384330145000035,49.854548683000075],[8.379609723000044,49.82255562900008],[8.406076883000026,49.79656903000006],[8.42070951200003,49.76983368100008],[8.43897742200005,49.76570908800005],[8.470740054000032,49.76906523400004],[8.479573209000023,49.76294980600005],[8.478632658000038,49.758228373000065],[8.455137211000022,49.74183895200008],[8.435958648000053,49.720989392000035],[8.381522439000037,49.70704300500006],[8.357266999000046,49.69214161200006],[8.356488092000063,49.67798747900008],[8.36963086000003,49.65917305000005],[8.381985162000035,49.62728359000005],[8.40904772600004,49.60504413800004],[8.422439263000058,49.583385415000066],[8.438266105000025,49.58390012500007],[8.440464790000021,49.589412018000075],[8.446002313000065,49.59037671200008],[8.46428465300005,49.58952836800006],[8.475795984000058,49.58445226300006],[8.479900128000054,49.57446416700003],[8.495032435000041,49.572996672000045],[8.552579373000071,49.52052035000003],[8.560001947000046,49.51746243000008],[8.57305537600007,49.52149343600007],[8.581374874000062,49.51978041800004],[8.591295096000067,49.521280395000076],[8.597912602000065,49.531461955000054],[8.608047673000044,49.52830397200006],[8.610899175000043,49.53871712900008],[8.621299696000051,49.54500989100006],[8.610684175000074,49.564370721000046],[8.603231735000065,49.593294238000055],[8.594074036000052,49.59277130300006],[8.590976799000032,49.59594293200007],[8.589315310000075,49.60451524900003],[8.595297406000043,49.60547431900005],[8.593888979000042,49.61094664800004],[8.650423502000024,49.62088414900006],[8.653979511000045,49.61839033200005],[8.677933668000037,49.62594697600008],[8.692313575000071,49.62373885900007],[8.693836950000048,49.61935368200005],[8.688392836000048,49.61462317300004],[8.683176143000026,49.61632132500006],[8.678879168000037,49.613867507000066],[8.68437583800005,49.610052461000066],[8.686894233000032,49.61320717800004],[8.686368561000052,49.60848043500005],[8.677790712000046,49.608999518000076],[8.677340981000043,49.613527772000054],[8.672139781000055,49.61119410500004],[8.682127798000067,49.60347193000007],[8.691519448000065,49.60694291200008],[8.69799751100004,49.59975733500005],[8.69633437300007,49.59209975300007],[8.683476958000028,49.58975209300007],[8.680989341000043,49.57554792900004],[8.68466982700005,49.575562095000066],[8.693103992000033,49.56072812000008],[8.690770782000072,49.55564319500007],[8.705794411000056,49.547965530000056],[8.702650222000045,49.53532790000003],[8.707008771000062,49.53635103100004],[8.712339598000028,49.53171121100007],[8.718692564000037,49.53300840400004],[8.724609343000054,49.525894436000044],[8.735949885000025,49.524845990000074],[8.735513149000042,49.521315464000054],[8.72489476000004,49.52263710400007],[8.727711250000027,49.51833855000007],[8.737227042000029,49.51928837500003],[8.740428517000055,49.52318969400005],[8.74870874800007,49.52242754900004],[8.76420362400006,49.515198034000036],[8.776780529000064,49.517871960000036],[8.79859060800004,49.511688752000055],[8.79812871100006,49.51851],[8.809206135000068,49.52568010500005],[8.82187400500004,49.524636471000065],[8.81696286500005,49.505793062000066],[8.83385525500006,49.49068327100008],[8.839448611000023,49.49878370600004],[8.848501613000053,49.502173277000054],[8.882661470000073,49.506096150000076],[8.89957270800005,49.50365573200003],[8.899354818000063,49.48454980100007],[8.876495013000067,49.46668603400008],[8.86292378500002,49.46667885200003],[8.866340213000058,49.47459268600005],[8.851932272000056,49.483588215000054],[8.826602842000057,49.46934922200006],[8.823524968000072,49.46267839800004],[8.834607505000065,49.450382682000054],[8.832617743000071,49.43671650200008],[8.836452906000034,49.43021830300006],[8.830501936000076,49.42322883500003],[8.816640970000037,49.42317561800007],[8.806587634000039,49.419200826000065],[8.807415853000066,49.41068087200006],[8.801488952000057,49.41089086200003],[8.808293519000074,49.40642223800006],[8.803540603000044,49.40357037800004],[8.822420887000021,49.39555189300006],[8.830413501000066,49.408335858000044],[8.84567435200006,49.39654342400007],[8.85464451300004,49.39662719700004],[8.872745614000053,49.41244638300003],[8.892389344000037,49.420907380000074],[8.900948949000053,49.44336867200008],[8.912567030000048,49.43761440500003],[8.924739492000072,49.441303291000054],[8.927449061000061,49.44914222400007],[8.950348720000022,49.454992884000035],[8.931879784000046,49.47063680900004],[8.942795189000037,49.48568849500003],[8.954639722000024,49.482009230000074],[8.950599560000057,49.48779345000003],[8.957727435000038,49.49548529800006],[8.951832484000022,49.50562623500008],[8.968002908000074,49.50159982500003],[8.977471626000067,49.50341518100004],[8.97917478000005,49.50918036500008],[8.98583381900005,49.510330328000066],[8.992255705000048,49.50338505900004],[9.012180163000039,49.50266760200003],[9.01423595700004,49.498058428000036],[9.040756948000023,49.499069415000065],[9.049950722000062,49.51936809400007],[9.064950779000071,49.529606011000055],[9.078857559000028,49.524941084000034],[9.09955422400003,49.52618935300006],[9.106127381000022,49.509796066000035],[9.11953,49.51221011700005],[9.126459732000058,49.52160708800005],[9.113767890000076,49.53463350800007],[9.084390615000075,49.543023954000034],[9.087870907000024,49.55066158400007],[9.072205636000035,49.56524923000006],[9.073074327000029,49.57494100200006],[9.078042595000056,49.57480364200006],[9.082631683000045,49.56178920500008],[9.098930719000066,49.56055390700004],[9.103006167000046,49.57745601400006]]],[[[8.678530027000022,49.62193400700005],[8.67186358400005,49.61587813600005],[8.685979754000073,49.618355087000054],[8.685867891000044,49.62166492700004],[8.678530027000022,49.62193400700005]]]]},"properties":{"shapeName":"Darmstadt","shapeISO":"","shapeID":"9070358B42560167255242","shapeGroup":"DEU","shapeType":"ADM2"}},
{"type":"Feature","geometry":{"type":"Polygon","coordinates":[[[9.47911278600003,50.44068551100003],[9.46959042100002,50.45275757100006],[9.461105299000053,50.45214142900005],[9.45072755800004,50.46295419100005],[9.460582697000063,50.471924330000036],[9.459906739000076,50.47697536800007],[9.438232816000038,50.47448305800003],[9.427292203000036,50.47934889900006],[9.436563621000062,50.49835871400006],[9.448684505000074,50.50518277600003],[9.447244746000024,50.521546912000076],[9.45519637600006,50.526200578000044],[9.463501215000065,50.54980541000003],[9.490245220000077,50.55726826800003],[9.497879126000043,50.56820490200005],[9.47864405000007,50.57429925500003],[9.482294122000042,50.59230140100004],[9.500871522000068,50.60740997700003],[9.500468892000072,50.61103286000008],[9.47311615500007,50.62854700100007],[9.481508578000046,50.65113539100008],[9.466069226000059,50.660617767000076],[9.47261261500006,50.66434744600008],[9.481982821000031,50.662504616000035],[9.500663946000032,50.637651891000075],[9.531061695000062,50.63745172300003],[9.539593900000057,50.64061824300006],[9.546216787000048,50.631641509000076],[9.555675720000067,50.63056918500007],[9.552007367000044,50.621887263000076],[9.590350487000023,50.60720269400008],[9.607138484000075,50.60560237100003],[9.612206806000074,50.614709418000075],[9.635017419000064,50.62218738300004],[9.641732395000076,50.62778933700008],[9.623063928000022,50.641110576000074],[9.620079033000025,50.650598728000034],[9.63626233900004,50.666336724000075],[9.636417769000047,50.67274982100008],[9.642863051000063,50.67184393700006],[9.650018740000064,50.68086744300007],[9.636086490000025,50.68071076500007],[9.622573833000047,50.68833857900006],[9.606953782000062,50.72073878100008],[9.611464265000052,50.73547658700005],[9.605119753000054,50.73729039300008],[9.603467425000076,50.75834250100007],[9.585600570000054,50.761568287000046],[9.583151910000026,50.76560716400007],[9.571848635000038,50.76607511700007],[9.544428096000047,50.75678203700005],[9.533803285000033,50.745807392000074],[9.506300001000056,50.73464933000008],[9.495444047000035,50.74098957600006],[9.49427582900006,50.75392576300004],[9.47839172600004,50.76330958700004],[9.469220173000053,50.76561422700007],[9.455503270000065,50.762187778000055],[9.460865296000065,50.77050555500006],[9.457656217000022,50.776946647000045],[9.450102989000072,50.76951775100008],[9.433281028000067,50.77416040700007],[9.448862634000022,50.781735447000074],[9.442038936000074,50.78658657400007],[9.441054974000053,50.795644337000056],[9.422460012000045,50.78859297100007],[9.406468248000067,50.78986261600005],[9.401194738000072,50.777971352000066],[9.390950886000041,50.772845404000066],[9.387919435000072,50.778566468000065],[9.37820103200005,50.77691788300007],[9.374100423000073,50.78894350100006],[9.36862903900004,50.78684757500008],[9.365390134000052,50.790421742000035],[9.363669535000042,50.79987409700004],[9.348992302000056,50.80038596500003],[9.32835971000003,50.795382991000054],[9.317201492000038,50.80072346600008],[9.315722462000053,50.81086792700006],[9.31379369800004,50.80573695500004],[9.298583474000054,50.80630935900007],[9.28857604700005,50.80175991600004],[9.284383367000032,50.805000317000065],[9.275587409000025,50.80374728400005],[9.275229453000065,50.80710005600008],[9.270284789000073,50.79706394600004],[9.261010025000076,50.807758988000046],[9.263679876000026,50.815595604000066],[9.24176613800006,50.81701403500006],[9.235435012000039,50.82594523600005],[9.228194987000052,50.81897652600003],[9.226502250000067,50.82433328800005],[9.201613593000047,50.82231468400005],[9.183761190000041,50.83154230700006],[9.148868679000032,50.83664519600006],[9.15158669400006,50.847313660000054],[9.142366997000067,50.850894624000034],[9.141806957000028,50.861931147000064],[9.130276820000063,50.86815811300005],[9.122519839000063,50.88038615200003],[9.108641800000044,50.88743943000003],[9.133521365000036,50.899072071000035],[9.128684687000032,50.89901512200004],[9.109958206000044,50.91897768700005],[9.100670096000044,50.917182800000035],[9.091903235000075,50.920600904000025],[9.094807519000028,50.91201029600006],[9.078858670000045,50.917508706000035],[9.080840825000053,50.91256062600007],[9.074641971000062,50.91081425600004],[9.043374407000044,50.92298514300006],[9.041585373000032,50.91696157000007],[9.032044419000044,50.91491041100005],[9.035900508000054,50.914847285000064],[9.038542906000032,50.90687118200003],[9.027142594000054,50.90281264600003],[9.011867445000064,50.91050154900006],[9.016749245000028,50.91479024300003],[9.010332608000056,50.92602309400007],[8.97493011000006,50.93085661600003],[8.968039541000053,50.94720800400006],[8.948021201000074,50.95075300700006],[8.93892025200006,50.95951929700004],[8.939564102000077,50.96537757900006],[8.920984572000066,50.967647740000075],[8.917196684000032,50.97098741600007],[8.909001269000044,50.969218460000036],[8.91815869900006,50.95867205500008],[8.905359953000072,50.95141787700004],[8.881589939000037,50.954704520000064],[8.87759774500006,50.95804180300007],[8.858229446000053,50.95813022700003],[8.849647208000022,50.96425465900006],[8.83383131200003,50.95751794900008],[8.78577875700006,50.95642015100003],[8.776568295000061,50.96184574700004],[8.777451214000052,50.96724075600008],[8.766024739000045,50.97857304300004],[8.731827658000043,50.96462178100006],[8.727784327000052,50.971229331000075],[8.734081631000038,50.974682019000056],[8.709046655000066,50.98106833600008],[8.70614562000003,50.99382884800008],[8.689478098000052,50.989990283000054],[8.673136925000051,50.996706817000074],[8.661501720000047,50.98128008100008],[8.647063753000054,50.981169031000036],[8.654972817000044,50.97911654300003],[8.65683017200007,50.97276683800004],[8.647726176000049,50.97205969400005],[8.64714725400006,50.96565042700007],[8.63891733500003,50.96565760300007],[8.636309869000058,50.96137673700008],[8.606518571000038,50.95451465300005],[8.597280372000057,50.94928347700005],[8.574261474000025,50.948567076000074],[8.57279520700007,50.95265604900004],[8.568816603000073,50.95033096000003],[8.56200366400003,50.95618508200005],[8.516790998000033,50.954748410000036],[8.477891851000038,50.969047458000034],[8.458723005000024,50.96539160300006],[8.462277137000058,50.94969330300006],[8.449323892000052,50.941083227000036],[8.458675717000062,50.92108824400003],[8.456441092000034,50.91653052300006],[8.433426238000038,50.91823903900007],[8.388029887000073,50.89192918600003],[8.385575976000041,50.875793256000065],[8.37191701200004,50.87426569200005],[8.367073729000026,50.86292525400006],[8.358600176000039,50.86069003400007],[8.35267772700007,50.865441419000035],[8.336748641000042,50.86571294200007],[8.305473258000063,50.86112059000004],[8.292017197000064,50.88213579300003],[8.269666509000047,50.88187564800006],[8.231313895000028,50.850639837000074],[8.182840845000044,50.82487312000006],[8.165806965000058,50.80347589200005],[8.138362192000045,50.79028128500005],[8.12551194100007,50.78835590800003],[8.131708873000036,50.77700234300005],[8.141662304000022,50.77165990300006],[8.135641285000077,50.76721618200003],[8.151833816000021,50.75985388500004],[8.148634412000035,50.75586770400008],[8.164314888000035,50.74450251600007],[8.159952573000055,50.74271065100004],[8.164890256000035,50.74213512800003],[8.166828990000056,50.73571067900008],[8.142606560000047,50.69544846100007],[8.137413944000059,50.693958182000074],[8.131278843000075,50.69691964500004],[8.125776743000074,50.68581405100008],[8.119700186000046,50.67714601100005],[8.112583578000056,50.67556798500004],[8.11009234100004,50.65725078100007],[8.140884865000032,50.63022826800005],[8.137736045000054,50.61822203000003],[8.126018672000043,50.61009313800008],[8.151592167000047,50.599370803000056],[8.147141933000057,50.58211302400008],[8.132188962000043,50.55796032100005],[8.137912756000048,50.55094786600006],[8.118991995000044,50.548470389000045],[8.110809233000055,50.54186453800003],[8.120880707000026,50.539660095000045],[8.117738251000048,50.53450892800004],[8.103427207000038,50.53262800700003],[8.087303551000048,50.53853949300003],[8.070521467000049,50.53799815800005],[8.066421973000047,50.54893081300003],[8.049348906000034,50.552800604000026],[8.046103997000046,50.55701687000004],[8.041611266000075,50.55699325300003],[8.040995701000043,50.55256885000006],[8.028374600000063,50.550558728000055],[8.028294119000066,50.544501111000045],[8.011075710000057,50.53059974400003],[8.004646508000064,50.53064985700007],[7.99285764800004,50.52211155600003],[7.99656408200002,50.517231554000034],[7.982937248000042,50.51146109200005],[7.989966932000073,50.49856929400005],[7.97890288900004,50.49538382900005],[7.979198225000061,50.48464087200006],[7.98561591400005,50.482584433000056],[7.987667910000027,50.47272609800007],[7.99482107700004,50.47059520400006],[7.999617132000026,50.46312091500005],[8.01047486300007,50.460572514000035],[8.010766001000036,50.452692427000045],[8.001020849000042,50.44530610600003],[7.990632849000065,50.44393675400005],[7.989391520000027,50.43973238500007],[7.97518245200007,50.43762097700005],[7.978219894000063,50.43434751800004],[7.988095058000056,50.43550879000003],[7.984375898000053,50.43231257600007],[7.987782203000052,50.42792160100004],[7.981239428000038,50.418001495000055],[7.964191682000035,50.412225232000026],[7.971559408000076,50.406220467000026],[7.982418559000052,50.40809720100003],[7.989643041000022,50.401025881000066],[7.987153910000075,50.398054613000056],[8.023757273000058,50.40076622600003],[8.020303561000048,50.38614352900004],[8.014559715000075,50.38452504900005],[8.033615217000033,50.381748542000025],[8.04255573200004,50.38605418600008],[8.04849464800003,50.37828577000005],[8.046051336000062,50.374659629000064],[8.050936411000066,50.37951715100007],[8.051002530000062,50.37591708100007],[8.059756762000063,50.37531153200007],[8.067323904000034,50.35775514800008],[8.076769665000029,50.34840322100007],[8.076669787000071,50.33586979900008],[8.071944286000075,50.331772923000074],[8.102677519000054,50.32701728500007],[8.107159009000043,50.321574385000076],[8.102414396000029,50.30982647700006],[8.11860073400004,50.299679998000045],[8.121913617000075,50.27722503200005],[8.14197604900005,50.28167733400005],[8.169834352000066,50.27628730500004],[8.19856203300003,50.28861473400008],[8.21821012600003,50.29168971200005],[8.231541012000037,50.274983200000065],[8.238287126000046,50.27827860700006],[8.247859382000058,50.26581061700006],[8.255947455000069,50.26406083000006],[8.277444592000052,50.276019474000066],[8.289926764000029,50.27852003400005],[8.30096558300005,50.27653602000004],[8.301569247000032,50.27104750800004],[8.315740227000049,50.27195736400006],[8.323803247000058,50.275882212000056],[8.323983540000029,50.28170952700003],[8.345414866000056,50.28397731200005],[8.349895311000068,50.29384578000003],[8.354556845000047,50.29423007400004],[8.341199669000048,50.29901130500008],[8.336772370000062,50.304795941000066],[8.354076861000067,50.30597816000005],[8.363500470000076,50.31141832700007],[8.341616877000035,50.328579425000044],[8.326300402000072,50.32921781400006],[8.315193694000072,50.34037588000007],[8.338928571000054,50.35002431000004],[8.33539479600006,50.356807848000074],[8.344411223000066,50.35626817000008],[8.35439961700007,50.360899860000075],[8.346206109000036,50.365847349000035],[8.348715711000068,50.373496472000056],[8.363308318000065,50.38082773700006],[8.388253600000041,50.385677274000045],[8.39199549400007,50.40457650900004],[8.405380081000033,50.397836116000065],[8.429511601000058,50.40695961600005],[8.446351026000059,50.40740438700004],[8.446462759000042,50.41155654200003],[8.458188371000062,50.41497861800008],[8.467214990000059,50.41504845600008],[8.470223108000027,50.41068592200003],[8.478387371000053,50.41042981800007],[8.474227555000027,50.40701278200004],[8.481141150000042,50.405347651000056],[8.481243592000055,50.40087754800004],[8.489885094000044,50.40342158300007],[8.493063696000036,50.396311910000065],[8.502953705000039,50.39608399000008],[8.520347432000051,50.40238601400006],[8.517239578000044,50.40797375000005],[8.521543596000072,50.40618423900003],[8.53901445300005,50.416735705000065],[8.554706929000076,50.41377446100006],[8.555551506000029,50.41743941000004],[8.56196809100004,50.41317334900003],[8.559871069000053,50.416882283000064],[8.577541790000055,50.41501875500006],[8.597205834000022,50.41788585100005],[8.602290363000066,50.431774619000066],[8.574363428000026,50.44616179900004],[8.585085116000073,50.44732170100008],[8.588973561000046,50.453127651000045],[8.602300668000055,50.45766937700006],[8.599966510000058,50.46099709900005],[8.61264742000003,50.46577788700006],[8.617981222000026,50.46252597800003],[8.627959083000064,50.46371465500005],[8.632277274000046,50.47673644000008],[8.64612108600005,50.48119025300008],[8.646656405000044,50.48442101900008],[8.669139753000024,50.48521248800006],[8.674001129000033,50.48245452200007],[8.68690484900003,50.48529359300005],[8.71207099000003,50.47473535900008],[8.739643354000066,50.47849004400007],[8.76320146300003,50.47000951800004],[8.764459146000036,50.46460143100006],[8.780478665000032,50.48033075600006],[8.793624059000024,50.479176196000026],[8.79422644400006,50.46920412800006],[8.802671991000068,50.46689889600003],[8.805776520000052,50.45824165000005],[8.795247301000074,50.45236227800007],[8.799187017000065,50.44244857900003],[8.811412583000049,50.43599560500007],[8.852780636000034,50.43209512200008],[8.862307691000069,50.44657672900007],[8.87381883300003,50.44180802500006],[8.873452855000039,50.435287033000066],[8.88716981600004,50.427713295000046],[8.900406504000046,50.42707906000004],[8.907104520000075,50.43811554700005],[8.948130621000075,50.43112530600007],[8.963546440000073,50.44044313400008],[8.956822834000036,50.44444449000008],[8.958142526000074,50.447603009000034],[8.987775706000036,50.45394466400006],[8.988885639000046,50.46412862600005],[8.979590895000058,50.46510424400003],[8.978910425000038,50.46826308000004],[8.987503427000036,50.47945458000004],[8.978658060000043,50.49039850500003],[9.008616388000064,50.495433795000054],[9.005927170000064,50.489504338000074],[9.009695064000027,50.48977830000007],[9.029303111000047,50.49711251900004],[9.057704701000034,50.50001073800007],[9.077226971000073,50.49537423600003],[9.061419809000029,50.48499082100005],[9.058679506000033,50.47115817700006],[9.070301554000025,50.45632386500006],[9.080780128000072,50.45954705400004],[9.094378414000062,50.45738302600006],[9.091211332000057,50.44971299700006],[9.095879748000073,50.44583737000005],[9.087424971000075,50.43834874100003],[9.108774334000032,50.43449445700003],[9.131444200000033,50.435430661000055],[9.14458092600006,50.437081542000044],[9.146804755000062,50.442212909000034],[9.153964388000077,50.43915518000006],[9.147141791000024,50.43538224100007],[9.143674635000025,50.42468653200007],[9.164769499000045,50.442274343000065],[9.17252725000003,50.445009765000066],[9.193213140000069,50.44458048100006],[9.232689065000045,50.46117477700005],[9.259527604000027,50.463369939000074],[9.258557483000061,50.456851924000034],[9.271589497000036,50.43778537500003],[9.278023148000045,50.44070646400007],[9.28673494000003,50.437298078000026],[9.290789318000066,50.450020005000056],[9.284370653000053,50.45460479600007],[9.28887830900004,50.46181531900004],[9.29753723500005,50.46343641800007],[9.316657786000064,50.45423918500006],[9.335956366000062,50.451862246000076],[9.353776543000038,50.43606840100006],[9.354965148000076,50.42083653700007],[9.360914130000026,50.41771906100007],[9.346420539000064,50.421210133000045],[9.353214629000036,50.414833903000044],[9.339966832000073,50.40079029800006],[9.35190209800004,50.39248408700007],[9.346940010000026,50.389720098000055],[9.349257790000024,50.385486410000055],[9.36452358300005,50.38618100200006],[9.364342901000043,50.39473451200007],[9.36912708500006,50.39540255400004],[9.39734033600007,50.38989042700007],[9.412080111000023,50.40436543900006],[9.437945821000028,50.40991623600007],[9.441085445000056,50.42243505500005],[9.436432721000074,50.43083559000007],[9.451440827000056,50.42609326000007],[9.466692569000031,50.44034074900003],[9.47911278600003,50.44068551100003]]]},"properties":{"shapeName":"Gießen","shapeISO":"","shapeID":"9070358B56635429978008","shapeGroup":"DEU","shapeType":"ADM2"}},
{"type":"Feature","geometry":{"type":"Polygon","coordinates":[[[10.041338408000058,50.51646958200007],[10.03969261800006,50.53258619600007],[10.047898989000032,50.53944794500006],[10.047219089000066,50.545518765000054],[10.061828605000073,50.55668738400004],[10.052467145000037,50.56110859700004],[10.046359123000059,50.57125494500008],[10.04879758900006,50.59862073600004],[10.040271740000037,50.60450765500008],[10.037191069000073,50.61292626900007],[10.057503889000031,50.62612006300003],[10.072264748000066,50.61963237000003],[10.08104983800007,50.62002482400004],[10.082964842000024,50.633705347000046],[10.078584410000076,50.63468821200007],[10.069985062000057,50.65587779100008],[10.05402966400004,50.67116299200006],[10.048934055000075,50.67393254500007],[10.031350166000038,50.675547805000065],[10.021409955000024,50.673043129000064],[10.001994968000076,50.67660256800008],[9.989540861000023,50.67459455300008],[9.97360296900007,50.66594687800006],[9.960689873000035,50.668443945000035],[9.951484133000065,50.66592744600007],[9.949710896000056,50.65587253700005],[9.96890154600004,50.64125944300008],[9.96025230400005,50.635505754000064],[9.960722013000066,50.62948365400007],[9.945927546000064,50.626825686000075],[9.929695560000027,50.62901690500007],[9.906105815000046,50.640382344000045],[9.886108750000062,50.63393596700007],[9.878551050000056,50.63478121000003],[9.877320475000033,50.63871517600006],[9.884220259000074,50.65081341100006],[9.881273200000066,50.673378626000044],[9.89467774700006,50.68371993800008],[9.906224715000064,50.68419094300003],[9.915539995000074,50.69369563500004],[9.923955435000039,50.69513052100007],[9.908890736000046,50.704532451000034],[9.935162410000032,50.724117998000054],[9.941371631000038,50.741837856000075],[9.939614276000043,50.755919978000065],[9.920126452000034,50.75961203400004],[9.928921271000036,50.769634481000026],[9.928430938000076,50.77659421300007],[9.937153677000026,50.77410166700008],[9.94874961000005,50.77869227000008],[9.943318114000022,50.77123412600008],[9.952133926000045,50.77329162500007],[9.95409208600006,50.77935638500003],[9.949779876000036,50.780379753000034],[9.955134946000044,50.78555029700004],[9.943569871000022,50.79769790800003],[9.956677090000028,50.80961912300006],[9.95641742500004,50.816051326000036],[9.950233876000027,50.815180834000046],[9.952252803000022,50.821374509000066],[9.976816409000037,50.83327295300006],[9.998018976000026,50.82650514100004],[10.006836287000056,50.83768212900003],[10.023054524000031,50.83163142600006],[10.028488149000054,50.83580828200007],[10.026806725000029,50.84128333400008],[10.037751703000026,50.84529540400007],[10.038620257000048,50.85311491200008],[10.021928583000033,50.84785663400004],[10.021893143000057,50.86448629900008],[10.05598100100002,50.879771625000046],[10.059803704000046,50.88539256400003],[10.058444784000073,50.89017533500004],[10.052460867000036,50.89260881300004],[10.047868141000038,50.88884988500007],[10.041952475000073,50.89334041600006],[10.050909099000023,50.900088881000045],[10.040697144000035,50.901534378000065],[10.035030259000052,50.91002287200007],[10.024850711000056,50.91179925700004],[10.015635922000058,50.92062395100004],[10.00366394300005,50.921550996000065],[9.984491572000024,50.90699344600006],[9.971463749000065,50.907410938000055],[9.969632277000073,50.91348754100005],[9.981892451000022,50.91994769000007],[9.991996475000064,50.93451451100003],[9.974855570000045,50.93172111300004],[9.965560177000043,50.93358061500004],[9.966067717000044,50.92875499500008],[9.95714401500004,50.92260019200006],[9.949685258000045,50.926507506000064],[9.956555895000065,50.93366159200008],[9.950086587000044,50.94225025600008],[9.975073802000054,50.943423024000026],[9.982086112000047,50.93905501800003],[9.991560889000027,50.940896562000034],[9.991005864000044,50.94356607100008],[9.999285362000023,50.936643881000066],[10.003379585000062,50.94063232700006],[10.013556755000025,50.93473513400005],[10.024900854000066,50.94375136300005],[10.029439221000075,50.93811304600007],[10.053615661000038,50.93977888400008],[10.062345939000068,50.943783547000066],[10.061191723000036,50.94797274700005],[10.047868770000036,50.94611886700005],[10.043049216000043,50.94848191300008],[10.042036762000066,50.957234269000026],[10.03216132700004,50.95963537200004],[10.040949144000024,50.96752640500006],[10.019470217000048,50.98070807900007],[10.027674672000046,51.00645675000004],[10.036400428000036,51.01237619600005],[10.053636938000068,51.01315428500004],[10.065666270000065,51.009415227000034],[10.073507813000049,51.01136619600004],[10.103483888000028,51.00336718500006],[10.108295654000074,51.009224595000035],[10.12084283400003,51.01170074100003],[10.133082409000053,51.00481911400004],[10.127376258000027,51.00147880700007],[10.131562780000024,50.996897567000076],[10.14688003200007,50.99382352400005],[10.165844440000058,50.99746046000007],[10.16908168200007,51.001929680000046],[10.173277073000065,51.000053765000075],[10.171039886000074,50.996218905000035],[10.19078575900005,50.999067886000034],[10.202904887000045,51.00810588000007],[10.201211728000033,51.01389803700005],[10.192621926000072,51.01853212300006],[10.195368850000023,51.020938959000034],[10.208555508000074,51.01897107800005],[10.215185735000034,51.02641935100007],[10.202925522000044,51.03160727300008],[10.198846624000055,51.040090389000056],[10.184765452000022,51.04569457000008],[10.184671379000065,51.04903236200005],[10.17107259200003,51.04918279800006],[10.140590157000076,51.05849138900004],[10.147021790000053,51.06140396300003],[10.144259386000044,51.06600225900007],[10.155188292000048,51.070419266000044],[10.144694665000031,51.084814049000045],[10.165679543000067,51.09949991600007],[10.160415360000059,51.108050225000056],[10.17548755200005,51.10690542200007],[10.174630972000045,51.11686746000004],[10.153791597000065,51.11845872400005],[10.146230382000056,51.12578691200008],[10.139985039000067,51.12470736600005],[10.130822428000045,51.135191305000035],[10.118321564000041,51.13957300700008],[10.127827413000034,51.14376043300007],[10.125725420000038,51.14633573300006],[10.146597291000035,51.14455277700006],[10.168738649000034,51.15326772100008],[10.177453643000035,51.141671074000044],[10.184904857000049,51.14112006800008],[10.185236022000026,51.13249386900003],[10.178483116000052,51.13076149200003],[10.179214909000052,51.12764725900007],[10.189621329000033,51.12197839500004],[10.189454815000033,51.116767217000074],[10.19995902200003,51.11297207700005],[10.210717394000028,51.122905272000025],[10.203787546000058,51.135655099000076],[10.210689708000075,51.14247222500006],[10.200378268000065,51.14993066200003],[10.207756863000043,51.15476634000004],[10.207323427000063,51.16491704800006],[10.229845756000032,51.17491232000003],[10.235776989000044,51.186695162000035],[10.220191519000025,51.18574480800004],[10.197013747000028,51.192057358000056],[10.187748389000035,51.20423078300007],[10.168444936000071,51.21218991300003],[10.149790732000042,51.20618932700006],[10.143800396000074,51.21287513200008],[10.145397771000034,51.21807903300004],[10.138401765000026,51.22013527300004],[10.113171818000069,51.215206067000054],[10.106339004000063,51.221606594000036],[10.09351328200006,51.22145261700007],[10.090282690000038,51.22666898800003],[10.076433562000034,51.22373451700008],[10.068673434000061,51.22656282200006],[10.070795869000051,51.23805426800004],[10.078995134000024,51.24278092800006],[10.06905884500003,51.24376114000006],[10.061875405000023,51.25256145800006],[10.046969081000043,51.25342573700004],[10.050116537000065,51.25871576600008],[10.046554100000037,51.264500971000075],[10.057451669000045,51.26765633600007],[10.06012368200004,51.27366196000003],[10.053717720000066,51.27900006300007],[10.029987333000065,51.27788164800006],[10.00433131400007,51.286983013000054],[9.983447832000024,51.28333608100007],[9.971981130000074,51.284895505000065],[9.976423861000058,51.29120400800008],[9.969853098000044,51.30027113800003],[9.959743680000031,51.30491187600006],[9.946287570000038,51.30311101900003],[9.939356592000024,51.30740986400008],[9.949172505000035,51.31820623200008],[9.943447818000038,51.33450909000004],[9.92993655400005,51.33996850800003],[9.932820923000065,51.34603756200005],[9.925469058000033,51.35379334500004],[9.923293275000049,51.368043123000064],[9.928338772000075,51.37529875400003],[9.932888320000075,51.38058447900005],[9.931109065000044,51.392733229000044],[9.90704332100006,51.407711343000074],[9.905706159000033,51.40988187500005],[9.91339337900007,51.41063124600004],[9.906021117000023,51.42113874900008],[9.89927491800006,51.41652499500003],[9.883151811000062,51.41496600600004],[9.884625567000057,51.41020528900003],[9.878315341000075,51.404476944000066],[9.868535203000022,51.41379077700003],[9.850743074000036,51.41441364700006],[9.85053876400002,51.401375718000054],[9.860749184000042,51.39428798000006],[9.855920267000045,51.38480562800004],[9.867991158000052,51.37486634800007],[9.86527591500004,51.371612732000074],[9.853212599000074,51.372231535000026],[9.84010663600003,51.38359324100003],[9.840636601000028,51.40264157300004],[9.833808760000068,51.40246971700003],[9.821486007000033,51.409956831000045],[9.797123918000068,51.40842815000008],[9.79278689900002,51.40138434600004],[9.800127415000077,51.39918798300005],[9.80145010700005,51.38691468800005],[9.783985811000036,51.389247821000026],[9.765861309000059,51.38597796200003],[9.756603202000065,51.38228486400004],[9.752283766000062,51.374690746000056],[9.738458652000077,51.36921255300007],[9.723200389000056,51.370498231000056],[9.702143787000068,51.364571795000074],[9.70398324100006,51.358145869000055],[9.720611311000027,51.34852753100006],[9.73684068800003,51.32895687600006],[9.738247707000028,51.31942876900007],[9.745434332000059,51.318980347000036],[9.756506545000036,51.32865123300007],[9.768307141000037,51.33254927300004],[9.763107552000065,51.33616067100007],[9.772456280000029,51.33629096700008],[9.763510414000052,51.325339376000045],[9.772365928000056,51.32928147500007],[9.770345267000039,51.32538207200008],[9.775201991000074,51.32519623200005],[9.768200360000037,51.30672614100007],[9.73230439300005,51.29523190100008],[9.678910862000066,51.310957795000036],[9.669385916000067,51.317710858000055],[9.662229738000065,51.31171261800006],[9.63577095100004,51.31707218500003],[9.634455322000065,51.31160368800005],[9.628524068000047,51.31190258700008],[9.632933188000038,51.324429242000065],[9.638543097000024,51.32239212600007],[9.63336591500007,51.32585405000003],[9.617242033000025,51.32792927600008],[9.604434635000075,51.325555852000036],[9.606001252000056,51.32770922100008],[9.581656973000065,51.34219633600003],[9.568024929000046,51.34000146000005],[9.548441127000046,51.35895530100004],[9.550133992000042,51.361884228000065],[9.567573775000028,51.361574103000066],[9.576969688000077,51.36962914900005],[9.560317206000036,51.37558846300004],[9.56402498400007,51.386963955000056],[9.574044968000067,51.39210893100005],[9.579345406000073,51.40176887900003],[9.588327009000068,51.402461119000066],[9.594077815000048,51.39798744600006],[9.609854657000028,51.40476608000006],[9.61001710000005,51.40782260300006],[9.630582160000074,51.40610600200006],[9.631145478000064,51.41160142100006],[9.643581790000042,51.418260728000064],[9.634297057000026,51.426083412000025],[9.627620523000076,51.44420867500003],[9.630148643000041,51.45820917300006],[9.643813808000061,51.469160043000045],[9.619586507000065,51.48102866000005],[9.586259150000046,51.51931892500005],[9.592452328000036,51.52337052300004],[9.608015126000055,51.52185184700005],[9.61883206500005,51.53010306900006],[9.62195014300005,51.541866895000055],[9.609310282000024,51.55690536800006],[9.612899958000071,51.55786811400003],[9.622443388000022,51.54867253900005],[9.647755440000026,51.552510968000036],[9.645015614000044,51.55935585800006],[9.636377649000053,51.558933051000054],[9.62836849000007,51.56719638200008],[9.626830884000071,51.58197606400006],[9.634003998000026,51.584485087000076],[9.644877251000025,51.58224315700005],[9.660114178000072,51.572707861000026],[9.684003674000053,51.566532659000075],[9.690947953000034,51.576315141000066],[9.679808991000073,51.58796119900006],[9.672256982000022,51.58736924100003],[9.661055938000061,51.59302960600007],[9.649528854000039,51.60627151800003],[9.637835474000042,51.60880481200007],[9.636620701000027,51.62341584300003],[9.627076387000045,51.628959734000034],[9.63161793200004,51.63416638100006],[9.625999284000045,51.63691397000008],[9.609644970000033,51.62957638900008],[9.570707597000023,51.62471977700005],[9.559358847000055,51.629231694000055],[9.553539215000058,51.637318451000056],[9.543630864000022,51.639866690000076],[9.530633548000026,51.62926939600004],[9.515027493000048,51.62627026300004],[9.491929532000029,51.634721582000054],[9.498576551000042,51.651404573000036],[9.494612786000062,51.65736291300004],[9.468821036000065,51.65416272700003],[9.453276431000063,51.645748799000046],[9.440456998000059,51.650394024000036],[9.437007602000051,51.64821274600007],[9.444924396000033,51.644199007000054],[9.426669032000063,51.63081381000006],[9.39849943300004,51.62455737500005],[9.378266679000035,51.62673325500003],[9.371934851000049,51.625566295000056],[9.37126683100007,51.61924381700004],[9.358030937000024,51.62025924500006],[9.337098312000023,51.61470157000008],[9.35626819600003,51.59767682700004],[9.373522628000046,51.59101373400006],[9.352230905000056,51.58007469000006],[9.331118931000049,51.55682484100004],[9.31703096900003,51.55236555000005],[9.320018195000046,51.546771989000035],[9.309968656000024,51.53091061300006],[9.315850835000049,51.52301926800004],[9.308324697000046,51.51264327500007],[9.282285104000039,51.51437279400005],[9.26943045300004,51.507125821000045],[9.26433303400006,51.49791064500005],[9.242088214000034,51.49768034400006],[9.236704692000046,51.492434797000044],[9.239803780000045,51.490857376000065],[9.225184633000026,51.489837273000035],[9.216640648000066,51.48116523500005],[9.216465954000057,51.45959399900005],[9.185100362000071,51.466333563000035],[9.174350380000021,51.46294668000007],[9.15840769600004,51.44309608400005],[9.149298761000068,51.442015009000045],[9.13574929300006,51.45018705900003],[9.13180423700004,51.446290015000045],[9.094329852000044,51.44459823100004],[9.086415850000037,51.44908282400007],[9.086937070000033,51.461164815000075],[9.077185433000068,51.46487161300007],[9.092328869000028,51.49438795300006],[9.07652183700003,51.503475147000074],[9.060662592000028,51.498703473000035],[9.057476862000044,51.50251461700003],[9.039285948000042,51.50192152400007],[9.023958187000062,51.51133420900004],[9.020976431000065,51.51861067100003],[9.004932738000036,51.512405569000066],[8.970814956000027,51.50665550200006],[8.913334846000055,51.49155398200003],[8.890376608000054,51.481928278000055],[8.894091022000055,51.47123627700006],[8.91069967900006,51.461918970000056],[8.921783452000057,51.44605382100008],[8.918786788000034,51.43028542900004],[8.948108682000054,51.42821888800006],[8.945426547000068,51.41880288400006],[8.951529911000023,51.41349278400003],[8.940763338000068,51.41032194400003],[8.93950200300003,51.38949902300004],[8.889580795000029,51.39272198700007],[8.85401977500004,51.377137850000054],[8.837994438000067,51.383292580000045],[8.836583684000061,51.38850109200007],[8.827252393000038,51.38524592500005],[8.823374915000045,51.389825210000026],[8.80399317000007,51.39079794300005],[8.772903671000051,51.38539378000007],[8.760322472000041,51.378271400000074],[8.732850996000025,51.372416703000056],[8.700535201000037,51.37737976200003],[8.67972308000003,51.373117285000035],[8.681208913000034,51.359764194000036],[8.666599017000067,51.35569685200005],[8.659662021000031,51.34838900900007],[8.655559599000071,51.349611149000054],[8.653654042000028,51.33978950100004],[8.637787568000022,51.34361349800008],[8.621098213000039,51.33652789700005],[8.617491761000053,51.32720984200006],[8.605048337000028,51.32369487100004],[8.603240801000027,51.31485685400003],[8.592638066000063,51.30385796100006],[8.556347796000068,51.27749475200005],[8.578218095000068,51.26747828200007],[8.59356275600004,51.24749677800003],[8.609212360000072,51.24668844100006],[8.625391094000065,51.25331147600008],[8.628340520000052,51.26050460300007],[8.67995260300006,51.26807654000004],[8.692552010000043,51.27640730600007],[8.721997745000067,51.27374380600003],[8.72182723800006,51.26774745200004],[8.73658531500007,51.26221970300003],[8.727597513000035,51.25010270000007],[8.741697463000037,51.218423262000044],[8.768194376000054,51.20887368400008],[8.765013147000047,51.20393076800008],[8.749501813000052,51.19773170000008],[8.750004463000039,51.18146388100007],[8.758214362000047,51.17718172900004],[8.736035026000025,51.16052175300007],[8.713313853000045,51.151699593000046],[8.692161804000023,51.132834142000036],[8.701741131000063,51.11657665100006],[8.718848165000054,51.115695790000075],[8.719056477000038,51.10991202800005],[8.690534692000028,51.10915858700008],[8.656632492000028,51.09490320000003],[8.601460657000075,51.102034564000064],[8.551019821000068,51.10276424400007],[8.545348936000039,51.09724217000007],[8.52812272400007,51.09695248500003],[8.522611027000039,51.09045987400003],[8.51759400900005,51.09113982500003],[8.508022760000074,51.085387515000036],[8.501733298000033,51.07946559800007],[8.503230088000066,51.07457687500005],[8.52222665000005,51.069014021000044],[8.527572852000048,51.06289413500008],[8.520434698000031,51.05010938800007],[8.515933807000067,51.051175983000064],[8.505143530000055,51.04143322200008],[8.509803550000072,51.03764257200004],[8.520681140000022,51.04300309000007],[8.524318514000072,51.03203003100003],[8.538782178000076,51.01944843100006],[8.530628247000038,51.018239865000055],[8.524560595000025,51.009937602000036],[8.514075672000047,51.00923734100007],[8.516562233000059,51.00580543700005],[8.501414715000067,50.99845402600005],[8.49575736600002,50.988095979000036],[8.473368209000057,50.97503536800008],[8.477891851000038,50.969047458000034],[8.516790998000033,50.954748410000036],[8.56200366400003,50.95618508200005],[8.568816603000073,50.95033096000003],[8.57279520700007,50.95265604900004],[8.574261474000025,50.948567076000074],[8.597280372000057,50.94928347700005],[8.606518571000038,50.95451465300005],[8.636309869000058,50.96137673700008],[8.63891733500003,50.96565760300007],[8.64714725400006,50.96565042700007],[8.647726176000049,50.97205969400005],[8.65683017200007,50.97276683800004],[8.654972817000044,50.97911654300003],[8.647063753000054,50.981169031000036],[8.661501720000047,50.98128008100008],[8.673136925000051,50.996706817000074],[8.689478098000052,50.989990283000054],[8.70614562000003,50.99382884800008],[8.709046655000066,50.98106833600008],[8.734081631000038,50.974682019000056],[8.727784327000052,50.971229331000075],[8.731827658000043,50.96462178100006],[8.766024739000045,50.97857304300004],[8.777451214000052,50.96724075600008],[8.776568295000061,50.96184574700004],[8.78577875700006,50.95642015100003],[8.83383131200003,50.95751794900008],[8.849647208000022,50.96425465900006],[8.858229446000053,50.95813022700003],[8.87759774500006,50.95804180300007],[8.881589939000037,50.954704520000064],[8.905359953000072,50.95141787700004],[8.91815869900006,50.95867205500008],[8.909001269000044,50.969218460000036],[8.917196684000032,50.97098741600007],[8.920984572000066,50.967647740000075],[8.939564102000077,50.96537757900006],[8.93892025200006,50.95951929700004],[8.948021201000074,50.95075300700006],[8.968039541000053,50.94720800400006],[8.97493011000006,50.93085661600003],[9.010332608000056,50.92602309400007],[9.016749245000028,50.91479024300003],[9.011867445000064,50.91050154900006],[9.027142594000054,50.90281264600003],[9.038542906000032,50.90687118200003],[9.035900508000054,50.914847285000064],[9.032044419000044,50.91491041100005],[9.041585373000032,50.91696157000007],[9.043374407000044,50.92298514300006],[9.074641971000062,50.91081425600004],[9.080840825000053,50.91256062600007],[9.078858670000045,50.917508706000035],[9.094807519000028,50.91201029600006],[9.091903235000075,50.920600904000025],[9.100670096000044,50.917182800000035],[9.109958206000044,50.91897768700005],[9.128684687000032,50.89901512200004],[9.133521365000036,50.899072071000035],[9.108641800000044,50.88743943000003],[9.122519839000063,50.88038615200003],[9.130276820000063,50.86815811300005],[9.141806957000028,50.861931147000064],[9.142366997000067,50.850894624000034],[9.15158669400006,50.847313660000054],[9.148868679000032,50.83664519600006],[9.183761190000041,50.83154230700006],[9.201613593000047,50.82231468400005],[9.226502250000067,50.82433328800005],[9.228194987000052,50.81897652600003],[9.235435012000039,50.82594523600005],[9.24176613800006,50.81701403500006],[9.263679876000026,50.815595604000066],[9.261010025000076,50.807758988000046],[9.270284789000073,50.79706394600004],[9.275229453000065,50.80710005600008],[9.275587409000025,50.80374728400005],[9.284383367000032,50.805000317000065],[9.28857604700005,50.80175991600004],[9.298583474000054,50.80630935900007],[9.31379369800004,50.80573695500004],[9.315722462000053,50.81086792700006],[9.317201492000038,50.80072346600008],[9.32835971000003,50.795382991000054],[9.348992302000056,50.80038596500003],[9.363669535000042,50.79987409700004],[9.365390134000052,50.790421742000035],[9.36862903900004,50.78684757500008],[9.374100423000073,50.78894350100006],[9.37820103200005,50.77691788300007],[9.387919435000072,50.778566468000065],[9.390950886000041,50.772845404000066],[9.401194738000072,50.777971352000066],[9.406468248000067,50.78986261600005],[9.422460012000045,50.78859297100007],[9.441054974000053,50.795644337000056],[9.442038936000074,50.78658657400007],[9.448862634000022,50.781735447000074],[9.433281028000067,50.77416040700007],[9.450102989000072,50.76951775100008],[9.457656217000022,50.776946647000045],[9.460865296000065,50.77050555500006],[9.455503270000065,50.762187778000055],[9.469220173000053,50.76561422700007],[9.47839172600004,50.76330958700004],[9.49427582900006,50.75392576300004],[9.495444047000035,50.74098957600006],[9.506300001000056,50.73464933000008],[9.533803285000033,50.745807392000074],[9.544428096000047,50.75678203700005],[9.571848635000038,50.76607511700007],[9.583151910000026,50.76560716400007],[9.585600570000054,50.761568287000046],[9.603467425000076,50.75834250100007],[9.605119753000054,50.73729039300008],[9.611464265000052,50.73547658700005],[9.606953782000062,50.72073878100008],[9.622573833000047,50.68833857900006],[9.636086490000025,50.68071076500007],[9.650018740000064,50.68086744300007],[9.642863051000063,50.67184393700006],[9.636417769000047,50.67274982100008],[9.63626233900004,50.666336724000075],[9.620079033000025,50.650598728000034],[9.623063928000022,50.641110576000074],[9.641732395000076,50.62778933700008],[9.635017419000064,50.62218738300004],[9.612206806000074,50.614709418000075],[9.607138484000075,50.60560237100003],[9.590350487000023,50.60720269400008],[9.552007367000044,50.621887263000076],[9.555675720000067,50.63056918500007],[9.546216787000048,50.631641509000076],[9.539593900000057,50.64061824300006],[9.531061695000062,50.63745172300003],[9.500663946000032,50.637651891000075],[9.481982821000031,50.662504616000035],[9.47261261500006,50.66434744600008],[9.466069226000059,50.660617767000076],[9.481508578000046,50.65113539100008],[9.47311615500007,50.62854700100007],[9.500468892000072,50.61103286000008],[9.500871522000068,50.60740997700003],[9.482294122000042,50.59230140100004],[9.47864405000007,50.57429925500003],[9.497879126000043,50.56820490200005],[9.490245220000077,50.55726826800003],[9.463501215000065,50.54980541000003],[9.45519637600006,50.526200578000044],[9.447244746000024,50.521546912000076],[9.448684505000074,50.50518277600003],[9.436563621000062,50.49835871400006],[9.427292203000036,50.47934889900006],[9.438232816000038,50.47448305800003],[9.459906739000076,50.47697536800007],[9.460582697000063,50.471924330000036],[9.45072755800004,50.46295419100005],[9.461105299000053,50.45214142900005],[9.46959042100002,50.45275757100006],[9.47911278600003,50.44068551100003],[9.484859734000054,50.43556224100007],[9.48855415600002,50.41252287400005],[9.555656408000061,50.38159920900006],[9.560827200000062,50.381290627000055],[9.562869771000067,50.38651312200005],[9.576027160000024,50.385498967000046],[9.61289965100002,50.39372570900008],[9.651176753000072,50.37633324900003],[9.67259548800007,50.372063773000036],[9.681144369000037,50.37389097500005],[9.69074209200005,50.36076634800003],[9.722497103000023,50.36005998200005],[9.732914417000075,50.35614961700003],[9.746203926000021,50.36617994100004],[9.744441173000041,50.371702130000074],[9.759292728000048,50.40241890000004],[9.751062366000042,50.41355912800003],[9.762063990000058,50.42586748200006],[9.771870957000033,50.42485970300004],[9.78018127100006,50.41843092100004],[9.789424929000063,50.42514485000004],[9.807467655000039,50.42255044700005],[9.811265390000074,50.41712948400004],[9.807988411000053,50.412430897000036],[9.81352322600003,50.41295893700004],[9.824486556000068,50.40527721300003],[9.838411853000025,50.405474508000054],[9.849782573000027,50.39872793500007],[9.860046301000068,50.397473956000056],[9.869996703000027,50.40926894200004],[9.883100782000042,50.39889344300008],[9.901014858000053,50.403783961000045],[9.943399398000054,50.42328810300006],[9.957836757000052,50.42320405600003],[9.966811329000052,50.434530840000036],[9.989984857000024,50.447123102000035],[9.997459910000032,50.460985537000056],[10.018307426000035,50.46645526300006],[10.041188107000039,50.49518848500003],[10.037106158000029,50.50002195400003],[10.041338408000058,50.51646958200007]]]},"properties":{"shapeName":"Kassel","shapeISO":"","shapeID":"9070358B5760978041875","shapeGroup":"DEU","shapeType":"ADM2"}},
{"type":"Feature","geometry":{"type":"MultiPolygon","coordinates":[[[[11.427837023000052,53.94223070500004],[11.423207731000048,53.94219047200005],[11.426799919000075,53.93796751800005],[11.427837023000052,53.94223070500004]]],[[[11.473005883000042,54.02444752700006],[11.44226268500006,54.02019174000003],[11.404023132000077,54.008800637000036],[11.37685254400003,53.99642693100003],[11.376623083000027,53.97870824000006],[11.388106554000046,53.966135112000075],[11.40009126800004,53.96405273900007],[11.411139878000029,53.96657737800007],[11.387012321000043,53.96781610100004],[11.393635023000058,53.97465173300003],[11.402146923000032,53.96831596700008],[11.409895988000073,53.96887291100006],[11.420526161000055,53.962135267000065],[11.425946064000073,53.96076416400007],[11.43176843200007,53.961633455000026],[11.434296778000032,53.965246182000044],[11.42844789700007,53.961658225000065],[11.426502052000046,53.96716769300008],[11.42786848000003,53.98580985800004],[11.446154083000067,53.99732769900004],[11.441474096000036,53.96462178200005],[11.446825,53.95862990200004],[11.455957342000033,53.95753345500003],[11.463420288000066,53.96983507700003],[11.47194653300005,53.970709328000055],[11.46753056700004,53.973377852000056],[11.472046999000042,53.97917995000006],[11.480364739000038,53.98183380900008],[11.47824515900004,53.99797388500008],[11.483554183000024,54.00865562000007],[11.482556377000037,54.00166662200007],[11.48740629200006,54.00347263200007],[11.488950446000047,53.99901129400007],[11.495327760000066,54.011110055000074],[11.494150748000038,54.02170968200005],[11.473005883000042,54.02444752700006]]],[[[11.496341339000026,54.03131270600005],[11.488039,54.02413480100006],[11.494789052000044,54.024195286000065],[11.496341339000026,54.03131270600005]]],[[[11.515053795000028,54.03799558500003],[11.515186500000027,54.05450101300005],[11.52300169800003,54.06848707200004],[11.511905170000034,54.053974366000034],[11.515053795000028,54.03799558500003]]],[[[13.931957917000034,54.024693564000074],[13.931975524000052,54.03057942400005],[13.926332353000078,54.03030029700005],[13.917514176000054,54.02507048900003],[13.917627820000064,54.01927991500003],[13.925955810000062,54.01603996300008],[13.924392433000037,54.02324793500003],[13.931957917000034,54.024693564000074]]],[[[13.79755564900006,54.17402461000006],[13.758870417000026,54.16840129800005],[13.749296749000052,54.15847457400008],[13.751005129000077,54.149825477000036],[13.757985743000063,54.15054278900004],[13.751499108000075,54.149075534000076],[13.755459066000071,54.13767947000008],[13.758700129000033,54.13425578400006],[13.77232611100004,54.133843099000046],[13.774831550000044,54.12010601500003],[13.784164958000076,54.118890874000044],[13.792500005000022,54.11089646700003],[13.813839361000078,54.10782325900004],[13.80817472700005,54.10648480300006],[13.81297371100004,54.098773202000075],[13.80703625800004,54.07838374500005],[13.800798757000052,54.07480760200008],[13.797938702000067,54.061959357000035],[13.788091635000058,54.05601212400006],[13.790568133000022,54.04867718600008],[13.781238663000067,54.03854949600003],[13.77288849100006,54.04083057400004],[13.764304803000073,54.02998066200007],[13.769915621000052,54.019184120000034],[13.801286645000062,54.01874070700006],[13.809801080000057,54.030950690000054],[13.820855403000053,54.03751951800007],[13.858941103000063,54.04811080700006],[13.87304879100003,54.03909984900008],[13.875893321000035,54.04176522100005],[13.868145731000027,54.04562375300003],[13.879676464000056,54.04025984200007],[13.874106621000067,54.03228997900004],[13.870352070000024,54.03647294000007],[13.865968028000054,54.03304117000005],[13.863675411000031,54.02213385500005],[13.853236518000074,54.01367774200003],[13.853346612000053,54.00438492200004],[13.861586553000052,53.99975171500006],[13.866967428000066,54.00746656600006],[13.89867517600004,54.012072584000066],[13.909527550000064,54.02626432000005],[13.924067821000051,54.03580373300008],[13.915505705000044,54.046793929000046],[13.907348925000065,54.043114744000036],[13.91722420900004,54.06051802800005],[13.911190422000061,54.06399433100006],[13.951359788000048,54.05897990100004],[13.965955434000023,54.05946066300004],[13.973258916000077,54.06399662900003],[13.976990562000026,54.06212286700003],[13.96886500100004,54.059436978000065],[13.997693497000057,54.041504015000044],[14.004361176000032,54.01065535300006],[14.011972115000049,54.010070162000034],[14.017609415000038,54.015021714000056],[14.016437449000023,54.02147839000003],[14.01856188000005,54.01779271400005],[14.032710450000025,54.01710739500004],[14.043296761000022,54.00182941200006],[14.037375385000075,53.998580900000036],[14.047581112000046,53.99744244900006],[14.048869338000031,53.980646370000045],[14.035033492000025,53.95000412300004],[14.043531510000037,53.94619364200008],[14.040180529000054,53.94072126400005],[14.011792624000066,53.94931961600008],[14.010138101000052,53.95399157300005],[14.02344768200004,53.95812696200005],[14.016582606000043,53.96003400500007],[14.023295886000028,53.96221410000004],[14.004308508000065,53.95912359400006],[13.995213324000076,53.96280518100008],[13.984094494000033,53.959405006000054],[13.98368182300004,53.96210030200007],[13.963523535000036,53.95703787800005],[13.971301697000058,53.95079722100007],[13.958666707000077,53.938643514000034],[13.959602033000067,53.93399228800007],[13.95270911700004,53.93492593600007],[13.951361414000075,53.94595528500008],[13.958216450000066,53.95301696200005],[13.949969504000023,53.95887000500005],[13.972228479000023,53.96961466400006],[13.96309143700006,53.973437646000036],[13.965029899000058,53.989799815000026],[13.945111097000051,53.99457702600006],[13.905954691000034,53.98954333700004],[13.895136173000026,53.96648573300007],[13.922692556000072,53.95062918100007],[13.932171685000071,53.93586486700008],[13.937972831000025,53.90895263800007],[13.921472669000025,53.88796537600007],[13.902957706000052,53.88544687400008],[13.893418387000054,53.87717067700004],[13.874289787000066,53.877862520000065],[13.859023829000023,53.87165202500006],[13.834142531000055,53.871008403000076],[13.829721512000049,53.85764091300007],[13.821787,53.85703476500004],[13.826150251000058,53.84968518200003],[13.846572559000037,53.85102553000007],[13.859050252000031,53.84314185300008],[13.898238400000025,53.839906143000064],[13.917839009000033,53.845222153000066],[13.931506523000053,53.87037201100003],[13.955056461000027,53.860324055000035],[13.949911076000035,53.84996075200007],[13.936446409000041,53.84770252000004],[13.92331325400005,53.85208823800008],[13.921753194000075,53.84702116100004],[13.939010887000052,53.843436696000026],[13.980123646000038,53.85021289000008],[13.990989290000073,53.848447054000076],[14.019709770000077,53.86930093900003],[14.040923857000053,53.87450838800004],[14.06278519600005,53.86945788100007],[14.085551771000041,53.87483077700006],[14.114891803000035,53.86912670500004],[14.125798425000028,53.871864551000044],[14.189392463000047,53.87255706800005],[14.20834700100005,53.86508691000006],[14.213077509000072,53.86647963300004],[14.212300980000066,53.900294719000044],[14.203947921000065,53.906632744000035],[14.205867778000027,53.91056652700007],[14.18531431100007,53.91410242400008],[14.207646479000061,53.91586745200004],[14.226321978000044,53.92864344000003],[14.181793824000067,53.94842151600005],[14.142192812000076,53.976878277000026],[14.04998968800004,54.02940677700008],[14.016216602000043,54.05389185000007],[13.96727749300004,54.07033083600004],[13.926712552000026,54.07822505300004],[13.874714329000028,54.10028757600003],[13.833253137000042,54.131941045000076],[13.812452520000022,54.16942821200007],[13.79755564900006,54.17402461000006]]],[[[13.811228571000072,54.17796024800003],[13.803328923000038,54.17688366400006],[13.81040519000004,54.17566724800008],[13.811228571000072,54.17796024800003]]],[[[13.774442466000039,54.20626076100007],[13.768876807000026,54.20892111400008],[13.768949762000034,54.20082204700003],[13.774442466000039,54.20626076100007]]],[[[13.92041047400005,54.251460922000035],[13.906990114000052,54.24022405000005],[13.926762009000072,54.24867061800006],[13.92041047400005,54.251460922000035]]],[[[12.53146846900006,54.35807085000005],[12.527863697000043,54.35411283600007],[12.530961209000054,54.34992789800003],[12.529273978000049,54.35468421000007],[12.535520950000034,54.356009183000026],[12.53146846900006,54.35807085000005]]],[[[13.543897504000029,54.32304551400006],[13.54713124400007,54.326200768000035],[13.54220134600007,54.33240686400006],[13.530309382000041,54.32646468400003],[13.524042484000063,54.31660580100004],[13.518528205000052,54.31626281800004],[13.519072223000023,54.31185113200007],[13.524755802000072,54.30940815500003],[13.528117790000067,54.318457350000074],[13.543897504000029,54.32304551400006]]],[[[12.584531152000068,54.375337829000046],[12.584889935000035,54.380712075000076],[12.580441213000029,54.37710558800006],[12.584531152000068,54.375337829000046]]],[[[12.736578423000026,54.41234727900007],[12.724436019000052,54.41242209600006],[12.718130044000077,54.405268497000066],[12.729774999000028,54.404902856000035],[12.736578423000026,54.41234727900007]]],[[[13.211107821000041,54.39696703900006],[13.217181631000074,54.39770394300007],[13.219345462000035,54.40220167700005],[13.209216093000066,54.401095430000055],[13.211107821000041,54.39696703900006]]],[[[12.643748725000023,54.41972388800008],[12.635358722000035,54.42209910200006],[12.637304885000049,54.41609817700004],[12.640185969000072,54.41937094700006],[12.645030383000062,54.415581014000054],[12.643748725000023,54.41972388800008]]],[[[12.695731841000054,54.431032721000065],[12.686882471000047,54.42759258900003],[12.693589218000056,54.42883060400004],[12.690802191000046,54.424476982000044],[12.677982975000077,54.42249488700003],[12.67728061300005,54.41595836800008],[12.69961937200003,54.41886353600006],[12.730906878000042,54.416364970000075],[12.724080534000052,54.425373421000074],[12.710644702000025,54.42563350800003],[12.695731841000054,54.431032721000065]]],[[[13.123067324000033,54.42751612600006],[13.116617763000022,54.43084460500006],[13.117881802000056,54.42671122300004],[13.123067324000033,54.42751612600006]]],[[[12.948349934000078,54.442656072000034],[12.930027254000038,54.44306053200006],[12.923932429000047,54.434793279000075],[12.93153305900006,54.43228396200004],[12.93852983000005,54.43856152300003],[12.948367697000037,54.440338713000074],[12.960567523000066,54.437220799000045],[12.960196999000061,54.44099258000006],[12.948349934000078,54.442656072000034]]],[[[12.981733956000028,54.442196109000065],[12.973554356000022,54.441356496000026],[12.981968408000057,54.43750144900008],[12.981733956000028,54.442196109000065]]],[[[13.050677148000034,54.46023989100007],[13.033047795000073,54.44680497200005],[12.998245452000049,54.44740629700004],[12.984373402000074,54.43579780300007],[12.973263387000031,54.440403745000026],[12.974607070000047,54.43279208900003],[12.988628866000056,54.43399199800007],[12.998492327000065,54.43999358500008],[13.01563795100003,54.443674016000045],[13.041558353000028,54.44243454800005],[13.058989312000051,54.45119964200006],[13.050677148000034,54.46023989100007]]],[[[13.209728694000034,54.46353929700007],[13.199219675000052,54.46170417700006],[13.19866521800003,54.457295962000046],[13.209728694000034,54.46353929700007]]],[[[13.224781840000048,54.469666258000075],[13.213227299000039,54.467059035000034],[13.213723127000037,54.464483924000035],[13.22282470600004,54.46500956400007],[13.224781840000048,54.469666258000075]]],[[[13.183614944000055,54.49396426200008],[13.161510263000025,54.48989743700008],[13.143480888000056,54.47798400700003],[13.122169322000047,54.451531112000055],[13.121977112000025,54.44249010300007],[13.147095063000052,54.44913100600007],[13.16067583000006,54.448981539000044],[13.169861423000043,54.45677706400005],[13.181680434000043,54.45610700900005],[13.187473622000027,54.45942724900004],[13.187379361000069,54.465613473000076],[13.225492598000073,54.47067782800008],[13.224781504000077,54.481816639000044],[13.21854877100003,54.48320194400003],[13.227716703000056,54.48406348100008],[13.224841601000037,54.48660693700003],[13.20066999200003,54.48550067800005],[13.197582725000075,54.491698676000055],[13.183614944000055,54.49396426200008]]],[[[13.160097846000042,54.51285382300006],[13.155170991000034,54.50665559600003],[13.164879447000033,54.50212107200008],[13.169002980000073,54.506628326000055],[13.160097846000042,54.51285382300006]]],[[[13.124703425000064,54.54358603600008],[13.122935626000071,54.54984673600006],[13.116957671000023,54.54685862000008],[13.118569020000052,54.53893293500005],[13.124703425000064,54.54358603600008]]],[[[13.13700078000005,54.60475617000003],[13.11877062900004,54.60305291200007],[13.097973357000058,54.59062082400004],[13.102518443000065,54.57738147600003],[13.098432827000067,54.55864442300003],[13.060965314000043,54.47876005400008],[13.064966655000035,54.45773218200003],[13.071366964000049,54.468125763000046],[13.06779384500004,54.47059418100008],[13.07313675000006,54.46922277400006],[13.071347846000037,54.479220284000064],[13.076699403000077,54.47862631600003],[13.070682066000074,54.49178229600005],[13.072973794000063,54.49974942000006],[13.079238857000064,54.50207423100005],[13.081698707000044,54.51360251400007],[13.088608567000051,54.51520073300003],[13.084632444000022,54.51916063300007],[13.092906292000066,54.51736555200006],[13.09249984400003,54.52764045300006],[13.103412478000052,54.52889904800003],[13.100809523000066,54.53285961600005],[13.10614828000007,54.531951133000064],[13.116746715000033,54.537663904000055],[13.115742415000057,54.557660198000065],[13.107648057000063,54.56845738800007],[13.110133242000074,54.57266195300008],[13.119119687000023,54.574329814000066],[13.111421835000044,54.584668504000035],[13.125240664000046,54.58367048800005],[13.14135067500007,54.59884820800005],[13.134423353000045,54.58847004800003],[13.140851577000035,54.58522775900008],[13.144994919000055,54.57364889300004],[13.146595739000077,54.59551630900006],[13.150799919000065,54.575438044000066],[13.155360780000024,54.580104765000044],[13.157957930000066,54.57371941000008],[13.146787184000061,54.603354280000076],[13.13700078000005,54.60475617000003]]],[[[14.412381009000057,53.32959336200008],[14.405479041000035,53.34708802700004],[14.390322323000078,53.35370943300006],[14.394794065000042,53.37571935600005],[14.373283271000048,53.40895073100006],[14.36862134300003,53.43261261500004],[14.371281485000054,53.45643954900004],[14.358030170000063,53.457314575000055],[14.350647881000043,53.49600626700004],[14.32688289600003,53.503810490000035],[14.315746776000026,53.525148622000074],[14.319356753000022,53.52983283100008],[14.302557318000026,53.55340466200005],[14.313961395000035,53.565225791000046],[14.316948094000054,53.61806704600008],[14.283849904000022,53.63444307100008],[14.284644201000049,53.658800376000045],[14.270896416000028,53.66529523300005],[14.281114521000063,53.67295222100006],[14.283681258000058,53.682503980000035],[14.266808446000027,53.69870465400004],[14.271929492000027,53.70585376900004],[14.26833268200005,53.70844626400003],[14.273533998000062,53.74435346300004],[14.266948570000068,53.75348675200007],[14.28359583300005,53.77230294700007],[14.270424931000036,53.78994875800004],[14.178515077000043,53.80680276500004],[13.986859914000036,53.81220820000004],[13.920310482000048,53.825669652000045],[13.904453526000054,53.82408189700004],[13.889602069000034,53.82718603400008],[13.851336510000067,53.84505875000008],[13.822463700000071,53.847704555000064],[13.818628812000043,53.85921832000008],[13.826648936000026,53.86562227500008],[13.82615377600007,53.87762814100006],[13.847222144000057,53.877950465000026],[13.851308796000069,53.888327943000036],[13.864752439000029,53.90046066000008],[13.88736698200006,53.910155340000074],[13.903287113000033,53.910996142000045],[13.914106243000049,53.92185745900008],[13.894151942000065,53.94268714800006],[13.884566373000041,53.94443490000003],[13.881314850000024,53.949795091000055],[13.869792916000051,53.95239243700007],[13.856599699000071,53.950102711000056],[13.852625101000058,53.95275542300004],[13.85384980300006,53.96462893100005],[13.833821624000052,53.984428629000035],[13.810881142000028,53.995302164000066],[13.795544269000061,53.99580861700008],[13.760405712000022,54.01540322900007],[13.757873119000067,54.027967069000056],[13.750334382000062,54.02619916400005],[13.743604332000075,54.02871742900004],[13.744317477000038,54.03262647400004],[13.761396575000049,54.035653652000065],[13.782645260000038,54.04754293700006],[13.785380770000074,54.05085077000007],[13.77380634800005,54.059802088000026],[13.78504038400007,54.065572727000074],[13.79016878300007,54.064414932000034],[13.79336999700007,54.08552208800006],[13.808750797000073,54.10045250600007],[13.773558815000058,54.117897534000065],[13.768275247000076,54.12666024300006],[13.747314705000065,54.134595809000075],[13.751573912000026,54.13478964300003],[13.749066129000028,54.13978287400005],[13.733973341000024,54.135946681000064],[13.718690845000026,54.14458480600007],[13.69738920900005,54.14892290700004],[13.695619562000047,54.157936118000066],[13.718302120000033,54.163229569000066],[13.70625838500007,54.17118193200008],[13.69579393600003,54.17177322400005],[13.652950980000071,54.15369650900004],[13.644008772000063,54.156979198000045],[13.641126994000047,54.153852820000054],[13.645725981000055,54.15082476300006],[13.62347648900004,54.139660512000034],[13.575968482000064,54.13180816600004],[13.57424379300005,54.13512073100003],[13.572401855000066,54.131800835000035],[13.559720698000035,54.13045634800005],[13.529150016000074,54.131057456000065],[13.48598828300004,54.12277805200006],[13.476949022000042,54.115754191000065],[13.501854179000077,54.08710929500006],[13.489404454000066,54.08384578400006],[13.45884755000003,54.09066095000003],[13.460165600000039,54.09558253800003],[13.43919003800005,54.11227381600003],[13.439969048000023,54.12302342900006],[13.43016504700006,54.13554778500003],[13.406736829000067,54.14703561300007],[13.414548489000026,54.16374703100007],[13.422170386000062,54.16741153000004],[13.41928378800003,54.17283972900003],[13.394404991000044,54.18121048900008],[13.400193123000065,54.17830883400006],[13.399804828000072,54.16964341200003],[13.379002870000022,54.17711409100008],[13.346995493000065,54.165290808000066],[13.337272729000063,54.16750416000008],[13.316391961000022,54.16012549900006],[13.335253029000057,54.17395131400008],[13.34066172300004,54.173828781000054],[13.336657401000025,54.17700111100004],[13.357489357000077,54.18336499900005],[13.37128361300006,54.18176564100003],[13.36533484000006,54.18530443600008],[13.344701586000042,54.18111130800003],[13.326608185000055,54.18382359800006],[13.306337122000059,54.20432320800006],[13.29122909800003,54.23403459800005],[13.259698907000029,54.24110657700004],[13.215672970000071,54.24121221100006],[13.210483593000049,54.244662334000054],[13.216215868000063,54.24981629000007],[13.20232149700007,54.25741958800006],[13.190234668000073,54.25893445400004],[13.18533694100006,54.26634254700008],[13.172681952000062,54.26309172400005],[13.167175032000046,54.266232794000075],[13.159483806000026,54.25849371500004],[13.142765861000044,54.25365470300005],[13.141921018000062,54.25735258200007],[13.160438544000044,54.26763093400007],[13.176645584000028,54.26648770500003],[13.178427337000073,54.26927398000004],[13.166598050000061,54.27893985600008],[13.147670403000063,54.26792934300005],[13.132873048000022,54.279414934000044],[13.13893506200003,54.31929075600004],[13.149561965000032,54.31279152400003],[13.169624899000041,54.30982817700004],[13.185501312000042,54.30001904400007],[13.180669058000035,54.29637669700003],[13.169736538000052,54.30226728000008],[13.163972525000077,54.30108212700003],[13.164697434000061,54.30425223300006],[13.154112258000055,54.30464262900006],[13.13970200600005,54.29636444500005],[13.141667486000074,54.28092434600006],[13.165447853000046,54.28940802900007],[13.181069042000047,54.28743886800004],[13.192975340000032,54.29709023300006],[13.203024716000073,54.29027400200005],[13.196188273000075,54.28448360200008],[13.19954189200007,54.26991824600003],[13.215349814000035,54.27137313000003],[13.217800847000035,54.27930802800006],[13.217110968000043,54.27301820900004],[13.268173002000026,54.253729726000074],[13.287434673000064,54.25923766500006],[13.321518896000043,54.25807676100004],[13.31449488800007,54.25946124600006],[13.30968821600004,54.26570288200003],[13.336708766000072,54.27856150700006],[13.334211455000059,54.27025859200006],[13.322781407000036,54.26617950000008],[13.326856323000072,54.258470223000074],[13.321679408000023,54.24566235300006],[13.295037628000046,54.25542210300006],[13.290848629000038,54.25128307500006],[13.308907533000024,54.24769458000003],[13.323668997000027,54.23754392400008],[13.32858354800004,54.23914005600005],[13.383515738000028,54.228869890000055],[13.393587180000054,54.22097130900005],[13.424720027000035,54.23854552600005],[13.417371901000024,54.25582429800005],[13.40155423300007,54.26570604800003],[13.39159176100003,54.26396724400007],[13.389873269000077,54.25869999400004],[13.378793134000034,54.25333392700003],[13.364478088000055,54.26410379200007],[13.359018898000045,54.25749495400004],[13.36336196800005,54.254656976000035],[13.365872550000063,54.257966346000046],[13.36937216900003,54.25417734600006],[13.35795928300007,54.24667726300004],[13.359623604000035,54.25046253600004],[13.352294493000045,54.253824793000035],[13.358671521000076,54.255933663000064],[13.358019544000058,54.26005696200008],[13.35082142300007,54.26983544400008],[13.361219058000074,54.27299407300006],[13.368525585000043,54.270716108000045],[13.378623816000072,54.27738943800006],[13.37153382400004,54.277808529000026],[13.390755697000031,54.27945028600004],[13.386721413000032,54.26656153500005],[13.410859688000073,54.28617572100006],[13.412444524000023,54.29650721500008],[13.419602259000044,54.30278898300003],[13.44516961000005,54.31393964600005],[13.46190934200007,54.316406663000066],[13.466943740000033,54.32641627100003],[13.462301920000073,54.329027248000045],[13.452525982000054,54.32607367600008],[13.457176912000023,54.32918555100008],[13.45055349100005,54.331376685000066],[13.454625574000033,54.33609271900008],[13.46438456800007,54.32912711500006],[13.479465783000023,54.33031413600003],[13.483014680000053,54.33484716500004],[13.507952526000054,54.340263005000054],[13.507070603000045,54.34420673200003],[13.51787684900006,54.340421295000056],[13.530829886000049,54.33991961000004],[13.53814608500005,54.34308359100004],[13.550763946000075,54.339687293000054],[13.575317964000021,54.352998350000064],[13.598319136000043,54.34785989300008],[13.614171848000069,54.33019748800007],[13.628859680000062,54.33133081400007],[13.623193747000073,54.33453893800004],[13.639096766000023,54.33946906600005],[13.63588710700003,54.34399546700007],[13.650380109000025,54.34905449000007],[13.65404908000005,54.346917706000056],[13.682148615000074,54.349891967000076],[13.684603080000045,54.34630824100003],[13.67404889200003,54.337325502000056],[13.64238018900005,54.32549497100007],[13.612007360000064,54.32063902300007],[13.609803577000037,54.31660384400004],[13.637291814000037,54.31932096400004],[13.672228456000028,54.33030941000004],[13.682777343000055,54.32628439600006],[13.703623142000026,54.32630329300008],[13.703350123000064,54.32046071600007],[13.696791528000062,54.31746130600004],[13.700308264000057,54.31675738800004],[13.68599252100006,54.315123681000046],[13.685400757000025,54.31024662200008],[13.681338592000031,54.31226888000003],[13.645403995000038,54.29756069000007],[13.65512919300005,54.288472762000026],[13.661703823000039,54.28752477000006],[13.669339316000048,54.29189790700008],[13.69174321500003,54.28971309800005],[13.693256430000076,54.293875015000026],[13.702217861000065,54.29562968500005],[13.709469868000042,54.27991229400004],[13.698696299000062,54.28061521700005],[13.690814749000026,54.287435936000065],[13.684241265000026,54.284948986000074],[13.687040140000022,54.27994137200005],[13.697047652000037,54.27877384800007],[13.707661432000066,54.26874385700006],[13.724230548000037,54.27385546600004],[13.715406243000075,54.294085358000075],[13.719296411000073,54.31150637200005],[13.72422419700007,54.31734384900005],[13.730549021000058,54.31772360700006],[13.740058042000044,54.33548112300008],[13.76690940800006,54.341834489000064],[13.747528594000073,54.345161346000054],[13.721177839000063,54.35913564600003],[13.700389850000022,54.38357474800006],[13.703277028000059,54.38568879400003],[13.697638488000052,54.38406353100004],[13.672937238000031,54.40120108500008],[13.66452838300006,54.40321960500006],[13.656599550000067,54.39959065900007],[13.627096677000054,54.398749129000066],[13.613370272000054,54.403373481000074],[13.58743796500005,54.42602350200008],[13.570090090000065,54.459868535000055],[13.57073106200005,54.47106655400006],[13.577997761000063,54.479614627000046],[13.59758566000005,54.476358592000054],[13.601918031000025,54.48343004800006],[13.597163946000023,54.48810214100007],[13.609409738000068,54.49886102500005],[13.628175848000069,54.50615680200008],[13.634324735000064,54.50464767400007],[13.669397383000046,54.52107268200007],[13.681642404000058,54.542616449000036],[13.676080031000026,54.55425241000006],[13.679808603000026,54.56248552100004],[13.661158812000053,54.575789471000064],[13.634857260000047,54.58546757800008],[13.588259269000048,54.584399391000034],[13.490820062000068,54.573056336000036],[13.469665356000064,54.57541580900005],[13.46038565200007,54.57062773200005],[13.434986751000054,54.574587406000035],[13.418736462000027,54.580867245000036],[13.393314797000073,54.59861674700005],[13.383719141000029,54.61199034800006],[13.377238394000074,54.63555880800004],[13.391083261000063,54.65131723700006],[13.428539366000052,54.66014640700007],[13.439012698000056,54.67692178900006],[13.429096602000072,54.68488300900003],[13.407983984000055,54.682224775000066],[13.378259658000047,54.683993531000056],[13.336057422000067,54.67544224800008],[13.287621669000032,54.67379535100008],[13.250612882000041,54.66045915400008],[13.219878455000071,54.640779087000055],[13.225740570000028,54.61231124400007],[13.214809044000049,54.59555191100003],[13.195748149000053,54.58261013500004],[13.167249238000068,54.57373207000006],[13.160936900000024,54.559083361000035],[13.175894601000039,54.560906601000056],[13.174870154000075,54.56544361300007],[13.177190358000075,54.561354479000045],[13.185678195000037,54.570823105000045],[13.194760607000035,54.57215090600005],[13.214099221000026,54.585521150000034],[13.22836004800007,54.58742990800005],[13.229095891000043,54.593062770000074],[13.237939059000041,54.594187411000064],[13.22709691800003,54.625154946000066],[13.263930223000045,54.64314538900004],[13.282402626000021,54.64570451900005],[13.287504452000064,54.62531443900008],[13.257083025000043,54.59008025300005],[13.245451285000058,54.557832649000034],[13.256887344000063,54.56310231300006],[13.277842046000046,54.56440842900008],[13.288225286000056,54.57037698200003],[13.305958051000061,54.57300080200008],[13.315044473000057,54.57931206900008],[13.332396507000055,54.581940745000054],[13.334923654000022,54.58506051300003],[13.327577017000067,54.59340634900008],[13.348189005000052,54.60090104600005],[13.353983329000073,54.61151865100004],[13.368071412000063,54.61469746100005],[13.38410426200005,54.59602623400008],[13.385335252000061,54.58072564200006],[13.396437571000035,54.57257885000007],[13.424791859000038,54.56887819200006],[13.446130972000049,54.55160125900005],[13.483947588000035,54.55401944000005],[13.49040338900005,54.550818511000045],[13.484938043000056,54.558713021000074],[13.511133452000024,54.566114027000026],[13.510272918000055,54.55782361900003],[13.495319551000023,54.56109875900006],[13.491254224000045,54.558827018000045],[13.514186368000026,54.52687127100006],[13.510795553000037,54.528836170000034],[13.507952940000052,54.52523787700005],[13.513606258000038,54.52508502100005],[13.508037536000074,54.52430031800003],[13.514126763000036,54.51029],[13.500073310000062,54.49256321300004],[13.503314556000078,54.47933388700005],[13.508337606000055,54.47699120400006],[13.509044197000037,54.479973277000056],[13.526747969000041,54.48034494800004],[13.548100649000048,54.47490950100007],[13.546870261000038,54.456782513000064],[13.523993895000046,54.44803520500005],[13.531007146000036,54.445109184000046],[13.552038250000066,54.44673303900004],[13.557416425000042,54.44004500300008],[13.553905591000046,54.43542297300007],[13.544973540000058,54.43386079600003],[13.520060964000038,54.43391332400006],[13.520039774000054,54.42956336100008],[13.542169135000051,54.427676106000035],[13.54125054900004,54.41932997500004],[13.534732543000075,54.416515410000045],[13.528049343000077,54.42000449000005],[13.510564597000041,54.41846273400006],[13.503640794000034,54.42568389000007],[13.494308140000044,54.42077528000004],[13.476252417000069,54.424579],[13.475280475000034,54.43197579300005],[13.482233492000034,54.438274679000074],[13.476825160000033,54.43775840100005],[13.48346766900005,54.44286518900003],[13.498524330000066,54.44619491800006],[13.484630792000075,54.44041675700004],[13.482732938000026,54.43559763600007],[13.503909436000072,54.43440628400003],[13.514034759000026,54.44319161000004],[13.500081888000068,54.44449210400006],[13.506171940000058,54.451639631000035],[13.473997449000024,54.451722991000054],[13.470800934000067,54.454042764000064],[13.483822661000033,54.47371486900005],[13.502053052000065,54.47896980500008],[13.500801200000069,54.48228979500004],[13.481262154000035,54.48380828300003],[13.448382098000025,54.47438155100008],[13.441668866000043,54.487342279000075],[13.412582536000059,54.49376865500005],[13.406096514000069,54.50569402900004],[13.414581682000062,54.519874954000045],[13.396323685000027,54.53778265900007],[13.38039388900006,54.546232607000036],[13.376176824000026,54.55983699900003],[13.364358356000025,54.557313771000054],[13.354363926000076,54.54736849300008],[13.387964813000053,54.53997760200008],[13.387669796000068,54.53125660100005],[13.374642645000051,54.52496501500008],[13.373989745000074,54.52035926000008],[13.358824692000042,54.52307067400005],[13.349717422000026,54.51811394300006],[13.344493904000046,54.521397602000036],[13.361301193000031,54.53736108800007],[13.361436903000026,54.54338239200007],[13.336091572000043,54.54850165700003],[13.348171353000055,54.553379121000035],[13.35397781100005,54.55142284800007],[13.361452306000047,54.56925050900003],[13.37066718400007,54.57708447500005],[13.355024411000045,54.58103198100008],[13.297227363000047,54.552434454000036],[13.307486252000047,54.53949645000006],[13.303087731000062,54.52790053400008],[13.312115825000035,54.52442382400005],[13.30490476400007,54.51411689500003],[13.287938660000066,54.52210751600006],[13.295274771000038,54.53682380400005],[13.28941708700006,54.54163532500007],[13.243706167000028,54.55556790500003],[13.174393209000073,54.54570963300006],[13.144180806000065,54.54696566600006],[13.139203638000026,54.54051049700007],[13.149715737000065,54.54195414900005],[13.158279160000063,54.53768670100004],[13.162137786000073,54.514193195000075],[13.170685142000025,54.50783282800006],[13.200486322000074,54.50374766400006],[13.231376325000042,54.51089802000007],[13.228588371000058,54.48544219200005],[13.236642792000055,54.48270088900006],[13.249394842000072,54.48752915400007],[13.256251683000073,54.48598206100007],[13.257917655000028,54.47838735600004],[13.270112699000038,54.47988865600007],[13.25334250700007,54.47133081900006],[13.242167906000077,54.472715031000064],[13.231045619000042,54.467893582000045],[13.248243106000075,54.46754394200008],[13.25325586300005,54.46427342000004],[13.241253253000025,54.46607973600004],[13.235660555000038,54.46220800700007],[13.224492330000032,54.46430362400008],[13.217680750000056,54.45919771800004],[13.206040883000071,54.46027757100006],[13.199987704000023,54.44802557600008],[13.192636635000042,54.45020781000005],[13.192684437000025,54.45532060000005],[13.17058619100004,54.45372846300006],[13.161289228000044,54.43723969200005],[13.149423427000045,54.42813434000004],[13.150196537000056,54.422442139000054],[13.158302433000074,54.42064564900005],[13.171696917000077,54.42523980800007],[13.191694257000051,54.42353082000005],[13.211861745000022,54.42994407600003],[13.220522476000042,54.41378431900006],[13.233899152000049,54.40958701800008],[13.232639538000058,54.413607702000036],[13.237525239000036,54.40984266800007],[13.232403834000024,54.40377200300003],[13.249340035000046,54.40788186000003],[13.254837851000048,54.40571072500006],[13.25169058800003,54.401840400000026],[13.244358160000047,54.40568000500008],[13.230944184000066,54.40234891700004],[13.230236185000024,54.39737250100006],[13.238086457000065,54.386334170000055],[13.259838298000034,54.385622899000055],[13.260337439000068,54.380453844000044],[13.238031841000065,54.37790672600005],[13.237942708000048,54.370808682000074],[13.220442548000051,54.367729154000074],[13.215900526000041,54.37149857900005],[13.202017385000033,54.37137256700004],[13.196950058000027,54.37591105200005],[13.17165176900005,54.37127126000007],[13.157613086000026,54.37493428600004],[13.129931726000052,54.37209273800005],[13.113686682000036,54.33477905400008],[13.13500338700004,54.324116880000076],[13.12910357900006,54.32114076600004],[13.115015675000052,54.322997841000074],[13.104709747000072,54.34745100100008],[13.094463446000077,54.34636003900005],[13.079840947000037,54.35294526900003],[13.093836244000045,54.36577614300006],[13.082578376000072,54.379430385000035],[13.072904548000054,54.383051038000076],[13.048460397000042,54.38012556100006],[13.025666122000075,54.39650689500007],[13.020222249000028,54.41235907600003],[13.024776726000027,54.42211840600004],[13.034138236000047,54.42422203700005],[13.034273547000055,54.43168896800006],[13.028011328000048,54.43692398300004],[13.015778022000063,54.43939322600005],[13.001450513000066,54.437025910000045],[12.989452399000072,54.42588389800005],[12.958925817000022,54.42310709600008],[12.953808565000031,54.416590202000066],[12.92637267400005,54.41395570700007],[12.897716255000034,54.40167037100008],[12.878088494000053,54.36499794000008],[12.865535645000023,54.36232536400007],[12.846313776000045,54.35107725100005],[12.817529698000044,54.350964488000045],[12.80966360900004,54.34360109200003],[12.804007440000078,54.37040120700004],[12.795708551000075,54.37779675500008],[12.785001241000032,54.37947451500003],[12.786491815000034,54.39644471000008],[12.774797050000075,54.38881382400007],[12.76890280300006,54.371609155000044],[12.755854630000044,54.370560272000034],[12.744056327000067,54.38406085400004],[12.740981460000057,54.372886479000044],[12.719540385000073,54.373110473000054],[12.715109918000053,54.398701294000034],[12.700087770000039,54.39848329500006],[12.696490016000041,54.38513563200007],[12.682587051000041,54.374405068000044],[12.688406841000074,54.36813466000007],[12.676439896000034,54.370578660000035],[12.681622936000053,54.38089737100006],[12.69348491200003,54.38608120100008],[12.685625754000057,54.393660932000046],[12.688808018000032,54.40028436300008],[12.714610037000057,54.403968501000065],[12.707489422000037,54.41187866900003],[12.68403253100007,54.40632732200004],[12.66852523700004,54.40813344700007],[12.667457392000074,54.40441610800008],[12.65905562000006,54.404531837000036],[12.660222264000026,54.39858031700004],[12.671437183000023,54.395165071000065],[12.671370199000023,54.39094565700003],[12.622210711000037,54.37220973900003],[12.596852752000075,54.37181180500005],[12.598816068000076,54.361805305000075],[12.58580392500005,54.356233012000075],[12.57465798800007,54.35859882500006],[12.581704477000073,54.37338405000003],[12.566506448000041,54.371581192000065],[12.553757069000028,54.37958553900006],[12.554682421000052,54.372512579000045],[12.534333524000033,54.365175597000075],[12.552579069000046,54.35955385900007],[12.553294778000065,54.356141508000064],[12.538895399000069,54.35249370200006],[12.535702203000028,54.33842926500006],[12.526266028000066,54.33392966400004],[12.51486406600003,54.335460269000066],[12.495582150000075,54.33047408500005],[12.473091152000052,54.32960979300003],[12.478728044000036,54.30392873800008],[12.429371230000072,54.293561209000075],[12.427035763000049,54.37400062700004],[12.436138350000022,54.37908880600003],[12.495643228000063,54.38238971800007],[12.517720219000068,54.37269981500003],[12.525821047000022,54.380666173000066],[12.552502909000054,54.39012452600008],[12.587068205000037,54.389498556000035],[12.592285114000049,54.383636902000035],[12.597820658000046,54.39156656700004],[12.577481770000077,54.396369296000046],[12.577890986000057,54.404328984000074],[12.602664187000073,54.40943113600008],[12.617513313000075,54.40725290000006],[12.610652449000042,54.410910182000066],[12.61719107500005,54.41795374700007],[12.63808160900004,54.42551240600005],[12.653147710000042,54.41050736200003],[12.666362237000044,54.40864687000004],[12.669319030000054,54.42143967100003],[12.693160015000046,54.43225405900006],[12.711464681000052,54.428243905000045],[12.721032708000052,54.432374597000035],[12.74047164600006,54.41511153700003],[12.763237889000038,54.41253520200007],[12.770632871000032,54.417150390000074],[12.786029449000068,54.417371083000035],[12.801847089000034,54.40869883500005],[12.812399378000066,54.41731516200008],[12.831864396000071,54.42305751300006],[12.857539154000051,54.420773233000034],[12.874948301000074,54.413712245000056],[12.900788448000071,54.42054816700005],[12.911515813000051,54.419982032000064],[12.926951676000044,54.42796397400008],[12.915394375000062,54.43882918800006],[12.920989457000076,54.44509465300007],[12.819364690000043,54.440072162000035],[12.676584981000076,54.442182467000066],[12.560918153000046,54.45472725900004],[12.543446948000053,54.459681121000074],[12.52607087000007,54.47120165900003],[12.530118138000034,54.48207539600003],[12.518488411000021,54.484282703000076],[12.52835402900007,54.48553596600004],[12.522122122000042,54.486566151000034],[12.499472849000028,54.47334064800003],[12.453568998000037,54.40620381100007],[12.436295142000063,54.39169985400008],[12.405930868000041,54.376936027000056],[12.340871765000031,54.30054807300007],[12.306529436000062,54.28215034800007],[12.192888292000077,54.24099205500005],[12.127472193000074,54.186061050000035],[12.106867363000049,54.17833696900004],[12.093694654000046,54.185417192000045],[12.100993421000055,54.16928820800007],[12.086852018000059,54.185940292000055],[12.061463651000054,54.178054813000074],[12.011360171000035,54.17833633400005],[11.849773748000075,54.14500207100008],[11.797592130000055,54.14680314900005],[11.761385158000053,54.154501921000076],[11.682936883000025,54.153271182000026],[11.608383321000076,54.10703224500003],[11.589332555000055,54.099530833000074],[11.567841713000064,54.09818837300003],[11.552519675000042,54.09268650300004],[11.525096768000026,54.07092635600003],[11.52620547600003,54.06828107200005],[11.534542754000029,54.07402394400003],[11.536994621000076,54.057317658000045],[11.531759690000058,54.04918266300007],[11.542182581000077,54.05496779600003],[11.53872909000006,54.05745303900005],[11.548263016000021,54.066360546000055],[11.56914279800003,54.07867569700005],[11.563526176000039,54.07815442100008],[11.576837921000049,54.08082645200005],[11.58748967200006,54.093136247000075],[11.602284374000021,54.09576272000004],[11.599832776000028,54.09955878200003],[11.604809509000063,54.102832094000064],[11.614716895000072,54.101583883000046],[11.626244382000039,54.09015710800003],[11.62446961300003,54.076782381000044],[11.610400843000036,54.06814043500003],[11.582608514000071,54.06368863400007],[11.58709089100006,54.04698526900006],[11.568796976000044,54.030945931000076],[11.543796589000067,54.02476913800007],[11.53291273700006,54.02820280800006],[11.529102439000042,54.033848713000054],[11.51852742400007,54.03028601800003],[11.518246625000074,54.02572018500007],[11.533409124000059,54.02539146300006],[11.534008696000058,54.01964439400007],[11.509775773000058,54.01190584400007],[11.49691258200005,53.99521654500006],[11.490512882000075,53.99378729000006],[11.499817375000077,53.98595464300007],[11.491306670000029,53.97737082000003],[11.493927841000072,53.97084195800005],[11.487918702000059,53.96823029300003],[11.488146277000055,53.97554058400004],[11.483075909000036,53.97143840700005],[11.473250471000028,53.97110338900006],[11.470157111000049,53.96536211800003],[11.47809182800006,53.96402619300005],[11.478107477000037,53.96900772600003],[11.482969138000044,53.96810811000006],[11.477756409000051,53.93449725900007],[11.48165030000007,53.92739063000005],[11.478185799000073,53.92563161700008],[11.472851684000034,53.92832790600005],[11.45817015700004,53.91667023900004],[11.444659176000073,53.914898495000045],[11.447296305000066,53.90490709000005],[11.463495564000027,53.90240365600005],[11.455625240000074,53.902070525000056],[11.463784963000023,53.89916906500008],[11.457068199000048,53.899467],[11.460437385000034,53.89549207200008],[11.453167711000049,53.899680379000074],[11.452965580000068,53.89482222000004],[11.450469278000071,53.90007542200004],[11.436161322000032,53.90008538600006],[11.43689407000005,53.91106474800006],[11.403606831000047,53.921493213000076],[11.40116241100003,53.92733266600004],[11.40683655500004,53.93520241600004],[11.388598159000026,53.93913243800006],[11.365038223000056,53.93513886300008],[11.334459459000072,53.95897482100003],[11.326423581000029,53.95689443800006],[11.314834457000075,53.94207060400004],[11.288720974000057,53.93157107400003],[11.27320124800002,53.93126458100005],[11.253911321000032,53.937149085000044],[11.252873083000054,53.94216916700003],[11.24825830800006,53.94041346700004],[11.24555261200004,53.94279289600007],[11.241481071000067,53.954145065000034],[11.245890158000066,53.97315706000006],[11.254337967000026,53.97263530400005],[11.259721807000062,53.98353747500005],[11.253206673000022,53.98765602200007],[11.241183386000046,53.98241121700005],[11.228124563000051,53.98253039400004],[11.207202652000035,53.98837536600007],[11.193217493000077,54.000381323000056],[11.191356359000054,54.00942154000006],[11.179984661000049,54.015166313000066],[11.144461518000071,54.00964432300003],[11.08959472600003,54.013656809000054],[11.04223928600004,54.00663971700004],[10.984628352000072,53.988631550000036],[10.933514304000028,53.96493270500008],[10.903661739000029,53.95682190400004],[10.90946271100006,53.946269131000065],[10.896389017000047,53.935969972000066],[10.895097608000071,53.924548179000055],[10.898790227000063,53.92228175900004],[10.91300559900003,53.92404096200005],[10.929871939000066,53.91827987000005],[10.939332292000074,53.91933377500004],[10.94936997000002,53.91290222100008],[10.961601488000042,53.91420491000008],[10.967064611000069,53.90720486500004],[10.958973168000057,53.91026217700005],[10.936785593000025,53.90064944800008],[10.911023571000044,53.89795245600004],[10.902096619000076,53.90629077700004],[10.911293636000039,53.91522558500003],[10.882571899000027,53.92449744800007],[10.874724245000039,53.914541513000074],[10.859162006000076,53.90941328900004],[10.85553370200006,53.90478857100004],[10.848295373000042,53.90511444400005],[10.84721081300006,53.89694307000008],[10.818926895000061,53.89353337500006],[10.807301057000075,53.88611576000005],[10.802402824000069,53.87708186300006],[10.771051213000021,53.87318592200006],[10.75945034700004,53.85826038300007],[10.747711196000068,53.85151096100003],[10.75365010400003,53.848574358000064],[10.747850837000044,53.83336433200003],[10.761591085000077,53.82260092000007],[10.765025987000058,53.80323395600004],[10.77325182800007,53.79238742100006],[10.765915440000072,53.779901119000044],[10.770256497000048,53.775480636000054],[10.757976798000072,53.76359398900007],[10.758032962000073,53.74751747100004],[10.771923908000076,53.749416964000034],[10.805916825000054,53.73920983100004],[10.81087590900006,53.72007232000004],[10.824675419000073,53.71100376800007],[10.84334334500005,53.707855014000074],[10.846011016000034,53.704343605000076],[10.852170852000029,53.705844650000074],[10.85094371200006,53.70012493000007],[10.862982071000033,53.70394465700008],[10.880307946000073,53.70233034900008],[10.886416616000076,53.70566335800004],[10.905289034000077,53.70329428600007],[10.92214199800003,53.69946897400007],[10.926053755000055,53.69204576700008],[10.918971741000064,53.68915885600006],[10.941766725000036,53.684542330000056],[10.944264482000051,53.67417382900004],[10.938627285000052,53.665821589000075],[10.94516343500004,53.659094295000045],[10.948568527000077,53.661352323000074],[10.954884038000046,53.65670542500004],[10.950750905000064,53.645829511000045],[10.944968911000046,53.646784894000064],[10.94764645500004,53.642444382000065],[10.929562994000037,53.62870715300005],[10.91746530100005,53.59931596300004],[10.923795348000056,53.58418603200005],[10.909484477000035,53.571450327000036],[10.894826360000025,53.572411],[10.863702017000037,53.56463232800007],[10.850144901000021,53.56527063300007],[10.842194048000067,53.57484228200008],[10.823260709000067,53.57518053600006],[10.82440759800005,53.55627178700007],[10.83190563900007,53.54258247200005],[10.818690755000034,53.53392400700005],[10.821614072000045,53.524009757000044],[10.814518483000029,53.52202490800005],[10.824605697000038,53.517856179000034],[10.824333999000032,53.513741234000065],[10.810642965000056,53.51618981900003],[10.786431193000055,53.51045659500005],[10.777781471000026,53.495181469000045],[10.756012052000074,53.483393584000055],[10.73123832500005,53.47947954800003],[10.726819043000035,53.48134794300006],[10.720736302000034,53.47606599200003],[10.701661228000034,53.47825541700007],[10.692973050000035,53.45513809600004],[10.65204256100003,53.46147700800003],[10.64714447700004,53.45741795400005],[10.632308138000042,53.45480292900004],[10.622706547000064,53.425866374000066],[10.618366003000062,53.42537129400006],[10.616679962000035,53.405090424000036],[10.621397011000056,53.398570661000065],[10.616903899000022,53.38456959200005],[10.599104761000035,53.37782756900003],[10.595046796000076,53.36392755500003],[10.630703698000048,53.37077342900005],[10.67681051300002,53.36746305200006],[10.700692790000062,53.370022808000044],[10.72691784500006,53.35781822100006],[10.738086469000052,53.342343751000044],[10.763084739000021,53.33885055700006],[10.759653773000025,53.32998715700006],[10.767568680000068,53.33046448700003],[10.793262567000056,53.31556723800003],[10.82619752200003,53.31239238100005],[10.828647843000056,53.306912304000036],[10.835805651000044,53.30496954600005],[10.850790504000031,53.30999674900005],[10.853413750000072,53.31586516200008],[10.870239973000025,53.31771645400005],[10.866042710000045,53.32691203300004],[10.880534985000054,53.321098375000076],[10.888028505000023,53.32438191700004],[10.880321176000052,53.33552716200006],[10.892650507000042,53.33430756300004],[10.894713589000048,53.336655703000076],[10.899241034000056,53.33419644400004],[10.909678890000066,53.33769420600004],[10.91936134100007,53.34841964600008],[10.928245165000021,53.34811826400005],[10.934005662000061,53.33929135400007],[10.955539249000026,53.33346130500007],[10.959360782000033,53.338525093000044],[10.98800062500004,53.33342650900005],[10.982661493000023,53.32753642500006],[10.999075976000029,53.32102386400004],[11.002257821000057,53.30520126400006],[11.00870229800006,53.30063582100007],[11.002965050000057,53.29354998200006],[11.008358820000069,53.291760887000066],[11.00945596400004,53.281479226000044],[11.027571986000055,53.27893991700006],[11.062258289000056,53.23545317500003],[11.080144558000029,53.22052073300006],[11.115520266000033,53.204510027000026],[11.13848682500003,53.20250479600003],[11.136510951000048,53.19940495900005],[11.144989789000022,53.19777855800004],[11.136703673000056,53.19184228000006],[11.179890860000057,53.186677204000034],[11.194111225000029,53.18118602900006],[11.189082437000025,53.16561954500003],[11.171861639000042,53.15664420300004],[11.184573730000068,53.13642115600004],[11.193928415000073,53.13522677600008],[11.212636693000036,53.14414314000004],[11.226407147000032,53.143280048000065],[11.245697268000072,53.13642192400005],[11.265731921000054,53.12197789600003],[11.282967055000029,53.12143720600005],[11.290417442000034,53.116903464000075],[11.300001277000035,53.11641859200006],[11.324723649000077,53.119301731000064],[11.336617515000057,53.11374620400005],[11.360716253000021,53.11622115500006],[11.370908393000036,53.11155586000007],[11.393767787000058,53.11030257200008],[11.400568233000058,53.11581842900006],[11.39180096900003,53.12965422600007],[11.39562750500005,53.14000024000006],[11.413903223000034,53.13669801300006],[11.42176424400003,53.14094835700007],[11.438672635000046,53.13669280900007],[11.46083519800004,53.14023122400005],[11.473707470000022,53.134609443000045],[11.47343008300004,53.127251493000074],[11.484081342000025,53.129033365000055],[11.500484064000034,53.12642114600004],[11.502223232000063,53.121386090000044],[11.510049323000032,53.12554328200008],[11.534572129000026,53.125318348000064],[11.536372313000072,53.12924201700008],[11.548510908000026,53.13082253400006],[11.546942806000061,53.13474634100004],[11.555961848000038,53.13877893700004],[11.550083332000042,53.151074331000075],[11.556524811000031,53.15041946400004],[11.569364935000067,53.166094858000065],[11.562553250000065,53.175827026000036],[11.567079706000072,53.18249488300006],[11.557823814000074,53.184858570000074],[11.560579867000058,53.20267318600003],[11.551586451000048,53.20840728500008],[11.588957117000064,53.21584109200006],[11.599042680000025,53.22498278300003],[11.616845770000054,53.23060384000007],[11.619700986000055,53.23768329400008],[11.629237266000075,53.24222453700003],[11.640199166000059,53.23864798300008],[11.653620229000069,53.23916771000006],[11.66701112100003,53.24421851200003],[11.690951935000044,53.24175642200004],[11.700017775000049,53.243977965000056],[11.714625445000024,53.230507654000064],[11.727526668000053,53.231664583000054],[11.729329797000048,53.21715177500005],[11.769071032000056,53.22749111300004],[11.828893642000025,53.22865502600007],[11.832991271000026,53.23203560500008],[11.829610195000043,53.23650808300005],[11.796067194000045,53.25334819600005],[11.816670405000025,53.25418942700003],[11.86174684200006,53.24821692000006],[11.86685903700004,53.25655141800007],[11.88986116700005,53.26905112800006],[11.892603005000069,53.278981130000034],[11.90470149400005,53.27459044100004],[11.945417853000038,53.27433594000007],[11.948063009000066,53.27176964900008],[11.965708627000026,53.28522627000007],[11.97385789200007,53.29915948900003],[11.986470175000022,53.299825422000026],[11.987695475000066,53.29566106900006],[11.99706674500004,53.29390563700008],[12.00282055200006,53.299644269000055],[12.018530148000025,53.29959472200005],[12.02363949200003,53.30414308600007],[12.018506051000031,53.31543469300004],[12.02207512900003,53.321288749000075],[12.014610854000068,53.33442360000004],[12.05733934500006,53.34934209900007],[12.047403818000078,53.36123918800007],[12.051371611000036,53.36686881500003],[12.045284959000071,53.37098764500007],[12.06162346900004,53.371419407000076],[12.077546787000074,53.36938681400005],[12.08207756400003,53.34629866300003],[12.092089179000027,53.344856410000034],[12.109173054000053,53.343806106000045],[12.108576477000042,53.34966499700005],[12.134450322000077,53.348430378000046],[12.139441255000065,53.36141672200006],[12.141261634000045,53.35905514900003],[12.151951147000034,53.36150523600003],[12.156507838000039,53.34971713700003],[12.16856047400006,53.33911698000003],[12.186848423000072,53.34333491600006],[12.186214747000065,53.350701729000036],[12.191119707000041,53.353951090000066],[12.212185135000027,53.35316106300007],[12.229435329000069,53.358160532000056],[12.236430164000069,53.34197901500005],[12.245293925000055,53.33301354100007],[12.26000736100002,53.32772280700004],[12.260207483000045,53.32391218400005],[12.291303295000034,53.32867678900004],[12.310765272000026,53.32724170900008],[12.311021588000074,53.32321816100006],[12.342998588000057,53.31591520900008],[12.363312774000065,53.306711318000055],[12.394247808000046,53.301805355000056],[12.398232221000058,53.29465908000003],[12.391832331000046,53.28505686400007],[12.400425054000038,53.279186191000065],[12.428008562000059,53.27498756300008],[12.431579877000047,53.262580220000075],[12.445312164000029,53.24992826400006],[12.467090953000024,53.256234231000064],[12.497630934000028,53.255200871000056],[12.50240059500004,53.262172289000034],[12.529768323000042,53.264788321000026],[12.549913353000022,53.26198050000005],[12.606046712000023,53.24439545700005],[12.62841923600007,53.25455521500004],[12.660557174000076,53.254409578000036],[12.668288589000042,53.24816448100006],[12.675657612000066,53.24771916200007],[12.663967039000056,53.23495059800007],[12.671179075000055,53.229504646000066],[12.722738169000024,53.22166880600008],[12.757410986000025,53.224352804000034],[12.749508545000026,53.206328119000034],[12.739492982000058,53.19960159200008],[12.759146611000062,53.19500350800007],[12.764381357000048,53.18893054700004],[12.784920434000071,53.18784475100006],[12.799087274000044,53.19106868100005],[12.808879483000055,53.19764702800006],[12.814871837000055,53.191976202000035],[12.817167563000055,53.196060534000026],[12.82078748500004,53.19341995800005],[12.824692308000067,53.19705096700005],[12.837911674000054,53.19725783300004],[12.845979184000043,53.20140215400005],[12.858871614000066,53.18817731300004],[12.880109598000047,53.17969011800005],[12.88949229800005,53.18040471300003],[12.892039930000067,53.187950270000044],[12.91284190400006,53.19517415200005],[12.929737504000059,53.19441722000005],[12.919965668000032,53.186376848000066],[12.934397870000055,53.18822705000008],[12.942431011000053,53.18592652400008],[12.94392732600005,53.190922639000064],[12.937114713000028,53.19431551200006],[12.948866528000053,53.199274],[12.964244872000052,53.200391513000056],[12.976880937000033,53.197366456000054],[12.97943353200003,53.19055157100007],[12.941998415000057,53.17431547000007],[12.947271597000054,53.172501304000036],[12.961513638000042,53.177737671000045],[12.968517510000027,53.16636630000005],[12.980466333000038,53.16252656800003],[12.991544408000038,53.16855505600006],[13.006203606000042,53.167284675000076],[13.009133315000042,53.172850089000065],[13.02003720700003,53.17570997000007],[13.018727499000022,53.18524596700007],[13.02801118900004,53.18559141700007],[13.042414509000025,53.196499403000075],[13.069129516000032,53.20364037200005],[13.079532891000042,53.20018375500007],[13.087270012000033,53.21540015800008],[13.093809081000074,53.21708813500004],[13.097477165000043,53.21298986200003],[13.10656403300004,53.21515262500003],[13.103262174000065,53.23554035600006],[13.109925574000044,53.24022827600004],[13.132976754000026,53.23731754200003],[13.137411603000032,53.24461811500004],[13.152220904000046,53.25111397900008],[13.152550302000066,53.24603817700006],[13.163796458000036,53.249759950000055],[13.17520391100004,53.24717577400003],[13.181914294000023,53.25073407200006],[13.202681010000049,53.22212072200006],[13.229391856000063,53.21658689600008],[13.238833469000042,53.22550966600005],[13.239651352000067,53.23894298500005],[13.251243006000038,53.24738983900005],[13.243751248000024,53.24869111600003],[13.252714248000075,53.26230544200007],[13.275313892000042,53.26506079400008],[13.28441560300007,53.27567465700008],[13.297801779000054,53.28089250200003],[13.337075713000047,53.27342781600004],[13.349203210000042,53.27825848600003],[13.360450599000046,53.27799893300005],[13.368601805000026,53.271037834000026],[13.37063243800003,53.26175920500003],[13.386110006000024,53.25047581100006],[13.386533825000072,53.244054609000045],[13.405174674000023,53.24641823500008],[13.40768375600004,53.26263086000006],[13.42092044900005,53.269643563000045],[13.431510177000064,53.284551013000055],[13.435129711000059,53.28278236400007],[13.442401330000052,53.28648496400007],[13.434135608000076,53.28993918900005],[13.438730754000062,53.29198796700007],[13.434949826000036,53.294723015000045],[13.43820812100006,53.29973323400003],[13.456185332000075,53.297954994000065],[13.461282870000048,53.288693039000066],[13.48306387200006,53.29120339600007],[13.507267352000042,53.31623291200003],[13.502842524000073,53.327333245000034],[13.510114440000052,53.317449416000045],[13.523531386000059,53.32008458400003],[13.51963399500005,53.33796728300007],[13.525261424000064,53.35102041700003],[13.516854329000068,53.35209251500004],[13.525997361000066,53.366346957000076],[13.54342450200005,53.36403224400004],[13.547431004000032,53.37189932900003],[13.556369896000035,53.376092380000046],[13.556795678000071,53.37963936500006],[13.550206570000057,53.38093642700005],[13.556587112000045,53.391562745000044],[13.54620652400007,53.39419501800006],[13.550112204000072,53.399081272000046],[13.564063525000051,53.400759461000064],[13.573618650000071,53.40809337500008],[13.593482041000073,53.40778422400007],[13.610508935000041,53.41375914300005],[13.625216954000052,53.409302567000054],[13.636017347000063,53.42351863500005],[13.628841215000023,53.43199978300004],[13.637299504000055,53.43258406700005],[13.638886398000068,53.438055459000054],[13.633898245000069,53.43986754700006],[13.640500227000075,53.44723875200003],[13.651289689000066,53.44369090300006],[13.662562318000028,53.457739651000054],[13.702992187000063,53.47364517200003],[13.71539978100003,53.482260877000044],[13.73578132700004,53.481413056000065],[13.74137283600004,53.48580699900003],[13.752976128000057,53.47827558300003],[13.778939257000047,53.47421523100007],[13.802029984000058,53.47802707000005],[13.812079406000066,53.483943984000064],[13.827102382000021,53.498713707000036],[13.808974707000061,53.50180077400006],[13.801459747000024,53.49795631100005],[13.792463027000053,53.51094196100007],[13.777657389000069,53.51370533800008],[13.77637607400004,53.53129006000006],[13.791347175000055,53.558577928000034],[13.800570522000044,53.55825461900008],[13.798463285000025,53.545689605000064],[13.823875041000065,53.52113695700007],[13.821728497000038,53.51811033900003],[13.848404712000047,53.514310590000036],[13.879268139000033,53.504139956000074],[13.873924621000072,53.490594920000035],[13.884590220000064,53.48533669500006],[13.875591803000077,53.47346619700005],[13.918213428000058,53.455998470000054],[13.917505496000047,53.44652703100007],[13.906287562000045,53.44388294700008],[13.911394254000072,53.43653970500003],[13.902893509000023,53.43202501500008],[13.916373270000065,53.42226627100007],[13.946492797000076,53.43081063000005],[13.962079708000033,53.429896936000034],[14.001216932000034,53.43499156300004],[14.00659107100006,53.43041088100006],[14.045604131000061,53.42942541900004],[14.050577998000051,53.41398786600007],[14.071200818000023,53.41499366800008],[14.08222394300003,53.41091170300007],[14.082285812000066,53.41557589300004],[14.093922426000063,53.422119972000075],[14.105426101000035,53.42242613900004],[14.121843780000063,53.44170762200008],[14.136759841000071,53.441001149000044],[14.176961664000032,53.42286728900007],[14.20591111400006,53.42302691000003],[14.224661388000072,53.43424798500007],[14.237712313000031,53.42734197800007],[14.243144164000057,53.39232073000005],[14.223406622000027,53.358563229000026],[14.184022256000048,53.32762657900008],[14.109653481000066,53.28263829000008],[14.098817346000033,53.26167191500008],[14.124789098000065,53.260225164000076],[14.160239071000035,53.26781071400006],[14.175976627000068,53.262071691000074],[14.200159461000055,53.261772386000075],[14.211057786000026,53.25481373300005],[14.266048356000056,53.25959485200008],[14.262188670000057,53.27660236100007],[14.301854254000034,53.28622360900005],[14.316569422000043,53.31233554700003],[14.348660478000056,53.30996973100008],[14.361642649000032,53.31756161700008],[14.376636296000072,53.31628239500003],[14.381543153000052,53.32388693000007],[14.39536669000006,53.328883346000055],[14.412381009000057,53.32959336200008]]]]},"properties":{"shapeName":"Mecklenburg-Vorpommern","shapeISO":"","shapeID":"9070358B60782008682549","shapeGroup":"DEU","shapeType":"ADM2"}},
{"type":"Feature","geometry":{"type":"Polygon","coordinates":[[[9.928338772000075,51.37529875400003],[9.94199842200004,51.37842853300003],[9.965943386000049,51.39547685400004],[9.987396261000072,51.39792255800006],[9.994024725000031,51.403885082000045],[10.000375476000045,51.40365515500008],[10.009328775000029,51.420603553000035],[10.037843720000069,51.420004938000034],[10.042839761000039,51.42756567500004],[10.05144247100003,51.43032135700008],[10.046802958000058,51.43667335500004],[10.058782046000033,51.43489253100006],[10.064526483000066,51.41982112100004],[10.069108089000053,51.41843830500005],[10.079582877000064,51.42530609100004],[10.08010799300007,51.43456023500005],[10.090837988000033,51.43565495000007],[10.116933377000066,51.43022978000005],[10.12110509400003,51.434156690000066],[10.131754966000074,51.43553045300007],[10.140393810000035,51.429718251000054],[10.152939908000064,51.43025975900008],[10.140460565000069,51.43774360300006],[10.140004545000068,51.44261411700006],[10.152150065000058,51.44714439000006],[10.155819131000044,51.44361944900004],[10.158805836000056,51.44675490600008],[10.174306043000058,51.44625609900004],[10.180194512000071,51.455788847000065],[10.177202022000074,51.45743607600008],[10.186011892000067,51.46217418900005],[10.178251590000059,51.47001635500004],[10.201975121000032,51.48651977000003],[10.218201975000056,51.478539640000065],[10.216946043000064,51.47007501300004],[10.226711304000048,51.473811470000044],[10.233173013000055,51.470846384000026],[10.244677551000052,51.48373508600008],[10.272759015000076,51.48822097500005],[10.273233167000058,51.49139163900003],[10.284429336000073,51.494440474000044],[10.29966982600007,51.493896094000036],[10.299850418000062,51.50495074300005],[10.308817636000072,51.51513978300005],[10.318031301000076,51.513977914000066],[10.342275478000033,51.51949714700004],[10.348125353000057,51.532173399000044],[10.36766403300004,51.54303646400007],[10.37218497400005,51.55299273700007],[10.365365040000029,51.55589099400004],[10.378624329000047,51.56270666700004],[10.37899856000007,51.568572698000025],[10.378791030000059,51.57938137000008],[10.370023394000043,51.58753647800006],[10.406303452000031,51.58650028900007],[10.42919998900004,51.592532980000044],[10.444382462000021,51.589656210000044],[10.450973715000032,51.58402631600006],[10.46703937500007,51.58338076600006],[10.49569585100005,51.57278824600007],[10.509581470000057,51.55679233700005],[10.51897376100004,51.55376345500008],[10.534052417000055,51.559358538000026],[10.545460228000024,51.55573416000004],[10.560269030000029,51.55706798800003],[10.569985101000043,51.56334159800008],[10.587912280000069,51.56758557400008],[10.60426426400005,51.57957531100004],[10.621637070000077,51.57577402100003],[10.636525145000064,51.56222650500007],[10.645524042000034,51.562778311000045],[10.644767149000074,51.56001727700004],[10.65679616600005,51.558301647000064],[10.666306959000053,51.578098684000054],[10.638674695000077,51.58411696600007],[10.633496085000047,51.60790292200005],[10.64900050700004,51.60651421500006],[10.638209992000043,51.61943703600008],[10.66715014700003,51.62836845500004],[10.682480919000056,51.62891703300005],[10.675842715000044,51.63321156300003],[10.677282757000057,51.63837586000005],[10.69868531000003,51.63948433200005],[10.701371992000077,51.642187644000046],[10.691702454000051,51.64650390800006],[10.682880157000056,51.66062388200004],[10.670507134000047,51.66691268200003],[10.663060041000051,51.691212377000056],[10.672617031000073,51.69696554300003],[10.66830728900004,51.709908031000055],[10.642022649000069,51.72528954100005],[10.642870748000064,51.73028134800006],[10.631713464000029,51.739533092000045],[10.626096715000074,51.75901689600005],[10.605945562000045,51.76244442400008],[10.591200480000055,51.76898765200008],[10.58152014500007,51.780005549000066],[10.583918723000068,51.79882296400007],[10.574202936000063,51.81086567300008],[10.578735940000058,51.828652326000054],[10.588429865000023,51.835785772000065],[10.576971041000036,51.84298725900004],[10.579100529000073,51.84825725500008],[10.584468982000033,51.85305717500006],[10.602615383000057,51.854545133000045],[10.616032827000026,51.86965422600008],[10.63232978600007,51.87216491700008],[10.649322126000072,51.889104935000034],[10.648214683000049,51.90824476700004],[10.638159354000038,51.91596588300007],[10.613313788000028,51.921515277000026],[10.61811139100007,51.931477382000026],[10.613260484000023,51.93946787400006],[10.622477642000035,51.94754119000004],[10.63304701800007,51.94849859300007],[10.651303746000053,51.957561078000026],[10.641704442000048,51.962627964000035],[10.61994121500004,51.95767862100007],[10.619617076000054,51.96693615500004],[10.606237285000077,51.96866572300007],[10.606232853000051,51.97728740800005],[10.585689560000048,51.97622972400006],[10.586778821000053,51.98273184100003],[10.561226988000044,52.00406594000003],[10.574741226000071,52.00636094500004],[10.572969629000056,52.01044576100003],[10.59159515600004,52.01134222600007],[10.592280206000055,52.01420352700006],[10.596599965000053,52.014365534000035],[10.600194240000064,52.007165677000046],[10.611902325000074,52.01004676500003],[10.626019658000075,52.008197848000066],[10.621436009000035,52.01033426400005],[10.638972151000075,52.01532529900004],[10.642216826000038,52.022916088000045],[10.655491985000026,52.02468661700004],[10.647886656000026,52.041720816000065],[10.687385237000058,52.04813820700008],[10.74506387300005,52.048787944000026],[10.758284329000048,52.04804164700005],[10.759892655000044,52.045085088000064],[10.77537170200003,52.05014145000007],[10.828707491000046,52.04774865100006],[10.851441979000072,52.05033732000004],[10.878944232000038,52.05920304000006],[10.935961366000072,52.059709885000075],[10.96441459700003,52.05664316000008],[10.973049718000027,52.073123931000055],[10.970652820000055,52.08626494300006],[10.942004994000058,52.09436284900005],[10.942159787000037,52.103090284000075],[10.965668145000052,52.107115340000064],[10.97687750700004,52.10572885400006],[11.00916320500005,52.11992783900007],[11.017470083000035,52.12825973400004],[11.04413517200004,52.13366550400008],[11.045039177000035,52.14355384300006],[11.060428364000074,52.15347401100007],[11.05461848400006,52.16025607600005],[11.061481095000033,52.16524303800003],[11.060336962000065,52.17238740800008],[11.035923513000057,52.17172844400005],[11.019244599000046,52.17808702000008],[11.013169195000046,52.185877693000066],[11.013646589000075,52.199556191000056],[11.02457987400004,52.20109582400005],[11.021394558000054,52.20497925800004],[11.029448371000058,52.21144837400004],[11.077184889000023,52.21867656400008],[11.086244119000071,52.228633838000064],[11.073267500000043,52.24323969100004],[11.058907194000028,52.240651771000046],[11.052167702000077,52.267363551000074],[11.042943950000051,52.272010686000044],[11.029066818000047,52.27012102300006],[11.013800797000044,52.28664905000005],[11.012506508000058,52.29132000800007],[11.039222682000059,52.30167186500006],[11.036015160000034,52.31039603900007],[11.011616662000051,52.32824106500004],[11.001076691000037,52.32748052200003],[11.002083240000047,52.336585384000045],[10.98791249900006,52.335015948000034],[10.983673924000072,52.34168646200004],[11.022980602000075,52.34743293500003],[11.023596170000076,52.34423206500003],[11.037356481000074,52.34474236900007],[11.043939507000061,52.34933868000007],[11.057474478000074,52.35033314600008],[11.061613905000058,52.357452969000065],[11.06380755400005,52.354154089000076],[11.068684252000025,52.355477636000046],[11.067000153000038,52.36987737700008],[11.074479825000026,52.37440326600006],[11.068810227000029,52.376522124000076],[11.066544204000024,52.37319982500003],[11.046752836000053,52.38787017700008],[11.039004142000067,52.38890951900004],[11.041867311000033,52.38638383300008],[11.036299796000037,52.38520951300006],[11.022946034000029,52.392635452000036],[11.015160053000045,52.38810680700004],[11.018695124000033,52.39704204700007],[11.005578878000051,52.40887152800008],[10.991645018000042,52.41333494200006],[10.994628376000037,52.41511332600004],[10.989408015000038,52.42030296900003],[10.962261127000033,52.43473785500004],[10.94782168300003,52.453949100000045],[10.933745728000076,52.46095212700004],[10.934584997000059,52.47617439600003],[10.940981083000054,52.47660079500008],[10.94355590500004,52.49234953000007],[10.949993653000035,52.49560565200005],[10.974840401000051,52.50136334900003],[10.982261613000048,52.49696464200008],[11.008781744000032,52.49674764500003],[10.958992317000025,52.53555397200006],[10.937575735000053,52.56739965300005],[10.94168946800005,52.57974465600006],[10.947435541000061,52.582550068000046],[10.939817470000037,52.58957310000005],[10.953259830000036,52.59286752200006],[10.959519013000033,52.59989230700006],[10.975629190000063,52.60682491300008],[10.976967998000077,52.62414161800007],[10.964248328000053,52.62585473200005],[10.94517402200006,52.62021641700005],[10.943396820000032,52.61491320200008],[10.927160295000022,52.60926157000006],[10.921411939000052,52.61043708200003],[10.925026272000025,52.61459685500006],[10.91505285200003,52.61763496000003],[10.91310319400003,52.624098090000075],[10.904377968000063,52.627466782000056],[10.896868342000062,52.64270869000006],[10.87902680700006,52.65599645700007],[10.87775885000002,52.663832479000064],[10.85967750900005,52.67459028900004],[10.837507475000052,52.695809593000035],[10.829703151000047,52.716135165000026],[10.824460067000075,52.717974637000054],[10.796696774000054,52.71432635700006],[10.793282401000056,52.72996828200007],[10.788176141000065,52.73317231600004],[10.791665848000036,52.74819658000007],[10.787645076000047,52.75296713100005],[10.776207966000072,52.75478884100005],[10.77548289300006,52.76236112300006],[10.75618154800003,52.78287650400006],[10.759314389000053,52.79583028300004],[10.749240590000056,52.796668871000065],[10.74382494300005,52.789314165000064],[10.72318513700003,52.783329835000075],[10.69467157300005,52.78169877800008],[10.688339886000051,52.775157715000034],[10.682592142000033,52.77562529700003],[10.682831028000066,52.772382820000075],[10.67466243900003,52.77324031200004],[10.668471942000053,52.76894798100005],[10.669901372000027,52.765063731000055],[10.634437555000034,52.77253505900006],[10.601948437000033,52.79565612500005],[10.593669378000072,52.794637812000076],[10.579610678000051,52.815223884000034],[10.55246369100007,52.83239791900007],[10.532566762000044,52.834222],[10.536512146000064,52.83074920200005],[10.531008973000041,52.82795479300006],[10.523872101000052,52.83243070600008],[10.458864339000058,52.809112791000075],[10.444409846000042,52.81576326900006],[10.419893221000052,52.79989833800005],[10.419415190000052,52.793532310000046],[10.39598600100004,52.77537079700005],[10.395800932000043,52.76221583500006],[10.403443817000039,52.75876385500004],[10.380947955000067,52.734922217000076],[10.366559152000036,52.72949145300004],[10.362937456000054,52.721998159000066],[10.373073409000028,52.711985749000064],[10.370495463000054,52.70239791700004],[10.37834715400004,52.69477181600007],[10.367241071000024,52.69199908300004],[10.368674815000077,52.68969061200005],[10.384498978000067,52.690600104000055],[10.387248364000072,52.67885644300003],[10.39241497100005,52.67900389400006],[10.390475182000046,52.67383729000005],[10.399505394000073,52.669100091000075],[10.405978555000047,52.657530447000056],[10.379570234000028,52.63266229900006],[10.413142459000028,52.610124849000044],[10.412092418000043,52.60597052700007],[10.417396835000034,52.60659620500007],[10.402013443000044,52.59649066800006],[10.399463084000047,52.58509765300005],[10.381051992000039,52.57915507800004],[10.38159554200007,52.57301441200008],[10.38467587100007,52.56849282300004],[10.410867769000049,52.57295805500007],[10.410596827000063,52.56412374800004],[10.396614173000046,52.56481754300006],[10.400880047000044,52.557618166000054],[10.393498661000024,52.558307909000064],[10.392436585000041,52.55516973200008],[10.378283209000074,52.560511045000055],[10.383084250000024,52.54707200800004],[10.351661627000055,52.56115952700003],[10.346482025000057,52.55719251600004],[10.352033081000059,52.55476009600005],[10.346494332000077,52.545664980000026],[10.335879985000076,52.54845755000008],[10.337749727000073,52.540275121000036],[10.325860577000071,52.539456940000036],[10.323993736000034,52.542698303000066],[10.316973821000033,52.53536305600005],[10.304696978000038,52.53389595400006],[10.310948906000021,52.53035320200007],[10.306234706000055,52.52252210200004],[10.281819476000067,52.52790424900007],[10.282856350000031,52.516799450000065],[10.26011229200003,52.51824853800008],[10.273742337000044,52.51064006100006],[10.288987976000044,52.50633320800006],[10.272232471000052,52.48284092000006],[10.281610341000032,52.47484506500007],[10.289806154000075,52.473249914000064],[10.293450603000053,52.464254201000074],[10.303397308000058,52.458721051000055],[10.299237120000043,52.455468892000056],[10.29448289100003,52.46039987700004],[10.286176173000058,52.46089037400003],[10.28995479300005,52.45777474100004],[10.282161701000064,52.45282844800005],[10.293785015000026,52.448782992000076],[10.28137967400005,52.44831099700008],[10.272689527000068,52.442075964000026],[10.251954291000061,52.43664109600007],[10.254200955000044,52.42140030200005],[10.250088598000048,52.41987478000004],[10.233499008000024,52.42688450400004],[10.207656675000067,52.429427055000076],[10.202191279000033,52.42591584500008],[10.19760648600004,52.406981002000066],[10.179891378000036,52.39601721500003],[10.166693973000065,52.395556706000036],[10.161133671000073,52.39908668500004],[10.130701944000066,52.39399652700007],[10.13150691900006,52.38366553700007],[10.145575418000021,52.37809574500005],[10.144637785000043,52.368812785000046],[10.155521689000068,52.36267400500003],[10.136081905000026,52.357724173000065],[10.136678001000064,52.35438328300006],[10.125637748000031,52.35422054000003],[10.140641612000024,52.349598694000065],[10.13481108700006,52.34315450200006],[10.140575729000034,52.339453666000054],[10.125524050000024,52.33786973600007],[10.132530289000044,52.32854693100006],[10.12616474300006,52.327918038000064],[10.125741782000034,52.32272919300004],[10.117638121000027,52.321962546000066],[10.118958361000068,52.32582512400006],[10.111326980000058,52.32584496800007],[10.115441578000059,52.331044715000075],[10.09804887000007,52.33252423000005],[10.096665665000046,52.34194032000005],[10.081470455000044,52.33955728300003],[10.078418354000064,52.303149964000056],[10.070576914000071,52.29840803700006],[10.070056424000029,52.30414586200004],[10.061114703000044,52.30137047200003],[10.061528387000067,52.29492005000003],[10.034120149000046,52.29146525700003],[10.028617148000023,52.26366118400006],[10.010582585000066,52.26011289000007],[10.00849673600004,52.25640303600005],[9.999687256000072,52.25782362600006],[10.003327470000045,52.24844447100003],[9.995125097000027,52.23721677700007],[9.99849862700006,52.23026040500008],[10.046045581000044,52.23140822100004],[10.064711884000076,52.222073816000034],[10.076850530000058,52.22541821900006],[10.073894086000053,52.22830387500005],[10.135609129000045,52.236467420000054],[10.143440558000066,52.23538471200004],[10.148000613000022,52.22799277900003],[10.15729699600007,52.22525639200006],[10.184248224000044,52.23461838500003],[10.193686595000031,52.229298355000026],[10.203615265000053,52.22968307100007],[10.221372105000057,52.21830000400007],[10.248864749000063,52.213323090000074],[10.249841952000054,52.202870519000044],[10.25917585700006,52.19779073800004],[10.263958468000055,52.18849787700003],[10.256153145000042,52.18623516100007],[10.257536720000076,52.17435390600008],[10.243382960000076,52.17602578700007],[10.235249795000072,52.16996492900006],[10.233760622000034,52.17824967200005],[10.223091938000039,52.17656079100004],[10.218053164000025,52.18075483400003],[10.204823696000062,52.17941660000008],[10.188986998000075,52.16491562500005],[10.181017263000058,52.14187776800003],[10.176285523000047,52.14120844400003],[10.176263945000073,52.13825838300005],[10.192602556000054,52.13867909500004],[10.194591436000053,52.125344108000036],[10.200094766000063,52.124261870000055],[10.200077113000077,52.119917057000066],[10.183973095000056,52.11685277700008],[10.18259053600002,52.11141729600007],[10.175169049000033,52.109391533000064],[10.179242740000063,52.091125324000075],[10.185300054000038,52.09151922500007],[10.189303477000067,52.082669890000034],[10.196695043000034,52.08348795000006],[10.199481590000062,52.08015943100003],[10.202752127000053,52.05938413800004],[10.195991541000069,52.06215770400007],[10.20082218400006,52.05087733700003],[10.193177544000037,52.04457436900003],[10.201312611000048,52.03242531700005],[10.204089191000037,52.007234346000075],[10.193638545000056,52.00081113400006],[10.200728702000049,51.99524142100006],[10.196076394000045,51.98930186600006],[10.198128541000074,51.974294188000044],[10.206055968000044,51.96691098800005],[10.198878095000055,51.96086192300004],[10.193900262000057,51.96142282400007],[10.196448259000022,51.95765778200007],[10.19063890800004,51.95552894100007],[10.166728216000024,51.95818095000004],[10.163501749000034,51.95560475500008],[10.148083811000049,51.95584842000005],[10.132557270000063,51.95986141900005],[10.129502703000071,51.95601137600005],[10.129989425000076,51.962307777000035],[10.11993148700003,51.95700718100005],[10.101605126000038,51.96123650000004],[10.087023053000053,51.96031497400003],[10.074374684000077,51.94960133100005],[10.076847171000054,51.94646477400005],[10.070919025000023,51.94037924700007],[10.079724632000023,51.93548911400006],[10.074397446000035,51.92937129100005],[10.065526201000068,51.92736022300005],[10.033581007000066,51.94779865300006],[10.018490679000024,51.93775665900006],[10.004272895000042,51.94261497400004],[10.003224120000027,51.93838778300005],[9.994849971000065,51.93921873800008],[9.992182143000036,51.933609379000075],[10.00003033300004,51.93268386900007],[10.013988209000047,51.91300490700007],[10.008563883000022,51.90809773700005],[10.001344171000028,51.90893751200008],[9.993786797000041,51.90365540200003],[9.985496023000053,51.90334670400006],[9.985284137000065,51.90022432100005],[9.969196360000069,51.89690615100005],[9.944894762000047,51.91302260300006],[9.935911088000069,51.905289681000056],[9.925536986000054,51.90336891000004],[9.91687083000005,51.913482765000026],[9.911703558000056,51.91262971300006],[9.892821182000034,51.90507803000003],[9.893353457000046,51.90055586100004],[9.881817409000064,51.909079114000065],[9.877131748000068,51.906573268000045],[9.872950919000061,51.90856559400004],[9.879802648000066,51.90106978400007],[9.86784818500007,51.896552135000036],[9.85287594600004,51.896644568000056],[9.829400389000057,51.88627724100007],[9.803327964000061,51.88484083000003],[9.795105226000032,51.870434947000035],[9.784023924000053,51.86445835900008],[9.758454782000058,51.86697812500006],[9.728071470000032,51.880489494000074],[9.711203303000048,51.88004584600003],[9.705214974000057,51.877532045000066],[9.71010924500007,51.87273385300006],[9.683124682000027,51.85540132400007],[9.688452102000042,51.84843347100008],[9.682624961000045,51.83966726600005],[9.658202463000066,51.83215506400006],[9.652265973000056,51.83611674000008],[9.642681244000073,51.828337316000045],[9.646961258000033,51.82471652300006],[9.642876664000028,51.81803886400007],[9.61655187100007,51.810936593000065],[9.579180507000046,51.78978668800005],[9.581359,51.77551123400008],[9.56134766300005,51.76272331300004],[9.564484922000076,51.75537994300004],[9.557454861000053,51.739913038000054],[9.542050798000048,51.73990639700003],[9.503190372000063,51.72771899500003],[9.466739757000028,51.705716550000034],[9.440780787000051,51.69574190600008],[9.439632765000056,51.67760799500007],[9.42334524100005,51.673119487000065],[9.428370416000064,51.66130649200005],[9.43611291700006,51.66304987400008],[9.437128286000075,51.65353047200006],[9.41731750100007,51.64726925400004],[9.440456998000059,51.650394024000036],[9.453276431000063,51.645748799000046],[9.468821036000065,51.65416272700003],[9.494612786000062,51.65736291300004],[9.498576551000042,51.651404573000036],[9.491929532000029,51.634721582000054],[9.515027493000048,51.62627026300004],[9.530633548000026,51.62926939600004],[9.543630864000022,51.639866690000076],[9.553539215000058,51.637318451000056],[9.559358847000055,51.629231694000055],[9.570707597000023,51.62471977700005],[9.609644970000033,51.62957638900008],[9.625999284000045,51.63691397000008],[9.63161793200004,51.63416638100006],[9.627076387000045,51.628959734000034],[9.636620701000027,51.62341584300003],[9.637835474000042,51.60880481200007],[9.649528854000039,51.60627151800003],[9.661055938000061,51.59302960600007],[9.672256982000022,51.58736924100003],[9.679808991000073,51.58796119900006],[9.690947953000034,51.576315141000066],[9.684003674000053,51.566532659000075],[9.660114178000072,51.572707861000026],[9.644877251000025,51.58224315700005],[9.634003998000026,51.584485087000076],[9.626830884000071,51.58197606400006],[9.62836849000007,51.56719638200008],[9.636377649000053,51.558933051000054],[9.645015614000044,51.55935585800006],[9.647755440000026,51.552510968000036],[9.622443388000022,51.54867253900005],[9.612899958000071,51.55786811400003],[9.609310282000024,51.55690536800006],[9.62195014300005,51.541866895000055],[9.61883206500005,51.53010306900006],[9.608015126000055,51.52185184700005],[9.592452328000036,51.52337052300004],[9.586259150000046,51.51931892500005],[9.619586507000065,51.48102866000005],[9.643813808000061,51.469160043000045],[9.630148643000041,51.45820917300006],[9.627620523000076,51.44420867500003],[9.634297057000026,51.426083412000025],[9.643581790000042,51.418260728000064],[9.631145478000064,51.41160142100006],[9.630582160000074,51.40610600200006],[9.61001710000005,51.40782260300006],[9.609854657000028,51.40476608000006],[9.594077815000048,51.39798744600006],[9.588327009000068,51.402461119000066],[9.579345406000073,51.40176887900003],[9.574044968000067,51.39210893100005],[9.56402498400007,51.386963955000056],[9.560317206000036,51.37558846300004],[9.576969688000077,51.36962914900005],[9.567573775000028,51.361574103000066],[9.550133992000042,51.361884228000065],[9.548441127000046,51.35895530100004],[9.568024929000046,51.34000146000005],[9.581656973000065,51.34219633600003],[9.606001252000056,51.32770922100008],[9.604434635000075,51.325555852000036],[9.617242033000025,51.32792927600008],[9.63336591500007,51.32585405000003],[9.638543097000024,51.32239212600007],[9.632933188000038,51.324429242000065],[9.628524068000047,51.31190258700008],[9.634455322000065,51.31160368800005],[9.63577095100004,51.31707218500003],[9.662229738000065,51.31171261800006],[9.669385916000067,51.317710858000055],[9.678910862000066,51.310957795000036],[9.73230439300005,51.29523190100008],[9.768200360000037,51.30672614100007],[9.775201991000074,51.32519623200005],[9.770345267000039,51.32538207200008],[9.772365928000056,51.32928147500007],[9.763510414000052,51.325339376000045],[9.772456280000029,51.33629096700008],[9.763107552000065,51.33616067100007],[9.768307141000037,51.33254927300004],[9.756506545000036,51.32865123300007],[9.745434332000059,51.318980347000036],[9.738247707000028,51.31942876900007],[9.73684068800003,51.32895687600006],[9.720611311000027,51.34852753100006],[9.70398324100006,51.358145869000055],[9.702143787000068,51.364571795000074],[9.723200389000056,51.370498231000056],[9.738458652000077,51.36921255300007],[9.752283766000062,51.374690746000056],[9.756603202000065,51.38228486400004],[9.765861309000059,51.38597796200003],[9.783985811000036,51.389247821000026],[9.80145010700005,51.38691468800005],[9.800127415000077,51.39918798300005],[9.79278689900002,51.40138434600004],[9.797123918000068,51.40842815000008],[9.821486007000033,51.409956831000045],[9.833808760000068,51.40246971700003],[9.840636601000028,51.40264157300004],[9.84010663600003,51.38359324100003],[9.853212599000074,51.372231535000026],[9.86527591500004,51.371612732000074],[9.867991158000052,51.37486634800007],[9.855920267000045,51.38480562800004],[9.860749184000042,51.39428798000006],[9.85053876400002,51.401375718000054],[9.850743074000036,51.41441364700006],[9.868535203000022,51.41379077700003],[9.878315341000075,51.404476944000066],[9.884625567000057,51.41020528900003],[9.883151811000062,51.41496600600004],[9.89927491800006,51.41652499500003],[9.906021117000023,51.42113874900008],[9.91339337900007,51.41063124600004],[9.905706159000033,51.40988187500005],[9.90704332100006,51.407711343000074],[9.931109065000044,51.392733229000044],[9.932888320000075,51.38058447900005],[9.928338772000075,51.37529875400003]]]},"properties":{"shapeName":"Braunschweig","shapeISO":"","shapeID":"9070358B23702346475723","shapeGroup":"DEU","shapeType":"ADM2"}},
{"type":"Feature","geometry":{"type":"Polygon","coordinates":[[[8.711423919000026,53.04463025000007],[8.700734793000038,53.03742312400004],[8.69039347200004,53.038951687000065],[8.684183758000074,53.03575704200006],[8.678775330000065,53.01827718200008],[8.664005434000046,53.019772096000054],[8.654757024000048,52.99994715300005],[8.642157553000061,52.98814455300004],[8.648732375000066,52.98082108300008],[8.643050842000036,52.977165555000056],[8.654774688000032,52.96315842700005],[8.657501551000053,52.96900968400007],[8.688330937000046,52.966750991000026],[8.683913314000051,52.949531715000035],[8.694026936000057,52.920149285000036],[8.690622861000065,52.91385748700003],[8.687819107000053,52.917673784000044],[8.673125231000029,52.91282248200008],[8.669374707000031,52.92003039600007],[8.668425151000065,52.91727974200006],[8.649940746000027,52.91654591900004],[8.65164213600002,52.91388011200007],[8.644684915000028,52.911748877000036],[8.657338535000065,52.90139668900008],[8.646856828000068,52.90439069200005],[8.64286769000006,52.894971085000066],[8.637802166000029,52.894839629000046],[8.643188117000022,52.89391337200004],[8.646759988000042,52.88656761300007],[8.63954711100007,52.88407789000007],[8.637436186000059,52.871153664000076],[8.643504872000051,52.86156328200008],[8.627758889000063,52.85718054300003],[8.633669988000065,52.850910214000066],[8.539380053000059,52.83111708200005],[8.546947049000039,52.81926469300004],[8.53029082300003,52.816444309000076],[8.53102053400005,52.810999335000076],[8.52258486200003,52.810814539000035],[8.517156338000063,52.80535626900007],[8.47865407300003,52.79788497900006],[8.458537221000029,52.80075774800008],[8.450053369000045,52.78637750100006],[8.454620444000057,52.77789319100003],[8.46384204900005,52.773621914000046],[8.457777829000065,52.76285175500004],[8.469261108000069,52.75286521700008],[8.466791840000042,52.74153478800008],[8.471996250000075,52.735547643000075],[8.44564772700005,52.723075050000034],[8.410173821000058,52.72342433300008],[8.338440049000042,52.69231433500005],[8.33554351600003,52.68692921600007],[8.317096436000043,52.68933470800005],[8.310357544000055,52.68707461000008],[8.309220019000065,52.667941460000065],[8.293795224000064,52.65047605500007],[8.311235477000025,52.58627841200007],[8.322899322000069,52.57392156700007],[8.329240558000038,52.57226355200004],[8.332648233000043,52.57720194500007],[8.343968357000051,52.57481489800006],[8.33960796100007,52.56333076200008],[8.34967307100004,52.551722074000054],[8.343409088000044,52.541426297000044],[8.319529325000076,52.53850474400008],[8.31104435800006,52.53097378700005],[8.308182855000041,52.49507128000005],[8.312057606000053,52.494477636000056],[8.306187120000061,52.49023609900007],[8.297213681000073,52.456497908000074],[8.311374097000055,52.45895156100005],[8.32613101100003,52.451670626000066],[8.34569070300006,52.45282315900005],[8.359687311000073,52.44403112500004],[8.385907190000069,52.44501658000007],[8.386366205000058,52.44777765400005],[8.40010404900005,52.45092684900004],[8.418134680000037,52.44442150400005],[8.417777570000055,52.44927004800007],[8.425320749000036,52.45173047900005],[8.430292172000065,52.44772574600006],[8.454290060000062,52.46100706400006],[8.458861053000021,52.49167228600004],[8.472523497000054,52.49884814700005],[8.481628950000072,52.49697693200005],[8.50884853100007,52.51469337700007],[8.516577169000072,52.50931530300005],[8.556857517000026,52.49909565400003],[8.652550124000072,52.531443429000035],[8.671481468000025,52.51739469600005],[8.69031362000004,52.518774568000026],[8.684122137000031,52.514394663000076],[8.698652821000053,52.50880737300008],[8.702061806000074,52.50347337900007],[8.698548986000048,52.48669827800006],[8.70932302500006,52.47703585100004],[8.710709153000039,52.46369801700007],[8.703326107000066,52.44319480100006],[8.718080685000075,52.429362912000045],[8.704833674000042,52.41869400600007],[8.710902090000047,52.40821506300006],[8.707486373000052,52.395351266000034],[8.71523630400003,52.392568796000035],[8.72491388100002,52.40092922800005],[8.746086795000053,52.387872224000034],[8.786783987000035,52.39870647400005],[8.855101141000034,52.38923412500003],[8.866949580000039,52.39625237100006],[8.868558101000076,52.39266394800006],[8.889183038000056,52.39598121800003],[8.892460430000028,52.405709424000065],[8.897715437000045,52.40158479200005],[8.903665581000041,52.40191259200003],[8.903104714000051,52.40458015300004],[8.937104972000043,52.40190619900005],[8.935209162000035,52.404642557000045],[8.944139225000072,52.40839255700007],[8.94606512100006,52.41352675500008],[8.941128430000049,52.41632332800003],[8.957962301000066,52.41616131300003],[8.962192505000075,52.42499603500005],[8.977986504000057,52.42699597400008],[8.987056167000048,52.43251642300004],[8.979175718000022,52.43626054500004],[8.986727120000069,52.445514424000066],[8.978418282000064,52.450721617000056],[8.992117983000071,52.45060847900004],[8.99891974600007,52.45756300600004],[9.012089081000056,52.45731134300007],[9.017038180000043,52.460170394000045],[9.022950189000028,52.477262],[9.044076448000055,52.48264624900003],[9.04128775700002,52.48748879400006],[9.052656210000066,52.50029805100007],[9.065845344000024,52.496201393000035],[9.071337220000032,52.49864482800007],[9.08769039200007,52.49569634300008],[9.09942042800003,52.49747790200007],[9.112375503000067,52.485781932000066],[9.13197374300006,52.48398266500004],[9.136708747000057,52.475545630000056],[9.123288968000054,52.47461041400004],[9.125618081000027,52.46829591100004],[9.102923074000046,52.45692635700004],[9.094530001000066,52.44282393700007],[9.11052317900004,52.43542718600003],[9.112414945000069,52.42754266600008],[9.105215411000074,52.42738794700006],[9.105945639000026,52.42518313700003],[9.112037133000058,52.420803238000076],[9.123766661000047,52.42154768900008],[9.125252412000066,52.41199335700003],[9.117431993000025,52.39714749600006],[9.112374037000052,52.397660382000026],[9.095461469000043,52.38666204500004],[9.100721102000023,52.38062481400004],[9.098799448000022,52.372947658000044],[9.08892660600003,52.366283672000066],[9.085110546000067,52.35585840400006],[9.072541175000026,52.34825261600008],[9.05917506000003,52.346860596000056],[9.057924826000033,52.33957740300008],[9.027357220000056,52.34561094800006],[9.018907987000034,52.33098843700003],[9.00957670300005,52.33121473500006],[9.007703029000027,52.32572220700007],[8.998320816000046,52.32621485400006],[8.985279912000067,52.29572875500003],[8.988077145000034,52.28756898900008],[8.963536743000077,52.27902697600007],[8.972107488000063,52.27345275400006],[8.978577319000067,52.27479177600003],[8.974870267000028,52.26255532000005],[9.004221296000026,52.257492797000054],[9.006508409000048,52.252844346000074],[9.032970017000025,52.24952628400007],[9.076449076000074,52.23257834100008],[9.05174781900007,52.22021263700003],[9.042428931000074,52.22621671200005],[9.035759915000028,52.22452507300005],[9.034064501000046,52.21764046200008],[9.045855734000043,52.21078548700007],[9.04534921000004,52.18377344800007],[9.021111203000032,52.18383605000008],[9.019637936000038,52.19217517000004],[9.013589637000052,52.195374736000076],[9.006990673000075,52.189517083000055],[8.994035623000059,52.19613775300007],[8.985833623000076,52.19459859500006],[8.993836267000063,52.19184305700003],[8.99627319900003,52.185649443000045],[9.001046493000047,52.18779645600006],[9.001332061000028,52.183158035000076],[9.012422702000038,52.17790781700006],[9.011815564000074,52.17297253600003],[9.021603182000035,52.17199904100005],[9.012669278000033,52.16241050000008],[9.017538681000076,52.14774418400003],[9.011015900000075,52.13577000600003],[9.017792062000069,52.132426673000055],[9.03625646100005,52.14007623200007],[9.044386490000022,52.13959979200007],[9.053365581000037,52.14822821400003],[9.063024032000044,52.148468620000074],[9.071614899000053,52.14825880500007],[9.067803093000066,52.14025160600005],[9.081783347000055,52.14110206000004],[9.090826892000052,52.135694441000055],[9.097141927000052,52.13712716800006],[9.099140411000064,52.13302140600007],[9.107039403000044,52.13238508300003],[9.116078186000038,52.13844552000006],[9.129796432000035,52.139746116000026],[9.129082271000073,52.13532987500008],[9.144705221000038,52.13491035200008],[9.153344073000028,52.129146680000076],[9.159335104000036,52.119840228000044],[9.155844925000054,52.11434040100005],[9.146204408000074,52.11324193200005],[9.146924269000067,52.10920185100008],[9.135863065000024,52.10583739100008],[9.132977916000073,52.09662945400004],[9.134648347000052,52.09428143200006],[9.146515019000049,52.099922218000074],[9.155604698000047,52.097829872000034],[9.154688560000068,52.09179214000005],[9.176086965000025,52.08611699800008],[9.193280775000062,52.070311341000036],[9.181347595000034,52.06786644300007],[9.174432495000076,52.060427496000045],[9.172169130000043,52.047370553000064],[9.176892981000037,52.03371908300005],[9.189039344000037,52.02627757700003],[9.197352970000054,52.01167140000007],[9.179261562000022,52.00269033100005],[9.196793757000023,51.996917102000054],[9.183704314000067,51.99094345300006],[9.176231466000047,51.98035269400003],[9.187813208000023,51.97281586400004],[9.18582022000004,51.96618141300007],[9.198615845000063,51.962345533000075],[9.202721501000042,51.96493637700007],[9.208896029000073,51.95985529300003],[9.209427056000038,51.96720200500005],[9.213300012000047,51.97087155300005],[9.217123377000064,51.96977026500008],[9.216921993000028,51.973624217000065],[9.257758112000033,51.977209834000064],[9.269997087000036,51.97390929900007],[9.268408811000029,51.970168382000054],[9.274375359000032,51.97360359800007],[9.277575694000063,51.96186026200007],[9.286323836000065,51.957109744000036],[9.271393771000021,51.95513026400005],[9.271728918000065,51.94973586400005],[9.263912830000038,51.948053550000054],[9.277070262000052,51.94385323200004],[9.272069028000033,51.93230420900005],[9.286738085000025,51.92104840800005],[9.315183034000029,51.92266822100004],[9.31844770300006,51.918415682000045],[9.332153102000063,51.91695673300006],[9.340841883000053,51.90800232500004],[9.34432657800005,51.880201095000075],[9.340165313000057,51.87864012300008],[9.335757386000068,51.85605151200008],[9.323343736000027,51.855060964000074],[9.334699755000031,51.85361074200006],[9.362865542000065,51.86487896600005],[9.404902438000022,51.855592957000056],[9.437366927000028,51.85622165800004],[9.45964873500003,51.86279742900007],[9.46028480900003,51.85467024900004],[9.433314686000074,51.84066638100006],[9.442178495000064,51.82922116900005],[9.436722796000026,51.82781393100004],[9.440521309000076,51.82493302600005],[9.427329971000063,51.810491916000046],[9.430901363000032,51.804883275000066],[9.44081744500005,51.80345181800004],[9.436367412000038,51.79701538000006],[9.448156882000035,51.79479941100004],[9.40955076900002,51.771041127000046],[9.402696727000034,51.75937197400003],[9.384336130000065,51.757850973000075],[9.383725124000023,51.75023385500003],[9.375365201000022,51.74361401800007],[9.378877584000065,51.73809621200007],[9.394415503000062,51.73197143800007],[9.387318167000046,51.71939018200004],[9.401664935000042,51.70165616400004],[9.386923490000072,51.68982224500007],[9.395687619000057,51.673988558000076],[9.379388531000075,51.66592673900004],[9.374661799000023,51.64984558400005],[9.386311841000065,51.64601844400005],[9.41731750100007,51.64726925400004],[9.437128286000075,51.65353047200006],[9.43611291700006,51.66304987400008],[9.428370416000064,51.66130649200005],[9.42334524100005,51.673119487000065],[9.439632765000056,51.67760799500007],[9.440780787000051,51.69574190600008],[9.466739757000028,51.705716550000034],[9.503190372000063,51.72771899500003],[9.542050798000048,51.73990639700003],[9.557454861000053,51.739913038000054],[9.564484922000076,51.75537994300004],[9.56134766300005,51.76272331300004],[9.581359,51.77551123400008],[9.579180507000046,51.78978668800005],[9.61655187100007,51.810936593000065],[9.642876664000028,51.81803886400007],[9.646961258000033,51.82471652300006],[9.642681244000073,51.828337316000045],[9.652265973000056,51.83611674000008],[9.658202463000066,51.83215506400006],[9.682624961000045,51.83966726600005],[9.688452102000042,51.84843347100008],[9.683124682000027,51.85540132400007],[9.71010924500007,51.87273385300006],[9.705214974000057,51.877532045000066],[9.711203303000048,51.88004584600003],[9.728071470000032,51.880489494000074],[9.758454782000058,51.86697812500006],[9.784023924000053,51.86445835900008],[9.795105226000032,51.870434947000035],[9.803327964000061,51.88484083000003],[9.829400389000057,51.88627724100007],[9.85287594600004,51.896644568000056],[9.86784818500007,51.896552135000036],[9.879802648000066,51.90106978400007],[9.872950919000061,51.90856559400004],[9.877131748000068,51.906573268000045],[9.881817409000064,51.909079114000065],[9.893353457000046,51.90055586100004],[9.892821182000034,51.90507803000003],[9.911703558000056,51.91262971300006],[9.91687083000005,51.913482765000026],[9.925536986000054,51.90336891000004],[9.935911088000069,51.905289681000056],[9.944894762000047,51.91302260300006],[9.969196360000069,51.89690615100005],[9.985284137000065,51.90022432100005],[9.985496023000053,51.90334670400006],[9.993786797000041,51.90365540200003],[10.001344171000028,51.90893751200008],[10.008563883000022,51.90809773700005],[10.013988209000047,51.91300490700007],[10.00003033300004,51.93268386900007],[9.992182143000036,51.933609379000075],[9.994849971000065,51.93921873800008],[10.003224120000027,51.93838778300005],[10.004272895000042,51.94261497400004],[10.018490679000024,51.93775665900006],[10.033581007000066,51.94779865300006],[10.065526201000068,51.92736022300005],[10.074397446000035,51.92937129100005],[10.079724632000023,51.93548911400006],[10.070919025000023,51.94037924700007],[10.076847171000054,51.94646477400005],[10.074374684000077,51.94960133100005],[10.087023053000053,51.96031497400003],[10.101605126000038,51.96123650000004],[10.11993148700003,51.95700718100005],[10.129989425000076,51.962307777000035],[10.129502703000071,51.95601137600005],[10.132557270000063,51.95986141900005],[10.148083811000049,51.95584842000005],[10.163501749000034,51.95560475500008],[10.166728216000024,51.95818095000004],[10.19063890800004,51.95552894100007],[10.196448259000022,51.95765778200007],[10.193900262000057,51.96142282400007],[10.198878095000055,51.96086192300004],[10.206055968000044,51.96691098800005],[10.198128541000074,51.974294188000044],[10.196076394000045,51.98930186600006],[10.200728702000049,51.99524142100006],[10.193638545000056,52.00081113400006],[10.204089191000037,52.007234346000075],[10.201312611000048,52.03242531700005],[10.193177544000037,52.04457436900003],[10.20082218400006,52.05087733700003],[10.195991541000069,52.06215770400007],[10.202752127000053,52.05938413800004],[10.199481590000062,52.08015943100003],[10.196695043000034,52.08348795000006],[10.189303477000067,52.082669890000034],[10.185300054000038,52.09151922500007],[10.179242740000063,52.091125324000075],[10.175169049000033,52.109391533000064],[10.18259053600002,52.11141729600007],[10.183973095000056,52.11685277700008],[10.200077113000077,52.119917057000066],[10.200094766000063,52.124261870000055],[10.194591436000053,52.125344108000036],[10.192602556000054,52.13867909500004],[10.176263945000073,52.13825838300005],[10.176285523000047,52.14120844400003],[10.181017263000058,52.14187776800003],[10.188986998000075,52.16491562500005],[10.204823696000062,52.17941660000008],[10.218053164000025,52.18075483400003],[10.223091938000039,52.17656079100004],[10.233760622000034,52.17824967200005],[10.235249795000072,52.16996492900006],[10.243382960000076,52.17602578700007],[10.257536720000076,52.17435390600008],[10.256153145000042,52.18623516100007],[10.263958468000055,52.18849787700003],[10.25917585700006,52.19779073800004],[10.249841952000054,52.202870519000044],[10.248864749000063,52.213323090000074],[10.221372105000057,52.21830000400007],[10.203615265000053,52.22968307100007],[10.193686595000031,52.229298355000026],[10.184248224000044,52.23461838500003],[10.15729699600007,52.22525639200006],[10.148000613000022,52.22799277900003],[10.143440558000066,52.23538471200004],[10.135609129000045,52.236467420000054],[10.073894086000053,52.22830387500005],[10.076850530000058,52.22541821900006],[10.064711884000076,52.222073816000034],[10.046045581000044,52.23140822100004],[9.99849862700006,52.23026040500008],[9.995125097000027,52.23721677700007],[10.003327470000045,52.24844447100003],[9.999687256000072,52.25782362600006],[10.00849673600004,52.25640303600005],[10.010582585000066,52.26011289000007],[10.028617148000023,52.26366118400006],[10.034120149000046,52.29146525700003],[10.061528387000067,52.29492005000003],[10.061114703000044,52.30137047200003],[10.070056424000029,52.30414586200004],[10.070576914000071,52.29840803700006],[10.078418354000064,52.303149964000056],[10.081470455000044,52.33955728300003],[10.096665665000046,52.34194032000005],[10.09804887000007,52.33252423000005],[10.115441578000059,52.331044715000075],[10.111326980000058,52.32584496800007],[10.118958361000068,52.32582512400006],[10.117638121000027,52.321962546000066],[10.125741782000034,52.32272919300004],[10.12616474300006,52.327918038000064],[10.132530289000044,52.32854693100006],[10.125524050000024,52.33786973600007],[10.140575729000034,52.339453666000054],[10.13481108700006,52.34315450200006],[10.140641612000024,52.349598694000065],[10.125637748000031,52.35422054000003],[10.136678001000064,52.35438328300006],[10.136081905000026,52.357724173000065],[10.155521689000068,52.36267400500003],[10.144637785000043,52.368812785000046],[10.145575418000021,52.37809574500005],[10.13150691900006,52.38366553700007],[10.130701944000066,52.39399652700007],[10.161133671000073,52.39908668500004],[10.166693973000065,52.395556706000036],[10.179891378000036,52.39601721500003],[10.19760648600004,52.406981002000066],[10.202191279000033,52.42591584500008],[10.207656675000067,52.429427055000076],[10.233499008000024,52.42688450400004],[10.250088598000048,52.41987478000004],[10.254200955000044,52.42140030200005],[10.251954291000061,52.43664109600007],[10.272689527000068,52.442075964000026],[10.28137967400005,52.44831099700008],[10.293785015000026,52.448782992000076],[10.282161701000064,52.45282844800005],[10.28995479300005,52.45777474100004],[10.286176173000058,52.46089037400003],[10.29448289100003,52.46039987700004],[10.299237120000043,52.455468892000056],[10.303397308000058,52.458721051000055],[10.293450603000053,52.464254201000074],[10.289806154000075,52.473249914000064],[10.281610341000032,52.47484506500007],[10.272232471000052,52.48284092000006],[10.288987976000044,52.50633320800006],[10.273742337000044,52.51064006100006],[10.26762844700005,52.501563703000045],[10.270928302000073,52.49527623000006],[10.267358244000036,52.48830773600008],[10.215811278000047,52.50075501900005],[10.219360877000042,52.50474821500006],[10.214554337000038,52.50640247100006],[10.185685447000026,52.50972413200003],[10.177794378000044,52.51342810800003],[10.171728116000054,52.504130029000066],[10.165400299000055,52.502114549000055],[10.156205544000045,52.50523958700006],[10.14179820000004,52.49802125100007],[10.135291963000043,52.49874477600008],[10.119575371000053,52.50957365900007],[10.11263531000003,52.51027176700006],[10.111841240000047,52.50719415300006],[10.101319998000065,52.51171412600007],[10.093785652000065,52.51670655100003],[10.096037695000064,52.522138933000065],[10.080785116000072,52.525689887000055],[10.076820446000056,52.53725319100005],[10.046058843000026,52.53660843000006],[10.041868071000067,52.53375228600004],[10.033757922000063,52.54074704900006],[10.021772260000034,52.53738568400007],[9.987377353000056,52.536309122000034],[9.994927924000024,52.54439867100007],[9.966831065000065,52.55017681800007],[9.965342615000054,52.55375833000005],[9.984173828000053,52.56232979400005],[9.985652648000041,52.57227209000007],[9.991442567000036,52.57136394300005],[9.99039999100006,52.57846463900006],[9.983149862000062,52.577990740000075],[9.980671374000053,52.581558553000036],[9.979134195000029,52.577310374000035],[9.966858319000039,52.57820276700005],[9.97050400300003,52.585207034000064],[9.966737771000055,52.59025658200005],[9.951653255000053,52.59087122900007],[9.952575093000064,52.587049525000054],[9.94532944100007,52.58697134800008],[9.912861331000045,52.59227271900005],[9.907434883000064,52.597282042000074],[9.881074909000063,52.58980124900006],[9.87684997100007,52.59072264000008],[9.881237430000056,52.598770466000076],[9.889019355000073,52.60322542400007],[9.856042642000034,52.60342162200004],[9.847645897000064,52.607980748000045],[9.838109258000031,52.59742874400007],[9.830883602000029,52.59565678700005],[9.822477222000032,52.59963404500007],[9.835406826000053,52.60554897600008],[9.804240050000033,52.606980114000066],[9.802111368000055,52.61458815900005],[9.77503127700004,52.62256929200004],[9.768158238000069,52.629531229000065],[9.74051653500004,52.63123047300007],[9.734623786000043,52.63830258100006],[9.728260611000053,52.633765279000045],[9.711641819000022,52.63412910900007],[9.713034239000024,52.62378811600007],[9.706508104000022,52.620747720000054],[9.714145520000045,52.614362062000055],[9.707319399000028,52.61353453900006],[9.70947764500005,52.61014101000006],[9.698896166000054,52.600181631000055],[9.66732384100004,52.60022648300003],[9.650890537000066,52.607194019000076],[9.643790930000023,52.60588744000006],[9.64056109300003,52.62268497700006],[9.635105731000067,52.625786764000054],[9.641174534000072,52.63372122200008],[9.662447558000054,52.63351082300005],[9.62170896400005,52.63899054600006],[9.62024991900006,52.64551296500008],[9.600112908000028,52.64708791000004],[9.602814468000076,52.65476934900005],[9.589400586000068,52.65830939800003],[9.594598010000027,52.66381237600007],[9.585320873000057,52.66474102300003],[9.591448230000026,52.67541130800004],[9.587638559000027,52.67704727200004],[9.539578859000073,52.67131127200008],[9.537872174000029,52.66566419500003],[9.542633788000046,52.663523361000045],[9.53411473400007,52.66452286700007],[9.534658551000064,52.660066432000065],[9.524986277000039,52.66032209700006],[9.510903787000075,52.67891193300005],[9.50393536300004,52.67905293000007],[9.510683587000074,52.70088792900003],[9.506834527000024,52.704228588000035],[9.481194212000048,52.70499399500005],[9.480909533000045,52.727060754000036],[9.419429317000038,52.72461579700007],[9.401959801000032,52.73349562400006],[9.369568161000075,52.73609317100005],[9.348139649000075,52.71481872100003],[9.331934876000048,52.714996195000026],[9.323981728000035,52.72234719200003],[9.350347346000035,52.72575150600005],[9.34483616600005,52.73848366900006],[9.331323897000061,52.74101886900007],[9.338367793000032,52.74442546000006],[9.341191761000061,52.75237189500007],[9.328555016000053,52.75838465600003],[9.317221653000047,52.75901435600008],[9.325777645000073,52.76650535700003],[9.324209976000077,52.772951214000045],[9.304395387000056,52.77451806600004],[9.306262373000038,52.780984223000075],[9.301130952000051,52.783574556000076],[9.30517601200006,52.79861114300007],[9.297045427000057,52.80111010200005],[9.306963085000064,52.81161086100008],[9.29113382600002,52.813620048000075],[9.293070133000072,52.81751740900006],[9.287530573000026,52.81760494100007],[9.269636305000063,52.81473643600003],[9.269839171000058,52.81151631300003],[9.274204832000066,52.81187240100007],[9.271140801000058,52.80505766400006],[9.250956900000062,52.803071052000064],[9.236228433000065,52.81118104900003],[9.241807497000025,52.82126691900004],[9.231739393000055,52.82244802500003],[9.22102213900007,52.81472848400006],[9.192288380000036,52.81606732600005],[9.202091935000055,52.83172941400005],[9.201371478000056,52.84043438400005],[9.220507059000056,52.847251682000035],[9.198076135000065,52.856203924000056],[9.181696921000025,52.855996479000055],[9.181458373000055,52.86139464300004],[9.200727658000062,52.862904936000064],[9.211452252000072,52.87306715400007],[9.193863520000036,52.88295044300003],[9.17685311100007,52.88662402700004],[9.166782927000042,52.909534077000046],[9.160261136000031,52.90690805200006],[9.16762065200004,52.89961105700007],[9.16225668900006,52.89397260000004],[9.115997191000076,52.89695268100007],[9.109468166000056,52.90396145600005],[9.093216873000074,52.900243110000076],[9.086956953000026,52.90536796600003],[9.07959453500007,52.90212594900004],[9.071083866000038,52.91706104900004],[9.06198513000004,52.92286160900005],[9.041183105000073,52.924870559000055],[9.038166506000039,52.92099510000003],[9.035318044000064,52.92661687400005],[9.03015980500004,52.923280531000046],[9.024710818000074,52.927001259000065],[9.004170903000045,52.92700510800006],[8.981803720000073,52.888527467000074],[8.965559722000023,52.897815638000054],[8.952130556000043,52.88890870700004],[8.95212358300006,52.89679012000005],[8.944495270000061,52.89854260800007],[8.93511296500003,52.91641406200006],[8.931772118000026,52.91511079000003],[8.93019608800006,52.92645684800004],[8.90588219500006,52.95920544200004],[8.908744401000035,52.982509238000034],[8.916832804000023,52.98054264400008],[8.932846506000033,52.99168712300008],[8.931300817000022,52.99883972200007],[8.919429614000023,53.002927269000054],[8.927670141000021,53.00960115100003],[8.91582704800004,53.011021380000045],[8.891157226000075,53.01538987600003],[8.867234972000062,53.03300381400004],[8.86700616500002,53.040832616000046],[8.861867115000052,53.03617788400004],[8.866756114000054,53.02211723700003],[8.854025742000033,53.020777089000035],[8.850792364000029,53.01660776300008],[8.849840640000025,53.02337120800007],[8.838098311000067,53.018420924000054],[8.823420074000069,53.02092655300004],[8.80948416900003,53.030904116000045],[8.778297674000044,53.03966668600003],[8.770704766000051,53.05340697300005],[8.762224722000042,53.05083167200007],[8.756270723000057,53.038780544000076],[8.739591025000038,53.040211216000046],[8.73485762200005,53.034693547000074],[8.711423919000026,53.04463025000007]]]},"properties":{"shapeName":"Hannover","shapeISO":"","shapeID":"9070358B94432643063062","shapeGroup":"DEU","shapeType":"ADM2"}},
{"type":"Feature","geometry":{"type":"Polygon","coordinates":[[[11.265731921000054,53.12197789600003],[11.245697268000072,53.13642192400005],[11.226407147000032,53.143280048000065],[11.212636693000036,53.14414314000004],[11.193928415000073,53.13522677600008],[11.184573730000068,53.13642115600004],[11.171861639000042,53.15664420300004],[11.189082437000025,53.16561954500003],[11.194111225000029,53.18118602900006],[11.179890860000057,53.186677204000034],[11.136703673000056,53.19184228000006],[11.144989789000022,53.19777855800004],[11.136510951000048,53.19940495900005],[11.13848682500003,53.20250479600003],[11.115520266000033,53.204510027000026],[11.080144558000029,53.22052073300006],[11.062258289000056,53.23545317500003],[11.027571986000055,53.27893991700006],[11.00945596400004,53.281479226000044],[11.008358820000069,53.291760887000066],[11.002965050000057,53.29354998200006],[11.00870229800006,53.30063582100007],[11.002257821000057,53.30520126400006],[10.999075976000029,53.32102386400004],[10.982661493000023,53.32753642500006],[10.98800062500004,53.33342650900005],[10.959360782000033,53.338525093000044],[10.955539249000026,53.33346130500007],[10.934005662000061,53.33929135400007],[10.928245165000021,53.34811826400005],[10.91936134100007,53.34841964600008],[10.909678890000066,53.33769420600004],[10.899241034000056,53.33419644400004],[10.894713589000048,53.336655703000076],[10.892650507000042,53.33430756300004],[10.880321176000052,53.33552716200006],[10.888028505000023,53.32438191700004],[10.880534985000054,53.321098375000076],[10.866042710000045,53.32691203300004],[10.870239973000025,53.31771645400005],[10.853413750000072,53.31586516200008],[10.850790504000031,53.30999674900005],[10.835805651000044,53.30496954600005],[10.828647843000056,53.306912304000036],[10.82619752200003,53.31239238100005],[10.793262567000056,53.31556723800003],[10.767568680000068,53.33046448700003],[10.759653773000025,53.32998715700006],[10.763084739000021,53.33885055700006],[10.738086469000052,53.342343751000044],[10.72691784500006,53.35781822100006],[10.700692790000062,53.370022808000044],[10.67681051300002,53.36746305200006],[10.630703698000048,53.37077342900005],[10.595046796000076,53.36392755500003],[10.576908652000043,53.35990898300008],[10.556737579000071,53.36847890400003],[10.50223918200004,53.37354465800007],[10.419276818000071,53.40214202900006],[10.375433568000062,53.42483037900007],[10.330768068000054,53.42496730000005],[10.307954146000043,53.433201104000034],[10.260041406000028,53.418524423000065],[10.236567868000066,53.39575369100004],[10.198534730000063,53.39860816100003],[10.175688643000058,53.39658250000008],[10.15518690500005,53.40520825600004],[10.136395544000038,53.42223233500005],[10.108735530000047,53.426674028000036],[10.08460225400006,53.450401062000026],[10.051810704000047,53.46391894000004],[10.042038461000061,53.45680760000005],[10.041097494000041,53.45154928200003],[10.049322123000024,53.44970122500007],[10.045738931000074,53.44674105200005],[10.035875720000035,53.44704577700003],[10.032431613000028,53.44392331500006],[10.020944605000068,53.44686279200005],[10.014613475000033,53.442200799000034],[10.029273488000058,53.43516433100007],[10.018640369000025,53.42930907300007],[9.99638954300002,53.42611291800006],[9.98443287200007,53.41541377900006],[9.97488882500005,53.414735344000064],[9.97545546300006,53.42145110200005],[9.964358566000044,53.422176199000035],[9.963272627000038,53.42732103700007],[9.949211967000053,53.43094997500003],[9.942015790000028,53.42105242000008],[9.92455248400006,53.41962395100006],[9.916487328000073,53.41406788000006],[9.906566145000056,53.415790911000045],[9.921486178000066,53.43655015100006],[9.904411288000063,53.45679422400008],[9.895945433000065,53.45738500200008],[9.873373450000031,53.44237782700003],[9.869120381000073,53.44458409600003],[9.86042145600004,53.43806205900006],[9.862387477000027,53.429876593000074],[9.836649493000039,53.45090999100006],[9.807465885000056,53.46282824800005],[9.799804376000054,53.46963746900008],[9.802426170000047,53.493251540000074],[9.782231771000056,53.49146411000004],[9.784524771000065,53.50001170300004],[9.763793944000042,53.50810650500006],[9.771585438000045,53.52275585000007],[9.77832012600004,53.51946144900006],[9.765441705000057,53.541114563000065],[9.772307485000056,53.543531305000045],[9.774388785000042,53.55432306000006],[9.730104055000027,53.55758091300004],[9.675759963000075,53.56468869500003],[9.550629934000028,53.61601357400008],[9.536833665000074,53.63057099000008],[9.527800309000042,53.662936727000044],[9.502180848000023,53.69680511300004],[9.422587090000036,53.740667546000054],[9.367622174000076,53.808589305000055],[9.319524176000073,53.85083552700007],[9.272732767000036,53.86766263100003],[9.275123379000036,53.857269303000066],[9.193717033000041,53.86581145300005],[9.101771150000047,53.863480637000066],[9.014911308000023,53.84107792300006],[9.018512746000056,53.83484122600004],[8.978509468000027,53.839959703000034],[8.890939950000075,53.82885151700003],[8.835101264000059,53.83351282900003],[8.824783725000032,53.831115587000056],[8.79888423500006,53.83257066700003],[8.774857737000048,53.83742243900008],[8.728850341000054,53.85670044200003],[8.731050107000044,53.85864022100003],[8.702246495000054,53.87871119300007],[8.690274979000037,53.87806139200006],[8.683227744000021,53.88584810800006],[8.686460992000036,53.89208873500007],[8.614913870000066,53.88211822400007],[8.601142223000068,53.874288715000034],[8.604630151000038,53.870974198000056],[8.574624249000067,53.843422829000076],[8.56606034400005,53.84595761300005],[8.54196717900004,53.807139945000074],[8.537742595000054,53.79214080200006],[8.54471624200005,53.78887435400003],[8.541012727000066,53.78600665100004],[8.539177676000065,53.78881077600005],[8.52898147600007,53.76850704700007],[8.532787378000023,53.76720139500003],[8.528541825000048,53.76765203000008],[8.518500603000064,53.751470984000036],[8.521953222000036,53.750573435000035],[8.483350548000033,53.69478407200006],[8.483953343000053,53.655912767000075],[8.520410363000053,53.606204880000064],[8.52615886700005,53.60383991600003],[8.53365106800004,53.60761767900004],[8.558768776000022,53.60390696800005],[8.592283300000076,53.59293261300007],[8.623296266000068,53.60533333600006],[8.65063238700003,53.60256522100008],[8.637955731000034,53.59506742200006],[8.642715815000031,53.59255941400005],[8.627125585000044,53.57912011500008],[8.618011085000035,53.57871604500008],[8.616802851000045,53.57437003800004],[8.630860355000038,53.55568959000004],[8.646354349000035,53.55554567300004],[8.639775421000024,53.525289471000065],[8.652134242000045,53.516017127000055],[8.650555157000042,53.51078166600007],[8.636637351000047,53.505439436000074],[8.619532379000077,53.489288990000034],[8.605904617000022,53.48423378800004],[8.577306587000066,53.48545327900007],[8.573760278000066,53.48864307400004],[8.529713796000067,53.48034170200003],[8.51863411200003,53.47444590500004],[8.511604095000052,53.476664526000036],[8.505789853000067,53.47117823800005],[8.492651892000026,53.472419761000026],[8.492626432000066,53.419007212000054],[8.501531814000032,53.35105862000006],[8.491279741000028,53.32918741900005],[8.492550699000049,53.29696674400003],[8.480734693000045,53.24637039600003],[8.485330523000073,53.22712016100007],[8.517333845000053,53.228496507000045],[8.530234736000068,53.216089503000035],[8.540782167000032,53.21537751900007],[8.553698911000026,53.20780580200005],[8.56640542200006,53.21355977600007],[8.57228180800007,53.21076907300005],[8.578477888000066,53.21726952400007],[8.599039076000054,53.21254623100003],[8.595812801000022,53.20643589400004],[8.581097702000022,53.19870724800006],[8.584653463000052,53.19609047700004],[8.580352119000054,53.190027685000075],[8.588962219000052,53.189982591000046],[8.59325143600006,53.183633719000056],[8.627994030000025,53.19837235300008],[8.643666421000034,53.18922400900004],[8.652338930000042,53.188393156000075],[8.663828357000057,53.176243845000045],[8.674706128000025,53.17891920400007],[8.677017357000068,53.17550096400004],[8.699357718000044,53.18547943200008],[8.706292568000038,53.17542112000007],[8.714396467000029,53.18300240000008],[8.728652284000077,53.18022449100005],[8.733555139000032,53.17289558300007],[8.743081930000073,53.172277492000035],[8.741246364000062,53.16463552100004],[8.761738569000045,53.165135226000075],[8.77539574900004,53.15868402400008],[8.782459373000052,53.16361168800006],[8.807362698000077,53.16065008100003],[8.829227339000056,53.16437627800008],[8.827221727000051,53.161237964000065],[8.839826704000075,53.15741766800005],[8.841855465000037,53.14823366500008],[8.861770969000077,53.13763650700008],[8.864023195000073,53.13172351600008],[8.89791483700003,53.13416842600003],[8.903929660000074,53.138176187000056],[8.91214330400004,53.132618801000035],[8.920907502000034,53.14465435800008],[8.940009363000058,53.15211021500005],[8.956631110000046,53.14724130500008],[8.984185253000021,53.12607093100007],[8.947017837000033,53.116100810000034],[8.959388733000026,53.110170468000035],[8.96298904200006,53.10029863800003],[8.970474094000053,53.10157042700007],[8.981523848000052,53.09649345400004],[8.990913202000058,53.09667276300007],[8.96567649900004,53.090001587000074],[8.961377207000055,53.08521811400004],[8.965735402000064,53.08270146000007],[8.967714074000071,53.06356439500007],[8.963728920000051,53.057426218000046],[8.96977985600006,53.056848228000035],[8.98026713400003,53.04674705800005],[8.966785902000026,53.036849561000054],[8.94568549500002,53.030484020000074],[8.945935056000053,53.02483920200007],[8.93813043700004,53.024985643000036],[8.935915522000073,53.01366704000003],[8.921862030000057,53.01487622800005],[8.91582704800004,53.011021380000045],[8.927670141000021,53.00960115100003],[8.919429614000023,53.002927269000054],[8.931300817000022,52.99883972200007],[8.932846506000033,52.99168712300008],[8.916832804000023,52.98054264400008],[8.908744401000035,52.982509238000034],[8.90588219500006,52.95920544200004],[8.93019608800006,52.92645684800004],[8.931772118000026,52.91511079000003],[8.93511296500003,52.91641406200006],[8.944495270000061,52.89854260800007],[8.95212358300006,52.89679012000005],[8.952130556000043,52.88890870700004],[8.965559722000023,52.897815638000054],[8.981803720000073,52.888527467000074],[9.004170903000045,52.92700510800006],[9.024710818000074,52.927001259000065],[9.03015980500004,52.923280531000046],[9.035318044000064,52.92661687400005],[9.038166506000039,52.92099510000003],[9.041183105000073,52.924870559000055],[9.06198513000004,52.92286160900005],[9.071083866000038,52.91706104900004],[9.07959453500007,52.90212594900004],[9.086956953000026,52.90536796600003],[9.093216873000074,52.900243110000076],[9.109468166000056,52.90396145600005],[9.115997191000076,52.89695268100007],[9.16225668900006,52.89397260000004],[9.16762065200004,52.89961105700007],[9.160261136000031,52.90690805200006],[9.166782927000042,52.909534077000046],[9.17685311100007,52.88662402700004],[9.193863520000036,52.88295044300003],[9.211452252000072,52.87306715400007],[9.200727658000062,52.862904936000064],[9.181458373000055,52.86139464300004],[9.181696921000025,52.855996479000055],[9.198076135000065,52.856203924000056],[9.220507059000056,52.847251682000035],[9.201371478000056,52.84043438400005],[9.202091935000055,52.83172941400005],[9.192288380000036,52.81606732600005],[9.22102213900007,52.81472848400006],[9.231739393000055,52.82244802500003],[9.241807497000025,52.82126691900004],[9.236228433000065,52.81118104900003],[9.250956900000062,52.803071052000064],[9.271140801000058,52.80505766400006],[9.274204832000066,52.81187240100007],[9.269839171000058,52.81151631300003],[9.269636305000063,52.81473643600003],[9.287530573000026,52.81760494100007],[9.293070133000072,52.81751740900006],[9.29113382600002,52.813620048000075],[9.306963085000064,52.81161086100008],[9.297045427000057,52.80111010200005],[9.30517601200006,52.79861114300007],[9.301130952000051,52.783574556000076],[9.306262373000038,52.780984223000075],[9.304395387000056,52.77451806600004],[9.324209976000077,52.772951214000045],[9.325777645000073,52.76650535700003],[9.317221653000047,52.75901435600008],[9.328555016000053,52.75838465600003],[9.341191761000061,52.75237189500007],[9.338367793000032,52.74442546000006],[9.331323897000061,52.74101886900007],[9.34483616600005,52.73848366900006],[9.350347346000035,52.72575150600005],[9.323981728000035,52.72234719200003],[9.331934876000048,52.714996195000026],[9.348139649000075,52.71481872100003],[9.369568161000075,52.73609317100005],[9.401959801000032,52.73349562400006],[9.419429317000038,52.72461579700007],[9.480909533000045,52.727060754000036],[9.481194212000048,52.70499399500005],[9.506834527000024,52.704228588000035],[9.510683587000074,52.70088792900003],[9.50393536300004,52.67905293000007],[9.510903787000075,52.67891193300005],[9.524986277000039,52.66032209700006],[9.534658551000064,52.660066432000065],[9.53411473400007,52.66452286700007],[9.542633788000046,52.663523361000045],[9.537872174000029,52.66566419500003],[9.539578859000073,52.67131127200008],[9.587638559000027,52.67704727200004],[9.591448230000026,52.67541130800004],[9.585320873000057,52.66474102300003],[9.594598010000027,52.66381237600007],[9.589400586000068,52.65830939800003],[9.602814468000076,52.65476934900005],[9.600112908000028,52.64708791000004],[9.62024991900006,52.64551296500008],[9.62170896400005,52.63899054600006],[9.662447558000054,52.63351082300005],[9.641174534000072,52.63372122200008],[9.635105731000067,52.625786764000054],[9.64056109300003,52.62268497700006],[9.643790930000023,52.60588744000006],[9.650890537000066,52.607194019000076],[9.66732384100004,52.60022648300003],[9.698896166000054,52.600181631000055],[9.70947764500005,52.61014101000006],[9.707319399000028,52.61353453900006],[9.714145520000045,52.614362062000055],[9.706508104000022,52.620747720000054],[9.713034239000024,52.62378811600007],[9.711641819000022,52.63412910900007],[9.728260611000053,52.633765279000045],[9.734623786000043,52.63830258100006],[9.74051653500004,52.63123047300007],[9.768158238000069,52.629531229000065],[9.77503127700004,52.62256929200004],[9.802111368000055,52.61458815900005],[9.804240050000033,52.606980114000066],[9.835406826000053,52.60554897600008],[9.822477222000032,52.59963404500007],[9.830883602000029,52.59565678700005],[9.838109258000031,52.59742874400007],[9.847645897000064,52.607980748000045],[9.856042642000034,52.60342162200004],[9.889019355000073,52.60322542400007],[9.881237430000056,52.598770466000076],[9.87684997100007,52.59072264000008],[9.881074909000063,52.58980124900006],[9.907434883000064,52.597282042000074],[9.912861331000045,52.59227271900005],[9.94532944100007,52.58697134800008],[9.952575093000064,52.587049525000054],[9.951653255000053,52.59087122900007],[9.966737771000055,52.59025658200005],[9.97050400300003,52.585207034000064],[9.966858319000039,52.57820276700005],[9.979134195000029,52.577310374000035],[9.980671374000053,52.581558553000036],[9.983149862000062,52.577990740000075],[9.99039999100006,52.57846463900006],[9.991442567000036,52.57136394300005],[9.985652648000041,52.57227209000007],[9.984173828000053,52.56232979400005],[9.965342615000054,52.55375833000005],[9.966831065000065,52.55017681800007],[9.994927924000024,52.54439867100007],[9.987377353000056,52.536309122000034],[10.021772260000034,52.53738568400007],[10.033757922000063,52.54074704900006],[10.041868071000067,52.53375228600004],[10.046058843000026,52.53660843000006],[10.076820446000056,52.53725319100005],[10.080785116000072,52.525689887000055],[10.096037695000064,52.522138933000065],[10.093785652000065,52.51670655100003],[10.101319998000065,52.51171412600007],[10.111841240000047,52.50719415300006],[10.11263531000003,52.51027176700006],[10.119575371000053,52.50957365900007],[10.135291963000043,52.49874477600008],[10.14179820000004,52.49802125100007],[10.156205544000045,52.50523958700006],[10.165400299000055,52.502114549000055],[10.171728116000054,52.504130029000066],[10.177794378000044,52.51342810800003],[10.185685447000026,52.50972413200003],[10.214554337000038,52.50640247100006],[10.219360877000042,52.50474821500006],[10.215811278000047,52.50075501900005],[10.267358244000036,52.48830773600008],[10.270928302000073,52.49527623000006],[10.26762844700005,52.501563703000045],[10.273742337000044,52.51064006100006],[10.26011229200003,52.51824853800008],[10.282856350000031,52.516799450000065],[10.281819476000067,52.52790424900007],[10.306234706000055,52.52252210200004],[10.310948906000021,52.53035320200007],[10.304696978000038,52.53389595400006],[10.316973821000033,52.53536305600005],[10.323993736000034,52.542698303000066],[10.325860577000071,52.539456940000036],[10.337749727000073,52.540275121000036],[10.335879985000076,52.54845755000008],[10.346494332000077,52.545664980000026],[10.352033081000059,52.55476009600005],[10.346482025000057,52.55719251600004],[10.351661627000055,52.56115952700003],[10.383084250000024,52.54707200800004],[10.378283209000074,52.560511045000055],[10.392436585000041,52.55516973200008],[10.393498661000024,52.558307909000064],[10.400880047000044,52.557618166000054],[10.396614173000046,52.56481754300006],[10.410596827000063,52.56412374800004],[10.410867769000049,52.57295805500007],[10.38467587100007,52.56849282300004],[10.38159554200007,52.57301441200008],[10.381051992000039,52.57915507800004],[10.399463084000047,52.58509765300005],[10.402013443000044,52.59649066800006],[10.417396835000034,52.60659620500007],[10.412092418000043,52.60597052700007],[10.413142459000028,52.610124849000044],[10.379570234000028,52.63266229900006],[10.405978555000047,52.657530447000056],[10.399505394000073,52.669100091000075],[10.390475182000046,52.67383729000005],[10.39241497100005,52.67900389400006],[10.387248364000072,52.67885644300003],[10.384498978000067,52.690600104000055],[10.368674815000077,52.68969061200005],[10.367241071000024,52.69199908300004],[10.37834715400004,52.69477181600007],[10.370495463000054,52.70239791700004],[10.373073409000028,52.711985749000064],[10.362937456000054,52.721998159000066],[10.366559152000036,52.72949145300004],[10.380947955000067,52.734922217000076],[10.403443817000039,52.75876385500004],[10.395800932000043,52.76221583500006],[10.39598600100004,52.77537079700005],[10.419415190000052,52.793532310000046],[10.419893221000052,52.79989833800005],[10.444409846000042,52.81576326900006],[10.458864339000058,52.809112791000075],[10.523872101000052,52.83243070600008],[10.531008973000041,52.82795479300006],[10.536512146000064,52.83074920200005],[10.532566762000044,52.834222],[10.55246369100007,52.83239791900007],[10.579610678000051,52.815223884000034],[10.593669378000072,52.794637812000076],[10.601948437000033,52.79565612500005],[10.634437555000034,52.77253505900006],[10.669901372000027,52.765063731000055],[10.668471942000053,52.76894798100005],[10.67466243900003,52.77324031200004],[10.682831028000066,52.772382820000075],[10.682592142000033,52.77562529700003],[10.688339886000051,52.775157715000034],[10.69467157300005,52.78169877800008],[10.72318513700003,52.783329835000075],[10.74382494300005,52.789314165000064],[10.749240590000056,52.796668871000065],[10.759314389000053,52.79583028300004],[10.756946307000021,52.81977474200005],[10.771728831000075,52.83394567500005],[10.766691503000061,52.84219236100006],[10.796147054000073,52.84364187800003],[10.80055300500004,52.85029181300007],[10.834774625000023,52.847475057000054],[10.841555871000025,52.852204863000054],[10.860370626000076,52.851651521000065],[10.866102062000039,52.855725989000064],[10.884683581000047,52.84579634200003],[10.89287538800005,52.84798245400003],[10.895667014000026,52.856372761000046],[10.93963351900004,52.85333551100007],[10.968082323000033,52.879320721000056],[10.978814438000029,52.87815263600004],[10.985965093000061,52.88246105600007],[10.99257250100004,52.90645741000003],[11.000490634000073,52.911261024000055],[11.039049488000046,52.91339928900004],[11.065872827000021,52.90945107500005],[11.078747417000045,52.91296415200003],[11.098675785000069,52.91287668800004],[11.093187302000047,52.89947142400007],[11.113148339000077,52.89572214000003],[11.154666716000065,52.90186534500003],[11.15525787300004,52.90621056800006],[11.220645293000075,52.89766635600006],[11.219169102000023,52.89268118800004],[11.235763577000057,52.88861393600007],[11.241125626000041,52.87901825200004],[11.267238933000044,52.88014081300008],[11.276569533000043,52.887532253000074],[11.290662086000054,52.889125662000026],[11.295410670000024,52.87490689700007],[11.314250103000063,52.87823631900005],[11.337184152000077,52.88835742400005],[11.349961876000066,52.88888007300005],[11.38477818900003,52.90357843000004],[11.406577801000026,52.90410220000007],[11.426075470000058,52.919923502000074],[11.432890608000037,52.91974981800007],[11.454444418000037,52.93339690100004],[11.47006165700003,52.93892562900004],[11.505026760000021,52.94103266800005],[11.492342520000022,52.95966288400007],[11.512490564000075,53.00744492700005],[11.526428491000047,53.00825854200008],[11.543380404000061,52.999452415000064],[11.556416553000076,52.99866580400004],[11.56044386700006,53.00379970800003],[11.552090030000045,53.00472847200007],[11.559249505000025,53.01308032700007],[11.597784507000028,53.03592637000003],[11.584661655000048,53.035306725000055],[11.57023440200004,53.039240171000074],[11.548103728000058,53.05239336200003],[11.523780872000032,53.04713588900006],[11.505903623000052,53.04904482900008],[11.46377473900003,53.07442225800003],[11.448379406000072,53.07838158200008],[11.402588918000049,53.07237272900005],[11.357579474000033,53.05593980400005],[11.338867152000034,53.05509894100004],[11.30977406200003,53.07786066800003],[11.273159371000077,53.09721873700005],[11.265731921000054,53.12197789600003]],[[8.647233393000022,53.61002843700004],[8.660884274000068,53.60708643700008],[8.657717088000027,53.602985613000044],[8.643769177000024,53.605473388000064],[8.642627983000068,53.60921330800005],[8.647233393000022,53.61002843700004]]]},"properties":{"shapeName":"Lüneburg","shapeISO":"","shapeID":"9070358B4064771181754","shapeGroup":"DEU","shapeType":"ADM2"}},
{"type":"Feature","geometry":{"type":"MultiPolygon","coordinates":[[[[6.865011210000034,53.59110167800003],[6.863570872000025,53.588863538000055],[6.868922264000048,53.59189273800007],[6.865011210000034,53.59110167800003]]],[[[6.790435206000041,53.61090907300007],[6.760059069000022,53.61768372000006],[6.656498905000035,53.60793327500005],[6.647466777000034,53.60468086800006],[6.639255128000059,53.59337343100003],[6.642677269000046,53.591085658000054],[6.64359780500007,53.595143173000054],[6.653968217000056,53.59848432200005],[6.656973736000054,53.58364837100004],[6.664620939000031,53.57792500900007],[6.697367556000074,53.56540184800008],[6.705430278000051,53.56587194700006],[6.717830908000053,53.55709656800008],[6.724827281000046,53.55607125100005],[6.721122945000047,53.56773392000008],[6.733127827000033,53.569565870000076],[6.741570434000039,53.56604823100008],[6.740467041000045,53.55712864700007],[6.74738521300003,53.55739919200005],[6.758660921000057,53.56297487100005],[6.75729067900005,53.56797171900007],[6.741012276000049,53.57107024000004],[6.738571858000057,53.57544892200008],[6.717594664000046,53.58352082300007],[6.76092330900002,53.59762433900005],[6.783508180000069,53.59655948000005],[6.813217991000045,53.60233809300007],[6.790435206000041,53.61090907300007]]],[[[6.900066025000058,53.64781784100006],[6.905670646000033,53.65224129300003],[6.898485507000032,53.65386495000007],[6.866240133000076,53.64511470600007],[6.865525644000058,53.63926221300005],[6.877562987000033,53.62838095600006],[6.897920419000059,53.627214578000064],[6.891464335000023,53.631691422000074],[6.89918396500002,53.640056693000076],[6.910214479000047,53.643757246000064],[6.900066025000058,53.64781784100006]]],[[[7.075789472000054,53.68702165700006],[6.977640663000045,53.68140437400007],[6.863330437000059,53.66880209400006],[6.853592539000033,53.66331717500003],[6.874884954000038,53.66669703200006],[6.886932548000061,53.664079091000076],[6.918431745000021,53.66591636100003],[6.974797271000057,53.67300122700004],[6.975749366000059,53.66934756100005],[6.987075615000037,53.67504181600003],[6.995977718000063,53.67023851600004],[6.995911609000075,53.67428589000008],[7.051643248000062,53.67905489900005],[7.088523632000033,53.67992325900008],[7.096815420000041,53.677102010000056],[7.098704933000022,53.683868035000046],[7.075789472000054,53.68702165700006]]],[[[8.485330523000073,53.22712016100007],[8.480734693000045,53.24637039600003],[8.492550699000049,53.29696674400003],[8.491279741000028,53.32918741900005],[8.501531814000032,53.35105862000006],[8.492626432000066,53.419007212000054],[8.492651892000026,53.472419761000026],[8.50348776800007,53.492967098000065],[8.51612863300005,53.50214812100006],[8.552684234000026,53.51617564600008],[8.548105225000029,53.51994106700005],[8.554898250000065,53.52513102800003],[8.550145964000023,53.53801829400004],[8.534242834000054,53.54106602100006],[8.515700474000027,53.550661227000035],[8.518195474000038,53.558139244000074],[8.504077507000034,53.55068789300003],[8.462112559000047,53.552893452000035],[8.38447061000005,53.57390633500006],[8.337981267000032,53.61155023400005],[8.311608,53.616282547000026],[8.291095860000041,53.612920718000055],[8.260692789000075,53.59884673200003],[8.242972666000071,53.58239792400008],[8.234318135000024,53.53376249200005],[8.226915998000038,53.520083713000076],[8.26554761500006,53.518541138000046],[8.300071055000046,53.525851284000055],[8.309414834000052,53.52282044700007],[8.316886669000041,53.514599417000056],[8.314562544000069,53.456512916000065],[8.296343620000073,53.44157320000005],[8.29602561200005,53.42886468000006],[8.263748682000028,53.403150792000076],[8.245595257000048,53.39831327600007],[8.202859223000075,53.40339852300008],[8.189775067000028,53.40959527000007],[8.195070781000027,53.41475491400007],[8.15221077600006,53.44797661300004],[8.136145450000072,53.45267441500005],[8.117897446000029,53.45110950000003],[8.108940543000074,53.44565182600007],[8.107972929000027,53.44802426600006],[8.097738191000076,53.44610188200005],[8.075558916000034,53.46256986600008],[8.06225889600006,53.48252644400003],[8.06234064900002,53.50566758900004],[8.075224043000048,53.50208805900007],[8.095471351000072,53.50219559300007],[8.154330152000057,53.51355472100005],[8.164022497000076,53.52207467200003],[8.17097482500003,53.54047017600004],[8.156040733000054,53.560724933000074],[8.151339968000059,53.56082785000007],[8.154395890000046,53.56383355000003],[8.142359621000026,53.579668380000044],[8.155599196000026,53.58575279900003],[8.148863794000022,53.60183230700005],[8.123346059000028,53.59860891800008],[8.115572778000057,53.61455314500006],[8.086670665000042,53.64363812900007],[8.071187332000022,53.647093246000054],[8.060519913000064,53.64241158400006],[8.04469408400007,53.641408461000026],[8.031896628000027,53.657742],[8.022061847000032,53.682905505000065],[8.03162293400004,53.705743116000065],[8.00872870400002,53.712134924000054],[7.913326657000027,53.71783893400004],[7.787804339000047,53.709420469000065],[7.750000684000042,53.70040061600008],[7.717559924000057,53.699592573000075],[7.705828041000075,53.70344390300005],[7.704646402000037,53.70013761100006],[7.703838768000026,53.70351795500005],[7.605921387000024,53.68655024100008],[7.588147530000072,53.68023339300004],[7.570601343000021,53.68042727400007],[7.574327878000076,53.67510076700006],[7.572302268000044,53.677359386000035],[7.544119531000035,53.67559257500005],[7.527114210000036,53.671499796000035],[7.479449121000073,53.68327840000006],[7.376531434000071,53.68250029300003],[7.362229809000041,53.685497600000076],[7.360147919000042,53.68295837200003],[7.358029212000076,53.68682167800006],[7.296326719000035,53.68009865300007],[7.27170066900004,53.67220153200003],[7.24306473200005,53.66853916200006],[7.182598817000041,53.64087219900006],[7.170177253000077,53.62886843100006],[7.156217075000029,53.63017230400004],[7.145168352000042,53.61099523000007],[7.09033570500003,53.57965224600008],[7.087254228000063,53.57109162900008],[7.131545316000029,53.539907854000035],[7.129998988000068,53.53235998200006],[7.103966165000031,53.52755214000007],[7.096492757000021,53.521949222000046],[7.089522361000036,53.52491026300004],[7.085946356000022,53.52142583500006],[7.087411786000075,53.52536474500005],[7.076756059000047,53.53273971700003],[7.071491854000044,53.52724009600007],[7.064619199000049,53.52767070600004],[7.041316306000056,53.53721907500005],[7.034145451000029,53.54567023100003],[7.036769804000073,53.53630773200007],[7.029007264000029,53.53198348600006],[7.048688447000075,53.50807189200003],[7.024107547000028,53.48237145100006],[7.010322349000035,53.42407633200003],[7.011055097000053,53.38529934700006],[6.997958942000025,53.37136721600007],[7.000003664000076,53.358879681000076],[7.012918475000049,53.34466909200006],[7.028705462000062,53.33633698500006],[7.04912917200005,53.33850536300008],[7.060495438000032,53.33464059800008],[7.225654841000051,53.33376805700004],[7.265760916000033,53.32719714900003],[7.249576555000033,53.32488570100003],[7.245060267000042,53.318297605000055],[7.191115728000057,53.317601567000054],[7.216926628000067,53.21446460300007],[7.217364691000057,53.19770766400006],[7.207959576000064,53.18848438100008],[7.227095145000021,53.18048924500005],[7.203742651000027,53.17649963700006],[7.190463815000044,53.16176176700003],[7.189631671000029,53.14802640900007],[7.178938346000052,53.138142584000036],[7.182865370000059,53.12170903400005],[7.202794359000052,53.11328165100008],[7.199254856000039,53.081018501000074],[7.212802470000042,53.01095825700003],[7.217281327000023,53.00698383500003],[7.209295072000032,53.00024458000007],[7.181569824000064,52.94130385100004],[7.087323856000069,52.84992858800007],[7.092691941000055,52.83820107400004],[7.072044834000053,52.81087438900005],[7.055577137000057,52.64336989100008],[7.041866613000025,52.632680503000074],[6.975803860000042,52.646256589000075],[6.953044623000039,52.638944912000056],[6.919652199000041,52.63984135100003],[6.913953220000053,52.64667497100004],[6.873112273000061,52.653116658000044],[6.851570062000064,52.64869515700008],[6.837327516000073,52.65198632000005],[6.818785035000076,52.64770660500005],[6.790124928000068,52.65268986700005],[6.767955361000077,52.64686145300004],[6.758859956000038,52.64883842000006],[6.753517929000054,52.64584276800008],[6.752644481000061,52.64813256000008],[6.710086444000069,52.62731869800007],[6.727139788000045,52.61505111500003],[6.718713,52.58868427800007],[6.766621548000046,52.56151258300008],[6.752343290000056,52.55912545700005],[6.726180961000068,52.56321200900004],[6.716080523000073,52.54857101500005],[6.680868310000051,52.553336399000045],[6.705367224000042,52.520264319000034],[6.697720003000029,52.48634521400004],[6.753103465000038,52.46379697400005],[6.774632593000035,52.45961192000004],[6.854307604000041,52.45959874600004],[6.852613058000031,52.44994295600003],[6.86185772400006,52.45141446300005],[6.941683815000033,52.43548963300003],[6.962381471000072,52.44404650000007],[6.977563104000069,52.46547651900005],[6.987941693000039,52.46954097500003],[6.99180270200003,52.467452568000056],[7.010888673000068,52.42907306700005],[7.022134785000048,52.42269159500006],[7.035834897000029,52.40252617200008],[7.058798136000064,52.39933158500003],[7.072191568000051,52.37341243900005],[7.072173799000041,52.35226636700003],[7.056425347000072,52.33805786100004],[7.026305100000059,52.287444125000036],[7.028790450000031,52.273479129000066],[7.042444894000027,52.25610337100005],[7.065868436000073,52.241258981000044],[7.101885061000075,52.24348677000006],[7.12124800600003,52.26107815600005],[7.153168307000044,52.266512540000065],[7.297889793000024,52.26397512500006],[7.317481059000045,52.28027224500005],[7.345594919000064,52.28269013100004],[7.361554536000028,52.28831239600004],[7.370752596000045,52.30023743700008],[7.386480326000026,52.30930415900008],[7.396963800000037,52.306184865000034],[7.403871787000071,52.31293469800005],[7.427224313000067,52.31401251700004],[7.43777648400004,52.33335652000005],[7.479405082000028,52.34763949000006],[7.504727356000046,52.36084370000003],[7.529922924000061,52.36987643100008],[7.543056881000041,52.36797749700003],[7.563964486000032,52.370651957000064],[7.560085934000028,52.37215185300005],[7.570443653000041,52.37859664300004],[7.582104209000022,52.37640390400003],[7.571322355000063,52.381235064000066],[7.583583469000075,52.39553896800004],[7.582761603000051,52.40366587400007],[7.601162506000037,52.413862374000075],[7.602719468000032,52.421030693000034],[7.564310993000049,52.432312214000035],[7.570965478000062,52.43233050400005],[7.591712778000044,52.46485863200007],[7.604230451000035,52.47509025800008],[7.61372429000005,52.47359579300007],[7.655827185000021,52.46247363400005],[7.667430904000071,52.45607004200008],[7.683545983000045,52.45656538600008],[7.688382443000023,52.45367265600004],[7.702342179000027,52.43437005900006],[7.713825102000044,52.40100238000008],[7.725450814000055,52.39989453700008],[7.807088759000067,52.37142703100005],[7.843035816000054,52.36902764800004],[7.891770368000039,52.380512983000074],[7.921682203000046,52.36561766300008],[7.936669994000056,52.36497725800007],[7.943924292000077,52.35558899600005],[7.942009972000051,52.347568669000054],[7.947781853000038,52.35009957500006],[7.95349705600006,52.34722099900006],[7.948563556000067,52.33512761000003],[7.978010145000042,52.31270391700008],[7.99060804800007,52.30953959200008],[7.987240444000065,52.30358374800005],[7.949574184000028,52.30587514500007],[7.931790149000051,52.30184607400008],[7.930761565000068,52.28642208600007],[7.956465027000036,52.27249058000007],[7.945734981000044,52.26531057900007],[7.925623714000039,52.26281446300004],[7.923269934000075,52.248514],[7.928019797000047,52.24373802700006],[7.928134621000027,52.23010124900003],[7.922206940000024,52.22277405300008],[7.914577731000065,52.222933468000065],[7.909513869000023,52.214139258000046],[7.906646671000033,52.21533711100005],[7.906361506000053,52.208059141000035],[7.899768738000034,52.20806903000005],[7.906745063000074,52.20138062800004],[7.902993338000044,52.198869288000026],[7.91294864300005,52.18513533700008],[7.933986825000034,52.17692188800004],[7.957451981000077,52.17794342000008],[7.974333253000054,52.17113031700006],[8.007512014000042,52.17595747000007],[8.02518863900002,52.163509515000044],[8.020628819000024,52.15913126300006],[8.011819311000068,52.16180101900005],[8.012505075000036,52.15917843700004],[8.002046653000036,52.159957528000064],[8.003146684000058,52.15455549700005],[7.997386120000044,52.15447999000003],[7.99777623600005,52.15033934100006],[8.003504901000042,52.14965820900005],[8.007796129000042,52.11533314600007],[7.971769166000058,52.11598301600003],[7.958074550000049,52.10523992000003],[7.901743417000034,52.09203023100008],[7.885159166000051,52.08330245900004],[7.920704918000069,52.057997088000036],[7.916921271000035,52.05163721400004],[7.981101713000044,52.035510017000036],[7.993717081000057,52.04963608800006],[8.019098103000033,52.05860642000005],[8.019258009000055,52.06229908600005],[8.032748467000033,52.06844093600006],[8.042459911000037,52.06305258100008],[8.066703076000067,52.068121389000055],[8.069898623000029,52.065180818000044],[8.087008322000031,52.06453018600007],[8.096448168000052,52.057145183000046],[8.131401359000051,52.072008210000035],[8.151526689000036,52.07636442200004],[8.172321675000035,52.07186741900006],[8.192494537000073,52.07261933800004],[8.208913879000022,52.09677429200008],[8.245896154000036,52.12139730000007],[8.262539078000032,52.12037848600005],[8.266731884000023,52.13228120400004],[8.273432501000059,52.13072355700007],[8.28714952100006,52.135171798000044],[8.285250062000046,52.12548784000006],[8.311215341000036,52.11832908900004],[8.323918346000028,52.125922],[8.363705641000024,52.11835285900003],[8.37322823900007,52.109812470000065],[8.388116120000063,52.10802514200003],[8.404937059000076,52.11148888900004],[8.410627538000028,52.11577341700007],[8.404652012000042,52.12995714900006],[8.412881586000026,52.137605645000065],[8.453533796000045,52.155386957000076],[8.462092142000074,52.15310378000004],[8.481537185000036,52.15988518100005],[8.485395749000077,52.16587978100006],[8.493095179000022,52.16680108400004],[8.51743732400007,52.18495045100008],[8.460188309000046,52.195954638000046],[8.44239179400006,52.213306817000046],[8.461091779000071,52.229112615000076],[8.45984769200004,52.24280137900007],[8.468063211000072,52.247113668000054],[8.458796592000056,52.258184877000076],[8.46618637000006,52.26761383300004],[8.457971600000064,52.301996692000046],[8.464937357000053,52.303743602000054],[8.47214914400007,52.31536409600005],[8.46064853100006,52.31873197600004],[8.442614889000026,52.35900989100003],[8.432412468000052,52.36645510000005],[8.400951045000056,52.37744668100004],[8.393053297000051,52.384637860000055],[8.362981857000023,52.389945831000034],[8.314038742000037,52.405728245000034],[8.322902665000072,52.41072961000003],[8.315882071000033,52.41252344500003],[8.322037248000072,52.426162],[8.311724041000048,52.43635741300005],[8.303992534000031,52.434309109000026],[8.308312698000066,52.44472555100003],[8.297213681000073,52.456497908000074],[8.306187120000061,52.49023609900007],[8.312057606000053,52.494477636000056],[8.308182855000041,52.49507128000005],[8.31104435800006,52.53097378700005],[8.319529325000076,52.53850474400008],[8.343409088000044,52.541426297000044],[8.34967307100004,52.551722074000054],[8.33960796100007,52.56333076200008],[8.343968357000051,52.57481489800006],[8.332648233000043,52.57720194500007],[8.329240558000038,52.57226355200004],[8.322899322000069,52.57392156700007],[8.311235477000025,52.58627841200007],[8.293795224000064,52.65047605500007],[8.309220019000065,52.667941460000065],[8.310357544000055,52.68707461000008],[8.317096436000043,52.68933470800005],[8.33554351600003,52.68692921600007],[8.338440049000042,52.69231433500005],[8.410173821000058,52.72342433300008],[8.44564772700005,52.723075050000034],[8.471996250000075,52.735547643000075],[8.466791840000042,52.74153478800008],[8.469261108000069,52.75286521700008],[8.457777829000065,52.76285175500004],[8.46384204900005,52.773621914000046],[8.454620444000057,52.77789319100003],[8.450053369000045,52.78637750100006],[8.458537221000029,52.80075774800008],[8.47865407300003,52.79788497900006],[8.517156338000063,52.80535626900007],[8.52258486200003,52.810814539000035],[8.53102053400005,52.810999335000076],[8.53029082300003,52.816444309000076],[8.546947049000039,52.81926469300004],[8.539380053000059,52.83111708200005],[8.633669988000065,52.850910214000066],[8.627758889000063,52.85718054300003],[8.643504872000051,52.86156328200008],[8.637436186000059,52.871153664000076],[8.63954711100007,52.88407789000007],[8.646759988000042,52.88656761300007],[8.643188117000022,52.89391337200004],[8.637802166000029,52.894839629000046],[8.64286769000006,52.894971085000066],[8.646856828000068,52.90439069200005],[8.657338535000065,52.90139668900008],[8.644684915000028,52.911748877000036],[8.65164213600002,52.91388011200007],[8.649940746000027,52.91654591900004],[8.668425151000065,52.91727974200006],[8.669374707000031,52.92003039600007],[8.673125231000029,52.91282248200008],[8.687819107000053,52.917673784000044],[8.690622861000065,52.91385748700003],[8.694026936000057,52.920149285000036],[8.683913314000051,52.949531715000035],[8.688330937000046,52.966750991000026],[8.657501551000053,52.96900968400007],[8.654774688000032,52.96315842700005],[8.643050842000036,52.977165555000056],[8.648732375000066,52.98082108300008],[8.642157553000061,52.98814455300004],[8.654757024000048,52.99994715300005],[8.664005434000046,53.019772096000054],[8.678775330000065,53.01827718200008],[8.684183758000074,53.03575704200006],[8.69039347200004,53.038951687000065],[8.700734793000038,53.03742312400004],[8.711423919000026,53.04463025000007],[8.706861642000035,53.05259146900005],[8.70915481000003,53.075908336000055],[8.700762705000045,53.08229426200006],[8.674082012000042,53.08669200700007],[8.666494272000023,53.091558801000076],[8.669831092000038,53.102974704000076],[8.65489861900005,53.10886458700003],[8.657680503000051,53.11849192900007],[8.651966922000042,53.11644542000005],[8.65159815800007,53.12205077100003],[8.631066568000051,53.13817561700006],[8.619465302000037,53.16752076000006],[8.58167992600005,53.17359377500003],[8.531436890000066,53.188135739000074],[8.504711920000034,53.20078605400005],[8.482630602000029,53.223577969000075],[8.485330523000073,53.22712016100007]]],[[[7.346950825000022,53.72416648800004],[7.319485245000067,53.72703383700008],[7.18714981100004,53.722801943000036],[7.137296138000067,53.70697553800005],[7.142038017000061,53.700607794000064],[7.152755846000048,53.69687666400006],[7.16460814800007,53.69755319500007],[7.169451577000075,53.70120608800005],[7.165098447000048,53.706347151000045],[7.170355803000064,53.70785280800004],[7.177801615000021,53.70133311300003],[7.193784462000053,53.69910449400004],[7.208766399000069,53.70659939800004],[7.215462468000055,53.70359024700008],[7.270238321000022,53.703690351000034],[7.294932628000026,53.708027824000055],[7.28876439000004,53.71153878200005],[7.297069402000034,53.70855590900004],[7.340803965000021,53.71820127800004],[7.347221740000066,53.71665978500005],[7.346950825000022,53.72416648800004]]],[[[7.430013872000075,53.72417952400008],[7.433935595000037,53.73136126400004],[7.39386034100005,53.736137341000074],[7.359472285000038,53.72690739700005],[7.364279332000024,53.72031958300005],[7.37297622400007,53.72251062400005],[7.426599601000021,53.720281646000046],[7.430013872000075,53.72417952400008]]],[[[7.574251209000067,53.759217695000075],[7.479802091000067,53.75436031900006],[7.469256590000043,53.74610934300006],[7.460545220000029,53.72480064800004],[7.472485887000062,53.72146723600008],[7.482925900000055,53.725780318000034],[7.491830335000031,53.72260666500006],[7.505413664000059,53.72368327200007],[7.502005887000053,53.734463177000066],[7.511634226000069,53.74326024100003],[7.53887022300006,53.74316440000007],[7.569078455000067,53.74809299700007],[7.62554893600003,53.74715431100003],[7.642707838000035,53.75361088600005],[7.623216773000024,53.75773621600007],[7.574251209000067,53.759217695000075]]],[[[7.726599277000048,53.78184416600004],[7.70033006500006,53.781037997000055],[7.683397328000069,53.77644445800007],[7.666253635000032,53.76342282300004],[7.669600252000066,53.75393649000006],[7.682719390000045,53.750928712000075],[7.693718102000048,53.76312142900008],[7.737896547000048,53.760565032000045],[7.769349688000034,53.764068302000055],[7.815279434000047,53.77702595400007],[7.813396161000071,53.78151554300007],[7.726599277000048,53.78184416600004]]],[[[7.885377132000031,53.79455315600006],[7.866020989000049,53.79412602300005],[7.846417509000048,53.78797509700007],[7.864772767000034,53.77306732000005],[7.875557601000025,53.78857649100007],[7.913324116000069,53.78047347300003],[7.945264611000027,53.78239212400007],[7.968610313000056,53.77545240300003],[7.974228632000063,53.78030985300006],[7.977601277000076,53.77657526000007],[7.972587103000023,53.782339180000065],[7.954792715000053,53.78697125600007],[7.885377132000031,53.79455315600006]]]]},"properties":{"shapeName":"Weser-Ems","shapeISO":"","shapeID":"9070358B2639969244614","shapeGroup":"DEU","shapeType":"ADM2"}},
{"type":"Feature","geometry":{"type":"Polygon","coordinates":[[[6.17481176900003,51.18451334200006],[6.209772969000028,51.16631699000004],[6.229833504000055,51.17585708900003],[6.241183229000058,51.18757272000005],[6.250672536000025,51.18991990300003],[6.262617355000032,51.18614672600006],[6.267378541000028,51.18031424600008],[6.292193926000039,51.175217270000076],[6.29414087300006,51.16758572700007],[6.30585462800002,51.16520990300006],[6.301908531000038,51.15248757100005],[6.319022509000035,51.15005524800006],[6.331963705000021,51.14233952500007],[6.333136640000021,51.13491242400005],[6.346892836000052,51.13107125700003],[6.344076467000036,51.12751055800004],[6.354422270000043,51.12656365000004],[6.348398209000038,51.11973413100003],[6.349480179000068,51.11244305200006],[6.354196604000037,51.11053635600007],[6.352496973000029,51.10118079500006],[6.36038727600004,51.09554044600003],[6.372516565000069,51.09898009600005],[6.392377693000071,51.09886108300003],[6.385582585000066,51.09036877900007],[6.397812079000062,51.091807215000074],[6.405126370000062,51.08596360000007],[6.418342429000063,51.08949908000005],[6.424922286000026,51.08609189400005],[6.450640090000036,51.090220715000044],[6.454776537000043,51.078721373000064],[6.445222034000039,51.06548575900007],[6.452489038000067,51.05973698500003],[6.459649850000062,51.06140914400004],[6.477169230000072,51.05611298500003],[6.459211011000036,51.04307300900007],[6.48049544600002,51.034178765000036],[6.491756190000046,51.04736074400006],[6.518895448000023,51.058365611000056],[6.522302990000071,51.05614822000007],[6.534745251000061,51.059275297000056],[6.537683833000074,51.05200470300008],[6.553315264000048,51.05578780500008],[6.557251372000053,51.04940071200008],[6.561259433000032,51.03518471900003],[6.548683445000052,51.02630215500005],[6.565705895000065,51.02200856500008],[6.578624288000071,51.02389842100007],[6.579025669000032,51.01808300600004],[6.637322546000064,51.02677465900007],[6.643718809000063,51.02170256100004],[6.658693107000033,51.020972046000054],[6.67340075200002,51.01585221000005],[6.677287454000066,51.020160281000074],[6.715383549000023,51.01508882100006],[6.72814470700007,51.03097164600007],[6.743031970000061,51.03713742300005],[6.73916261100004,51.03815676000005],[6.743503704000034,51.04629687600004],[6.751610693000032,51.03972002900008],[6.761715971000058,51.042522123000026],[6.753209559000027,51.066059808000034],[6.773632464000059,51.064390014000026],[6.787360592000027,51.068809858000066],[6.800867023000023,51.059456917000034],[6.804759525000065,51.04841729300006],[6.813204041000063,51.046108237000055],[6.816842543000064,51.05378686700004],[6.830983814000035,51.05850394200007],[6.822986484000069,51.073864694000065],[6.838640962000056,51.07793536300005],[6.846397603000071,51.08456558200004],[6.853487489000031,51.08425594200003],[6.859863225000026,51.07407773400007],[6.898045050000064,51.064885624000055],[6.92174013500005,51.08196647900007],[6.939135346000057,51.07230349200006],[6.951196240000058,51.06992935800008],[6.960582828000042,51.072259391000046],[6.964599539000062,51.06871508200004],[6.974100853000039,51.068417252000074],[6.989510919000054,51.07503434900008],[6.990384983000069,51.10350629000004],[6.999720865000029,51.114852719000055],[6.998292493000065,51.119924266000055],[7.02427083200007,51.12985822300004],[7.044237757000076,51.13161276300008],[7.059291909000024,51.124185081000064],[7.076398529000073,51.12685047600007],[7.074801127000057,51.134796175000076],[7.082034710000073,51.13806660700004],[7.094614748000026,51.13352897300007],[7.097004371000025,51.13844602300003],[7.110140441000055,51.137129075000075],[7.117111019000049,51.13284581500005],[7.119441254000037,51.12270863200007],[7.135779177000074,51.11674670300005],[7.144251009000072,51.11905610900004],[7.145300573000043,51.115240441000026],[7.173929645000044,51.12748595800008],[7.162843704000068,51.12934294000007],[7.159363216000031,51.13351268500003],[7.169838808000065,51.139116674000036],[7.166984244000048,51.145150648000026],[7.160264544000029,51.14521090900007],[7.166350231000024,51.15394088200003],[7.180151109000064,51.153208035000034],[7.184755040000027,51.15590557300004],[7.198782147000031,51.15162309700003],[7.220406899000068,51.16083432200003],[7.253067746000056,51.15794086200003],[7.26179391900007,51.146852454000054],[7.291830147000042,51.14563278500003],[7.297187519000033,51.15098122200004],[7.293352790000029,51.16136898100007],[7.301612068000054,51.16440776300004],[7.298323814000071,51.16723423800005],[7.309065667000027,51.18280804900007],[7.307853512000065,51.18935808600003],[7.299669598000037,51.18606345300003],[7.30566820100006,51.195053019000056],[7.298649005000073,51.195824695000056],[7.295806435000031,51.20539193900004],[7.300371721000033,51.21005574900005],[7.296927959000072,51.22393828600008],[7.313570202000051,51.23402855100005],[7.306693513000027,51.238875258000064],[7.296988229000021,51.24701829400004],[7.304736036000065,51.25242925200007],[7.285690198000054,51.249584526000035],[7.274667860000022,51.25910636900005],[7.270741024000074,51.255684330000065],[7.267153594000035,51.25731445100007],[7.277646740000023,51.272282903000075],[7.266429238000057,51.28483396000007],[7.254785462000029,51.28540363500008],[7.253900548000047,51.288179917000036],[7.264361046000033,51.30838472000005],[7.259099279000054,51.31289138900007],[7.263667210000051,51.31825876000005],[7.224690437000049,51.30895428000008],[7.199200574000031,51.295513852000056],[7.190310947000057,51.29508303000006],[7.180833496000048,51.29947285500003],[7.16990438800002,51.297961876000045],[7.180480630000034,51.30626836400006],[7.167287807000037,51.31290233100003],[7.166214928000045,51.32562248500005],[7.148453380000035,51.334349762000045],[7.145377634000056,51.339754715000026],[7.153313892000028,51.34927468700005],[7.14726093400003,51.35150385500003],[7.159378425000057,51.36511733100008],[7.148530570000048,51.37771687800006],[7.14043067700004,51.37512576000006],[7.13013167400004,51.38149549800005],[7.122336263000022,51.37815737500006],[7.116189655000028,51.38207596900003],[7.118369769000026,51.39416812500008],[7.108443196000053,51.40666395900007],[7.129990024000051,51.41313005900008],[7.136841787000037,51.423215121000055],[7.123787459000027,51.43090138400004],[7.122948706000045,51.434470762000046],[7.133345597000073,51.44182977400004],[7.121065319000024,51.454977747000044],[7.109474309000063,51.459441594000054],[7.113936969000065,51.47168633000007],[7.10420057500005,51.48126749900007],[7.071138616000042,51.48496506200007],[7.073810919000039,51.49360792400006],[7.065881705000038,51.49815023200006],[7.060454052000068,51.49721721900005],[7.05074883900005,51.51126726900003],[7.020707,51.518061258000046],[7.01337860600006,51.53222806900004],[7.002403886000025,51.53412705800008],[6.994215415000042,51.53053350000005],[6.988291149000077,51.50872279100008],[6.979903869000054,51.50554511200005],[6.928184247000047,51.49686791400006],[6.926387255000066,51.503689620000046],[6.909572893000075,51.50314197900008],[6.893927312000073,51.516363942000055],[6.885230444000058,51.53621073100004],[6.859779857000035,51.557461071000034],[6.868544217000021,51.567272080000066],[6.856596927000055,51.56805863000005],[6.833152187000053,51.57964823100008],[6.858637670000064,51.589713559000074],[6.866163716000074,51.596694857000045],[6.850791353000034,51.60923261600004],[6.871473153000068,51.62220392300003],[6.867745171000024,51.63114700500006],[6.902276103000077,51.635684559000026],[6.89962988700006,51.653399997000065],[6.894253130000038,51.65574157300006],[6.905608464000068,51.67154345100005],[6.90076825500006,51.67506191500007],[6.91231586300006,51.676701034000075],[6.915334800000039,51.69847544900006],[6.937157160000027,51.70426418100004],[6.940518349000058,51.71546057200004],[6.928465389000053,51.72063438600003],[6.920837049000056,51.72866807300005],[6.925751492000074,51.73216570400007],[6.910861303000047,51.74609853800007],[6.858008767000058,51.72886686500004],[6.855447392000031,51.73556552600007],[6.848828711000067,51.736725326000055],[6.827102800000034,51.72978316000007],[6.818689240000026,51.74273388600005],[6.798409044000039,51.74253579200007],[6.78731358400006,51.74890864400004],[6.77296958900007,51.74614198200004],[6.76917400800005,51.76610896500006],[6.758289082000033,51.77633122800006],[6.746688239000036,51.770129455000074],[6.722513282000023,51.76841271500007],[6.70824299700007,51.77192139600004],[6.714071956000055,51.77987315100006],[6.668476791000046,51.77706263400006],[6.658091885000033,51.789224657000034],[6.638823912000021,51.79810651000008],[6.608193501000073,51.79441083000006],[6.607978394000042,51.79998892500004],[6.592756604000044,51.80226083400004],[6.583950519000041,51.793350694000026],[6.570860584000059,51.79487212200007],[6.568752651000068,51.78981141600008],[6.523126083000022,51.81054166800004],[6.516484629000047,51.81701554700004],[6.51119587200003,51.81345870100006],[6.486964871000055,51.81226721100006],[6.465482070000064,51.804903195000065],[6.433137875000057,51.802824875000056],[6.422972422000043,51.80556488500008],[6.419967565000036,51.81015092500007],[6.424514040000076,51.81050941800004],[6.421442115000048,51.81598553400005],[6.426895010000067,51.81897258200007],[6.414601542000071,51.81996639400006],[6.407779667000057,51.828091940000036],[6.401752482000063,51.827292286000045],[6.381830093000076,51.834747357000026],[6.370023658000036,51.83357896700005],[6.36294024700004,51.836230080000064],[6.359302902000024,51.846457015000055],[6.346811817000059,51.85064718600006],[6.306560848000061,51.84921544000008],[6.298936168000068,51.86789541600007],[6.279517512000041,51.87408435300006],[6.269822420000025,51.87407628900007],[6.261766007000062,51.86812815600007],[6.208474231000025,51.86954013400003],[6.185242671000026,51.881502107000074],[6.181897889000027,51.885903950000056],[6.191374498000073,51.887350671000036],[6.191121480000049,51.89164484200006],[6.169563979000031,51.901340979000054],[6.165483074000065,51.89877814000005],[6.157174461000068,51.90522204900003],[6.125523171000054,51.898309391000055],[6.118046671000059,51.901669637000055],[6.103341257000068,51.89261697400008],[6.116347796000071,51.892296875000056],[6.137377108000067,51.88558513800007],[6.144510057000048,51.86985916500004],[6.166815206000024,51.860969743000055],[6.16640764300007,51.84083471900004],[6.13629204800003,51.84720825800008],[6.099342202000059,51.84948573300005],[6.063382485000034,51.86544393500003],[6.059523624000065,51.85758346400007],[6.051808154000071,51.856631777000075],[6.055267492000041,51.852303918000075],[6.035009645000059,51.842865232000065],[6.029023715000051,51.845093879000046],[5.99368174500006,51.830830078000076],[5.96289041600005,51.836791703000074],[5.945029570000031,51.82365634400003],[5.957807209000066,51.81715602300005],[5.945837811000047,51.815206224000065],[5.948134177000043,51.81129273000005],[5.961915525000052,51.80753130900007],[5.978174334000073,51.79723179000007],[5.974578557000029,51.78504589100004],[5.990531851000071,51.78318768200006],[5.982323473000065,51.77366894700003],[5.991619968000066,51.77003651900003],[5.990529297000023,51.76624483300003],[5.952021667000054,51.74909912000004],[5.955123398000069,51.73806526200008],[5.99246310500007,51.73858491000004],[6.029083903000071,51.725679178000064],[6.035431018000054,51.71771603800005],[6.037938711000038,51.71994489700006],[6.044985345000043,51.71697953100005],[6.026395647000072,51.709278072000075],[6.03072258800006,51.677113244000054],[6.079823505000036,51.66150475000006],[6.118240238000055,51.65608621900003],[6.100036272000068,51.62412291600003],[6.093983594000065,51.62213249600006],[6.091235346000076,51.60590931100006],[6.121280185000046,51.59278015700005],[6.130597290000026,51.581072550000044],[6.157022338000047,51.56667833400007],[6.177020476000052,51.53866540000007],[6.199281563000056,51.52798124900005],[6.212084664000031,51.51337840700006],[6.213019466000048,51.49110114600006],[6.22317152100004,51.46893203900004],[6.205219800000066,51.39951830700005],[6.226378866000061,51.39965693600004],[6.214416332000042,51.38962940500005],[6.226129918000026,51.36051764700005],[6.18984002600007,51.33934992600007],[6.193070745000057,51.33473186700007],[6.168622607000032,51.332949248000034],[6.154080231000023,51.307372755000074],[6.129827275000025,51.28657025200005],[6.124480767000023,51.274584891000075],[6.072656925000047,51.24258730400004],[6.085775801000068,51.22260545100005],[6.067974200000037,51.22051409300008],[6.073337852000066,51.182966727000064],[6.082306252000024,51.171638425000026],[6.100093174000051,51.169970584000055],[6.122189191000075,51.18118168400008],[6.165018325000062,51.19436064300004],[6.18069893400002,51.18642547200005],[6.17481176900003,51.18451334200006]]]},"properties":{"shapeName":"Düsseldorf","shapeISO":"","shapeID":"9070358B16138204042833","shapeGroup":"DEU","shapeType":"ADM2"}},
{"type":"Feature","geometry":{"type":"MultiPolygon","coordinates":[[[[6.205108756000072,50.52196938800006],[6.195291313000041,50.53098147400004],[6.187262266000062,50.52708987500006],[6.192200701000047,50.52105561800005],[6.205108756000072,50.52196938800006]]],[[[6.237931246000073,50.57785408800004],[6.239548235000029,50.58745439200004],[6.225180521000027,50.59045702900005],[6.219074137000064,50.58137998500007],[6.206251911000038,50.57626123500006],[6.203098906000037,50.56929446200007],[6.174412224000037,50.557514351000066],[6.178032319000067,50.541606701000035],[6.196654860000024,50.53616598100007],[6.209621225000035,50.55508817700007],[6.224700419000044,50.55666606300008],[6.237931246000073,50.57785408800004]]],[[[6.251808800000049,50.62695032000005],[6.267473933000076,50.62652823900004],[6.270916792000037,50.62901773700003],[6.264500622000071,50.64053646500008],[6.245495491000042,50.639769630000046],[6.231521954000073,50.648035529000026],[6.224864335000063,50.640921294000066],[6.214650622000022,50.63921017300004],[6.188229186000058,50.63925783900004],[6.182378585000038,50.64695001200005],[6.166590343000053,50.643687285000055],[6.183289225000067,50.632286427000054],[6.17556221600006,50.627274413000066],[6.181838384000059,50.62375983800007],[6.194321001000048,50.63390603100004],[6.216922170000032,50.63221755400008],[6.235461083000075,50.62592613800007],[6.251808800000049,50.62695032000005]]],[[[6.17481176900003,51.18451334200006],[6.138811263000036,51.173333125000056],[6.175415267000062,51.15847977400006],[6.162734777000026,51.15279110300003],[6.163406556000041,51.14884137000007],[6.125950833000047,51.14512252800006],[6.115928255000028,51.139070410000045],[6.091868348000048,51.134973968000054],[6.087061266000035,51.124628072000064],[6.080843533000063,51.12614141600005],[6.07575450500002,51.119160203000035],[6.060305530000051,51.115931861000035],[6.037468680000075,51.097034861000054],[6.009891655000047,51.091022441000064],[5.98028787100003,51.07232902100003],[5.981383872000038,51.06924710000004],[5.969847317000074,51.06060592500006],[5.967903396000054,51.04485381100005],[5.957896923000021,51.04098204500008],[5.957887701000061,51.034709984000074],[5.938114703000053,51.03514072300004],[5.913170487000059,51.06673113700003],[5.892345099000067,51.05322815300008],[5.866755375000025,51.051431380000054],[5.867096631000038,51.04667907900006],[5.878025523000076,51.03754494000003],[5.874594376000061,51.02932022400006],[5.879150797000023,51.017553382000074],[5.895849689000045,51.01100745300005],[5.895738802000039,51.004358969000066],[5.905518057000052,51.002159678000055],[5.903812808000055,50.987495489000025],[5.892668412000035,50.98034745500007],[5.897198106000076,50.974845396000035],[5.955159322000043,50.98840600700004],[5.968203751000033,50.97946997200006],[5.980845819000024,50.983110073000034],[6.026435005000053,50.98327404500003],[6.015569404000075,50.96272256900005],[6.005263992000039,50.95683637800005],[6.016799121000076,50.95251183600004],[6.018160184000067,50.93443677100004],[6.045643256000062,50.928031023000074],[6.050868140000034,50.92999515100007],[6.056661757000029,50.92177228400004],[6.068126587000052,50.92065893800003],[6.071736840000028,50.923148508000054],[6.088998090000075,50.91869582700008],[6.093924752000021,50.92132546500005],[6.080980443000044,50.90866742000003],[6.075313039000036,50.89340045000006],[6.088189822000061,50.87243381500008],[6.077294365000057,50.86073386400005],[6.073980156000061,50.84678026000006],[6.056764057000066,50.85106650600005],[6.054839995000066,50.857353501000034],[6.018875020000053,50.84627442800007],[6.016527832000065,50.83380181800004],[6.024990814000034,50.82765648900005],[6.025050641000064,50.81416449900007],[6.003484268000022,50.80131373300003],[5.98402696900007,50.81008548700004],[5.97486142300005,50.797972953000055],[6.027798682000025,50.77373360100006],[6.018323664000036,50.76317216400008],[6.021394331000067,50.753113846000076],[6.040480906000028,50.74551257600007],[6.033151439000051,50.730984971000055],[6.039029649000042,50.71837811200004],[6.044563166000046,50.72836022300004],[6.073189035000041,50.72095226700003],[6.115293948000044,50.722114023000074],[6.124765554000021,50.71106146200003],[6.123242555000047,50.707099295000035],[6.143717006000031,50.68887370600004],[6.143642577000037,50.68166224500004],[6.162432263000028,50.67137654800007],[6.16528106100003,50.66278981600004],[6.188022601000057,50.665145316000064],[6.195538593000038,50.66293110500004],[6.197130958000059,50.65673728300004],[6.183974264000028,50.64711157100004],[6.187662378000027,50.641110111000046],[6.219733164000047,50.64120962700008],[6.231505208000044,50.64998255300003],[6.246411465000051,50.64151180500005],[6.262099932000069,50.64389940800004],[6.266895404000024,50.64152787300003],[6.273982673000035,50.628205594000065],[6.259966160000033,50.60981983000005],[6.247746049000057,50.60370896300003],[6.249604569000041,50.59822700700005],[6.241159201000073,50.58710038000004],[6.236760624000055,50.56625280700007],[6.22855081900002,50.56155415600006],[6.225794546000031,50.554461676000074],[6.211950553000065,50.553767985000036],[6.19699543400003,50.531031951000045],[6.207160032000047,50.524272832000065],[6.212582607000058,50.51556665500004],[6.209111696000036,50.51470170700003],[6.226631720000057,50.494368663000046],[6.251731913000071,50.50348381200007],[6.25460563200005,50.49941675700006],[6.261816599000042,50.49884777600005],[6.269941266000046,50.50451177100007],[6.297503913000071,50.49761233500004],[6.309075385000028,50.50141183300008],[6.334818830000074,50.48903501400008],[6.351259021000033,50.488267792000045],[6.341621681000049,50.483531276000065],[6.337486434000027,50.47474832700004],[6.343836482000029,50.46875053500003],[6.340231706000054,50.46259128000003],[6.362852777000057,50.453908341000044],[6.371823937000045,50.45558235500005],[6.377623397000036,50.43938897400005],[6.366705781000064,50.41916221100007],[6.369877124000027,50.40893069500004],[6.356851875000075,50.39114117400004],[6.342218728000034,50.38000552700004],[6.360603494000031,50.37145044500005],[6.368075245000057,50.35811178300003],[6.398321002000046,50.345660947000056],[6.400528909000059,50.33810708400006],[6.407870067000033,50.33513396200004],[6.405028255000047,50.32330869300006],[6.425294811000072,50.32301195400004],[6.42406186200003,50.33382680500006],[6.414994991000071,50.33266054000006],[6.407908814000052,50.339379732000054],[6.397181221000039,50.357911933000025],[6.405977283000027,50.36382203200003],[6.395452201000069,50.36141870600005],[6.397299928000052,50.36768467500008],[6.389003441000057,50.371686510000075],[6.391868918000057,50.37984539300004],[6.38500583900003,50.38418665900008],[6.413042934000032,50.38948596200004],[6.422030762000077,50.38194789800008],[6.414850020000074,50.37454620700004],[6.420842848000063,50.37320022700004],[6.420877816000029,50.368903042000056],[6.430023535000032,50.36318994000004],[6.435386961000063,50.37031884400005],[6.448561199000039,50.37133836100003],[6.449474166000073,50.36378465300004],[6.461162141000045,50.359026861000075],[6.458667809000076,50.34397164900008],[6.449590633000071,50.33835314300006],[6.451615287000038,50.33642410300007],[6.46598205500004,50.342588919000036],[6.484743817000037,50.33856107100007],[6.491782289000071,50.34699797400003],[6.504789402000029,50.352353263000055],[6.507121786000027,50.35987731200004],[6.516404468000076,50.35538799100004],[6.516616695000039,50.362189440000066],[6.530450524000059,50.369345354000075],[6.542182705000073,50.37105677400007],[6.543177865000075,50.36624406900006],[6.559015792000025,50.36940999700005],[6.569188709000059,50.37663353200003],[6.581850141000075,50.37754363800008],[6.585170620000042,50.38250437800008],[6.603085713000041,50.38822220600008],[6.604088071000035,50.37511937700003],[6.616273171000046,50.377018657000065],[6.627430004000075,50.37191721800008],[6.621806716000037,50.35999642300004],[6.623559011000054,50.35162698100004],[6.629840148000028,50.35123198700006],[6.636206238000057,50.34537215200004],[6.649958652000066,50.34816773500006],[6.657531020000022,50.35698974200005],[6.65601474500005,50.36743542900007],[6.667350811000063,50.371967760000075],[6.686767538000026,50.35837877000006],[6.699244644000032,50.336097402000064],[6.706034431000035,50.342790567000065],[6.732403727000076,50.35249742600007],[6.753523026000039,50.35411639600005],[6.77088556700005,50.36121315300005],[6.776766458000054,50.35808862700003],[6.777686249000055,50.36443378700005],[6.795203832000027,50.361973170000056],[6.795592455000076,50.35954428400004],[6.800711449000062,50.36178133700008],[6.802745410000057,50.36930462200007],[6.78468736800005,50.37475056400007],[6.769311744000049,50.39274798000008],[6.785122975000036,50.420633303000045],[6.770693111000071,50.425045467000075],[6.771200603000068,50.43605306100005],[6.760315480000031,50.43139329100006],[6.745523503000072,50.435929558000055],[6.743698939000069,50.44092421000005],[6.764625179000063,50.450785945000064],[6.766624285000034,50.45864375700006],[6.757072980000032,50.46303066100006],[6.758145396000032,50.470931730000075],[6.74773311000007,50.466155737000065],[6.743243953000047,50.46774810200003],[6.744603261000066,50.47263046000006],[6.759128635000025,50.47458991800005],[6.768281664000028,50.48428354200007],[6.77538507600002,50.48249548900003],[6.779861857000071,50.48657719300007],[6.800937205000025,50.49131916700003],[6.812069506000057,50.47224399800007],[6.840540213000054,50.46394563400003],[6.858573833000037,50.45326582300004],[6.876703865000025,50.46479242600003],[6.901481603000036,50.46909197900004],[6.899213774000032,50.478038438000056],[6.905593791000058,50.48504808600006],[6.897866544000067,50.49226556900004],[6.907069078000063,50.50264234600007],[6.888554082000041,50.507009020000055],[6.897818523000069,50.517694739000035],[6.884490582000069,50.519943848000025],[6.882098443000075,50.526949442000046],[6.900754711000047,50.530785568000056],[6.898732278000068,50.52712805300007],[6.909003669000072,50.52550272800005],[6.929349707000029,50.533143231000054],[6.92204618300002,50.55428087300004],[6.930971323000051,50.560452256000076],[6.951382133000038,50.563379077000036],[6.956515510000031,50.55703307500005],[6.972098291000066,50.55590736000005],[6.983576972000037,50.56573420800004],[6.998096295000039,50.56504990600007],[7.056131464000032,50.60624076100004],[7.05925275900006,50.60037088300004],[7.066347430000064,50.60069920900003],[7.06902567700007,50.592744236000044],[7.087431034000076,50.58601195000006],[7.103796716000033,50.591322554000044],[7.115121105000071,50.61178614600004],[7.135429965000071,50.60216905800007],[7.147851587000048,50.60029328200005],[7.154717367000046,50.61470533900007],[7.17301984900007,50.61255228500005],[7.173981969000067,50.618909520000045],[7.18983890800007,50.62389544500007],[7.190635543000042,50.63604131000005],[7.198485710000057,50.64820873700006],[7.203786635000029,50.64966041100007],[7.211464005000039,50.648160174000054],[7.212399645000062,50.62340492100003],[7.217027616000053,50.628066852000075],[7.251955077000048,50.62783877100003],[7.25657992400005,50.62468025800007],[7.270054733000052,50.62642740900003],[7.297323120000044,50.63181575600004],[7.305099529000074,50.63757881300006],[7.313097427000059,50.637007141000026],[7.322175248000065,50.64171541500008],[7.333480804000033,50.638396070000056],[7.358976516000041,50.64949362200008],[7.35582099800007,50.665231059000064],[7.364317150000034,50.672702436000066],[7.369315911000058,50.67254969100003],[7.366175166000062,50.680704897000055],[7.372062799000048,50.68210706600007],[7.365116163000039,50.68761064300003],[7.368307872000059,50.69709009700006],[7.357136449000052,50.69790389600007],[7.374010755000029,50.71821864300006],[7.397282413000028,50.71426992100004],[7.407050971000047,50.71818762400005],[7.423396633000038,50.70995096000007],[7.443150861000049,50.71119678800005],[7.448619767000025,50.71744476300006],[7.479816338000035,50.71825391200008],[7.501940672000046,50.73001331900008],[7.520123911000042,50.72899688100006],[7.519387883000036,50.73740659200007],[7.521534043000031,50.73365542300007],[7.551900377000038,50.74634314600007],[7.580246126000077,50.73813749200008],[7.592374858000028,50.74054539400004],[7.59529717700002,50.75096932800005],[7.591616718000068,50.756199769000034],[7.601042634000066,50.766312955000046],[7.618168809000053,50.77017082900005],[7.645393592000062,50.77088137900006],[7.655450742000028,50.76786954500005],[7.662161360000027,50.77315629700007],[7.658936374000064,50.784827875000076],[7.668455510000058,50.78618629400006],[7.675944870000023,50.779327686000045],[7.682222419000027,50.795368531000065],[7.675047644000074,50.80266927300005],[7.679510539000034,50.810046707000026],[7.664109173000043,50.815352862000054],[7.661003633000064,50.820364305000055],[7.674628277000068,50.81919510400007],[7.69942710600003,50.82501145200007],[7.729342105000057,50.85052279100006],[7.758043379000071,50.84348242600004],[7.76218749700007,50.845134408000035],[7.753187095000044,50.85136851300007],[7.765973969000072,50.85681948000007],[7.748309881000068,50.86721679400006],[7.758767439000053,50.879772236000065],[7.753021566000029,50.88837918400003],[7.760427260000029,50.900393948000044],[7.745064030000037,50.905198978000044],[7.746872127000074,50.91239200100006],[7.735459232000039,50.91776539300008],[7.757281422000062,50.920164001000046],[7.776218913000037,50.929036576000044],[7.785898056000065,50.93991411800005],[7.788178493000032,50.944643393000035],[7.78231110300004,50.94747946800004],[7.792022809000059,50.951203262000035],[7.784250225000051,50.96151127500008],[7.780297112000028,50.97995998700003],[7.748889870000028,50.97776998200004],[7.725730272000021,50.99805090600006],[7.724412906000055,51.00973096600006],[7.735629154000037,51.02382765600004],[7.727944830000069,51.02937791200003],[7.734037315000023,51.03327721800008],[7.727714490000039,51.04300529500006],[7.701628278000044,51.06176057000005],[7.704801260000067,51.06912637100004],[7.715380222000022,51.072780805000036],[7.713095309000039,51.07497019700003],[7.691839819000052,51.086503909000044],[7.679475835000062,51.08052365700007],[7.648525126000038,51.07333616400007],[7.639010184000028,51.07457072100004],[7.626376692000065,51.06852347200004],[7.610361066000053,51.07990038400004],[7.600610818000064,51.08141727200007],[7.606264757000076,51.09798713500004],[7.582083347000037,51.10657167000005],[7.55407325300007,51.10531863600005],[7.53518097500006,51.10054223900005],[7.503119713000046,51.10291291200008],[7.49513156200004,51.10751070900005],[7.497622460000059,51.114269111000056],[7.50425391300007,51.11672246000006],[7.503015302000051,51.12973371800007],[7.492661146000046,51.125020576000054],[7.481049278000057,51.13215446900006],[7.481890301000021,51.14068722700006],[7.473198846000059,51.13896230600005],[7.47515648600006,51.14300904500004],[7.468884648000028,51.14652947700006],[7.477154631000076,51.16324055800004],[7.455592459000059,51.159889365000026],[7.451180796000074,51.16337633100005],[7.441616765000049,51.15818872800003],[7.446940152000025,51.16123051200003],[7.442556072000059,51.162340579000045],[7.448893375000068,51.16374887600006],[7.438012305000029,51.166200495000055],[7.436771423000039,51.180072471000074],[7.430997044000037,51.17939930400007],[7.426712864000024,51.18737328200007],[7.420228269000063,51.188638354000034],[7.417653962000031,51.19832105100005],[7.42998622500005,51.204818749000026],[7.433343160000049,51.214409164000074],[7.429275673000063,51.225333558000045],[7.413780548000034,51.228105095000046],[7.414130219000072,51.22081587100007],[7.40375265800003,51.22143603200004],[7.395284084000025,51.22986602900005],[7.403045535000047,51.23876187800005],[7.389791319000039,51.24659623900004],[7.385869656000068,51.24204941200003],[7.378953660000036,51.241850647000035],[7.374919027000033,51.24697912900007],[7.362690595000061,51.24497890100008],[7.352870066000037,51.23878439300006],[7.340008296000065,51.23902282600005],[7.337931775000072,51.24746894100008],[7.331746778000024,51.25028900400008],[7.321888301000058,51.24408905400003],[7.313828886000067,51.245015273000035],[7.306693513000027,51.238875258000064],[7.313570202000051,51.23402855100005],[7.296927959000072,51.22393828600008],[7.300371721000033,51.21005574900005],[7.295806435000031,51.20539193900004],[7.298649005000073,51.195824695000056],[7.30566820100006,51.195053019000056],[7.299669598000037,51.18606345300003],[7.307853512000065,51.18935808600003],[7.309065667000027,51.18280804900007],[7.298323814000071,51.16723423800005],[7.301612068000054,51.16440776300004],[7.293352790000029,51.16136898100007],[7.297187519000033,51.15098122200004],[7.291830147000042,51.14563278500003],[7.26179391900007,51.146852454000054],[7.253067746000056,51.15794086200003],[7.220406899000068,51.16083432200003],[7.198782147000031,51.15162309700003],[7.184755040000027,51.15590557300004],[7.180151109000064,51.153208035000034],[7.166350231000024,51.15394088200003],[7.160264544000029,51.14521090900007],[7.166984244000048,51.145150648000026],[7.169838808000065,51.139116674000036],[7.159363216000031,51.13351268500003],[7.162843704000068,51.12934294000007],[7.173929645000044,51.12748595800008],[7.145300573000043,51.115240441000026],[7.144251009000072,51.11905610900004],[7.135779177000074,51.11674670300005],[7.119441254000037,51.12270863200007],[7.117111019000049,51.13284581500005],[7.110140441000055,51.137129075000075],[7.097004371000025,51.13844602300003],[7.094614748000026,51.13352897300007],[7.082034710000073,51.13806660700004],[7.074801127000057,51.134796175000076],[7.076398529000073,51.12685047600007],[7.059291909000024,51.124185081000064],[7.044237757000076,51.13161276300008],[7.02427083200007,51.12985822300004],[6.998292493000065,51.119924266000055],[6.999720865000029,51.114852719000055],[6.990384983000069,51.10350629000004],[6.989510919000054,51.07503434900008],[6.974100853000039,51.068417252000074],[6.964599539000062,51.06871508200004],[6.960582828000042,51.072259391000046],[6.951196240000058,51.06992935800008],[6.939135346000057,51.07230349200006],[6.92174013500005,51.08196647900007],[6.898045050000064,51.064885624000055],[6.859863225000026,51.07407773400007],[6.853487489000031,51.08425594200003],[6.846397603000071,51.08456558200004],[6.838640962000056,51.07793536300005],[6.822986484000069,51.073864694000065],[6.830983814000035,51.05850394200007],[6.816842543000064,51.05378686700004],[6.813204041000063,51.046108237000055],[6.804759525000065,51.04841729300006],[6.800867023000023,51.059456917000034],[6.787360592000027,51.068809858000066],[6.773632464000059,51.064390014000026],[6.753209559000027,51.066059808000034],[6.761715971000058,51.042522123000026],[6.751610693000032,51.03972002900008],[6.743503704000034,51.04629687600004],[6.73916261100004,51.03815676000005],[6.743031970000061,51.03713742300005],[6.72814470700007,51.03097164600007],[6.715383549000023,51.01508882100006],[6.677287454000066,51.020160281000074],[6.67340075200002,51.01585221000005],[6.658693107000033,51.020972046000054],[6.643718809000063,51.02170256100004],[6.637322546000064,51.02677465900007],[6.579025669000032,51.01808300600004],[6.578624288000071,51.02389842100007],[6.565705895000065,51.02200856500008],[6.548683445000052,51.02630215500005],[6.561259433000032,51.03518471900003],[6.557251372000053,51.04940071200008],[6.553315264000048,51.05578780500008],[6.537683833000074,51.05200470300008],[6.534745251000061,51.059275297000056],[6.522302990000071,51.05614822000007],[6.518895448000023,51.058365611000056],[6.491756190000046,51.04736074400006],[6.48049544600002,51.034178765000036],[6.459211011000036,51.04307300900007],[6.477169230000072,51.05611298500003],[6.459649850000062,51.06140914400004],[6.452489038000067,51.05973698500003],[6.445222034000039,51.06548575900007],[6.454776537000043,51.078721373000064],[6.450640090000036,51.090220715000044],[6.424922286000026,51.08609189400005],[6.418342429000063,51.08949908000005],[6.405126370000062,51.08596360000007],[6.397812079000062,51.091807215000074],[6.385582585000066,51.09036877900007],[6.392377693000071,51.09886108300003],[6.372516565000069,51.09898009600005],[6.36038727600004,51.09554044600003],[6.352496973000029,51.10118079500006],[6.354196604000037,51.11053635600007],[6.349480179000068,51.11244305200006],[6.348398209000038,51.11973413100003],[6.354422270000043,51.12656365000004],[6.344076467000036,51.12751055800004],[6.346892836000052,51.13107125700003],[6.333136640000021,51.13491242400005],[6.331963705000021,51.14233952500007],[6.319022509000035,51.15005524800006],[6.301908531000038,51.15248757100005],[6.30585462800002,51.16520990300006],[6.29414087300006,51.16758572700007],[6.292193926000039,51.175217270000076],[6.267378541000028,51.18031424600008],[6.262617355000032,51.18614672600006],[6.250672536000025,51.18991990300003],[6.241183229000058,51.18757272000005],[6.229833504000055,51.17585708900003],[6.209772969000028,51.16631699000004],[6.17481176900003,51.18451334200006]]],[[[6.192613883000035,50.662582927000074],[6.166980126000055,50.661020551000036],[6.183854755000027,50.64886466300004],[6.194424405000063,50.65752487800006],[6.192613883000035,50.662582927000074]]]]},"properties":{"shapeName":"Köln","shapeISO":"","shapeID":"9070358B57109950257038","shapeGroup":"DEU","shapeType":"ADM2"}},
{"type":"Feature","geometry":{"type":"Polygon","coordinates":[[[7.065868436000073,52.241258981000044],[7.060995490000039,52.23478240600008],[7.03897020200003,52.22764717600006],[7.019236779000039,52.22503970500003],[7.003461453000057,52.22851605000005],[6.985109800000032,52.22528623300008],[6.974188759000072,52.20517083000004],[6.951315878000059,52.18100676600005],[6.906802156000026,52.17517608700007],[6.905840094000041,52.16997692500007],[6.88044594400003,52.155995199000074],[6.873352203000024,52.13020103400004],[6.855393157000037,52.12043428800007],[6.760630183000046,52.118723017000036],[6.755072115000075,52.09489956400006],[6.744523272000038,52.09308405300004],[6.751215832000071,52.08549339700005],[6.747883710000053,52.08201434800003],[6.735590768000066,52.07467814900008],[6.69465294500003,52.06980283300004],[6.695983871000067,52.06435555000007],[6.686921558000051,52.05572756200007],[6.687725947000047,52.039899167000044],[6.71465876700006,52.03989335500006],[6.752642021000042,52.02864713200006],[6.766196772000058,52.01884143400008],[6.811478646000069,51.99814562000006],[6.807750805000069,51.99499893500007],[6.82657389000002,51.993532016000074],[6.830419115000041,51.986206518000074],[6.832877162000045,51.97184182600006],[6.828513097000041,51.964066709000065],[6.798644224000043,51.95881773100007],[6.793965041000035,51.935065604000044],[6.769997767000064,51.91623906600006],[6.754662389000032,51.913073815000075],[6.751179257000047,51.90718489100004],[6.737085553000043,51.90457274200003],[6.732607205000022,51.89870714300008],[6.721664071000021,51.89617477400003],[6.703281255000036,51.906407278000074],[6.703671560000032,51.90939117100004],[6.697520274000055,51.90986928600006],[6.695464095000034,51.91575658800008],[6.674509103000048,51.91589880500004],[6.634252410000045,51.90104196100003],[6.585623546000022,51.89391178900007],[6.560400525000034,51.88210104600006],[6.552419131000022,51.886197638000056],[6.549564348000047,51.88314715300004],[6.544463493000023,51.884669563000045],[6.524584741000069,51.873708631000056],[6.501123684000049,51.868129398000065],[6.499578529000075,51.86175618000004],[6.472575542000072,51.853808455000035],[6.462384859000053,51.85597457700004],[6.451067654000042,51.86531423400004],[6.432406619000062,51.85939423700006],[6.427853027000026,51.86573060500007],[6.411947978000057,51.87090463000004],[6.402246761000072,51.86916359200006],[6.390815829000076,51.87393384500007],[6.388056793000032,51.86195241300004],[6.408868024000071,51.85334941800005],[6.402422192000074,51.84456916500005],[6.407779667000057,51.828091940000036],[6.414601542000071,51.81996639400006],[6.426895010000067,51.81897258200007],[6.421442115000048,51.81598553400005],[6.424514040000076,51.81050941800004],[6.419967565000036,51.81015092500007],[6.422972422000043,51.80556488500008],[6.433137875000057,51.802824875000056],[6.465482070000064,51.804903195000065],[6.486964871000055,51.81226721100006],[6.51119587200003,51.81345870100006],[6.516484629000047,51.81701554700004],[6.523126083000022,51.81054166800004],[6.568752651000068,51.78981141600008],[6.570860584000059,51.79487212200007],[6.583950519000041,51.793350694000026],[6.592756604000044,51.80226083400004],[6.607978394000042,51.79998892500004],[6.608193501000073,51.79441083000006],[6.638823912000021,51.79810651000008],[6.658091885000033,51.789224657000034],[6.668476791000046,51.77706263400006],[6.714071956000055,51.77987315100006],[6.70824299700007,51.77192139600004],[6.722513282000023,51.76841271500007],[6.746688239000036,51.770129455000074],[6.758289082000033,51.77633122800006],[6.76917400800005,51.76610896500006],[6.77296958900007,51.74614198200004],[6.78731358400006,51.74890864400004],[6.798409044000039,51.74253579200007],[6.818689240000026,51.74273388600005],[6.827102800000034,51.72978316000007],[6.848828711000067,51.736725326000055],[6.855447392000031,51.73556552600007],[6.858008767000058,51.72886686500004],[6.910861303000047,51.74609853800007],[6.925751492000074,51.73216570400007],[6.920837049000056,51.72866807300005],[6.928465389000053,51.72063438600003],[6.940518349000058,51.71546057200004],[6.937157160000027,51.70426418100004],[6.915334800000039,51.69847544900006],[6.91231586300006,51.676701034000075],[6.90076825500006,51.67506191500007],[6.905608464000068,51.67154345100005],[6.894253130000038,51.65574157300006],[6.89962988700006,51.653399997000065],[6.902276103000077,51.635684559000026],[6.867745171000024,51.63114700500006],[6.871473153000068,51.62220392300003],[6.850791353000034,51.60923261600004],[6.866163716000074,51.596694857000045],[6.858637670000064,51.589713559000074],[6.833152187000053,51.57964823100008],[6.856596927000055,51.56805863000005],[6.868544217000021,51.567272080000066],[6.859779857000035,51.557461071000034],[6.885230444000058,51.53621073100004],[6.893927312000073,51.516363942000055],[6.909572893000075,51.50314197900008],[6.926387255000066,51.503689620000046],[6.928184247000047,51.49686791400006],[6.979903869000054,51.50554511200005],[6.988291149000077,51.50872279100008],[6.994215415000042,51.53053350000005],[7.002403886000025,51.53412705800008],[7.01337860600006,51.53222806900004],[7.020707,51.518061258000046],[7.05074883900005,51.51126726900003],[7.060454052000068,51.49721721900005],[7.065881705000038,51.49815023200006],[7.073810919000039,51.49360792400006],[7.071138616000042,51.48496506200007],[7.10420057500005,51.48126749900007],[7.137471923000021,51.49057144400007],[7.138056068000026,51.50878016000007],[7.144462246000046,51.51314162500006],[7.139056991000075,51.51599545600004],[7.124901348000037,51.551029020000044],[7.179628105000063,51.552735806000044],[7.226202955000076,51.56439549600003],[7.24168671700005,51.57340639200004],[7.249650375000044,51.56469869400007],[7.264093346000038,51.568568248000076],[7.26275653600004,51.560221022000064],[7.271175056000061,51.559980489000054],[7.273579007000023,51.55644623400008],[7.283249316000024,51.55714980700003],[7.285945999000035,51.545687936000036],[7.296311150000065,51.54182786400003],[7.293586829000049,51.532262486000036],[7.304371865000064,51.52543257000008],[7.335776491000047,51.52073332600003],[7.363109670000028,51.52734445600004],[7.361340872000028,51.534028214000045],[7.34978178800003,51.53946632900005],[7.354243237000048,51.55157376400007],[7.350594385000022,51.55232493400007],[7.351884992000066,51.56691162300007],[7.33846784800005,51.57653051900007],[7.353618651000033,51.58506326500003],[7.357368934000021,51.58192450100006],[7.370032990000027,51.58218629800007],[7.371727785000076,51.59080351600005],[7.396322080000061,51.587320110000064],[7.399974017000034,51.59314377700008],[7.436176052000064,51.60736058300006],[7.448788755000066,51.607557547000056],[7.460275793000051,51.616375428000026],[7.458169915000042,51.624275315000034],[7.465234494000072,51.62905444300003],[7.462422502000038,51.638595096000074],[7.455320808000067,51.63761178000004],[7.456820995000044,51.64178551800006],[7.443785443000024,51.647088428000075],[7.443117382000025,51.65522094700003],[7.44852686400003,51.654240075000075],[7.443536571000038,51.65974625300004],[7.414645623000069,51.66223805200008],[7.407750232000069,51.66759162500006],[7.411254863000067,51.67106347400005],[7.434725666000077,51.66829806800007],[7.439770703000022,51.67480012200008],[7.448452002000067,51.67631099400006],[7.449156139000024,51.69330992500005],[7.437768108000057,51.703993033000074],[7.427688230000058,51.704732180000065],[7.42118616700003,51.70957129300007],[7.43572073200005,51.72273375700007],[7.448686483000074,51.725012726000045],[7.467866957000069,51.736311423000075],[7.477040098000032,51.728615639000054],[7.483127704000026,51.729142608000075],[7.477530207000029,51.722990105000065],[7.484188698000025,51.71414747100005],[7.49344209700007,51.720714944000065],[7.517377697000029,51.72137790000005],[7.518396101000064,51.70701954100008],[7.53149073700007,51.70443181100006],[7.529723076000039,51.69716344300008],[7.533284716000026,51.69265543700004],[7.543556276000061,51.69063485400005],[7.538589651000052,51.68812261100004],[7.542141850000064,51.68473831400007],[7.567829496000058,51.698313033000034],[7.588231036000025,51.70040435900006],[7.605716738000069,51.70656393100006],[7.606360676000065,51.70994230100007],[7.613684103000026,51.71153218900008],[7.612897380000049,51.71565680900005],[7.626624992000075,51.71372633200008],[7.62790583900005,51.70927716300008],[7.642277301000036,51.71342686500003],[7.65301246000007,51.70640180500004],[7.657180120000021,51.70765438600006],[7.654624326000032,51.713181373000054],[7.669226469000023,51.71716197600006],[7.668148748000021,51.72288122800006],[7.687248339000064,51.72885328600006],[7.692403108000065,51.717372107000074],[7.701889280000046,51.71237920800007],[7.714852089000033,51.71980675800006],[7.719205685000077,51.71859434900006],[7.723616452000044,51.72778717300008],[7.735802874000058,51.730454586000064],[7.735788030000037,51.73737042800008],[7.752189754000028,51.738526481000065],[7.769527045000075,51.72377753900008],[7.789067936000038,51.730166790000055],[7.788988921000055,51.733185208000066],[7.804032597000059,51.73174256200008],[7.802138156000069,51.73440018500003],[7.812955867000028,51.73977980900003],[7.820566733000021,51.73931070500004],[7.825771279000037,51.74476647700004],[7.833374789000061,51.742201426000065],[7.836445097000023,51.730018432000065],[7.858636713000067,51.72671453500004],[7.859952805000034,51.72305700700008],[7.875698959000033,51.72836646700006],[7.880010793000054,51.72092761500005],[7.888313069000048,51.71781488200003],[7.889864805000059,51.70270100400006],[7.922764647000065,51.706050824000044],[7.951346958000045,51.70064811200007],[7.960951137000052,51.70834804000003],[7.957704743000022,51.71577219900007],[7.975198103000025,51.72305972200007],[7.976191813000071,51.720290532000035],[7.983818990000032,51.72145899900005],[7.987841070000059,51.71777203700003],[8.004439567000077,51.71629421600005],[8.007026520000068,51.71020432900008],[8.028745919000073,51.717042476000074],[8.05189619500004,51.71689496100004],[8.062273353000023,51.71125071200004],[8.06868114200006,51.71272572000004],[8.072517448000042,51.70806056300006],[8.092414891000033,51.70669533000006],[8.091681108000046,51.703165342000034],[8.097395349000067,51.70208127500007],[8.112207578000039,51.71698421800005],[8.120087601000023,51.71795236000003],[8.125633003000075,51.71330240800006],[8.135796163000066,51.71545744900004],[8.157363091000036,51.71049664900005],[8.156373995000024,51.707749894000074],[8.16518089400006,51.707491996000044],[8.175074446000053,51.70028994300003],[8.179681049000067,51.70153092900006],[8.184093552000036,51.69383709200008],[8.211677928000029,51.69668866200004],[8.211267427000053,51.68927946100007],[8.199591511000051,51.68325288200003],[8.204670068000041,51.67064292100008],[8.194751892000056,51.66151240200003],[8.218684374000077,51.65812456700007],[8.224072792000072,51.66199890900003],[8.250911073000054,51.66009238300006],[8.266731030000074,51.66356429400008],[8.295353211000076,51.67685523600005],[8.295875100000046,51.694977804000075],[8.31146820600003,51.71960820000004],[8.320136134000052,51.725705196000035],[8.310353483000029,51.73421787900003],[8.309066606000044,51.741852091000055],[8.30149381900003,51.741397403000065],[8.30108092200004,51.74519017700004],[8.306254551000052,51.745771905000026],[8.301666339000064,51.75405919700006],[8.293153242000074,51.75301506300008],[8.279368226000031,51.76969318600004],[8.253981077000049,51.77342424900007],[8.251944878000074,51.78483598200006],[8.259446173000072,51.79067160200003],[8.257458994000046,51.80292218200003],[8.240263902000038,51.809417729000074],[8.233285855000076,51.82273043600003],[8.214399171000025,51.82227801700003],[8.199957210000036,51.82785787000006],[8.205171986000039,51.83534784400007],[8.218821651000042,51.836340051000036],[8.214470860000063,51.85297814100005],[8.207530316000032,51.85354519400005],[8.198534940000059,51.86261513100004],[8.184840692000023,51.86236309700007],[8.183021028000041,51.872681311000065],[8.175355371000023,51.87457928100008],[8.172726240000031,51.88807226800003],[8.159146849000024,51.89077106000008],[8.161920525000028,51.89974721300007],[8.150751140000068,51.897868309000046],[8.164223667000044,51.907964879000076],[8.168590300000062,51.90744456600004],[8.173556390000044,51.919692034000036],[8.165783085000044,51.923482930000034],[8.169532404000051,51.92627988000004],[8.129090284000029,51.95178878000007],[8.112985819000073,51.95604766500003],[8.112780844000042,51.96354946400004],[8.105619066000031,51.96869286000003],[8.114303954000036,51.97180975200007],[8.107431058000031,51.99073099300006],[8.110954295000056,52.001174218000074],[8.091163962000053,51.99723231300004],[8.07547775300003,52.01086389900007],[8.096448168000052,52.057145183000046],[8.087008322000031,52.06453018600007],[8.069898623000029,52.065180818000044],[8.066703076000067,52.068121389000055],[8.042459911000037,52.06305258100008],[8.032748467000033,52.06844093600006],[8.019258009000055,52.06229908600005],[8.019098103000033,52.05860642000005],[7.993717081000057,52.04963608800006],[7.981101713000044,52.035510017000036],[7.916921271000035,52.05163721400004],[7.920704918000069,52.057997088000036],[7.885159166000051,52.08330245900004],[7.901743417000034,52.09203023100008],[7.958074550000049,52.10523992000003],[7.971769166000058,52.11598301600003],[8.007796129000042,52.11533314600007],[8.003504901000042,52.14965820900005],[7.99777623600005,52.15033934100006],[7.997386120000044,52.15447999000003],[8.003146684000058,52.15455549700005],[8.002046653000036,52.159957528000064],[8.012505075000036,52.15917843700004],[8.011819311000068,52.16180101900005],[8.020628819000024,52.15913126300006],[8.02518863900002,52.163509515000044],[8.007512014000042,52.17595747000007],[7.974333253000054,52.17113031700006],[7.957451981000077,52.17794342000008],[7.933986825000034,52.17692188800004],[7.91294864300005,52.18513533700008],[7.902993338000044,52.198869288000026],[7.906745063000074,52.20138062800004],[7.899768738000034,52.20806903000005],[7.906361506000053,52.208059141000035],[7.906646671000033,52.21533711100005],[7.909513869000023,52.214139258000046],[7.914577731000065,52.222933468000065],[7.922206940000024,52.22277405300008],[7.928134621000027,52.23010124900003],[7.928019797000047,52.24373802700006],[7.923269934000075,52.248514],[7.925623714000039,52.26281446300004],[7.945734981000044,52.26531057900007],[7.956465027000036,52.27249058000007],[7.930761565000068,52.28642208600007],[7.931790149000051,52.30184607400008],[7.949574184000028,52.30587514500007],[7.987240444000065,52.30358374800005],[7.99060804800007,52.30953959200008],[7.978010145000042,52.31270391700008],[7.948563556000067,52.33512761000003],[7.95349705600006,52.34722099900006],[7.947781853000038,52.35009957500006],[7.942009972000051,52.347568669000054],[7.943924292000077,52.35558899600005],[7.936669994000056,52.36497725800007],[7.921682203000046,52.36561766300008],[7.891770368000039,52.380512983000074],[7.843035816000054,52.36902764800004],[7.807088759000067,52.37142703100005],[7.725450814000055,52.39989453700008],[7.713825102000044,52.40100238000008],[7.702342179000027,52.43437005900006],[7.688382443000023,52.45367265600004],[7.683545983000045,52.45656538600008],[7.667430904000071,52.45607004200008],[7.655827185000021,52.46247363400005],[7.61372429000005,52.47359579300007],[7.604230451000035,52.47509025800008],[7.591712778000044,52.46485863200007],[7.570965478000062,52.43233050400005],[7.564310993000049,52.432312214000035],[7.602719468000032,52.421030693000034],[7.601162506000037,52.413862374000075],[7.582761603000051,52.40366587400007],[7.583583469000075,52.39553896800004],[7.571322355000063,52.381235064000066],[7.582104209000022,52.37640390400003],[7.570443653000041,52.37859664300004],[7.560085934000028,52.37215185300005],[7.563964486000032,52.370651957000064],[7.543056881000041,52.36797749700003],[7.529922924000061,52.36987643100008],[7.504727356000046,52.36084370000003],[7.479405082000028,52.34763949000006],[7.43777648400004,52.33335652000005],[7.427224313000067,52.31401251700004],[7.403871787000071,52.31293469800005],[7.396963800000037,52.306184865000034],[7.386480326000026,52.30930415900008],[7.370752596000045,52.30023743700008],[7.361554536000028,52.28831239600004],[7.345594919000064,52.28269013100004],[7.317481059000045,52.28027224500005],[7.297889793000024,52.26397512500006],[7.153168307000044,52.266512540000065],[7.12124800600003,52.26107815600005],[7.101885061000075,52.24348677000006],[7.065868436000073,52.241258981000044]]]},"properties":{"shapeName":"Münster","shapeISO":"","shapeID":"9070358B93499833428165","shapeGroup":"DEU","shapeType":"ADM2"}},
{"type":"Feature","geometry":{"type":"Polygon","coordinates":[[[9.440456998000059,51.650394024000036],[9.41731750100007,51.64726925400004],[9.386311841000065,51.64601844400005],[9.374661799000023,51.64984558400005],[9.379388531000075,51.66592673900004],[9.395687619000057,51.673988558000076],[9.386923490000072,51.68982224500007],[9.401664935000042,51.70165616400004],[9.387318167000046,51.71939018200004],[9.394415503000062,51.73197143800007],[9.378877584000065,51.73809621200007],[9.375365201000022,51.74361401800007],[9.383725124000023,51.75023385500003],[9.384336130000065,51.757850973000075],[9.402696727000034,51.75937197400003],[9.40955076900002,51.771041127000046],[9.448156882000035,51.79479941100004],[9.436367412000038,51.79701538000006],[9.44081744500005,51.80345181800004],[9.430901363000032,51.804883275000066],[9.427329971000063,51.810491916000046],[9.440521309000076,51.82493302600005],[9.436722796000026,51.82781393100004],[9.442178495000064,51.82922116900005],[9.433314686000074,51.84066638100006],[9.46028480900003,51.85467024900004],[9.45964873500003,51.86279742900007],[9.437366927000028,51.85622165800004],[9.404902438000022,51.855592957000056],[9.362865542000065,51.86487896600005],[9.334699755000031,51.85361074200006],[9.323343736000027,51.855060964000074],[9.335757386000068,51.85605151200008],[9.340165313000057,51.87864012300008],[9.34432657800005,51.880201095000075],[9.340841883000053,51.90800232500004],[9.332153102000063,51.91695673300006],[9.31844770300006,51.918415682000045],[9.315183034000029,51.92266822100004],[9.286738085000025,51.92104840800005],[9.272069028000033,51.93230420900005],[9.277070262000052,51.94385323200004],[9.263912830000038,51.948053550000054],[9.271728918000065,51.94973586400005],[9.271393771000021,51.95513026400005],[9.286323836000065,51.957109744000036],[9.277575694000063,51.96186026200007],[9.274375359000032,51.97360359800007],[9.268408811000029,51.970168382000054],[9.269997087000036,51.97390929900007],[9.257758112000033,51.977209834000064],[9.216921993000028,51.973624217000065],[9.217123377000064,51.96977026500008],[9.213300012000047,51.97087155300005],[9.209427056000038,51.96720200500005],[9.208896029000073,51.95985529300003],[9.202721501000042,51.96493637700007],[9.198615845000063,51.962345533000075],[9.18582022000004,51.96618141300007],[9.187813208000023,51.97281586400004],[9.176231466000047,51.98035269400003],[9.183704314000067,51.99094345300006],[9.196793757000023,51.996917102000054],[9.179261562000022,52.00269033100005],[9.197352970000054,52.01167140000007],[9.189039344000037,52.02627757700003],[9.176892981000037,52.03371908300005],[9.172169130000043,52.047370553000064],[9.174432495000076,52.060427496000045],[9.181347595000034,52.06786644300007],[9.193280775000062,52.070311341000036],[9.176086965000025,52.08611699800008],[9.154688560000068,52.09179214000005],[9.155604698000047,52.097829872000034],[9.146515019000049,52.099922218000074],[9.134648347000052,52.09428143200006],[9.132977916000073,52.09662945400004],[9.135863065000024,52.10583739100008],[9.146924269000067,52.10920185100008],[9.146204408000074,52.11324193200005],[9.155844925000054,52.11434040100005],[9.159335104000036,52.119840228000044],[9.153344073000028,52.129146680000076],[9.144705221000038,52.13491035200008],[9.129082271000073,52.13532987500008],[9.129796432000035,52.139746116000026],[9.116078186000038,52.13844552000006],[9.107039403000044,52.13238508300003],[9.099140411000064,52.13302140600007],[9.097141927000052,52.13712716800006],[9.090826892000052,52.135694441000055],[9.081783347000055,52.14110206000004],[9.067803093000066,52.14025160600005],[9.071614899000053,52.14825880500007],[9.063024032000044,52.148468620000074],[9.053365581000037,52.14822821400003],[9.044386490000022,52.13959979200007],[9.03625646100005,52.14007623200007],[9.017792062000069,52.132426673000055],[9.011015900000075,52.13577000600003],[9.017538681000076,52.14774418400003],[9.012669278000033,52.16241050000008],[9.021603182000035,52.17199904100005],[9.011815564000074,52.17297253600003],[9.012422702000038,52.17790781700006],[9.001332061000028,52.183158035000076],[9.001046493000047,52.18779645600006],[8.99627319900003,52.185649443000045],[8.993836267000063,52.19184305700003],[8.985833623000076,52.19459859500006],[8.994035623000059,52.19613775300007],[9.006990673000075,52.189517083000055],[9.013589637000052,52.195374736000076],[9.019637936000038,52.19217517000004],[9.021111203000032,52.18383605000008],[9.04534921000004,52.18377344800007],[9.045855734000043,52.21078548700007],[9.034064501000046,52.21764046200008],[9.035759915000028,52.22452507300005],[9.042428931000074,52.22621671200005],[9.05174781900007,52.22021263700003],[9.076449076000074,52.23257834100008],[9.032970017000025,52.24952628400007],[9.006508409000048,52.252844346000074],[9.004221296000026,52.257492797000054],[8.974870267000028,52.26255532000005],[8.978577319000067,52.27479177600003],[8.972107488000063,52.27345275400006],[8.963536743000077,52.27902697600007],[8.988077145000034,52.28756898900008],[8.985279912000067,52.29572875500003],[8.998320816000046,52.32621485400006],[9.007703029000027,52.32572220700007],[9.00957670300005,52.33121473500006],[9.018907987000034,52.33098843700003],[9.027357220000056,52.34561094800006],[9.057924826000033,52.33957740300008],[9.05917506000003,52.346860596000056],[9.072541175000026,52.34825261600008],[9.085110546000067,52.35585840400006],[9.08892660600003,52.366283672000066],[9.098799448000022,52.372947658000044],[9.100721102000023,52.38062481400004],[9.095461469000043,52.38666204500004],[9.112374037000052,52.397660382000026],[9.117431993000025,52.39714749600006],[9.125252412000066,52.41199335700003],[9.123766661000047,52.42154768900008],[9.112037133000058,52.420803238000076],[9.105945639000026,52.42518313700003],[9.105215411000074,52.42738794700006],[9.112414945000069,52.42754266600008],[9.11052317900004,52.43542718600003],[9.094530001000066,52.44282393700007],[9.102923074000046,52.45692635700004],[9.125618081000027,52.46829591100004],[9.123288968000054,52.47461041400004],[9.136708747000057,52.475545630000056],[9.13197374300006,52.48398266500004],[9.112375503000067,52.485781932000066],[9.09942042800003,52.49747790200007],[9.08769039200007,52.49569634300008],[9.071337220000032,52.49864482800007],[9.065845344000024,52.496201393000035],[9.052656210000066,52.50029805100007],[9.04128775700002,52.48748879400006],[9.044076448000055,52.48264624900003],[9.022950189000028,52.477262],[9.017038180000043,52.460170394000045],[9.012089081000056,52.45731134300007],[8.99891974600007,52.45756300600004],[8.992117983000071,52.45060847900004],[8.978418282000064,52.450721617000056],[8.986727120000069,52.445514424000066],[8.979175718000022,52.43626054500004],[8.987056167000048,52.43251642300004],[8.977986504000057,52.42699597400008],[8.962192505000075,52.42499603500005],[8.957962301000066,52.41616131300003],[8.941128430000049,52.41632332800003],[8.94606512100006,52.41352675500008],[8.944139225000072,52.40839255700007],[8.935209162000035,52.404642557000045],[8.937104972000043,52.40190619900005],[8.903104714000051,52.40458015300004],[8.903665581000041,52.40191259200003],[8.897715437000045,52.40158479200005],[8.892460430000028,52.405709424000065],[8.889183038000056,52.39598121800003],[8.868558101000076,52.39266394800006],[8.866949580000039,52.39625237100006],[8.855101141000034,52.38923412500003],[8.786783987000035,52.39870647400005],[8.746086795000053,52.387872224000034],[8.72491388100002,52.40092922800005],[8.71523630400003,52.392568796000035],[8.707486373000052,52.395351266000034],[8.710902090000047,52.40821506300006],[8.704833674000042,52.41869400600007],[8.718080685000075,52.429362912000045],[8.703326107000066,52.44319480100006],[8.710709153000039,52.46369801700007],[8.70932302500006,52.47703585100004],[8.698548986000048,52.48669827800006],[8.702061806000074,52.50347337900007],[8.698652821000053,52.50880737300008],[8.684122137000031,52.514394663000076],[8.69031362000004,52.518774568000026],[8.671481468000025,52.51739469600005],[8.652550124000072,52.531443429000035],[8.556857517000026,52.49909565400003],[8.516577169000072,52.50931530300005],[8.50884853100007,52.51469337700007],[8.481628950000072,52.49697693200005],[8.472523497000054,52.49884814700005],[8.458861053000021,52.49167228600004],[8.454290060000062,52.46100706400006],[8.430292172000065,52.44772574600006],[8.425320749000036,52.45173047900005],[8.417777570000055,52.44927004800007],[8.418134680000037,52.44442150400005],[8.40010404900005,52.45092684900004],[8.386366205000058,52.44777765400005],[8.385907190000069,52.44501658000007],[8.359687311000073,52.44403112500004],[8.34569070300006,52.45282315900005],[8.32613101100003,52.451670626000066],[8.311374097000055,52.45895156100005],[8.297213681000073,52.456497908000074],[8.308312698000066,52.44472555100003],[8.303992534000031,52.434309109000026],[8.311724041000048,52.43635741300005],[8.322037248000072,52.426162],[8.315882071000033,52.41252344500003],[8.322902665000072,52.41072961000003],[8.314038742000037,52.405728245000034],[8.362981857000023,52.389945831000034],[8.393053297000051,52.384637860000055],[8.400951045000056,52.37744668100004],[8.432412468000052,52.36645510000005],[8.442614889000026,52.35900989100003],[8.46064853100006,52.31873197600004],[8.47214914400007,52.31536409600005],[8.464937357000053,52.303743602000054],[8.457971600000064,52.301996692000046],[8.46618637000006,52.26761383300004],[8.458796592000056,52.258184877000076],[8.468063211000072,52.247113668000054],[8.45984769200004,52.24280137900007],[8.461091779000071,52.229112615000076],[8.44239179400006,52.213306817000046],[8.460188309000046,52.195954638000046],[8.51743732400007,52.18495045100008],[8.493095179000022,52.16680108400004],[8.485395749000077,52.16587978100006],[8.481537185000036,52.15988518100005],[8.462092142000074,52.15310378000004],[8.453533796000045,52.155386957000076],[8.412881586000026,52.137605645000065],[8.404652012000042,52.12995714900006],[8.410627538000028,52.11577341700007],[8.404937059000076,52.11148888900004],[8.388116120000063,52.10802514200003],[8.37322823900007,52.109812470000065],[8.363705641000024,52.11835285900003],[8.323918346000028,52.125922],[8.311215341000036,52.11832908900004],[8.285250062000046,52.12548784000006],[8.28714952100006,52.135171798000044],[8.273432501000059,52.13072355700007],[8.266731884000023,52.13228120400004],[8.262539078000032,52.12037848600005],[8.245896154000036,52.12139730000007],[8.208913879000022,52.09677429200008],[8.192494537000073,52.07261933800004],[8.172321675000035,52.07186741900006],[8.151526689000036,52.07636442200004],[8.131401359000051,52.072008210000035],[8.096448168000052,52.057145183000046],[8.07547775300003,52.01086389900007],[8.091163962000053,51.99723231300004],[8.110954295000056,52.001174218000074],[8.107431058000031,51.99073099300006],[8.114303954000036,51.97180975200007],[8.105619066000031,51.96869286000003],[8.112780844000042,51.96354946400004],[8.112985819000073,51.95604766500003],[8.129090284000029,51.95178878000007],[8.169532404000051,51.92627988000004],[8.165783085000044,51.923482930000034],[8.173556390000044,51.919692034000036],[8.168590300000062,51.90744456600004],[8.164223667000044,51.907964879000076],[8.150751140000068,51.897868309000046],[8.161920525000028,51.89974721300007],[8.159146849000024,51.89077106000008],[8.172726240000031,51.88807226800003],[8.175355371000023,51.87457928100008],[8.183021028000041,51.872681311000065],[8.184840692000023,51.86236309700007],[8.198534940000059,51.86261513100004],[8.207530316000032,51.85354519400005],[8.214470860000063,51.85297814100005],[8.218821651000042,51.836340051000036],[8.205171986000039,51.83534784400007],[8.199957210000036,51.82785787000006],[8.214399171000025,51.82227801700003],[8.233285855000076,51.82273043600003],[8.240263902000038,51.809417729000074],[8.257458994000046,51.80292218200003],[8.259446173000072,51.79067160200003],[8.251944878000074,51.78483598200006],[8.253981077000049,51.77342424900007],[8.279368226000031,51.76969318600004],[8.293153242000074,51.75301506300008],[8.301666339000064,51.75405919700006],[8.306254551000052,51.745771905000026],[8.30108092200004,51.74519017700004],[8.30149381900003,51.741397403000065],[8.309066606000044,51.741852091000055],[8.310353483000029,51.73421787900003],[8.320136134000052,51.725705196000035],[8.32465120300003,51.72776643100008],[8.329173668000067,51.723620416000074],[8.335747089000051,51.72859846400007],[8.342516949000071,51.72263568900007],[8.385549214000036,51.71747610400007],[8.428356596000071,51.71982607900003],[8.441540150000037,51.71719876800006],[8.462581370000066,51.72296320400005],[8.479441905000044,51.70790851600003],[8.469748462000041,51.702688558000034],[8.471927078000022,51.69765924400008],[8.480145588000028,51.698807791000036],[8.477627134000045,51.69721965900004],[8.483201819000044,51.69488611400004],[8.48468028700006,51.68716803700005],[8.478558286000066,51.686568452000074],[8.479167364000034,51.68360004300007],[8.508892487000026,51.680216528000074],[8.521064010000032,51.671810160000064],[8.548882470000024,51.66989502800004],[8.568270730000052,51.65837943900004],[8.57322870400003,51.66055718300004],[8.585998601000028,51.61544451100008],[8.577753177000034,51.61868598900003],[8.537617800000021,51.60055721200007],[8.521605228000055,51.59883725900005],[8.52041685200004,51.59536832600003],[8.506672407000053,51.59105709700003],[8.507495892000065,51.58674218400006],[8.491872570000055,51.58836857400007],[8.488020949000031,51.58624563600006],[8.491008505000025,51.58192470300003],[8.47436370500003,51.57347044100004],[8.482080048000057,51.56453092600003],[8.472658006000074,51.56338038700005],[8.477558298000076,51.547920016000035],[8.488708704000032,51.53716674600008],[8.48661129900006,51.53275903800005],[8.492273347000037,51.530055323000056],[8.503984568000021,51.53359744200003],[8.512231632000066,51.53042219800005],[8.509943131000057,51.52404007700005],[8.520305845000053,51.49026491600006],[8.547931198000072,51.46781271200007],[8.572414342000059,51.46755916800004],[8.585247812000034,51.479055362000054],[8.604155798000022,51.48386008700004],[8.627602208000042,51.47833160500005],[8.65208991000003,51.48115736700004],[8.665854662000072,51.472850178000044],[8.688834973000041,51.47258504300004],[8.688039502000038,51.46936738000005],[8.699473002000047,51.46362824300007],[8.710239729000023,51.46356217700003],[8.720920050000075,51.45906846400004],[8.752166321000061,51.46539817900003],[8.752331541000046,51.45938797500003],[8.76767111700002,51.44738614900007],[8.788748485000042,51.45655165900007],[8.807722600000034,51.479120418000036],[8.835692773000062,51.49643345000004],[8.833919598000023,51.50533302000008],[8.82118317800007,51.517684700000075],[8.80923897200006,51.52242821600004],[8.808923082000035,51.53099511200003],[8.816760048000049,51.531275753000045],[8.814610146000064,51.53953367500003],[8.84524130400007,51.536853310000026],[8.844238265000058,51.54647753300003],[8.852149823000047,51.54858539700007],[8.85822379700005,51.54502566200006],[8.860636631000034,51.54737189200006],[8.892122946000029,51.54761609500008],[8.891092829000058,51.53288971600006],[8.896203052000033,51.52951289200007],[8.905395116000022,51.531496262000076],[8.909641126000054,51.523454478000076],[8.93368326500007,51.51602420200004],[8.946514668000077,51.507645472000036],[8.969676762000063,51.51099009600006],[8.970814956000027,51.50665550200006],[9.004932738000036,51.512405569000066],[9.020976431000065,51.51861067100003],[9.023958187000062,51.51133420900004],[9.039285948000042,51.50192152400007],[9.057476862000044,51.50251461700003],[9.060662592000028,51.498703473000035],[9.07652183700003,51.503475147000074],[9.092328869000028,51.49438795300006],[9.077185433000068,51.46487161300007],[9.086937070000033,51.461164815000075],[9.086415850000037,51.44908282400007],[9.094329852000044,51.44459823100004],[9.13180423700004,51.446290015000045],[9.13574929300006,51.45018705900003],[9.149298761000068,51.442015009000045],[9.15840769600004,51.44309608400005],[9.174350380000021,51.46294668000007],[9.185100362000071,51.466333563000035],[9.216465954000057,51.45959399900005],[9.216640648000066,51.48116523500005],[9.225184633000026,51.489837273000035],[9.239803780000045,51.490857376000065],[9.236704692000046,51.492434797000044],[9.242088214000034,51.49768034400006],[9.26433303400006,51.49791064500005],[9.26943045300004,51.507125821000045],[9.282285104000039,51.51437279400005],[9.308324697000046,51.51264327500007],[9.315850835000049,51.52301926800004],[9.309968656000024,51.53091061300006],[9.320018195000046,51.546771989000035],[9.31703096900003,51.55236555000005],[9.331118931000049,51.55682484100004],[9.352230905000056,51.58007469000006],[9.373522628000046,51.59101373400006],[9.35626819600003,51.59767682700004],[9.337098312000023,51.61470157000008],[9.358030937000024,51.62025924500006],[9.37126683100007,51.61924381700004],[9.371934851000049,51.625566295000056],[9.378266679000035,51.62673325500003],[9.39849943300004,51.62455737500005],[9.426669032000063,51.63081381000006],[9.444924396000033,51.644199007000054],[9.437007602000051,51.64821274600007],[9.440456998000059,51.650394024000036]]]},"properties":{"shapeName":"Detmold","shapeISO":"","shapeID":"9070358B64982818747725","shapeGroup":"DEU","shapeType":"ADM2"}},
{"type":"Feature","geometry":{"type":"Polygon","coordinates":[[[8.477891851000038,50.969047458000034],[8.473368209000057,50.97503536800008],[8.49575736600002,50.988095979000036],[8.501414715000067,50.99845402600005],[8.516562233000059,51.00580543700005],[8.514075672000047,51.00923734100007],[8.524560595000025,51.009937602000036],[8.530628247000038,51.018239865000055],[8.538782178000076,51.01944843100006],[8.524318514000072,51.03203003100003],[8.520681140000022,51.04300309000007],[8.509803550000072,51.03764257200004],[8.505143530000055,51.04143322200008],[8.515933807000067,51.051175983000064],[8.520434698000031,51.05010938800007],[8.527572852000048,51.06289413500008],[8.52222665000005,51.069014021000044],[8.503230088000066,51.07457687500005],[8.501733298000033,51.07946559800007],[8.508022760000074,51.085387515000036],[8.51759400900005,51.09113982500003],[8.522611027000039,51.09045987400003],[8.52812272400007,51.09695248500003],[8.545348936000039,51.09724217000007],[8.551019821000068,51.10276424400007],[8.601460657000075,51.102034564000064],[8.656632492000028,51.09490320000003],[8.690534692000028,51.10915858700008],[8.719056477000038,51.10991202800005],[8.718848165000054,51.115695790000075],[8.701741131000063,51.11657665100006],[8.692161804000023,51.132834142000036],[8.713313853000045,51.151699593000046],[8.736035026000025,51.16052175300007],[8.758214362000047,51.17718172900004],[8.750004463000039,51.18146388100007],[8.749501813000052,51.19773170000008],[8.765013147000047,51.20393076800008],[8.768194376000054,51.20887368400008],[8.741697463000037,51.218423262000044],[8.727597513000035,51.25010270000007],[8.73658531500007,51.26221970300003],[8.72182723800006,51.26774745200004],[8.721997745000067,51.27374380600003],[8.692552010000043,51.27640730600007],[8.67995260300006,51.26807654000004],[8.628340520000052,51.26050460300007],[8.625391094000065,51.25331147600008],[8.609212360000072,51.24668844100006],[8.59356275600004,51.24749677800003],[8.578218095000068,51.26747828200007],[8.556347796000068,51.27749475200005],[8.592638066000063,51.30385796100006],[8.603240801000027,51.31485685400003],[8.605048337000028,51.32369487100004],[8.617491761000053,51.32720984200006],[8.621098213000039,51.33652789700005],[8.637787568000022,51.34361349800008],[8.653654042000028,51.33978950100004],[8.655559599000071,51.349611149000054],[8.659662021000031,51.34838900900007],[8.666599017000067,51.35569685200005],[8.681208913000034,51.359764194000036],[8.67972308000003,51.373117285000035],[8.700535201000037,51.37737976200003],[8.732850996000025,51.372416703000056],[8.760322472000041,51.378271400000074],[8.772903671000051,51.38539378000007],[8.80399317000007,51.39079794300005],[8.823374915000045,51.389825210000026],[8.827252393000038,51.38524592500005],[8.836583684000061,51.38850109200007],[8.837994438000067,51.383292580000045],[8.85401977500004,51.377137850000054],[8.889580795000029,51.39272198700007],[8.93950200300003,51.38949902300004],[8.940763338000068,51.41032194400003],[8.951529911000023,51.41349278400003],[8.945426547000068,51.41880288400006],[8.948108682000054,51.42821888800006],[8.918786788000034,51.43028542900004],[8.921783452000057,51.44605382100008],[8.91069967900006,51.461918970000056],[8.894091022000055,51.47123627700006],[8.890376608000054,51.481928278000055],[8.913334846000055,51.49155398200003],[8.970814956000027,51.50665550200006],[8.969676762000063,51.51099009600006],[8.946514668000077,51.507645472000036],[8.93368326500007,51.51602420200004],[8.909641126000054,51.523454478000076],[8.905395116000022,51.531496262000076],[8.896203052000033,51.52951289200007],[8.891092829000058,51.53288971600006],[8.892122946000029,51.54761609500008],[8.860636631000034,51.54737189200006],[8.85822379700005,51.54502566200006],[8.852149823000047,51.54858539700007],[8.844238265000058,51.54647753300003],[8.84524130400007,51.536853310000026],[8.814610146000064,51.53953367500003],[8.816760048000049,51.531275753000045],[8.808923082000035,51.53099511200003],[8.80923897200006,51.52242821600004],[8.82118317800007,51.517684700000075],[8.833919598000023,51.50533302000008],[8.835692773000062,51.49643345000004],[8.807722600000034,51.479120418000036],[8.788748485000042,51.45655165900007],[8.76767111700002,51.44738614900007],[8.752331541000046,51.45938797500003],[8.752166321000061,51.46539817900003],[8.720920050000075,51.45906846400004],[8.710239729000023,51.46356217700003],[8.699473002000047,51.46362824300007],[8.688039502000038,51.46936738000005],[8.688834973000041,51.47258504300004],[8.665854662000072,51.472850178000044],[8.65208991000003,51.48115736700004],[8.627602208000042,51.47833160500005],[8.604155798000022,51.48386008700004],[8.585247812000034,51.479055362000054],[8.572414342000059,51.46755916800004],[8.547931198000072,51.46781271200007],[8.520305845000053,51.49026491600006],[8.509943131000057,51.52404007700005],[8.512231632000066,51.53042219800005],[8.503984568000021,51.53359744200003],[8.492273347000037,51.530055323000056],[8.48661129900006,51.53275903800005],[8.488708704000032,51.53716674600008],[8.477558298000076,51.547920016000035],[8.472658006000074,51.56338038700005],[8.482080048000057,51.56453092600003],[8.47436370500003,51.57347044100004],[8.491008505000025,51.58192470300003],[8.488020949000031,51.58624563600006],[8.491872570000055,51.58836857400007],[8.507495892000065,51.58674218400006],[8.506672407000053,51.59105709700003],[8.52041685200004,51.59536832600003],[8.521605228000055,51.59883725900005],[8.537617800000021,51.60055721200007],[8.577753177000034,51.61868598900003],[8.585998601000028,51.61544451100008],[8.57322870400003,51.66055718300004],[8.568270730000052,51.65837943900004],[8.548882470000024,51.66989502800004],[8.521064010000032,51.671810160000064],[8.508892487000026,51.680216528000074],[8.479167364000034,51.68360004300007],[8.478558286000066,51.686568452000074],[8.48468028700006,51.68716803700005],[8.483201819000044,51.69488611400004],[8.477627134000045,51.69721965900004],[8.480145588000028,51.698807791000036],[8.471927078000022,51.69765924400008],[8.469748462000041,51.702688558000034],[8.479441905000044,51.70790851600003],[8.462581370000066,51.72296320400005],[8.441540150000037,51.71719876800006],[8.428356596000071,51.71982607900003],[8.385549214000036,51.71747610400007],[8.342516949000071,51.72263568900007],[8.335747089000051,51.72859846400007],[8.329173668000067,51.723620416000074],[8.32465120300003,51.72776643100008],[8.320136134000052,51.725705196000035],[8.31146820600003,51.71960820000004],[8.295875100000046,51.694977804000075],[8.295353211000076,51.67685523600005],[8.266731030000074,51.66356429400008],[8.250911073000054,51.66009238300006],[8.224072792000072,51.66199890900003],[8.218684374000077,51.65812456700007],[8.194751892000056,51.66151240200003],[8.204670068000041,51.67064292100008],[8.199591511000051,51.68325288200003],[8.211267427000053,51.68927946100007],[8.211677928000029,51.69668866200004],[8.184093552000036,51.69383709200008],[8.179681049000067,51.70153092900006],[8.175074446000053,51.70028994300003],[8.16518089400006,51.707491996000044],[8.156373995000024,51.707749894000074],[8.157363091000036,51.71049664900005],[8.135796163000066,51.71545744900004],[8.125633003000075,51.71330240800006],[8.120087601000023,51.71795236000003],[8.112207578000039,51.71698421800005],[8.097395349000067,51.70208127500007],[8.091681108000046,51.703165342000034],[8.092414891000033,51.70669533000006],[8.072517448000042,51.70806056300006],[8.06868114200006,51.71272572000004],[8.062273353000023,51.71125071200004],[8.05189619500004,51.71689496100004],[8.028745919000073,51.717042476000074],[8.007026520000068,51.71020432900008],[8.004439567000077,51.71629421600005],[7.987841070000059,51.71777203700003],[7.983818990000032,51.72145899900005],[7.976191813000071,51.720290532000035],[7.975198103000025,51.72305972200007],[7.957704743000022,51.71577219900007],[7.960951137000052,51.70834804000003],[7.951346958000045,51.70064811200007],[7.922764647000065,51.706050824000044],[7.889864805000059,51.70270100400006],[7.888313069000048,51.71781488200003],[7.880010793000054,51.72092761500005],[7.875698959000033,51.72836646700006],[7.859952805000034,51.72305700700008],[7.858636713000067,51.72671453500004],[7.836445097000023,51.730018432000065],[7.833374789000061,51.742201426000065],[7.825771279000037,51.74476647700004],[7.820566733000021,51.73931070500004],[7.812955867000028,51.73977980900003],[7.802138156000069,51.73440018500003],[7.804032597000059,51.73174256200008],[7.788988921000055,51.733185208000066],[7.789067936000038,51.730166790000055],[7.769527045000075,51.72377753900008],[7.752189754000028,51.738526481000065],[7.735788030000037,51.73737042800008],[7.735802874000058,51.730454586000064],[7.723616452000044,51.72778717300008],[7.719205685000077,51.71859434900006],[7.714852089000033,51.71980675800006],[7.701889280000046,51.71237920800007],[7.692403108000065,51.717372107000074],[7.687248339000064,51.72885328600006],[7.668148748000021,51.72288122800006],[7.669226469000023,51.71716197600006],[7.654624326000032,51.713181373000054],[7.657180120000021,51.70765438600006],[7.65301246000007,51.70640180500004],[7.642277301000036,51.71342686500003],[7.62790583900005,51.70927716300008],[7.626624992000075,51.71372633200008],[7.612897380000049,51.71565680900005],[7.613684103000026,51.71153218900008],[7.606360676000065,51.70994230100007],[7.605716738000069,51.70656393100006],[7.588231036000025,51.70040435900006],[7.567829496000058,51.698313033000034],[7.542141850000064,51.68473831400007],[7.538589651000052,51.68812261100004],[7.543556276000061,51.69063485400005],[7.533284716000026,51.69265543700004],[7.529723076000039,51.69716344300008],[7.53149073700007,51.70443181100006],[7.518396101000064,51.70701954100008],[7.517377697000029,51.72137790000005],[7.49344209700007,51.720714944000065],[7.484188698000025,51.71414747100005],[7.477530207000029,51.722990105000065],[7.483127704000026,51.729142608000075],[7.477040098000032,51.728615639000054],[7.467866957000069,51.736311423000075],[7.448686483000074,51.725012726000045],[7.43572073200005,51.72273375700007],[7.42118616700003,51.70957129300007],[7.427688230000058,51.704732180000065],[7.437768108000057,51.703993033000074],[7.449156139000024,51.69330992500005],[7.448452002000067,51.67631099400006],[7.439770703000022,51.67480012200008],[7.434725666000077,51.66829806800007],[7.411254863000067,51.67106347400005],[7.407750232000069,51.66759162500006],[7.414645623000069,51.66223805200008],[7.443536571000038,51.65974625300004],[7.44852686400003,51.654240075000075],[7.443117382000025,51.65522094700003],[7.443785443000024,51.647088428000075],[7.456820995000044,51.64178551800006],[7.455320808000067,51.63761178000004],[7.462422502000038,51.638595096000074],[7.465234494000072,51.62905444300003],[7.458169915000042,51.624275315000034],[7.460275793000051,51.616375428000026],[7.448788755000066,51.607557547000056],[7.436176052000064,51.60736058300006],[7.399974017000034,51.59314377700008],[7.396322080000061,51.587320110000064],[7.371727785000076,51.59080351600005],[7.370032990000027,51.58218629800007],[7.357368934000021,51.58192450100006],[7.353618651000033,51.58506326500003],[7.33846784800005,51.57653051900007],[7.351884992000066,51.56691162300007],[7.350594385000022,51.55232493400007],[7.354243237000048,51.55157376400007],[7.34978178800003,51.53946632900005],[7.361340872000028,51.534028214000045],[7.363109670000028,51.52734445600004],[7.335776491000047,51.52073332600003],[7.304371865000064,51.52543257000008],[7.293586829000049,51.532262486000036],[7.296311150000065,51.54182786400003],[7.285945999000035,51.545687936000036],[7.283249316000024,51.55714980700003],[7.273579007000023,51.55644623400008],[7.271175056000061,51.559980489000054],[7.26275653600004,51.560221022000064],[7.264093346000038,51.568568248000076],[7.249650375000044,51.56469869400007],[7.24168671700005,51.57340639200004],[7.226202955000076,51.56439549600003],[7.179628105000063,51.552735806000044],[7.124901348000037,51.551029020000044],[7.139056991000075,51.51599545600004],[7.144462246000046,51.51314162500006],[7.138056068000026,51.50878016000007],[7.137471923000021,51.49057144400007],[7.10420057500005,51.48126749900007],[7.113936969000065,51.47168633000007],[7.109474309000063,51.459441594000054],[7.121065319000024,51.454977747000044],[7.133345597000073,51.44182977400004],[7.122948706000045,51.434470762000046],[7.123787459000027,51.43090138400004],[7.136841787000037,51.423215121000055],[7.129990024000051,51.41313005900008],[7.108443196000053,51.40666395900007],[7.118369769000026,51.39416812500008],[7.116189655000028,51.38207596900003],[7.122336263000022,51.37815737500006],[7.13013167400004,51.38149549800005],[7.14043067700004,51.37512576000006],[7.148530570000048,51.37771687800006],[7.159378425000057,51.36511733100008],[7.14726093400003,51.35150385500003],[7.153313892000028,51.34927468700005],[7.145377634000056,51.339754715000026],[7.148453380000035,51.334349762000045],[7.166214928000045,51.32562248500005],[7.167287807000037,51.31290233100003],[7.180480630000034,51.30626836400006],[7.16990438800002,51.297961876000045],[7.180833496000048,51.29947285500003],[7.190310947000057,51.29508303000006],[7.199200574000031,51.295513852000056],[7.224690437000049,51.30895428000008],[7.263667210000051,51.31825876000005],[7.259099279000054,51.31289138900007],[7.264361046000033,51.30838472000005],[7.253900548000047,51.288179917000036],[7.254785462000029,51.28540363500008],[7.266429238000057,51.28483396000007],[7.277646740000023,51.272282903000075],[7.267153594000035,51.25731445100007],[7.270741024000074,51.255684330000065],[7.274667860000022,51.25910636900005],[7.285690198000054,51.249584526000035],[7.304736036000065,51.25242925200007],[7.296988229000021,51.24701829400004],[7.306693513000027,51.238875258000064],[7.313828886000067,51.245015273000035],[7.321888301000058,51.24408905400003],[7.331746778000024,51.25028900400008],[7.337931775000072,51.24746894100008],[7.340008296000065,51.23902282600005],[7.352870066000037,51.23878439300006],[7.362690595000061,51.24497890100008],[7.374919027000033,51.24697912900007],[7.378953660000036,51.241850647000035],[7.385869656000068,51.24204941200003],[7.389791319000039,51.24659623900004],[7.403045535000047,51.23876187800005],[7.395284084000025,51.22986602900005],[7.40375265800003,51.22143603200004],[7.414130219000072,51.22081587100007],[7.413780548000034,51.228105095000046],[7.429275673000063,51.225333558000045],[7.433343160000049,51.214409164000074],[7.42998622500005,51.204818749000026],[7.417653962000031,51.19832105100005],[7.420228269000063,51.188638354000034],[7.426712864000024,51.18737328200007],[7.430997044000037,51.17939930400007],[7.436771423000039,51.180072471000074],[7.438012305000029,51.166200495000055],[7.448893375000068,51.16374887600006],[7.442556072000059,51.162340579000045],[7.446940152000025,51.16123051200003],[7.441616765000049,51.15818872800003],[7.451180796000074,51.16337633100005],[7.455592459000059,51.159889365000026],[7.477154631000076,51.16324055800004],[7.468884648000028,51.14652947700006],[7.47515648600006,51.14300904500004],[7.473198846000059,51.13896230600005],[7.481890301000021,51.14068722700006],[7.481049278000057,51.13215446900006],[7.492661146000046,51.125020576000054],[7.503015302000051,51.12973371800007],[7.50425391300007,51.11672246000006],[7.497622460000059,51.114269111000056],[7.49513156200004,51.10751070900005],[7.503119713000046,51.10291291200008],[7.53518097500006,51.10054223900005],[7.55407325300007,51.10531863600005],[7.582083347000037,51.10657167000005],[7.606264757000076,51.09798713500004],[7.600610818000064,51.08141727200007],[7.610361066000053,51.07990038400004],[7.626376692000065,51.06852347200004],[7.639010184000028,51.07457072100004],[7.648525126000038,51.07333616400007],[7.679475835000062,51.08052365700007],[7.691839819000052,51.086503909000044],[7.713095309000039,51.07497019700003],[7.715380222000022,51.072780805000036],[7.704801260000067,51.06912637100004],[7.701628278000044,51.06176057000005],[7.727714490000039,51.04300529500006],[7.734037315000023,51.03327721800008],[7.727944830000069,51.02937791200003],[7.735629154000037,51.02382765600004],[7.724412906000055,51.00973096600006],[7.725730272000021,50.99805090600006],[7.748889870000028,50.97776998200004],[7.780297112000028,50.97995998700003],[7.784250225000051,50.96151127500008],[7.792022809000059,50.951203262000035],[7.78231110300004,50.94747946800004],[7.788178493000032,50.944643393000035],[7.785898056000065,50.93991411800005],[7.792810759000076,50.942335093000054],[7.813265981000029,50.94002724600006],[7.828198491000023,50.928994844000044],[7.835785479000037,50.92956383000006],[7.838306960000068,50.92628756900007],[7.846528597000031,50.930743032000066],[7.851495862000036,50.925832410000055],[7.833709738000039,50.90834653600007],[7.834964820000039,50.90185685700004],[7.826699862000055,50.89083591700006],[7.829263584000046,50.88238662200007],[7.882458170000064,50.87489113700008],[7.905851427000073,50.848109445000034],[7.922851855000033,50.84466176500007],[7.938303447000067,50.848379873000056],[7.952896069000076,50.84600905900004],[7.957688481000048,50.84886899400004],[7.966981800000042,50.844039517000056],[7.968071053000074,50.836041726000076],[7.978313123000021,50.83331176400003],[7.971959957000024,50.81469969200003],[7.973937842000055,50.80417341800006],[7.967312567000022,50.798249088000034],[7.968979053000055,50.785618406000026],[7.964248181000073,50.783822490000034],[7.968861798000034,50.773921089000055],[7.984027801000025,50.76099008600005],[8.000229496000031,50.755080777000046],[8.040325987000074,50.72565709300005],[8.039689942000052,50.69737534700005],[8.059656033000067,50.69504331300004],[8.079578597000022,50.70608462600006],[8.08247945200003,50.70290436600004],[8.099173321000023,50.70355792600003],[8.121063881000055,50.68542017000004],[8.125776743000074,50.68581405100008],[8.131278843000075,50.69691964500004],[8.137413944000059,50.693958182000074],[8.142606560000047,50.69544846100007],[8.166828990000056,50.73571067900008],[8.164890256000035,50.74213512800003],[8.159952573000055,50.74271065100004],[8.164314888000035,50.74450251600007],[8.148634412000035,50.75586770400008],[8.151833816000021,50.75985388500004],[8.135641285000077,50.76721618200003],[8.141662304000022,50.77165990300006],[8.131708873000036,50.77700234300005],[8.12551194100007,50.78835590800003],[8.138362192000045,50.79028128500005],[8.165806965000058,50.80347589200005],[8.182840845000044,50.82487312000006],[8.231313895000028,50.850639837000074],[8.269666509000047,50.88187564800006],[8.292017197000064,50.88213579300003],[8.305473258000063,50.86112059000004],[8.336748641000042,50.86571294200007],[8.35267772700007,50.865441419000035],[8.358600176000039,50.86069003400007],[8.367073729000026,50.86292525400006],[8.37191701200004,50.87426569200005],[8.385575976000041,50.875793256000065],[8.388029887000073,50.89192918600003],[8.433426238000038,50.91823903900007],[8.456441092000034,50.91653052300006],[8.458675717000062,50.92108824400003],[8.449323892000052,50.941083227000036],[8.462277137000058,50.94969330300006],[8.458723005000024,50.96539160300006],[8.477891851000038,50.969047458000034]]]},"properties":{"shapeName":"Arnsberg","shapeISO":"","shapeID":"9070358B40774776719210","shapeGroup":"DEU","shapeType":"ADM2"}},
{"type":"Feature","geometry":{"type":"Polygon","coordinates":[[[8.121913617000075,50.27722503200005],[8.11860073400004,50.299679998000045],[8.102414396000029,50.30982647700006],[8.107159009000043,50.321574385000076],[8.102677519000054,50.32701728500007],[8.071944286000075,50.331772923000074],[8.076669787000071,50.33586979900008],[8.076769665000029,50.34840322100007],[8.067323904000034,50.35775514800008],[8.059756762000063,50.37531153200007],[8.051002530000062,50.37591708100007],[8.050936411000066,50.37951715100007],[8.046051336000062,50.374659629000064],[8.04849464800003,50.37828577000005],[8.04255573200004,50.38605418600008],[8.033615217000033,50.381748542000025],[8.014559715000075,50.38452504900005],[8.020303561000048,50.38614352900004],[8.023757273000058,50.40076622600003],[7.987153910000075,50.398054613000056],[7.989643041000022,50.401025881000066],[7.982418559000052,50.40809720100003],[7.971559408000076,50.406220467000026],[7.964191682000035,50.412225232000026],[7.981239428000038,50.418001495000055],[7.987782203000052,50.42792160100004],[7.984375898000053,50.43231257600007],[7.988095058000056,50.43550879000003],[7.978219894000063,50.43434751800004],[7.97518245200007,50.43762097700005],[7.989391520000027,50.43973238500007],[7.990632849000065,50.44393675400005],[8.001020849000042,50.44530610600003],[8.010766001000036,50.452692427000045],[8.01047486300007,50.460572514000035],[7.999617132000026,50.46312091500005],[7.99482107700004,50.47059520400006],[7.987667910000027,50.47272609800007],[7.98561591400005,50.482584433000056],[7.979198225000061,50.48464087200006],[7.97890288900004,50.49538382900005],[7.989966932000073,50.49856929400005],[7.982937248000042,50.51146109200005],[7.99656408200002,50.517231554000034],[7.99285764800004,50.52211155600003],[8.004646508000064,50.53064985700007],[8.011075710000057,50.53059974400003],[8.028294119000066,50.544501111000045],[8.028374600000063,50.550558728000055],[8.040995701000043,50.55256885000006],[8.041611266000075,50.55699325300003],[8.046103997000046,50.55701687000004],[8.049348906000034,50.552800604000026],[8.066421973000047,50.54893081300003],[8.070521467000049,50.53799815800005],[8.087303551000048,50.53853949300003],[8.103427207000038,50.53262800700003],[8.117738251000048,50.53450892800004],[8.120880707000026,50.539660095000045],[8.110809233000055,50.54186453800003],[8.118991995000044,50.548470389000045],[8.137912756000048,50.55094786600006],[8.132188962000043,50.55796032100005],[8.147141933000057,50.58211302400008],[8.151592167000047,50.599370803000056],[8.126018672000043,50.61009313800008],[8.137736045000054,50.61822203000003],[8.140884865000032,50.63022826800005],[8.11009234100004,50.65725078100007],[8.112583578000056,50.67556798500004],[8.119700186000046,50.67714601100005],[8.125776743000074,50.68581405100008],[8.121063881000055,50.68542017000004],[8.099173321000023,50.70355792600003],[8.08247945200003,50.70290436600004],[8.079578597000022,50.70608462600006],[8.059656033000067,50.69504331300004],[8.039689942000052,50.69737534700005],[8.040325987000074,50.72565709300005],[8.000229496000031,50.755080777000046],[7.984027801000025,50.76099008600005],[7.968861798000034,50.773921089000055],[7.964248181000073,50.783822490000034],[7.968979053000055,50.785618406000026],[7.967312567000022,50.798249088000034],[7.973937842000055,50.80417341800006],[7.971959957000024,50.81469969200003],[7.978313123000021,50.83331176400003],[7.968071053000074,50.836041726000076],[7.966981800000042,50.844039517000056],[7.957688481000048,50.84886899400004],[7.952896069000076,50.84600905900004],[7.938303447000067,50.848379873000056],[7.922851855000033,50.84466176500007],[7.905851427000073,50.848109445000034],[7.882458170000064,50.87489113700008],[7.829263584000046,50.88238662200007],[7.826699862000055,50.89083591700006],[7.834964820000039,50.90185685700004],[7.833709738000039,50.90834653600007],[7.851495862000036,50.925832410000055],[7.846528597000031,50.930743032000066],[7.838306960000068,50.92628756900007],[7.835785479000037,50.92956383000006],[7.828198491000023,50.928994844000044],[7.813265981000029,50.94002724600006],[7.792810759000076,50.942335093000054],[7.785898056000065,50.93991411800005],[7.776218913000037,50.929036576000044],[7.757281422000062,50.920164001000046],[7.735459232000039,50.91776539300008],[7.746872127000074,50.91239200100006],[7.745064030000037,50.905198978000044],[7.760427260000029,50.900393948000044],[7.753021566000029,50.88837918400003],[7.758767439000053,50.879772236000065],[7.748309881000068,50.86721679400006],[7.765973969000072,50.85681948000007],[7.753187095000044,50.85136851300007],[7.76218749700007,50.845134408000035],[7.758043379000071,50.84348242600004],[7.729342105000057,50.85052279100006],[7.69942710600003,50.82501145200007],[7.674628277000068,50.81919510400007],[7.661003633000064,50.820364305000055],[7.664109173000043,50.815352862000054],[7.679510539000034,50.810046707000026],[7.675047644000074,50.80266927300005],[7.682222419000027,50.795368531000065],[7.675944870000023,50.779327686000045],[7.668455510000058,50.78618629400006],[7.658936374000064,50.784827875000076],[7.662161360000027,50.77315629700007],[7.655450742000028,50.76786954500005],[7.645393592000062,50.77088137900006],[7.618168809000053,50.77017082900005],[7.601042634000066,50.766312955000046],[7.591616718000068,50.756199769000034],[7.59529717700002,50.75096932800005],[7.592374858000028,50.74054539400004],[7.580246126000077,50.73813749200008],[7.551900377000038,50.74634314600007],[7.521534043000031,50.73365542300007],[7.519387883000036,50.73740659200007],[7.520123911000042,50.72899688100006],[7.501940672000046,50.73001331900008],[7.479816338000035,50.71825391200008],[7.448619767000025,50.71744476300006],[7.443150861000049,50.71119678800005],[7.423396633000038,50.70995096000007],[7.407050971000047,50.71818762400005],[7.397282413000028,50.71426992100004],[7.374010755000029,50.71821864300006],[7.357136449000052,50.69790389600007],[7.368307872000059,50.69709009700006],[7.365116163000039,50.68761064300003],[7.372062799000048,50.68210706600007],[7.366175166000062,50.680704897000055],[7.369315911000058,50.67254969100003],[7.364317150000034,50.672702436000066],[7.35582099800007,50.665231059000064],[7.358976516000041,50.64949362200008],[7.333480804000033,50.638396070000056],[7.322175248000065,50.64171541500008],[7.313097427000059,50.637007141000026],[7.305099529000074,50.63757881300006],[7.297323120000044,50.63181575600004],[7.270054733000052,50.62642740900003],[7.25657992400005,50.62468025800007],[7.251955077000048,50.62783877100003],[7.217027616000053,50.628066852000075],[7.212399645000062,50.62340492100003],[7.211464005000039,50.648160174000054],[7.203786635000029,50.64966041100007],[7.198485710000057,50.64820873700006],[7.190635543000042,50.63604131000005],[7.18983890800007,50.62389544500007],[7.173981969000067,50.618909520000045],[7.17301984900007,50.61255228500005],[7.154717367000046,50.61470533900007],[7.147851587000048,50.60029328200005],[7.135429965000071,50.60216905800007],[7.115121105000071,50.61178614600004],[7.103796716000033,50.591322554000044],[7.087431034000076,50.58601195000006],[7.06902567700007,50.592744236000044],[7.066347430000064,50.60069920900003],[7.05925275900006,50.60037088300004],[7.056131464000032,50.60624076100004],[6.998096295000039,50.56504990600007],[6.983576972000037,50.56573420800004],[6.972098291000066,50.55590736000005],[6.956515510000031,50.55703307500005],[6.951382133000038,50.563379077000036],[6.930971323000051,50.560452256000076],[6.92204618300002,50.55428087300004],[6.929349707000029,50.533143231000054],[6.909003669000072,50.52550272800005],[6.898732278000068,50.52712805300007],[6.900754711000047,50.530785568000056],[6.882098443000075,50.526949442000046],[6.884490582000069,50.519943848000025],[6.897818523000069,50.517694739000035],[6.888554082000041,50.507009020000055],[6.907069078000063,50.50264234600007],[6.897866544000067,50.49226556900004],[6.905593791000058,50.48504808600006],[6.899213774000032,50.478038438000056],[6.901481603000036,50.46909197900004],[6.876703865000025,50.46479242600003],[6.858573833000037,50.45326582300004],[6.840540213000054,50.46394563400003],[6.812069506000057,50.47224399800007],[6.800937205000025,50.49131916700003],[6.779861857000071,50.48657719300007],[6.77538507600002,50.48249548900003],[6.768281664000028,50.48428354200007],[6.759128635000025,50.47458991800005],[6.744603261000066,50.47263046000006],[6.743243953000047,50.46774810200003],[6.74773311000007,50.466155737000065],[6.758145396000032,50.470931730000075],[6.757072980000032,50.46303066100006],[6.766624285000034,50.45864375700006],[6.764625179000063,50.450785945000064],[6.743698939000069,50.44092421000005],[6.745523503000072,50.435929558000055],[6.760315480000031,50.43139329100006],[6.771200603000068,50.43605306100005],[6.770693111000071,50.425045467000075],[6.785122975000036,50.420633303000045],[6.769311744000049,50.39274798000008],[6.78468736800005,50.37475056400007],[6.802745410000057,50.36930462200007],[6.800711449000062,50.36178133700008],[6.808938801000068,50.35941546000004],[6.798271817000057,50.35163076100008],[6.805564338000067,50.34913594000005],[6.796133197000074,50.341514535000044],[6.800568308000038,50.34374090800003],[6.811627604000023,50.33681761500003],[6.796610231000045,50.33411790000008],[6.792725363000045,50.326443005000044],[6.814905862000046,50.32911227800008],[6.81877494400004,50.32391226000004],[6.83618268400005,50.318118241000036],[6.853189605000068,50.327055984000026],[6.871567116000051,50.319224579000036],[6.89077196900007,50.321613883000055],[6.892242276000047,50.31510206300004],[6.899265808000052,50.31524161300007],[6.917065962000038,50.30688074300008],[6.936281278000024,50.308902524000075],[6.944715020000046,50.313821320000045],[6.95237663000006,50.32956116200006],[6.97128778900003,50.328459645000066],[6.967487159000029,50.33672006200004],[6.976615111000058,50.338117554000064],[6.975581488000046,50.342706846000056],[6.983917606000034,50.34247602000005],[6.987217568000062,50.35030570300006],[7.009133417000044,50.34959586300005],[7.012844087000076,50.34094419100006],[7.038251960000025,50.33517367400003],[7.018020957000033,50.33033724900008],[7.005265571000052,50.31981599200003],[6.989249543000028,50.31894880400006],[6.987908462000064,50.31034140300005],[6.97380172000004,50.306377645000055],[6.987458553000067,50.29714930800003],[6.997626581000077,50.29511532300006],[6.999859217000051,50.28995445800007],[7.01897845700006,50.286111876000064],[7.017148772000041,50.29365897800005],[7.042373503000022,50.28926093200005],[7.063856500000043,50.28289893800007],[7.070435276000069,50.27691691900003],[7.062116482000022,50.26264345900006],[7.064574284000059,50.259384467000075],[7.052169266000021,50.24439309200005],[7.056623365000064,50.240527805000056],[7.036558416000048,50.23644612800007],[7.034437187000037,50.22595141100004],[7.023160368000049,50.22560062500003],[7.007059900000058,50.21910268700003],[7.006492878000074,50.22618335200008],[6.994780645000048,50.23659860400005],[6.987639294000076,50.233488402000035],[6.978841954000075,50.23676735400005],[6.970793594000043,50.229466598000045],[6.95561654200003,50.22401659700006],[6.960271830000067,50.21811633200008],[6.952696128000071,50.20778409300004],[6.963749947000053,50.18149043900007],[6.97299742000007,50.17449729400005],[6.968210188000057,50.16593640000008],[6.972871146000045,50.16173851900004],[6.955603802000041,50.15789885400005],[6.970079240000075,50.14844711900008],[6.976539258000059,50.13871094800004],[6.99327551600004,50.13679352200006],[6.995550469000023,50.13314318500005],[6.989011668000046,50.133446950000064],[6.979108996000036,50.12417078400006],[6.983330322000029,50.12148139000004],[6.977621437000039,50.11311766500006],[6.984854633000054,50.10796292200007],[6.978905663000035,50.107914840000035],[6.982950660000029,50.10494084100003],[6.976291802000048,50.10671730800004],[6.983692251000036,50.10043287900004],[6.97734536300004,50.09446347200003],[6.978376284000035,50.08664068000007],[6.98368769800004,50.08581352900006],[6.983159074000071,50.08243759100003],[7.002742165000029,50.08579518200003],[7.003277577000063,50.08043950100006],[7.006966943000066,50.07958330100007],[7.006529628000067,50.083041413000046],[7.021741078000048,50.07316920200003],[7.022679254000025,50.06673214400007],[7.042428405000067,50.06552161600007],[7.05695423700007,50.06980636900005],[7.070823507000057,50.06450472900008],[7.086347820000071,50.066348110000035],[7.087555062000035,50.062997618000054],[7.100510582000027,50.06164589000008],[7.102068784000039,50.05631523400007],[7.096153710000067,50.05375216200008],[7.103162757000064,50.04945761600004],[7.102627332000054,50.03685021900003],[7.12525534100007,50.02642568600004],[7.130213880000042,50.00822591300005],[7.136198418000049,49.999918499000046],[7.145408355000029,49.999496401000044],[7.146809741000027,49.99060808300004],[7.162802596000063,49.99336926500007],[7.196535142000073,49.98639809000008],[7.189669496000022,49.97703036100006],[7.207077509000044,49.96237917800005],[7.213162315000034,49.96241082200004],[7.221550140000033,49.948522197000045],[7.254137933000038,49.941236641000046],[7.233646017000069,49.91597141900007],[7.21992007700004,49.91155998800008],[7.211817244000031,49.90011817900006],[7.226435346000073,49.879785955000045],[7.235630963000062,49.87556545000007],[7.230897998000046,49.87180215700005],[7.237133132000054,49.867979035000076],[7.238310338000076,49.87372158200003],[7.244801859000063,49.87073835100006],[7.259236053000052,49.86169665700004],[7.262258237000026,49.85353369500007],[7.214270229000022,49.830218366000054],[7.127882485000043,49.77740516800003],[7.126101947000052,49.767211349000036],[7.13068962400007,49.75917018600006],[7.126232496000057,49.75301262900007],[7.109518483000045,49.74548036300007],[7.104485553000075,49.73653974200005],[7.044311291000042,49.689301948000036],[7.065124743000069,49.67692106100003],[7.054548035000039,49.67674381000006],[7.052788219000035,49.67324983800006],[7.044046469000023,49.67158615900007],[7.050778220000041,49.654608653000025],[7.02798012300002,49.639438288000065],[7.059079921000034,49.63047962200005],[7.087674799000069,49.599583831000075],[7.092991730000051,49.60358910200006],[7.100635229000034,49.60243288800007],[7.100158923000038,49.60568292100004],[7.104798796000068,49.59902772300006],[7.118403594000029,49.59598284500004],[7.138657458000068,49.59731983200004],[7.149309144000028,49.60367878400007],[7.16544387600004,49.59705048600006],[7.173713124000074,49.599068172000045],[7.173454037000056,49.58508416300003],[7.182141110000032,49.58265593200008],[7.188373828000067,49.57566152800007],[7.209999247000042,49.57714872400004],[7.213352545000021,49.565845814000056],[7.224401128000068,49.56483394800006],[7.240829449000046,49.56897410100004],[7.240775067000072,49.57322288100005],[7.252576323000028,49.57398589400003],[7.26134165600007,49.58317931400006],[7.268704012000057,49.584083425000074],[7.262408802000039,49.57191233700007],[7.269212047000053,49.562234226000044],[7.274620159000051,49.56107406600006],[7.276622619000022,49.54862364200005],[7.303756099000054,49.55554492500005],[7.307455510000068,49.55341641200005],[7.31007826900003,49.55684020900003],[7.324341753000056,49.55590944000005],[7.319084138000051,49.56232580200003],[7.322020371000065,49.56501074400006],[7.326869656000042,49.56297017900005],[7.326067231000025,49.56578751400008],[7.333941080000045,49.56503640300008],[7.33365026000007,49.57208027000007],[7.346849625000061,49.58211248300006],[7.35555663100007,49.58238207900007],[7.350397679000025,49.58627241200003],[7.363036851000061,49.59585339000006],[7.374365546000035,49.59885946700007],[7.380451187000062,49.59476851000005],[7.384625457000027,49.60043025900006],[7.420487899000022,49.58976142000006],[7.424265716000036,49.59454638900007],[7.433777101000032,49.59203152100008],[7.439787877000072,49.59398619000007],[7.443226791000029,49.59825707300007],[7.440362951000054,49.607498761000045],[7.448941381000054,49.615275885000074],[7.43645162100006,49.62011107600006],[7.429676536000045,49.63765205100003],[7.433751664000056,49.64045461100005],[7.427066238000066,49.642870033000065],[7.42567874100007,49.65351694600008],[7.445215241000028,49.663569479000046],[7.444644527000037,49.66972914200005],[7.453759833000049,49.67398614800004],[7.464734028000066,49.672442139000054],[7.478512632000047,49.67803939100003],[7.490734770000074,49.67487572200008],[7.489054252000074,49.677100049000046],[7.521901224000032,49.67880594300004],[7.526303845000029,49.682523142000036],[7.519184577000033,49.69651704800003],[7.525690470000029,49.70525968600003],[7.522752342000047,49.70762257500007],[7.536198594000041,49.713989592000075],[7.540194095000061,49.70197491600004],[7.550556398000026,49.69850858400008],[7.547853761000056,49.69283788600006],[7.564914036000062,49.68603326400006],[7.577336977000073,49.68870441200005],[7.599680401000057,49.67980707000004],[7.61914867400003,49.68644421500005],[7.630846149000035,49.68438224500005],[7.642581697000026,49.68699273100003],[7.659414494000032,49.70114218700007],[7.673589174000028,49.68790726600008],[7.663673752000022,49.68396434500005],[7.663183212000035,49.67752606400006],[7.674333837000063,49.66808856800003],[7.666252481000072,49.665565780000065],[7.667917311000053,49.65948535800004],[7.657342147000065,49.65588017300007],[7.659355445000074,49.650015695000036],[7.652663069000027,49.64551705900004],[7.65499021200003,49.63843854700008],[7.663730632000068,49.635947599000076],[7.703330490000042,49.65251518200006],[7.699083458000075,49.65754182000006],[7.708544610000047,49.658198636000066],[7.71102214900003,49.665398957000036],[7.721073935000049,49.67165998300004],[7.719931735000046,49.68316459500005],[7.735228746000075,49.697412332000056],[7.72269009300004,49.71418418600007],[7.72440664100003,49.720708340000044],[7.766774431000044,49.743654554000045],[7.757586477000075,49.75776125400006],[7.766789361000065,49.764483391000056],[7.77228980600006,49.76430065900007],[7.77440961800005,49.752521933000025],[7.78044410800004,49.75123533000004],[7.787992895000059,49.755557311000075],[7.797605257000043,49.75366206800004],[7.795127020000052,49.75790628900006],[7.798855156000059,49.75832821400007],[7.824240736000036,49.75182900800007],[7.833453829000064,49.75640992400008],[7.841197347000048,49.75410698400003],[7.839603333000071,49.76025432700004],[7.86194850000004,49.76579043100003],[7.870050362000029,49.75599487100004],[7.899734075000026,49.76204444700005],[7.897696860000053,49.75728171500003],[7.905436787000042,49.75226356300004],[7.908599780000031,49.75592773500006],[7.919102408000072,49.753403492000075],[7.914819301000023,49.75807711500005],[7.918296268000063,49.76237830100007],[7.934571238000046,49.768022676000044],[7.928846060000069,49.776238085000045],[7.934642284000063,49.778052642000034],[7.929230871000073,49.79021816100004],[7.93279192500006,49.80035102200003],[7.924364032000028,49.80537561300008],[7.927558413000042,49.81138048300005],[7.944087973000023,49.81805517200007],[7.941603804000067,49.82388668500005],[7.963556790000041,49.833101975000034],[7.960176539000031,49.84114641000008],[7.95271557500007,49.841924661000064],[7.968769618000067,49.85413015300003],[7.947704018000024,49.88055791600004],[7.934827441000039,49.87856680600004],[7.919411730000036,49.88179204200003],[7.913848494000035,49.902596404000064],[7.907887101000028,49.906349850000026],[7.910640255000033,49.911841035000066],[7.89840425400007,49.92015945800006],[7.898241695000024,49.93049971600004],[7.844612053000048,49.94295352200004],[7.811047126000062,49.93369555900006],[7.801775138000039,49.93804976100006],[7.807271549000063,49.94074572200003],[7.804888838000068,49.94806284300006],[7.821755806000056,49.948577742000055],[7.817541015000074,49.95708683300006],[7.802459689000045,49.95930933200003],[7.773513912000055,49.97323633500008],[7.767524331000061,49.988506467000036],[7.76207983200004,49.987708704000056],[7.756361359000039,49.995594065000034],[7.734630265000021,49.99868841800003],[7.727863880000029,50.00165992700005],[7.729678508000063,50.00645525600004],[7.726388197000063,50.00211953400003],[7.714549617000046,50.01005447000006],[7.69972669200007,50.01283654200006],[7.690838173000031,50.02512407000006],[7.694964170000048,50.03002455800004],[7.691624515000058,50.03213029900007],[7.682928613000058,50.028623295000045],[7.664755161000073,50.033211437000034],[7.705774373000054,50.06331524400008],[7.733080766000057,50.071551001000046],[7.746872823000047,50.079565622000075],[7.764844638000056,50.08259041800005],[7.773466663000022,50.07557820400007],[7.773997185000042,50.06654010500006],[7.787575824000044,50.06927636800003],[7.80346109900006,50.08458000100006],[7.816751340000053,50.08067947300003],[7.822089291000054,50.08400988300008],[7.827180286000043,50.08157222800003],[7.837194078000039,50.08412892400003],[7.839230250000071,50.08748051400005],[7.833335060000024,50.09226776600008],[7.836754041000063,50.09442724300004],[7.830064705000041,50.09318173100007],[7.830071079000049,50.09802558200005],[7.837254493000046,50.09970574100004],[7.835231385000043,50.110021207000045],[7.84309083200003,50.11166097500006],[7.844918084000028,50.12349925800004],[7.85401610200006,50.12832878800003],[7.884716909000076,50.11437835100003],[7.903223635000074,50.121552457000064],[7.919763384000021,50.108903061000035],[7.920363642000041,50.10368003700006],[7.930097218000071,50.103740112000025],[7.925326039000026,50.108845314000064],[7.927761768000039,50.119136301000026],[7.92248754700006,50.13445730500007],[7.932942308000065,50.143884316000026],[7.890516012000035,50.162943874000064],[7.884014221000029,50.169568592000076],[7.888663180000037,50.17370812200005],[7.882830211000055,50.18131748800005],[7.910215464000032,50.19349452300003],[7.907826667000052,50.20075647800007],[7.915273589000037,50.20589443000006],[7.947395101000041,50.21007197000006],[7.953052226000068,50.220398060000036],[7.984559564000051,50.22685592000005],[7.990203927000039,50.23866512800004],[7.997072763000062,50.236195588000044],[7.993521188000045,50.23171567800006],[8.006368090000024,50.22870103200006],[8.002709510000045,50.224381135000044],[8.01152952800004,50.222376428000075],[8.011772716000053,50.218033485000035],[8.03544434500003,50.215661975000046],[8.032869172000062,50.22082141200008],[8.039718347000075,50.22858476000005],[8.046672259000047,50.227635571000064],[8.058909586000027,50.23440564400005],[8.048395076000077,50.24065390900006],[8.049437307000062,50.244367185000044],[8.044089299000063,50.24247023700008],[8.036137870000061,50.24508915600006],[8.037874879000071,50.24910675400008],[8.031521171000065,50.25595603700003],[8.024943861000054,50.25419377600008],[8.021650501000067,50.258344814000054],[8.035774573000026,50.26457288700004],[8.035891845000037,50.27119223300008],[8.072088310000026,50.27315254200005],[8.074710658000072,50.26719447600004],[8.082993208000062,50.26590197300004],[8.079031647000022,50.26100217100003],[8.092001154000059,50.26524527300006],[8.103120829000034,50.25978884300008],[8.121913617000075,50.27722503200005]]]},"properties":{"shapeName":"Koblenz","shapeISO":"","shapeID":"9070358B14573642950642","shapeGroup":"DEU","shapeType":"ADM2"}},
{"type":"Feature","geometry":{"type":"Polygon","coordinates":[[[6.405028255000047,50.32330869300006],[6.382575157000076,50.32204551500007],[6.370523490000039,50.312780918000044],[6.361558023000043,50.31471073900008],[6.357892949000075,50.31126212400005],[6.363317313000039,50.30542903700007],[6.348377455000048,50.314955403000056],[6.340480403000072,50.315768766000076],[6.342918084000075,50.31844354000003],[6.334891356000071,50.31642209900008],[6.333323257000075,50.32316015600003],[6.32727498600002,50.32453545800007],[6.318005656000025,50.31907010600003],[6.312802382000029,50.32186330400003],[6.306466408000063,50.320144877000075],[6.309231614000055,50.31170244900005],[6.296116168000026,50.309014509000065],[6.298094650000053,50.30214763600003],[6.28585954600004,50.294065286000034],[6.285157922000053,50.284320302000026],[6.292089776000068,50.27882917000005],[6.27794272400007,50.266430728000046],[6.261544554000068,50.26506830800008],[6.25872765500003,50.26777595000004],[6.24547539100007,50.26194026100006],[6.223625038000023,50.25865962100005],[6.218437775000041,50.25438083500006],[6.21576649900004,50.257011815000055],[6.205344851000063,50.25120491800004],[6.197517525000023,50.23810394700007],[6.17568740300004,50.23541597900004],[6.177080829000033,50.22681614500004],[6.168184967000059,50.22455110800007],[6.16640819600002,50.22004043800007],[6.177971513000045,50.21649389400005],[6.188914088000047,50.20527996700008],[6.183888848000038,50.19206692700004],[6.190276672000039,50.18761206100004],[6.185830873000043,50.184037620000026],[6.192752035000069,50.18187401000006],[6.183407962000047,50.178150938000044],[6.165317257000027,50.17906200900006],[6.160341730000027,50.171816127000056],[6.14689498000007,50.177776452000046],[6.147584477000066,50.17045700500006],[6.139793750000024,50.169267898000044],[6.147522901000059,50.16063037500004],[6.143389720000073,50.15585822400004],[6.13211347500004,50.15355316700004],[6.140554200000054,50.14798079700006],[6.148528333000058,50.15188799100008],[6.152871436000055,50.15009031200003],[6.154657554000039,50.141899720000026],[6.148418665000065,50.13625575200007],[6.138819022000064,50.13503482300007],[6.136800863000076,50.12460298600007],[6.129602540000064,50.12158060200005],[6.12883739800003,50.11494082000007],[6.134995505000063,50.11331624400003],[6.13100042800005,50.10695363600007],[6.135513480000043,50.10337742300004],[6.125528717000066,50.09973301500003],[6.132980627000052,50.093236112000056],[6.120486676000041,50.09221377400007],[6.121986238000034,50.08131100700007],[6.116140603000076,50.074333007000064],[6.121019539000031,50.07254576500003],[6.124929276000046,50.07690240200003],[6.129285904000028,50.07354948200003],[6.120575637000059,50.06485940600004],[6.113723828000047,50.065397473000075],[6.112354826000058,50.060508553000034],[6.11811622700003,50.056380224000065],[6.12393812800002,50.05975155400006],[6.121507672000064,50.05287611600005],[6.134330146000025,50.04011817500003],[6.129668219000052,50.02998106000007],[6.145883525000045,50.02273204900007],[6.137420108000072,50.015769497000065],[6.129768553000076,50.018795873000045],[6.138241537000056,50.011193726000045],[6.149644162000072,50.00888242800005],[6.145278937000057,49.99841395200008],[6.138016082000036,49.99822197700007],[6.150728141000059,49.994186640000066],[6.157250816000044,49.98720549300003],[6.17237313000004,49.98480145800005],[6.164932604000057,49.97054815600006],[6.175586251000027,49.961791721000054],[6.177785500000027,49.954034903000036],[6.18785525100003,49.95596221300008],[6.181771653000055,49.96382962500007],[6.19099385800007,49.96875737800008],[6.197562131000041,49.94840531700004],[6.205202204000045,49.95518687100008],[6.211638032000053,49.95023125100005],[6.223907289000067,49.949939441000026],[6.216596708000054,49.94443285400007],[6.227317621000054,49.93658553200004],[6.223549097000046,49.93413102100004],[6.226167490000023,49.929389023000056],[6.217967266000073,49.923536640000066],[6.231751704000033,49.91852269200007],[6.234003177000034,49.91278907900005],[6.227022248000026,49.91076252300007],[6.233642734000057,49.900376410000035],[6.24671982600006,49.89533444400007],[6.262069226000051,49.88093364000008],[6.29153008000003,49.87456527000006],[6.296540332000063,49.86648188100003],[6.31100073500005,49.869944503000056],[6.322510068000042,49.852046769000026],[6.322636569000053,49.83803201000006],[6.33544921500004,49.83821646800004],[6.342193320000035,49.849106719000076],[6.364172103000044,49.850767362000056],[6.397426920000044,49.82230528600007],[6.425524454000026,49.815907468000034],[6.429140217000054,49.810859048000054],[6.440698658000031,49.814248246000034],[6.454502266000077,49.81153691800006],[6.470853873000067,49.822562093000045],[6.487732314000027,49.81223000800003],[6.505755685000054,49.80923254700008],[6.511375083000075,49.80179215900006],[6.519506356000022,49.81289090800004],[6.529314321000072,49.80938685500007],[6.530454810000037,49.804992767000044],[6.520995801000026,49.79698548700003],[6.506034241000066,49.79013302800007],[6.516818203000071,49.783246072000054],[6.509760673000073,49.77415864000005],[6.517546841000069,49.768739622000055],[6.518620190000036,49.762449710000055],[6.500498571000037,49.75213908600006],[6.502198342000042,49.73261360600003],[6.517162918000054,49.72359518700006],[6.511636614000054,49.721088475000045],[6.502574668000022,49.72670583400003],[6.495976813000027,49.72595576300006],[6.507018527000071,49.71264027400008],[6.496197969000036,49.70967820000004],[6.480366176000075,49.696814274000076],[6.459138629000051,49.690790340000035],[6.447306884000056,49.678249953000034],[6.428219855000066,49.666872941000065],[6.426600528000051,49.66123621600008],[6.437787738000054,49.65993386300005],[6.44080290100004,49.65592026000007],[6.421434456000043,49.62004862300006],[6.399835667000048,49.60271790300004],[6.38582193000002,49.59988424800008],[6.374925348000033,49.59189399200005],[6.38096249900002,49.577176208000026],[6.367681208000022,49.57864361500003],[6.357852034000075,49.57382073800005],[6.381403654000053,49.55840729100004],[6.380052620000072,49.55110477200003],[6.410905568000032,49.54708173300003],[6.414320321000048,49.54325900600003],[6.430297761000077,49.54896277300003],[6.444061519000059,49.54293502100006],[6.449320519000025,49.54394374200007],[6.452071910000029,49.53827724200005],[6.467921554000043,49.54436640800003],[6.494120576000057,49.530622805000064],[6.514926786000046,49.535080221000044],[6.517436954000061,49.52754701200007],[6.538553918000048,49.53945252800003],[6.554750564000074,49.53596356000003],[6.563963086000058,49.54055759000005],[6.578288739000072,49.53012846000007],[6.579728725000052,49.52218767900007],[6.588431339000067,49.517471819000036],[6.604679366000028,49.51725918000005],[6.610318092000057,49.52108416600004],[6.607020555000076,49.52739825900005],[6.619658321000031,49.53056131900007],[6.616971897000042,49.53552241600005],[6.632775018000075,49.541903425000044],[6.641348977000064,49.53775292800003],[6.645950747000029,49.53914295200008],[6.652819792000059,49.55093553700004],[6.664114863000066,49.54273708100004],[6.68418254200003,49.548153694000064],[6.690446749000046,49.53520390300008],[6.708582332000049,49.553308095000034],[6.733988304000036,49.56020687500006],[6.747981784000046,49.55790797000003],[6.767500050000024,49.569043659000044],[6.778155803000061,49.57022395200005],[6.798208284000054,49.58634882600006],[6.813441977000025,49.591999119000036],[6.835420961000068,49.582931924000036],[6.841652762000024,49.58882283400004],[6.839124255000058,49.59263577400003],[6.846006330000023,49.589615854000044],[6.857205794000038,49.605181653000045],[6.866435191000051,49.60865975100006],[6.879560672000025,49.60117102900006],[6.882599488000039,49.608437983000044],[6.889807970000049,49.60628296400006],[6.88548098900003,49.610947906000035],[6.89144525200004,49.61628661800006],[6.906315168000049,49.61413913100006],[6.921429474000035,49.616663051000046],[6.929578001000039,49.61243520900007],[6.927691850000031,49.61829409400008],[6.937776298000074,49.61773760800003],[6.932763026000032,49.63102683500006],[6.940917230000025,49.634922464000056],[6.948612308000065,49.635128277000035],[6.95139518700006,49.62511900900006],[6.975078712000027,49.63540664400006],[6.977676574000043,49.63271351800006],[6.991534824000041,49.635467875000074],[6.98596367600004,49.62073133400003],[7.00102363000002,49.63088023700004],[7.012397686000043,49.62835844300008],[7.02798012300002,49.639438288000065],[7.050778220000041,49.654608653000025],[7.044046469000023,49.67158615900007],[7.052788219000035,49.67324983800006],[7.054548035000039,49.67674381000006],[7.065124743000069,49.67692106100003],[7.044311291000042,49.689301948000036],[7.104485553000075,49.73653974200005],[7.109518483000045,49.74548036300007],[7.126232496000057,49.75301262900007],[7.13068962400007,49.75917018600006],[7.126101947000052,49.767211349000036],[7.127882485000043,49.77740516800003],[7.214270229000022,49.830218366000054],[7.262258237000026,49.85353369500007],[7.259236053000052,49.86169665700004],[7.244801859000063,49.87073835100006],[7.238310338000076,49.87372158200003],[7.237133132000054,49.867979035000076],[7.230897998000046,49.87180215700005],[7.235630963000062,49.87556545000007],[7.226435346000073,49.879785955000045],[7.211817244000031,49.90011817900006],[7.21992007700004,49.91155998800008],[7.233646017000069,49.91597141900007],[7.254137933000038,49.941236641000046],[7.221550140000033,49.948522197000045],[7.213162315000034,49.96241082200004],[7.207077509000044,49.96237917800005],[7.189669496000022,49.97703036100006],[7.196535142000073,49.98639809000008],[7.162802596000063,49.99336926500007],[7.146809741000027,49.99060808300004],[7.145408355000029,49.999496401000044],[7.136198418000049,49.999918499000046],[7.130213880000042,50.00822591300005],[7.12525534100007,50.02642568600004],[7.102627332000054,50.03685021900003],[7.103162757000064,50.04945761600004],[7.096153710000067,50.05375216200008],[7.102068784000039,50.05631523400007],[7.100510582000027,50.06164589000008],[7.087555062000035,50.062997618000054],[7.086347820000071,50.066348110000035],[7.070823507000057,50.06450472900008],[7.05695423700007,50.06980636900005],[7.042428405000067,50.06552161600007],[7.022679254000025,50.06673214400007],[7.021741078000048,50.07316920200003],[7.006529628000067,50.083041413000046],[7.006966943000066,50.07958330100007],[7.003277577000063,50.08043950100006],[7.002742165000029,50.08579518200003],[6.983159074000071,50.08243759100003],[6.98368769800004,50.08581352900006],[6.978376284000035,50.08664068000007],[6.97734536300004,50.09446347200003],[6.983692251000036,50.10043287900004],[6.976291802000048,50.10671730800004],[6.982950660000029,50.10494084100003],[6.978905663000035,50.107914840000035],[6.984854633000054,50.10796292200007],[6.977621437000039,50.11311766500006],[6.983330322000029,50.12148139000004],[6.979108996000036,50.12417078400006],[6.989011668000046,50.133446950000064],[6.995550469000023,50.13314318500005],[6.99327551600004,50.13679352200006],[6.976539258000059,50.13871094800004],[6.970079240000075,50.14844711900008],[6.955603802000041,50.15789885400005],[6.972871146000045,50.16173851900004],[6.968210188000057,50.16593640000008],[6.97299742000007,50.17449729400005],[6.963749947000053,50.18149043900007],[6.952696128000071,50.20778409300004],[6.960271830000067,50.21811633200008],[6.95561654200003,50.22401659700006],[6.970793594000043,50.229466598000045],[6.978841954000075,50.23676735400005],[6.987639294000076,50.233488402000035],[6.994780645000048,50.23659860400005],[7.006492878000074,50.22618335200008],[7.007059900000058,50.21910268700003],[7.023160368000049,50.22560062500003],[7.034437187000037,50.22595141100004],[7.036558416000048,50.23644612800007],[7.056623365000064,50.240527805000056],[7.052169266000021,50.24439309200005],[7.064574284000059,50.259384467000075],[7.062116482000022,50.26264345900006],[7.070435276000069,50.27691691900003],[7.063856500000043,50.28289893800007],[7.042373503000022,50.28926093200005],[7.017148772000041,50.29365897800005],[7.01897845700006,50.286111876000064],[6.999859217000051,50.28995445800007],[6.997626581000077,50.29511532300006],[6.987458553000067,50.29714930800003],[6.97380172000004,50.306377645000055],[6.987908462000064,50.31034140300005],[6.989249543000028,50.31894880400006],[7.005265571000052,50.31981599200003],[7.018020957000033,50.33033724900008],[7.038251960000025,50.33517367400003],[7.012844087000076,50.34094419100006],[7.009133417000044,50.34959586300005],[6.987217568000062,50.35030570300006],[6.983917606000034,50.34247602000005],[6.975581488000046,50.342706846000056],[6.976615111000058,50.338117554000064],[6.967487159000029,50.33672006200004],[6.97128778900003,50.328459645000066],[6.95237663000006,50.32956116200006],[6.944715020000046,50.313821320000045],[6.936281278000024,50.308902524000075],[6.917065962000038,50.30688074300008],[6.899265808000052,50.31524161300007],[6.892242276000047,50.31510206300004],[6.89077196900007,50.321613883000055],[6.871567116000051,50.319224579000036],[6.853189605000068,50.327055984000026],[6.83618268400005,50.318118241000036],[6.81877494400004,50.32391226000004],[6.814905862000046,50.32911227800008],[6.792725363000045,50.326443005000044],[6.796610231000045,50.33411790000008],[6.811627604000023,50.33681761500003],[6.800568308000038,50.34374090800003],[6.796133197000074,50.341514535000044],[6.805564338000067,50.34913594000005],[6.798271817000057,50.35163076100008],[6.808938801000068,50.35941546000004],[6.800711449000062,50.36178133700008],[6.795592455000076,50.35954428400004],[6.795203832000027,50.361973170000056],[6.777686249000055,50.36443378700005],[6.776766458000054,50.35808862700003],[6.77088556700005,50.36121315300005],[6.753523026000039,50.35411639600005],[6.732403727000076,50.35249742600007],[6.706034431000035,50.342790567000065],[6.699244644000032,50.336097402000064],[6.686767538000026,50.35837877000006],[6.667350811000063,50.371967760000075],[6.65601474500005,50.36743542900007],[6.657531020000022,50.35698974200005],[6.649958652000066,50.34816773500006],[6.636206238000057,50.34537215200004],[6.629840148000028,50.35123198700006],[6.623559011000054,50.35162698100004],[6.621806716000037,50.35999642300004],[6.627430004000075,50.37191721800008],[6.616273171000046,50.377018657000065],[6.604088071000035,50.37511937700003],[6.603085713000041,50.38822220600008],[6.585170620000042,50.38250437800008],[6.581850141000075,50.37754363800008],[6.569188709000059,50.37663353200003],[6.559015792000025,50.36940999700005],[6.543177865000075,50.36624406900006],[6.542182705000073,50.37105677400007],[6.530450524000059,50.369345354000075],[6.516616695000039,50.362189440000066],[6.516404468000076,50.35538799100004],[6.507121786000027,50.35987731200004],[6.504789402000029,50.352353263000055],[6.491782289000071,50.34699797400003],[6.484743817000037,50.33856107100007],[6.46598205500004,50.342588919000036],[6.451615287000038,50.33642410300007],[6.449590633000071,50.33835314300006],[6.458667809000076,50.34397164900008],[6.461162141000045,50.359026861000075],[6.449474166000073,50.36378465300004],[6.448561199000039,50.37133836100003],[6.435386961000063,50.37031884400005],[6.430023535000032,50.36318994000004],[6.420877816000029,50.368903042000056],[6.420842848000063,50.37320022700004],[6.414850020000074,50.37454620700004],[6.422030762000077,50.38194789800008],[6.413042934000032,50.38948596200004],[6.38500583900003,50.38418665900008],[6.391868918000057,50.37984539300004],[6.389003441000057,50.371686510000075],[6.397299928000052,50.36768467500008],[6.395452201000069,50.36141870600005],[6.405977283000027,50.36382203200003],[6.397181221000039,50.357911933000025],[6.407908814000052,50.339379732000054],[6.414994991000071,50.33266054000006],[6.42406186200003,50.33382680500006],[6.425294811000072,50.32301195400004],[6.405028255000047,50.32330869300006]]]},"properties":{"shapeName":"Trier","shapeISO":"","shapeID":"9070358B88105018400154","shapeGroup":"DEU","shapeType":"ADM2"}},
{"type":"Feature","geometry":{"type":"Polygon","coordinates":[[[8.422439263000058,49.583385415000066],[8.40904772600004,49.60504413800004],[8.381985162000035,49.62728359000005],[8.36963086000003,49.65917305000005],[8.356488092000063,49.67798747900008],[8.357266999000046,49.69214161200006],[8.381522439000037,49.70704300500006],[8.435958648000053,49.720989392000035],[8.455137211000022,49.74183895200008],[8.478632658000038,49.758228373000065],[8.479573209000023,49.76294980600005],[8.470740054000032,49.76906523400004],[8.43897742200005,49.76570908800005],[8.42070951200003,49.76983368100008],[8.406076883000026,49.79656903000006],[8.379609723000044,49.82255562900008],[8.384330145000035,49.854548683000075],[8.374561373000063,49.861620955000035],[8.357524456000021,49.86490149700006],[8.346520284000064,49.87481944000007],[8.342580302000044,49.88858792100007],[8.354239858000028,49.91761686400008],[8.342163536000044,49.949040867000065],[8.322339373000034,49.97359170500005],[8.244557721000035,50.027628382000046],[8.186346005000075,50.03554416600008],[8.128452335000077,50.02397813400006],[8.079569941000045,50.00689871600008],[8.03635699800003,50.00231166000003],[7.967401579000068,49.977772909000066],[7.936587205000023,49.973846207000065],[7.878061593000041,49.97313236800005],[7.864395936000051,49.98267570400003],[7.854502318000073,50.01084166600003],[7.779659194000033,50.05110661400005],[7.772490637000033,50.05846875600008],[7.773997185000042,50.06654010500006],[7.773466663000022,50.07557820400007],[7.764844638000056,50.08259041800005],[7.746872823000047,50.079565622000075],[7.733080766000057,50.071551001000046],[7.705774373000054,50.06331524400008],[7.664755161000073,50.033211437000034],[7.682928613000058,50.028623295000045],[7.691624515000058,50.03213029900007],[7.694964170000048,50.03002455800004],[7.690838173000031,50.02512407000006],[7.69972669200007,50.01283654200006],[7.714549617000046,50.01005447000006],[7.726388197000063,50.00211953400003],[7.729678508000063,50.00645525600004],[7.727863880000029,50.00165992700005],[7.734630265000021,49.99868841800003],[7.756361359000039,49.995594065000034],[7.76207983200004,49.987708704000056],[7.767524331000061,49.988506467000036],[7.773513912000055,49.97323633500008],[7.802459689000045,49.95930933200003],[7.817541015000074,49.95708683300006],[7.821755806000056,49.948577742000055],[7.804888838000068,49.94806284300006],[7.807271549000063,49.94074572200003],[7.801775138000039,49.93804976100006],[7.811047126000062,49.93369555900006],[7.844612053000048,49.94295352200004],[7.898241695000024,49.93049971600004],[7.89840425400007,49.92015945800006],[7.910640255000033,49.911841035000066],[7.907887101000028,49.906349850000026],[7.913848494000035,49.902596404000064],[7.919411730000036,49.88179204200003],[7.934827441000039,49.87856680600004],[7.947704018000024,49.88055791600004],[7.968769618000067,49.85413015300003],[7.95271557500007,49.841924661000064],[7.960176539000031,49.84114641000008],[7.963556790000041,49.833101975000034],[7.941603804000067,49.82388668500005],[7.944087973000023,49.81805517200007],[7.927558413000042,49.81138048300005],[7.924364032000028,49.80537561300008],[7.93279192500006,49.80035102200003],[7.929230871000073,49.79021816100004],[7.934642284000063,49.778052642000034],[7.928846060000069,49.776238085000045],[7.934571238000046,49.768022676000044],[7.918296268000063,49.76237830100007],[7.914819301000023,49.75807711500005],[7.919102408000072,49.753403492000075],[7.908599780000031,49.75592773500006],[7.905436787000042,49.75226356300004],[7.897696860000053,49.75728171500003],[7.899734075000026,49.76204444700005],[7.870050362000029,49.75599487100004],[7.86194850000004,49.76579043100003],[7.839603333000071,49.76025432700004],[7.841197347000048,49.75410698400003],[7.833453829000064,49.75640992400008],[7.824240736000036,49.75182900800007],[7.798855156000059,49.75832821400007],[7.795127020000052,49.75790628900006],[7.797605257000043,49.75366206800004],[7.787992895000059,49.755557311000075],[7.78044410800004,49.75123533000004],[7.77440961800005,49.752521933000025],[7.77228980600006,49.76430065900007],[7.766789361000065,49.764483391000056],[7.757586477000075,49.75776125400006],[7.766774431000044,49.743654554000045],[7.72440664100003,49.720708340000044],[7.72269009300004,49.71418418600007],[7.735228746000075,49.697412332000056],[7.719931735000046,49.68316459500005],[7.721073935000049,49.67165998300004],[7.71102214900003,49.665398957000036],[7.708544610000047,49.658198636000066],[7.699083458000075,49.65754182000006],[7.703330490000042,49.65251518200006],[7.663730632000068,49.635947599000076],[7.65499021200003,49.63843854700008],[7.652663069000027,49.64551705900004],[7.659355445000074,49.650015695000036],[7.657342147000065,49.65588017300007],[7.667917311000053,49.65948535800004],[7.666252481000072,49.665565780000065],[7.674333837000063,49.66808856800003],[7.663183212000035,49.67752606400006],[7.663673752000022,49.68396434500005],[7.673589174000028,49.68790726600008],[7.659414494000032,49.70114218700007],[7.642581697000026,49.68699273100003],[7.630846149000035,49.68438224500005],[7.61914867400003,49.68644421500005],[7.599680401000057,49.67980707000004],[7.577336977000073,49.68870441200005],[7.564914036000062,49.68603326400006],[7.547853761000056,49.69283788600006],[7.550556398000026,49.69850858400008],[7.540194095000061,49.70197491600004],[7.536198594000041,49.713989592000075],[7.522752342000047,49.70762257500007],[7.525690470000029,49.70525968600003],[7.519184577000033,49.69651704800003],[7.526303845000029,49.682523142000036],[7.521901224000032,49.67880594300004],[7.489054252000074,49.677100049000046],[7.490734770000074,49.67487572200008],[7.478512632000047,49.67803939100003],[7.464734028000066,49.672442139000054],[7.453759833000049,49.67398614800004],[7.444644527000037,49.66972914200005],[7.445215241000028,49.663569479000046],[7.42567874100007,49.65351694600008],[7.427066238000066,49.642870033000065],[7.433751664000056,49.64045461100005],[7.429676536000045,49.63765205100003],[7.43645162100006,49.62011107600006],[7.448941381000054,49.615275885000074],[7.440362951000054,49.607498761000045],[7.443226791000029,49.59825707300007],[7.439787877000072,49.59398619000007],[7.433777101000032,49.59203152100008],[7.424265716000036,49.59454638900007],[7.420487899000022,49.58976142000006],[7.384625457000027,49.60043025900006],[7.380451187000062,49.59476851000005],[7.374365546000035,49.59885946700007],[7.363036851000061,49.59585339000006],[7.350397679000025,49.58627241200003],[7.35555663100007,49.58238207900007],[7.346849625000061,49.58211248300006],[7.33365026000007,49.57208027000007],[7.333941080000045,49.56503640300008],[7.326067231000025,49.56578751400008],[7.326869656000042,49.56297017900005],[7.322020371000065,49.56501074400006],[7.319084138000051,49.56232580200003],[7.324341753000056,49.55590944000005],[7.31007826900003,49.55684020900003],[7.307455510000068,49.55341641200005],[7.303756099000054,49.55554492500005],[7.276622619000022,49.54862364200005],[7.27642624300006,49.537098867000054],[7.302014891000056,49.534812137000074],[7.299706060000062,49.52955800700005],[7.309871873000077,49.52322051900006],[7.301048506000029,49.51796833600008],[7.297114424000029,49.52289321600006],[7.285688644000061,49.51690660700007],[7.288692643000047,49.51320906800004],[7.280944441000031,49.50552484700006],[7.287066779000043,49.49906282000006],[7.278135697000039,49.48427479600008],[7.296841237000024,49.48354965600004],[7.304825739000023,49.47244594400007],[7.286927387000048,49.45768941000006],[7.246437660000026,49.44551838400008],[7.255328278000036,49.44059740500006],[7.250246332000074,49.43517793500007],[7.252589155000067,49.43146537900003],[7.260958405000054,49.42362218400007],[7.272788930000047,49.42421314000006],[7.290070229000037,49.41470529000003],[7.298941266000043,49.39851936500003],[7.28965604900003,49.39329375800003],[7.289341252000042,49.388814350000075],[7.301983464000045,49.389309765000064],[7.33135826900002,49.37885010600007],[7.355817014000024,49.379770146000055],[7.354843746000029,49.37442172100003],[7.369106571000032,49.37398256900008],[7.36637958700004,49.363410361000035],[7.395898693000049,49.37204605800008],[7.402075305000039,49.36771865500003],[7.393351927000026,49.363479168000026],[7.402625116000024,49.35620933800004],[7.390887299000042,49.35343930200003],[7.389888861000031,49.349834602000044],[7.398667936000038,49.350493835000066],[7.403773228000034,49.346115370000064],[7.400526107000076,49.33769788300003],[7.392801075000023,49.32826178400006],[7.377726254000038,49.32039364800005],[7.380812873000025,49.316806248000034],[7.392082972000026,49.320849149000026],[7.394494087000055,49.31635206200008],[7.391883630000052,49.309597170000075],[7.384016032000034,49.30995240100003],[7.380675010000061,49.30673641700008],[7.379984279000041,49.29760131000006],[7.385427185000026,49.29412396600003],[7.371695485000032,49.28091265100005],[7.367012343000056,49.28308699200005],[7.365326614000026,49.27812411000008],[7.355823222000026,49.28371971800004],[7.334463167000024,49.278284892000045],[7.34350586000005,49.27428073600004],[7.34401929400002,49.270441678000054],[7.339081374000045,49.26392833300008],[7.32485809700006,49.25746299300005],[7.324554152000076,49.248141685000064],[7.312188995000042,49.257027598000036],[7.306515069000056,49.25614038200007],[7.303463869000041,49.245497982000074],[7.289132351000035,49.237821137000026],[7.294503601000031,49.234708040000044],[7.288958158000071,49.23059512300006],[7.304004309000049,49.22211313300005],[7.298277379000069,49.21402320300007],[7.301284782000039,49.20947805800006],[7.295756776000076,49.20534679000008],[7.30353807900002,49.205768945000045],[7.321208563000027,49.188517227000034],[7.338485202000072,49.18443212500006],[7.335878083000068,49.175866625000026],[7.343122137000023,49.17300969400003],[7.350148373000025,49.16283818800008],[7.361174199000061,49.16129978600003],[7.36266786300007,49.15838864700004],[7.368755430000022,49.16145788100005],[7.366565800000046,49.17226817100004],[7.445646679000049,49.184151030000066],[7.435884022000039,49.17966398600004],[7.441713242000048,49.172025732000066],[7.432881775000055,49.168122752000045],[7.43446110800005,49.16476775400008],[7.44818815800005,49.168751350000036],[7.45974635400006,49.162822282000036],[7.472211885000036,49.168516656000065],[7.49398431000003,49.16936408500004],[7.496054561000051,49.15507302000003],[7.506408676000035,49.154707047000045],[7.505979073000049,49.15051544500005],[7.495258007000075,49.14134444700005],[7.489861143000041,49.14227726100006],[7.489565927000058,49.136474443000054],[7.497573146000036,49.13457387100004],[7.50551968000002,49.122372719000055],[7.515510035000034,49.12095607500004],[7.529456660000051,49.102053848000025],[7.52867776100004,49.09709186600003],[7.53779559700007,49.09641466900007],[7.535693226000035,49.09359544100005],[7.563619455000037,49.08022611400003],[7.600971702000038,49.08323457300003],[7.620139671000061,49.07410715300006],[7.629311382000026,49.07355078300003],[7.631201346000068,49.05488570700004],[7.673367882000036,49.04508635800005],[7.680948196000031,49.04895323200003],[7.697621704000028,49.04970102100003],[7.692450612000073,49.054118033000066],[7.695948361000035,49.05779715400007],[7.721168135000028,49.05127106000003],[7.731427212000028,49.05553086500004],[7.73227014400004,49.043960929000036],[7.74074564600005,49.04730682700006],[7.761087506000024,49.045515246000036],[7.769265702000041,49.047576107000054],[7.780016750000073,49.058315038000046],[7.789433386000042,49.05872227200007],[7.794402497000021,49.06568567200003],[7.810483318000024,49.06125828200004],[7.830512887000054,49.04727470800003],[7.849860801000034,49.04400890000005],[7.854653992000067,49.035482312000056],[7.866825986000038,49.03291668400004],[7.889131640000073,49.04904077600003],[7.910689600000069,49.04510641600007],[7.913112205000061,49.040114310000035],[7.916982913000027,49.04088245300005],[7.932791982000026,49.05805758400004],[7.945138574000055,49.055406137000034],[7.949018204000026,49.04719718100006],[7.966525403000048,49.04154072000006],[7.974788941000043,49.026799538000034],[7.996330180000029,49.029052626000066],[8.011214815000073,49.025515624000036],[8.013169572000038,49.02130175500008],[8.022805343000073,49.018087010000045],[8.04897595400007,49.01429247600004],[8.063925598000026,49.00553343100006],[8.070122491000063,48.996296769000026],[8.085517921000076,48.99320199600004],[8.087683835000064,48.989820199000064],[8.123801236000077,48.98636589800003],[8.139902376000066,48.97845033200008],[8.194393516000048,48.97713167200004],[8.19948056000004,48.966897559000074],[8.22259587600007,48.97592949400007],[8.232632820000049,48.966571447000035],[8.28759666700006,48.99842746200005],[8.311686690000045,49.05430717400003],[8.358091294000076,49.09778419500003],[8.372708393000039,49.15198129200007],[8.368431128000054,49.168052405000026],[8.385015524000039,49.19830067300006],[8.398497917000043,49.20771875600008],[8.405251528000065,49.220560782000064],[8.398535109000022,49.22575275500003],[8.384803778000048,49.21962764400007],[8.390815976000056,49.23609487400006],[8.400686476000033,49.24415939100004],[8.43980328300006,49.26234679800007],[8.458194880000065,49.27910869300007],[8.482255381000073,49.286544262000064],[8.489068840000073,49.29312437200008],[8.483849839000072,49.30494811700004],[8.455803728000035,49.31420976000004],[8.450484521000021,49.32314148200004],[8.455523799000048,49.332090347000076],[8.483291437000048,49.34859153200006],[8.496811192000052,49.36418049700006],[8.500397519000046,49.38901364900005],[8.473231192000071,49.37336427300005],[8.464517077000039,49.376392689000056],[8.463528358000076,49.38442891700004],[8.496188845000063,49.40213636000004],[8.508242487000075,49.43449342100007],[8.498879478000049,49.44265448600004],[8.455527662000065,49.44376037200004],[8.442690860000027,49.45023919100004],[8.444322354000064,49.45918726000008],[8.460875914000042,49.465022342000054],[8.463795388000051,49.47040266000005],[8.442963907000035,49.492695592000075],[8.41472533700005,49.553896792000046],[8.422439263000058,49.583385415000066]]]},"properties":{"shapeName":"Rheinhessen-Pfalz","shapeISO":"","shapeID":"9070358B81909410124776","shapeGroup":"DEU","shapeType":"ADM2"}},
{"type":"Feature","geometry":{"type":"Polygon","coordinates":[[[7.02798012300002,49.639438288000065],[7.012397686000043,49.62835844300008],[7.00102363000002,49.63088023700004],[6.98596367600004,49.62073133400003],[6.991534824000041,49.635467875000074],[6.977676574000043,49.63271351800006],[6.975078712000027,49.63540664400006],[6.95139518700006,49.62511900900006],[6.948612308000065,49.635128277000035],[6.940917230000025,49.634922464000056],[6.932763026000032,49.63102683500006],[6.937776298000074,49.61773760800003],[6.927691850000031,49.61829409400008],[6.929578001000039,49.61243520900007],[6.921429474000035,49.616663051000046],[6.906315168000049,49.61413913100006],[6.89144525200004,49.61628661800006],[6.88548098900003,49.610947906000035],[6.889807970000049,49.60628296400006],[6.882599488000039,49.608437983000044],[6.879560672000025,49.60117102900006],[6.866435191000051,49.60865975100006],[6.857205794000038,49.605181653000045],[6.846006330000023,49.589615854000044],[6.839124255000058,49.59263577400003],[6.841652762000024,49.58882283400004],[6.835420961000068,49.582931924000036],[6.813441977000025,49.591999119000036],[6.798208284000054,49.58634882600006],[6.778155803000061,49.57022395200005],[6.767500050000024,49.569043659000044],[6.747981784000046,49.55790797000003],[6.733988304000036,49.56020687500006],[6.708582332000049,49.553308095000034],[6.690446749000046,49.53520390300008],[6.68418254200003,49.548153694000064],[6.664114863000066,49.54273708100004],[6.652819792000059,49.55093553700004],[6.645950747000029,49.53914295200008],[6.641348977000064,49.53775292800003],[6.632775018000075,49.541903425000044],[6.616971897000042,49.53552241600005],[6.619658321000031,49.53056131900007],[6.607020555000076,49.52739825900005],[6.610318092000057,49.52108416600004],[6.604679366000028,49.51725918000005],[6.588431339000067,49.517471819000036],[6.579728725000052,49.52218767900007],[6.578288739000072,49.53012846000007],[6.563963086000058,49.54055759000005],[6.554750564000074,49.53596356000003],[6.538553918000048,49.53945252800003],[6.517436954000061,49.52754701200007],[6.514926786000046,49.535080221000044],[6.494120576000057,49.530622805000064],[6.467921554000043,49.54436640800003],[6.452071910000029,49.53827724200005],[6.449320519000025,49.54394374200007],[6.444061519000059,49.54293502100006],[6.430297761000077,49.54896277300003],[6.414320321000048,49.54325900600003],[6.410905568000032,49.54708173300003],[6.380052620000072,49.55110477200003],[6.356994235000059,49.53129416500008],[6.367520107000075,49.502730317000044],[6.367083526000044,49.46951204900006],[6.37501334600006,49.46412624900006],[6.379906878000043,49.46621537200008],[6.393405394000069,49.46405012300005],[6.408417944000064,49.46776760500006],[6.420440524000071,49.47642027100005],[6.429131061000021,49.476240508000046],[6.440549723000061,49.466709749000074],[6.455656708000049,49.46267944500005],[6.464606733000039,49.46636978600003],[6.486288045000038,49.45162109000006],[6.499367436000057,49.45038352800003],[6.524845866000021,49.43539766200007],[6.539413465000052,49.433723876000045],[6.550815843000066,49.42537952500004],[6.557387786000049,49.41952896600003],[6.538675783000031,49.412204606000046],[6.540819183000053,49.401250728000036],[6.552100051000025,49.39990307800008],[6.552250961000027,49.394214944000055],[6.563587425000037,49.38810123900004],[6.576793270000053,49.389794204000054],[6.580281949000039,49.38549810500007],[6.586653315000035,49.38514689500005],[6.583148258000051,49.368422612000074],[6.594520046000071,49.37157452400004],[6.60215886800006,49.36710876300003],[6.588416578000022,49.34988332800003],[6.574056386000052,49.35866492500003],[6.563621365000074,49.355912946000046],[6.565663992000054,49.347651703000054],[6.575694631000033,49.34166943100007],[6.578393298000037,49.33496239200008],[6.591163577000032,49.336244933000046],[6.595595500000059,49.33005725700008],[6.58912127800005,49.32205817700003],[6.615105684000071,49.30134949400008],[6.622358764000069,49.30313142300008],[6.63201454700004,49.295780697000055],[6.638798766000036,49.29568083200007],[6.650389798000049,49.28853032000006],[6.653369677000057,49.28123722500004],[6.66011489400006,49.283665916000075],[6.670166015000063,49.28025366600008],[6.661415408000039,49.25807518200003],[6.664305242000069,49.25445393200005],[6.675631286000055,49.25758781700006],[6.689998943000035,49.24955550200008],[6.685316732000047,49.24096091000007],[6.690619139000034,49.23108896400004],[6.688635172000033,49.22214547900006],[6.695824979000065,49.215274312000076],[6.719738945000074,49.22110852800006],[6.723465469000075,49.218829235000044],[6.731444703000022,49.20595673200006],[6.711208356000043,49.18834183700005],[6.720324125000047,49.175319631000036],[6.738600536000035,49.16367513200004],[6.782724081000026,49.16815887200005],[6.834056611000051,49.15108044600004],[6.847517681000056,49.157157889000075],[6.844397281000056,49.17305714300005],[6.858995929000059,49.17461561600004],[6.86176751000005,49.178839322000044],[6.85049682600004,49.19341308700007],[6.852169337000021,49.20000651400005],[6.836291470000049,49.21125976500008],[6.837990974000036,49.21349476000006],[6.85887333200003,49.22275744800004],[6.893345432000046,49.20914675100005],[6.925060579000046,49.22334642100003],[6.938108244000034,49.22243399900003],[6.939880058000028,49.21668534600008],[6.959603755000046,49.20309016500005],[6.975231047000022,49.20945394600005],[6.999481067000033,49.19446355100007],[7.008901224000056,49.19397385100007],[7.010752729000046,49.18795310300004],[7.021464593000076,49.19314048200005],[7.023326273000066,49.18918992600004],[7.035012738000034,49.191416090000075],[7.027733019000038,49.170133228000054],[7.046502482000051,49.137337149000075],[7.044231766000053,49.120194404000074],[7.055031189000033,49.11209007600007],[7.066605204000041,49.114246595000054],[7.071819570000059,49.124330291000035],[7.090127912000071,49.130921648000026],[7.082077409000021,49.141854497000054],[7.083274862000053,49.153240925000034],[7.106059537000021,49.15542866000004],[7.113235132000057,49.15196245700008],[7.103603519000046,49.145455138000045],[7.104057406000038,49.13838993100006],[7.125784822000071,49.14189550100008],[7.135600022000062,49.12840498700007],[7.159405821000064,49.12046706800004],[7.165057995000041,49.12859502200007],[7.185470341000041,49.13123599200003],[7.198041277000073,49.11516664100003],[7.205482222000057,49.12361261700005],[7.245054159000063,49.130110744000035],[7.265679566000074,49.12265136000008],[7.281587015000071,49.124370224000074],[7.282359063000058,49.11691073000003],[7.293176905000053,49.11490733000005],[7.321358334000024,49.14138779400008],[7.32984969000006,49.14477052400008],[7.362726495000061,49.143148342000075],[7.361379422000027,49.15341903800004],[7.368755430000022,49.16145788100005],[7.36266786300007,49.15838864700004],[7.361174199000061,49.16129978600003],[7.350148373000025,49.16283818800008],[7.343122137000023,49.17300969400003],[7.335878083000068,49.175866625000026],[7.338485202000072,49.18443212500006],[7.321208563000027,49.188517227000034],[7.30353807900002,49.205768945000045],[7.295756776000076,49.20534679000008],[7.301284782000039,49.20947805800006],[7.298277379000069,49.21402320300007],[7.304004309000049,49.22211313300005],[7.288958158000071,49.23059512300006],[7.294503601000031,49.234708040000044],[7.289132351000035,49.237821137000026],[7.303463869000041,49.245497982000074],[7.306515069000056,49.25614038200007],[7.312188995000042,49.257027598000036],[7.324554152000076,49.248141685000064],[7.32485809700006,49.25746299300005],[7.339081374000045,49.26392833300008],[7.34401929400002,49.270441678000054],[7.34350586000005,49.27428073600004],[7.334463167000024,49.278284892000045],[7.355823222000026,49.28371971800004],[7.365326614000026,49.27812411000008],[7.367012343000056,49.28308699200005],[7.371695485000032,49.28091265100005],[7.385427185000026,49.29412396600003],[7.379984279000041,49.29760131000006],[7.380675010000061,49.30673641700008],[7.384016032000034,49.30995240100003],[7.391883630000052,49.309597170000075],[7.394494087000055,49.31635206200008],[7.392082972000026,49.320849149000026],[7.380812873000025,49.316806248000034],[7.377726254000038,49.32039364800005],[7.392801075000023,49.32826178400006],[7.400526107000076,49.33769788300003],[7.403773228000034,49.346115370000064],[7.398667936000038,49.350493835000066],[7.389888861000031,49.349834602000044],[7.390887299000042,49.35343930200003],[7.402625116000024,49.35620933800004],[7.393351927000026,49.363479168000026],[7.402075305000039,49.36771865500003],[7.395898693000049,49.37204605800008],[7.36637958700004,49.363410361000035],[7.369106571000032,49.37398256900008],[7.354843746000029,49.37442172100003],[7.355817014000024,49.379770146000055],[7.33135826900002,49.37885010600007],[7.301983464000045,49.389309765000064],[7.289341252000042,49.388814350000075],[7.28965604900003,49.39329375800003],[7.298941266000043,49.39851936500003],[7.290070229000037,49.41470529000003],[7.272788930000047,49.42421314000006],[7.260958405000054,49.42362218400007],[7.252589155000067,49.43146537900003],[7.250246332000074,49.43517793500007],[7.255328278000036,49.44059740500006],[7.246437660000026,49.44551838400008],[7.286927387000048,49.45768941000006],[7.304825739000023,49.47244594400007],[7.296841237000024,49.48354965600004],[7.278135697000039,49.48427479600008],[7.287066779000043,49.49906282000006],[7.280944441000031,49.50552484700006],[7.288692643000047,49.51320906800004],[7.285688644000061,49.51690660700007],[7.297114424000029,49.52289321600006],[7.301048506000029,49.51796833600008],[7.309871873000077,49.52322051900006],[7.299706060000062,49.52955800700005],[7.302014891000056,49.534812137000074],[7.27642624300006,49.537098867000054],[7.276622619000022,49.54862364200005],[7.274620159000051,49.56107406600006],[7.269212047000053,49.562234226000044],[7.262408802000039,49.57191233700007],[7.268704012000057,49.584083425000074],[7.26134165600007,49.58317931400006],[7.252576323000028,49.57398589400003],[7.240775067000072,49.57322288100005],[7.240829449000046,49.56897410100004],[7.224401128000068,49.56483394800006],[7.213352545000021,49.565845814000056],[7.209999247000042,49.57714872400004],[7.188373828000067,49.57566152800007],[7.182141110000032,49.58265593200008],[7.173454037000056,49.58508416300003],[7.173713124000074,49.599068172000045],[7.16544387600004,49.59705048600006],[7.149309144000028,49.60367878400007],[7.138657458000068,49.59731983200004],[7.118403594000029,49.59598284500004],[7.104798796000068,49.59902772300006],[7.100158923000038,49.60568292100004],[7.100635229000034,49.60243288800007],[7.092991730000051,49.60358910200006],[7.087674799000069,49.599583831000075],[7.059079921000034,49.63047962200005],[7.02798012300002,49.639438288000065]]]},"properties":{"shapeName":"Saarland","shapeISO":"","shapeID":"9070358B83775792336645","shapeGroup":"DEU","shapeType":"ADM2"}},
{"type":"Feature","geometry":{"type":"Polygon","coordinates":[[[13.210150054000053,51.404736111000034],[13.199900865000075,51.41131997700006],[13.20506324400003,51.40478944700004],[13.198842179000053,51.399244269000064],[13.201330982000059,51.39499198100003],[13.190627152000047,51.39455339400007],[13.188292286000035,51.38232639800003],[13.182218513000066,51.377703395000026],[13.206618261000074,51.369176002000074],[13.202960907000033,51.362742137000055],[13.191928741000027,51.35853018600005],[13.204333786000063,51.35576025100005],[13.19972454200007,51.349006116000055],[13.212030298000059,51.34334885100003],[13.20242294600007,51.329481876000045],[13.214421151000067,51.29348737500004],[13.213500544000055,51.288532091000036],[13.207686802000069,51.28889521900004],[13.206804001000023,51.277484955000034],[13.216635542000063,51.269181606000075],[13.208800544000042,51.259918725000034],[13.194065687000034,51.260681687000044],[13.20070675200003,51.25162365800003],[13.195562238000036,51.247007566000036],[13.20696586300005,51.24039728200006],[13.197944956000072,51.23599588600007],[13.198707913000021,51.23040535400003],[13.207555033000062,51.217443521000064],[13.205020405000027,51.21317784300004],[13.192509121000057,51.21169411500006],[13.200507185000049,51.20381347800003],[13.208422161000044,51.202415074000044],[13.214209539000024,51.18262678200006],[13.210922795000045,51.17573727600006],[13.22506144700003,51.17566587300007],[13.227881299000046,51.16962290400005],[13.236266379000028,51.16905811300006],[13.243344038000032,51.16086984700007],[13.253839421000066,51.162549788000035],[13.257709912000053,51.150384795000036],[13.25202915400007,51.14819180400008],[13.250443191000045,51.14139703700005],[13.258817020000038,51.140391726000075],[13.249343295000074,51.13776093800004],[13.247327821000056,51.13226218600005],[13.250763580000068,51.11833387200005],[13.246333867000033,51.114080423000075],[13.226959531000034,51.11348110400007],[13.226216130000068,51.10261844100006],[13.242182108000065,51.10726329200003],[13.243741224000075,51.11166514100006],[13.251217257000064,51.110877206000055],[13.258496753000031,51.09192626000004],[13.254550936000044,51.076866419000055],[13.259991976000038,51.06848810100007],[13.255774508000059,51.063653816000055],[13.242092719000027,51.06448948100007],[13.242490211000074,51.05986129400003],[13.245997514000067,51.05395342800006],[13.254622963000031,51.054623347000074],[13.26660496200003,51.04929761000005],[13.256373046000022,51.04547776000004],[13.260615008000059,51.03914836100006],[13.238865007000072,51.02875803300003],[13.23996386300007,51.01763974000005],[13.228902074000075,51.01256021000006],[13.236398139000073,51.007303369000056],[13.276537893000068,51.03103594600003],[13.325892245000034,51.03676480900003],[13.343179943000052,51.04596977800003],[13.36586314300007,51.050825907000046],[13.387180373000035,51.05179470600007],[13.401502014000073,51.040733017000036],[13.41395178700003,51.03838747000003],[13.41134747500007,51.03648958200006],[13.417789260000063,51.03718392800005],[13.421380184000043,51.03297894200006],[13.43479582200007,51.03014764300008],[13.43515259700007,51.03239879700004],[13.44177701500007,51.02842638300007],[13.450166693000028,51.02149331500004],[13.432607071000064,51.00848604300006],[13.426524414000028,50.99639961500003],[13.430864395000071,50.987628087000076],[13.43838984200005,50.98053188500006],[13.476850488000025,50.98458844100003],[13.462793065000028,50.96797310200003],[13.445777297000063,50.96815289500006],[13.450109831000077,50.964934656000025],[13.445472671000061,50.96490510800004],[13.43828402400004,50.95576657200007],[13.434773325000037,50.95679863400005],[13.428138776000026,50.943547254000066],[13.455353400000035,50.94229171300003],[13.443747821000045,50.932788912000035],[13.448522788000048,50.92668888600008],[13.458144187000073,50.92349630100006],[13.459757361000072,50.90202542900005],[13.488203504000069,50.89242070600005],[13.50197739500004,50.86694168900004],[13.51511285500004,50.85598439300003],[13.509464402000049,50.84916102600005],[13.498318065000035,50.84870776200006],[13.507104655000035,50.84394179200007],[13.504952884000033,50.83943538500006],[13.515949902000045,50.837736333000066],[13.520496038000033,50.82692901400003],[13.531437702000062,50.830326779000075],[13.543803912000044,50.82960682100003],[13.543228815000077,50.825708002000056],[13.558531266000045,50.813325150000026],[13.576519888000064,50.811075351000056],[13.554168705000052,50.805542442000046],[13.563327032000075,50.803688934000036],[13.550862384000027,50.788699499000074],[13.551470727000037,50.782154638000065],[13.57308610900003,50.77220243600004],[13.594030437000072,50.77641558300007],[13.599269583000023,50.77417107800005],[13.616977965000046,50.74829753400007],[13.636573932000033,50.74124824800003],[13.65217381900004,50.730359890000045],[13.667325093000045,50.73173931000008],[13.688005796000027,50.71960724000007],[13.706467567000061,50.716923816000076],[13.712389784000038,50.71966383700004],[13.708217320000074,50.72531709800006],[13.728175793000048,50.73365144100006],[13.740403595000032,50.72717377300006],[13.750751036000054,50.729534357000034],[13.758341667000025,50.73581460400004],[13.768977816000074,50.73297142700005],[13.777307954000037,50.73635731200005],[13.790877064000028,50.73255285300007],[13.807331647000069,50.733264414000075],[13.827069202000075,50.72422109300004],[13.855192645000045,50.72710970500003],[13.861777864000032,50.74290935000005],[13.880231435000042,50.73781457700005],[13.898190316000068,50.74448565400007],[13.902751591000026,50.75290857200008],[13.889587611000024,50.76299848800005],[13.887530922000053,50.77046048600005],[13.899944121000033,50.784803734000036],[13.896420427000066,50.78865601700005],[13.901054929000054,50.79342943100005],[13.91837044700003,50.78911736100008],[13.939180496000063,50.789979008000046],[13.955840746000035,50.800589752000064],[13.953779261000022,50.807289694000076],[13.990311032000022,50.82000502900007],[14.003390803000059,50.81435494800007],[14.003460349000022,50.810267139000075],[14.016446101000042,50.81111230300007],[14.030664840000043,50.80416180000003],[14.041137001000038,50.81080187900005],[14.07837820800006,50.81241992900004],[14.07904607200004,50.81866960600007],[14.08952561500007,50.825849633000075],[14.132872519000045,50.833995137000045],[14.161464804000047,50.847537216000035],[14.201027879000037,50.85133619800007],[14.21650455200006,50.86023310200005],[14.223292324000056,50.85923671000006],[14.236019930000055,50.87644962300004],[14.233150164000051,50.88752402500006],[14.252253192000069,50.88791747000005],[14.26750461000006,50.89530453100008],[14.282200012000033,50.89255897600003],[14.289663727000061,50.88588984100005],[14.304845070000056,50.88398108600006],[14.348213159000068,50.89257101800007],[14.349273389000075,50.90072582600004],[14.374146332000066,50.89623193700004],[14.387635007000029,50.89908797600003],[14.385642573000041,50.91648999200004],[14.402143728000055,50.924073245000045],[14.396728063000069,50.93649067300004],[14.387322405000077,50.94181380300006],[14.373175131000039,50.938241779000066],[14.369475839000074,50.94217834300008],[14.360522391000075,50.94144664200007],[14.345796454000038,50.94856582800003],[14.311707900000044,50.95376043600004],[14.316912151000054,50.96067128800007],[14.302559058000043,50.96533205900005],[14.312957135000033,50.97226113200003],[14.328423370000053,50.973506376000046],[14.32972823700004,50.98219996700004],[14.323554183000056,50.98536364700004],[14.285774945000071,50.97699571000004],[14.258647344000053,50.98753751500004],[14.258543893000024,50.992131828000026],[14.268802209000057,51.00004056700004],[14.260642523000058,51.00882924200005],[14.280222182000045,51.01409636100004],[14.277671568000073,51.01883931800006],[14.286314961000073,51.02696194600003],[14.28534370500006,51.03220989600004],[14.273792350000065,51.03977211700004],[14.288390055000036,51.039119662000076],[14.30185834100007,51.05504617100007],[14.316923897000038,51.05542388400005],[14.336630223000043,51.03901930300003],[14.361987043000056,51.04542548000006],[14.374022488000037,51.03860640700003],[14.382565514000078,51.03856989700006],[14.384764037000025,51.026958353000055],[14.408442123000043,51.01877158900004],[14.421785809000028,51.01956939000007],[14.453819730000077,51.035893205000036],[14.465453116000049,51.03530710300004],[14.475291002000063,51.02949827700007],[14.47436536400005,51.02549997500006],[14.492658358000028,51.023403948000066],[14.491220963000046,51.04353057800006],[14.49978571500003,51.04654381600005],[14.508211954000046,51.04315459700007],[14.498557611000024,51.02205888900005],[14.532145953000054,51.01652943700003],[14.539888906000044,51.010376775000054],[14.535058223000021,51.008934976000035],[14.534698160000062,51.00371423800004],[14.560910310000054,51.00698577800006],[14.564531187000057,51.01013771000004],[14.578704114000061,51.00030944700006],[14.581340461000025,50.99354118700006],[14.599177544000042,50.98711100200006],[14.600675872000068,50.97951565300008],[14.592153964000033,50.96676486400003],[14.596073843000056,50.96280839800005],[14.580676263000043,50.94187564100008],[14.560662008000065,50.92537401100003],[14.56481075000005,50.91835296100004],[14.583209775000057,50.91425699700005],[14.617110407000041,50.925541758000065],[14.650215415000048,50.931534568000075],[14.652896345000045,50.905485998000074],[14.636233786000048,50.897448618000055],[14.61886845500004,50.85771029800003],[14.64825991500004,50.848723352000036],[14.664787637000074,50.84936819100005],[14.690198948000045,50.83799914100007],[14.708706569000071,50.84088894300004],[14.720066729000052,50.832345780000026],[14.716374667000025,50.82436061100003],[14.722323034000055,50.822081550000064],[14.744951764000064,50.82945147500004],[14.749867417000075,50.824323425000046],[14.758729665000033,50.82471127600007],[14.766437624000048,50.819348698000056],[14.790496222000058,50.824084775000074],[14.792876940000042,50.819947393000064],[14.800049503000025,50.822757495000076],[14.807719035000048,50.84641743800006],[14.824748936000049,50.86696751200003],[14.817374968000024,50.87958090500007],[14.819551275000038,50.885061],[14.843407785000068,50.90065615000003],[14.851634368000077,50.91056924700007],[14.868091898000046,50.91790137100003],[14.876854837000053,50.93235361400008],[14.890823775000058,50.935236391000046],[14.896553477000054,50.94064167700003],[14.892963253000062,50.94958363600006],[14.897617460000049,50.95939470600007],[14.903870858000062,50.96122216600003],[14.899601833000077,50.96331265500004],[14.90308307500004,50.97171677100005],[14.919431942000074,50.97534219800008],[14.917197958000031,50.995203047000075],[14.92904706400003,50.99797961400003],[14.937980713000059,51.01146646900003],[14.935208916000022,51.02017467400003],[14.949060770000074,51.03060058900007],[14.948963577000029,51.04283113400004],[14.964397267000038,51.04998627900005],[14.963009378000038,51.05789567900007],[14.97130512900003,51.06607018600005],[14.967915736000066,51.07141995500007],[14.979275101000042,51.07707997500006],[14.976328761000048,51.08700963800004],[14.984007478000024,51.090749978000076],[14.980248655000025,51.09604597200007],[14.98398689100003,51.10225586400003],[14.97825632100006,51.10785647800003],[14.980914808000023,51.11605404800008],[14.989200175000065,51.11662276800007],[14.997766980000051,51.12241749700007],[14.990427553000075,51.14215198100004],[15.00080831300005,51.14994702600006],[14.993293234000078,51.162833266000064],[15.005042954000032,51.16771181000007],[15.001541017000022,51.17238089800003],[15.008779125000046,51.182332777000056],[15.004737075000037,51.19088078000004],[15.014382573000034,51.19651199400005],[15.00765288100007,51.19982753700003],[15.013054949000036,51.208949156000074],[15.009804723000059,51.213453395000045],[15.016875192000043,51.21492628000004],[15.016202497000052,51.22760222800008],[15.025542060000078,51.23173456100005],[15.028330306000043,51.241557803000035],[15.037618673000054,51.24420304400007],[15.029481364000048,51.25141576900006],[15.023391885000024,51.25070686000004],[15.038167333000047,51.25848336400003],[15.036760094000044,51.27045467100004],[15.041789402000063,51.274035225000034],[15.034368033000021,51.277442465000036],[15.03348145700005,51.29393323100004],[15.021744397000077,51.30061966000005],[15.012005601000055,51.30131065100005],[15.012631785000053,51.30857879800004],[15.006647383000029,51.31179272300005],[15.009246229000041,51.316298836000044],[14.993141802000025,51.32298366100008],[14.993546415000026,51.32825505000005],[14.98614667000004,51.32929078500007],[14.97777209800006,51.341698231000066],[14.976218462000077,51.35693640100004],[14.965243452000038,51.36108329700005],[14.977166519000036,51.36549013200005],[14.983740931000057,51.37354956900003],[14.96930087000004,51.37907590200007],[14.965885207000042,51.39135602500005],[14.958283107000057,51.39534469300003],[14.96892551700006,51.397729979000076],[14.958724003000043,51.40975406800004],[14.967070062000062,51.41732357500007],[14.96608612500006,51.42677092200006],[14.958634072000052,51.431245164000075],[14.963290007000069,51.43419599200007],[14.970072265000056,51.432171538000034],[14.974216450000029,51.44167401300007],[14.955859530000055,51.458516254000074],[14.952464783000039,51.46843315600006],[14.946986021000043,51.47205645000008],[14.926111104000029,51.473483927000075],[14.924740254000028,51.48036730100006],[14.91578060300003,51.483766925000054],[14.89779476700005,51.48205384600004],[14.887540026000067,51.48787142200007],[14.871631046000061,51.48468746200007],[14.864473048000036,51.49046843600007],[14.851638905000073,51.489556400000026],[14.832413475000067,51.50380227200003],[14.81941783700006,51.507641481000064],[14.811776918000078,51.50609221900004],[14.805404013000043,51.51419297100006],[14.795970693000072,51.51787202000003],[14.765265602000056,51.51899751700006],[14.760993596000048,51.52322997300007],[14.751817828000071,51.52179993300007],[14.735763418000033,51.525956155000074],[14.72630543400004,51.53900200600003],[14.731441480000058,51.54438661700004],[14.72934914900003,51.549742398000035],[14.716394297000022,51.55518997100006],[14.711240953000072,51.56265530100006],[14.729865561000054,51.581776998000066],[14.711163819000035,51.59576490500007],[14.696647725000048,51.59666082600006],[14.706451662000063,51.576460163000036],[14.692759232000071,51.57633522200007],[14.691142422000041,51.562786103000064],[14.680912048000039,51.55383390600008],[14.674012757000071,51.55064535400004],[14.663996491000034,51.55454737200006],[14.639604106000036,51.55429112400003],[14.613752422000061,51.54953206000005],[14.603744826000025,51.55511637200004],[14.599026234000064,51.57174985800003],[14.583063972000048,51.57463525600008],[14.580484355000067,51.58041002600004],[14.569635102000063,51.58119047800005],[14.560581838000076,51.573461320000035],[14.544438335000052,51.57361516200007],[14.545185107000066,51.561777422000034],[14.515453721000029,51.554234835000045],[14.499856904000069,51.559403667000026],[14.454070342000023,51.55637197900006],[14.446735377000039,51.552727607000065],[14.447770787000024,51.54206888400006],[14.44131101000005,51.544613782000056],[14.409437874000048,51.53720890400007],[14.398877065000022,51.54178904300005],[14.38715846100007,51.54177088400007],[14.386688683000045,51.53402059800004],[14.375866520000045,51.53313396400006],[14.353687643000058,51.520789464000075],[14.339930674000072,51.520762156000046],[14.342118094000057,51.51084382300007],[14.332350139000027,51.50501826300007],[14.322918395000045,51.51942604200008],[14.274005492000072,51.53213036400007],[14.255807541000024,51.53231536200008],[14.247044376000076,51.527842390000046],[14.242108160000043,51.533090283000035],[14.228926526000066,51.53283939800008],[14.213017887000035,51.53981184700007],[14.175136187000021,51.53911689200004],[14.136708929000065,51.54330893800005],[14.129730077000033,51.53386106000005],[14.142359250000027,51.52280445200006],[14.107796743000051,51.52176056800005],[14.095669631000021,51.49871695000007],[14.087760579000076,51.49396380300004],[14.073821672000065,51.49266749000003],[14.087258361000067,51.47739668300005],[14.072593723000068,51.472087258000045],[14.038741996000056,51.47991067900006],[14.033005724000077,51.47510218900004],[14.055291852000039,51.46094820800005],[14.052588241000024,51.45250807300005],[14.06283710200006,51.445505756000045],[14.038161638000076,51.43557838100003],[14.046241449000036,51.42913477600007],[14.038245091000022,51.428443885000036],[14.044589875000042,51.41875373400006],[14.015903684000023,51.40513789600004],[14.01701597400006,51.40047199600008],[14.025793873000055,51.40055182400005],[14.028091220000022,51.39593580500008],[14.013325116000033,51.39832306400007],[14.003563735000057,51.39561192300005],[14.008315099000072,51.391981212000076],[13.99631843900005,51.38260759600007],[14.000697255000034,51.372595974000035],[13.970209088000047,51.37584092600008],[13.972343684000066,51.39382237700005],[13.961032275000036,51.397187485000075],[13.90820470400007,51.38323341700004],[13.908670716000074,51.37857764600005],[13.883068070000036,51.375117439000064],[13.868276711000021,51.37691168300006],[13.863248931000044,51.38175706800007],[13.833190694000052,51.383838980000064],[13.835313221000035,51.37679],[13.818971917000056,51.36949891300003],[13.80785531500004,51.372867804000066],[13.78794066000006,51.37090727200007],[13.78062486400006,51.36884769200003],[13.77652435400006,51.361990785000046],[13.767735944000037,51.36300780400006],[13.763252568000041,51.35902035100003],[13.762684593000074,51.36541218500008],[13.768966956000043,51.36939804600007],[13.757691732000069,51.37149459800003],[13.75315554100007,51.36594682700007],[13.739111251000054,51.361202020000064],[13.727352068000073,51.364710251000076],[13.713393942000039,51.36350286600003],[13.691250600000046,51.37401280600005],[13.682764784000028,51.36761527400006],[13.668403738000052,51.37612642800008],[13.661451524000029,51.368974629000036],[13.594063134000066,51.369356210000035],[13.58985483300006,51.38423485800007],[13.56996177700006,51.385666025000035],[13.550823539000021,51.37925212700003],[13.542628170000057,51.36931550600008],[13.53776639800003,51.38104645800007],[13.523118418000024,51.38102642900003],[13.521217776000071,51.40205739000004],[13.494391515000075,51.40291794800004],[13.491353120000042,51.40768382200008],[13.46328191400005,51.411753590000046],[13.465533281000035,51.42177463500008],[13.47378606600006,51.417881159000046],[13.463307821000058,51.42626187600007],[13.460625090000065,51.422241417000066],[13.450052450000044,51.42300825900003],[13.445913131000054,51.43144971300006],[13.44605750900007,51.425956521000046],[13.433405305000065,51.427616525000076],[13.428506815000048,51.42179249600008],[13.421424948000038,51.421505006000075],[13.428149657000063,51.431245011000044],[13.419704986000056,51.43884492500007],[13.412191363000034,51.439374290000046],[13.40563422200006,51.44594862900004],[13.409320227000023,51.44977411800005],[13.401050430000055,51.45417172500004],[13.38823046400006,51.44780889300006],[13.382146484000032,51.43604638800008],[13.372938772000055,51.437795651000044],[13.383076043000074,51.42805680500004],[13.376647809000076,51.42461142500008],[13.358349601000043,51.43397124300003],[13.337948451000045,51.429164667000066],[13.333353584000065,51.43744118400008],[13.320322813000075,51.43750047600008],[13.328343606000033,51.426642050000055],[13.286672470000042,51.41138323200005],[13.286354589000041,51.399288186000035],[13.259983530000056,51.40039904100007],[13.259089377000066,51.39533328500005],[13.270038189000047,51.39050202800007],[13.26854325000005,51.384793245000026],[13.250654593000036,51.39410858600007],[13.217308924000065,51.39505564900003],[13.210150054000053,51.404736111000034]]]},"properties":{"shapeName":"Dresden","shapeISO":"","shapeID":"9070358B71091673137763","shapeGroup":"DEU","shapeType":"ADM2"}},
{"type":"Feature","geometry":{"type":"Polygon","coordinates":[[[12.100900370000033,50.31802824400006],[12.106470860000059,50.32253318800008],[12.115481008000074,50.320471860000055],[12.114974549000067,50.316231333000076],[12.12468923800003,50.31540374000008],[12.146816566000041,50.321803429000056],[12.18445310800007,50.32232471800006],[12.186792283000045,50.311678518000065],[12.201344719000076,50.30895158800007],[12.195618728000056,50.29317184100006],[12.202320813000028,50.28775369900006],[12.201456890000031,50.27278176100003],[12.247040661000028,50.268262572000026],[12.253703138000049,50.271085894000066],[12.266015955000057,50.25870157500003],[12.266036469000028,50.250214622000044],[12.255014404000065,50.25124786600003],[12.247539958000061,50.25779020500005],[12.249597007000034,50.25429164900004],[12.239627313000028,50.24616890800007],[12.26689642100007,50.231918661000066],[12.274576793000051,50.23328828400008],[12.286327836000055,50.22548294900008],[12.279320520000056,50.222478128000034],[12.293877805000022,50.22127014500006],[12.28287318200006,50.213665881000054],[12.281823304000056,50.208202777000054],[12.28868172700004,50.21044516100005],[12.285127636000027,50.206025802000056],[12.288466623000033,50.20397566300005],[12.274669295000024,50.196686972000066],[12.290231917000028,50.18505281300003],[12.289803627000026,50.176930078000055],[12.334553827000036,50.17174892300005],[12.337532512000053,50.17338149400007],[12.32764508400004,50.17598259600004],[12.323662274000071,50.18203865700008],[12.338219956000046,50.192477782000026],[12.323054691000038,50.207453428000065],[12.327926150000053,50.21243075400008],[12.326521081000067,50.21865423500003],[12.334514167000066,50.21688266100006],[12.329048766000028,50.22533119900004],[12.331084489000034,50.242714051000064],[12.349036032000072,50.23649686400006],[12.359299478000025,50.242317842000034],[12.350105254000027,50.25353397100008],[12.352117039000063,50.26174587300005],[12.370862761000069,50.28527337500003],[12.394256709000047,50.28959675400006],[12.40056617600004,50.29520771300008],[12.398015033000036,50.32115327200006],[12.403427155000031,50.32395217700008],[12.431200365000052,50.322724049000044],[12.441802026000062,50.34115854200007],[12.469426672000054,50.35499038700004],[12.481583433000026,50.34701371300008],[12.489306910000039,50.34981661900008],[12.492500068000027,50.35627309600005],[12.486528324000062,50.37084340900003],[12.512047935000055,50.39725817000004],[12.558441612000024,50.39939846600004],[12.580349227000056,50.40724930600004],[12.600186605000033,50.405808671000045],[12.616952124000022,50.415609748000065],[12.626676112000041,50.41631253300005],[12.649173104000056,50.410745674000054],[12.673121539000022,50.41687581900004],[12.70705670600006,50.397317463000036],[12.707606946000055,50.40782975900004],[12.729800856000054,50.42166931400004],[12.734613356000068,50.43219795600004],[12.794929968000076,50.44944688800007],[12.81061870700006,50.43105705800008],[12.806651844000044,50.443891319000045],[12.817138192000073,50.45010380600007],[12.819380928000044,50.459795317000044],[12.894704033000039,50.42975204900006],[12.902960693000068,50.42282816200003],[12.912391785000068,50.42372909200003],[12.936410713000043,50.41163677600008],[12.937308321000046,50.40632832700004],[12.947972824000033,50.40427966100003],[12.947453952000046,50.40719664900007],[12.940489279000076,50.40770624800007],[12.941897637000068,50.41149341600004],[12.983451159000026,50.41971505500004],[12.995983288000048,50.43377558100008],[13.019865411000069,50.446732352000026],[13.023863076000055,50.454079782000065],[13.020174173000044,50.475427170000046],[13.032437859000026,50.50096980100005],[13.031745820000026,50.50973180500006],[13.042811032000031,50.51138210900007],[13.055996593000032,50.501259179000044],[13.08534559900005,50.50027136500006],[13.10147190400005,50.502924515000075],[13.132671092000066,50.51827797200008],[13.138644508000027,50.511758006000036],[13.136736576000033,50.50642449900005],[13.154119359000049,50.50851260300004],[13.178113363000023,50.50288298000004],[13.195270343000061,50.50326287100006],[13.19468948900004,50.515260279000074],[13.207339477000062,50.52157256400005],[13.209609494000063,50.53005473700006],[13.229077044000064,50.54973708500006],[13.222861616000046,50.56290340600003],[13.235511348000045,50.57037450100006],[13.23363314200003,50.57912569400003],[13.247496417000036,50.58706987800008],[13.251906415000064,50.59481745700003],[13.278770586000064,50.592994900000065],[13.290912694000042,50.57501764600005],[13.323678120000068,50.58164863500008],[13.319399721000025,50.602166270000055],[13.32587290300006,50.60460868800004],[13.324732371000039,50.60803862500006],[13.334547857000075,50.60691189000005],[13.337449443000025,50.612529789000064],[13.366657602000032,50.618441242000074],[13.37769991500005,50.62767509300005],[13.37253884300003,50.65060110500008],[13.382355036000035,50.64498195300007],[13.392107757000076,50.64631842400007],[13.392658457000039,50.64174589300006],[13.405378730000052,50.63457692600008],[13.415308907000053,50.61633177900006],[13.425471710000068,50.616446506000045],[13.428889947000073,50.61075622200008],[13.441090012000075,50.61113235700003],[13.464767585000061,50.60189259600003],[13.477534250000076,50.615430668000045],[13.494155315000057,50.62446466400007],[13.497028544000045,50.63142358700003],[13.524193077000064,50.63926466400005],[13.52610969400007,50.64942170200004],[13.516976753000051,50.648350082000036],[13.512806844000067,50.653712521000045],[13.530621598000039,50.66822849400006],[13.540243683000028,50.66801061800004],[13.538491341000054,50.67287450200007],[13.544372940000073,50.677447603000076],[13.540426399000069,50.68975358300003],[13.525244631000021,50.70441114700003],[13.538479409000047,50.70601422900006],[13.556326776000049,50.71454617400008],[13.602253181000037,50.71005874400004],[13.626912968000056,50.71591524400003],[13.625036709000028,50.722846281000045],[13.65217381900004,50.730359890000045],[13.636573932000033,50.74124824800003],[13.616977965000046,50.74829753400007],[13.599269583000023,50.77417107800005],[13.594030437000072,50.77641558300007],[13.57308610900003,50.77220243600004],[13.551470727000037,50.782154638000065],[13.550862384000027,50.788699499000074],[13.563327032000075,50.803688934000036],[13.554168705000052,50.805542442000046],[13.576519888000064,50.811075351000056],[13.558531266000045,50.813325150000026],[13.543228815000077,50.825708002000056],[13.543803912000044,50.82960682100003],[13.531437702000062,50.830326779000075],[13.520496038000033,50.82692901400003],[13.515949902000045,50.837736333000066],[13.504952884000033,50.83943538500006],[13.507104655000035,50.84394179200007],[13.498318065000035,50.84870776200006],[13.509464402000049,50.84916102600005],[13.51511285500004,50.85598439300003],[13.50197739500004,50.86694168900004],[13.488203504000069,50.89242070600005],[13.459757361000072,50.90202542900005],[13.458144187000073,50.92349630100006],[13.448522788000048,50.92668888600008],[13.443747821000045,50.932788912000035],[13.455353400000035,50.94229171300003],[13.428138776000026,50.943547254000066],[13.434773325000037,50.95679863400005],[13.43828402400004,50.95576657200007],[13.445472671000061,50.96490510800004],[13.450109831000077,50.964934656000025],[13.445777297000063,50.96815289500006],[13.462793065000028,50.96797310200003],[13.476850488000025,50.98458844100003],[13.43838984200005,50.98053188500006],[13.430864395000071,50.987628087000076],[13.426524414000028,50.99639961500003],[13.432607071000064,51.00848604300006],[13.450166693000028,51.02149331500004],[13.44177701500007,51.02842638300007],[13.43515259700007,51.03239879700004],[13.43479582200007,51.03014764300008],[13.421380184000043,51.03297894200006],[13.417789260000063,51.03718392800005],[13.41134747500007,51.03648958200006],[13.41395178700003,51.03838747000003],[13.401502014000073,51.040733017000036],[13.387180373000035,51.05179470600007],[13.36586314300007,51.050825907000046],[13.343179943000052,51.04596977800003],[13.325892245000034,51.03676480900003],[13.276537893000068,51.03103594600003],[13.236398139000073,51.007303369000056],[13.228902074000075,51.01256021000006],[13.23996386300007,51.01763974000005],[13.238865007000072,51.02875803300003],[13.260615008000059,51.03914836100006],[13.256373046000022,51.04547776000004],[13.26660496200003,51.04929761000005],[13.254622963000031,51.054623347000074],[13.245997514000067,51.05395342800006],[13.242490211000074,51.05986129400003],[13.242092719000027,51.06448948100007],[13.255774508000059,51.063653816000055],[13.259991976000038,51.06848810100007],[13.254550936000044,51.076866419000055],[13.258496753000031,51.09192626000004],[13.251217257000064,51.110877206000055],[13.243741224000075,51.11166514100006],[13.242182108000065,51.10726329200003],[13.226216130000068,51.10261844100006],[13.226959531000034,51.11348110400007],[13.246333867000033,51.114080423000075],[13.250763580000068,51.11833387200005],[13.247327821000056,51.13226218600005],[13.249343295000074,51.13776093800004],[13.258817020000038,51.140391726000075],[13.250443191000045,51.14139703700005],[13.25202915400007,51.14819180400008],[13.257709912000053,51.150384795000036],[13.253839421000066,51.162549788000035],[13.243344038000032,51.16086984700007],[13.236266379000028,51.16905811300006],[13.227881299000046,51.16962290400005],[13.22506144700003,51.17566587300007],[13.210922795000045,51.17573727600006],[13.214209539000024,51.18262678200006],[13.208422161000044,51.202415074000044],[13.200507185000049,51.20381347800003],[13.192509121000057,51.21169411500006],[13.205020405000027,51.21317784300004],[13.207555033000062,51.217443521000064],[13.198707913000021,51.23040535400003],[13.183511587000055,51.23466203500004],[13.171114608000039,51.23108324000003],[13.17292866400004,51.22800756000004],[13.147975862000067,51.22843088500008],[13.147408296000037,51.22100515100004],[13.14266507900004,51.223227585000075],[13.135375957000065,51.21934048500003],[13.103776897000046,51.22321946200003],[13.10928240100003,51.21282469100004],[13.088400296000032,51.211325861000034],[13.078519376000031,51.21887095400007],[13.063979912000036,51.21318686500007],[13.051016875000073,51.21619793500008],[13.046673210000051,51.213852856000074],[13.046061104000046,51.20259561300003],[13.03120589100007,51.199688079000055],[13.01826135400006,51.20008176400006],[13.017457525000054,51.20641884200006],[13.004483454000024,51.20871379000005],[13.004234428000075,51.21459842300004],[12.993143278000048,51.21380797000006],[12.99670767400005,51.21919697300007],[12.982620181000073,51.22323219300006],[12.961717368000052,51.22509600500007],[12.926016106000077,51.21820765700005],[12.923728117000053,51.210083025000074],[12.901822841000069,51.21281931200008],[12.890556754000045,51.20553348800007],[12.889064444000041,51.19995579300007],[12.89387971900004,51.197210803000075],[12.883587110000065,51.19488243600006],[12.881677869000043,51.18044864400008],[12.866262234000033,51.172153481000066],[12.861526824000066,51.16159105100007],[12.849263368000038,51.15437566000003],[12.857102861000044,51.14646900300005],[12.867585790000021,51.14745588300008],[12.88383080400007,51.13604092000003],[12.89198060900003,51.137584727000046],[12.888212149000026,51.13277374200004],[12.893853507000074,51.13021130000004],[12.889494330000048,51.12352947900007],[12.883973252000033,51.122706092000044],[12.898498816000028,51.109868852000034],[12.889373470000066,51.10346645800007],[12.893353925000042,51.09885768200007],[12.873982751000028,51.09387825500005],[12.873949850000031,51.09072823000008],[12.871234731000072,51.09456341300006],[12.848044038000069,51.09804197400007],[12.842520358000058,51.09362271200007],[12.813592909000022,51.09144512000006],[12.803356515000075,51.09677756200006],[12.806419084000026,51.10324431300006],[12.79975888100006,51.10415884100007],[12.801890066000055,51.10589917600004],[12.786790935000056,51.101271987000075],[12.777055638000036,51.10535996100003],[12.769471964000047,51.10233006200008],[12.743633268000053,51.10755697800005],[12.737701163000054,51.10129755300005],[12.73826531900005,51.09591136800003],[12.744463960000076,51.09432511000006],[12.736252126000068,51.09103664100007],[12.73581028700005,51.086586675000035],[12.726146361000076,51.08409020600004],[12.726901472000065,51.07661361100003],[12.716131422000046,51.06238683000004],[12.733144346000074,51.05139818200007],[12.726546480000025,51.04634848900008],[12.730197803000067,51.03765528300005],[12.723253901000021,51.03695076900004],[12.711477186000025,51.02479041500004],[12.72932312200004,51.019249081000055],[12.737952631000041,51.00311177900005],[12.74431763900003,51.00256625900005],[12.731739416000039,50.997920057000044],[12.706007094000029,51.00711380900003],[12.686262405000036,50.985136854000075],[12.667675579000047,50.98751809500004],[12.662448267000059,50.983069612000065],[12.639514174000055,50.98333016300006],[12.63365522600003,50.97879455100008],[12.61735475100005,50.980792835000045],[12.630112749000034,50.94250303200005],[12.624357315000054,50.93970986800008],[12.631443610000076,50.94014733900008],[12.637630069000068,50.93310286700006],[12.64223282200004,50.93316777800004],[12.641662611000072,50.928807094000035],[12.652865740000038,50.923677903000055],[12.654115090000062,50.919062739000026],[12.64127441100004,50.911423752000076],[12.640121045000058,50.90307378300008],[12.620061669000052,50.90938146600007],[12.614800868000032,50.90480507600006],[12.573426149000056,50.90107806200007],[12.560227496000039,50.906137270000045],[12.538191159000064,50.90068640800007],[12.525261426000043,50.902655639000045],[12.521322395000027,50.90759852700006],[12.507862731000046,50.90372903700006],[12.511120450000021,50.89409887100004],[12.486666046000039,50.89389698000008],[12.482190589000027,50.888676341000064],[12.459254289000057,50.88044858400008],[12.46402553300004,50.87012522300006],[12.448356980000028,50.86744833500006],[12.44415211300003,50.862583924000035],[12.448249614000076,50.85616979300005],[12.441127220000055,50.849394551000046],[12.442501815000071,50.84402739500007],[12.42932759200005,50.84416132000007],[12.420206496000048,50.83958970800006],[12.411585513000034,50.84738245600005],[12.418055649000053,50.85540733700003],[12.412985022000044,50.856873008000036],[12.407283234000033,50.85697638800008],[12.402949551000063,50.84922606500004],[12.377031701000021,50.849047787000075],[12.378388545000064,50.85371150200007],[12.374132737000025,50.85324923200005],[12.374856030000046,50.848825746000045],[12.348316870000076,50.83753494100006],[12.347576712000034,50.82363150900005],[12.306948010000042,50.81876300300007],[12.29858355600004,50.82990022100006],[12.302356116000055,50.817197184000065],[12.295668693000039,50.81690079500004],[12.289715312000055,50.82396523700004],[12.286074760000076,50.81187393400006],[12.279862919000038,50.80970437800005],[12.276981908000039,50.81785963300007],[12.272659461000046,50.81638980300005],[12.27503549100004,50.81363880400005],[12.259758066000074,50.81145106300005],[12.250495312000055,50.81853755600008],[12.242835374000038,50.809060457000044],[12.253483552000034,50.79950899600004],[12.253153657000041,50.78883476500005],[12.287644353000076,50.78964332700008],[12.290160812000067,50.78342709200007],[12.284049706000076,50.77346767100005],[12.26392092900005,50.76045602700003],[12.240689735000046,50.767240127000036],[12.228688049000027,50.757452787000034],[12.226984634000075,50.73821847800008],[12.237913784000057,50.73302578100004],[12.264756658000067,50.73754688900004],[12.27335318200005,50.729573938000044],[12.253382117000058,50.71570452800006],[12.264900657000055,50.703699234000055],[12.262762318000057,50.695276464000074],[12.274761805000026,50.68611728500008],[12.296887841000057,50.686543448000066],[12.308537018000038,50.68260884500006],[12.314810650000027,50.685244468000064],[12.322048412000072,50.68143383700004],[12.314454529000045,50.67141739300007],[12.317717793000043,50.663364201000036],[12.303543697000066,50.66225610500004],[12.298894859000029,50.65168210200005],[12.279692681000029,50.64777834100005],[12.281318077000037,50.64455306900004],[12.264286262000041,50.64338544100008],[12.265518391000057,50.63079334400004],[12.24464174700006,50.633304474000056],[12.23281227800004,50.627067029000045],[12.230825129000038,50.63263186000006],[12.226448313000049,50.62983529100006],[12.21675880500004,50.631464624000046],[12.207544906000066,50.63993512700006],[12.198197471000071,50.64131481100003],[12.199690157000077,50.63293187700003],[12.188191104000055,50.62311895400006],[12.190751569000042,50.61442330500006],[12.18276647500005,50.612110603000076],[12.174721625000075,50.61451388200004],[12.178135353000073,50.61864891600004],[12.17044187600004,50.629234702000076],[12.153639990000045,50.63050499600007],[12.146427260000053,50.62597887800007],[12.15082609700005,50.61560216700008],[12.147222145000057,50.60609792100007],[12.114901490000022,50.59698174700003],[12.110150855000029,50.58872004300008],[12.124724023000056,50.58442452500003],[12.132649087000061,50.58774168100007],[12.126369927000042,50.58400131500008],[12.135191116000044,50.58213369100008],[12.156092178000051,50.58557908600005],[12.16067385100007,50.580052745000046],[12.156024277000029,50.573491527000044],[12.127654066000048,50.57412899600007],[12.122792037000067,50.56753566500004],[12.115772821000064,50.56694834800004],[12.10151776400005,50.578940388000035],[12.083594331000029,50.57856674000004],[12.078117392000024,50.57658969700003],[12.07914078400006,50.56925903300004],[12.074673282000049,50.56683055800005],[12.076643574000059,50.55800753500006],[12.052068203000033,50.55096098400003],[12.04121617800007,50.55353817800005],[12.030271920000075,50.54939778800008],[12.030989895000062,50.55777623600005],[12.01753547800007,50.56784079200003],[12.035634272000038,50.581365359000074],[12.031068848000075,50.584230724000065],[12.036137609000036,50.59394988200006],[12.031294676000073,50.59820714300008],[12.020970314000067,50.59855293800007],[12.005481904000021,50.61201867900007],[12.022117527000034,50.62553982400004],[12.010397048000073,50.63546120900003],[12.000886492000063,50.63321821800008],[12.003378558000065,50.63018900900005],[11.998724671000048,50.627135631000044],[11.979268787000024,50.621410179000065],[11.986749820000057,50.60948484900007],[11.966204867000044,50.59982563300008],[11.959965122000028,50.604454677000035],[11.949715470000058,50.59389746100004],[11.923565976000077,50.58570803400005],[11.933676233000028,50.568524970000055],[11.923149416000058,50.56077627600007],[11.92601067000004,50.556844271000045],[11.92046212200006,50.55555380700008],[11.917706766000038,50.560663272000056],[11.913927193000063,50.55506544100007],[11.885209239000062,50.55194169100008],[11.871462575000066,50.53982274100008],[11.888217853000071,50.516678642000045],[11.91846047000007,50.51698060000007],[11.915851091000036,50.52451804300006],[11.918915883000068,50.52238673900007],[11.92525127500005,50.52631910300005],[11.93293170000004,50.52125632700006],[11.933976413000039,50.50603453800005],[11.939936731000046,50.502990476000036],[11.943813274000036,50.505614784000045],[11.964228503000072,50.48696260200006],[11.959231113000044,50.47867460200007],[11.94648944200003,50.479360514000064],[11.937693008000053,50.47169194500003],[11.943996427000059,50.47110566100008],[11.943664397000077,50.46444812400006],[11.948392802000058,50.46536023900006],[11.942791293000028,50.459577341000056],[11.950797996000063,50.454068979000056],[11.936293143000057,50.45908288000004],[11.931895132000022,50.46422276800007],[11.92765965500007,50.45924737100006],[11.920343521000063,50.460052146000066],[11.919033658000046,50.45432079200003],[11.904939531000025,50.45437661500006],[11.894996787000025,50.44945794900008],[11.894706067000072,50.44405482800005],[11.88850946100007,50.443605914000045],[11.899640957000031,50.435247539000045],[11.90815516300006,50.43658190800005],[11.927800470000022,50.43251523600003],[11.919322860000023,50.42472776500006],[11.929779765000035,50.421169614000064],[11.934729681000022,50.42366379600003],[11.945645081000066,50.41628277400008],[11.944162376000065,50.411576773000036],[11.954374087000076,50.40707448200004],[11.948070279000035,50.40037754700006],[11.94937688500005,50.39480853600003],[11.96025004300003,50.39541794000007],[11.964572062000059,50.39993463600007],[11.974696373000029,50.39054496000006],[11.98394319700003,50.38870713500006],[11.97859876800004,50.380004479000036],[11.984691655000063,50.37541442700007],[11.978960913000037,50.36949473700008],[11.984773226000073,50.36469550500004],[11.976512284000023,50.361944634000054],[11.982554633000063,50.35666657300004],[11.977170940000065,50.35148311300003],[11.988169481000057,50.35062224700005],[11.996971075000033,50.35401666700005],[11.997250746000077,50.34689452600003],[12.01477557100003,50.34756012300005],[12.01941200500005,50.34041274800006],[12.030884272000037,50.33931474100007],[12.032156905000022,50.330071383000075],[12.04182809300005,50.33097060000006],[12.038908487000072,50.33657968300008],[12.04685190500004,50.32499865700004],[12.046435516000031,50.33115090500007],[12.05777467400003,50.32627293200005],[12.055871960000047,50.33165342600006],[12.061624638000069,50.32893158100006],[12.064216204000047,50.33303947600007],[12.079892806000032,50.32683473700007],[12.091343377000044,50.33260968800005],[12.090346650000072,50.32425138500008],[12.097982066000043,50.32303101200006],[12.100900370000033,50.31802824400006]]]},"properties":{"shapeName":"Chemnitz","shapeISO":"","shapeID":"9070358B71894413182695","shapeGroup":"DEU","shapeType":"ADM2"}},
{"type":"Feature","geometry":{"type":"Polygon","coordinates":[[[13.051025247000041,51.64767715500005],[13.023467076000031,51.63730338500005],[13.01785856600003,51.64434681000006],[13.02036634600006,51.65407499200006],[13.011572474000047,51.66454880900005],[13.005252374000065,51.661857766000026],[13.001428514000054,51.66755934500003],[12.98390093100005,51.66908997400003],[12.977001488000042,51.66781767600003],[12.981179134000058,51.66347802400003],[12.966821294000056,51.66566476400004],[12.971502577000024,51.65024867400007],[12.949527973000045,51.64943393100003],[12.952355280000063,51.64358867400006],[12.942163597000047,51.63800593600007],[12.928109045000042,51.649565014000075],[12.915230948000044,51.648460802000045],[12.913414146000036,51.64411850300007],[12.897524744000066,51.64742626700007],[12.890810732000034,51.65396787700007],[12.895168609000052,51.66376570300008],[12.889194796000027,51.66688389500007],[12.880393947000073,51.65906020300008],[12.86579381100006,51.655026692000035],[12.862227439000037,51.67378173000003],[12.856780681000032,51.67269615300006],[12.85902956600006,51.676194887000065],[12.843862268000066,51.68497371700005],[12.841896771000052,51.68222246600004],[12.827882307000039,51.68224718100004],[12.831807,51.67602244500006],[12.817739901000039,51.670403684000064],[12.79253353100006,51.66550081500003],[12.772706246000041,51.64750905400007],[12.749936275000039,51.65005877300007],[12.716843228000073,51.66131351800004],[12.686675620000074,51.66199282400004],[12.666523747000042,51.64222535300007],[12.665845260000026,51.63159937700004],[12.648732250000023,51.625053870000045],[12.649112656000057,51.62044632800007],[12.608332218000044,51.61060204300003],[12.622360137000044,51.61644618300005],[12.629228985000054,51.62523564800006],[12.624168776000033,51.627984240000046],[12.604530296000064,51.62624984200005],[12.595492827000044,51.61838104700007],[12.580262793000031,51.62606533500008],[12.574703163000038,51.61543349600004],[12.562831478000021,51.61375558000003],[12.559979633000069,51.608519106000074],[12.541712291000067,51.607436291000056],[12.54144524700007,51.60250124400005],[12.534479694000026,51.606086391000076],[12.507006970000077,51.60845555600008],[12.503540352000073,51.604545607000034],[12.49502422300003,51.60413185700003],[12.497458607000056,51.59656377700003],[12.490097469000034,51.59820253000004],[12.482988090000049,51.593184188000066],[12.477139907000037,51.59627915500005],[12.487185423000028,51.60100622600004],[12.486373585000024,51.60427773200007],[12.460575959000039,51.60326007200007],[12.444820329000038,51.60999127100007],[12.438386678000029,51.605174401000056],[12.433312817000058,51.60583356200004],[12.436823185000037,51.59930545200007],[12.427328904000035,51.59929886400005],[12.42541916500005,51.58213138100007],[12.411419588000058,51.58200881300007],[12.391780966000056,51.58776088500008],[12.392256312000029,51.58562942800006],[12.381600717000026,51.58541284300003],[12.366856399000028,51.58801381500007],[12.374514488000045,51.58451770400006],[12.367681180000034,51.58308718500007],[12.336977041000068,51.58622716800005],[12.34361840500003,51.58258062200008],[12.340912786000047,51.57980917700007],[12.319375024000067,51.57757849800004],[12.313259552000034,51.56849602700004],[12.297223659000053,51.56666744800003],[12.293179328000065,51.560557430000074],[12.250477899000032,51.55894912500003],[12.244950478000021,51.56697978400007],[12.23290389400006,51.56112541300007],[12.23604553000007,51.552971196000044],[12.230049517000054,51.55282534300005],[12.231345874000056,51.54734570100004],[12.219018223000035,51.54651416200005],[12.22217076100003,51.54444571500005],[12.210126728000034,51.54192136200004],[12.201940623000041,51.53133117200008],[12.192765745000031,51.53129860700005],[12.193843727000058,51.50839734400006],[12.190395223000053,51.507767286000046],[12.196346191000032,51.50673275400004],[12.19734756300005,51.50286115800003],[12.207896626000036,51.502592433000075],[12.20701759000002,51.49206414200006],[12.200995314000068,51.490291728000045],[12.20308176900005,51.48514115000006],[12.175705,51.48222233000007],[12.175521038000056,51.469680433000065],[12.148913401000073,51.46310677400004],[12.153139176000025,51.452461232000076],[12.15825660400003,51.45124315000004],[12.154219213000033,51.44438526000005],[12.157631749000075,51.44430476500003],[12.15721353300006,51.43271098500003],[12.169550936000064,51.430313743000056],[12.171032337000042,51.43423427500005],[12.182482341000025,51.432379223000055],[12.185858094000025,51.42079406800008],[12.189822026000058,51.42085370600006],[12.18320253500002,51.41077112800008],[12.173532762000036,51.41025697500004],[12.17813936400006,51.389146657000026],[12.18482790400003,51.38758407900008],[12.172143857000037,51.384157697000035],[12.177744542000028,51.37516761900008],[12.189963637000062,51.379450347000045],[12.181756294000024,51.36851059400004],[12.192879207000033,51.37147678200006],[12.186085325000022,51.36212907100003],[12.195756784000025,51.359728320000045],[12.190255660000048,51.35135930900003],[12.194347237000045,51.330567665000046],[12.166825672000073,51.32680761700004],[12.164778819000048,51.32083505600008],[12.147653576000039,51.31996709100008],[12.157626829000037,51.30208293100003],[12.157403369000065,51.29227689800007],[12.168947867000043,51.29375687800007],[12.172255093000047,51.28568078200004],[12.166101471000047,51.26607361200007],[12.173311286000057,51.26631285900004],[12.173679004000064,51.25826217500003],[12.189389324000047,51.25762272800006],[12.193153824000035,51.241396390000034],[12.19949202500004,51.238418909000075],[12.19247735600004,51.23507054800007],[12.198109074000058,51.216702045000034],[12.204741890000037,51.21420247300006],[12.189590359000022,51.203983030000074],[12.191795201000048,51.19573461500005],[12.185597683000026,51.19428514600003],[12.187184697000077,51.19146342100004],[12.173737447000065,51.19008216200007],[12.174844208000025,51.18132731500003],[12.193403873000022,51.18530787700007],[12.213084091000042,51.18350039100005],[12.208490889000075,51.176232896000045],[12.211568925000051,51.17236305500006],[12.197153577000051,51.15991072700007],[12.196192449000023,51.14190746500003],[12.230142988000068,51.13619893900005],[12.241637641000068,51.13070468900003],[12.229073593000066,51.12022819100008],[12.220555541000067,51.12303893500007],[12.224590417000059,51.11932294200005],[12.221198540000046,51.10991491400006],[12.230358899000066,51.10360749700004],[12.241182953000077,51.10298940700005],[12.253084246000071,51.09726787000005],[12.262774724000053,51.100293746000034],[12.278574707000075,51.099282618000075],[12.283547042000066,51.091923992000034],[12.290750421000041,51.09098485000004],[12.304828431000033,51.09748448500005],[12.307434948000036,51.09451103200007],[12.318470379000075,51.09382665700008],[12.331598674000077,51.10378250500003],[12.356580071000053,51.094342821000055],[12.353617564000047,51.08460672900003],[12.372409340000047,51.07747447400004],[12.392957993000039,51.08411550200003],[12.410448216000077,51.07285482000003],[12.420975531000067,51.078142514000035],[12.450744659000065,51.07730576800003],[12.453097610000043,51.083461449000026],[12.458382880000045,51.084550712000066],[12.462914729000033,51.06689980300007],[12.467989081000042,51.06784308400006],[12.469467689000055,51.06421745600005],[12.496357871000043,51.06624660800003],[12.504459791000045,51.06079102100006],[12.50857594200005,51.053062827000076],[12.501925594000056,51.051725859000044],[12.50289394500004,51.03489968100007],[12.512451518000034,51.026419074000046],[12.507388166000055,51.017275890000064],[12.51633278600002,51.01821992300006],[12.514368602000047,51.026876608000066],[12.518156394000073,51.02734923100007],[12.518903840000064,51.02286481400006],[12.538852058000032,51.02425203800004],[12.534771484000032,51.01562932000007],[12.540180376000023,51.005732583000054],[12.526451554000062,51.00148548100003],[12.528349485000035,50.998280331000046],[12.555758809000054,50.99748550600003],[12.583807026000045,50.98183293800008],[12.581021526000029,50.989235078000036],[12.607533974000035,50.99673176500005],[12.607310702000063,50.99082004400003],[12.61735475100005,50.980792835000045],[12.63365522600003,50.97879455100008],[12.639514174000055,50.98333016300006],[12.662448267000059,50.983069612000065],[12.667675579000047,50.98751809500004],[12.686262405000036,50.985136854000075],[12.706007094000029,51.00711380900003],[12.731739416000039,50.997920057000044],[12.74431763900003,51.00256625900005],[12.737952631000041,51.00311177900005],[12.72932312200004,51.019249081000055],[12.711477186000025,51.02479041500004],[12.723253901000021,51.03695076900004],[12.730197803000067,51.03765528300005],[12.726546480000025,51.04634848900008],[12.733144346000074,51.05139818200007],[12.716131422000046,51.06238683000004],[12.726901472000065,51.07661361100003],[12.726146361000076,51.08409020600004],[12.73581028700005,51.086586675000035],[12.736252126000068,51.09103664100007],[12.744463960000076,51.09432511000006],[12.73826531900005,51.09591136800003],[12.737701163000054,51.10129755300005],[12.743633268000053,51.10755697800005],[12.769471964000047,51.10233006200008],[12.777055638000036,51.10535996100003],[12.786790935000056,51.101271987000075],[12.801890066000055,51.10589917600004],[12.79975888100006,51.10415884100007],[12.806419084000026,51.10324431300006],[12.803356515000075,51.09677756200006],[12.813592909000022,51.09144512000006],[12.842520358000058,51.09362271200007],[12.848044038000069,51.09804197400007],[12.871234731000072,51.09456341300006],[12.873949850000031,51.09072823000008],[12.873982751000028,51.09387825500005],[12.893353925000042,51.09885768200007],[12.889373470000066,51.10346645800007],[12.898498816000028,51.109868852000034],[12.883973252000033,51.122706092000044],[12.889494330000048,51.12352947900007],[12.893853507000074,51.13021130000004],[12.888212149000026,51.13277374200004],[12.89198060900003,51.137584727000046],[12.88383080400007,51.13604092000003],[12.867585790000021,51.14745588300008],[12.857102861000044,51.14646900300005],[12.849263368000038,51.15437566000003],[12.861526824000066,51.16159105100007],[12.866262234000033,51.172153481000066],[12.881677869000043,51.18044864400008],[12.883587110000065,51.19488243600006],[12.89387971900004,51.197210803000075],[12.889064444000041,51.19995579300007],[12.890556754000045,51.20553348800007],[12.901822841000069,51.21281931200008],[12.923728117000053,51.210083025000074],[12.926016106000077,51.21820765700005],[12.961717368000052,51.22509600500007],[12.982620181000073,51.22323219300006],[12.99670767400005,51.21919697300007],[12.993143278000048,51.21380797000006],[13.004234428000075,51.21459842300004],[13.004483454000024,51.20871379000005],[13.017457525000054,51.20641884200006],[13.01826135400006,51.20008176400006],[13.03120589100007,51.199688079000055],[13.046061104000046,51.20259561300003],[13.046673210000051,51.213852856000074],[13.051016875000073,51.21619793500008],[13.063979912000036,51.21318686500007],[13.078519376000031,51.21887095400007],[13.088400296000032,51.211325861000034],[13.10928240100003,51.21282469100004],[13.103776897000046,51.22321946200003],[13.135375957000065,51.21934048500003],[13.14266507900004,51.223227585000075],[13.147408296000037,51.22100515100004],[13.147975862000067,51.22843088500008],[13.17292866400004,51.22800756000004],[13.171114608000039,51.23108324000003],[13.183511587000055,51.23466203500004],[13.198707913000021,51.23040535400003],[13.197944956000072,51.23599588600007],[13.20696586300005,51.24039728200006],[13.195562238000036,51.247007566000036],[13.20070675200003,51.25162365800003],[13.194065687000034,51.260681687000044],[13.208800544000042,51.259918725000034],[13.216635542000063,51.269181606000075],[13.206804001000023,51.277484955000034],[13.207686802000069,51.28889521900004],[13.213500544000055,51.288532091000036],[13.214421151000067,51.29348737500004],[13.20242294600007,51.329481876000045],[13.212030298000059,51.34334885100003],[13.19972454200007,51.349006116000055],[13.204333786000063,51.35576025100005],[13.191928741000027,51.35853018600005],[13.202960907000033,51.362742137000055],[13.206618261000074,51.369176002000074],[13.182218513000066,51.377703395000026],[13.188292286000035,51.38232639800003],[13.190627152000047,51.39455339400007],[13.201330982000059,51.39499198100003],[13.198842179000053,51.399244269000064],[13.20506324400003,51.40478944700004],[13.199900865000075,51.41131997700006],[13.210150054000053,51.404736111000034],[13.202189124000029,51.41637687600007],[13.19975045700005,51.433225950000065],[13.189423718000057,51.43425610500003],[13.184649358000058,51.42378702800005],[13.17427675600004,51.42939803500008],[13.184760974000028,51.438512898000056],[13.191840584000033,51.43691062100004],[13.203121686000031,51.45101338300003],[13.203080426000042,51.45873193700004],[13.182922444000042,51.471341281000036],[13.187046115000044,51.48575323400007],[13.182296591000068,51.491959294000026],[13.19207199300007,51.48804945100005],[13.201294464000057,51.491717480000034],[13.196534058000054,51.494470566000075],[13.203923234000058,51.49877907800004],[13.202045181000074,51.504115726000066],[13.207041558000071,51.50493725700005],[13.207957037000028,51.524352847000046],[13.200522825000064,51.52603590900003],[13.19005547100005,51.53959030400006],[13.185571760000073,51.558075237000025],[13.160826607000047,51.558969338000054],[13.158606161000023,51.56425874700005],[13.146715721000021,51.56345495200003],[13.143169245000024,51.56746112900004],[13.141043951000029,51.57116723400003],[13.15490654100006,51.58939526800003],[13.16177226800005,51.59214829600006],[13.154954859000043,51.60019678500004],[13.14377685900007,51.59787311200006],[13.121025347000057,51.61888754900008],[13.106747968000036,51.61163260200004],[13.10397271100004,51.61647385800006],[13.097098011000071,51.61630730600007],[13.104872627000077,51.60967557400005],[13.093842106000068,51.60588332700007],[13.08630409500006,51.60813513900007],[13.051025247000041,51.64767715500005]]]},"properties":{"shapeName":"Leipzig","shapeISO":"","shapeID":"9070358B77675294704498","shapeGroup":"DEU","shapeType":"ADM2"}},
{"type":"Feature","geometry":{"type":"MultiPolygon","coordinates":[[[[11.597784507000028,53.03592637000003],[11.559249505000025,53.01308032700007],[11.552090030000045,53.00472847200007],[11.56044386700006,53.00379970800003],[11.556416553000076,52.99866580400004],[11.543380404000061,52.999452415000064],[11.526428491000047,53.00825854200008],[11.512490564000075,53.00744492700005],[11.492342520000022,52.95966288400007],[11.505026760000021,52.94103266800005],[11.47006165700003,52.93892562900004],[11.454444418000037,52.93339690100004],[11.432890608000037,52.91974981800007],[11.426075470000058,52.919923502000074],[11.406577801000026,52.90410220000007],[11.38477818900003,52.90357843000004],[11.349961876000066,52.88888007300005],[11.337184152000077,52.88835742400005],[11.314250103000063,52.87823631900005],[11.295410670000024,52.87490689700007],[11.290662086000054,52.889125662000026],[11.276569533000043,52.887532253000074],[11.267238933000044,52.88014081300008],[11.241125626000041,52.87901825200004],[11.235763577000057,52.88861393600007],[11.219169102000023,52.89268118800004],[11.220645293000075,52.89766635600006],[11.15525787300004,52.90621056800006],[11.154666716000065,52.90186534500003],[11.113148339000077,52.89572214000003],[11.093187302000047,52.89947142400007],[11.098675785000069,52.91287668800004],[11.078747417000045,52.91296415200003],[11.065872827000021,52.90945107500005],[11.039049488000046,52.91339928900004],[11.000490634000073,52.911261024000055],[10.99257250100004,52.90645741000003],[10.985965093000061,52.88246105600007],[10.978814438000029,52.87815263600004],[10.968082323000033,52.879320721000056],[10.93963351900004,52.85333551100007],[10.895667014000026,52.856372761000046],[10.89287538800005,52.84798245400003],[10.884683581000047,52.84579634200003],[10.866102062000039,52.855725989000064],[10.860370626000076,52.851651521000065],[10.841555871000025,52.852204863000054],[10.834774625000023,52.847475057000054],[10.80055300500004,52.85029181300007],[10.796147054000073,52.84364187800003],[10.766691503000061,52.84219236100006],[10.771728831000075,52.83394567500005],[10.756946307000021,52.81977474200005],[10.759314389000053,52.79583028300004],[10.75618154800003,52.78287650400006],[10.77548289300006,52.76236112300006],[10.776207966000072,52.75478884100005],[10.787645076000047,52.75296713100005],[10.791665848000036,52.74819658000007],[10.788176141000065,52.73317231600004],[10.793282401000056,52.72996828200007],[10.796696774000054,52.71432635700006],[10.824460067000075,52.717974637000054],[10.829703151000047,52.716135165000026],[10.837507475000052,52.695809593000035],[10.85967750900005,52.67459028900004],[10.87775885000002,52.663832479000064],[10.87902680700006,52.65599645700007],[10.896868342000062,52.64270869000006],[10.904377968000063,52.627466782000056],[10.91310319400003,52.624098090000075],[10.91505285200003,52.61763496000003],[10.925026272000025,52.61459685500006],[10.921411939000052,52.61043708200003],[10.927160295000022,52.60926157000006],[10.943396820000032,52.61491320200008],[10.94517402200006,52.62021641700005],[10.964248328000053,52.62585473200005],[10.976967998000077,52.62414161800007],[10.975629190000063,52.60682491300008],[10.959519013000033,52.59989230700006],[10.953259830000036,52.59286752200006],[10.939817470000037,52.58957310000005],[10.947435541000061,52.582550068000046],[10.94168946800005,52.57974465600006],[10.937575735000053,52.56739965300005],[10.958992317000025,52.53555397200006],[11.008781744000032,52.49674764500003],[10.982261613000048,52.49696464200008],[10.974840401000051,52.50136334900003],[10.949993653000035,52.49560565200005],[10.94355590500004,52.49234953000007],[10.940981083000054,52.47660079500008],[10.934584997000059,52.47617439600003],[10.933745728000076,52.46095212700004],[10.94782168300003,52.453949100000045],[10.962261127000033,52.43473785500004],[10.989408015000038,52.42030296900003],[10.994628376000037,52.41511332600004],[10.991645018000042,52.41333494200006],[11.005578878000051,52.40887152800008],[11.018695124000033,52.39704204700007],[11.015160053000045,52.38810680700004],[11.022946034000029,52.392635452000036],[11.036299796000037,52.38520951300006],[11.041867311000033,52.38638383300008],[11.039004142000067,52.38890951900004],[11.046752836000053,52.38787017700008],[11.066544204000024,52.37319982500003],[11.068810227000029,52.376522124000076],[11.074479825000026,52.37440326600006],[11.067000153000038,52.36987737700008],[11.068684252000025,52.355477636000046],[11.06380755400005,52.354154089000076],[11.061613905000058,52.357452969000065],[11.057474478000074,52.35033314600008],[11.043939507000061,52.34933868000007],[11.037356481000074,52.34474236900007],[11.023596170000076,52.34423206500003],[11.022980602000075,52.34743293500003],[10.983673924000072,52.34168646200004],[10.98791249900006,52.335015948000034],[11.002083240000047,52.336585384000045],[11.001076691000037,52.32748052200003],[11.011616662000051,52.32824106500004],[11.036015160000034,52.31039603900007],[11.039222682000059,52.30167186500006],[11.012506508000058,52.29132000800007],[11.013800797000044,52.28664905000005],[11.029066818000047,52.27012102300006],[11.042943950000051,52.272010686000044],[11.052167702000077,52.267363551000074],[11.058907194000028,52.240651771000046],[11.073267500000043,52.24323969100004],[11.086244119000071,52.228633838000064],[11.077184889000023,52.21867656400008],[11.029448371000058,52.21144837400004],[11.021394558000054,52.20497925800004],[11.02457987400004,52.20109582400005],[11.013646589000075,52.199556191000056],[11.013169195000046,52.185877693000066],[11.019244599000046,52.17808702000008],[11.035923513000057,52.17172844400005],[11.060336962000065,52.17238740800008],[11.061481095000033,52.16524303800003],[11.05461848400006,52.16025607600005],[11.060428364000074,52.15347401100007],[11.045039177000035,52.14355384300006],[11.04413517200004,52.13366550400008],[11.017470083000035,52.12825973400004],[11.00916320500005,52.11992783900007],[10.97687750700004,52.10572885400006],[10.965668145000052,52.107115340000064],[10.942159787000037,52.103090284000075],[10.942004994000058,52.09436284900005],[10.970652820000055,52.08626494300006],[10.973049718000027,52.073123931000055],[10.96441459700003,52.05664316000008],[10.935961366000072,52.059709885000075],[10.878944232000038,52.05920304000006],[10.851441979000072,52.05033732000004],[10.828707491000046,52.04774865100006],[10.77537170200003,52.05014145000007],[10.759892655000044,52.045085088000064],[10.758284329000048,52.04804164700005],[10.74506387300005,52.048787944000026],[10.687385237000058,52.04813820700008],[10.647886656000026,52.041720816000065],[10.655491985000026,52.02468661700004],[10.642216826000038,52.022916088000045],[10.638972151000075,52.01532529900004],[10.621436009000035,52.01033426400005],[10.626019658000075,52.008197848000066],[10.611902325000074,52.01004676500003],[10.600194240000064,52.007165677000046],[10.596599965000053,52.014365534000035],[10.592280206000055,52.01420352700006],[10.59159515600004,52.01134222600007],[10.572969629000056,52.01044576100003],[10.574741226000071,52.00636094500004],[10.561226988000044,52.00406594000003],[10.586778821000053,51.98273184100003],[10.585689560000048,51.97622972400006],[10.606232853000051,51.97728740800005],[10.606237285000077,51.96866572300007],[10.619617076000054,51.96693615500004],[10.61994121500004,51.95767862100007],[10.641704442000048,51.962627964000035],[10.651303746000053,51.957561078000026],[10.63304701800007,51.94849859300007],[10.622477642000035,51.94754119000004],[10.613260484000023,51.93946787400006],[10.61811139100007,51.931477382000026],[10.613313788000028,51.921515277000026],[10.638159354000038,51.91596588300007],[10.648214683000049,51.90824476700004],[10.649322126000072,51.889104935000034],[10.63232978600007,51.87216491700008],[10.616032827000026,51.86965422600008],[10.602615383000057,51.854545133000045],[10.584468982000033,51.85305717500006],[10.579100529000073,51.84825725500008],[10.576971041000036,51.84298725900004],[10.588429865000023,51.835785772000065],[10.578735940000058,51.828652326000054],[10.574202936000063,51.81086567300008],[10.583918723000068,51.79882296400007],[10.58152014500007,51.780005549000066],[10.591200480000055,51.76898765200008],[10.605945562000045,51.76244442400008],[10.626096715000074,51.75901689600005],[10.631713464000029,51.739533092000045],[10.642870748000064,51.73028134800006],[10.642022649000069,51.72528954100005],[10.66830728900004,51.709908031000055],[10.672617031000073,51.69696554300003],[10.663060041000051,51.691212377000056],[10.670507134000047,51.66691268200003],[10.682880157000056,51.66062388200004],[10.691702454000051,51.64650390800006],[10.701371992000077,51.642187644000046],[10.709115289000067,51.64069881700004],[10.737087376000034,51.64507247600005],[10.749365655000076,51.64033430200004],[10.764511214000038,51.64900827500003],[10.785421223000071,51.64187959600008],[10.818215835000046,51.639026433000026],[10.822567512000035,51.62353957400006],[10.833734255000024,51.63068760800007],[10.85861525100006,51.63289977000005],[10.886600561000023,51.61211090900008],[10.901525108000044,51.61187218600003],[10.922012575000053,51.618447435000064],[10.914091359000054,51.61016346200006],[10.937063688000023,51.60348729100008],[10.930538151000064,51.59168093400007],[10.903331296000033,51.59382821600008],[10.894476282000028,51.60183290300006],[10.882051629000046,51.580508087000055],[10.893071899000063,51.57651765300005],[10.90024971400004,51.56442340800004],[10.895150138000076,51.55767092900004],[10.900496028000077,51.55065470000005],[10.904473143000075,51.54964138300005],[10.91116190200006,51.555431146000046],[10.916548649000049,51.54745703900005],[10.947971842000072,51.53757287900004],[10.947838951000051,51.53334586200003],[10.939754083000025,51.53560431400007],[10.935151294000036,51.53322199000007],[10.932850378000069,51.52151732200008],[10.927335260000063,51.52085370200007],[10.933751617000041,51.519219863000046],[10.936240609000038,51.511515201000066],[10.945086716000048,51.50618958300004],[10.939721084000041,51.50072556500004],[10.946634321000033,51.499010173000045],[10.948649094000075,51.50162955600007],[10.952076348000048,51.495417718000056],[10.97294365700003,51.48196093200005],[10.960817206000058,51.47122492700004],[10.962994035000065,51.46038686300005],[10.969701831000066,51.45893546600007],[10.968290790000026,51.45441900900005],[10.97270295800007,51.45366602900003],[10.966733926000074,51.43235320700006],[10.979680170000051,51.43192371200007],[10.978113226000062,51.42688508100008],[11.007920436000063,51.42926892100007],[11.010663972000032,51.42531503200007],[10.992033080000056,51.41785321300006],[11.018749640000067,51.41705282200007],[11.04022967000003,51.42459186100007],[11.049852428000065,51.420196530000055],[11.046041149000075,51.42627015800008],[11.061390455000037,51.42979197400007],[11.095204219000038,51.41897594100004],[11.103465973000027,51.419255056000054],[11.101996259000032,51.41690536700003],[11.116555711000046,51.41568730400007],[11.116392161000022,51.41100069600003],[11.127572764000035,51.41325379700004],[11.125661259000026,51.40811765900003],[11.141754602000049,51.40263265400006],[11.152934181000035,51.40164432500006],[11.176887946000022,51.40630791700005],[11.192411165000067,51.402875290000054],[11.196856632000049,51.40803211900004],[11.20772362200006,51.40666908700007],[11.209537548000071,51.41174291200008],[11.223882996000043,51.41318615300003],[11.230167351000034,51.405742607000036],[11.247897158000058,51.405420562000074],[11.244122912000023,51.39695478400006],[11.24850616200007,51.395132827000054],[11.25276886100005,51.400653153000064],[11.274318773000061,51.400754524000035],[11.275246030000062,51.40484346100004],[11.28497513800005,51.40220792400004],[11.321259842000075,51.41037234700008],[11.330795693000027,51.39026639000008],[11.340542092000021,51.39241765100007],[11.347668132000024,51.384557028000074],[11.357425840000076,51.389774603000035],[11.361739452000052,51.38305688400004],[11.368404611000074,51.387779641000066],[11.370121419000043,51.385084463000055],[11.378316571000028,51.387238108000076],[11.393250188000025,51.383904449000056],[11.397613462000038,51.37714839900008],[11.389836467000066,51.367986821000045],[11.39943721800006,51.34483615600004],[11.408992133000027,51.340082702000075],[11.428814556000077,51.34282857800008],[11.426296569000044,51.33622242200005],[11.413594723000074,51.333127825000076],[11.42805392300005,51.32791273300006],[11.434235478000062,51.32042263300008],[11.447413766000068,51.31606106600003],[11.445994290000044,51.311960578000026],[11.449778953000077,51.31378352400003],[11.475225978000026,51.29805427700006],[11.46778506000004,51.28838686200004],[11.459877390000031,51.29405030400005],[11.452325168000073,51.27998541800008],[11.456112364000035,51.27720127600003],[11.446777526000062,51.27112257300007],[11.441744507000067,51.27331358200007],[11.437030881000055,51.26865453200003],[11.439522338000074,51.26337866000006],[11.429290882000032,51.25467966100007],[11.42180587300004,51.253236161000075],[11.412632300000041,51.24106203300005],[11.397795324000072,51.23673771600005],[11.400613031000034,51.24290962200007],[11.384567127000025,51.24564122700008],[11.364832643000057,51.221359162000056],[11.38982494000004,51.21751519400004],[11.391420064000044,51.20353330000006],[11.399198874000035,51.206380540000055],[11.40588754600003,51.20270284600008],[11.405330237000044,51.207397728000046],[11.43094860900004,51.21247579900006],[11.446045122000044,51.20814376700008],[11.452402961000075,51.192477490000044],[11.45583663800005,51.195377187000076],[11.468567729000029,51.19265410600008],[11.470817624000063,51.16983847700004],[11.48554832800005,51.168017348000035],[11.485260144000051,51.16559279300003],[11.47494769900004,51.16582634000008],[11.472560400000077,51.16091996000006],[11.47928467500003,51.158778323000035],[11.47192917600006,51.148183576000065],[11.451004307000062,51.146670132000054],[11.465453882000077,51.12738206600005],[11.46336178200005,51.11276038200003],[11.483823598000072,51.108179419000066],[11.48521893700007,51.10253352700005],[11.510594122000043,51.10297378200005],[11.512077531000045,51.107973997000045],[11.545642779000048,51.10245036800006],[11.547819652000044,51.11170217500006],[11.558240956000077,51.10895127400005],[11.571659895000039,51.11936512500006],[11.607503406000035,51.111607235000065],[11.620043674000044,51.10466693300003],[11.616151625000043,51.097964457000046],[11.62021201400006,51.09744866300008],[11.624355611000055,51.10448152600003],[11.638240031000066,51.11112278300004],[11.647079650000023,51.10730198300007],[11.66695005400004,51.11078547800008],[11.672439706000034,51.10290187900006],[11.692382465000037,51.09985159900003],[11.693398985000044,51.09262028300003],[11.70158187100003,51.08582347500004],[11.697597752000036,51.08424468800007],[11.700810414000046,51.069402566000065],[11.721168154000054,51.07101981300008],[11.723523387000057,51.06799511600008],[11.732299863000037,51.068417156000066],[11.753250387000037,51.05698852300003],[11.746197108000047,51.05195437200007],[11.759753677000049,51.04777583900005],[11.759689951000041,51.04285785600007],[11.772094097000036,51.045007542000064],[11.774634278000065,51.05315736700004],[11.803893556000048,51.04721079700005],[11.860261347000062,51.05476396300003],[11.863095834000035,51.05114563300003],[11.87473792700007,51.05706189600005],[11.888807362000023,51.05584043500005],[11.897452763000047,51.04529540100003],[11.910866916000032,51.04501989900007],[11.915390047000074,51.03793685900007],[11.911895627000035,51.02817928800005],[11.921462605000045,51.026293922000036],[11.943066187000056,51.03244116400003],[11.958312808000073,51.02103862700005],[11.977137233000064,51.01645489900005],[11.978643929000043,51.003696124000044],[11.975773857000036,50.99916670400006],[11.968528754000033,50.99915925700003],[11.969873133000021,50.994327733000034],[11.97423776900007,50.99032192700008],[11.996501891000037,50.99316077700007],[11.999335898000027,50.98863369600008],[12.006571244000042,50.991024147000076],[12.008665205000057,50.983941591000075],[12.014309772000047,50.98390433700007],[12.01718818200004,50.97906123400003],[12.010659468000028,50.97469144100006],[12.01412639800003,50.968670856000074],[12.037484825000035,50.97293644400003],[12.055356754000059,50.968613349000066],[12.09215763900005,50.97653048800004],[12.134986527000024,50.96497545700004],[12.132133920000058,50.96126262900003],[12.150049823000074,50.96415095700007],[12.163529547000053,50.95859978000004],[12.163207827000065,50.966485230000046],[12.182508063000057,50.97586604600008],[12.19797939700004,50.95678387500004],[12.213818569000068,50.95843608900003],[12.21458012100004,50.93803207800005],[12.238717456000074,50.95152809900003],[12.241670526000064,50.96151375000005],[12.232348815000023,50.961353392000035],[12.239891998000076,50.97567999300003],[12.262185232000036,50.98916120000007],[12.277894761000027,51.005797406000056],[12.283517938000045,51.006435975000045],[12.282508514000028,51.011697420000075],[12.291747857000075,51.01869953700003],[12.293914550000068,51.03132995400006],[12.289483103000066,51.03045015200007],[12.28704538900007,51.037639041000034],[12.273056530000076,51.04063358900004],[12.250268436000056,51.03787289100006],[12.250460368000063,51.044466939000074],[12.262206675000073,51.04961074900007],[12.258492624000041,51.06614388000003],[12.269307430000026,51.07181233100005],[12.26559684600005,51.076984320000065],[12.27320779300004,51.075059639000074],[12.288279375000059,51.08824243400005],[12.283547042000066,51.091923992000034],[12.278574707000075,51.099282618000075],[12.262774724000053,51.100293746000034],[12.253084246000071,51.09726787000005],[12.241182953000077,51.10298940700005],[12.230358899000066,51.10360749700004],[12.221198540000046,51.10991491400006],[12.224590417000059,51.11932294200005],[12.220555541000067,51.12303893500007],[12.229073593000066,51.12022819100008],[12.241637641000068,51.13070468900003],[12.230142988000068,51.13619893900005],[12.196192449000023,51.14190746500003],[12.197153577000051,51.15991072700007],[12.211568925000051,51.17236305500006],[12.208490889000075,51.176232896000045],[12.213084091000042,51.18350039100005],[12.193403873000022,51.18530787700007],[12.174844208000025,51.18132731500003],[12.173737447000065,51.19008216200007],[12.187184697000077,51.19146342100004],[12.185597683000026,51.19428514600003],[12.191795201000048,51.19573461500005],[12.189590359000022,51.203983030000074],[12.204741890000037,51.21420247300006],[12.198109074000058,51.216702045000034],[12.19247735600004,51.23507054800007],[12.19949202500004,51.238418909000075],[12.193153824000035,51.241396390000034],[12.189389324000047,51.25762272800006],[12.173679004000064,51.25826217500003],[12.173311286000057,51.26631285900004],[12.166101471000047,51.26607361200007],[12.172255093000047,51.28568078200004],[12.168947867000043,51.29375687800007],[12.157403369000065,51.29227689800007],[12.157626829000037,51.30208293100003],[12.147653576000039,51.31996709100008],[12.164778819000048,51.32083505600008],[12.166825672000073,51.32680761700004],[12.194347237000045,51.330567665000046],[12.190255660000048,51.35135930900003],[12.195756784000025,51.359728320000045],[12.186085325000022,51.36212907100003],[12.192879207000033,51.37147678200006],[12.181756294000024,51.36851059400004],[12.189963637000062,51.379450347000045],[12.177744542000028,51.37516761900008],[12.172143857000037,51.384157697000035],[12.18482790400003,51.38758407900008],[12.17813936400006,51.389146657000026],[12.173532762000036,51.41025697500004],[12.18320253500002,51.41077112800008],[12.189822026000058,51.42085370600006],[12.185858094000025,51.42079406800008],[12.182482341000025,51.432379223000055],[12.171032337000042,51.43423427500005],[12.169550936000064,51.430313743000056],[12.15721353300006,51.43271098500003],[12.157631749000075,51.44430476500003],[12.154219213000033,51.44438526000005],[12.15825660400003,51.45124315000004],[12.153139176000025,51.452461232000076],[12.148913401000073,51.46310677400004],[12.175521038000056,51.469680433000065],[12.175705,51.48222233000007],[12.20308176900005,51.48514115000006],[12.200995314000068,51.490291728000045],[12.20701759000002,51.49206414200006],[12.207896626000036,51.502592433000075],[12.19734756300005,51.50286115800003],[12.196346191000032,51.50673275400004],[12.190395223000053,51.507767286000046],[12.193843727000058,51.50839734400006],[12.192765745000031,51.53129860700005],[12.201940623000041,51.53133117200008],[12.210126728000034,51.54192136200004],[12.22217076100003,51.54444571500005],[12.219018223000035,51.54651416200005],[12.231345874000056,51.54734570100004],[12.230049517000054,51.55282534300005],[12.23604553000007,51.552971196000044],[12.23290389400006,51.56112541300007],[12.244950478000021,51.56697978400007],[12.250477899000032,51.55894912500003],[12.293179328000065,51.560557430000074],[12.297223659000053,51.56666744800003],[12.313259552000034,51.56849602700004],[12.319375024000067,51.57757849800004],[12.340912786000047,51.57980917700007],[12.34361840500003,51.58258062200008],[12.336977041000068,51.58622716800005],[12.367681180000034,51.58308718500007],[12.374514488000045,51.58451770400006],[12.366856399000028,51.58801381500007],[12.381600717000026,51.58541284300003],[12.392256312000029,51.58562942800006],[12.391780966000056,51.58776088500008],[12.411419588000058,51.58200881300007],[12.42541916500005,51.58213138100007],[12.427328904000035,51.59929886400005],[12.436823185000037,51.59930545200007],[12.433312817000058,51.60583356200004],[12.438386678000029,51.605174401000056],[12.444820329000038,51.60999127100007],[12.460575959000039,51.60326007200007],[12.486373585000024,51.60427773200007],[12.487185423000028,51.60100622600004],[12.477139907000037,51.59627915500005],[12.482988090000049,51.593184188000066],[12.490097469000034,51.59820253000004],[12.497458607000056,51.59656377700003],[12.49502422300003,51.60413185700003],[12.503540352000073,51.604545607000034],[12.507006970000077,51.60845555600008],[12.534479694000026,51.606086391000076],[12.54144524700007,51.60250124400005],[12.541712291000067,51.607436291000056],[12.559979633000069,51.608519106000074],[12.562831478000021,51.61375558000003],[12.574703163000038,51.61543349600004],[12.580262793000031,51.62606533500008],[12.595492827000044,51.61838104700007],[12.604530296000064,51.62624984200005],[12.624168776000033,51.627984240000046],[12.629228985000054,51.62523564800006],[12.622360137000044,51.61644618300005],[12.608332218000044,51.61060204300003],[12.649112656000057,51.62044632800007],[12.648732250000023,51.625053870000045],[12.665845260000026,51.63159937700004],[12.666523747000042,51.64222535300007],[12.686675620000074,51.66199282400004],[12.716843228000073,51.66131351800004],[12.749936275000039,51.65005877300007],[12.772706246000041,51.64750905400007],[12.79253353100006,51.66550081500003],[12.817739901000039,51.670403684000064],[12.831807,51.67602244500006],[12.827882307000039,51.68224718100004],[12.841896771000052,51.68222246600004],[12.843862268000066,51.68497371700005],[12.85902956600006,51.676194887000065],[12.856780681000032,51.67269615300006],[12.862227439000037,51.67378173000003],[12.86579381100006,51.655026692000035],[12.880393947000073,51.65906020300008],[12.889194796000027,51.66688389500007],[12.895168609000052,51.66376570300008],[12.890810732000034,51.65396787700007],[12.897524744000066,51.64742626700007],[12.913414146000036,51.64411850300007],[12.915230948000044,51.648460802000045],[12.928109045000042,51.649565014000075],[12.942163597000047,51.63800593600007],[12.952355280000063,51.64358867400006],[12.949527973000045,51.64943393100003],[12.971502577000024,51.65024867400007],[12.966821294000056,51.66566476400004],[12.981179134000058,51.66347802400003],[12.977001488000042,51.66781767600003],[12.98390093100005,51.66908997400003],[13.001428514000054,51.66755934500003],[13.005252374000065,51.661857766000026],[13.011572474000047,51.66454880900005],[13.02036634600006,51.65407499200006],[13.01785856600003,51.64434681000006],[13.023467076000031,51.63730338500005],[13.051025247000041,51.64767715500005],[13.154528682000034,51.68670591700004],[13.162459540000043,51.691815133000034],[13.156144751000056,51.69472950000005],[13.161264645000074,51.69498595700003],[13.155100575000063,51.710786882000036],[13.161730164000062,51.71297463700006],[13.170109944000046,51.70808682000006],[13.16868541100007,51.718669187000046],[13.18707161900005,51.71562451400007],[13.179535239000074,51.73117069700004],[13.167154722000078,51.73538412600004],[13.164127394000047,51.74188858600007],[13.160751933000029,51.73986955200007],[13.154010380000045,51.744247947000076],[13.163294686000029,51.75493602900008],[13.14985352900004,51.75926715000003],[13.155834024000058,51.76457021500005],[13.147481829000071,51.76663853300005],[13.159798632000047,51.77459014900006],[13.16003872300007,51.783928478000064],[13.16870808300007,51.78277037600003],[13.170103761000064,51.78702373700003],[13.15799461100005,51.78844815300005],[13.16301128400005,51.80201799400004],[13.148523437000051,51.820543591000046],[13.142089515000066,51.82065462400004],[13.142163335000077,51.82858870900003],[13.123535766000032,51.854592541000045],[13.123477553000043,51.85782061900005],[13.150913369000023,51.859610359000044],[13.149604230000023,51.87233145700003],[13.142228110000076,51.87255680900006],[13.138950996000062,51.87951209000005],[13.119075142000042,51.882829041000036],[13.11899345200004,51.87654083500007],[13.08500523400005,51.87401641500003],[13.080548074000035,51.867478067000036],[13.039239290000069,51.87091214700007],[13.029163736000044,51.881042414000035],[13.037293433000059,51.88025695200008],[13.037566139000035,51.89088104000007],[13.048537912000029,51.891860431000055],[13.045407862000047,51.90051510700005],[13.022773444000052,51.903230016000066],[13.021779435000042,51.89685164900004],[13.009859056000039,51.90278411400004],[12.986081352000042,51.904108773000075],[12.972664852000037,51.90088114100007],[12.976535928000033,51.91986343600007],[12.95597430500004,51.92265712200003],[12.960567963000074,51.93491054300006],[12.918371523000076,51.939359531000036],[12.917461899000045,51.932691387000034],[12.890424131000032,51.92838025000003],[12.888171517000046,51.934769180000046],[12.852730179000048,51.93500529000005],[12.850254884000037,51.95869847100005],[12.844153643000027,51.96773396900005],[12.811265511000045,51.962565131000076],[12.777612700000077,51.96459096500007],[12.774325113000032,51.97835995100007],[12.75924616900005,51.982176880000054],[12.755476102000046,51.98639142800005],[12.729640934000031,51.98896386000007],[12.711938186000054,51.99986576500004],[12.68252160000003,52.00332298700005],[12.669186684000067,52.01288074400003],[12.65650252100005,52.01293960700008],[12.648597032000055,52.00831105300006],[12.644748195000034,51.99437984900004],[12.61439705600003,51.99172329500004],[12.615160260000039,51.98228125700007],[12.603019491000055,51.98108668500004],[12.539394591000075,51.98488894400003],[12.536306598000067,52.002880024000035],[12.498826522000059,52.008922889000075],[12.484955700000057,52.01714983000005],[12.48061535100004,52.033335116000046],[12.460757553000064,52.03472050000005],[12.450002444000063,52.01621286400007],[12.430227854000066,52.01830613800007],[12.389599427000064,52.043565769000054],[12.359777396000027,52.04650008600004],[12.34808507300005,52.05929658800005],[12.32903021800007,52.069631591000075],[12.31582350800005,52.09237191600005],[12.276724288000025,52.10401798000004],[12.265110134000054,52.13065982400008],[12.245320008000022,52.13873301600006],[12.231304279000028,52.15495143600003],[12.23400384200005,52.16279355900008],[12.21678313700005,52.17006860100008],[12.228585191000036,52.18598478200005],[12.241560411000023,52.181981918000076],[12.248291792000032,52.184222874000056],[12.241800133000027,52.19427700700004],[12.25367519200006,52.20564634500005],[12.245249263000062,52.20738894200008],[12.248921059000054,52.21173724000005],[12.26026471800003,52.21645071300003],[12.267668206000053,52.21450870100006],[12.278827849000038,52.21704285100003],[12.297276877000058,52.22754538000004],[12.286883443000022,52.230102457000044],[12.283780377000028,52.23451276000003],[12.264532505000034,52.233547429000055],[12.264238205000026,52.23688951400004],[12.275263788000075,52.23627385800006],[12.27068074400006,52.24172249800006],[12.24464806900005,52.24843817400006],[12.254671783000049,52.26188514000006],[12.250944382000057,52.272593957000026],[12.26276517100007,52.29507163200003],[12.308127562000038,52.34469653200006],[12.283811381000021,52.36425454600004],[12.286094407000064,52.36887632200006],[12.300648290000026,52.37108683000008],[12.305989508000039,52.37743324300004],[12.294265474000042,52.38141999700008],[12.29180744100006,52.38614361000003],[12.30329161000003,52.39754966600003],[12.30232598400005,52.40501281200005],[12.299401276000026,52.40911379500005],[12.292336440000042,52.40753710600006],[12.27484240900003,52.41226761000007],[12.274469664000037,52.41606189200007],[12.296989636000035,52.423778080000034],[12.289252414000032,52.43069493200005],[12.302675223000051,52.43449313900004],[12.307568269000058,52.44430900500004],[12.304342700000063,52.450501519000056],[12.316683686000033,52.452384848000065],[12.315081152000062,52.460460212000044],[12.325116194000032,52.46423058800008],[12.330781529000035,52.478555665000044],[12.316429795000033,52.47486893400003],[12.308295310000062,52.48028980000004],[12.313051599000062,52.48970861200007],[12.327666002000058,52.49141276800003],[12.32988928800006,52.49686037100008],[12.31012923000003,52.490761312000075],[12.297479052000028,52.49617739400003],[12.293906418000063,52.49226072000005],[12.271445311000036,52.48748083800007],[12.27000517600004,52.49367108700005],[12.262451997000028,52.49547016200006],[12.270083396000075,52.50099836000004],[12.259921744000053,52.50423264400007],[12.25821619800007,52.51788540100006],[12.23611741600007,52.52371982500006],[12.223998206000033,52.511525455000026],[12.227764066000077,52.505948458000034],[12.221679470000026,52.50066541800004],[12.211499986000035,52.50313123400008],[12.203974412000036,52.49787678400003],[12.19058476300006,52.49886601700007],[12.184704165000028,52.49577607100008],[12.170367014000021,52.50697482100003],[12.16729483100005,52.51498540800003],[12.188689499000077,52.53242278000005],[12.17960389700005,52.533663509000064],[12.173888412000053,52.53869239900007],[12.158198182000035,52.53421666500003],[12.154636380000056,52.52969639300005],[12.141811423000036,52.52839423900008],[12.159309610000037,52.560990255000036],[12.181078091000074,52.575177085000064],[12.173384733000034,52.58225489500006],[12.176565310000058,52.60646920900007],[12.170287783000049,52.60769850600008],[12.17556836600005,52.617330424000045],[12.169133258000045,52.61675393000007],[12.171970158000022,52.625946604000035],[12.203537040000072,52.618746126000076],[12.21264848100003,52.62509989700004],[12.236872557000027,52.62887701900007],[12.230845915000032,52.62975503000007],[12.231001580000054,52.63988964600003],[12.236677149000059,52.64097750500008],[12.237890105000076,52.64555626400005],[12.23252380200006,52.65361139400005],[12.239352076000046,52.671736011000064],[12.235381460000042,52.68036464000005],[12.226812306000056,52.683797163000065],[12.232876671000042,52.68904403700003],[12.220878966000043,52.69043918700004],[12.217541893000032,52.69982185500004],[12.224185488000046,52.70278539100008],[12.203919018000022,52.713352618000044],[12.209843553000042,52.717622188000064],[12.197548537000046,52.718375034000076],[12.20595688800006,52.726513956000076],[12.201294289000032,52.729003807000026],[12.223168686000065,52.73974733600005],[12.219447051000031,52.75091493900004],[12.20916025300005,52.75318039700005],[12.205958399000053,52.76091054600005],[12.214868624000076,52.76399556100006],[12.213132486000063,52.773607420000076],[12.223507288000064,52.77569648900004],[12.22017640200005,52.790127959000074],[12.244659900000045,52.78722398000008],[12.247724129000062,52.79651529600005],[12.25558105400006,52.79859627900004],[12.252488903000028,52.803731396000046],[12.257536445000028,52.804908485000055],[12.243669638000028,52.82068541500007],[12.239683487000036,52.843675835000056],[12.231875312000057,52.85066733500008],[12.234056796000061,52.85937765300008],[12.217391247000023,52.865984482000044],[12.21405629800006,52.86166701900004],[12.209955490000027,52.862416945000064],[12.196936529000027,52.87797799000003],[12.17218949900007,52.86470204300008],[12.123714704000065,52.85379583500003],[12.133116363000056,52.865776106000055],[12.120213079000052,52.875513915000056],[12.122621712000068,52.88850155000006],[12.128485434000027,52.89264882700007],[12.124601270000028,52.89358591000007],[12.112623069000051,52.87572909100004],[12.081383322000022,52.87708188000005],[12.076475092000067,52.886396424000054],[12.066279895000037,52.883730177000075],[12.060866136000072,52.88816821200004],[12.048152623000021,52.88591360600003],[12.022614193000038,52.89037025700003],[12.006119543000068,52.88746193000003],[12.005318257000056,52.88179761400005],[11.990478383000038,52.881216161000054],[11.981550252000034,52.876028785000074],[11.959444723000047,52.87992750700005],[11.948984159000076,52.88767578800008],[11.932252961000074,52.89157895000005],[11.897335380000072,52.89336244400005],[11.87150837300004,52.90887382500006],[11.833997503000035,52.910361117000036],[11.825011418000031,52.91577354100008],[11.82309213700006,52.92325763700006],[11.847927457000026,52.94103150600006],[11.844216635000066,52.95268081300003],[11.828901276000067,52.95727341700007],[11.786303885000052,52.96095827500005],[11.764192987000058,52.981411405000074],[11.743789794000065,52.98854467500007],[11.732019555000022,52.98856536100004],[11.702569302000029,52.97780947900003],[11.692083658000058,52.97840706300008],[11.683024795000051,52.98615581000007],[11.68405776000003,52.99974024000005],[11.67716506000005,53.008137230000045],[11.667740249000076,53.00967898200008],[11.645753077000052,53.005384039000035],[11.626327036000077,53.01264737000008],[11.627029453000034,53.02166134500004],[11.641496738000058,53.03285488400007],[11.639365586000054,53.03871875200008],[11.62200400300003,53.04170273500006],[11.597784507000028,53.03592637000003]],[[12.267155795000065,52.23131355800007],[12.275204045000066,52.23105054900003],[12.273664259000043,52.22877921700007],[12.267155795000065,52.23131355800007]]],[[[11.446768081000073,51.19449713400007],[11.446614450000027,51.198880348000046],[11.43938578500007,51.19976640100003],[11.446768081000073,51.19449713400007]]]]},"properties":{"shapeName":"Sachsen-Anhalt","shapeISO":"","shapeID":"9070358B23625801106445","shapeGroup":"DEU","shapeType":"ADM2"}},
{"type":"Feature","geometry":{"type":"MultiPolygon","coordinates":[[[[8.692576917000054,54.06044539700008],[8.69739794800006,54.06953304800004],[8.685813245000077,54.06592353600007],[8.678888173000075,54.056105538000054],[8.682201299000042,54.04879445300003],[8.693724377000024,54.045664775000034],[8.702261189000069,54.04820998000008],[8.69171738500006,54.04796887700007],[8.684254633000023,54.05222824700007],[8.700154179000037,54.05768775800004],[8.692576917000054,54.06044539700008]]],[[[7.899491428000033,54.18919840700005],[7.89141591300006,54.19301121800004],[7.882276574000059,54.18832782900006],[7.869099861000052,54.18782725700004],[7.887541473000056,54.176540568000064],[7.890842287000055,54.16983404300004],[7.899523639000051,54.171901699000045],[7.907684732000064,54.16888077900006],[7.906634244000031,54.18227472800004],[7.918168073000061,54.18131198100008],[7.919787116000066,54.18872337600004],[7.899491428000033,54.18919840700005]]],[[[11.082480424000039,54.43890965200006],[11.088575916000025,54.43590693800007],[11.09134780100004,54.43812045100003],[11.082480424000039,54.43890965200006]]],[[[8.735937941000032,54.46762368700007],[8.718479772000023,54.46644233500007],[8.727232762000028,54.46232314300005],[8.735937941000032,54.46762368700007]]],[[[8.552751327000067,54.45973035700007],[8.56197240900002,54.46478956100003],[8.54770936600005,54.46862982500005],[8.544983989000059,54.46543849200003],[8.552751327000067,54.45973035700007]]],[[[11.086175979000075,54.53057415400008],[11.064243733000069,54.53505596400004],[11.031162978000054,54.511804322000046],[11.010317918000055,54.48255705000008],[11.004256859000066,54.449002439000026],[11.008926289000044,54.44166761000008],[11.047145005000061,54.42828164300005],[11.032930849000024,54.43715035000008],[11.022078992000047,54.43745226900006],[11.022860903000037,54.44393069900008],[11.047884117000024,54.44786081400008],[11.053301734000058,54.44561095200004],[11.053355148000037,54.44974734400006],[11.063190355000074,54.45281430300008],[11.07387790100006,54.449559470000054],[11.074811552000028,54.445322383000075],[11.076411592000056,54.44974032200008],[11.09511647000005,54.445452706000026],[11.101799257000039,54.431567897000036],[11.094908669000063,54.42255747000007],[11.09514484600004,54.40953360100008],[11.120965639000076,54.40207527100006],[11.172950805000028,54.40148217800004],[11.18686791700003,54.40882440000007],[11.197467362000054,54.40670066500007],[11.22988566400005,54.412225387000035],[11.254996198000072,54.41133990600008],[11.312662827000054,54.40225842500007],[11.298076904000027,54.43076480000008],[11.279430870000056,54.445921362000036],[11.268619329000046,54.46313207600008],[11.252615715000047,54.47175512900003],[11.232678195000062,54.506862683000065],[11.216730750000067,54.50437784400003],[11.165482891000067,54.52248259300006],[11.086175979000075,54.53057415400008]]],[[[8.816639634000069,54.55247501300005],[8.80457292400007,54.55573224900007],[8.789375360000065,54.55190447200005],[8.824326944000063,54.54314736600003],[8.828267984000036,54.549780826000074],[8.816639634000069,54.55247501300005]]],[[[8.705040588000031,54.55756110800007],[8.686379041000066,54.55712861200004],[8.668393898000033,54.54950481700007],[8.641712459000075,54.545623239000065],[8.62605011200003,54.53562771900005],[8.590559950000056,54.53167547500004],[8.587296839000032,54.52243167100005],[8.59223974200006,54.508678874000054],[8.620702882000046,54.48997962400006],[8.638113517000022,54.48940597300003],[8.669849211000042,54.494526611000026],[8.687278668000033,54.50902146900006],[8.703218598000035,54.50132037700007],[8.688708054000074,54.51078809100005],[8.696813864000035,54.517496926000035],[8.686992152000073,54.520879051000065],[8.696694235000052,54.523849950000056],[8.706042354000033,54.537595889000045],[8.71087383400004,54.55296372300006],[8.705040588000031,54.55756110800007]]],[[[8.560016750000045,54.57598558500007],[8.549936511000055,54.57943125000003],[8.532726830000058,54.57518713800005],[8.515367867000066,54.57915297100004],[8.50854496900007,54.57669450800006],[8.515428309000072,54.57059800400003],[8.536322601000052,54.56531092800003],[8.550936886000045,54.55684163600006],[8.575569922000057,54.56045579500005],[8.575502818000075,54.56537534700004],[8.560016750000045,54.57598558500007]]],[[[8.824973778000071,54.60427109400007],[8.814715015000047,54.60187262800008],[8.808498615000076,54.604507659000035],[8.818064626000023,54.594971359000056],[8.833228491000057,54.60340871000005],[8.824973778000071,54.60427109400007]]],[[[8.736289595000073,54.64393810300004],[8.713805060000027,54.63915358200006],[8.71032774500003,54.63159433800007],[8.71913227300007,54.62730930400005],[8.728685798000072,54.62888262400003],[8.73996524000006,54.63628374900003],[8.740339064000068,54.64361024100003],[8.736289595000073,54.64393810300004]]],[[[8.65680235000002,54.64367449000008],[8.663465466000048,54.65587923900006],[8.651870162000023,54.65763771600007],[8.636997984000061,54.64922854000008],[8.602667059000055,54.641935027000045],[8.553667593000057,54.63545916000004],[8.540466065000032,54.63641023500003],[8.528868124000041,54.62730578000003],[8.547565637000048,54.61776127700006],[8.561972444000048,54.62711785500005],[8.569275593000043,54.626852099000075],[8.584645354000031,54.63412109400008],[8.596648032000076,54.63597119500008],[8.607286850000037,54.63308175800006],[8.64681802900003,54.63931011900007],[8.65680235000002,54.64367449000008]]],[[[8.699023285000067,54.68087335100006],[8.681175549000045,54.67577861800004],[8.68354351000005,54.67206227200006],[8.709706829000027,54.672386783000036],[8.713080503000072,54.68007177000004],[8.699023285000067,54.68087335100006]]],[[[8.342427443000076,54.69355125100003],[8.342762182000058,54.69880481700005],[8.359276884000053,54.71144694900005],[8.314111784000033,54.687546173000044],[8.296408472000053,54.67376997400004],[8.294096232000072,54.66617513700004],[8.347005199000023,54.62161350400004],[8.365543831000025,54.609267576000036],[8.376537519000067,54.60750456300008],[8.39715340400005,54.61408128800008],[8.403447142000061,54.62239094600005],[8.396661739000024,54.61789594900006],[8.390431073000059,54.62426872900005],[8.401877624000065,54.62640598100006],[8.398052191000033,54.62936139300007],[8.384793283000022,54.62855597500004],[8.379382217000057,54.63278199700005],[8.383314788000064,54.63961789400008],[8.361101376000022,54.64978598500005],[8.340786119000029,54.68672245800008],[8.342427443000076,54.69355125100003]]],[[[8.565906549000033,54.75186129400004],[8.534184466000056,54.75586371300005],[8.517297953000025,54.75102695900006],[8.51423150000005,54.75441344800004],[8.485569812000051,54.749580077000076],[8.470349661000057,54.752295110000034],[8.427282048000052,54.74618430800007],[8.404360749000034,54.73013095600004],[8.394980669000063,54.71402098100003],[8.39650727000003,54.70418659300003],[8.425087200000064,54.695231843000045],[8.452154204000067,54.69267841200008],[8.465231128000028,54.684194579000064],[8.484872379000024,54.680304197000055],[8.566453100000047,54.67997493100006],[8.578684643000031,54.69262616300006],[8.575555269000063,54.70198508000004],[8.581767968000065,54.71020265900006],[8.596999617000051,54.71909062200007],[8.584335172000067,54.73022589000004],[8.58632958100003,54.74355152000004],[8.565906549000033,54.75186129400004]]],[[[10.307954146000043,53.433201104000034],[10.330768068000054,53.42496730000005],[10.375433568000062,53.42483037900007],[10.419276818000071,53.40214202900006],[10.50223918200004,53.37354465800007],[10.556737579000071,53.36847890400003],[10.576908652000043,53.35990898300008],[10.595046796000076,53.36392755500003],[10.599104761000035,53.37782756900003],[10.616903899000022,53.38456959200005],[10.621397011000056,53.398570661000065],[10.616679962000035,53.405090424000036],[10.618366003000062,53.42537129400006],[10.622706547000064,53.425866374000066],[10.632308138000042,53.45480292900004],[10.64714447700004,53.45741795400005],[10.65204256100003,53.46147700800003],[10.692973050000035,53.45513809600004],[10.701661228000034,53.47825541700007],[10.720736302000034,53.47606599200003],[10.726819043000035,53.48134794300006],[10.73123832500005,53.47947954800003],[10.756012052000074,53.483393584000055],[10.777781471000026,53.495181469000045],[10.786431193000055,53.51045659500005],[10.810642965000056,53.51618981900003],[10.824333999000032,53.513741234000065],[10.824605697000038,53.517856179000034],[10.814518483000029,53.52202490800005],[10.821614072000045,53.524009757000044],[10.818690755000034,53.53392400700005],[10.83190563900007,53.54258247200005],[10.82440759800005,53.55627178700007],[10.823260709000067,53.57518053600006],[10.842194048000067,53.57484228200008],[10.850144901000021,53.56527063300007],[10.863702017000037,53.56463232800007],[10.894826360000025,53.572411],[10.909484477000035,53.571450327000036],[10.923795348000056,53.58418603200005],[10.91746530100005,53.59931596300004],[10.929562994000037,53.62870715300005],[10.94764645500004,53.642444382000065],[10.944968911000046,53.646784894000064],[10.950750905000064,53.645829511000045],[10.954884038000046,53.65670542500004],[10.948568527000077,53.661352323000074],[10.94516343500004,53.659094295000045],[10.938627285000052,53.665821589000075],[10.944264482000051,53.67417382900004],[10.941766725000036,53.684542330000056],[10.918971741000064,53.68915885600006],[10.926053755000055,53.69204576700008],[10.92214199800003,53.69946897400007],[10.905289034000077,53.70329428600007],[10.886416616000076,53.70566335800004],[10.880307946000073,53.70233034900008],[10.862982071000033,53.70394465700008],[10.85094371200006,53.70012493000007],[10.852170852000029,53.705844650000074],[10.846011016000034,53.704343605000076],[10.84334334500005,53.707855014000074],[10.824675419000073,53.71100376800007],[10.81087590900006,53.72007232000004],[10.805916825000054,53.73920983100004],[10.771923908000076,53.749416964000034],[10.758032962000073,53.74751747100004],[10.757976798000072,53.76359398900007],[10.770256497000048,53.775480636000054],[10.765915440000072,53.779901119000044],[10.77325182800007,53.79238742100006],[10.765025987000058,53.80323395600004],[10.761591085000077,53.82260092000007],[10.747850837000044,53.83336433200003],[10.75365010400003,53.848574358000064],[10.747711196000068,53.85151096100003],[10.75945034700004,53.85826038300007],[10.771051213000021,53.87318592200006],[10.802402824000069,53.87708186300006],[10.807301057000075,53.88611576000005],[10.818926895000061,53.89353337500006],[10.84721081300006,53.89694307000008],[10.848295373000042,53.90511444400005],[10.85553370200006,53.90478857100004],[10.859162006000076,53.90941328900004],[10.874724245000039,53.914541513000074],[10.882571899000027,53.92449744800007],[10.911293636000039,53.91522558500003],[10.902096619000076,53.90629077700004],[10.911023571000044,53.89795245600004],[10.936785593000025,53.90064944800008],[10.958973168000057,53.91026217700005],[10.967064611000069,53.90720486500004],[10.961601488000042,53.91420491000008],[10.94936997000002,53.91290222100008],[10.939332292000074,53.91933377500004],[10.929871939000066,53.91827987000005],[10.91300559900003,53.92404096200005],[10.898790227000063,53.92228175900004],[10.895097608000071,53.924548179000055],[10.896389017000047,53.935969972000066],[10.90946271100006,53.946269131000065],[10.903661739000029,53.95682190400004],[10.882767844000057,53.95879206200004],[10.886586855000076,53.96176241500007],[10.882104525000045,53.96758586800007],[10.884222727000065,53.97941813600005],[10.868270887000051,53.991754024000045],[10.809126732000038,53.99575013900005],[10.81199010000006,53.99263100500008],[10.80164179600007,53.99211104500006],[10.787249185000064,53.997438619000036],[10.760186530000055,54.02460718600008],[10.751846595000075,54.03707925600003],[10.752501222000035,54.048891885000046],[10.76128882200004,54.05965284500007],[10.791935614000067,54.07595295900006],[10.802784657000075,54.09109651000006],[10.814664923000066,54.09302188600003],[10.826123300000063,54.08877252700006],[10.853994430000057,54.08913890100007],[10.86586301400007,54.084813051000026],[10.877515196000047,54.088017817000036],[10.955098331000045,54.141083740000056],[11.04691667800006,54.176531630000056],[11.07049500900007,54.19285677900007],[11.091935758000034,54.19731978300007],[11.071918095000058,54.34224630600005],[11.078935069000067,54.34208019600004],[11.089169810000044,54.35764396600007],[11.125609498000074,54.37361350500004],[11.127936929000043,54.39045890300008],[11.118558230000076,54.39442094000003],[11.118493157000046,54.39233378200004],[11.109706838000022,54.38915907200004],[11.108545767000066,54.39272129300008],[11.113452989000052,54.39114918200005],[11.107674317000033,54.397506864000036],[11.091000015000077,54.39189236800007],[11.073367391000033,54.37659621800003],[11.02374125800003,54.367711675000066],[11.018815448000055,54.37641789000003],[11.026210707000075,54.37824686600004],[11.02207052700004,54.38044956300007],[10.985244550000061,54.38077717400006],[10.980451610000046,54.38500845500005],[10.975546930000064,54.38136530600008],[10.949450671000022,54.38478378100007],[10.931205242000033,54.38193996900003],[10.906994165000071,54.36768201900003],[10.871762906000072,54.358269860000064],[10.82922958100005,54.33002397300004],[10.789502880000043,54.31213340900007],[10.758652299000062,54.30598592900003],[10.73980664800007,54.309586772000046],[10.70697446500003,54.30503646000005],[10.684633959000053,54.310318935000055],[10.678208071000029,54.32144853300008],[10.649243861000059,54.33335137500006],[10.63880308000006,54.347844741000074],[10.599607976000073,54.363731305000044],[10.539874621000024,54.379813064000075],[10.473699193000073,54.39247291800007],[10.387982309000051,54.42644587400008],[10.321948338000027,54.43574765300008],[10.302108498000052,54.43315276000004],[10.276060517000076,54.42147961000006],[10.293978609000021,54.42581426400005],[10.29287285600003,54.42196441400006],[10.279877760000034,54.41817486900004],[10.226061066000057,54.41390558900008],[10.208853875000045,54.399955971000054],[10.208061245000067,54.38741265200008],[10.193662464000056,54.37925439800006],[10.19595227000002,54.366019736000055],[10.178220818000057,54.361143119000076],[10.174162085000034,54.34574538600003],[10.152083022000056,54.363326520000044],[10.154140028000029,54.36887915500006],[10.192261717000065,54.39021223100008],[10.188773122000043,54.41108285000007],[10.168851706000055,54.43413127900004],[10.199382745000037,54.455561544000034],[10.13402744700005,54.48433790300004],[10.117778335000025,54.48525801100004],[10.020984833000057,54.47541737500006],[9.997511005000035,54.46862794900005],[9.924255119000065,54.462293758000044],[9.918372624000028,54.45410763000007],[9.90190698500004,54.45093086900005],[9.866103527000064,54.448121462000074],[9.867316283000036,54.452579953000054],[9.85537006900006,54.45628316900007],[9.862454379000042,54.469649153000034],[9.876720918000046,54.47326287700008],[9.875705837000055,54.47584700600004],[9.93805599500007,54.49302031600007],[9.984867682000072,54.51248024100005],[10.027329337000026,54.55311722300007],[10.031249194000054,54.64723334000007],[10.034485216000064,54.657645036000076],[10.043211288000066,54.65956155100008],[10.033501435000062,54.66346503700004],[10.036023455000077,54.68841701800005],[9.988994157000036,54.71831522300005],[9.976905807000037,54.75683564900004],[9.957233880000047,54.77985581100006],[9.913090891000024,54.79548337300008],[9.909510391000026,54.79991989000007],[9.899697563000075,54.772790013000076],[9.906688144000043,54.76923751100003],[9.905374299000073,54.76334288800007],[9.90216166600004,54.766960647000076],[9.89305901800003,54.76771532300006],[9.894488602000024,54.77114124900004],[9.877859770000043,54.75774203600008],[9.872019719000036,54.758919381000055],[9.877556869000045,54.75537402500004],[9.874558998000055,54.75235482900007],[9.845578708000062,54.75603640600008],[9.832827543000064,54.76065846300003],[9.807767839000064,54.77908327200004],[9.792237544000045,54.79763254300008],[9.746717702000069,54.82412545100004],[9.739943922000066,54.82330923200004],[9.604633057000058,54.85459380600008],[9.628016845000047,54.87974825800006],[9.591910925000036,54.886970217000055],[9.584412758000042,54.88613705700004],[9.497587475000046,54.84107826700006],[9.463040675000059,54.831644124000036],[9.449432702000024,54.83281036300008],[9.42872032400004,54.82711004200007],[9.416479104000075,54.83343881500008],[9.41804445200006,54.83818895400003],[9.411130804000038,54.84229701600003],[9.403557078000063,54.83885960100008],[9.382680669000024,54.839201451000065],[9.374630309000054,54.83325884100003],[9.373848407000025,54.82112792700008],[9.34313325900007,54.807065641000065],[9.343610062000039,54.80024799300003],[9.329345760000024,54.805568882000046],[9.293485270000076,54.808983898000065],[9.294776513000045,54.80187260200006],[9.286091042000066,54.80447326500007],[9.284050184000023,54.809613521000074],[9.269911166000043,54.81216551400007],[9.25008113900003,54.809715280000034],[9.235755296000036,54.83110351200003],[9.244829836000065,54.843864877000044],[9.24013846400004,54.84998379500007],[9.143330469000034,54.873022638000066],[9.110216985000022,54.87391336500008],[9.090454977000036,54.87018470400005],[9.048239957000021,54.87187655300005],[9.014755683000033,54.88640606100006],[8.947938648000047,54.90256336600004],[8.892035849000024,54.90491258700007],[8.859445639000057,54.89663825100007],[8.848693929000035,54.89727825300008],[8.83700516700003,54.905463670000074],[8.824017552000043,54.90683304500004],[8.818795765000061,54.90395065100006],[8.79895986400004,54.904576199000076],[8.776343432000033,54.895498977000045],[8.77691171400005,54.89266905300008],[8.75505722400004,54.896847896000054],[8.727995926000062,54.89270671400004],[8.68034601100004,54.91049092800006],[8.660034451000058,54.90867587000008],[8.638003413000035,54.911251856000035],[8.635144637000053,54.89415174100003],[8.610285661000034,54.888390521000076],[8.51149203500006,54.884211683000046],[8.486490275000051,54.87674306800005],[8.427409498000031,54.87739915000003],[8.38063885300005,54.89201972500007],[8.366894682000066,54.90317228300006],[8.360920134000025,54.91791632300004],[8.366786280000042,54.92410594100005],[8.361940995000054,54.92415310600006],[8.359855222000022,54.93347963300005],[8.361671815000022,54.95781823300007],[8.352821841000036,54.96785703200004],[8.37990226200003,54.996776100000034],[8.440028994000045,55.015870223000036],[8.440400672000067,55.02312061300006],[8.430333562000044,55.02930500400004],[8.431298341000058,55.02535884400004],[8.427298179000047,55.03089066100006],[8.436703587000068,55.039408801000036],[8.42716514500006,55.03701089900005],[8.426277442000071,55.03280689300004],[8.40053982400002,55.034813934000056],[8.396235406000073,55.046154657000045],[8.432442066000021,55.04892415300003],[8.448226120000072,55.042350645000056],[8.464195700000062,55.04571479500004],[8.422428042000035,55.058301192000044],[8.409955339000021,55.05769437300006],[8.397556234000035,55.05326030500004],[8.383113016000038,55.03731565700008],[8.297902986000054,54.910656592000066],[8.287844336000035,54.876730147000046],[8.279429968000045,54.75138968300007],[8.297863341000038,54.740165802000035],[8.293745669000032,54.75757162500008],[8.300966751000033,54.76375757500006],[8.301762262000068,54.77303882700005],[8.292048072000057,54.785985964000076],[8.299920246000056,54.80420357300005],[8.300545803000034,54.81797478900006],[8.293482104000077,54.82567647900004],[8.29605725500005,54.84239476000005],[8.306950139000037,54.858454419000054],[8.332827444000031,54.86325774800008],[8.333228204000022,54.87281928700003],[8.34056137400006,54.88057457200006],[8.345524669000042,54.87425657000006],[8.36426338900003,54.87590802700004],[8.377918477000037,54.85859799200006],[8.41438101700004,54.84724071000005],[8.428358441000057,54.85343238300004],[8.454619767000054,54.85738347700004],[8.481743940000058,54.87210580700008],[8.510181788000068,54.88139503800005],[8.60336908000005,54.88570780900005],[8.612614359000077,54.87846776100008],[8.607761589000063,54.84105469500008],[8.644228959000031,54.81908284700006],[8.659149623000076,54.79540663200004],[8.681218699000055,54.79048050100005],[8.68470994200004,54.792811535000055],[8.701673877000076,54.77368829100004],[8.697388645000046,54.76035581700006],[8.715450891000046,54.737715954000066],[8.686209753000071,54.73034082300006],[8.695739744000036,54.72448758100006],[8.71947448800006,54.72572554900006],[8.741094062000059,54.71636768400003],[8.751576814000032,54.699001260000045],[8.752831639000021,54.68125403700003],[8.780381513000066,54.66613006800003],[8.831946659000039,54.652591063000045],[8.84653060900007,54.62546359400005],[8.885821819000057,54.60893968500005],[8.892967770000041,54.596776876000035],[8.868609356000036,54.56180937700003],[8.877890404000027,54.54546322500005],[8.871453105000057,54.528293018000056],[8.835693843000058,54.50774837400007],[8.813671868000029,54.50399764200006],[8.80643703000004,54.49834154400003],[8.809259927000028,54.49017420300004],[8.81924676500006,54.48651580500007],[8.807015454000066,54.47015896100004],[8.84177223000006,54.46061572000008],[8.893399380000062,54.460575590000076],[8.915990931000067,54.470573270000045],[8.931127415000049,54.491775035000046],[8.948146275000056,54.50006239700008],[8.945454494000046,54.51242554500004],[8.983598917000052,54.524046302000045],[8.990937909000024,54.52287774000007],[8.990720950000025,54.51082970400006],[9.003567940000039,54.50243102700006],[9.015607438000075,54.48431464300006],[9.003379980000034,54.47924210000008],[9.01896341400004,54.47474566100004],[9.004987691000053,54.473735290000036],[9.002396125000075,54.463668452000036],[8.958947426000066,54.45386011100004],[8.94758562000004,54.438903881000044],[8.931519465000065,54.43308120100005],[8.911435658000073,54.41773572000005],[8.871238878000042,54.404807117000075],[8.855788417000042,54.40253076400006],[8.832181835000029,54.40867514400003],[8.809687413000063,54.40946128300004],[8.74162153800006,54.398750964000044],[8.699245744000052,54.396655715000065],[8.672551198000065,54.39964915000007],[8.652767804000064,54.38951149300004],[8.649061677000077,54.379753993000065],[8.65777952700006,54.37428107100004],[8.691042180000068,54.373076223000055],[8.69149027900005,54.35562992100006],[8.659083765000048,54.34696743300003],[8.653717680000057,54.34898896900006],[8.646437346000027,54.345198690000075],[8.652766172000042,54.34290170200006],[8.644000456000072,54.33792542400005],[8.634164154000075,54.337340305000055],[8.622157058000028,54.34296655600008],[8.601383149000071,54.33907126400004],[8.606375203000027,54.32903066800003],[8.60592973000007,54.32588939000004],[8.599952581000025,54.32899971100005],[8.599642320000044,54.32152662100003],[8.608311385000036,54.30878820100003],[8.629706303000034,54.30221581700005],[8.651141577000033,54.28683630100005],[8.674358497000071,54.27875980600004],[8.689111656000023,54.27861869600008],[8.705243064000058,54.28687741200008],[8.706469570000024,54.29314536800007],[8.72272341400003,54.28872127500006],[8.74100954000005,54.29356412700008],[8.748387769000033,54.28912249800004],[8.768692846000022,54.28856750300008],[8.77031824100004,54.28240056200008],[8.781259930000033,54.28082077100004],[8.82134850400007,54.29127724300008],[8.832613601000048,54.287791466000044],[8.841787401000033,54.27845511800007],[8.840522003000046,54.266775093000035],[8.844811521000054,54.26564885800008],[8.83117114700002,54.23672275900003],[8.839978681000048,54.23288205600005],[8.833730337000077,54.214462301000026],[8.819725246000075,54.20656894900003],[8.809688951000055,54.19101197500004],[8.807375806000039,54.175608854000075],[8.81677331000003,54.16774994600007],[8.827089917000023,54.143617593000045],[8.838163209000072,54.13236131300005],[8.855582642000059,54.12762431200008],[8.857865501000049,54.11919257900007],[8.892973765000022,54.13323559200006],[8.908587586000067,54.13514216500005],[8.925278418000062,54.13247746600007],[8.947816156000044,54.09114569700006],[8.976614874000063,54.07122838600003],[8.958706163000045,54.066188702000034],[8.95866034200003,54.06339300900004],[8.985125080000046,54.06098666400004],[8.979020424000055,54.04282146400004],[8.958582680000063,54.03400004900004],[8.957457274000035,54.03710890200006],[8.94018546600006,54.03456503600006],[8.927045547000034,54.04164557900003],[8.881443237000042,54.04605222500004],[8.847711338000067,54.03982375700008],[8.836404790000074,54.02834028500007],[8.804773174000047,54.023438801000054],[8.832591824000076,54.02392941000005],[8.856099942000071,53.994701758000076],[8.866032182000026,53.99089717800007],[8.870146981000062,53.98335599300003],[8.878041783000072,53.98362529600007],[8.877715563000038,53.97321903400007],[8.914904897000042,53.92489909600005],[8.970260419000056,53.89219622000007],[9.019934025000055,53.88994309600008],[9.022420177000072,53.87951753800007],[9.052357136000069,53.88122210200004],[9.142556440000021,53.877508238000075],[9.199751243000037,53.88010436800005],[9.249961151000036,53.87513097800007],[9.272732767000036,53.86766263100003],[9.319524176000073,53.85083552700007],[9.367622174000076,53.808589305000055],[9.422587090000036,53.740667546000054],[9.502180848000023,53.69680511300004],[9.527800309000042,53.662936727000044],[9.536833665000074,53.63057099000008],[9.550629934000028,53.61601357400008],[9.675759963000075,53.56468869500003],[9.730104055000027,53.55758091300004],[9.736960313000054,53.57738982400008],[9.742487476000065,53.57820562300003],[9.736263387000065,53.581851577000066],[9.747260483000048,53.59177458800008],[9.743435992000059,53.597576176000075],[9.748433153000065,53.60389675400006],[9.755617617000041,53.60252945000008],[9.759101186000066,53.610925128000076],[9.753535448000036,53.61299431600003],[9.763672583000073,53.62749506100005],[9.770293990000027,53.62746241600007],[9.770633504000045,53.616229942000075],[9.798122740000053,53.60751630900006],[9.789554408000072,53.60397247000003],[9.797515592000025,53.59610090500007],[9.816157304000058,53.58621990600005],[9.828781928000069,53.58529056900005],[9.836707190000027,53.58753018700003],[9.839670070000068,53.59481137000006],[9.858104137000055,53.59959068300003],[9.87914721900006,53.61980798900004],[9.889685197000063,53.62232685500004],[9.885079826000037,53.623521691000064],[9.904691425000067,53.641795116000026],[9.905366421000053,53.652194336000036],[9.920810423000034,53.65546630800003],[9.985599002000072,53.64723457600007],[9.990516424000077,53.650902905000066],[9.992418631000021,53.675925144000075],[9.998695506000047,53.68146746100007],[10.04077872800002,53.68199004100006],[10.05045629600005,53.67694010000008],[10.069265382000026,53.67945056100007],[10.067134557000031,53.68597580000005],[10.060669695000058,53.68839732500004],[10.07750478500003,53.69974887800004],[10.079097455000067,53.704156787000045],[10.069628136000063,53.70624463900003],[10.073566465000056,53.70922318000004],[10.069518985000059,53.71116783200006],[10.080016639000064,53.71406094400004],[10.076339391000033,53.71529728400003],[10.08184213800007,53.720419993000064],[10.121056101000022,53.71339516900008],[10.126388390000045,53.71963000100004],[10.139942914000073,53.72568234100004],[10.144984004000037,53.724767565000036],[10.161501516000044,53.73335725000004],[10.162874103000036,53.73808674500003],[10.168237438000062,53.73823597300003],[10.193670979000046,53.73101511700003],[10.19163750000007,53.72289717500007],[10.181587984000032,53.70919738300006],[10.173853574000077,53.71279697600005],[10.157523259000072,53.70502906300004],[10.15945487700003,53.690818868000065],[10.141212387000053,53.678152745000034],[10.143246259000023,53.67556200100006],[10.154124134000028,53.67583545200006],[10.160377262000054,53.67149510100006],[10.155970535000051,53.66950241700005],[10.172485433000077,53.66900296700004],[10.173865453000076,53.66452313900004],[10.182902769000066,53.663737972000035],[10.187431442000047,53.65652722400006],[10.19605638400003,53.65470393000004],[10.198619191000034,53.64643618400004],[10.189664917000073,53.63838061000007],[10.221761274000073,53.63372253500006],[10.215893418000064,53.631341313000064],[10.217324273000031,53.62612245400004],[10.20541890100003,53.62371862200007],[10.188952193000034,53.61301421700006],[10.19675434000004,53.600400181000055],[10.191658336000046,53.59567912300008],[10.201449729000046,53.58407587200003],[10.165305411000077,53.58234944800006],[10.161722831000077,53.58569873700003],[10.152557987000023,53.57790073600006],[10.148368142000038,53.56397487600003],[10.16053874000005,53.55768295900003],[10.152881081000032,53.550529131000076],[10.152582687000063,53.53979280100003],[10.155571691000034,53.53645752700004],[10.166903383000033,53.53731852100003],[10.161700336000024,53.52593843400007],[10.16464303600003,53.51993916500004],[10.18970898200007,53.51263100800003],[10.210601309000026,53.52004653900008],[10.223945169000046,53.50577115600004],[10.218607039000062,53.49905535600004],[10.226059606000035,53.49545965100003],[10.236678548000043,53.49635445500007],[10.238366621000068,53.48326411100004],[10.264325919000044,53.47513969100004],[10.265197815000022,53.46983934300005],[10.272551314000054,53.46794829600003],[10.269290109000053,53.464108863000035],[10.297844033000047,53.451591636000046],[10.301645689000054,53.44319530200005],[10.307983819000071,53.44290878700008],[10.31164618300005,53.452323455000055],[10.325959158000046,53.44963954000008],[10.315487985000061,53.44108748600007],[10.31819026100004,53.435330512000064],[10.307954146000043,53.433201104000034]]]]},"properties":{"shapeName":"Schleswig-Holstein","shapeISO":"","shapeID":"9070358B46069870964378","shapeGroup":"DEU","shapeType":"ADM2"}},
{"type":"Feature","geometry":{"type":"Polygon","coordinates":[[[11.919322860000023,50.42472776500006],[11.927800470000022,50.43251523600003],[11.90815516300006,50.43658190800005],[11.899640957000031,50.435247539000045],[11.88850946100007,50.443605914000045],[11.894706067000072,50.44405482800005],[11.894996787000025,50.44945794900008],[11.904939531000025,50.45437661500006],[11.919033658000046,50.45432079200003],[11.920343521000063,50.460052146000066],[11.92765965500007,50.45924737100006],[11.931895132000022,50.46422276800007],[11.936293143000057,50.45908288000004],[11.950797996000063,50.454068979000056],[11.942791293000028,50.459577341000056],[11.948392802000058,50.46536023900006],[11.943664397000077,50.46444812400006],[11.943996427000059,50.47110566100008],[11.937693008000053,50.47169194500003],[11.94648944200003,50.479360514000064],[11.959231113000044,50.47867460200007],[11.964228503000072,50.48696260200006],[11.943813274000036,50.505614784000045],[11.939936731000046,50.502990476000036],[11.933976413000039,50.50603453800005],[11.93293170000004,50.52125632700006],[11.92525127500005,50.52631910300005],[11.918915883000068,50.52238673900007],[11.915851091000036,50.52451804300006],[11.91846047000007,50.51698060000007],[11.888217853000071,50.516678642000045],[11.871462575000066,50.53982274100008],[11.885209239000062,50.55194169100008],[11.913927193000063,50.55506544100007],[11.917706766000038,50.560663272000056],[11.92046212200006,50.55555380700008],[11.92601067000004,50.556844271000045],[11.923149416000058,50.56077627600007],[11.933676233000028,50.568524970000055],[11.923565976000077,50.58570803400005],[11.949715470000058,50.59389746100004],[11.959965122000028,50.604454677000035],[11.966204867000044,50.59982563300008],[11.986749820000057,50.60948484900007],[11.979268787000024,50.621410179000065],[11.998724671000048,50.627135631000044],[12.003378558000065,50.63018900900005],[12.000886492000063,50.63321821800008],[12.010397048000073,50.63546120900003],[12.022117527000034,50.62553982400004],[12.005481904000021,50.61201867900007],[12.020970314000067,50.59855293800007],[12.031294676000073,50.59820714300008],[12.036137609000036,50.59394988200006],[12.031068848000075,50.584230724000065],[12.035634272000038,50.581365359000074],[12.01753547800007,50.56784079200003],[12.030989895000062,50.55777623600005],[12.030271920000075,50.54939778800008],[12.04121617800007,50.55353817800005],[12.052068203000033,50.55096098400003],[12.076643574000059,50.55800753500006],[12.074673282000049,50.56683055800005],[12.07914078400006,50.56925903300004],[12.078117392000024,50.57658969700003],[12.083594331000029,50.57856674000004],[12.10151776400005,50.578940388000035],[12.115772821000064,50.56694834800004],[12.122792037000067,50.56753566500004],[12.127654066000048,50.57412899600007],[12.156024277000029,50.573491527000044],[12.16067385100007,50.580052745000046],[12.156092178000051,50.58557908600005],[12.135191116000044,50.58213369100008],[12.126369927000042,50.58400131500008],[12.132649087000061,50.58774168100007],[12.124724023000056,50.58442452500003],[12.110150855000029,50.58872004300008],[12.114901490000022,50.59698174700003],[12.147222145000057,50.60609792100007],[12.15082609700005,50.61560216700008],[12.146427260000053,50.62597887800007],[12.153639990000045,50.63050499600007],[12.17044187600004,50.629234702000076],[12.178135353000073,50.61864891600004],[12.174721625000075,50.61451388200004],[12.18276647500005,50.612110603000076],[12.190751569000042,50.61442330500006],[12.188191104000055,50.62311895400006],[12.199690157000077,50.63293187700003],[12.198197471000071,50.64131481100003],[12.207544906000066,50.63993512700006],[12.21675880500004,50.631464624000046],[12.226448313000049,50.62983529100006],[12.230825129000038,50.63263186000006],[12.23281227800004,50.627067029000045],[12.24464174700006,50.633304474000056],[12.265518391000057,50.63079334400004],[12.264286262000041,50.64338544100008],[12.281318077000037,50.64455306900004],[12.279692681000029,50.64777834100005],[12.298894859000029,50.65168210200005],[12.303543697000066,50.66225610500004],[12.317717793000043,50.663364201000036],[12.314454529000045,50.67141739300007],[12.322048412000072,50.68143383700004],[12.314810650000027,50.685244468000064],[12.308537018000038,50.68260884500006],[12.296887841000057,50.686543448000066],[12.274761805000026,50.68611728500008],[12.262762318000057,50.695276464000074],[12.264900657000055,50.703699234000055],[12.253382117000058,50.71570452800006],[12.27335318200005,50.729573938000044],[12.264756658000067,50.73754688900004],[12.237913784000057,50.73302578100004],[12.226984634000075,50.73821847800008],[12.228688049000027,50.757452787000034],[12.240689735000046,50.767240127000036],[12.26392092900005,50.76045602700003],[12.284049706000076,50.77346767100005],[12.290160812000067,50.78342709200007],[12.287644353000076,50.78964332700008],[12.253153657000041,50.78883476500005],[12.253483552000034,50.79950899600004],[12.242835374000038,50.809060457000044],[12.250495312000055,50.81853755600008],[12.259758066000074,50.81145106300005],[12.27503549100004,50.81363880400005],[12.272659461000046,50.81638980300005],[12.276981908000039,50.81785963300007],[12.279862919000038,50.80970437800005],[12.286074760000076,50.81187393400006],[12.289715312000055,50.82396523700004],[12.295668693000039,50.81690079500004],[12.302356116000055,50.817197184000065],[12.29858355600004,50.82990022100006],[12.306948010000042,50.81876300300007],[12.347576712000034,50.82363150900005],[12.348316870000076,50.83753494100006],[12.374856030000046,50.848825746000045],[12.374132737000025,50.85324923200005],[12.378388545000064,50.85371150200007],[12.377031701000021,50.849047787000075],[12.402949551000063,50.84922606500004],[12.407283234000033,50.85697638800008],[12.412985022000044,50.856873008000036],[12.418055649000053,50.85540733700003],[12.411585513000034,50.84738245600005],[12.420206496000048,50.83958970800006],[12.42932759200005,50.84416132000007],[12.442501815000071,50.84402739500007],[12.441127220000055,50.849394551000046],[12.448249614000076,50.85616979300005],[12.44415211300003,50.862583924000035],[12.448356980000028,50.86744833500006],[12.46402553300004,50.87012522300006],[12.459254289000057,50.88044858400008],[12.482190589000027,50.888676341000064],[12.486666046000039,50.89389698000008],[12.511120450000021,50.89409887100004],[12.507862731000046,50.90372903700006],[12.521322395000027,50.90759852700006],[12.525261426000043,50.902655639000045],[12.538191159000064,50.90068640800007],[12.560227496000039,50.906137270000045],[12.573426149000056,50.90107806200007],[12.614800868000032,50.90480507600006],[12.620061669000052,50.90938146600007],[12.640121045000058,50.90307378300008],[12.64127441100004,50.911423752000076],[12.654115090000062,50.919062739000026],[12.652865740000038,50.923677903000055],[12.641662611000072,50.928807094000035],[12.64223282200004,50.93316777800004],[12.637630069000068,50.93310286700006],[12.631443610000076,50.94014733900008],[12.624357315000054,50.93970986800008],[12.630112749000034,50.94250303200005],[12.61735475100005,50.980792835000045],[12.607310702000063,50.99082004400003],[12.607533974000035,50.99673176500005],[12.581021526000029,50.989235078000036],[12.583807026000045,50.98183293800008],[12.555758809000054,50.99748550600003],[12.528349485000035,50.998280331000046],[12.526451554000062,51.00148548100003],[12.540180376000023,51.005732583000054],[12.534771484000032,51.01562932000007],[12.538852058000032,51.02425203800004],[12.518903840000064,51.02286481400006],[12.518156394000073,51.02734923100007],[12.514368602000047,51.026876608000066],[12.51633278600002,51.01821992300006],[12.507388166000055,51.017275890000064],[12.512451518000034,51.026419074000046],[12.50289394500004,51.03489968100007],[12.501925594000056,51.051725859000044],[12.50857594200005,51.053062827000076],[12.504459791000045,51.06079102100006],[12.496357871000043,51.06624660800003],[12.469467689000055,51.06421745600005],[12.467989081000042,51.06784308400006],[12.462914729000033,51.06689980300007],[12.458382880000045,51.084550712000066],[12.453097610000043,51.083461449000026],[12.450744659000065,51.07730576800003],[12.420975531000067,51.078142514000035],[12.410448216000077,51.07285482000003],[12.392957993000039,51.08411550200003],[12.372409340000047,51.07747447400004],[12.353617564000047,51.08460672900003],[12.356580071000053,51.094342821000055],[12.331598674000077,51.10378250500003],[12.318470379000075,51.09382665700008],[12.307434948000036,51.09451103200007],[12.304828431000033,51.09748448500005],[12.290750421000041,51.09098485000004],[12.283547042000066,51.091923992000034],[12.288279375000059,51.08824243400005],[12.27320779300004,51.075059639000074],[12.26559684600005,51.076984320000065],[12.269307430000026,51.07181233100005],[12.258492624000041,51.06614388000003],[12.262206675000073,51.04961074900007],[12.250460368000063,51.044466939000074],[12.250268436000056,51.03787289100006],[12.273056530000076,51.04063358900004],[12.28704538900007,51.037639041000034],[12.289483103000066,51.03045015200007],[12.293914550000068,51.03132995400006],[12.291747857000075,51.01869953700003],[12.282508514000028,51.011697420000075],[12.283517938000045,51.006435975000045],[12.277894761000027,51.005797406000056],[12.262185232000036,50.98916120000007],[12.239891998000076,50.97567999300003],[12.232348815000023,50.961353392000035],[12.241670526000064,50.96151375000005],[12.238717456000074,50.95152809900003],[12.21458012100004,50.93803207800005],[12.213818569000068,50.95843608900003],[12.19797939700004,50.95678387500004],[12.182508063000057,50.97586604600008],[12.163207827000065,50.966485230000046],[12.163529547000053,50.95859978000004],[12.150049823000074,50.96415095700007],[12.132133920000058,50.96126262900003],[12.134986527000024,50.96497545700004],[12.09215763900005,50.97653048800004],[12.055356754000059,50.968613349000066],[12.037484825000035,50.97293644400003],[12.01412639800003,50.968670856000074],[12.010659468000028,50.97469144100006],[12.01718818200004,50.97906123400003],[12.014309772000047,50.98390433700007],[12.008665205000057,50.983941591000075],[12.006571244000042,50.991024147000076],[11.999335898000027,50.98863369600008],[11.996501891000037,50.99316077700007],[11.97423776900007,50.99032192700008],[11.969873133000021,50.994327733000034],[11.968528754000033,50.99915925700003],[11.975773857000036,50.99916670400006],[11.978643929000043,51.003696124000044],[11.977137233000064,51.01645489900005],[11.958312808000073,51.02103862700005],[11.943066187000056,51.03244116400003],[11.921462605000045,51.026293922000036],[11.911895627000035,51.02817928800005],[11.915390047000074,51.03793685900007],[11.910866916000032,51.04501989900007],[11.897452763000047,51.04529540100003],[11.888807362000023,51.05584043500005],[11.87473792700007,51.05706189600005],[11.863095834000035,51.05114563300003],[11.860261347000062,51.05476396300003],[11.803893556000048,51.04721079700005],[11.774634278000065,51.05315736700004],[11.772094097000036,51.045007542000064],[11.759689951000041,51.04285785600007],[11.759753677000049,51.04777583900005],[11.746197108000047,51.05195437200007],[11.753250387000037,51.05698852300003],[11.732299863000037,51.068417156000066],[11.723523387000057,51.06799511600008],[11.721168154000054,51.07101981300008],[11.700810414000046,51.069402566000065],[11.697597752000036,51.08424468800007],[11.70158187100003,51.08582347500004],[11.693398985000044,51.09262028300003],[11.692382465000037,51.09985159900003],[11.672439706000034,51.10290187900006],[11.66695005400004,51.11078547800008],[11.647079650000023,51.10730198300007],[11.638240031000066,51.11112278300004],[11.624355611000055,51.10448152600003],[11.62021201400006,51.09744866300008],[11.616151625000043,51.097964457000046],[11.620043674000044,51.10466693300003],[11.607503406000035,51.111607235000065],[11.571659895000039,51.11936512500006],[11.558240956000077,51.10895127400005],[11.547819652000044,51.11170217500006],[11.545642779000048,51.10245036800006],[11.512077531000045,51.107973997000045],[11.510594122000043,51.10297378200005],[11.48521893700007,51.10253352700005],[11.483823598000072,51.108179419000066],[11.46336178200005,51.11276038200003],[11.465453882000077,51.12738206600005],[11.451004307000062,51.146670132000054],[11.47192917600006,51.148183576000065],[11.47928467500003,51.158778323000035],[11.472560400000077,51.16091996000006],[11.47494769900004,51.16582634000008],[11.485260144000051,51.16559279300003],[11.48554832800005,51.168017348000035],[11.470817624000063,51.16983847700004],[11.468567729000029,51.19265410600008],[11.45583663800005,51.195377187000076],[11.452402961000075,51.192477490000044],[11.446045122000044,51.20814376700008],[11.43094860900004,51.21247579900006],[11.405330237000044,51.207397728000046],[11.40588754600003,51.20270284600008],[11.399198874000035,51.206380540000055],[11.391420064000044,51.20353330000006],[11.38982494000004,51.21751519400004],[11.364832643000057,51.221359162000056],[11.384567127000025,51.24564122700008],[11.400613031000034,51.24290962200007],[11.397795324000072,51.23673771600005],[11.412632300000041,51.24106203300005],[11.42180587300004,51.253236161000075],[11.429290882000032,51.25467966100007],[11.439522338000074,51.26337866000006],[11.437030881000055,51.26865453200003],[11.441744507000067,51.27331358200007],[11.446777526000062,51.27112257300007],[11.456112364000035,51.27720127600003],[11.452325168000073,51.27998541800008],[11.459877390000031,51.29405030400005],[11.46778506000004,51.28838686200004],[11.475225978000026,51.29805427700006],[11.449778953000077,51.31378352400003],[11.445994290000044,51.311960578000026],[11.447413766000068,51.31606106600003],[11.434235478000062,51.32042263300008],[11.42805392300005,51.32791273300006],[11.413594723000074,51.333127825000076],[11.426296569000044,51.33622242200005],[11.428814556000077,51.34282857800008],[11.408992133000027,51.340082702000075],[11.39943721800006,51.34483615600004],[11.389836467000066,51.367986821000045],[11.397613462000038,51.37714839900008],[11.393250188000025,51.383904449000056],[11.378316571000028,51.387238108000076],[11.370121419000043,51.385084463000055],[11.368404611000074,51.387779641000066],[11.361739452000052,51.38305688400004],[11.357425840000076,51.389774603000035],[11.347668132000024,51.384557028000074],[11.340542092000021,51.39241765100007],[11.330795693000027,51.39026639000008],[11.321259842000075,51.41037234700008],[11.28497513800005,51.40220792400004],[11.275246030000062,51.40484346100004],[11.274318773000061,51.400754524000035],[11.25276886100005,51.400653153000064],[11.24850616200007,51.395132827000054],[11.244122912000023,51.39695478400006],[11.247897158000058,51.405420562000074],[11.230167351000034,51.405742607000036],[11.223882996000043,51.41318615300003],[11.209537548000071,51.41174291200008],[11.20772362200006,51.40666908700007],[11.196856632000049,51.40803211900004],[11.192411165000067,51.402875290000054],[11.176887946000022,51.40630791700005],[11.152934181000035,51.40164432500006],[11.141754602000049,51.40263265400006],[11.125661259000026,51.40811765900003],[11.127572764000035,51.41325379700004],[11.116392161000022,51.41100069600003],[11.116555711000046,51.41568730400007],[11.101996259000032,51.41690536700003],[11.103465973000027,51.419255056000054],[11.095204219000038,51.41897594100004],[11.061390455000037,51.42979197400007],[11.046041149000075,51.42627015800008],[11.049852428000065,51.420196530000055],[11.04022967000003,51.42459186100007],[11.018749640000067,51.41705282200007],[10.992033080000056,51.41785321300006],[11.010663972000032,51.42531503200007],[11.007920436000063,51.42926892100007],[10.978113226000062,51.42688508100008],[10.979680170000051,51.43192371200007],[10.966733926000074,51.43235320700006],[10.97270295800007,51.45366602900003],[10.968290790000026,51.45441900900005],[10.969701831000066,51.45893546600007],[10.962994035000065,51.46038686300005],[10.960817206000058,51.47122492700004],[10.97294365700003,51.48196093200005],[10.952076348000048,51.495417718000056],[10.948649094000075,51.50162955600007],[10.946634321000033,51.499010173000045],[10.939721084000041,51.50072556500004],[10.945086716000048,51.50618958300004],[10.936240609000038,51.511515201000066],[10.933751617000041,51.519219863000046],[10.927335260000063,51.52085370200007],[10.932850378000069,51.52151732200008],[10.935151294000036,51.53322199000007],[10.939754083000025,51.53560431400007],[10.947838951000051,51.53334586200003],[10.947971842000072,51.53757287900004],[10.916548649000049,51.54745703900005],[10.91116190200006,51.555431146000046],[10.904473143000075,51.54964138300005],[10.900496028000077,51.55065470000005],[10.895150138000076,51.55767092900004],[10.90024971400004,51.56442340800004],[10.893071899000063,51.57651765300005],[10.882051629000046,51.580508087000055],[10.894476282000028,51.60183290300006],[10.903331296000033,51.59382821600008],[10.930538151000064,51.59168093400007],[10.937063688000023,51.60348729100008],[10.914091359000054,51.61016346200006],[10.922012575000053,51.618447435000064],[10.901525108000044,51.61187218600003],[10.886600561000023,51.61211090900008],[10.85861525100006,51.63289977000005],[10.833734255000024,51.63068760800007],[10.822567512000035,51.62353957400006],[10.818215835000046,51.639026433000026],[10.785421223000071,51.64187959600008],[10.764511214000038,51.64900827500003],[10.749365655000076,51.64033430200004],[10.737087376000034,51.64507247600005],[10.709115289000067,51.64069881700004],[10.701371992000077,51.642187644000046],[10.69868531000003,51.63948433200005],[10.677282757000057,51.63837586000005],[10.675842715000044,51.63321156300003],[10.682480919000056,51.62891703300005],[10.66715014700003,51.62836845500004],[10.638209992000043,51.61943703600008],[10.64900050700004,51.60651421500006],[10.633496085000047,51.60790292200005],[10.638674695000077,51.58411696600007],[10.666306959000053,51.578098684000054],[10.65679616600005,51.558301647000064],[10.644767149000074,51.56001727700004],[10.645524042000034,51.562778311000045],[10.636525145000064,51.56222650500007],[10.621637070000077,51.57577402100003],[10.60426426400005,51.57957531100004],[10.587912280000069,51.56758557400008],[10.569985101000043,51.56334159800008],[10.560269030000029,51.55706798800003],[10.545460228000024,51.55573416000004],[10.534052417000055,51.559358538000026],[10.51897376100004,51.55376345500008],[10.509581470000057,51.55679233700005],[10.49569585100005,51.57278824600007],[10.46703937500007,51.58338076600006],[10.450973715000032,51.58402631600006],[10.444382462000021,51.589656210000044],[10.42919998900004,51.592532980000044],[10.406303452000031,51.58650028900007],[10.370023394000043,51.58753647800006],[10.378791030000059,51.57938137000008],[10.37899856000007,51.568572698000025],[10.378624329000047,51.56270666700004],[10.365365040000029,51.55589099400004],[10.37218497400005,51.55299273700007],[10.36766403300004,51.54303646400007],[10.348125353000057,51.532173399000044],[10.342275478000033,51.51949714700004],[10.318031301000076,51.513977914000066],[10.308817636000072,51.51513978300005],[10.299850418000062,51.50495074300005],[10.29966982600007,51.493896094000036],[10.284429336000073,51.494440474000044],[10.273233167000058,51.49139163900003],[10.272759015000076,51.48822097500005],[10.244677551000052,51.48373508600008],[10.233173013000055,51.470846384000026],[10.226711304000048,51.473811470000044],[10.216946043000064,51.47007501300004],[10.218201975000056,51.478539640000065],[10.201975121000032,51.48651977000003],[10.178251590000059,51.47001635500004],[10.186011892000067,51.46217418900005],[10.177202022000074,51.45743607600008],[10.180194512000071,51.455788847000065],[10.174306043000058,51.44625609900004],[10.158805836000056,51.44675490600008],[10.155819131000044,51.44361944900004],[10.152150065000058,51.44714439000006],[10.140004545000068,51.44261411700006],[10.140460565000069,51.43774360300006],[10.152939908000064,51.43025975900008],[10.140393810000035,51.429718251000054],[10.131754966000074,51.43553045300007],[10.12110509400003,51.434156690000066],[10.116933377000066,51.43022978000005],[10.090837988000033,51.43565495000007],[10.08010799300007,51.43456023500005],[10.079582877000064,51.42530609100004],[10.069108089000053,51.41843830500005],[10.064526483000066,51.41982112100004],[10.058782046000033,51.43489253100006],[10.046802958000058,51.43667335500004],[10.05144247100003,51.43032135700008],[10.042839761000039,51.42756567500004],[10.037843720000069,51.420004938000034],[10.009328775000029,51.420603553000035],[10.000375476000045,51.40365515500008],[9.994024725000031,51.403885082000045],[9.987396261000072,51.39792255800006],[9.965943386000049,51.39547685400004],[9.94199842200004,51.37842853300003],[9.928338772000075,51.37529875400003],[9.923293275000049,51.368043123000064],[9.925469058000033,51.35379334500004],[9.932820923000065,51.34603756200005],[9.92993655400005,51.33996850800003],[9.943447818000038,51.33450909000004],[9.949172505000035,51.31820623200008],[9.939356592000024,51.30740986400008],[9.946287570000038,51.30311101900003],[9.959743680000031,51.30491187600006],[9.969853098000044,51.30027113800003],[9.976423861000058,51.29120400800008],[9.971981130000074,51.284895505000065],[9.983447832000024,51.28333608100007],[10.00433131400007,51.286983013000054],[10.029987333000065,51.27788164800006],[10.053717720000066,51.27900006300007],[10.06012368200004,51.27366196000003],[10.057451669000045,51.26765633600007],[10.046554100000037,51.264500971000075],[10.050116537000065,51.25871576600008],[10.046969081000043,51.25342573700004],[10.061875405000023,51.25256145800006],[10.06905884500003,51.24376114000006],[10.078995134000024,51.24278092800006],[10.070795869000051,51.23805426800004],[10.068673434000061,51.22656282200006],[10.076433562000034,51.22373451700008],[10.090282690000038,51.22666898800003],[10.09351328200006,51.22145261700007],[10.106339004000063,51.221606594000036],[10.113171818000069,51.215206067000054],[10.138401765000026,51.22013527300004],[10.145397771000034,51.21807903300004],[10.143800396000074,51.21287513200008],[10.149790732000042,51.20618932700006],[10.168444936000071,51.21218991300003],[10.187748389000035,51.20423078300007],[10.197013747000028,51.192057358000056],[10.220191519000025,51.18574480800004],[10.235776989000044,51.186695162000035],[10.229845756000032,51.17491232000003],[10.207323427000063,51.16491704800006],[10.207756863000043,51.15476634000004],[10.200378268000065,51.14993066200003],[10.210689708000075,51.14247222500006],[10.203787546000058,51.135655099000076],[10.210717394000028,51.122905272000025],[10.19995902200003,51.11297207700005],[10.189454815000033,51.116767217000074],[10.189621329000033,51.12197839500004],[10.179214909000052,51.12764725900007],[10.178483116000052,51.13076149200003],[10.185236022000026,51.13249386900003],[10.184904857000049,51.14112006800008],[10.177453643000035,51.141671074000044],[10.168738649000034,51.15326772100008],[10.146597291000035,51.14455277700006],[10.125725420000038,51.14633573300006],[10.127827413000034,51.14376043300007],[10.118321564000041,51.13957300700008],[10.130822428000045,51.135191305000035],[10.139985039000067,51.12470736600005],[10.146230382000056,51.12578691200008],[10.153791597000065,51.11845872400005],[10.174630972000045,51.11686746000004],[10.17548755200005,51.10690542200007],[10.160415360000059,51.108050225000056],[10.165679543000067,51.09949991600007],[10.144694665000031,51.084814049000045],[10.155188292000048,51.070419266000044],[10.144259386000044,51.06600225900007],[10.147021790000053,51.06140396300003],[10.140590157000076,51.05849138900004],[10.17107259200003,51.04918279800006],[10.184671379000065,51.04903236200005],[10.184765452000022,51.04569457000008],[10.198846624000055,51.040090389000056],[10.202925522000044,51.03160727300008],[10.215185735000034,51.02641935100007],[10.208555508000074,51.01897107800005],[10.195368850000023,51.020938959000034],[10.192621926000072,51.01853212300006],[10.201211728000033,51.01389803700005],[10.202904887000045,51.00810588000007],[10.19078575900005,50.999067886000034],[10.171039886000074,50.996218905000035],[10.173277073000065,51.000053765000075],[10.16908168200007,51.001929680000046],[10.165844440000058,50.99746046000007],[10.14688003200007,50.99382352400005],[10.131562780000024,50.996897567000076],[10.127376258000027,51.00147880700007],[10.133082409000053,51.00481911400004],[10.12084283400003,51.01170074100003],[10.108295654000074,51.009224595000035],[10.103483888000028,51.00336718500006],[10.073507813000049,51.01136619600004],[10.065666270000065,51.009415227000034],[10.053636938000068,51.01315428500004],[10.036400428000036,51.01237619600005],[10.027674672000046,51.00645675000004],[10.019470217000048,50.98070807900007],[10.040949144000024,50.96752640500006],[10.03216132700004,50.95963537200004],[10.042036762000066,50.957234269000026],[10.043049216000043,50.94848191300008],[10.047868770000036,50.94611886700005],[10.061191723000036,50.94797274700005],[10.062345939000068,50.943783547000066],[10.053615661000038,50.93977888400008],[10.029439221000075,50.93811304600007],[10.024900854000066,50.94375136300005],[10.013556755000025,50.93473513400005],[10.003379585000062,50.94063232700006],[9.999285362000023,50.936643881000066],[9.991005864000044,50.94356607100008],[9.991560889000027,50.940896562000034],[9.982086112000047,50.93905501800003],[9.975073802000054,50.943423024000026],[9.950086587000044,50.94225025600008],[9.956555895000065,50.93366159200008],[9.949685258000045,50.926507506000064],[9.95714401500004,50.92260019200006],[9.966067717000044,50.92875499500008],[9.965560177000043,50.93358061500004],[9.974855570000045,50.93172111300004],[9.991996475000064,50.93451451100003],[9.981892451000022,50.91994769000007],[9.969632277000073,50.91348754100005],[9.971463749000065,50.907410938000055],[9.984491572000024,50.90699344600006],[10.00366394300005,50.921550996000065],[10.015635922000058,50.92062395100004],[10.024850711000056,50.91179925700004],[10.035030259000052,50.91002287200007],[10.040697144000035,50.901534378000065],[10.050909099000023,50.900088881000045],[10.041952475000073,50.89334041600006],[10.047868141000038,50.88884988500007],[10.052460867000036,50.89260881300004],[10.058444784000073,50.89017533500004],[10.059803704000046,50.88539256400003],[10.05598100100002,50.879771625000046],[10.021893143000057,50.86448629900008],[10.021928583000033,50.84785663400004],[10.038620257000048,50.85311491200008],[10.037751703000026,50.84529540400007],[10.026806725000029,50.84128333400008],[10.028488149000054,50.83580828200007],[10.023054524000031,50.83163142600006],[10.006836287000056,50.83768212900003],[9.998018976000026,50.82650514100004],[9.976816409000037,50.83327295300006],[9.952252803000022,50.821374509000066],[9.950233876000027,50.815180834000046],[9.95641742500004,50.816051326000036],[9.956677090000028,50.80961912300006],[9.943569871000022,50.79769790800003],[9.955134946000044,50.78555029700004],[9.949779876000036,50.780379753000034],[9.95409208600006,50.77935638500003],[9.952133926000045,50.77329162500007],[9.943318114000022,50.77123412600008],[9.94874961000005,50.77869227000008],[9.937153677000026,50.77410166700008],[9.928430938000076,50.77659421300007],[9.928921271000036,50.769634481000026],[9.920126452000034,50.75961203400004],[9.939614276000043,50.755919978000065],[9.941371631000038,50.741837856000075],[9.935162410000032,50.724117998000054],[9.908890736000046,50.704532451000034],[9.923955435000039,50.69513052100007],[9.915539995000074,50.69369563500004],[9.906224715000064,50.68419094300003],[9.89467774700006,50.68371993800008],[9.881273200000066,50.673378626000044],[9.884220259000074,50.65081341100006],[9.877320475000033,50.63871517600006],[9.878551050000056,50.63478121000003],[9.886108750000062,50.63393596700007],[9.906105815000046,50.640382344000045],[9.929695560000027,50.62901690500007],[9.945927546000064,50.626825686000075],[9.960722013000066,50.62948365400007],[9.96025230400005,50.635505754000064],[9.96890154600004,50.64125944300008],[9.949710896000056,50.65587253700005],[9.951484133000065,50.66592744600007],[9.960689873000035,50.668443945000035],[9.97360296900007,50.66594687800006],[9.989540861000023,50.67459455300008],[10.001994968000076,50.67660256800008],[10.021409955000024,50.673043129000064],[10.031350166000038,50.675547805000065],[10.048934055000075,50.67393254500007],[10.05402966400004,50.67116299200006],[10.069985062000057,50.65587779100008],[10.078584410000076,50.63468821200007],[10.082964842000024,50.633705347000046],[10.08104983800007,50.62002482400004],[10.072264748000066,50.61963237000003],[10.057503889000031,50.62612006300003],[10.037191069000073,50.61292626900007],[10.040271740000037,50.60450765500008],[10.04879758900006,50.59862073600004],[10.046359123000059,50.57125494500008],[10.052467145000037,50.56110859700004],[10.061828605000073,50.55668738400004],[10.047219089000066,50.545518765000054],[10.047898989000032,50.53944794500006],[10.03969261800006,50.53258619600007],[10.041338408000058,50.51646958200007],[10.066520170000047,50.52896505600006],[10.071825447000037,50.52767120100003],[10.070046384000022,50.53542063400005],[10.089842056000066,50.54481435400004],[10.09404446800005,50.553601997000044],[10.098505661000047,50.55215997200003],[10.107094136000057,50.56373360300006],[10.126217971000074,50.561350667000056],[10.120712415000071,50.55585721600005],[10.140366563000043,50.54285042600003],[10.146859506000055,50.54314940900008],[10.150267822000046,50.55188754900007],[10.175441103000026,50.542917540000076],[10.177893248000032,50.551680031000046],[10.203873884000075,50.554700851000064],[10.208325658000035,50.54063085100006],[10.221641927000064,50.53872453400004],[10.224834809000072,50.53037809300008],[10.231973530000062,50.53108771900003],[10.225792339000066,50.51871942400004],[10.230827931000022,50.51180310400008],[10.243665084000042,50.51501751700005],[10.251390310000033,50.51118344400004],[10.256221693000043,50.512813333000054],[10.267694211000048,50.50419029900007],[10.274599189000071,50.50586856500007],[10.30657006000007,50.49207931600006],[10.330582236000055,50.49427653500004],[10.332667238000056,50.48709050100007],[10.34141087200004,50.482999962000065],[10.33615420500007,50.46589718800004],[10.348189500000046,50.46255757900008],[10.356725792000077,50.455190499000025],[10.367271857000048,50.43877357200006],[10.38133203500007,50.438851905000035],[10.372377357000062,50.437140105000026],[10.370714811000028,50.43175807200004],[10.392463618000022,50.43033569100004],[10.39282915900003,50.42693652400004],[10.403834693000022,50.42477513000006],[10.390064188000053,50.40994243400007],[10.383918035000022,50.408621476000064],[10.39449369700003,50.39365203400007],[10.39649920900007,50.39692896000008],[10.42374340400005,50.39253245800006],[10.437898634000021,50.39548316400004],[10.437975571000038,50.40117864400003],[10.44950284600003,50.40304677100005],[10.463657887000068,50.37601454900005],[10.467091700000026,50.377593207000075],[10.47348280400007,50.37250990300004],[10.487284514000066,50.375283273000036],[10.490560663000053,50.36878590300006],[10.494443233000027,50.36944297500003],[10.492854683000076,50.36215490400008],[10.485990411000046,50.363054024000064],[10.492405731000076,50.35505584500004],[10.499040397000044,50.357710947000044],[10.503276655000036,50.353175571000065],[10.512475550000033,50.35980610000007],[10.514624396000045,50.349896674000036],[10.53101050400005,50.36510988500004],[10.537305796000055,50.362679806000074],[10.544408273000045,50.36450557900008],[10.554861101000029,50.354656109000075],[10.549758531000066,50.34927287700003],[10.552290302000074,50.34451712400005],[10.561785334000035,50.33709847500006],[10.574690030000056,50.33669492100006],[10.583398346000024,50.33238812800005],[10.600550296000051,50.33368802900003],[10.592359352000074,50.30808136300004],[10.605324195000037,50.293536998000036],[10.597534202000077,50.28918911100004],[10.601550726000028,50.28267147000008],[10.591040414000076,50.27178438200008],[10.593478704000063,50.26955105600007],[10.607295940000029,50.27125747700006],[10.597829215000047,50.262620980000065],[10.611314700000037,50.24907497500004],[10.597108477000063,50.24617272200004],[10.612047270000062,50.224138442000026],[10.637661361000028,50.22326877900008],[10.658961146000024,50.23070906700008],[10.66229026700006,50.22664509800006],[10.657478914000023,50.22367513800003],[10.663670269000022,50.221543075000056],[10.68671445800004,50.22590758500007],[10.69575278000002,50.211799435000046],[10.708973024000045,50.210276640000075],[10.716645150000033,50.20481895900008],[10.724403610000024,50.206099651000045],[10.731220988000075,50.21265420800006],[10.729442924000068,50.23026456500003],[10.726495208000074,50.247564700000055],[10.732167774000061,50.25183794600008],[10.748203270000033,50.24782568100005],[10.74981662600004,50.24247768600003],[10.769631615000037,50.24084024800004],[10.784366730000045,50.24850648700004],[10.781843580000043,50.251283940000064],[10.80056410700007,50.25144334400005],[10.807268589000046,50.240196712000056],[10.825232853000045,50.23761009100008],[10.847652555000025,50.245020999000076],[10.851494416000037,50.262762648000034],[10.846358138000028,50.27509463700005],[10.83592565400005,50.27306492400004],[10.826331418000052,50.27794903900008],[10.803919859000075,50.27975318800003],[10.80255027000004,50.291980901000045],[10.794209683000076,50.295376178000026],[10.770728870000028,50.29267220300005],[10.741845438000041,50.315914286000066],[10.73693247600005,50.314152017000026],[10.71539585100004,50.32117650400005],[10.715001982000047,50.333031971000025],[10.728148128000043,50.33812014600005],[10.728872533000072,50.34794160700005],[10.720194358000072,50.349563602000046],[10.714303880000045,50.34634559600005],[10.715266573000065,50.363591109000026],[10.738718422000034,50.362866489000055],[10.754509496000026,50.358171911000056],[10.762942666000072,50.369718255000066],[10.773774016000061,50.37196935800006],[10.785881505000077,50.38538423400007],[10.804250650000029,50.37910881500005],[10.830443013000036,50.39261550100008],[10.861837963000028,50.387669722000055],[10.87274682800006,50.396794483000065],[10.887187525000058,50.39257248800004],[10.884868873000073,50.38850371900003],[10.89311800400003,50.38032394700008],[10.89885408300006,50.38471304400008],[10.937634647000039,50.39190511400005],[10.948440830000038,50.38175135600005],[10.959681308000029,50.37530779900004],[10.96178698400007,50.37758531800006],[10.96304837100007,50.37246608300006],[10.956661342000075,50.36848213400003],[10.98578072600003,50.34732052600003],[10.992954309000027,50.34903043600008],[10.99637008600007,50.34672303800005],[10.99951930800006,50.35197304900004],[10.994148976000076,50.35347189000004],[10.993487278000032,50.36546867700008],[11.033417377000035,50.36135823600006],[11.036227341000028,50.35868532000006],[11.031702753000047,50.355130820000056],[11.04349697200007,50.35223236200005],[11.032407061000072,50.35150147200005],[11.036863470000071,50.34520931700007],[11.04298839300003,50.34472165100004],[11.073566958000072,50.35365182900006],[11.085753909000061,50.35203374300005],[11.081951468000057,50.353899272000035],[11.089737220000075,50.36588673500006],[11.115304910000077,50.36700690300006],[11.119291317000034,50.35929010600006],[11.114045434000047,50.35252818500004],[11.116797804000043,50.349333932000036],[11.121687076000057,50.349001659000066],[11.126678465000055,50.35617807800003],[11.139107812000077,50.35350569700006],[11.136108869000054,50.34966563100005],[11.159197358000029,50.330391993000035],[11.158177092000074,50.32377543200005],[11.138463589000025,50.31643203900006],[11.131754613000055,50.30808767700006],[11.14592282700005,50.284956470000054],[11.153767359000028,50.28354438200006],[11.158479682000063,50.28920361100006],[11.165504114000044,50.28234319100005],[11.183710073000043,50.28089548200006],[11.17397055500004,50.27127990900004],[11.187139425000055,50.26955572600008],[11.19784829300005,50.29185637100005],[11.216084592000072,50.28418018700006],[11.214449761000026,50.28092684300003],[11.251590857000053,50.26868367700007],[11.25977795700004,50.27494628000005],[11.260240655000075,50.287090412000055],[11.251817692000031,50.29346244200008],[11.25199460500005,50.29926494600005],[11.260501761000057,50.300086005000026],[11.270336658000076,50.30674659300007],[11.256465785000046,50.322273221000046],[11.26250354800004,50.32537966400008],[11.261328835000029,50.33791262700004],[11.277099067000051,50.33596244700004],[11.262435241000048,50.352401033000035],[11.284252880000054,50.36030743400005],[11.276083218000053,50.38092334900006],[11.264334054000074,50.38703971000007],[11.270869179000044,50.394203504000075],[11.258055654000032,50.400038394000035],[11.268842560000053,50.419177595000065],[11.268013488000065,50.43221228700003],[11.263200078000068,50.44288897700005],[11.247092021000071,50.448924316000046],[11.25489290400003,50.45642279100008],[11.24513194800005,50.47080298900005],[11.247115540000038,50.47730383000004],[11.257289938000042,50.48181752600004],[11.26642613000007,50.47910269600004],[11.28911478200007,50.48556597700008],[11.290982390000067,50.475256528000045],[11.300936067000066,50.48840597900005],[11.323142336000046,50.491164913000034],[11.321355016000041,50.50856741700005],[11.346991154000023,50.51161027100005],[11.343042712000056,50.51851947500006],[11.346569075000048,50.52153502600004],[11.357760794000058,50.51987290100004],[11.369787979000023,50.523239714000056],[11.387615011000037,50.51564726700008],[11.393085549000034,50.52055432100008],[11.405280319000042,50.51617606800005],[11.423893015000033,50.51606444300006],[11.429278748000058,50.51223288400007],[11.440946481000026,50.49995944800003],[11.436031953000054,50.492180123000026],[11.418814569000062,50.493461446000026],[11.426473637000072,50.484540724000055],[11.418090895000034,50.48186031900008],[11.42047539400005,50.47425877200004],[11.415499786000055,50.46784666100007],[11.423595024000065,50.46225710300007],[11.420630678000066,50.44336648500007],[11.440544801000044,50.43861640500006],[11.451254293000034,50.43103282800007],[11.443441968000059,50.42082108100004],[11.463153413000043,50.432175646000076],[11.48156795400007,50.43162169200008],[11.480552673000034,50.42546895300006],[11.488121921000072,50.415835138000034],[11.478737316000036,50.401215894000075],[11.489850281000031,50.396774605000076],[11.503023642000073,50.399649931000056],[11.505861836000065,50.396511031000045],[11.518909861000054,50.39566601100006],[11.519853242000067,50.37426848300004],[11.546187642000064,50.384128099000066],[11.560064187000023,50.38412699200006],[11.57315188800004,50.400121883000054],[11.59431332400004,50.40260407800008],[11.624601485000028,50.386870402000056],[11.649490107000076,50.39223945500004],[11.683895018000044,50.39288929700007],[11.708264195000027,50.40393828900005],[11.71472116600006,50.39663528600005],[11.744046462000028,50.41050398500005],[11.761564496000062,50.405255873000044],[11.751172550000035,50.414755154000034],[11.772604693000062,50.41153248000006],[11.78025113700005,50.41875476000007],[11.787197647000028,50.415257677000056],[11.797352621000073,50.41732137100007],[11.817376096000032,50.40058974200008],[11.825495292000028,50.40442003100003],[11.827908708000052,50.400135670000054],[11.818403991000025,50.39356776300008],[11.824265370000035,50.38975684500008],[11.852351975000033,50.40165970000004],[11.865811749000045,50.40067275600006],[11.882398717000058,50.414594237000074],[11.906116976000021,50.41720074800003],[11.919322860000023,50.42472776500006]],[[11.446768081000073,51.19449713400007],[11.43938578500007,51.19976640100003],[11.446614450000027,51.198880348000046],[11.446768081000073,51.19449713400007]]]},"properties":{"shapeName":"Thüringen","shapeISO":"","shapeID":"9070358B67217417145666","shapeGroup":"DEU","shapeType":"ADM2"}}
]}