{"type":"FeatureCollection", "features": [
{"type":"Feature","geometry":{"type":"Polygon","coordinates":[[[42.00494440896706,6.598877674163679],[41.88888131869405,6.536603778355506],[41.8205597912511,6.571730883123919],[41.75877815893905,6.541793834143486],[41.62058406063491,6.362990516377086],[41.43868029846029,6.545224802193787],[41.22935542170119,6.624258511018855],[41.131913262319394,6.692502758609064],[41.07296180374439,6.695572719836805],[40.861235520088265,6.437466720601328],[40.87567364003416,5.809223010163176],[40.92317440350772,5.684714012142507],[41.00823653376464,5.690763184368769],[41.1179890684951,5.63561776071596],[41.18196015196344,5.48554101930994],[41.285532275514235,5.354052476006293],[41.313272362628304,5.16685918837044],[41.40504414936894,5.016242410770316],[41.51515651910217,4.910931527543684],[41.68762979366857,4.594449416787268],[41.90430422506043,4.306294663425403],[42.05811771629247,4.233040831385047],[42.05827742032401,4.119870980742926],[42.20481102579754,4.162896738126409],[42.546809191077465,4.187833583739996],[42.7567142992855,4.252037221844567],[42.94888920264514,4.396603622207667],[43.03396165413915,4.555998951620256],[43.16351497945545,4.65961917474066],[43.39840081871703,4.785477005848259],[43.552684528110525,4.832692210140259],[44.02990579677144,4.941050724218136],[44.679200288037826,4.914500895247185],[45.00263083915559,4.933604647711376],[44.65262102963906,5.281917240980831],[44.362125073660835,5.427924936924943],[44.2495630090484,5.55148404103938],[43.948156553163216,5.655615678971517],[43.779523298054706,5.811512082451357],[43.723462039881596,5.820461490148655],[43.62629940118105,5.721220938107838],[43.435314697745774,5.647878369880222],[43.1899390388131,5.665047732999055],[43.05221572402274,5.643420221184477],[42.73360857383394,5.7432623398377],[43.004568385404816,6.091584339410245],[42.825382280504115,6.139016037511285],[42.742670759437495,6.249156363898662],[42.29788045333272,6.338300076904249],[42.15589751012826,6.45986963902673],[42.10196654915158,6.544972157798664],[42.00494440896706,6.598877674163679]]]},"properties":{"shapeName":"Afder","shapeISO":"","shapeID":"57463737B43250517747981","shapeGroup":"ETH","shapeType":"ADM2"}},
{"type":"Feature","geometry":{"type":"Polygon","coordinates":[[[34.96554395270974,8.24846544557912],[34.827175836163754,8.263053034464415],[34.78655120154711,8.304753234576285],[34.78599838958863,8.356352042142401],[34.72949855382415,8.391128690201654],[34.575016697804266,8.404585118249063],[34.523429250056395,8.476644295010207],[34.34801806241519,8.377755665789598],[34.31403356912282,8.391035740186197],[34.35896182402598,8.523139142409455],[34.31316672470975,8.683181549556338],[34.28012596766961,8.709916498141311],[34.142309771277645,8.653036575669272],[34.121898665988255,8.576145359312209],[34.04255592366491,8.518699608795663],[34.082918323914214,8.475780196152355],[34.05095969531813,8.425215265429923],[34.06926166864819,8.384136285948067],[33.99669477168936,8.265205840023654],[33.99851030327991,8.23867507621963],[34.04893113301191,8.233400305884317],[34.04814588074591,8.177329084692964],[33.94141883122865,8.186330619795537],[33.884256063200326,8.256406359176438],[33.85028298772887,8.13503078250885],[33.77874759223631,8.172458234759365],[33.61058643143564,8.13044105095026],[33.54560821088306,8.229815635824645],[33.55455073477621,8.274637149893662],[33.51369992016033,8.28981776665479],[33.47415914872981,8.259790688710087],[33.5037938214682,7.969748120496085],[33.44043081256747,7.914426291844924],[33.455725610583855,7.876307539227033],[33.48487246524299,7.880601293855043],[33.465047519815144,7.748059858165741],[33.5808725563562,7.687769456607567],[33.673057267255516,7.693353267773203],[33.87199399795032,7.519108490961883],[33.94837316632157,7.503464605422625],[33.94588564837713,7.469174385756377],[34.03393909836672,7.355247329415792],[34.01248029221561,7.260924925611854],[34.19311324286717,7.138768913139911],[34.19397239103987,7.056142342839579],[34.23278561701673,7.01669664480073],[34.48502172048128,6.905524926866122],[34.53139816981119,6.843956691142591],[34.53666197127097,6.753948908670141],[34.629751866144154,6.750364264131479],[34.708507603996054,6.697904508132686],[34.789241344250314,6.584888261708041],[34.856984306286556,6.609086527334594],[34.9402094859601,6.547734595650534],[35.01453130497244,6.44623511693923],[34.98571954433503,6.300093767211897],[35.012039436040126,6.281550931800648],[35.10685976424833,6.320192708631811],[35.13225683615821,6.396776142324143],[35.17925345251163,6.380550143519316],[35.200219667049396,6.412183608525858],[35.17460528714859,6.467797770503119],[35.19841665348642,6.681472051213491],[35.08061381919189,6.812043296466113],[34.93440966314829,6.797539041363279],[34.9986332539137,6.894101253596604],[34.87783013638691,7.071012305721175],[34.898841511807966,7.186002650082927],[34.97090990130321,7.23523553909201],[34.97247932227398,7.338565474416074],[34.91380975142311,7.379096690513712],[34.9024382731839,7.488291186005157],[34.83727106968253,7.541524226732089],[34.88395400279865,7.564921301632829],[34.90270658066362,7.616793250586456],[35.00322874157839,7.633982271613458],[34.99622490888289,7.749136460844459],[34.9327277258259,7.72933269524675],[34.945025873930156,7.880544065657013],[35.00136724929,7.863473810677057],[35.00923234111631,7.924648882126335],[35.14177951601836,7.990168363945013],[35.089842192045005,8.115052100749011],[35.158415374963994,8.137837819253448],[35.11966880018406,8.20173111768405],[34.96554395270974,8.24846544557912]]]},"properties":{"shapeName":"Agnuak","shapeISO":"","shapeID":"57463737B400917035317","shapeGroup":"ETH","shapeType":"ADM2"}},
{"type":"Feature","geometry":{"type":"Polygon","coordinates":[[[38.101033454010604,7.208299449091232],[38.266034460831804,7.307919261418294],[38.32807090940344,7.462863149772754],[38.4275769623137,7.515897783278743],[38.419743047870455,7.570629664856178],[38.40165250705207,7.596472595407086],[38.24745177610931,7.592792549195384],[38.18914195509093,7.442758370223353],[38.144244353196775,7.405710148177316],[38.106656849188894,7.451127241048712],[38.03039026261804,7.419013947124657],[38.058944680584055,7.383415728450503],[37.985885824719126,7.302689377596654],[38.05259578711156,7.296834077732],[38.101033454010604,7.208299449091232]]]},"properties":{"shapeName":"Alaba","shapeISO":"","shapeID":"57463737B42353021919887","shapeGroup":"ETH","shapeType":"ADM2"}},
{"type":"Feature","geometry":{"type":"Polygon","coordinates":[[[40.71717793729459,7.890866861609709],[40.56340397645661,7.883018255548104],[40.44068121470846,7.96772122282162],[40.37997032722528,8.114058400459637],[40.40188144871695,8.232817663644704],[40.327670182174494,8.370785665148462],[40.316371017716406,8.604314830575866],[40.19136751601935,8.55112018683046],[40.17773749080341,8.619754121629938],[40.063004549763434,8.629373816228268],[40.02760382508429,8.669600393292951],[40.09536453930238,8.863218784502921],[40.067820730577985,8.845024542853025],[40.024394195073384,8.763012072084324],[39.72478573987913,8.636234798486438],[39.494618700441734,8.423594787864152],[39.310783621870925,8.372030195415451],[39.234931004313836,8.231043064327537],[39.20815627392733,8.226153610098267],[39.1578593203587,8.313256087562344],[39.030515861010855,8.292608471280714],[38.93437229031453,8.051390284631523],[38.68776471255262,7.797083841502557],[38.78570687188116,7.686543257092303],[38.85707740356461,7.706948604452058],[38.897742275926866,7.666474346813218],[38.84775102761672,7.47471487819845],[38.88319873945351,7.449267963276425],[38.89046972540949,7.35475132585762],[38.9188118845383,7.326284200922147],[39.128516035676775,7.364295482139939],[39.19276620277753,7.331143238469621],[39.20654639711247,7.286447155323205],[39.317379144497664,7.249490020274302],[39.394900805793455,7.15435819501573],[39.440402086503696,7.180965647981217],[39.522735096447846,7.402785574589394],[39.63947717513805,7.477208198281741],[39.7738017696455,7.441541113169937],[39.9592267320966,7.48337662315821],[40.14712138209193,7.440129709460001],[40.37382789598302,7.6053439681051],[40.5343822126797,7.652989005619146],[40.58257390118745,7.757129455232414],[40.69322701964641,7.824162952160973],[40.71717793729459,7.890866861609709]]]},"properties":{"shapeName":"Arsi","shapeISO":"","shapeID":"57463737B25487196396811","shapeGroup":"ETH","shapeType":"ADM2"}},
{"type":"Feature","geometry":{"type":"Polygon","coordinates":[[[34.9831050291502,10.89941387851795],[34.785977638957654,10.710764828870273],[34.79110375033263,10.756385655486827],[34.61052833352416,10.898096296126111],[34.555054988958354,10.884014139044021],[34.46576012071889,10.821995957077158],[34.29832684757835,10.586584548799614],[34.280505639949325,10.515735593697453],[34.32710134182781,10.476592277621732],[34.293840739999446,10.407214251953354],[34.34695843606195,10.169581233811893],[34.33435429426477,10.11439145386392],[34.23385959802075,10.048463726473116],[34.21758933872343,9.90348319601382],[34.10146842275419,9.551593872047697],[34.145447272028605,8.963296269865472],[34.431392001868886,8.968493269753226],[34.504450749406914,9.005187334301807],[34.39401041587435,9.117373679338447],[34.34161638520012,9.16981832992306],[34.44030173583799,9.216610559119442],[34.45254893832819,9.450125345210415],[34.51371867108564,9.449015328258373],[34.49947598047559,9.515240029661445],[34.54921181812706,9.630661784672027],[34.73588678050559,9.546307540203706],[34.78373706742854,9.554336090581204],[34.811605270311674,9.631116964616883],[34.79689358253187,9.737228529270968],[34.89290646439671,9.865581602875405],[34.867548166264406,9.903235436753063],[34.90517414198047,9.956848480054779],[34.94375087365172,9.934538956126769],[35.01577418073427,9.996157003069861],[35.020411007638536,9.929763819814282],[35.04927081753786,9.918714016420626],[35.089099773891924,9.951458739684183],[35.16034359589095,9.949371936733343],[35.22155966283312,9.926397411263128],[35.23150500766688,9.89422669582732],[35.29821701942533,9.923455048927512],[35.3254564081145,9.885771301917677],[35.34949230257714,9.963901217647749],[35.33159016123382,10.022579657823044],[35.248764827553046,10.05963423550794],[35.18914801708722,10.239346491888817],[35.21544533549757,10.28522793331756],[35.181426525807886,10.402557437697189],[35.1180870501079,10.40559344275606],[35.03460982756297,10.484308962875318],[35.05134293156506,10.526285783581406],[35.01100677055882,10.52957717171259],[35.06878370433652,10.663202004646761],[35.08176047939539,10.847530747527635],[34.9831050291502,10.89941387851795]]]},"properties":{"shapeName":"Asosa","shapeISO":"","shapeID":"57463737B99696038054094","shapeGroup":"ETH","shapeType":"ADM2"}},
{"type":"Feature","geometry":{"type":"Polygon","coordinates":[[[36.65453261894312,11.642601086771121],[36.66163211615941,11.726847398635275],[36.63314237930274,11.717147405767646],[36.58149693181189,11.785016338053008],[36.5855999024389,11.879280258109585],[36.62844764281818,11.910479848245291],[36.58805689151879,11.958429922656283],[36.34219309667927,12.0508380995575],[36.18742083558027,11.999666603602163],[36.06494335337454,12.048719797855252],[36.057562078972495,12.021129870813533],[35.96659989858646,11.985376722521396],[36.106016861289866,11.816697486588051],[36.11914395855189,11.706626956614794],[36.14561396206195,11.68643523465934],[36.32985755021206,11.797495095087145],[36.349212785712176,11.60618376601319],[36.3759469280483,11.608503165604098],[36.44509701780032,11.493641745585228],[36.410739888906186,11.414752085161673],[36.513017139088596,11.459113397520733],[36.56468544175119,11.372192662257786],[36.53533800501937,11.336140025135355],[36.557674393685055,11.302965937907047],[36.49575979636826,11.289803126420345],[36.460984820876384,11.227289037313575],[36.46840068733102,11.156271150968637],[36.55013411566927,11.138678952823241],[36.57578350355948,11.101575712261944],[36.525877963664584,11.113577576369893],[36.42335633335242,11.032240534447638],[36.283041589396255,10.804760436857189],[36.28602979639564,10.745481176502038],[36.3780066639937,10.786650945698113],[36.282434676800236,10.605469433228214],[36.31900612595292,10.528920417489148],[36.359921304649696,10.531232534927655],[36.42862458829111,10.455534253145345],[36.52756978289683,10.48381647639623],[36.68052613407267,10.552034681404045],[36.74054311028089,10.52468938576949],[36.74821590612898,10.576661493694417],[36.82946677082516,10.624133653188174],[36.820066607263804,10.659782061160048],[36.913454691906914,10.66698829597728],[36.92907606281245,10.720952591506459],[36.954251364504934,10.704622227114305],[37.01023759952661,10.752195194116602],[37.02602449278845,10.733736278682294],[37.12540239861093,10.850321220389162],[37.083169699057756,10.94577792839069],[37.13144392456348,10.969614254561638],[37.07199582633243,11.055063243794448],[37.06925638982809,11.1739481063127],[37.00569216514907,11.183037045140953],[36.98013237048075,11.248896627768973],[36.92748018774973,11.257521309280984],[36.94786837599445,11.294368094640157],[36.87862717055942,11.315668259294062],[36.80192077976503,11.40032605676111],[36.735938545884316,11.431822532832191],[36.643727421937015,11.402889218456227],[36.65455088833947,11.44331306779933],[36.51151927751852,11.475463837913601],[36.65453261894312,11.642601086771121]]]},"properties":{"shapeName":"Awi/Agew","shapeISO":"","shapeID":"57463737B64256577014982","shapeGroup":"ETH","shapeType":"ADM2"}},
{"type":"Feature","geometry":{"type":"Polygon","coordinates":[[[42.00494440896706,6.598877674163679],[42.07713738960298,6.887961215568359],[42.16355002250749,7.008329938372158],[42.204365854921534,7.195830766637419],[42.20001923367102,7.292629274357429],[41.89702531229749,7.412384559665814],[41.868005156402035,7.53394370750703],[41.84387448058199,7.517225326610496],[41.83697447309084,7.551612252298915],[41.677150932675204,7.640894931343992],[41.65255064492259,7.709358866210933],[41.59516854915945,7.746434674286047],[41.59511979319901,7.830848164972817],[41.55172886902942,7.865245269238315],[41.525363657958835,7.957562074579546],[41.5037289228656,8.121412399969772],[41.298723895649935,8.148550956524268],[41.168180431565844,8.113544743342603],[40.97305478081402,7.964489068633507],[40.76655945330796,7.947681534890167],[40.71717793729459,7.890866861609709],[40.69322701964641,7.824162952160973],[40.58257390118745,7.757129455232414],[40.5343822126797,7.652989005619146],[40.37382789598302,7.6053439681051],[40.14712138209193,7.440129709460001],[39.9592267320966,7.48337662315821],[39.7738017696455,7.441541113169937],[39.63947717513805,7.477208198281741],[39.522735096447846,7.402785574589394],[39.63334749582579,7.283005809456466],[39.647527415167296,7.169145908157409],[39.6843333562864,7.166161031177267],[39.611926274915604,7.112141123655119],[39.73070883286204,6.977672658187198],[39.7715095369883,6.885980679284392],[39.638465758903145,6.792979468935901],[39.62574720155003,6.729657151889639],[39.53328256731677,6.659751716685532],[39.4947516356831,6.678680169036452],[39.49938162333945,6.640833517483134],[39.43268975087742,6.598157548416334],[39.432059613136815,6.56528048240687],[39.352597481028674,6.541952830581113],[39.31697607471815,6.401365447548308],[39.26003449615103,6.369388487617417],[39.21844316385255,6.292125488638816],[39.320865452783856,6.183794772133603],[39.382707104890486,5.969830889506278],[39.46868396080156,5.891062553264223],[39.44839402940899,5.844549899564121],[39.47772814013051,5.756742216927421],[39.52413916863849,5.703266826284161],[39.64906240119438,5.716665246946732],[39.70444369432521,5.676498649456993],[39.715573883834985,5.646591276570603],[39.66498231965925,5.553909670841843],[39.68253266156995,5.518692743279954],[39.841676675874005,5.507183289219095],[39.94287893818909,5.405102067302653],[40.034541236810085,5.398152413599481],[40.17529465804461,5.35474586238024],[40.533763830541794,5.412009660427548],[40.63392670144253,5.531418674932532],[40.92317440350772,5.684714012142507],[40.87567364003416,5.809223010163176],[40.861235520088265,6.437466720601328],[41.07296180374439,6.695572719836805],[41.131913262319394,6.692502758609064],[41.22935542170119,6.624258511018855],[41.43868029846029,6.545224802193787],[41.62058406063491,6.362990516377086],[41.75877815893905,6.541793834143486],[41.8205597912511,6.571730883123919],[41.88888131869405,6.536603778355506],[42.00494440896706,6.598877674163679]]]},"properties":{"shapeName":"Bale","shapeISO":"","shapeID":"57463737B60581059142887","shapeGroup":"ETH","shapeType":"ADM2"}},
{"type":"Feature","geometry":{"type":"Polygon","coordinates":[[[36.68404477121715,6.227172182432909],[36.67050488578665,6.381920448357124],[36.574574334750714,6.34322049405423],[36.53668416209512,6.364745575669057],[36.4713177261647,6.284558522851571],[36.40382321273578,6.142840359977141],[36.68404477121715,6.227172182432909]]]},"properties":{"shapeName":"Basketo","shapeISO":"","shapeID":"57463737B27385669654887","shapeGroup":"ETH","shapeType":"ADM2"}},
{"type":"Feature","geometry":{"type":"Polygon","coordinates":[[[34.98571954433503,6.300093767211897],[34.949715510809234,6.253301975783763],[35.002705592667155,6.003946452567162],[34.99164044676122,5.89670124489751],[35.121815983100646,5.69212072060686],[35.12202092898674,5.621648070348864],[35.300991784859875,5.497670164981299],[35.300861653748555,5.333849804957945],[35.505767806530685,5.419054827017947],[35.741169366555845,5.371057335584048],[35.74712291192079,5.605798481327504],[35.79476091665496,5.660639446248945],[35.95503517474489,5.670799897185308],[35.9675176128423,5.947846502759986],[35.996720480566296,5.97318681361342],[35.979373887439905,6.078009372283133],[35.93569072567475,6.128370832826292],[35.9756109825666,6.170520865278186],[35.97111102873532,6.238810987954315],[35.985996256351406,6.379996214894875],[36.030961571251765,6.450351285314737],[36.107772020618015,6.482511253242873],[36.13281222479316,6.544541319658321],[36.08100205592634,6.645641541881959],[36.07448222019072,6.816861807673381],[35.981371986753075,7.055042262798945],[35.922161735621955,7.120432426791737],[35.8696314193723,7.096482451504489],[35.879811404412834,7.034702352781395],[35.8428915106921,6.998199233327597],[35.839155720759884,7.06717011653441],[35.81559818812342,7.076397752388297],[35.77842284679633,7.016295247908676],[35.690397046849526,6.989465753349745],[35.72928060256106,7.059992558460012],[35.664932412623045,7.209888846803958],[35.45517919865711,7.169083020033],[35.4338690339508,7.128472983060488],[35.38110991083476,7.124037492999235],[35.23521597903975,7.139146960731712],[35.20531919738547,7.100832813543093],[35.11501967654015,7.103363768329956],[35.05466554924665,7.18547516013204],[34.97090990130321,7.23523553909201],[34.898841511807966,7.186002650082927],[34.87783013638691,7.071012305721175],[34.9986332539137,6.894101253596604],[34.93440966314829,6.797539041363279],[35.08061381919189,6.812043296466113],[35.19841665348642,6.681472051213491],[35.17460528714859,6.467797770503119],[35.200219667049396,6.412183608525858],[35.17925345251163,6.380550143519316],[35.13225683615821,6.396776142324143],[35.10685976424833,6.320192708631811],[35.012039436040126,6.281550931800648],[34.98571954433503,6.300093767211897]]]},"properties":{"shapeName":"Bench Maji","shapeISO":"","shapeID":"57463737B29794193200035","shapeGroup":"ETH","shapeType":"ADM2"}},
{"type":"Feature","geometry":{"type":"Polygon","coordinates":[[[38.2974032701451,6.41697501309182],[38.2464130121949,6.469498437274861],[38.156042524126505,6.440528541794959],[38.140100588352674,6.507269383950527],[38.01674420467727,6.576874070275548],[37.95347906072213,6.550882985524241],[37.91342736079702,6.591928445986446],[37.87229722506691,6.583488819586352],[37.81540778501767,6.511838714111177],[37.79826850781869,6.430513374208143],[37.85296909922621,6.306068647705906],[37.77890759392607,6.150895535995912],[37.804548083848196,5.994491623034675],[37.84377832389953,6.012251403976111],[37.90478917255134,5.961823459691372],[37.96939018249208,5.957333523579257],[38.02069063847162,5.791370599597522],[38.08970162170301,5.746942385489011],[38.07598139278787,5.690279926560074],[37.93098889065075,5.618018278529898],[37.947628873887126,5.475644393589],[37.89718785314443,5.351249856683748],[37.901632435002576,5.246233385515037],[37.8534694656233,5.236027124397592],[37.675038689964936,5.30901746179196],[37.367977023638474,5.156487518198104],[37.21770634656612,5.214067790677857],[37.113025807686554,5.187657850651608],[37.004104248351275,5.200467422893587],[36.94975856972248,5.196071526626292],[36.89376154480842,5.111180341156421],[36.85552873234334,4.737485467385858],[36.829268636826136,4.71060308465571],[36.64719372658588,4.712185470000215],[36.68162643948416,4.605738392867352],[36.658317005752316,4.581813591172959],[36.71336777691389,4.440700662458827],[36.83958579392102,4.445404131843223],[37.04018626539619,4.363183155116777],[37.124482137149066,4.284235963800846],[38.00335014638057,3.723744842603786],[38.12109801334636,3.610024555871364],[38.438016845774335,3.602783977869531],[38.533578768026956,3.65422994982672],[38.57326470168842,3.604894197837194],[38.663247000895744,3.596404773141532],[38.67869577932283,3.6230724127543],[38.71323323801019,3.570626937605375],[38.89674784180662,3.513051643374825],[39.09370290823949,3.535509322788054],[39.2855379571311,3.62460114073859],[39.50052409432933,3.96722056851441],[39.47912371340624,4.04181403620316],[39.540535701134914,4.236636711080569],[39.746751949840515,4.668008062246701],[39.74441203800114,4.724903029078849],[39.662439791191716,4.656939257322584],[39.52413643835296,4.720993939319869],[39.43497417560803,4.724993803418262],[39.36925263182279,4.777709309701534],[39.35193237155944,4.84924302526659],[39.19054838068501,4.904378568126501],[39.105706569466044,5.046236247425985],[39.02788465385204,5.078003642089428],[38.99516016064464,5.128047595780346],[38.908551654171596,5.10918120342752],[38.8407725092888,5.169583826226992],[38.82130985073172,5.28142622064719],[38.700717151606085,5.43764274496761],[38.74359848105636,5.515865714808133],[38.712737933057255,5.606157822603303],[38.633165966130825,5.649038826244626],[38.51013846040008,5.63069507405949],[38.413011818382046,5.737522760143337],[38.37739854940277,5.71809969583583],[38.32667680427638,5.755867107529301],[38.31121524492377,5.865036200705974],[38.19921189612205,5.850777688775156],[38.204552041044074,5.936337801355276],[38.1224117561154,6.017988033685581],[38.08068168989011,6.118288230078453],[38.10312041618194,6.181744062507653],[38.14220331214025,6.155754544419728],[38.18821759034831,6.183505694518122],[38.18924249191699,6.30553831796113],[38.28905366240756,6.361121651287927],[38.2974032701451,6.41697501309182]]]},"properties":{"shapeName":"Borena","shapeISO":"","shapeID":"57463737B436520794921","shapeGroup":"ETH","shapeType":"ADM2"}},
{"type":"Feature","geometry":{"type":"Polygon","coordinates":[[[39.24762997694185,14.405912320767998],[39.20935174680022,14.493623110106324],[39.23949808786255,14.5664469402881],[39.20118878664974,14.611598758819422],[39.08160026343658,14.637073428669371],[39.02438103300031,14.632929817097805],[38.97559378698985,14.542164526378018],[38.79489655017886,14.46379392617284],[38.70379701201925,14.465863112570627],[38.51670827106205,14.405659715194709],[38.43302189179584,14.428577810796105],[38.45350405200817,14.332419064999876],[38.574096490365875,14.204321231420991],[38.495349557668035,14.090369596967525],[38.520157397400745,14.042084672916733],[38.48833316841604,14.02632583212004],[38.49787381702821,13.967015262819716],[38.56350142913252,13.880859595994918],[38.49274626602974,13.774009755052388],[38.527657266381404,13.684386776156451],[38.63186406358306,13.604061872640127],[38.67155225706712,13.529561472649448],[38.67680493258271,13.498274480304046],[38.67728030231902,13.484097624799283],[38.72271592682848,13.408714144243781],[38.74013500889575,13.297116217122795],[38.73243850672278,13.262951495304286],[38.86395859524083,13.210177540230589],[38.95259717727559,13.238191938247189],[39.03688127488998,13.170631074558928],[39.09895067582078,13.235663908537115],[39.09489615718043,13.276434370613769],[39.042723370090584,13.288705870889586],[39.06296623808003,13.322465054184011],[39.023058401224375,13.459145719934009],[39.26705222633886,13.495501732532722],[39.32540489538045,13.46666071715411],[39.40208632245803,13.622700367480583],[39.42011623896761,13.703497408236016],[39.37625024523736,13.740842306848583],[39.314512634050075,13.739501885017724],[39.31858686732383,13.794069670661102],[39.22131573252694,13.79726768128968],[39.19092226210944,13.890785590900649],[39.305171239419046,13.993056546214644],[39.34225415026601,14.088686487109],[39.2287164024789,14.265002890633175],[39.24762997694185,14.405912320767998]]]},"properties":{"shapeName":"Central","shapeISO":"","shapeID":"57463737B39814221548700","shapeGroup":"ETH","shapeType":"ADM2"}},
{"type":"Feature","geometry":{"type":"Polygon","coordinates":[[[37.53635050478887,7.188620333255556],[37.47517018669325,7.186910419070585],[37.391254817284505,7.235840599748625],[37.34799965276287,7.279200710333908],[37.36097977085722,7.311860724762153],[37.332028031566004,7.344638444696382],[37.129389616943236,7.229650223618456],[36.965440475408634,7.225937576715242],[36.867557011725346,7.220461341537001],[36.817516471583886,7.021541167340353],[36.6886254598111,6.771920995674678],[36.68523035452489,6.702245903808952],[36.75480573160015,6.712040832082367],[36.84674616540168,6.671050654185],[36.93576667190974,6.702340585381461],[36.98100686154207,6.666180476560188],[36.996076841523625,6.591350349073449],[37.14605772331248,6.666780253336269],[37.197327962351466,6.645352160241225],[37.23475930275273,6.671110143824593],[37.28524869460364,6.844800295407742],[37.42627949750212,6.895230156618183],[37.41502956818855,6.986830283037797],[37.451719950823,7.113780377209974],[37.53635050478887,7.188620333255556]]]},"properties":{"shapeName":"Dawro","shapeISO":"","shapeID":"57463737B47047900870989","shapeGroup":"ETH","shapeType":"ADM2"}},
{"type":"Feature","geometry":{"type":"Polygon","coordinates":[[[41.73552206435097,9.472479406105137],[41.773903157609354,9.49204742232043],[41.914286593140694,9.473458274250659],[41.98343355756854,9.50948462234594],[42.07568267213702,9.474711215279484],[42.15351312312493,9.557359295461573],[42.12577278552514,9.615504207936999],[42.259551370504056,9.652560058670256],[42.34069066227628,9.720589698057674],[42.21426605073307,9.784708406204686],[42.03172043507855,9.61946442035298],[41.87414685004505,9.684859467162891],[41.809584948073244,9.641533752179026],[41.77473414896357,9.654682773879133],[41.749506969722965,9.637334487250081],[41.73552206435097,9.472479406105137]]]},"properties":{"shapeName":"Dire Dawa","shapeISO":"","shapeID":"57463737B22109266514860","shapeGroup":"ETH","shapeType":"ADM2"}},
{"type":"Feature","geometry":{"type":"Polygon","coordinates":[[[45.94630193084287,5.911023686869018],[47.95925549966929,8.013694932667303],[47.00033560991709,7.986203791688536],[45.62180862558849,8.443989798989966],[45.55232537209578,8.171545526049501],[45.44626202033975,8.010811091569277],[45.06182157262491,7.698362267961497],[44.903577430906694,7.597202500705059],[44.51784893353647,7.651879569882151],[44.732531060918404,7.129406626880256],[45.089926699004195,6.650989055866919],[45.15663651221671,6.300621157300703],[45.19633712381685,6.242426358040662],[45.94630193084287,5.911023686869018]]]},"properties":{"shapeName":"Doolo","shapeISO":"","shapeID":"57463737B30637581928389","shapeGroup":"ETH","shapeType":"ADM2"}},
{"type":"Feature","geometry":{"type":"Polygon","coordinates":[[[38.47413284430058,11.035545606867704],[38.439350450161264,11.080601813156573],[38.3898107903763,11.081763694289476],[38.29819331156724,11.147301416469404],[38.07405059761125,11.156345675043095],[37.85627953425258,11.2348847033162],[37.7964960947431,11.148024668913983],[37.585014478304245,11.11891402159797],[37.55066213892104,11.1434265637783],[37.52333216327526,11.112896752204255],[37.56493241524612,11.01044165236386],[37.629002854725236,11.002667426460546],[37.75694881979509,11.05578279883525],[37.71119016704933,10.986857382651664],[37.69140759707711,10.841109496754656],[37.715661596289024,10.766131922592137],[37.77634635195348,10.736726093379119],[37.642966879184016,10.695828507203288],[37.58598590513393,10.583321251653333],[37.55875798591404,10.60192109406647],[37.545337108913394,10.549637216892485],[37.45376737893062,10.48559343721576],[37.30685912289206,10.458582668109628],[37.247050740896604,10.321603663909823],[37.135781633177274,10.334481641886956],[37.04667566253383,10.289335220810853],[37.19680435129066,10.231851308179497],[37.16850842548395,10.164219809309511],[37.19154394988505,10.11250680151336],[37.28852039574447,10.06383408671971],[37.324063799945485,10.009061382817814],[37.399086405237924,10.047106543493317],[37.53005073508072,9.997136896957745],[37.67531131300107,9.862887006224398],[37.743710014790395,9.841635459355867],[37.93614445484635,9.926928353046069],[37.933104717823326,9.936743386052472],[38.044411189862956,9.970740952517865],[38.241256604084214,10.103582943754002],[38.29610612821088,10.090197974563683],[38.340881865951246,10.157166026470591],[38.3983335487144,10.145222958644451],[38.49121566027885,10.364933076410818],[38.463463023508716,10.585871187043129],[38.53006744700126,10.782926688778929],[38.47413284430058,11.035545606867704]]]},"properties":{"shapeName":"East Gojam","shapeISO":"","shapeID":"57463737B71037891772162","shapeGroup":"ETH","shapeType":"ADM2"}},
{"type":"Feature","geometry":{"type":"Polygon","coordinates":[[[41.868005156402035,7.53394370750703],[41.95804853041212,7.77593139117953],[41.91330776428168,7.845535312379242],[41.949310439355,8.202002897598456],[42.027961493806366,8.324121937778152],[42.026913540322575,8.426922157526437],[42.07063498839808,8.495055764498984],[42.23358979791356,8.636102120162947],[42.26399055630667,8.637021876739677],[42.32395149568273,8.53785052871791],[42.52105602977521,8.479794727687755],[42.57901610232085,8.22963712765825],[42.631546915817644,8.141544851219232],[42.679438118805365,8.148433972852715],[42.76909146200312,8.36426387710557],[42.89977489495306,8.410188984212633],[42.90624601701756,8.583293198452827],[42.83291487262544,8.696293333048846],[42.858470018941944,8.786177019781217],[42.86625643464445,8.826161340966543],[42.60026726952905,9.107200228586175],[42.63562273911635,9.159542420637203],[42.58451181620017,9.216397568042835],[42.53837443447797,9.373984087663],[42.77721250105969,9.51288056094231],[42.81456427829822,9.573569347314498],[42.92194949047742,9.566099260592548],[42.97891076915642,9.629588946954472],[42.95183129079381,9.673471942355835],[42.854717597145076,9.663202105205375],[42.66471941477659,9.777515212842083],[42.49987966235548,9.72202599009747],[42.34069066227628,9.720589698057674],[42.259551370504056,9.652560058670256],[42.12577278552514,9.615504207936999],[42.15351312312493,9.557359295461573],[42.07568267213702,9.474711215279484],[41.98343355756854,9.50948462234594],[41.914286593140694,9.473458274250659],[41.773903157609354,9.49204742232043],[41.73552206435097,9.472479406105137],[41.67110042460433,9.471629855564363],[41.64349998636417,9.51613601016002],[41.541507299788115,9.500577996614638],[41.4918657892826,9.458422065407646],[41.3095913951155,9.504069007904812],[41.21246322138109,9.481989311993148],[41.29888967762846,9.249981882535588],[41.24704796970067,9.180968362751875],[41.31252900741528,9.065678366256334],[41.179703795289086,8.724239764089587],[41.2649454973409,8.635237326636194],[41.27621450164614,8.384589820788943],[41.40739743002553,8.308036059721296],[41.56855045851623,8.103753675253017],[41.56392986770194,8.007272397327936],[41.525363657958835,7.957562074579546],[41.55172886902942,7.865245269238315],[41.59511979319901,7.830848164972817],[41.59516854915945,7.746434674286047],[41.65255064492259,7.709358866210933],[41.677150932675204,7.640894931343992],[41.83697447309084,7.551612252298915],[41.84387448058199,7.517225326610496],[41.868005156402035,7.53394370750703]],[[42.07459914709435,9.22198002931699],[42.07137955273831,9.304952563197709],[42.13006153119273,9.38967457135483],[42.18835282910506,9.362686662438637],[42.25391459952841,9.384804276408532],[42.26036363019604,9.193291554339309],[42.07459914709435,9.22198002931699]]]},"properties":{"shapeName":"East Harerge","shapeISO":"","shapeID":"57463737B249587140491","shapeGroup":"ETH","shapeType":"ADM2"}},
{"type":"Feature","geometry":{"type":"Polygon","coordinates":[[[38.419743047870455,7.570629664856178],[38.53605017904941,7.669805705874119],[38.78570687188116,7.686543257092303],[38.68776471255262,7.797083841502557],[38.93437229031453,8.051390284631523],[39.030515861010855,8.292608471280714],[39.1578593203587,8.313256087562344],[39.20815627392733,8.226153610098267],[39.234931004313836,8.231043064327537],[39.310783621870925,8.372030195415451],[39.494618700441734,8.423594787864152],[39.72478573987913,8.636234798486438],[40.024394195073384,8.763012072084324],[40.067820730577985,8.845024542853025],[40.01127431155592,8.857143739573823],[40.05196590465269,8.962404148893256],[40.03568564188575,8.99549128181748],[39.94849339889156,9.00464089631388],[39.89928278967808,9.139969081513966],[39.8182829325792,9.13734420865829],[39.743312622120314,9.092292003262463],[39.734136893494195,8.827297741156505],[39.61787978944905,8.787930341502095],[39.56284270867675,8.818898378391955],[39.5016045562687,8.715880537517915],[39.41860434789168,8.815601344060063],[39.37901586106026,8.792233023639406],[39.361920614531826,8.722017667984401],[39.3253926638769,8.747952437886974],[39.271297366872744,8.72558073387221],[39.244703960858025,8.828739913056976],[39.266376003737484,8.844133298881943],[39.238340100416046,8.863080390218599],[39.259449251846476,8.963682772858169],[39.297602003356964,9.054307533413084],[39.357864298362365,9.063117992542141],[39.324020525378494,9.149816560715148],[39.25037207140709,9.136617452280783],[39.2144544629618,9.103445677459526],[39.14718268911749,9.108755525500177],[39.03209952838042,8.911396975288508],[38.92568620084409,8.989087167317216],[38.9036265129207,8.96345923185526],[38.897600870046645,8.93807669305841],[38.8563959760935,8.939342586865086],[38.88028830523611,8.919365672780966],[38.869557965855755,8.87409113995835],[38.82684137936187,8.881242193381725],[38.79842314702039,8.834544389375033],[38.7623971968011,8.854671957198624],[38.74849987406552,8.641308772137117],[38.71778892743102,8.614111316641695],[38.76128982948032,8.554596400228357],[38.76192923624245,8.41309893238569],[38.66686037076197,8.328064275069885],[38.65178702311671,8.286189879790642],[38.71675788512741,8.232272054370569],[38.68302262995935,8.191544027785532],[38.67367799583189,8.09098904012723],[38.59437793248292,8.261309273383022],[38.54288515878653,8.24722193083887],[38.628535523110976,8.034725432189413],[38.52898679886419,7.859579191505206],[38.44567661173854,7.76068870105063],[38.40165250705207,7.596472595407086],[38.419743047870455,7.570629664856178]]]},"properties":{"shapeName":"East Shewa","shapeISO":"","shapeID":"57463737B77878883306359","shapeGroup":"ETH","shapeType":"ADM2"}},
{"type":"Feature","geometry":{"type":"Polygon","coordinates":[[[36.83437992465172,10.343402319357356],[36.69244936589371,10.358250671953144],[36.68619493537457,10.318529295777338],[36.6929872073579,10.29722520980794],[36.61136426767646,10.260161341612443],[36.55527348706914,10.286009395735052],[36.516280029832345,10.240872940517036],[36.44614087452591,10.24678522437156],[36.121430676344474,9.972538797481072],[36.153125815272624,9.849907697842706],[36.12898890840951,9.85318962357685],[36.13725304405043,9.808427159525635],[36.10606773395382,9.774306544681194],[36.15983950759867,9.747921580767999],[36.23256054142439,9.57132332825998],[36.301810271392874,9.556516889844406],[36.3810946689677,9.481488248525253],[36.461956798893674,9.529061140874667],[36.515700743571614,9.445144656085516],[36.48489843003763,9.368884622785009],[36.37550282204967,9.359037651000131],[36.31978110054161,9.306873175125702],[36.27590139702334,9.34485298631125],[36.2191556511401,9.298142468025375],[36.23505179371447,9.348026681627953],[36.20667497795555,9.355758832481383],[36.19567675780357,9.289998385914638],[36.22970786089747,9.230061074794346],[36.16225431337162,9.106392888332666],[36.24726050465705,9.042008523147217],[36.13220906010752,9.0218366737106],[36.175074123389216,8.980474995025503],[36.24870438896604,8.974582910146138],[36.2229166475712,8.95124860176291],[36.26567547937596,8.929696005897503],[36.441156731909736,8.620829861611579],[36.604101001319066,8.551225357104016],[36.62313138159919,8.512128712678866],[36.661192459245875,8.51751809672137],[36.845828081322075,8.651695645618808],[36.98891211206935,8.669703523510366],[37.046574228648076,8.802931609300988],[37.187818413312854,8.873164883138937],[37.02844466570153,9.03556127510867],[37.050765815074776,9.165549791692445],[37.155979031959866,9.236913098910746],[37.01879611105247,9.44769520251464],[36.91346310966913,9.432127006832372],[36.881372447435446,9.487782273015243],[36.7250480860664,9.490322699452472],[36.65200034616731,9.52817043447608],[36.68691776824668,9.668457290127645],[36.74380940895226,9.677566251034584],[36.79945045133337,9.744958589720687],[36.91725478265748,9.795825178134006],[36.87608323736799,10.23051289428716],[36.83437992465172,10.343402319357356]]]},"properties":{"shapeName":"East Wellega","shapeISO":"","shapeID":"57463737B79125801583063","shapeGroup":"ETH","shapeType":"ADM2"}},
{"type":"Feature","geometry":{"type":"Polygon","coordinates":[[[39.40208632245803,13.622700367480583],[39.47489716762543,13.639647785095232],[39.57307386983849,13.576107611591693],[39.60837750169714,13.60155068917763],[39.63364179299403,13.559680568029165],[39.68392912893446,13.612388578918141],[39.74542121444243,13.571457903196778],[39.86478379529352,13.548808616304722],[39.88494657044235,13.748877061950422],[39.85407452745217,13.767140473019275],[39.83415597146645,13.919020059904899],[39.802534710176865,13.946216396931387],[39.86004250976981,13.966385466326884],[39.88681583447673,14.01281170577354],[39.84487508036539,14.050864147934774],[39.83850308665635,14.154795328830325],[39.768009713549006,14.140641682146835],[39.65083706563017,14.189207084827993],[39.69496294506545,14.241901479212483],[39.75818095380412,14.240433546422052],[39.72712413295297,14.303547029073222],[39.780081777297575,14.331114507489952],[39.772926748671374,14.374429385859],[39.95115102069327,14.360997889112587],[39.99172632623149,14.382544713989503],[39.98513896621056,14.432913739728514],[39.924637259597375,14.415569658160988],[39.76766391508772,14.541326226174807],[39.63856335885811,14.598994256402781],[39.592099783442684,14.662702191499456],[39.50354784753693,14.677564596440012],[39.4784062736594,14.604189972373623],[39.49398812689176,14.509438598186923],[39.36956795162681,14.538880392760792],[39.3720182630618,14.495185071461318],[39.324913886847376,14.498839944309735],[39.30169984756148,14.411966398102356],[39.24762997694185,14.405912320767998],[39.2287164024789,14.265002890633175],[39.34225415026601,14.088686487109],[39.305171239419046,13.993056546214644],[39.19092226210944,13.890785590900649],[39.22131573252694,13.79726768128968],[39.31858686732383,13.794069670661102],[39.314512634050075,13.739501885017724],[39.37625024523736,13.740842306848583],[39.42011623896761,13.703497408236016],[39.40208632245803,13.622700367480583]]]},"properties":{"shapeName":"Eastern\n","shapeISO":"","shapeID":"57463737B91204154361244","shapeGroup":"ETH","shapeType":"ADM2"}},
{"type":"Feature","geometry":{"type":"Polygon","coordinates":[[[42.858470018941944,8.786177019781217],[42.939607828699344,8.757207186417702],[43.03068930776463,8.630298215551704],[43.226934543130625,8.713959475048627],[43.29393580149567,8.652224713183518],[43.33516720667557,8.72246807150365],[43.30755732762964,8.854606176189183],[43.43480086566974,8.933558219086295],[43.54984471261772,9.10804160109951],[43.70654752572117,8.95550457049446],[43.87831179797153,8.983660939700677],[43.976464472703945,9.038015356841107],[43.62541803781242,9.347099307879468],[43.41640382677783,9.47784871156014],[43.27593186329311,9.702019208735083],[43.252302122163854,9.829187806365367],[43.099188980802595,9.922370345767382],[43.00541764911203,10.070387539940935],[42.88460544459868,10.187367746919179],[42.71524053511652,10.084858134339445],[42.75965086547836,9.966368562323344],[42.66471941477659,9.777515212842083],[42.854717597145076,9.663202105205375],[42.95183129079381,9.673471942355835],[42.97891076915642,9.629588946954472],[42.92194949047742,9.566099260592548],[42.81456427829822,9.573569347314498],[42.77721250105969,9.51288056094231],[42.53837443447797,9.373984087663],[42.58451181620017,9.216397568042835],[42.63562273911635,9.159542420637203],[42.60026726952905,9.107200228586175],[42.86625643464445,8.826161340966543],[42.858470018941944,8.786177019781217]]]},"properties":{"shapeName":"Fafan","shapeISO":"","shapeID":"57463737B89594176742126","shapeGroup":"ETH","shapeType":"ADM2"}},
{"type":"Feature","geometry":{"type":"Polygon","coordinates":[[[36.68404477121715,6.227172182432909],[36.73561496905316,6.166440028240324],[36.68391461046676,6.090399962831857],[36.71537474389833,6.062559876720434],[36.73924469930034,5.915179596241507],[36.817085096669246,5.913179509009589],[36.91194569479816,6.008809559881684],[36.96635594720709,5.983739457186233],[37.009926058446716,5.891429248065439],[37.000675787655304,5.69387891738275],[37.03080783230362,5.618657589926983],[37.06191956702752,5.708358120352473],[37.23975702307489,5.725778702927155],[37.28217727679419,5.758248707629286],[37.37674776018567,5.767458605032326],[37.47988819290914,5.703718382028382],[37.55661870491244,5.807238457371488],[37.652079222898195,5.84606839763148],[37.804548083848196,5.994491623034675],[37.77890759392607,6.150895535995912],[37.85296909922621,6.306068647705906],[37.79826850781869,6.430513374208143],[37.81540778501767,6.511838714111177],[37.816350999398445,6.55545917911552],[37.70884055127479,6.622129418073287],[37.62154008728384,6.609619525379317],[37.569469861696106,6.637079635473151],[37.536559662659414,6.613199653871353],[37.46615937527887,6.664609816329741],[37.29642855245474,6.701630097753031],[37.23475930275273,6.671110143824593],[37.197327962351466,6.645352160241225],[37.14605772331248,6.666780253336269],[36.996076841523625,6.591350349073449],[36.98100686154207,6.666180476560188],[36.93576667190974,6.702340585381461],[36.84674616540168,6.671050654185],[36.75480573160015,6.712040832082367],[36.68523035452489,6.702245903808952],[36.65425512883872,6.651910871695738],[36.37203339727804,6.452910905534699],[36.409753469828686,6.346280694770482],[36.4713177261647,6.284558522851571],[36.53668416209512,6.364745575669057],[36.574574334750714,6.34322049405423],[36.67050488578665,6.381920448357124],[36.68404477121715,6.227172182432909]]]},"properties":{"shapeName":"Gamo Gofa","shapeISO":"","shapeID":"57463737B86635569864278","shapeGroup":"ETH","shapeType":"ADM2"}},
{"type":"Feature","geometry":{"type":"Polygon","coordinates":[[[38.31121524492377,5.865036200705974],[38.39691065246815,5.921370809274139],[38.27253245004713,5.987892031629308],[38.377798605335364,6.16581338690596],[38.435508908802774,6.200059333994846],[38.42457734422207,6.366833083993248],[38.40423622519876,6.346830145040182],[38.39263371522721,6.403107571369053],[38.2974032701451,6.41697501309182],[38.28905366240756,6.361121651287927],[38.18924249191699,6.30553831796113],[38.18821759034831,6.183505694518122],[38.14220331214025,6.155754544419728],[38.10312041618194,6.181744062507653],[38.08068168989011,6.118288230078453],[38.1224117561154,6.017988033685581],[38.204552041044074,5.936337801355276],[38.19921189612205,5.850777688775156],[38.31121524492377,5.865036200705974]]]},"properties":{"shapeName":"Gedio","shapeISO":"","shapeID":"57463737B31962206171619","shapeGroup":"ETH","shapeType":"ADM2"}},
{"type":"Feature","geometry":{"type":"Polygon","coordinates":[[[39.21844316385255,6.292125488638816],[39.127752988255644,6.337350120562776],[39.08680817034762,6.253298094393203],[39.13270136601689,6.160082173952515],[39.035326286134115,6.138736834547315],[38.96143597430441,6.160566974750313],[38.874945783676075,6.302117274773896],[38.75879040804076,6.410342577778098],[38.70799513788896,6.393727640400808],[38.50462422853071,6.43761800668683],[38.42457734422207,6.366833083993248],[38.435508908802774,6.200059333994846],[38.377798605335364,6.16581338690596],[38.27253245004713,5.987892031629308],[38.39691065246815,5.921370809274139],[38.31121524492377,5.865036200705974],[38.32667680427638,5.755867107529301],[38.37739854940277,5.71809969583583],[38.413011818382046,5.737522760143337],[38.51013846040008,5.63069507405949],[38.633165966130825,5.649038826244626],[38.712737933057255,5.606157822603303],[38.74359848105636,5.515865714808133],[38.700717151606085,5.43764274496761],[38.82130985073172,5.28142622064719],[38.8407725092888,5.169583826226992],[38.908551654171596,5.10918120342752],[38.99516016064464,5.128047595780346],[39.02788465385204,5.078003642089428],[39.105706569466044,5.046236247425985],[39.19054838068501,4.904378568126501],[39.35193237155944,4.84924302526659],[39.36925263182279,4.777709309701534],[39.43497417560803,4.724993803418262],[39.52413643835296,4.720993939319869],[39.662439791191716,4.656939257322584],[39.74441203800114,4.724903029078849],[39.81371452380358,5.003468138005232],[39.94314859875238,5.286362630897117],[40.034541236810085,5.398152413599481],[39.94287893818909,5.405102067302653],[39.841676675874005,5.507183289219095],[39.68253266156995,5.518692743279954],[39.66498231965925,5.553909670841843],[39.715573883834985,5.646591276570603],[39.70444369432521,5.676498649456993],[39.64906240119438,5.716665246946732],[39.52413916863849,5.703266826284161],[39.47772814013051,5.756742216927421],[39.44839402940899,5.844549899564121],[39.46868396080156,5.891062553264223],[39.382707104890486,5.969830889506278],[39.320865452783856,6.183794772133603],[39.21844316385255,6.292125488638816]]]},"properties":{"shapeName":"Guji","shapeISO":"","shapeID":"57463737B6587793524925","shapeGroup":"ETH","shapeType":"ADM2"}},
{"type":"Feature","geometry":{"type":"Polygon","coordinates":[[[38.66686037076197,8.328064275069885],[38.640477238286365,8.413194318557116],[38.527675579620926,8.458712666907726],[38.4691193201248,8.436100127147483],[38.42246335981563,8.29013041157298],[38.34817206039954,8.255352162264723],[38.30786155442372,8.300800288389746],[38.31229183627739,8.371047191443513],[38.26714122336689,8.407735712279592],[38.13977917267057,8.410515973989012],[37.98898658004931,8.360628614935266],[37.92880565695878,8.37926797234664],[37.81707370047071,8.332910327586562],[37.70536189736597,8.338140422745267],[37.66687640151755,8.384638500212713],[37.61278043542421,8.355189940209435],[37.576890014943146,8.41516742527267],[37.53574384426248,8.424689750508005],[37.499379116823754,8.404718728580747],[37.46419623660095,8.312801111301837],[37.48898153603356,8.253479045040752],[37.62249265062348,8.21015107646476],[37.592948287386584,8.094261047480108],[37.603640711780514,7.965995933910968],[37.60435004423633,7.916370892366323],[37.73787268379801,7.872390629027129],[37.74142948273236,7.838337747956464],[37.76811582168332,7.835091187211691],[37.76918254539269,7.861249184077293],[37.865154362757075,7.753139311445268],[37.93693360445497,7.796925229222797],[37.92052028584916,7.843798143803302],[37.970644803060296,7.865245751921792],[37.99907262302474,7.818447133753497],[38.032424189074995,7.844770098602369],[38.168216487081565,8.053973209063134],[38.2554379431645,8.100685538208262],[38.262888725439886,8.020962790912339],[38.37952639086731,8.048809588052134],[38.43964657397209,7.980219434520127],[38.43160646653909,7.947629428815559],[38.52898679886419,7.859579191505206],[38.628535523110976,8.034725432189413],[38.54288515878653,8.24722193083887],[38.59437793248292,8.261309273383022],[38.67367799583189,8.09098904012723],[38.68302262995935,8.191544027785532],[38.71675788512741,8.232272054370569],[38.65178702311671,8.286189879790642],[38.66686037076197,8.328064275069885]]]},"properties":{"shapeName":"Gurage","shapeISO":"","shapeID":"57463737B1298615116598","shapeGroup":"ETH","shapeType":"ADM2"}},
{"type":"Feature","geometry":{"type":"MultiPolygon","coordinates":[[[[38.05259578711156,7.296834077732],[37.98326398504682,7.190700250866002],[37.895173149099485,7.20790232248939],[37.70754132832655,7.144318017658812],[37.80894177668814,7.095249807814739],[37.914437021066135,7.114048781034809],[37.96022257550015,7.109529581184351],[37.998244692523095,7.062985477126849],[38.06224843784271,7.073429504064315],[38.101033454010604,7.208299449091232],[38.05259578711156,7.296834077732]]],[[[38.106656849188894,7.451127241048712],[38.08980389514505,7.503599728825804],[38.12185424817147,7.612209765306094],[38.05872859903358,7.623025262171362],[38.033561165128845,7.699711760618984],[37.88111661110048,7.683750576016283],[37.865154362757075,7.753139311445268],[37.76918254539269,7.861249184077293],[37.76811582168332,7.835091187211691],[37.74142948273236,7.838337747956464],[37.73787268379801,7.872390629027129],[37.60435004423633,7.916370892366323],[37.535511255043744,7.666010800910598],[37.44591061828807,7.565490853192383],[37.38053845483734,7.381191214816388],[37.332028031566004,7.344638444696382],[37.36097977085722,7.311860724762153],[37.53933072978824,7.323430462086145],[37.59196098610105,7.31134037064819],[37.58213085887394,7.261210332678293],[37.63150118236563,7.304100304049267],[37.69278144049524,7.267370171911346],[37.837255828722576,7.474977530886242],[37.93391293012965,7.411749914408653],[38.03039026261804,7.419013947124657],[38.106656849188894,7.451127241048712]]]]},"properties":{"shapeName":"Hadiya","shapeISO":"","shapeID":"57463737B63499939283868","shapeGroup":"ETH","shapeType":"ADM2"}},
{"type":"Feature","geometry":{"type":"Polygon","coordinates":[[[42.07459914709435,9.22198002931699],[42.26036363019604,9.193291554339309],[42.25391459952841,9.384804276408532],[42.18835282910506,9.362686662438637],[42.13006153119273,9.38967457135483],[42.07137955273831,9.304952563197709],[42.07459914709435,9.22198002931699]]]},"properties":{"shapeName":"Hareri","shapeISO":"","shapeID":"57463737B51121866066295","shapeGroup":"ETH","shapeType":"ADM2"}},
{"type":"Feature","geometry":{"type":"Polygon","coordinates":[[[37.04667566253383,10.289335220810853],[36.83437992465172,10.343402319357356],[36.87608323736799,10.23051289428716],[36.91725478265748,9.795825178134006],[36.79945045133337,9.744958589720687],[36.74380940895226,9.677566251034584],[36.68691776824668,9.668457290127645],[36.65200034616731,9.52817043447608],[36.7250480860664,9.490322699452472],[36.881372447435446,9.487782273015243],[36.91346310966913,9.432127006832372],[37.01879611105247,9.44769520251464],[37.155979031959866,9.236913098910746],[37.31381306775015,9.157919367174156],[37.48209834605932,9.30323590009715],[37.64634314653534,9.365879679537588],[37.62249395148181,9.68984133767712],[37.67531131300107,9.862887006224398],[37.53005073508072,9.997136896957745],[37.399086405237924,10.047106543493317],[37.324063799945485,10.009061382817814],[37.28852039574447,10.06383408671971],[37.19154394988505,10.11250680151336],[37.16850842548395,10.164219809309511],[37.19680435129066,10.231851308179497],[37.04667566253383,10.289335220810853]]]},"properties":{"shapeName":"Horo Guduru","shapeISO":"","shapeID":"57463737B15837769236873","shapeGroup":"ETH","shapeType":"ADM2"}},
{"type":"Feature","geometry":{"type":"Polygon","coordinates":[[[34.99622490888289,7.749136460844459],[35.077849335348,7.732168811393592],[35.11678783926763,7.646263195236756],[35.21308058125778,7.652667295623539],[35.2234895946662,7.704268299611241],[35.341637246647544,7.777769766750906],[35.35061910864942,7.836028096456326],[35.40133989474721,7.830728010853684],[35.43429299913166,7.883905777874374],[35.521489494471986,7.896755040070315],[35.55539490249072,7.821368206289827],[35.60698744718373,7.810733610283991],[35.74030811755961,7.867775808525191],[35.800492054669014,7.933753597122734],[35.72362173552168,8.023603796197007],[35.7665390414667,8.082366507823508],[35.86956344414293,8.066428072270368],[35.93436097201244,8.161171825520997],[36.073274874109664,8.168200742556923],[36.12760652187763,8.207717106450144],[36.18497804808892,8.186988721021747],[36.331371313207036,8.242929321754206],[36.41738444196148,8.168679528909989],[36.393493491203394,8.084456979647737],[36.41624399127619,8.047250164759127],[36.570328276679525,8.054988955360079],[36.598538853089124,7.994984116339837],[36.634829868454695,7.999663580720289],[36.66800096821214,8.05253883440925],[36.72189246346813,8.055958341203235],[36.77701419570975,8.116372847375388],[36.79960474416774,8.094624678887353],[36.82056549152522,8.143240339969005],[36.75078400697382,8.264779923063275],[36.72246390309435,8.4496338241563],[36.661192459245875,8.51751809672137],[36.62313138159919,8.512128712678866],[36.604101001319066,8.551225357104016],[36.441156731909736,8.620829861611579],[36.26567547937596,8.929696005897503],[36.2229166475712,8.95124860176291],[36.175074123389216,8.980474995025503],[36.13220906010752,9.0218366737106],[36.10933309574206,9.081074917462827],[36.0763161042914,9.0636825586207],[36.08732481603691,9.013666072985519],[36.04293338367426,9.016096956394417],[36.01066661793497,8.895808480450679],[35.96562439362171,8.885808441537046],[35.882631725422755,8.795926579381986],[35.907542135990184,8.714233621603972],[35.85957661881387,8.667043907481839],[35.70720648884486,8.711164594328178],[35.594393149725505,8.666188899296104],[35.42204866438848,8.780499533297032],[35.359036650121844,8.713255602187791],[35.232593022447496,8.699497221773111],[35.20712239519291,8.729064732968169],[35.123119694007435,8.633683305752834],[35.110779209262525,8.591057051784201],[35.19091131330316,8.540681175166782],[35.19060116969107,8.49820487372043],[35.034836694805435,8.482036776095603],[34.99291539224364,8.446362010511352],[34.95834412008948,8.354388117707444],[34.96554395270974,8.24846544557912],[35.11966880018406,8.20173111768405],[35.158415374963994,8.137837819253448],[35.089842192045005,8.115052100749011],[35.14177951601836,7.990168363945013],[35.00923234111631,7.924648882126335],[35.00136724929,7.863473810677057],[34.945025873930156,7.880544065657013],[34.9327277258259,7.72933269524675],[34.99622490888289,7.749136460844459]]]},"properties":{"shapeName":"Ilubabor","shapeISO":"","shapeID":"57463737B22829161726493","shapeGroup":"ETH","shapeType":"ADM2"}},
{"type":"Feature","geometry":{"type":"Polygon","coordinates":[[[45.62180862558849,8.443989798989966],[44.15731812857325,8.938993309502134],[43.976464472703945,9.038015356841107],[43.87831179797153,8.983660939700677],[43.70654752572117,8.95550457049446],[43.54984471261772,9.10804160109951],[43.43480086566974,8.933558219086295],[43.30755732762964,8.854606176189183],[43.33516720667557,8.72246807150365],[43.29393580149567,8.652224713183518],[43.226934543130625,8.713959475048627],[43.03068930776463,8.630298215551704],[42.939607828699344,8.757207186417702],[42.858470018941944,8.786177019781217],[42.83291487262544,8.696293333048846],[42.90624601701756,8.583293198452827],[42.89977489495306,8.410188984212633],[42.76909146200312,8.36426387710557],[42.679438118805365,8.148433972852715],[42.755858049778034,7.777167340093846],[42.976512970126244,7.699363304938183],[43.15185723333614,7.710141436922494],[42.865907561894055,7.134755268770339],[42.85288688459272,7.054822606882097],[42.99689056671185,7.107687122042226],[43.343619872243494,7.328315332031672],[43.75318082190541,7.583879880379738],[44.022147686642285,7.690778658240452],[44.24228285008847,7.700206616730277],[44.51784893353647,7.651879569882151],[44.903577430906694,7.597202500705059],[45.06182157262491,7.698362267961497],[45.44626202033975,8.010811091569277],[45.55232537209578,8.171545526049501],[45.62180862558849,8.443989798989966]]]},"properties":{"shapeName":"Jarar","shapeISO":"","shapeID":"57463737B12747542791958","shapeGroup":"ETH","shapeType":"ADM2"}},
{"type":"Feature","geometry":{"type":"Polygon","coordinates":[[[37.332028031566004,7.344638444696382],[37.38053845483734,7.381191214816388],[37.44591061828807,7.565490853192383],[37.402000569202386,7.683831033734492],[37.437521149161554,7.919671173201035],[37.39259657165765,7.99403672022235],[37.49160751577954,8.01819499909717],[37.54008813046165,7.954997629320299],[37.603640711780514,7.965995933910968],[37.592948287386584,8.094261047480108],[37.62249265062348,8.21015107646476],[37.48898153603356,8.253479045040752],[37.46419623660095,8.312801111301837],[37.26265933019297,8.58624978646483],[37.22584831217792,8.585569989344144],[37.17979737411317,8.668552878691271],[37.142426397360104,8.682871768509505],[37.225849049156544,8.771213679513162],[37.187818413312854,8.873164883138937],[37.046574228648076,8.802931609300988],[36.98891211206935,8.669703523510366],[36.845828081322075,8.651695645618808],[36.661192459245875,8.51751809672137],[36.72246390309435,8.4496338241563],[36.75078400697382,8.264779923063275],[36.82056549152522,8.143240339969005],[36.79960474416774,8.094624678887353],[36.77701419570975,8.116372847375388],[36.72189246346813,8.055958341203235],[36.66800096821214,8.05253883440925],[36.634829868454695,7.999663580720289],[36.598538853089124,7.994984116339837],[36.570328276679525,8.054988955360079],[36.41624399127619,8.047250164759127],[36.393493491203394,8.084456979647737],[36.41738444196148,8.168679528909989],[36.331371313207036,8.242929321754206],[36.18497804808892,8.186988721021747],[36.12760652187763,8.207717106450144],[36.073274874109664,8.168200742556923],[35.93436097201244,8.161171825520997],[35.86956344414293,8.066428072270368],[35.90590108196296,7.947162021947064],[35.84938989006271,7.840116761876223],[35.9980121703374,7.74628047369452],[36.05268287764617,7.655074284766012],[36.036102421223454,7.573757832843354],[36.157334370210975,7.543798851171807],[36.37541769904498,7.41676385026572],[36.63374187306088,7.379054901403975],[36.785018254545975,7.256497068604713],[36.8417289115696,7.327186010054205],[36.879948149678874,7.330890137666423],[36.965440475408634,7.225937576715242],[37.129389616943236,7.229650223618456],[37.332028031566004,7.344638444696382]]]},"properties":{"shapeName":"Jimma","shapeISO":"","shapeID":"57463737B95697256598451","shapeGroup":"ETH","shapeType":"ADM2"}},
{"type":"Feature","geometry":{"type":"Polygon","coordinates":[[[35.97111102873532,6.238810987954315],[36.02859136928251,6.272650983736862],[36.039906499379484,6.338816088300882],[36.12069201764115,6.417321130247789],[36.17979234835885,6.428931085353167],[36.237072606492234,6.389840958012231],[36.32246313825361,6.457590970058351],[36.3462835488157,6.70264131846722],[36.41331182469638,6.784651910570887],[36.47759051569007,6.806267388881597],[36.46303448068904,6.950611530243775],[36.58718528840322,7.058441518649368],[36.59669542272457,7.125011590982826],[36.674725836715595,7.116471472482351],[36.785018254545975,7.256497068604713],[36.63374187306088,7.379054901403975],[36.37541769904498,7.41676385026572],[36.157334370210975,7.543798851171807],[36.036102421223454,7.573757832843354],[36.05268287764617,7.655074284766012],[35.9980121703374,7.74628047369452],[35.84938989006271,7.840116761876223],[35.90590108196296,7.947162021947064],[35.86956344414293,8.066428072270368],[35.7665390414667,8.082366507823508],[35.72362173552168,8.023603796197007],[35.800492054669014,7.933753597122734],[35.74030811755961,7.867775808525191],[35.60698744718373,7.810733610283991],[35.61283073268613,7.728133590608777],[35.589670573655916,7.708223593902822],[35.61268066125546,7.671833522554057],[35.57351038486089,7.623943508363422],[35.58824033578421,7.511983345690652],[35.52488994594804,7.484623382736157],[35.48947967532666,7.426509343693557],[35.48193945762852,7.270573135373776],[35.664932412623045,7.209888846803958],[35.72928060256106,7.059992558460012],[35.690397046849526,6.989465753349745],[35.77842284679633,7.016295247908676],[35.81559818812342,7.076397752388297],[35.839155720759884,7.06717011653441],[35.8428915106921,6.998199233327597],[35.879811404412834,7.034702352781395],[35.8696314193723,7.096482451504489],[35.922161735621955,7.120432426791737],[35.981371986753075,7.055042262798945],[36.07448222019072,6.816861807673381],[36.08100205592634,6.645641541881959],[36.13281222479316,6.544541319658321],[36.107772020618015,6.482511253242873],[36.030961571251765,6.450351285314737],[35.985996256351406,6.379996214894875],[35.97111102873532,6.238810987954315]]]},"properties":{"shapeName":"Keffa","shapeISO":"","shapeID":"57463737B32863879872033","shapeGroup":"ETH","shapeType":"ADM2"}},
{"type":"Feature","geometry":{"type":"Polygon","coordinates":[[[34.96554395270974,8.24846544557912],[34.95834412008948,8.354388117707444],[34.99291539224364,8.446362010511352],[35.034836694805435,8.482036776095603],[35.19060116969107,8.49820487372043],[35.19091131330316,8.540681175166782],[35.110779209262525,8.591057051784201],[35.123119694007435,8.633683305752834],[35.20712239519291,8.729064732968169],[35.232593022447496,8.699497221773111],[35.359036650121844,8.713255602187791],[35.42204866438848,8.780499533297032],[35.42954920843111,8.875941198208325],[35.34266691564164,8.925057224590043],[35.30860570341503,9.007982669586113],[35.25579521055053,9.003080682239878],[35.259675724355674,9.045080912432951],[35.157888169957204,9.072391050451696],[35.0867207709761,9.253199584812789],[34.924846425725754,9.33768281623875],[34.91643629394831,9.368680160053826],[34.851163985015575,9.243561238473552],[34.74981088246683,9.186606517962671],[34.61724699429054,9.16438888424212],[34.571525526484976,9.11710312776681],[34.50682376678195,9.148010659576336],[34.39401041587435,9.117373679338447],[34.504450749406914,9.005187334301807],[34.431392001868886,8.968493269753226],[34.145447272028605,8.963296269865472],[34.142309771277645,8.653036575669272],[34.28012596766961,8.709916498141311],[34.31316672470975,8.683181549556338],[34.35896182402598,8.523139142409455],[34.31403356912282,8.391035740186197],[34.34801806241519,8.377755665789598],[34.523429250056395,8.476644295010207],[34.575016697804266,8.404585118249063],[34.72949855382415,8.391128690201654],[34.78599838958863,8.356352042142401],[34.78655120154711,8.304753234576285],[34.827175836163754,8.263053034464415],[34.96554395270974,8.24846544557912]]]},"properties":{"shapeName":"Kelem Wellega","shapeISO":"","shapeID":"57463737B75894737720042","shapeGroup":"ETH","shapeType":"ADM2"}},
{"type":"Feature","geometry":{"type":"MultiPolygon","coordinates":[[[[36.175074123389216,8.980474995025503],[36.2229166475712,8.95124860176291],[36.24870438896604,8.974582910146138],[36.175074123389216,8.980474995025503]]],[[[35.3254564081145,9.885771301917677],[35.36455328101903,9.814024323084109],[35.420394027378144,9.786128468921113],[35.379595667174286,9.766391642973629],[35.369161200395695,9.720278678898415],[35.46918992875652,9.67136948834178],[35.55449578779459,9.697109329824725],[35.65420839986266,9.635924264472907],[35.648262152808776,9.5543134575001],[35.77809872416911,9.441152052840998],[35.75089353173935,9.40409923053882],[35.75752014234358,9.324660950124132],[35.911864438350975,9.31698115692431],[35.950097411610834,9.250182561159914],[36.03235541918933,9.23445616820804],[36.04293338367426,9.016096956394417],[36.08732481603691,9.013666072985519],[36.0763161042914,9.0636825586207],[36.10933309574206,9.081074917462827],[36.13220906010752,9.0218366737106],[36.24726050465705,9.042008523147217],[36.16225431337162,9.106392888332666],[36.22970786089747,9.230061074794346],[36.19567675780357,9.289998385914638],[36.20667497795555,9.355758832481383],[36.23505179371447,9.348026681627953],[36.2191556511401,9.298142468025375],[36.27590139702334,9.34485298631125],[36.31978110054161,9.306873175125702],[36.37550282204967,9.359037651000131],[36.48489843003763,9.368884622785009],[36.515700743571614,9.445144656085516],[36.461956798893674,9.529061140874667],[36.3810946689677,9.481488248525253],[36.301810271392874,9.556516889844406],[36.23256054142439,9.57132332825998],[36.15983950759867,9.747921580767999],[36.10606773395382,9.774306544681194],[36.13725304405043,9.808427159525635],[36.12898890840951,9.85318962357685],[36.153125815272624,9.849907697842706],[36.121430676344474,9.972538797481072],[36.44614087452591,10.24678522437156],[36.516280029832345,10.240872940517036],[36.55527348706914,10.286009395735052],[36.61136426767646,10.260161341612443],[36.6929872073579,10.29722520980794],[36.68619493537457,10.318529295777338],[36.6062654224623,10.365650408127488],[36.540037351708065,10.365909887022873],[36.52756978289683,10.48381647639623],[36.42862458829111,10.455534253145345],[36.41603926544355,10.354065402618579],[36.3399412481821,10.269806260957344],[36.33078925707553,10.216506078542405],[36.212782750416316,10.103376316257545],[36.045665969321135,10.128527642776529],[36.00554519176036,10.1110611268082],[35.98231729253252,10.133653504053925],[35.89684726995326,10.045447337879407],[35.88203510683879,9.990202386049944],[35.73396268778756,10.036282312786767],[35.713716008549895,9.952486216979894],[35.631214634415066,9.961163855051913],[35.570732656174876,10.06312927842588],[35.33402818634932,10.1794789630006],[35.30166536640424,10.455243965022213],[35.15459440635879,10.556038303798992],[35.21556538792225,10.900475445783758],[35.17037849791002,10.977764327544703],[35.189850699983424,11.107128853132227],[35.09243637697077,11.202708952237268],[35.01513301991098,11.2301634997496],[34.985318974869514,11.214377536891197],[34.95733923386581,10.957923387232423],[34.9831050291502,10.89941387851795],[35.08176047939539,10.847530747527635],[35.06878370433652,10.663202004646761],[35.01100677055882,10.52957717171259],[35.05134293156506,10.526285783581406],[35.03460982756297,10.484308962875318],[35.1180870501079,10.40559344275606],[35.181426525807886,10.402557437697189],[35.21544533549757,10.28522793331756],[35.18914801708722,10.239346491888817],[35.248764827553046,10.05963423550794],[35.33159016123382,10.022579657823044],[35.34949230257714,9.963901217647749],[35.3254564081145,9.885771301917677]]]]},"properties":{"shapeName":"Kemashi","shapeISO":"","shapeID":"57463737B3908522439812","shapeGroup":"ETH","shapeType":"ADM2"}},
{"type":"Feature","geometry":{"type":"Polygon","coordinates":[[[36.965440475408634,7.225937576715242],[36.879948149678874,7.330890137666423],[36.8417289115696,7.327186010054205],[36.785018254545975,7.256497068604713],[36.674725836715595,7.116471472482351],[36.59669542272457,7.125011590982826],[36.58718528840322,7.058441518649368],[36.46303448068904,6.950611530243775],[36.47759051569007,6.806267388881597],[36.41331182469638,6.784651910570887],[36.3462835488157,6.70264131846722],[36.32246313825361,6.457590970058351],[36.37203339727804,6.452910905534699],[36.65425512883872,6.651910871695738],[36.68523035452489,6.702245903808952],[36.6886254598111,6.771920995674678],[36.817516471583886,7.021541167340353],[36.867557011725346,7.220461341537001],[36.965440475408634,7.225937576715242]]]},"properties":{"shapeName":"Konta","shapeISO":"","shapeID":"57463737B85243758761860","shapeGroup":"ETH","shapeType":"ADM2"}},
{"type":"Feature","geometry":{"type":"Polygon","coordinates":[[[44.51784893353647,7.651879569882151],[44.24228285008847,7.700206616730277],[44.022147686642285,7.690778658240452],[43.75318082190541,7.583879880379738],[43.343619872243494,7.328315332031672],[43.34861840794563,6.998985393235488],[43.70890470003549,6.530686574245102],[43.86548712114827,6.257490902687662],[43.90485723682158,6.071067813611435],[43.93272778010936,6.047849821335679],[44.26360464720497,5.880353809118811],[44.43567848169543,5.865954412537431],[44.66198328715492,5.798429683074412],[45.53691227498079,5.721263113821803],[45.66920471848176,5.623661602537506],[45.94630193084287,5.911023686869018],[45.19633712381685,6.242426358040662],[45.15663651221671,6.300621157300703],[45.089926699004195,6.650989055866919],[44.732531060918404,7.129406626880256],[44.51784893353647,7.651879569882151]]]},"properties":{"shapeName":"Korahe","shapeISO":"","shapeID":"57463737B1594897228976","shapeGroup":"ETH","shapeType":"ADM2"}},
{"type":"Feature","geometry":{"type":"Polygon","coordinates":[[[38.03039026261804,7.419013947124657],[37.93391293012965,7.411749914408653],[37.837255828722576,7.474977530886242],[37.69278144049524,7.267370171911346],[37.63150118236563,7.304100304049267],[37.58213085887394,7.261210332678293],[37.59196098610105,7.31134037064819],[37.53933072978824,7.323430462086145],[37.36097977085722,7.311860724762153],[37.34799965276287,7.279200710333908],[37.391254817284505,7.235840599748625],[37.47517018669325,7.186910419070585],[37.53635050478887,7.188620333255556],[37.70754132832655,7.144318017658812],[37.895173149099485,7.20790232248939],[37.98326398504682,7.190700250866002],[38.05259578711156,7.296834077732],[37.985885824719126,7.302689377596654],[38.058944680584055,7.383415728450503],[38.03039026261804,7.419013947124657]]]},"properties":{"shapeName":"KT","shapeISO":"","shapeID":"57463737B7073767873208","shapeGroup":"ETH","shapeType":"ADM2"}},
{"type":"Feature","geometry":{"type":"Polygon","coordinates":[[[40.92317440350772,5.684714012142507],[40.63392670144253,5.531418674932532],[40.533763830541794,5.412009660427548],[40.17529465804461,5.35474586238024],[40.034541236810085,5.398152413599481],[39.94314859875238,5.286362630897117],[39.81371452380358,5.003468138005232],[39.74441203800114,4.724903029078849],[39.746751949840515,4.668008062246701],[39.540535701134914,4.236636711080569],[39.47912371340624,4.04181403620316],[39.50052409432933,3.96722056851441],[39.2855379571311,3.62460114073859],[39.09370290823949,3.535509322788054],[39.2012955521642,3.480643933029437],[39.494542942031686,3.459005290254887],[39.54473410888602,3.403040115112521],[39.582735210665945,3.479653311163613],[39.77189033773829,3.669886205991924],[39.86274301622895,3.865588762410889],[40.19163163106859,4.037562838370837],[40.77605669879679,4.278660044504735],[41.05788301628138,4.027931679490549],[41.17301567608122,3.96316717591279],[41.90157334657191,3.986783307483239],[42.05827742032401,4.119870980742926],[42.05811771629247,4.233040831385047],[41.90430422506043,4.306294663425403],[41.68762979366857,4.594449416787268],[41.51515651910217,4.910931527543684],[41.40504414936894,5.016242410770316],[41.313272362628304,5.16685918837044],[41.285532275514235,5.354052476006293],[41.18196015196344,5.48554101930994],[41.1179890684951,5.63561776071596],[41.00823653376464,5.690763184368769],[40.92317440350772,5.684714012142507]]]},"properties":{"shapeName":"Liben","shapeISO":"","shapeID":"57463737B84149246133198","shapeGroup":"ETH","shapeType":"ADM2"}},
{"type":"Feature","geometry":{"type":"Polygon","coordinates":[[[34.97090990130321,7.23523553909201],[35.05466554924665,7.18547516013204],[35.11501967654015,7.103363768329956],[35.20531919738547,7.100832813543093],[35.23521597903975,7.139146960731712],[35.38110991083476,7.124037492999235],[35.33474483989228,7.181144603715019],[35.373617013845575,7.232234555221307],[35.346567141177786,7.240184416048622],[35.39305851142094,7.397375554107203],[35.31031307148153,7.480363598959257],[35.19000801051844,7.456813716273032],[35.123156194422485,7.479786475697198],[35.1726716966792,7.533934462557281],[35.16706055104025,7.616044439096592],[35.11678783926763,7.646263195236756],[35.077849335348,7.732168811393592],[34.99622490888289,7.749136460844459],[35.00322874157839,7.633982271613458],[34.90270658066362,7.616793250586456],[34.88395400279865,7.564921301632829],[34.83727106968253,7.541524226732089],[34.9024382731839,7.488291186005157],[34.91380975142311,7.379096690513712],[34.97247932227398,7.338565474416074],[34.97090990130321,7.23523553909201]]]},"properties":{"shapeName":"Majang","shapeISO":"","shapeID":"57463737B25474915943822","shapeGroup":"ETH","shapeType":"ADM2"}},
{"type":"Feature","geometry":{"type":"Polygon","coordinates":[[[35.96659989858646,11.985376722521396],[35.84904535013989,11.841051529871455],[35.66737194367433,11.82671658274152],[35.66249180707588,11.794187159501362],[35.517718726890976,11.718827949015319],[35.42255917966593,11.730213690868553],[35.29670029234907,11.79996179202853],[35.25787444876765,11.93503840961656],[35.0982007340979,11.815268283728466],[35.047367597705396,11.736046531656653],[35.078763079152786,11.522296416349157],[34.92647063553171,11.244149656134713],[34.985318974869514,11.214377536891197],[35.01513301991098,11.2301634997496],[35.09243637697077,11.202708952237268],[35.189850699983424,11.107128853132227],[35.17037849791002,10.977764327544703],[35.21556538792225,10.900475445783758],[35.15459440635879,10.556038303798992],[35.30166536640424,10.455243965022213],[35.33402818634932,10.1794789630006],[35.570732656174876,10.06312927842588],[35.631214634415066,9.961163855051913],[35.713716008549895,9.952486216979894],[35.73396268778756,10.036282312786767],[35.88203510683879,9.990202386049944],[35.89684726995326,10.045447337879407],[35.98231729253252,10.133653504053925],[36.00554519176036,10.1110611268082],[36.045665969321135,10.128527642776529],[36.212782750416316,10.103376316257545],[36.33078925707553,10.216506078542405],[36.3399412481821,10.269806260957344],[36.41603926544355,10.354065402618579],[36.42862458829111,10.455534253145345],[36.359921304649696,10.531232534927655],[36.31900612595292,10.528920417489148],[36.282434676800236,10.605469433228214],[36.3780066639937,10.786650945698113],[36.28602979639564,10.745481176502038],[36.283041589396255,10.804760436857189],[36.42335633335242,11.032240534447638],[36.525877963664584,11.113577576369893],[36.57578350355948,11.101575712261944],[36.55013411566927,11.138678952823241],[36.46840068733102,11.156271150968637],[36.460984820876384,11.227289037313575],[36.49575979636826,11.289803126420345],[36.557674393685055,11.302965937907047],[36.53533800501937,11.336140025135355],[36.56468544175119,11.372192662257786],[36.513017139088596,11.459113397520733],[36.410739888906186,11.414752085161673],[36.44509701780032,11.493641745585228],[36.3759469280483,11.608503165604098],[36.349212785712176,11.60618376601319],[36.32985755021206,11.797495095087145],[36.14561396206195,11.68643523465934],[36.11914395855189,11.706626956614794],[36.106016861289866,11.816697486588051],[35.96659989858646,11.985376722521396]]]},"properties":{"shapeName":"Metekel","shapeISO":"","shapeID":"57463737B57190037536303","shapeGroup":"ETH","shapeType":"ADM2"}},
{"type":"Feature","geometry":{"type":"Polygon","coordinates":[[[42.204365854921534,7.195830766637419],[42.27757367125248,7.202841794599823],[42.63486169312145,7.064452732275534],[42.85288688459272,7.054822606882097],[42.865907561894055,7.134755268770339],[43.15185723333614,7.710141436922494],[42.976512970126244,7.699363304938183],[42.755858049778034,7.777167340093846],[42.679438118805365,8.148433972852715],[42.631546915817644,8.141544851219232],[42.57901610232085,8.22963712765825],[42.52105602977521,8.479794727687755],[42.32395149568273,8.53785052871791],[42.26399055630667,8.637021876739677],[42.23358979791356,8.636102120162947],[42.07063498839808,8.495055764498984],[42.026913540322575,8.426922157526437],[42.027961493806366,8.324121937778152],[41.949310439355,8.202002897598456],[41.91330776428168,7.845535312379242],[41.95804853041212,7.77593139117953],[41.868005156402035,7.53394370750703],[41.89702531229749,7.412384559665814],[42.20001923367102,7.292629274357429],[42.204365854921534,7.195830766637419]]]},"properties":{"shapeName":"Nogob","shapeISO":"","shapeID":"57463737B76500923720199","shapeGroup":"ETH","shapeType":"ADM2"}},
{"type":"Feature","geometry":{"type":"Polygon","coordinates":[[[36.65453261894312,11.642601086771121],[36.71327125469778,11.687192019915214],[36.786239920480156,11.677618476341255],[36.87519375288019,11.749473974706744],[36.86727646215923,11.839052901701894],[36.99344554322572,11.897686883308673],[37.02102843105082,11.929887955507011],[37.036002949406836,12.156192010099748],[37.1438671885671,12.265847466745637],[37.18193237953293,12.194032450406144],[37.25420573590492,12.195704859958072],[37.28728336456678,12.205476618666975],[37.31472397831488,12.269764180595937],[37.37449998847234,12.257878370923114],[37.48026887624775,12.300202978363984],[37.558948607906075,12.22445011788107],[37.59972467556609,12.127303887476062],[37.64260435120494,12.122426352480007],[37.63731631058123,12.146802764991065],[37.753498932139905,12.18789093627157],[37.75688507792029,12.2128851211443],[37.65559477397766,12.276640228339991],[37.686308961353014,12.342387698338019],[37.721854443669166,12.327835350118363],[37.76681920450768,12.364716901546087],[37.81511114827258,12.29184892056504],[37.813213255996345,12.235361068404478],[37.88406942451393,12.28973323471088],[37.959908203255566,12.219015539088723],[37.94392240091075,12.30359333314183],[37.991993497992745,12.292642692060484],[38.063075811677514,12.332746091122768],[38.069664597342594,12.305484540643704],[38.10939943398626,12.306063860051635],[38.26093769552331,12.394603980721772],[38.36522008534541,12.524991751675218],[38.42331909570829,12.549831169349364],[38.47793502339885,12.607981817700585],[38.450424153983064,12.671570435938165],[38.464186566287566,12.740969101741639],[38.33361841201372,12.76212163996163],[38.34814546291385,12.905219794136672],[38.38811472287365,12.893501630892787],[38.39108826943049,12.92826893287485],[38.338561797928264,12.95205071592395],[38.34480050152736,13.006120514409044],[38.384977439157204,13.01783849743446],[38.3818318641351,13.063801556200676],[38.46243197176774,13.046088313297846],[38.46337035996554,13.089119883955949],[38.511573449083826,13.109371253797184],[38.515619396802315,13.159732907061189],[38.55963079507841,13.199349721676993],[38.556091288540344,13.261697459331101],[38.74013500889575,13.297116217122795],[38.72271592682848,13.408714144243781],[38.69684154829901,13.389644926209561],[38.62321974665159,13.411890726051093],[38.6166367796656,13.452061203691027],[38.67728030231902,13.484097624799283],[38.67680493258271,13.498274480304046],[38.66300008492586,13.531834822656934],[38.61489382809608,13.491343824239044],[38.59096052860854,13.506779761902518],[38.461836285233,13.460221683276425],[38.55479359954869,13.550960269917722],[38.45446775195138,13.557598042074641],[38.4416507405724,13.585054939984975],[38.40735226796881,13.540064694133132],[38.328725486733866,13.550978114719534],[38.32069850423729,13.502808964930733],[38.27975820561625,13.486177661612365],[38.248798393560804,13.502319931445808],[38.14603073799108,13.472338724012097],[38.121828371533546,13.506961715703497],[38.06027705291704,13.467852665364994],[38.00201425557631,13.501755639062358],[37.904933936955345,13.44771198269657],[37.86723190280671,13.47578801950324],[37.81773608470343,13.463837463795944],[37.7698544717837,13.563252652656772],[37.77689716669676,13.634150629135581],[37.63792356443966,13.41456216564539],[37.51860396860291,13.367146011883538],[37.3660618454686,13.360522964864469],[37.322646006617006,13.297855140937452],[37.25133432848453,13.295671910502772],[37.205525074389506,13.256393785549214],[37.03576796749419,13.353937776008445],[36.920001866185615,13.377495923938364],[36.825597873982424,13.448912537874955],[36.73546544156982,13.363746329983009],[36.60561037159872,13.37830048809841],[36.56722395489002,13.446868169836378],[36.6019258716428,13.499088397927721],[36.52035750652235,13.586167675157132],[36.45197791692732,13.769344829082145],[36.38214845295286,13.545896585979094],[36.278800643701544,13.36668980347931],[36.15794849432694,12.963652268102592],[36.18183595320747,12.874143524233544],[36.158053970935924,12.68736485068772],[36.051880772222255,12.722778132423096],[35.69962553012219,12.668474577949327],[35.430535015487905,12.237162733481924],[35.43841839009613,12.198043791282775],[35.401439738149584,12.186529701062307],[35.33263828902328,12.067530705824355],[35.340530648244346,12.024171880771037],[35.30317288993867,12.016306491556383],[35.25787444876765,11.93503840961656],[35.29670029234907,11.79996179202853],[35.42255917966593,11.730213690868553],[35.517718726890976,11.718827949015319],[35.66249180707588,11.794187159501362],[35.66737194367433,11.82671658274152],[35.84904535013989,11.841051529871455],[35.96659989858646,11.985376722521396],[36.057562078972495,12.021129870813533],[36.06494335337454,12.048719797855252],[36.18742083558027,11.999666603602163],[36.34219309667927,12.0508380995575],[36.58805689151879,11.958429922656283],[36.62844764281818,11.910479848245291],[36.5855999024389,11.879280258109585],[36.58149693181189,11.785016338053008],[36.63314237930274,11.717147405767646],[36.66163211615941,11.726847398635275],[36.65453261894312,11.642601086771121]]]},"properties":{"shapeName":"North Gonder","shapeISO":"","shapeID":"57463737B33844308695129","shapeGroup":"ETH","shapeType":"ADM2"}},
{"type":"Feature","geometry":{"type":"Polygon","coordinates":[[[39.8182829325792,9.13734420865829],[39.813875557467675,9.17213732899991],[39.87389345728262,9.22831427236269],[39.85786884169996,9.271092253062609],[39.886853123017225,9.270377530745776],[39.84499952131073,9.315196980002836],[39.79000327750797,9.305234887369789],[39.75068767786241,9.370224673251435],[39.79234114772906,9.370829072372851],[39.822318834543026,9.41844544148596],[39.87951008709171,9.401417202851128],[39.83838941512853,9.50289683229668],[39.88466042016878,9.611621346838453],[39.83999173608105,9.72453808156019],[39.86300505331565,9.754934554505438],[39.97439786743934,9.73020616110163],[40.014634741272396,9.738544186286518],[39.99202159339494,9.757700547145637],[40.01189359279533,9.81952628001643],[40.07156242786457,9.858382534449232],[40.08971268115622,9.935764500458697],[40.04402870470669,9.991984732322896],[39.92360663555759,10.011693740711932],[39.9281418906134,10.090908409369712],[39.9898192191353,10.08926095401579],[39.913765494975664,10.121430911708396],[39.93774816374565,10.234152892280365],[39.91985608055219,10.32211433824816],[39.97722183410241,10.33579195872474],[39.939204817158256,10.359447823445668],[39.91600687790395,10.544192293767386],[39.87781242713044,10.553785459736838],[39.86951468063782,10.611752851061008],[39.82854190082349,10.645194854852065],[39.87067166126975,10.682881432042791],[39.83164603799111,10.682324375462311],[39.790547228381676,10.735383619402647],[39.70194449043678,10.694504122754012],[39.69377763334826,10.744997014263463],[39.53055760563972,10.640078123639348],[39.48006289451524,10.666924872133178],[39.49460435141795,10.504107422083337],[39.43255241978406,10.370618813983976],[39.2188919867212,10.160163404774915],[39.17479694416008,10.187944350924926],[39.24622800498914,10.302706830229843],[39.190012082572025,10.284535037648716],[39.13626734274829,10.33805340187681],[39.095935113146886,10.32324903911425],[39.05502818725742,10.377456146881693],[38.971531196213405,10.330271368858611],[38.84657275951852,10.361948572447359],[38.8534448205711,10.118999219800163],[38.72219793176835,10.052396166018234],[38.658074183227015,10.052404488758542],[38.67465444796867,10.016105105656196],[38.801412294258796,9.963155967649845],[38.79169445540515,9.88359370565878],[38.82974241141943,9.770082286576475],[38.91018595163272,9.709713469872593],[38.96109764331381,9.711738699681359],[38.97526564180205,9.762082183349065],[39.09306137293536,9.76405749728336],[39.0985340036036,9.736421163769881],[39.14015159023592,9.74163677323671],[39.15653999263373,9.689677840862306],[39.18487444759943,9.686740499533128],[39.185022420171684,9.721042531596952],[39.22891379699012,9.694694472274413],[39.29870792536533,9.749010439979484],[39.370968659738644,9.700358844536153],[39.35290180877376,9.623042319715756],[39.386712703965614,9.63180896585536],[39.3773271275193,9.568327640907953],[39.313792120975855,9.536556064675194],[39.294946869068006,9.492740759074843],[39.44856067002449,9.43349607717299],[39.45472948571644,9.402209419608413],[39.42126336299064,9.372461973713955],[39.395705615082896,9.392913070257714],[39.307396940565994,9.36710115277349],[39.28628866543452,9.316811998967637],[39.26526689869255,9.325205757120164],[39.285581522703644,9.278556222198132],[39.26701931615623,9.245508786742006],[39.23451209509075,9.294629912635676],[39.178592306723196,9.272093534606038],[39.2145318226417,9.229145235088122],[39.189437405213894,9.210285225338886],[39.25037207140709,9.136617452280783],[39.324020525378494,9.149816560715148],[39.357864298362365,9.063117992542141],[39.297602003356964,9.054307533413084],[39.259449251846476,8.963682772858169],[39.238340100416046,8.863080390218599],[39.266376003737484,8.844133298881943],[39.244703960858025,8.828739913056976],[39.271297366872744,8.72558073387221],[39.3253926638769,8.747952437886974],[39.361920614531826,8.722017667984401],[39.37901586106026,8.792233023639406],[39.41860434789168,8.815601344060063],[39.5016045562687,8.715880537517915],[39.56284270867675,8.818898378391955],[39.61787978944905,8.787930341502095],[39.734136893494195,8.827297741156505],[39.743312622120314,9.092292003262463],[39.8182829325792,9.13734420865829]]]},"properties":{"shapeName":"North Shewa(R3)","shapeISO":"","shapeID":"57463737B29739464578805","shapeGroup":"ETH","shapeType":"ADM2"}},
{"type":"Feature","geometry":{"type":"Polygon","coordinates":[[[37.933104717823326,9.936743386052472],[37.93614445484635,9.926928353046069],[38.04124618187265,9.832136900277007],[38.12661758210055,9.635133827069653],[38.21425020387063,9.680649408822477],[38.310502759887704,9.665120322280865],[38.38750458357336,9.607425041013991],[38.50642766517028,9.575087328824099],[38.60351985488815,9.48286500630781],[38.51765639325723,9.243656527422232],[38.59616823695473,9.183451488187176],[38.70981126580891,9.174371764864349],[38.674420060899855,9.121876569155557],[38.69538950587192,9.078769681321573],[38.87716232790306,9.082621183833899],[38.9036265129207,8.96345923185526],[38.92568620084409,8.989087167317216],[39.03209952838042,8.911396975288508],[39.14718268911749,9.108755525500177],[39.2144544629618,9.103445677459526],[39.25037207140709,9.136617452280783],[39.189437405213894,9.210285225338886],[39.2145318226417,9.229145235088122],[39.178592306723196,9.272093534606038],[39.23451209509075,9.294629912635676],[39.26701931615623,9.245508786742006],[39.285581522703644,9.278556222198132],[39.26526689869255,9.325205757120164],[39.28628866543452,9.316811998967637],[39.307396940565994,9.36710115277349],[39.395705615082896,9.392913070257714],[39.42126336299064,9.372461973713955],[39.45472948571644,9.402209419608413],[39.44856067002449,9.43349607717299],[39.294946869068006,9.492740759074843],[39.313792120975855,9.536556064675194],[39.3773271275193,9.568327640907953],[39.386712703965614,9.63180896585536],[39.35290180877376,9.623042319715756],[39.370968659738644,9.700358844536153],[39.29870792536533,9.749010439979484],[39.22891379699012,9.694694472274413],[39.185022420171684,9.721042531596952],[39.18487444759943,9.686740499533128],[39.15653999263373,9.689677840862306],[39.14015159023592,9.74163677323671],[39.0985340036036,9.736421163769881],[39.09306137293536,9.76405749728336],[38.97526564180205,9.762082183349065],[38.96109764331381,9.711738699681359],[38.91018595163272,9.709713469872593],[38.82974241141943,9.770082286576475],[38.79169445540515,9.88359370565878],[38.801412294258796,9.963155967649845],[38.67465444796867,10.016105105656196],[38.658074183227015,10.052404488758542],[38.72219793176835,10.052396166018234],[38.8534448205711,10.118999219800163],[38.84657275951852,10.361948572447359],[38.713476458885516,10.387792414097724],[38.49121566027885,10.364933076410818],[38.3983335487144,10.145222958644451],[38.340881865951246,10.157166026470591],[38.29610612821088,10.090197974563683],[38.241256604084214,10.103582943754002],[38.044411189862956,9.970740952517865],[37.933104717823326,9.936743386052472]]]},"properties":{"shapeName":"North Shewa(R4)","shapeISO":"","shapeID":"57463737B31651758241956","shapeGroup":"ETH","shapeType":"ADM2"}},
{"type":"Feature","geometry":{"type":"MultiPolygon","coordinates":[[[[38.67728030231902,13.484097624799283],[38.6166367796656,13.452061203691027],[38.62321974665159,13.411890726051093],[38.69684154829901,13.389644926209561],[38.72271592682848,13.408714144243781],[38.67728030231902,13.484097624799283]]],[[[38.43302189179584,14.428577810796105],[38.26535072259239,14.614694848017939],[38.26192810995539,14.66770386392032],[38.18824868438042,14.689713365082843],[38.140108419973004,14.667854588858406],[38.041209422780675,14.717159584091005],[37.941134681883334,14.846023192611995],[37.876497249929464,14.800418591642456],[37.833458166736555,14.805704928870663],[37.78269428647361,14.735442026132914],[37.77438826007887,14.630953772626794],[37.72450584215409,14.62432284812917],[37.67157442417855,14.504743910808898],[37.54961775882205,14.446715943258143],[37.43057043162345,14.480790845774946],[37.34485420447907,14.409629230135286],[37.388005182187676,14.36167889646662],[37.39243726296786,14.29689407990535],[37.46374951702911,14.250985042811768],[37.46718227963213,14.212046530246633],[37.52593720661242,14.173680670003499],[37.52512577177751,14.116588144870498],[37.621414206989336,14.033319138540712],[37.62814756807047,13.953308820431499],[37.68273545526946,13.893759505823803],[37.72908741505448,13.893780965783549],[37.80153981152577,13.807508892949643],[37.77689716669676,13.634150629135581],[37.7698544717837,13.563252652656772],[37.81773608470343,13.463837463795944],[37.86723190280671,13.47578801950324],[37.904933936955345,13.44771198269657],[38.00201425557631,13.501755639062358],[38.06027705291704,13.467852665364994],[38.121828371533546,13.506961715703497],[38.14603073799108,13.472338724012097],[38.248798393560804,13.502319931445808],[38.27975820561625,13.486177661612365],[38.32069850423729,13.502808964930733],[38.328725486733866,13.550978114719534],[38.40735226796881,13.540064694133132],[38.4416507405724,13.585054939984975],[38.45446775195138,13.557598042074641],[38.55479359954869,13.550960269917722],[38.461836285233,13.460221683276425],[38.59096052860854,13.506779761902518],[38.61489382809608,13.491343824239044],[38.66300008492586,13.531834822656934],[38.67680493258271,13.498274480304046],[38.67155225706712,13.529561472649448],[38.63186406358306,13.604061872640127],[38.527657266381404,13.684386776156451],[38.49274626602974,13.774009755052388],[38.56350142913252,13.880859595994918],[38.49787381702821,13.967015262819716],[38.48833316841604,14.02632583212004],[38.520157397400745,14.042084672916733],[38.495349557668035,14.090369596967525],[38.574096490365875,14.204321231420991],[38.45350405200817,14.332419064999876],[38.43302189179584,14.428577810796105]]]]},"properties":{"shapeName":"North Western","shapeISO":"","shapeID":"57463737B89864099179699","shapeGroup":"ETH","shapeType":"ADM2"}},
{"type":"Feature","geometry":{"type":"Polygon","coordinates":[[[39.81848266885656,12.324782038651371],[39.633141634708906,12.30840832133051],[39.55604958242756,12.256270175144893],[39.508305523352085,12.33360451396016],[39.40374802046638,12.296035063640366],[39.29173387799288,12.296828270936226],[39.26431434281781,12.331182785742792],[39.10811557663954,12.116582827985578],[39.08647635334337,12.175095860390435],[39.007686282578824,12.169408684834265],[39.00038940160443,12.244971813492105],[38.75195732682774,12.29083897490797],[38.67074552269544,12.268993054894063],[38.478782436675445,12.299943233021477],[38.44560736107673,12.229047789704856],[38.48456916221636,12.127577592267999],[38.60606749500109,12.073240946213765],[38.64016232469349,12.025862281879133],[38.54573486642134,11.846229826562192],[38.559396590326955,11.772928469110374],[38.63193170354688,11.704169108134138],[38.63548494024007,11.620153048420116],[38.71859552100867,11.53789059258509],[38.70561109221772,11.415480833304887],[38.92244828195871,11.346429649918518],[38.96523608516753,11.391610924396632],[39.26129552971068,11.487209091062155],[39.31118035180774,11.590502090479024],[39.465274111309355,11.593938679052968],[39.54380080301598,11.709145949172852],[39.58253098265564,11.696197643854092],[39.59362217645788,11.522351842299631],[39.668337089379044,11.501939675466934],[39.670107730606425,11.46923972684394],[39.796085492066275,11.481261811834305],[39.99832404711732,11.613039060235895],[40.016159039475724,11.646362622618096],[39.99498633185207,11.681964826926643],[39.97052821777931,11.665289371416637],[39.92481780330847,11.70160161248043],[39.875742460706974,11.779553450594749],[39.88797173337944,11.90652623468729],[39.84213347034968,12.054323566457056],[39.862596268208364,12.089141379645254],[39.82947143653024,12.100608592690069],[39.80073129283827,12.195748448387523],[39.82845036806384,12.24121728404603],[39.81848266885656,12.324782038651371]]]},"properties":{"shapeName":"North Wollo","shapeISO":"","shapeID":"57463737B48822238288228","shapeGroup":"ETH","shapeType":"ADM2"}},
{"type":"Feature","geometry":{"type":"Polygon","coordinates":[[[34.04255592366491,8.518699608795663],[34.0157477096711,8.487955565788683],[33.89903196771118,8.481665878603827],[33.87795425451622,8.43746035354419],[33.733149407366334,8.364972505931489],[33.695047674665055,8.380536559230096],[33.68086482992648,8.441749140887877],[33.62075690316982,8.469674932519515],[33.59814461518304,8.447545976133611],[33.498850577533574,8.472040870899697],[33.39608692088783,8.424654454347065],[33.31459722599523,8.46056736428292],[33.19336385300168,8.40800179394203],[33.194100180916415,8.352324711585648],[33.21719632356493,8.35637568725986],[33.1706971646747,8.297084667764405],[33.203311583280744,8.234965752954961],[33.16654118948281,8.19574432145994],[33.18691882085068,8.124690201631038],[33.12073262317022,8.10791240080165],[33.11934302098211,8.063955727953863],[33.08645034586798,8.076227962362935],[33.07820301382029,8.025797253591092],[33.002821285831274,7.941258994477429],[33.005035215899426,7.873035506687304],[33.05079414000397,7.788447165228187],[33.16606142655789,7.796573553813903],[33.29572760928449,7.746801519715195],[33.32087709090198,7.70737538497069],[33.465047519815144,7.748059858165741],[33.48487246524299,7.880601293855043],[33.455725610583855,7.876307539227033],[33.44043081256747,7.914426291844924],[33.5037938214682,7.969748120496085],[33.47415914872981,8.259790688710087],[33.51369992016033,8.28981776665479],[33.55455073477621,8.274637149893662],[33.54560821088306,8.229815635824645],[33.61058643143564,8.13044105095026],[33.77874759223631,8.172458234759365],[33.85028298772887,8.13503078250885],[33.884256063200326,8.256406359176438],[33.94141883122865,8.186330619795537],[34.04814588074591,8.177329084692964],[34.04893113301191,8.233400305884317],[33.99851030327991,8.23867507621963],[33.99669477168936,8.265205840023654],[34.06926166864819,8.384136285948067],[34.05095969531813,8.425215265429923],[34.082918323914214,8.475780196152355],[34.04255592366491,8.518699608795663]]]},"properties":{"shapeName":"Nuer","shapeISO":"","shapeID":"57463737B84329108093360","shapeGroup":"ETH","shapeType":"ADM2"}},
{"type":"Feature","geometry":{"type":"Polygon","coordinates":[[[39.9898192191353,10.08926095401579],[40.15901784807724,10.091223835602495],[40.129865353732974,10.174484188255565],[40.16451295239017,10.413280717007531],[40.103483670166206,10.755933361207934],[40.167569667455204,10.805930973199295],[40.181376480996875,10.897736503780354],[40.150185113656306,10.896670913844904],[40.124645250609724,10.938510426535037],[40.21331413104581,11.109764189262345],[40.1737516857773,11.240824319091708],[40.07210811447671,11.326483236773543],[40.06720802024247,11.429517868868952],[39.848508234268174,11.309756962303744],[39.895901920025054,11.270890895483527],[39.894713107721635,11.23169073775508],[39.92228804295488,11.23919601902383],[39.97728148985806,11.1833832168239],[39.96134917911066,11.10784673527148],[39.99763340356877,11.030116120768842],[40.07225890831809,10.962714188830336],[40.03969382317179,10.942811060466372],[40.0499006997056,10.91125090752964],[40.11350027972412,10.873645555335939],[39.93150005222438,10.824110198560987],[39.955721798341905,10.878404490173418],[39.89027044865018,10.889682290862108],[39.84752764394848,10.849709740397804],[39.82894422362773,10.89933069593308],[39.71980209168058,10.871842894099906],[39.67254740366996,10.89518016163395],[39.68118821374651,10.84395175032291],[39.732567303553864,10.806187400595196],[39.695155459802,10.804995942487036],[39.71388011498809,10.76309403580382],[39.69377763334826,10.744997014263463],[39.70194449043678,10.694504122754012],[39.790547228381676,10.735383619402647],[39.83164603799111,10.682324375462311],[39.87067166126975,10.682881432042791],[39.82854190082349,10.645194854852065],[39.86951468063782,10.611752851061008],[39.87781242713044,10.553785459736838],[39.91600687790395,10.544192293767386],[39.939204817158256,10.359447823445668],[39.97722183410241,10.33579195872474],[39.91985608055219,10.32211433824816],[39.93774816374565,10.234152892280365],[39.913765494975664,10.121430911708396],[39.9898192191353,10.08926095401579]]]},"properties":{"shapeName":"Oromia","shapeISO":"","shapeID":"57463737B14712300908991","shapeGroup":"ETH","shapeType":"ADM2"}},
{"type":"Feature","geometry":{"type":"Polygon","coordinates":[[[38.9036265129207,8.96345923185526],[38.87716232790306,9.082621183833899],[38.69538950587192,9.078769681321573],[38.65277845045783,9.011328291620767],[38.64365461644077,8.966901207779793],[38.74442756768303,8.903638703268056],[38.7623971968011,8.854671957198624],[38.79842314702039,8.834544389375033],[38.82684137936187,8.881242193381725],[38.869557965855755,8.87409113995835],[38.88028830523611,8.919365672780966],[38.8563959760935,8.939342586865086],[38.897600870046645,8.93807669305841],[38.9036265129207,8.96345923185526]]]},"properties":{"shapeName":"Region 14","shapeISO":"","shapeID":"57463737B5378229891244","shapeGroup":"ETH","shapeType":"ADM2"}},
{"type":"Feature","geometry":{"type":"Polygon","coordinates":[[[37.804548083848196,5.994491623034675],[37.652079222898195,5.84606839763148],[37.55661870491244,5.807238457371488],[37.47988819290914,5.703718382028382],[37.37674776018567,5.767458605032326],[37.28217727679419,5.758248707629286],[37.23975702307489,5.725778702927155],[37.06191956702752,5.708358120352473],[37.03080783230362,5.618657589926983],[37.013113500216676,5.519477374211408],[37.04905581362314,5.494078501714007],[37.06372581370625,5.426868364651772],[37.004104248351275,5.200467422893587],[37.113025807686554,5.187657850651608],[37.21770634656612,5.214067790677857],[37.367977023638474,5.156487518198104],[37.675038689964936,5.30901746179196],[37.8534694656233,5.236027124397592],[37.901632435002576,5.246233385515037],[37.89718785314443,5.351249856683748],[37.947628873887126,5.475644393589],[37.93098889065075,5.618018278529898],[38.07598139278787,5.690279926560074],[38.08970162170301,5.746942385489011],[38.02069063847162,5.791370599597522],[37.96939018249208,5.957333523579257],[37.90478917255134,5.961823459691372],[37.84377832389953,6.012251403976111],[37.804548083848196,5.994491623034675]]]},"properties":{"shapeName":"Segen Peoples'","shapeISO":"","shapeID":"57463737B59192913037223","shapeGroup":"ETH","shapeType":"ADM2"}},
{"type":"Feature","geometry":{"type":"Polygon","coordinates":[[[38.40165250705207,7.596472595407086],[38.44567661173854,7.76068870105063],[38.52898679886419,7.859579191505206],[38.43160646653909,7.947629428815559],[38.43964657397209,7.980219434520127],[38.37952639086731,8.048809588052134],[38.262888725439886,8.020962790912339],[38.2554379431645,8.100685538208262],[38.168216487081565,8.053973209063134],[38.032424189074995,7.844770098602369],[37.99907262302474,7.818447133753497],[37.970644803060296,7.865245751921792],[37.92052028584916,7.843798143803302],[37.93693360445497,7.796925229222797],[37.865154362757075,7.753139311445268],[37.88111661110048,7.683750576016283],[38.033561165128845,7.699711760618984],[38.05872859903358,7.623025262171362],[38.12185424817147,7.612209765306094],[38.08980389514505,7.503599728825804],[38.106656849188894,7.451127241048712],[38.144244353196775,7.405710148177316],[38.18914195509093,7.442758370223353],[38.24745177610931,7.592792549195384],[38.40165250705207,7.596472595407086]]]},"properties":{"shapeName":"Selti","shapeISO":"","shapeID":"57463737B47845623472468","shapeGroup":"ETH","shapeType":"ADM2"}},
{"type":"Feature","geometry":{"type":"Polygon","coordinates":[[[45.00263083915559,4.933604647711376],[45.66920471848176,5.623661602537506],[45.53691227498079,5.721263113821803],[44.66198328715492,5.798429683074412],[44.43567848169543,5.865954412537431],[44.26360464720497,5.880353809118811],[43.93272778010936,6.047849821335679],[43.90485723682158,6.071067813611435],[43.86548712114827,6.257490902687662],[43.70890470003549,6.530686574245102],[43.34861840794563,6.998985393235488],[43.343619872243494,7.328315332031672],[42.99689056671185,7.107687122042226],[42.85288688459272,7.054822606882097],[42.63486169312145,7.064452732275534],[42.27757367125248,7.202841794599823],[42.204365854921534,7.195830766637419],[42.16355002250749,7.008329938372158],[42.07713738960298,6.887961215568359],[42.00494440896706,6.598877674163679],[42.10196654915158,6.544972157798664],[42.15589751012826,6.45986963902673],[42.29788045333272,6.338300076904249],[42.742670759437495,6.249156363898662],[42.825382280504115,6.139016037511285],[43.004568385404816,6.091584339410245],[42.73360857383394,5.7432623398377],[43.05221572402274,5.643420221184477],[43.1899390388131,5.665047732999055],[43.435314697745774,5.647878369880222],[43.62629940118105,5.721220938107838],[43.723462039881596,5.820461490148655],[43.779523298054706,5.811512082451357],[43.948156553163216,5.655615678971517],[44.2495630090484,5.55148404103938],[44.362125073660835,5.427924936924943],[44.65262102963906,5.281917240980831],[45.00263083915559,4.933604647711376]]]},"properties":{"shapeName":"Shabelle","shapeISO":"","shapeID":"57463737B16105117004736","shapeGroup":"ETH","shapeType":"ADM2"}},
{"type":"Feature","geometry":{"type":"Polygon","coordinates":[[[35.664932412623045,7.209888846803958],[35.48193945762852,7.270573135373776],[35.48947967532666,7.426509343693557],[35.52488994594804,7.484623382736157],[35.58824033578421,7.511983345690652],[35.57351038486089,7.623943508363422],[35.61268066125546,7.671833522554057],[35.589670573655916,7.708223593902822],[35.61283073268613,7.728133590608777],[35.60698744718373,7.810733610283991],[35.55539490249072,7.821368206289827],[35.521489494471986,7.896755040070315],[35.43429299913166,7.883905777874374],[35.40133989474721,7.830728010853684],[35.35061910864942,7.836028096456326],[35.341637246647544,7.777769766750906],[35.2234895946662,7.704268299611241],[35.21308058125778,7.652667295623539],[35.11678783926763,7.646263195236756],[35.16706055104025,7.616044439096592],[35.1726716966792,7.533934462557281],[35.123156194422485,7.479786475697198],[35.19000801051844,7.456813716273032],[35.31031307148153,7.480363598959257],[35.39305851142094,7.397375554107203],[35.346567141177786,7.240184416048622],[35.373617013845575,7.232234555221307],[35.33474483989228,7.181144603715019],[35.38110991083476,7.124037492999235],[35.4338690339508,7.128472983060488],[35.45517919865711,7.169083020033],[35.664932412623045,7.209888846803958]]]},"properties":{"shapeName":"Sheka","shapeISO":"","shapeID":"57463737B63626574921368","shapeGroup":"ETH","shapeType":"ADM2"}},
{"type":"Feature","geometry":{"type":"Polygon","coordinates":[[[38.2974032701451,6.41697501309182],[38.39263371522721,6.403107571369053],[38.40423622519876,6.346830145040182],[38.42457734422207,6.366833083993248],[38.50462422853071,6.43761800668683],[38.70799513788896,6.393727640400808],[38.75879040804076,6.410342577778098],[38.874945783676075,6.302117274773896],[38.96143597430441,6.160566974750313],[39.035326286134115,6.138736834547315],[39.13270136601689,6.160082173952515],[39.08680817034762,6.253298094393203],[39.127752988255644,6.337350120562776],[39.097458997290865,6.522876239341121],[39.049288386288445,6.571084248180273],[39.06014864855358,6.610042504706061],[38.960478598626835,6.602136194851669],[38.935262874097845,6.656863422421393],[38.83858686233582,6.676166170364332],[38.81876516061302,6.704858960827464],[38.74312397909455,6.702189272128974],[38.63650249913223,6.772956444926288],[38.640685170765046,6.813925374056445],[38.71491813937907,6.861811508599017],[38.69560390269381,6.958718147294122],[38.71521429307624,6.992636605971132],[38.6782456877377,7.006576027657056],[38.68170391998057,7.049574199792986],[38.6377832838229,7.067313534136273],[38.6470035046483,7.096756458412979],[38.61232303500847,7.125391056570945],[38.480850885372185,7.091612883120403],[38.32272028193325,7.162950498992414],[38.23874384033728,7.021275498416498],[38.13011868229376,6.975054934873792],[38.0475853707401,6.692378689443066],[37.9486354569075,6.600409988571151],[37.91232412483677,6.621045871284609],[37.91342736079702,6.591928445986446],[37.95347906072213,6.550882985524241],[38.01674420467727,6.576874070275548],[38.140100588352674,6.507269383950527],[38.156042524126505,6.440528541794959],[38.2464130121949,6.469498437274861],[38.2974032701451,6.41697501309182]]]},"properties":{"shapeName":"Sidama","shapeISO":"","shapeID":"57463737B92297495098422","shapeGroup":"ETH","shapeType":"ADM2"}},
{"type":"Feature","geometry":{"type":"Polygon","coordinates":[[[42.34069066227628,9.720589698057674],[42.49987966235548,9.72202599009747],[42.66471941477659,9.777515212842083],[42.75965086547836,9.966368562323344],[42.71524053511652,10.084858134339445],[42.88460544459868,10.187367746919179],[42.78666416721067,10.359622826804111],[42.707813995036695,10.619869871117514],[42.94435256447916,10.986335182074548],[42.70203714826197,11.082128286634253],[42.405289050833744,11.005467267509918],[42.03545928874056,10.963713552398783],[41.9049758575735,10.953275370844151],[41.76136234961684,10.982803698996447],[41.26905937175082,10.958719102434936],[41.22095729478687,10.835340408210305],[41.16732553880703,10.780595636635491],[41.07816256557562,10.682044980578906],[41.08793230411836,10.601462111921617],[40.93744490102424,10.036193490532527],[40.9666952804733,9.972638998445444],[41.02045654029819,9.94978073137712],[40.848221140963666,9.79129589362864],[40.74957777877085,9.652278873471928],[40.694442750007624,9.445383634504664],[40.890880306023554,9.449646224432303],[40.92840103134459,9.406139909805205],[40.78970734987507,9.387902302109726],[40.81344754822863,9.311938972356941],[40.844988328573535,9.305809355463648],[41.014963000308256,9.35821373371771],[41.21246322138109,9.481989311993148],[41.3095913951155,9.504069007904812],[41.4918657892826,9.458422065407646],[41.541507299788115,9.500577996614638],[41.64349998636417,9.51613601016002],[41.67110042460433,9.471629855564363],[41.73552206435097,9.472479406105137],[41.749506969722965,9.637334487250081],[41.77473414896357,9.654682773879133],[41.809584948073244,9.641533752179026],[41.87414685004505,9.684859467162891],[42.03172043507855,9.61946442035298],[42.21426605073307,9.784708406204686],[42.34069066227628,9.720589698057674]]]},"properties":{"shapeName":"Siti","shapeISO":"","shapeID":"57463737B50434499514610","shapeGroup":"ETH","shapeType":"ADM2"}},
{"type":"Feature","geometry":{"type":"Polygon","coordinates":[[[38.47413284430058,11.035545606867704],[38.467207636806876,11.073974340794724],[38.57610845714126,11.19055192896798],[38.650528364297635,11.378338905964318],[38.70561109221772,11.415480833304887],[38.71859552100867,11.53789059258509],[38.63548494024007,11.620153048420116],[38.63193170354688,11.704169108134138],[38.559396590326955,11.772928469110374],[38.54573486642134,11.846229826562192],[38.64016232469349,12.025862281879133],[38.60606749500109,12.073240946213765],[38.48456916221636,12.127577592267999],[38.44560736107673,12.229047789704856],[38.478782436675445,12.299943233021477],[38.42331909570829,12.549831169349364],[38.36522008534541,12.524991751675218],[38.26093769552331,12.394603980721772],[38.10939943398626,12.306063860051635],[38.069664597342594,12.305484540643704],[38.063075811677514,12.332746091122768],[37.991993497992745,12.292642692060484],[37.94392240091075,12.30359333314183],[37.959908203255566,12.219015539088723],[37.88406942451393,12.28973323471088],[37.813213255996345,12.235361068404478],[37.81511114827258,12.29184892056504],[37.76681920450768,12.364716901546087],[37.721854443669166,12.327835350118363],[37.686308961353014,12.342387698338019],[37.65559477397766,12.276640228339991],[37.75688507792029,12.2128851211443],[37.753498932139905,12.18789093627157],[37.63731631058123,12.146802764991065],[37.64260435120494,12.122426352480007],[37.59972467556609,12.127303887476062],[37.617437051966604,12.090484973215466],[37.57120527347397,11.968213483094083],[37.49895908425083,11.893850486239312],[37.5146423577704,11.837524117667515],[37.47338278126935,11.829779793592975],[37.42613285886591,11.730940558338323],[37.49413803805897,11.726254208185319],[37.542430961734254,11.64504365955715],[37.513482559584446,11.620927798184546],[37.543023250661726,11.573720182169101],[37.514810667445516,11.508930735235538],[37.622423499639645,11.482161711347414],[37.72642277056327,11.313891546524482],[37.85627953425258,11.2348847033162],[38.07405059761125,11.156345675043095],[38.29819331156724,11.147301416469404],[38.3898107903763,11.081763694289476],[38.439350450161264,11.080601813156573],[38.47413284430058,11.035545606867704]]]},"properties":{"shapeName":"South Gonder","shapeISO":"","shapeID":"57463737B98964662910033","shapeGroup":"ETH","shapeType":"ADM2"}},
{"type":"Feature","geometry":{"type":"Polygon","coordinates":[[[36.4713177261647,6.284558522851571],[36.409753469828686,6.346280694770482],[36.37203339727804,6.452910905534699],[36.32246313825361,6.457590970058351],[36.237072606492234,6.389840958012231],[36.17979234835885,6.428931085353167],[36.12069201764115,6.417321130247789],[36.039906499379484,6.338816088300882],[36.02859136928251,6.272650983736862],[35.97111102873532,6.238810987954315],[35.9756109825666,6.170520865278186],[35.93569072567475,6.128370832826292],[35.979373887439905,6.078009372283133],[35.996720480566296,5.97318681361342],[35.9675176128423,5.947846502759986],[35.95503517474489,5.670799897185308],[35.79476091665496,5.660639446248945],[35.74712291192079,5.605798481327504],[35.741169366555845,5.371057335584048],[35.86007205840358,5.303595113257916],[35.82300931974819,5.249439193454067],[35.85864943586522,5.165893980956621],[35.80852911028014,5.087916347671004],[35.78705859287083,4.732880853478849],[35.96612947095928,4.512957367860093],[36.04984984635325,4.450827154670849],[36.71336777691389,4.440700662458827],[36.658317005752316,4.581813591172959],[36.68162643948416,4.605738392867352],[36.64719372658588,4.712185470000215],[36.829268636826136,4.71060308465571],[36.85552873234334,4.737485467385858],[36.89376154480842,5.111180341156421],[36.94975856972248,5.196071526626292],[37.004104248351275,5.200467422893587],[37.06372581370625,5.426868364651772],[37.04905581362314,5.494078501714007],[37.013113500216676,5.519477374211408],[37.03080783230362,5.618657589926983],[37.000675787655304,5.69387891738275],[37.009926058446716,5.891429248065439],[36.96635594720709,5.983739457186233],[36.91194569479816,6.008809559881684],[36.817085096669246,5.913179509009589],[36.73924469930034,5.915179596241507],[36.71537474389833,6.062559876720434],[36.68391461046676,6.090399962831857],[36.73561496905316,6.166440028240324],[36.68404477121715,6.227172182432909],[36.40382321273578,6.142840359977141],[36.4713177261647,6.284558522851571]]]},"properties":{"shapeName":"South Omo","shapeISO":"","shapeID":"57463737B95170801436908","shapeGroup":"ETH","shapeType":"ADM2"}},
{"type":"Feature","geometry":{"type":"Polygon","coordinates":[[[38.7623971968011,8.854671957198624],[38.74442756768303,8.903638703268056],[38.64365461644077,8.966901207779793],[38.65277845045783,9.011328291620767],[38.62033808235634,9.007896901549092],[38.488623882084354,8.864510162588479],[38.46037321595596,8.886548341193308],[38.40792162299478,8.847072060344422],[38.26407812777164,8.936744771389998],[38.124384134702645,8.890069501067245],[38.09530318973966,8.85520269535985],[38.13053405297687,8.832974506571423],[38.14758421933852,8.764850450910693],[38.05043153092878,8.752091982607988],[38.016066442239584,8.716315284147027],[37.89220744790921,8.804288051286454],[37.824425539432795,8.790659532938994],[37.634039906581435,8.686369501095118],[37.53574384426248,8.424689750508005],[37.576890014943146,8.41516742527267],[37.61278043542421,8.355189940209435],[37.66687640151755,8.384638500212713],[37.70536189736597,8.338140422745267],[37.81707370047071,8.332910327586562],[37.92880565695878,8.37926797234664],[37.98898658004931,8.360628614935266],[38.13977917267057,8.410515973989012],[38.26714122336689,8.407735712279592],[38.31229183627739,8.371047191443513],[38.30786155442372,8.300800288389746],[38.34817206039954,8.255352162264723],[38.42246335981563,8.29013041157298],[38.4691193201248,8.436100127147483],[38.527675579620926,8.458712666907726],[38.640477238286365,8.413194318557116],[38.66686037076197,8.328064275069885],[38.76192923624245,8.41309893238569],[38.76128982948032,8.554596400228357],[38.71778892743102,8.614111316641695],[38.74849987406552,8.641308772137117],[38.7623971968011,8.854671957198624]]]},"properties":{"shapeName":"South West Shewa","shapeISO":"","shapeID":"57463737B78639560237753","shapeGroup":"ETH","shapeType":"ADM2"}},
{"type":"Feature","geometry":{"type":"Polygon","coordinates":[[[38.49121566027885,10.364933076410818],[38.713476458885516,10.387792414097724],[38.84657275951852,10.361948572447359],[38.971531196213405,10.330271368858611],[39.05502818725742,10.377456146881693],[39.095935113146886,10.32324903911425],[39.13626734274829,10.33805340187681],[39.190012082572025,10.284535037648716],[39.24622800498914,10.302706830229843],[39.17479694416008,10.187944350924926],[39.2188919867212,10.160163404774915],[39.43255241978406,10.370618813983976],[39.49460435141795,10.504107422083337],[39.48006289451524,10.666924872133178],[39.53055760563972,10.640078123639348],[39.69377763334826,10.744997014263463],[39.71388011498809,10.76309403580382],[39.695155459802,10.804995942487036],[39.732567303553864,10.806187400595196],[39.68118821374651,10.84395175032291],[39.67254740366996,10.89518016163395],[39.71980209168058,10.871842894099906],[39.82894422362773,10.89933069593308],[39.84752764394848,10.849709740397804],[39.89027044865018,10.889682290862108],[39.895605101131885,10.949826736894247],[39.8671070357496,10.966404678884995],[39.93841797071599,11.000187373780472],[39.95245569607449,11.049542193744502],[39.99763340356877,11.030116120768842],[39.96134917911066,11.10784673527148],[39.97728148985806,11.1833832168239],[39.92228804295488,11.23919601902383],[39.894713107721635,11.23169073775508],[39.895901920025054,11.270890895483527],[39.848508234268174,11.309756962303744],[40.06720802024247,11.429517868868952],[39.99832404711732,11.613039060235895],[39.796085492066275,11.481261811834305],[39.670107730606425,11.46923972684394],[39.668337089379044,11.501939675466934],[39.59362217645788,11.522351842299631],[39.58253098265564,11.696197643854092],[39.54380080301598,11.709145949172852],[39.465274111309355,11.593938679052968],[39.31118035180774,11.590502090479024],[39.26129552971068,11.487209091062155],[38.96523608516753,11.391610924396632],[38.92244828195871,11.346429649918518],[38.70561109221772,11.415480833304887],[38.650528364297635,11.378338905964318],[38.57610845714126,11.19055192896798],[38.467207636806876,11.073974340794724],[38.47413284430058,11.035545606867704],[38.53006744700126,10.782926688778929],[38.463463023508716,10.585871187043129],[38.49121566027885,10.364933076410818]]]},"properties":{"shapeName":"South Wollo","shapeISO":"","shapeID":"57463737B70829133861950","shapeGroup":"ETH","shapeType":"ADM2"}},
{"type":"Feature","geometry":{"type":"Polygon","coordinates":[[[39.03688127488998,13.170631074558928],[39.03779074245204,13.134924924304656],[38.97945726490998,13.099650944892828],[39.00107463610697,13.004140672150466],[39.259589688997494,12.915385857747603],[39.279884059855036,12.856956010334569],[39.30768976674465,12.867017925939429],[39.27854672146957,12.826735115705464],[39.30446354547342,12.794029047874027],[39.268524460007356,12.772050731343489],[39.281342870845926,12.688731087901632],[39.175259462379685,12.644207454217907],[39.26431434281781,12.331182785742792],[39.29173387799288,12.296828270936226],[39.40374802046638,12.296035063640366],[39.508305523352085,12.33360451396016],[39.55604958242756,12.256270175144893],[39.633141634708906,12.30840832133051],[39.81848266885656,12.324782038651371],[39.81580077894951,12.407807062491974],[39.883445741912745,12.45840322370851],[39.80760872589669,12.597012008375554],[39.826977078180555,12.69446198550365],[39.97885936432544,12.792902545534572],[39.863238180321446,12.96271911898815],[39.78662294868799,13.263377271453614],[39.720595712066654,13.295224016102186],[39.74542121444243,13.571457903196778],[39.68392912893446,13.612388578918141],[39.63364179299403,13.559680568029165],[39.60837750169714,13.60155068917763],[39.57307386983849,13.576107611591693],[39.47489716762543,13.639647785095232],[39.40208632245803,13.622700367480583],[39.32540489538045,13.46666071715411],[39.26705222633886,13.495501732532722],[39.023058401224375,13.459145719934009],[39.06296623808003,13.322465054184011],[39.042723370090584,13.288705870889586],[39.09489615718043,13.276434370613769],[39.09895067582078,13.235663908537115],[39.03688127488998,13.170631074558928]]]},"properties":{"shapeName":"Southern","shapeISO":"","shapeID":"57463737B99888121280160","shapeGroup":"ETH","shapeType":"ADM2"}},
{"type":"Feature","geometry":{"type":"Polygon","coordinates":[[[39.99763340356877,11.030116120768842],[39.95245569607449,11.049542193744502],[39.93841797071599,11.000187373780472],[39.8671070357496,10.966404678884995],[39.895605101131885,10.949826736894247],[39.89027044865018,10.889682290862108],[39.955721798341905,10.878404490173418],[39.93150005222438,10.824110198560987],[40.11350027972412,10.873645555335939],[40.0499006997056,10.91125090752964],[40.03969382317179,10.942811060466372],[40.07225890831809,10.962714188830336],[39.99763340356877,11.030116120768842]]]},"properties":{"shapeName":"Special Woreda","shapeISO":"","shapeID":"57463737B67745192438967","shapeGroup":"ETH","shapeType":"ADM2"}},
{"type":"Feature","geometry":{"type":"Polygon","coordinates":[[[38.74013500889575,13.297116217122795],[38.556091288540344,13.261697459331101],[38.55963079507841,13.199349721676993],[38.515619396802315,13.159732907061189],[38.511573449083826,13.109371253797184],[38.46337035996554,13.089119883955949],[38.46243197176774,13.046088313297846],[38.3818318641351,13.063801556200676],[38.384977439157204,13.01783849743446],[38.34480050152736,13.006120514409044],[38.338561797928264,12.95205071592395],[38.39108826943049,12.92826893287485],[38.38811472287365,12.893501630892787],[38.34814546291385,12.905219794136672],[38.33361841201372,12.76212163996163],[38.464186566287566,12.740969101741639],[38.450424153983064,12.671570435938165],[38.47793502339885,12.607981817700585],[38.42331909570829,12.549831169349364],[38.478782436675445,12.299943233021477],[38.67074552269544,12.268993054894063],[38.75195732682774,12.29083897490797],[39.00038940160443,12.244971813492105],[39.007686282578824,12.169408684834265],[39.08647635334337,12.175095860390435],[39.10811557663954,12.116582827985578],[39.26431434281781,12.331182785742792],[39.175259462379685,12.644207454217907],[39.281342870845926,12.688731087901632],[39.268524460007356,12.772050731343489],[39.30446354547342,12.794029047874027],[39.27854672146957,12.826735115705464],[39.30768976674465,12.867017925939429],[39.279884059855036,12.856956010334569],[39.259589688997494,12.915385857747603],[39.00107463610697,13.004140672150466],[38.97945726490998,13.099650944892828],[39.03779074245204,13.134924924304656],[39.03688127488998,13.170631074558928],[38.95259717727559,13.238191938247189],[38.86395859524083,13.210177540230589],[38.73243850672278,13.262951495304286],[38.74013500889575,13.297116217122795]]]},"properties":{"shapeName":"Wag Himra","shapeISO":"","shapeID":"57463737B2754129791816","shapeGroup":"ETH","shapeType":"ADM2"}},
{"type":"Feature","geometry":{"type":"Polygon","coordinates":[[[38.101033454010604,7.208299449091232],[38.06224843784271,7.073429504064315],[38.13011868229376,6.975054934873792],[38.23874384033728,7.021275498416498],[38.32272028193325,7.162950498992414],[38.480850885372185,7.091612883120403],[38.61232303500847,7.125391056570945],[38.6470035046483,7.096756458412979],[38.6377832838229,7.067313534136273],[38.68170391998057,7.049574199792986],[38.6782456877377,7.006576027657056],[38.71521429307624,6.992636605971132],[38.69560390269381,6.958718147294122],[38.71491813937907,6.861811508599017],[38.640685170765046,6.813925374056445],[38.63650249913223,6.772956444926288],[38.74312397909455,6.702189272128974],[38.81876516061302,6.704858960827464],[38.83858686233582,6.676166170364332],[38.935262874097845,6.656863422421393],[38.960478598626835,6.602136194851669],[39.06014864855358,6.610042504706061],[39.049288386288445,6.571084248180273],[39.097458997290865,6.522876239341121],[39.127752988255644,6.337350120562776],[39.21844316385255,6.292125488638816],[39.26003449615103,6.369388487617417],[39.31697607471815,6.401365447548308],[39.352597481028674,6.541952830581113],[39.432059613136815,6.56528048240687],[39.43268975087742,6.598157548416334],[39.49938162333945,6.640833517483134],[39.4947516356831,6.678680169036452],[39.53328256731677,6.659751716685532],[39.62574720155003,6.729657151889639],[39.638465758903145,6.792979468935901],[39.7715095369883,6.885980679284392],[39.73070883286204,6.977672658187198],[39.611926274915604,7.112141123655119],[39.6843333562864,7.166161031177267],[39.647527415167296,7.169145908157409],[39.63334749582579,7.283005809456466],[39.522735096447846,7.402785574589394],[39.440402086503696,7.180965647981217],[39.394900805793455,7.15435819501573],[39.317379144497664,7.249490020274302],[39.20654639711247,7.286447155323205],[39.19276620277753,7.331143238469621],[39.128516035676775,7.364295482139939],[38.9188118845383,7.326284200922147],[38.89046972540949,7.35475132585762],[38.88319873945351,7.449267963276425],[38.84775102761672,7.47471487819845],[38.897742275926866,7.666474346813218],[38.85707740356461,7.706948604452058],[38.78570687188116,7.686543257092303],[38.53605017904941,7.669805705874119],[38.419743047870455,7.570629664856178],[38.4275769623137,7.515897783278743],[38.32807090940344,7.462863149772754],[38.266034460831804,7.307919261418294],[38.101033454010604,7.208299449091232]]]},"properties":{"shapeName":"West Arsi","shapeISO":"","shapeID":"57463737B70873970034442","shapeGroup":"ETH","shapeType":"ADM2"}},
{"type":"Feature","geometry":{"type":"Polygon","coordinates":[[[36.52756978289683,10.48381647639623],[36.540037351708065,10.365909887022873],[36.6062654224623,10.365650408127488],[36.68619493537457,10.318529295777338],[36.69244936589371,10.358250671953144],[36.83437992465172,10.343402319357356],[37.04667566253383,10.289335220810853],[37.135781633177274,10.334481641886956],[37.247050740896604,10.321603663909823],[37.30685912289206,10.458582668109628],[37.45376737893062,10.48559343721576],[37.545337108913394,10.549637216892485],[37.55875798591404,10.60192109406647],[37.58598590513393,10.583321251653333],[37.642966879184016,10.695828507203288],[37.77634635195348,10.736726093379119],[37.715661596289024,10.766131922592137],[37.69140759707711,10.841109496754656],[37.71119016704933,10.986857382651664],[37.75694881979509,11.05578279883525],[37.629002854725236,11.002667426460546],[37.56493241524612,11.01044165236386],[37.52333216327526,11.112896752204255],[37.55066213892104,11.1434265637783],[37.585014478304245,11.11891402159797],[37.7964960947431,11.148024668913983],[37.85627953425258,11.2348847033162],[37.72642277056327,11.313891546524482],[37.622423499639645,11.482161711347414],[37.514810667445516,11.508930735235538],[37.543023250661726,11.573720182169101],[37.513482559584446,11.620927798184546],[37.542430961734254,11.64504365955715],[37.49413803805897,11.726254208185319],[37.42613285886591,11.730940558338323],[37.40725140549619,11.577969443985475],[37.38527152318342,11.57465051982412],[37.374040491391725,11.612564345519504],[37.2934157281892,11.65154442810443],[37.356604598345996,11.693676772802734],[37.302177876466104,11.736373063814948],[37.29287010038362,11.797993826588216],[37.234269087999046,11.828294968577502],[37.13613061900558,11.800683180489386],[37.12633745006987,11.846861344001727],[37.09919663135764,11.795805247924395],[36.99344554322572,11.897686883308673],[36.86727646215923,11.839052901701894],[36.87519375288019,11.749473974706744],[36.786239920480156,11.677618476341255],[36.71327125469778,11.687192019915214],[36.65453261894312,11.642601086771121],[36.51151927751852,11.475463837913601],[36.65455088833947,11.44331306779933],[36.643727421937015,11.402889218456227],[36.735938545884316,11.431822532832191],[36.80192077976503,11.40032605676111],[36.87862717055942,11.315668259294062],[36.94786837599445,11.294368094640157],[36.92748018774973,11.257521309280984],[36.98013237048075,11.248896627768973],[37.00569216514907,11.183037045140953],[37.06925638982809,11.1739481063127],[37.07199582633243,11.055063243794448],[37.13144392456348,10.969614254561638],[37.083169699057756,10.94577792839069],[37.12540239861093,10.850321220389162],[37.02602449278845,10.733736278682294],[37.01023759952661,10.752195194116602],[36.954251364504934,10.704622227114305],[36.92907606281245,10.720952591506459],[36.913454691906914,10.66698829597728],[36.820066607263804,10.659782061160048],[36.82946677082516,10.624133653188174],[36.74821590612898,10.576661493694417],[36.74054311028089,10.52468938576949],[36.68052613407267,10.552034681404045],[36.52756978289683,10.48381647639623]]]},"properties":{"shapeName":"West Gojam","shapeISO":"","shapeID":"57463737B52956719481852","shapeGroup":"ETH","shapeType":"ADM2"}},
{"type":"Feature","geometry":{"type":"Polygon","coordinates":[[[40.71717793729459,7.890866861609709],[40.76655945330796,7.947681534890167],[40.97305478081402,7.964489068633507],[41.168180431565844,8.113544743342603],[41.298723895649935,8.148550956524268],[41.5037289228656,8.121412399969772],[41.525363657958835,7.957562074579546],[41.56392986770194,8.007272397327936],[41.56855045851623,8.103753675253017],[41.40739743002553,8.308036059721296],[41.27621450164614,8.384589820788943],[41.2649454973409,8.635237326636194],[41.179703795289086,8.724239764089587],[41.31252900741528,9.065678366256334],[41.24704796970067,9.180968362751875],[41.29888967762846,9.249981882535588],[41.21246322138109,9.481989311993148],[41.014963000308256,9.35821373371771],[40.844988328573535,9.305809355463648],[40.81344754822863,9.311938972356941],[40.78970734987507,9.387902302109726],[40.92840103134459,9.406139909805205],[40.890880306023554,9.449646224432303],[40.694442750007624,9.445383634504664],[40.660434090225905,9.405311447117846],[40.471898916357695,9.355766880144401],[40.24637156099283,9.07590304303244],[40.23868095806233,8.998380007220446],[40.17075902000459,8.965543280367092],[40.09536453930238,8.863218784502921],[40.02760382508429,8.669600393292951],[40.063004549763434,8.629373816228268],[40.17773749080341,8.619754121629938],[40.19136751601935,8.55112018683046],[40.316371017716406,8.604314830575866],[40.327670182174494,8.370785665148462],[40.40188144871695,8.232817663644704],[40.37997032722528,8.114058400459637],[40.44068121470846,7.96772122282162],[40.56340397645661,7.883018255548104],[40.71717793729459,7.890866861609709]]]},"properties":{"shapeName":"West Harerge","shapeISO":"","shapeID":"57463737B54894668037624","shapeGroup":"ETH","shapeType":"ADM2"}},
{"type":"Feature","geometry":{"type":"Polygon","coordinates":[[[37.67531131300107,9.862887006224398],[37.62249395148181,9.68984133767712],[37.64634314653534,9.365879679537588],[37.48209834605932,9.30323590009715],[37.31381306775015,9.157919367174156],[37.155979031959866,9.236913098910746],[37.050765815074776,9.165549791692445],[37.02844466570153,9.03556127510867],[37.187818413312854,8.873164883138937],[37.225849049156544,8.771213679513162],[37.142426397360104,8.682871768509505],[37.17979737411317,8.668552878691271],[37.22584831217792,8.585569989344144],[37.26265933019297,8.58624978646483],[37.46419623660095,8.312801111301837],[37.499379116823754,8.404718728580747],[37.53574384426248,8.424689750508005],[37.634039906581435,8.686369501095118],[37.824425539432795,8.790659532938994],[37.89220744790921,8.804288051286454],[38.016066442239584,8.716315284147027],[38.05043153092878,8.752091982607988],[38.14758421933852,8.764850450910693],[38.13053405297687,8.832974506571423],[38.09530318973966,8.85520269535985],[38.124384134702645,8.890069501067245],[38.26407812777164,8.936744771389998],[38.40792162299478,8.847072060344422],[38.46037321595596,8.886548341193308],[38.488623882084354,8.864510162588479],[38.62033808235634,9.007896901549092],[38.65277845045783,9.011328291620767],[38.69538950587192,9.078769681321573],[38.674420060899855,9.121876569155557],[38.70981126580891,9.174371764864349],[38.59616823695473,9.183451488187176],[38.51765639325723,9.243656527422232],[38.60351985488815,9.48286500630781],[38.50642766517028,9.575087328824099],[38.38750458357336,9.607425041013991],[38.310502759887704,9.665120322280865],[38.21425020387063,9.680649408822477],[38.12661758210055,9.635133827069653],[38.04124618187265,9.832136900277007],[37.93614445484635,9.926928353046069],[37.743710014790395,9.841635459355867],[37.67531131300107,9.862887006224398]]]},"properties":{"shapeName":"West Shewa","shapeISO":"","shapeID":"57463737B12311921356322","shapeGroup":"ETH","shapeType":"ADM2"}},
{"type":"Feature","geometry":{"type":"Polygon","coordinates":[[[34.39401041587435,9.117373679338447],[34.50682376678195,9.148010659576336],[34.571525526484976,9.11710312776681],[34.61724699429054,9.16438888424212],[34.74981088246683,9.186606517962671],[34.851163985015575,9.243561238473552],[34.91643629394831,9.368680160053826],[34.924846425725754,9.33768281623875],[35.0867207709761,9.253199584812789],[35.157888169957204,9.072391050451696],[35.259675724355674,9.045080912432951],[35.25579521055053,9.003080682239878],[35.30860570341503,9.007982669586113],[35.34266691564164,8.925057224590043],[35.42954920843111,8.875941198208325],[35.42204866438848,8.780499533297032],[35.594393149725505,8.666188899296104],[35.70720648884486,8.711164594328178],[35.85957661881387,8.667043907481839],[35.907542135990184,8.714233621603972],[35.882631725422755,8.795926579381986],[35.96562439362171,8.885808441537046],[36.01066661793497,8.895808480450679],[36.04293338367426,9.016096956394417],[36.03235541918933,9.23445616820804],[35.950097411610834,9.250182561159914],[35.911864438350975,9.31698115692431],[35.75752014234358,9.324660950124132],[35.75089353173935,9.40409923053882],[35.77809872416911,9.441152052840998],[35.648262152808776,9.5543134575001],[35.65420839986266,9.635924264472907],[35.55449578779459,9.697109329824725],[35.46918992875652,9.67136948834178],[35.369161200395695,9.720278678898415],[35.379595667174286,9.766391642973629],[35.420394027378144,9.786128468921113],[35.36455328101903,9.814024323084109],[35.3254564081145,9.885771301917677],[35.29821701942533,9.923455048927512],[35.23150500766688,9.89422669582732],[35.22155966283312,9.926397411263128],[35.16034359589095,9.949371936733343],[35.089099773891924,9.951458739684183],[35.04927081753786,9.918714016420626],[35.020411007638536,9.929763819814282],[35.01577418073427,9.996157003069861],[34.94375087365172,9.934538956126769],[34.90517414198047,9.956848480054779],[34.867548166264406,9.903235436753063],[34.89290646439671,9.865581602875405],[34.79689358253187,9.737228529270968],[34.811605270311674,9.631116964616883],[34.78373706742854,9.554336090581204],[34.73588678050559,9.546307540203706],[34.54921181812706,9.630661784672027],[34.49947598047559,9.515240029661445],[34.51371867108564,9.449015328258373],[34.45254893832819,9.450125345210415],[34.44030173583799,9.216610559119442],[34.34161638520012,9.16981832992306],[34.39401041587435,9.117373679338447]]]},"properties":{"shapeName":"West Wellega","shapeISO":"","shapeID":"57463737B50553734798288","shapeGroup":"ETH","shapeType":"ADM2"}},
{"type":"Feature","geometry":{"type":"Polygon","coordinates":[[[37.77689716669676,13.634150629135581],[37.80153981152577,13.807508892949643],[37.72908741505448,13.893780965783549],[37.68273545526946,13.893759505823803],[37.62814756807047,13.953308820431499],[37.621414206989336,14.033319138540712],[37.52512577177751,14.116588144870498],[37.52593720661242,14.173680670003499],[37.46718227963213,14.212046530246633],[37.46374951702911,14.250985042811768],[37.39243726296786,14.29689407990535],[37.388005182187676,14.36167889646662],[37.34485420447907,14.409629230135286],[37.300093933978474,14.445223319437831],[37.134659840505876,14.406005440488942],[37.09457206594154,14.272271868785165],[37.01833181115748,14.251190708597557],[36.86407538343836,14.318413204484079],[36.62961327709137,14.30818530698665],[36.55354580509316,14.2774443867238],[36.46361102445602,13.97159072942381],[36.49987882620935,13.847421242845876],[36.45197791692732,13.769344829082145],[36.52035750652235,13.586167675157132],[36.6019258716428,13.499088397927721],[36.56722395489002,13.446868169836378],[36.60561037159872,13.37830048809841],[36.73546544156982,13.363746329983009],[36.825597873982424,13.448912537874955],[36.920001866185615,13.377495923938364],[37.03576796749419,13.353937776008445],[37.205525074389506,13.256393785549214],[37.25133432848453,13.295671910502772],[37.322646006617006,13.297855140937452],[37.3660618454686,13.360522964864469],[37.51860396860291,13.367146011883538],[37.63792356443966,13.41456216564539],[37.77689716669676,13.634150629135581]]]},"properties":{"shapeName":"Western","shapeISO":"","shapeID":"57463737B15825605122203","shapeGroup":"ETH","shapeType":"ADM2"}},
{"type":"Feature","geometry":{"type":"Polygon","coordinates":[[[37.91342736079702,6.591928445986446],[37.91232412483677,6.621045871284609],[37.9486354569075,6.600409988571151],[38.0475853707401,6.692378689443066],[38.13011868229376,6.975054934873792],[38.06224843784271,7.073429504064315],[37.998244692523095,7.062985477126849],[37.96022257550015,7.109529581184351],[37.914437021066135,7.114048781034809],[37.80894177668814,7.095249807814739],[37.70754132832655,7.144318017658812],[37.53635050478887,7.188620333255556],[37.451719950823,7.113780377209974],[37.41502956818855,6.986830283037797],[37.42627949750212,6.895230156618183],[37.28524869460364,6.844800295407742],[37.23475930275273,6.671110143824593],[37.29642855245474,6.701630097753031],[37.46615937527887,6.664609816329741],[37.536559662659414,6.613199653871353],[37.569469861696106,6.637079635473151],[37.62154008728384,6.609619525379317],[37.70884055127479,6.622129418073287],[37.816350999398445,6.55545917911552],[37.81540778501767,6.511838714111177],[37.87229722506691,6.583488819586352],[37.91342736079702,6.591928445986446]]]},"properties":{"shapeName":"Wolayita","shapeISO":"","shapeID":"57463737B13273048506325","shapeGroup":"ETH","shapeType":"ADM2"}},
{"type":"Feature","geometry":{"type":"Polygon","coordinates":[[[37.603640711780514,7.965995933910968],[37.54008813046165,7.954997629320299],[37.49160751577954,8.01819499909717],[37.39259657165765,7.99403672022235],[37.437521149161554,7.919671173201035],[37.402000569202386,7.683831033734492],[37.44591061828807,7.565490853192383],[37.535511255043744,7.666010800910598],[37.60435004423633,7.916370892366323],[37.603640711780514,7.965995933910968]]]},"properties":{"shapeName":"Yem","shapeISO":"","shapeID":"57463737B71172530098060","shapeGroup":"ETH","shapeType":"ADM2"}},
{"type":"Feature","geometry":{"type":"Polygon","coordinates":[[[39.99832404711732,11.613039060235895],[40.06720802024247,11.429517868868952],[40.07210811447671,11.326483236773543],[40.1737516857773,11.240824319091708],[40.44290920171407,11.21651150690232],[40.517851017408454,11.188243535485592],[40.56672187242923,11.118399416691773],[40.72864634711982,11.14433608672029],[40.80891383935617,11.198930723146944],[40.97285269860493,11.126526091935537],[41.093004896238064,10.980418304782859],[41.16732553880703,10.780595636635491],[41.22095729478687,10.835340408210305],[41.26905937175082,10.958719102434936],[41.76136234961684,10.982803698996447],[41.77593666392712,11.539723892059316],[41.804298332368795,11.667752288446026],[41.98111446821505,11.87089292234242],[42.355718752743456,12.445648974734787],[41.8850964237808,13.083883369635732],[41.8999579527624,12.838414721157513],[41.607582733566915,12.745125789223662],[41.38985676027929,12.714030306441586],[41.20007746661355,12.70981321500415],[41.078545449151726,12.765780862089755],[41.07843429050129,12.998013067023996],[40.70901283170958,12.993319183344138],[40.62281944402152,12.943660151183321],[40.62220454431653,12.715818213551321],[40.67316540730371,12.645993964432755],[40.6833546300114,12.50409634065914],[40.74985602833311,12.449160691463591],[40.716074138163854,12.316572594484208],[40.710201493523165,11.970823089768993],[40.597397960118,11.900740036620236],[40.15767554853546,11.826489512639066],[40.05067219216317,11.760186040089707],[39.99498633185207,11.681964826926643],[40.016159039475724,11.646362622618096],[39.99832404711732,11.613039060235895]]]},"properties":{"shapeName":"Zone 1","shapeISO":"","shapeID":"57463737B91823679317491","shapeGroup":"ETH","shapeType":"ADM2"}},
{"type":"Feature","geometry":{"type":"Polygon","coordinates":[[[39.74542121444243,13.571457903196778],[39.720595712066654,13.295224016102186],[39.78662294868799,13.263377271453614],[39.863238180321446,12.96271911898815],[39.97885936432544,12.792902545534572],[40.06262960723402,12.774967037461353],[40.28584685031587,12.920822720993783],[40.52498413172434,13.013002930459416],[40.59282581508524,12.989134516246917],[40.62281944402152,12.943660151183321],[40.70901283170958,12.993319183344138],[41.07843429050129,12.998013067023996],[41.078545449151726,12.765780862089755],[41.20007746661355,12.70981321500415],[41.38985676027929,12.714030306441586],[41.607582733566915,12.745125789223662],[41.8999579527624,12.838414721157513],[41.8850964237808,13.083883369635732],[41.07820635311439,13.879163209165807],[40.65142747704579,14.229976297878618],[40.22347751940539,14.479198299406482],[40.07619346087523,14.494518165787444],[39.98513896621056,14.432913739728514],[39.99172632623149,14.382544713989503],[39.95115102069327,14.360997889112587],[39.772926748671374,14.374429385859],[39.780081777297575,14.331114507489952],[39.72712413295297,14.303547029073222],[39.75818095380412,14.240433546422052],[39.69496294506545,14.241901479212483],[39.65083706563017,14.189207084827993],[39.768009713549006,14.140641682146835],[39.83850308665635,14.154795328830325],[39.84487508036539,14.050864147934774],[39.88681583447673,14.01281170577354],[39.86004250976981,13.966385466326884],[39.802534710176865,13.946216396931387],[39.83415597146645,13.919020059904899],[39.85407452745217,13.767140473019275],[39.88494657044235,13.748877061950422],[39.86478379529352,13.548808616304722],[39.74542121444243,13.571457903196778]]]},"properties":{"shapeName":"Zone 2","shapeISO":"","shapeID":"57463737B59365186809272","shapeGroup":"ETH","shapeType":"ADM2"}},
{"type":"Feature","geometry":{"type":"Polygon","coordinates":[[[40.09536453930238,8.863218784502921],[40.17075902000459,8.965543280367092],[40.23868095806233,8.998380007220446],[40.24637156099283,9.07590304303244],[40.471898916357695,9.355766880144401],[40.660434090225905,9.405311447117846],[40.694442750007624,9.445383634504664],[40.74957777877085,9.652278873471928],[40.848221140963666,9.79129589362864],[41.02045654029819,9.94978073137712],[40.9666952804733,9.972638998445444],[40.93744490102424,10.036193490532527],[41.08793230411836,10.601462111921617],[41.07816256557562,10.682044980578906],[41.16732553880703,10.780595636635491],[41.093004896238064,10.980418304782859],[40.97285269860493,11.126526091935537],[40.80891383935617,11.198930723146944],[40.72864634711982,11.14433608672029],[40.56672187242923,11.118399416691773],[40.64656273848864,10.923746184949136],[40.46921830838966,10.968783290255523],[40.43263702534011,10.91956788457762],[40.42371576320737,10.756952358028725],[40.466726199432195,10.642122300485592],[40.38035299529487,10.4922061347525],[40.40775235052804,10.26225641850103],[40.36004962056872,10.01008913482902],[40.23667552517602,9.86129307140072],[40.24432474674586,9.685678667025227],[40.117571416769984,9.6873992019379],[39.97439786743934,9.73020616110163],[39.86300505331565,9.754934554505438],[39.83999173608105,9.72453808156019],[39.88466042016878,9.611621346838453],[39.83838941512853,9.50289683229668],[39.87951008709171,9.401417202851128],[39.822318834543026,9.41844544148596],[39.79234114772906,9.370829072372851],[39.75068767786241,9.370224673251435],[39.79000327750797,9.305234887369789],[39.84499952131073,9.315196980002836],[39.886853123017225,9.270377530745776],[39.85786884169996,9.271092253062609],[39.87389345728262,9.22831427236269],[39.813875557467675,9.17213732899991],[39.8182829325792,9.13734420865829],[39.89928278967808,9.139969081513966],[39.94849339889156,9.00464089631388],[40.03568564188575,8.99549128181748],[40.05196590465269,8.962404148893256],[40.01127431155592,8.857143739573823],[40.067820730577985,8.845024542853025],[40.09536453930238,8.863218784502921]]]},"properties":{"shapeName":"Zone 3","shapeISO":"","shapeID":"57463737B74315162620914","shapeGroup":"ETH","shapeType":"ADM2"}},
{"type":"Feature","geometry":{"type":"Polygon","coordinates":[[[39.99498633185207,11.681964826926643],[40.05067219216317,11.760186040089707],[40.15767554853546,11.826489512639066],[40.597397960118,11.900740036620236],[40.710201493523165,11.970823089768993],[40.716074138163854,12.316572594484208],[40.74985602833311,12.449160691463591],[40.6833546300114,12.50409634065914],[40.67316540730371,12.645993964432755],[40.62220454431653,12.715818213551321],[40.62281944402152,12.943660151183321],[40.59282581508524,12.989134516246917],[40.52498413172434,13.013002930459416],[40.28584685031587,12.920822720993783],[40.06262960723402,12.774967037461353],[39.97885936432544,12.792902545534572],[39.826977078180555,12.69446198550365],[39.80760872589669,12.597012008375554],[39.883445741912745,12.45840322370851],[39.81580077894951,12.407807062491974],[39.81848266885656,12.324782038651371],[39.82845036806384,12.24121728404603],[39.80073129283827,12.195748448387523],[39.82947143653024,12.100608592690069],[39.862596268208364,12.089141379645254],[39.84213347034968,12.054323566457056],[39.88797173337944,11.90652623468729],[39.875742460706974,11.779553450594749],[39.92481780330847,11.70160161248043],[39.97052821777931,11.665289371416637],[39.99498633185207,11.681964826926643]]]},"properties":{"shapeName":"Zone 4","shapeISO":"","shapeID":"57463737B38369228192248","shapeGroup":"ETH","shapeType":"ADM2"}},
{"type":"Feature","geometry":{"type":"Polygon","coordinates":[[[39.97439786743934,9.73020616110163],[40.117571416769984,9.6873992019379],[40.24432474674586,9.685678667025227],[40.23667552517602,9.86129307140072],[40.36004962056872,10.01008913482902],[40.40775235052804,10.26225641850103],[40.38035299529487,10.4922061347525],[40.466726199432195,10.642122300485592],[40.42371576320737,10.756952358028725],[40.43263702534011,10.91956788457762],[40.46921830838966,10.968783290255523],[40.64656273848864,10.923746184949136],[40.56672187242923,11.118399416691773],[40.517851017408454,11.188243535485592],[40.44290920171407,11.21651150690232],[40.1737516857773,11.240824319091708],[40.21331413104581,11.109764189262345],[40.124645250609724,10.938510426535037],[40.150185113656306,10.896670913844904],[40.181376480996875,10.897736503780354],[40.167569667455204,10.805930973199295],[40.103483670166206,10.755933361207934],[40.16451295239017,10.413280717007531],[40.129865353732974,10.174484188255565],[40.15901784807724,10.091223835602495],[39.9898192191353,10.08926095401579],[39.9281418906134,10.090908409369712],[39.92360663555759,10.011693740711932],[40.04402870470669,9.991984732322896],[40.08971268115622,9.935764500458697],[40.07156242786457,9.858382534449232],[40.01189359279533,9.81952628001643],[39.99202159339494,9.757700547145637],[40.014634741272396,9.738544186286518],[39.97439786743934,9.73020616110163]]]},"properties":{"shapeName":"Zone 5","shapeISO":"","shapeID":"57463737B89952928868477","shapeGroup":"ETH","shapeType":"ADM2"}}
]}