{"type":"FeatureCollection", "features": [
{"type":"Feature","geometry":{"type":"Polygon","coordinates":[[[5.993067,49.46886],[5.994837,49.470005],[5.9972897,49.471085],[5.9955235,49.47218],[5.9949093,49.472973],[5.9963245,49.47376],[5.9958744,49.474266],[5.9994793,49.47509],[6.0013027,49.476643],[6.001074,49.476624],[6.0013943,49.47797],[6.001032,49.479313],[6.002657,49.48111],[6.004488,49.482388],[6.004854,49.483593],[6.005144,49.483665],[6.0043163,49.48562],[6.0037556,49.486217],[6.0020657,49.48602],[6.001055,49.485558],[6.0004864,49.484726],[6.0002575,49.483387],[5.99988,49.483288],[5.999914,49.483868],[5.999014,49.483974],[5.9966946,49.485],[5.9966297,49.485947],[5.997465,49.48754],[6.000761,49.486637],[6.0026608,49.486988],[6.002901,49.487244],[6.0031834,49.48773],[5.9978695,49.489693],[6.002035,49.49076],[6.001978,49.49097],[6.0031033,49.491295],[6.003153,49.49272],[5.999197,49.4925],[5.996462,49.493477],[5.9980793,49.494186],[5.9979725,49.494614],[5.998743,49.49474],[5.997999,49.494755],[5.9972973,49.4956],[5.9947453,49.49596],[5.9941235,49.495705],[5.9932766,49.496876],[5.993643,49.49755],[5.9956417,49.499268],[5.996935,49.499973],[5.99716,49.499653],[5.997568,49.499767],[5.9973392,49.500153],[5.998602,49.500515],[5.997572,49.50214],[5.9972897,49.503674],[5.996214,49.504932],[5.9966373,49.505096],[5.996935,49.504757],[5.998247,49.50502],[5.9976635,49.505547],[5.9982433,49.505787],[5.9982815,49.506386],[5.999815,49.50656],[6.0005283,49.50761],[5.9999294,49.508698],[6.001257,49.509754],[6.0009556,49.51069],[5.999651,49.510765],[5.9988155,49.513332],[5.997793,49.514877],[5.999296,49.515446],[5.9990444,49.515892],[6.001795,49.516033],[6.001932,49.51665],[6.0015354,49.51665],[5.999666,49.518616],[5.993471,49.5151],[5.9917316,49.5146],[5.986452,49.513786],[5.986475,49.514645],[5.9849186,49.51429],[5.981886,49.511627],[5.971529,49.512825],[5.966875,49.51443],[5.965868,49.513676],[5.966589,49.512943],[5.9629,49.512238],[5.9575253,49.512062],[5.9564686,49.51177],[5.956316,49.51079],[5.955206,49.51049],[5.9549274,49.5108],[5.95212,49.51093],[5.9517155,49.51176],[5.9497967,49.511677],[5.949148,49.511448],[5.946951,49.510136],[5.9466267,49.508648],[5.948744,49.508324],[5.9514637,49.508503],[5.9520893,49.506603],[5.950598,49.506535],[5.948099,49.505196],[5.947363,49.50532],[5.942808,49.50347],[5.942724,49.50146],[5.9414493,49.5006429],[5.9431541,49.5002317],[5.9459478,49.4995632],[5.946208,49.4976036],[5.9462874,49.4970015],[5.9491673,49.49649],[5.9489117,49.495857],[5.9510365,49.49526],[5.952074,49.49414],[5.954485,49.494156],[5.955202,49.493095],[5.9569683,49.493557],[5.9584637,49.4932],[5.959017,49.493374],[5.9608936,49.49306],[5.9645977,49.493004],[5.9652348,49.49276],[5.965494,49.49204],[5.9660206,49.492146],[5.966131,49.491344],[5.967947,49.491516],[5.9679394,49.491776],[5.9696293,49.49122],[5.9721127,49.491413],[5.9737988,49.48911],[5.9708996,49.4884],[5.9700794,49.4876],[5.9681683,49.48645],[5.9715786,49.483093],[5.9731045,49.483463],[5.973284,49.48283],[5.9749203,49.48203],[5.9751377,49.481556],[5.974699,49.47983],[5.9750576,49.478233],[5.974287,49.476948],[5.972414,49.47553],[5.9696484,49.475506],[5.971216,49.47451],[5.971594,49.474644],[5.972311,49.474377],[5.9722233,49.472393],[5.972788,49.470905],[5.971941,49.469566],[5.973627,49.46859],[5.9740047,49.465485],[5.9757595,49.46343],[5.9757786,49.462788],[5.97748,49.462532],[5.9787197,49.46118],[5.979311,49.460907],[5.9814396,49.46122],[5.98258,49.463516],[5.987318,49.46264],[5.989626,49.464344],[5.99,49.464977],[5.9895573,49.465755],[5.9897785,49.467007],[5.991205,49.4676],[5.993067,49.46886]],[[5.983363,49.5059475],[5.9833389,49.5054389],[5.9810161,49.505472],[5.9809487,49.5057052],[5.9815043,49.5058831],[5.9831055,49.5061931],[5.983363,49.5059475]]]},"properties":{"shapeName":"Esch-sur-Alzette","shapeISO":"","shapeID":"21775719B23058548235347","shapeGroup":"LUX","shapeType":"ADM2"}},
{"type":"Feature","geometry":{"type":"Polygon","coordinates":[[[5.999666,49.518616],[6.0013714,49.51962],[6.0032024,49.52121],[6.005575,49.520653],[6.005789,49.520317],[6.0069942,49.52026],[6.007616,49.519756],[6.0091534,49.519268],[6.0102177,49.519505],[6.010973,49.51924],[6.0115376,49.519356],[6.0115833,49.51961],[6.0121937,49.519463],[6.012411,49.519703],[6.013151,49.519753],[6.0140514,49.519318],[6.0148487,49.519802],[6.0138683,49.520054],[6.013918,49.52023],[6.0157146,49.52207],[6.016176,49.521843],[6.016405,49.522022],[6.015772,49.522327],[6.0192432,49.52374],[6.0200825,49.522705],[6.020876,49.522175],[6.021162,49.522316],[6.0262472,49.518803],[6.025099,49.518204],[6.0261707,49.51737],[6.030966,49.51668],[6.0307026,49.516224],[6.0321674,49.515915],[6.0324078,49.515606],[6.03351,49.515804],[6.035429,49.51518],[6.036604,49.51534],[6.0382977,49.514797],[6.0380077,49.514183],[6.0387745,49.514233],[6.0387325,49.5136],[6.0391483,49.513348],[6.038801,49.51277],[6.0411625,49.51204],[6.0432186,49.51195],[6.045027,49.511326],[6.04624,49.51121],[6.048723,49.51151],[6.047579,49.512814],[6.048147,49.512962],[6.048399,49.513817],[6.0511036,49.51466],[6.0509167,49.51497],[6.051878,49.51542],[6.051447,49.515816],[6.0536633,49.516823],[6.051195,49.518906],[6.050955,49.518795],[6.0505085,49.519024],[6.0518856,49.52038],[6.051092,49.520573],[6.051321,49.522015],[6.054037,49.52221],[6.0545406,49.52155],[6.055586,49.521664],[6.0548763,49.522644],[6.053507,49.52329],[6.053194,49.52422],[6.05443,49.525166],[6.0582714,49.527164],[6.0579166,49.527462],[6.0620327,49.528923],[6.0624447,49.532272],[6.06135,49.53405],[6.0605984,49.536827],[6.0586224,49.539925],[6.0612545,49.542164],[6.0610104,49.542843],[6.059458,49.544147],[6.0602856,49.54439],[6.060354,49.545616],[6.061159,49.547703],[6.060568,49.551674],[6.0575733,49.550247],[6.051836,49.548832],[6.049261,49.552],[6.0477505,49.552876],[6.0472584,49.552532],[6.046854,49.552105],[6.0462856,49.549953],[6.040991,49.547764],[6.0415173,49.546906],[6.037058,49.545322],[6.037157,49.54474],[6.0351353,49.543945],[6.035364,49.54339],[6.034834,49.54323],[6.0349483,49.54301],[6.0289555,49.541225],[6.0292645,49.540863],[6.0235497,49.5372906],[6.0228252,49.53627],[6.0219135,49.53677],[6.0202045,49.536205],[6.0171947,49.53635],[6.0170956,49.536583],[6.0131855,49.53575],[6.013098,49.536213],[6.011816,49.536102],[6.009989,49.53707],[6.0104656,49.537544],[6.0093174,49.537987],[6.007887,49.538105],[6.007601,49.5388],[6.0071735,49.538727],[6.006262,49.540768],[6.004839,49.540253],[6.001314,49.542583],[5.9990864,49.543015],[5.997366,49.5429],[5.9971256,49.543972],[5.9953327,49.54363],[5.995119,49.543926],[5.9940166,49.543594],[5.99275,49.54493],[5.990469,49.54594],[5.9904346,49.54619],[5.9884663,49.54588],[5.987608,49.546062],[5.9829006,49.55051],[5.9811535,49.551407],[5.9791584,49.552063],[5.977522,49.552032],[5.976618,49.55232],[5.974901,49.552418],[5.9716015,49.55215],[5.969095,49.551533],[5.96871,49.55059],[5.9695225,49.54747],[5.969839,49.5459],[5.9676914,49.54597],[5.966627,49.545628],[5.965189,49.544777],[5.9645634,49.542953],[5.9618435,49.54228],[5.9607105,49.54172],[5.9596767,49.54072],[5.9576626,49.53973],[5.9530087,49.53416],[5.9540577,49.531517],[5.9539204,49.5305],[5.9541683,49.53018],[5.9572086,49.530136],[5.9594593,49.530407],[5.9607067,49.529953],[5.9612484,49.529453],[5.9610615,49.529297],[5.963686,49.529556],[5.9638844,49.529266],[5.9648685,49.529408],[5.964964,49.52894],[5.9658146,49.529022],[5.9656734,49.529198],[5.9680805,49.529724],[5.9680424,49.52987],[5.9708614,49.530033],[5.970869,49.530262],[5.972227,49.530178],[5.971655,49.528458],[5.9746,49.52752],[5.974825,49.52715],[5.975733,49.52753],[5.976652,49.525764],[5.9762325,49.525215],[5.974428,49.52482],[5.9751377,49.524208],[5.9735546,49.523132],[5.9742947,49.5218],[5.973604,49.521564],[5.973871,49.520977],[5.9744053,49.52116],[5.975237,49.519928],[5.9762516,49.517246],[5.967169,49.514954],[5.966875,49.51443],[5.971529,49.512825],[5.981886,49.511627],[5.9849186,49.51429],[5.986475,49.514645],[5.986452,49.513786],[5.9917316,49.5146],[5.993471,49.5151],[5.999666,49.518616]]]},"properties":{"shapeName":"Mondercange","shapeISO":"","shapeID":"21775719B82173327168433","shapeGroup":"LUX","shapeType":"ADM2"}},
{"type":"Feature","geometry":{"type":"Polygon","coordinates":[[[6.0037556,49.486217],[6.003538,49.48651],[6.0038586,49.487175],[6.0058384,49.48637],[6.007311,49.489273],[6.0109386,49.49179],[6.0111103,49.491688],[6.0126095,49.492435],[6.0147724,49.493706],[6.0175724,49.496246],[6.0189915,49.4968],[6.0218143,49.49742],[6.023924,49.498478],[6.0243015,49.49827],[6.0245686,49.498505],[6.0242176,49.498737],[6.0288296,49.501373],[6.0318165,49.50172],[6.0348988,49.50278],[6.0342426,49.503677],[6.035761,49.50457],[6.0366306,49.506145],[6.039194,49.506123],[6.039049,49.505123],[6.0393925,49.50468],[6.040056,49.50836],[6.0408955,49.51036],[6.0411625,49.51204],[6.038801,49.51277],[6.0391483,49.513348],[6.0387325,49.5136],[6.0387745,49.514233],[6.0380077,49.514183],[6.0382977,49.514797],[6.036604,49.51534],[6.035429,49.51518],[6.03351,49.515804],[6.0324078,49.515606],[6.0321674,49.515915],[6.0307026,49.516224],[6.030966,49.51668],[6.0261707,49.51737],[6.025099,49.518204],[6.0262472,49.518803],[6.021162,49.522316],[6.020876,49.522175],[6.0200825,49.522705],[6.0192432,49.52374],[6.015772,49.522327],[6.016405,49.522022],[6.016176,49.521843],[6.0157146,49.52207],[6.013918,49.52023],[6.0138683,49.520054],[6.0148487,49.519802],[6.0140514,49.519318],[6.013151,49.519753],[6.012411,49.519703],[6.0121937,49.519463],[6.0115833,49.51961],[6.0115376,49.519356],[6.010973,49.51924],[6.0102177,49.519505],[6.0091534,49.519268],[6.007616,49.519756],[6.0069942,49.52026],[6.005789,49.520317],[6.005575,49.520653],[6.0032024,49.52121],[6.0013714,49.51962],[5.999666,49.518616],[6.0015354,49.51665],[6.001932,49.51665],[6.001795,49.516033],[5.9990444,49.515892],[5.999296,49.515446],[5.997793,49.514877],[5.9988155,49.513332],[5.999651,49.510765],[6.0009556,49.51069],[6.001257,49.509754],[5.9999294,49.508698],[6.0005283,49.50761],[5.999815,49.50656],[5.9982815,49.506386],[5.9982433,49.505787],[5.9976635,49.505547],[5.998247,49.50502],[5.996935,49.504757],[5.9966373,49.505096],[5.996214,49.504932],[5.9972897,49.503674],[5.997572,49.50214],[5.998602,49.500515],[5.9973392,49.500153],[5.997568,49.499767],[5.99716,49.499653],[5.996935,49.499973],[5.9956417,49.499268],[5.993643,49.49755],[5.9932766,49.496876],[5.9941235,49.495705],[5.9947453,49.49596],[5.9972973,49.4956],[5.997999,49.494755],[5.998743,49.49474],[5.9979725,49.494614],[5.9980793,49.494186],[5.996462,49.493477],[5.999197,49.4925],[6.003153,49.49272],[6.0031033,49.491295],[6.001978,49.49097],[6.002035,49.49076],[5.9978695,49.489693],[6.0031834,49.48773],[6.002901,49.487244],[6.0026608,49.486988],[6.000761,49.486637],[5.997465,49.48754],[5.9966297,49.485947],[5.9966946,49.485],[5.999014,49.483974],[5.999914,49.483868],[5.99988,49.483288],[6.0002575,49.483387],[6.0004864,49.484726],[6.001055,49.485558],[6.0020657,49.48602],[6.0037556,49.486217]]]},"properties":{"shapeName":"Schifflange","shapeISO":"","shapeID":"21775719B62903588836755","shapeGroup":"LUX","shapeType":"ADM2"}},
{"type":"Feature","geometry":{"type":"Polygon","coordinates":[[[5.987318,49.46264],[5.9880695,49.461292],[5.9877834,49.460278],[5.9867344,49.4587],[5.9857235,49.455738],[5.982359,49.457035],[5.9792995,49.455242],[5.978754,49.45399],[5.9790897,49.452682],[5.9819736,49.451065],[5.9979343,49.456497],[6.001234,49.456505],[6.0078487,49.451637],[6.0114994,49.453518],[6.0138187,49.45253],[6.015524,49.453632],[6.0155926,49.45395],[6.0180264,49.45395],[6.0197773,49.45426],[6.0217495,49.454975],[6.023657,49.45503],[6.026697,49.454193],[6.0280743,49.45575],[6.0292835,49.455048],[6.0271053,49.453636],[6.025923,49.45185],[6.025881,49.450726],[6.026842,49.448593],[6.027254,49.44826],[6.0293217,49.449337],[6.032583,49.449535],[6.0324116,49.450924],[6.030016,49.451733],[6.031019,49.45289],[6.0312595,49.452747],[6.0328045,49.453182],[6.0328465,49.45273],[6.0368214,49.452557],[6.038683,49.452744],[6.038992,49.453373],[6.0399036,49.453766],[6.0394764,49.454422],[6.0381184,49.454678],[6.037878,49.454952],[6.0382595,49.456326],[6.043585,49.456314],[6.0436306,49.456543],[6.0389996,49.458073],[6.0391254,49.4583],[6.0377827,49.458786],[6.039091,49.460495],[6.0403004,49.461174],[6.0385685,49.463028],[6.036669,49.463673],[6.037161,49.466328],[6.0351505,49.46667],[6.035036,49.467094],[6.032484,49.46771],[6.0322895,49.467327],[6.0315,49.467487],[6.0314617,49.467133],[6.0309086,49.467068],[6.028471,49.467262],[6.0267963,49.46823],[6.0263767,49.46749],[6.02495,49.46681],[6.025297,49.46723],[6.025137,49.4677],[6.0241604,49.468655],[6.0228825,49.46909],[6.019972,49.4694],[6.0175037,49.46931],[6.0165577,49.4695],[6.015066,49.470276],[6.013479,49.470425],[6.013029,49.470917],[6.012537,49.470924],[6.012594,49.472095],[6.011854,49.472057],[6.0105457,49.4728],[6.0104694,49.474052],[6.008589,49.474293],[6.006586,49.4751],[6.0053196,49.476307],[6.0022144,49.47498],[6.000635,49.473404],[6.002783,49.47263],[6.003317,49.47188],[5.999468,49.46976],[5.9986744,49.46863],[5.9967594,49.46721],[5.994627,49.468094],[5.9943485,49.467888],[5.993067,49.46886],[5.991205,49.4676],[5.9897785,49.467007],[5.9895573,49.465755],[5.99,49.464977],[5.989626,49.464344],[5.987318,49.46264]]]},"properties":{"shapeName":"Rumelange","shapeISO":"","shapeID":"21775719B1069977315926","shapeGroup":"LUX","shapeType":"ADM2"}},
{"type":"Feature","geometry":{"type":"Polygon","coordinates":[[[5.993067,49.46886],[5.9943485,49.467888],[5.994627,49.468094],[5.9967594,49.46721],[5.9986744,49.46863],[5.999468,49.46976],[6.003317,49.47188],[6.002783,49.47263],[6.000635,49.473404],[6.0022144,49.47498],[6.0053196,49.476307],[6.006586,49.4751],[6.008589,49.474293],[6.0104694,49.474052],[6.0105457,49.4728],[6.011854,49.472057],[6.012594,49.472095],[6.012537,49.470924],[6.013029,49.470917],[6.013479,49.470425],[6.015066,49.470276],[6.0165577,49.4695],[6.0175037,49.46931],[6.019972,49.4694],[6.0228825,49.46909],[6.0241604,49.468655],[6.025137,49.4677],[6.025297,49.46723],[6.02495,49.46681],[6.0263767,49.46749],[6.0267963,49.46823],[6.028471,49.467262],[6.0309086,49.467068],[6.0314617,49.467133],[6.0315,49.467487],[6.0322895,49.467327],[6.032484,49.46771],[6.035036,49.467094],[6.0351505,49.46667],[6.037161,49.466328],[6.036669,49.463673],[6.0385685,49.463028],[6.0403004,49.461174],[6.039091,49.460495],[6.0377827,49.458786],[6.0391254,49.4583],[6.0389996,49.458073],[6.0436306,49.456543],[6.043585,49.456314],[6.0382595,49.456326],[6.037878,49.454952],[6.0381184,49.454678],[6.0394764,49.454422],[6.0399036,49.453766],[6.038992,49.453373],[6.038683,49.452744],[6.0368214,49.452557],[6.0328465,49.45273],[6.0328045,49.453182],[6.0312595,49.452747],[6.031019,49.45289],[6.030016,49.451733],[6.0324116,49.450924],[6.032583,49.449535],[6.0417742,49.4478539],[6.049906,49.45967],[6.048563,49.4605],[6.0474987,49.46168],[6.0479984,49.46323],[6.0499363,49.465324],[6.050596,49.466507],[6.052519,49.467533],[6.052267,49.46953],[6.0528126,49.47077],[6.053255,49.471252],[6.053583,49.471134],[6.053213,49.472103],[6.0523777,49.472298],[6.0535755,49.472374],[6.0544605,49.47598],[6.0573025,49.477173],[6.0584126,49.477936],[6.0584316,49.478584],[6.053648,49.479527],[6.051241,49.48104],[6.0536785,49.481804],[6.0555935,49.48297],[6.0565968,49.483887],[6.055643,49.484253],[6.056467,49.485317],[6.0562,49.485497],[6.057642,49.486317],[6.0588512,49.48659],[6.058626,49.487186],[6.060255,49.48713],[6.061159,49.487343],[6.0606213,49.488697],[6.0567226,49.489784],[6.0574665,49.49068],[6.0588017,49.49129],[6.0568523,49.493492],[6.055731,49.4931],[6.055525,49.49341],[6.0590153,49.494556],[6.054262,49.497204],[6.0567226,49.499016],[6.0582676,49.498535],[6.0588474,49.499306],[6.0609913,49.498627],[6.0616474,49.499477],[6.06159,49.500214],[6.058218,49.50049],[6.058779,49.501896],[6.056814,49.50348],[6.0583134,49.505215],[6.0567837,49.50594],[6.056238,49.50528],[6.053953,49.50626],[6.05414,49.50639],[6.051935,49.506527],[6.0514965,49.50575],[6.050085,49.504486],[6.047205,49.503803],[6.047083,49.503605],[6.0443935,49.503887],[6.0444546,49.504128],[6.0398426,49.504303],[6.0393925,49.50468],[6.039049,49.505123],[6.039194,49.506123],[6.0366306,49.506145],[6.035761,49.50457],[6.0342426,49.503677],[6.0348988,49.50278],[6.0318165,49.50172],[6.0288296,49.501373],[6.0242176,49.498737],[6.0245686,49.498505],[6.0243015,49.49827],[6.023924,49.498478],[6.0218143,49.49742],[6.0189915,49.4968],[6.0175724,49.496246],[6.0147724,49.493706],[6.0126095,49.492435],[6.0111103,49.491688],[6.0109386,49.49179],[6.007311,49.489273],[6.0058384,49.48637],[6.0038586,49.487175],[6.003538,49.48651],[6.0037556,49.486217],[6.0043163,49.48562],[6.005144,49.483665],[6.004854,49.483593],[6.004488,49.482388],[6.002657,49.48111],[6.001032,49.479313],[6.0013943,49.47797],[6.001074,49.476624],[6.0013027,49.476643],[5.9994793,49.47509],[5.9958744,49.474266],[5.9963245,49.47376],[5.9949093,49.472973],[5.9955235,49.47218],[5.9972897,49.471085],[5.994837,49.470005],[5.993067,49.46886]]]},"properties":{"shapeName":"Kayl","shapeISO":"","shapeID":"21775719B17928354253129","shapeGroup":"LUX","shapeType":"ADM2"}},
{"type":"Feature","geometry":{"type":"Polygon","coordinates":[[[6.049906,49.45967],[6.053095,49.4639],[6.057169,49.46545],[6.0581074,49.46644],[6.0611362,49.46539],[6.066309,49.46482],[6.069544,49.464977],[6.072233,49.46561],[6.0730762,49.464954],[6.0736713,49.463646],[6.0792065,49.463917],[6.0807056,49.458466],[6.0860004,49.45612],[6.085573,49.45573],[6.0866375,49.455162],[6.088232,49.45464],[6.0903225,49.454426],[6.0903797,49.45425],[6.092081,49.454285],[6.0923214,49.45314],[6.096224,49.453506],[6.096182,49.45325],[6.100775,49.45289],[6.1008816,49.453503],[6.1016293,49.4543],[6.1008625,49.45664],[6.1010227,49.457863],[6.0999355,49.45901],[6.099718,49.45988],[6.0987835,49.46063],[6.099127,49.462223],[6.098093,49.463474],[6.0982075,49.464268],[6.099718,49.465977],[6.0998096,49.467464],[6.1015644,49.469],[6.102602,49.469402],[6.10198,49.470383],[6.104063,49.471157],[6.1060276,49.471397],[6.10948,49.47252],[6.1110783,49.472553],[6.1121464,49.472065],[6.112772,49.47122],[6.114191,49.470486],[6.1148014,49.470844],[6.117792,49.471363],[6.1192074,49.472042],[6.1213105,49.4724496],[6.1234493,49.473465],[6.1225567,49.475197],[6.122999,49.476517],[6.1243687,49.477528],[6.1274776,49.482327],[6.126749,49.490025],[6.127535,49.491413],[6.1280384,49.49392],[6.1243,49.495346],[6.12002,49.497902],[6.116213,49.49969],[6.1146183,49.50172],[6.1107807,49.501354],[6.109129,49.5035],[6.1094418,49.503643],[6.1070347,49.50705],[6.1041164,49.50695],[6.0994053,49.50613],[6.099737,49.505165],[6.0972614,49.504875],[6.096983,49.504166],[6.096365,49.504036],[6.096487,49.502827],[6.0968,49.50274],[6.096464,49.50246],[6.095724,49.502605],[6.094904,49.500793],[6.093775,49.499752],[6.093439,49.499947],[6.0930767,49.499706],[6.0895863,49.501797],[6.088827,49.502644],[6.0869007,49.5033],[6.0869007,49.503506],[6.077173,49.50478],[6.077074,49.50551],[6.07292,49.5057],[6.0725536,49.50426],[6.0725803,49.50105],[6.0718365,49.50097],[6.0708447,49.49834],[6.067812,49.500248],[6.066992,49.499718],[6.0663967,49.49995],[6.06159,49.500214],[6.0616474,49.499477],[6.0609913,49.498627],[6.0588474,49.499306],[6.0582676,49.498535],[6.0567226,49.499016],[6.054262,49.497204],[6.0590153,49.494556],[6.055525,49.49341],[6.055731,49.4931],[6.0568523,49.493492],[6.0588017,49.49129],[6.0574665,49.49068],[6.0567226,49.489784],[6.0606213,49.488697],[6.061159,49.487343],[6.060255,49.48713],[6.058626,49.487186],[6.0588512,49.48659],[6.057642,49.486317],[6.0562,49.485497],[6.056467,49.485317],[6.055643,49.484253],[6.0565968,49.483887],[6.0555935,49.48297],[6.0536785,49.481804],[6.051241,49.48104],[6.053648,49.479527],[6.0584316,49.478584],[6.0584126,49.477936],[6.0573025,49.477173],[6.0544605,49.47598],[6.0535755,49.472374],[6.0523777,49.472298],[6.053213,49.472103],[6.053583,49.471134],[6.053255,49.471252],[6.0528126,49.47077],[6.052267,49.46953],[6.052519,49.467533],[6.050596,49.466507],[6.0499363,49.465324],[6.0479984,49.46323],[6.0474987,49.46168],[6.048563,49.4605],[6.049906,49.45967]]]},"properties":{"shapeName":"Dudelange","shapeISO":"","shapeID":"21775719B60383903025053","shapeGroup":"LUX","shapeType":"ADM2"}},
{"type":"Feature","geometry":{"type":"Polygon","coordinates":[[[6.141756,49.49168],[6.140833,49.4883],[6.140768,49.48667],[6.1422367,49.4869],[6.144697,49.487892],[6.1486263,49.490078],[6.1531353,49.49171],[6.152807,49.49274],[6.155855,49.493393],[6.1573353,49.491478],[6.159437,49.49177],[6.161833,49.49267],[6.1624928,49.493484],[6.1622944,49.493835],[6.1611156,49.49439],[6.159624,49.495888],[6.158285,49.496227],[6.1570835,49.497063],[6.1538906,49.501633],[6.1547985,49.502052],[6.155958,49.503666],[6.1565456,49.504013],[6.157114,49.504234],[6.1573505,49.503967],[6.1583195,49.504288],[6.1585407,49.504],[6.1616535,49.50492],[6.161936,49.504147],[6.1636295,49.504543],[6.1653233,49.505497],[6.1719913,49.508144],[6.1749744,49.510307],[6.1762066,49.510246],[6.176859,49.509975],[6.1769047,49.50887],[6.1766033,49.50861],[6.1783085,49.506958],[6.180258,49.507286],[6.1808414,49.50801],[6.18717,49.50682],[6.18836,49.50637],[6.1913586,49.505978],[6.1952457,49.506424],[6.1957607,49.50536],[6.2025013,49.50701],[6.207659,49.50623],[6.2137814,49.506287],[6.2172304,49.5068979],[6.2170353,49.50786],[6.217306,49.507885],[6.2163715,49.509014],[6.2171307,49.509758],[6.2181034,49.509964],[6.2183704,49.509403],[6.2198696,49.509544],[6.220003,49.50877],[6.224573,49.50953],[6.2275753,49.510357],[6.2282734,49.50951],[6.2323055,49.509377],[6.2361641,49.50815220000001],[6.2387498,49.5120443],[6.2389586,49.5135035],[6.2404635,49.5142506],[6.2406513,49.5149373],[6.2406483,49.515022],[6.2383327,49.51686],[6.237253,49.51701],[6.235132,49.516613],[6.234659,49.517487],[6.235487,49.51781],[6.2372,49.521183],[6.23802,49.52193],[6.2394924,49.52467],[6.237818,49.525997],[6.2375546,49.525887],[6.2360477,49.526962],[6.236414,49.52721],[6.2353153,49.527992],[6.23971,49.530365],[6.2367535,49.533253],[6.2358036,49.533592],[6.2354374,49.533184],[6.2337284,49.533653],[6.2318783,49.5356],[6.2308483,49.53767],[6.2288036,49.53756],[6.229166,49.538433],[6.2287807,49.53854],[6.228201,49.5387],[6.227934,49.53784],[6.2258854,49.537544],[6.226103,49.53695],[6.2212124,49.536804],[6.220392,49.538692],[6.2198963,49.538383],[6.219572,49.538513],[6.2214756,49.539604],[6.2213,49.540066],[6.217428,49.540806],[6.2157574,49.53847],[6.216482,49.53631],[6.2162,49.53546],[6.2154827,49.53531],[6.2150707,49.534615],[6.2152424,49.533207],[6.2118626,49.53297],[6.2097607,49.532032],[6.207121,49.53243],[6.2051983,49.530376],[6.203665,49.53067],[6.2010403,49.527756],[6.202429,49.52693],[6.2016315,49.526684],[6.2005672,49.526463],[6.200117,49.526844],[6.1988354,49.526382],[6.198641,49.52667],[6.1970234,49.52622],[6.19713,49.525806],[6.1960697,49.525635],[6.194277,49.525684],[6.1930714,49.526024],[6.1930447,49.52645],[6.1890697,49.525528],[6.1889133,49.526157],[6.1870365,49.52555],[6.1850452,49.52778],[6.179823,49.526188],[6.1802845,49.52522],[6.1769657,49.5248],[6.174284,49.524155],[6.17449,49.523903],[6.172365,49.522724],[6.1716175,49.52181],[6.1721287,49.51705],[6.169115,49.516987],[6.1652317,49.517406],[6.1625805,49.51728],[6.162058,49.517857],[6.161455,49.517555],[6.1605854,49.518612],[6.1602726,49.518513],[6.1597424,49.518913],[6.15954,49.518745],[6.156706,49.520657],[6.155485,49.521107],[6.154665,49.52127],[6.15304,49.5198],[6.1557827,49.517914],[6.155546,49.51773],[6.1547337,49.5182],[6.1516933,49.51668],[6.148779,49.517605],[6.146837,49.516582],[6.146513,49.516808],[6.144926,49.516277],[6.1452007,49.515877],[6.1448956,49.515816],[6.1457844,49.514736],[6.142725,49.5139],[6.1428165,49.513725],[6.141287,49.513474],[6.1411266,49.512184],[6.1359997,49.51245],[6.1359234,49.511963],[6.1345997,49.51174],[6.1343365,49.51132],[6.132971,49.51091],[6.133272,49.5098],[6.1300983,49.509186],[6.131506,49.508373],[6.1319942,49.50711],[6.1317425,49.507053],[6.1321735,49.505707],[6.130171,49.50538],[6.1309414,49.50336],[6.1317616,49.502262],[6.131365,49.50205],[6.1313457,49.501575],[6.1317883,49.501213],[6.132593,49.50168],[6.134096,49.500362],[6.134676,49.49934],[6.1350346,49.49937],[6.1365833,49.497013],[6.1368923,49.49434],[6.140291,49.495193],[6.1410885,49.493687],[6.141428,49.493767],[6.141756,49.49168]]]},"properties":{"shapeName":"Frisange","shapeISO":"","shapeID":"21775719B68351429546827","shapeGroup":"LUX","shapeType":"ADM2"}},
{"type":"Feature","geometry":{"type":"Polygon","coordinates":[[[6.061159,49.547703],[6.0665417,49.54933],[6.0676174,49.549183],[6.068865,49.549446],[6.0697727,49.550285],[6.071047,49.550694],[6.075945,49.550884],[6.0772,49.55049],[6.0779705,49.550636],[6.0786037,49.550316],[6.07905,49.550457],[6.0795193,49.550232],[6.083418,49.55127],[6.084635,49.55203],[6.084898,49.55195],[6.0864277,49.552685],[6.0878887,49.553032],[6.087946,49.55341],[6.0874653,49.55355],[6.0868816,49.55448],[6.088476,49.556126],[6.0881557,49.556713],[6.0887165,49.55788],[6.090288,49.559505],[6.090891,49.559338],[6.0917454,49.55956],[6.092455,49.561768],[6.093664,49.563057],[6.099947,49.564648],[6.101755,49.564716],[6.101652,49.565094],[6.099619,49.56646],[6.1018543,49.56828],[6.1036205,49.569168],[6.1043186,49.57014],[6.1027813,49.570957],[6.1003513,49.57158],[6.0993595,49.57119],[6.098192,49.571453],[6.0952473,49.57517],[6.0939617,49.575638],[6.0941486,49.577374],[6.0935497,49.578564],[6.084917,49.57623],[6.08325,49.577103],[6.082567,49.57709],[6.081129,49.577663],[6.079397,49.577377],[6.079031,49.57823],[6.0792294,49.57911],[6.07823,49.580414],[6.0785656,49.580875],[6.0781384,49.581333],[6.0790653,49.584194],[6.0797596,49.584366],[6.0792866,49.58524],[6.076227,49.587273],[6.0767574,49.587498],[6.0762157,49.589363],[6.0743847,49.58942],[6.0742245,49.589806],[6.073744,49.589386],[6.072981,49.58934],[6.070982,49.58769],[6.0705814,49.588825],[6.069906,49.588673],[6.069357,49.589825],[6.0642567,49.588493],[6.0598545,49.58766],[6.0574245,49.58755],[6.051855,49.586555],[6.04661,49.584843],[6.045206,49.58161],[6.0448666,49.579735],[6.0461597,49.579716],[6.046324,49.57943],[6.046812,49.579388],[6.049013,49.579876],[6.0491657,49.578617],[6.0482006,49.577717],[6.049013,49.576336],[6.0479527,49.57562],[6.048971,49.57489],[6.0475636,49.57457],[6.048807,49.57162],[6.0493374,49.571747],[6.049799,49.571056],[6.048422,49.570797],[6.046686,49.56973],[6.0455303,49.57035],[6.043623,49.5696],[6.040392,49.570354],[6.0396214,49.570305],[6.037405,49.569347],[6.038435,49.56704],[6.038267,49.56637],[6.04035,49.566086],[6.039629,49.56492],[6.038309,49.563858],[6.0408497,49.56149],[6.041395,49.561626],[6.04167,49.56126],[6.042017,49.561337],[6.0423794,49.55995],[6.0419827,49.55912],[6.042639,49.55753],[6.0446033,49.555145],[6.0450344,49.554073],[6.0472584,49.552532],[6.0477505,49.552876],[6.049261,49.552],[6.051836,49.548832],[6.0575733,49.550247],[6.060568,49.551674],[6.061159,49.547703]]]},"properties":{"shapeName":"Leudelange","shapeISO":"","shapeID":"21775719B78588703449335","shapeGroup":"LUX","shapeType":"ADM2"}},
{"type":"Feature","geometry":{"type":"Polygon","coordinates":[[[6.0472584,49.552532],[6.0450344,49.554073],[6.0446033,49.555145],[6.042639,49.55753],[6.0419827,49.55912],[6.0423794,49.55995],[6.042017,49.561337],[6.04167,49.56126],[6.041395,49.561626],[6.0408497,49.56149],[6.038309,49.563858],[6.039629,49.56492],[6.04035,49.566086],[6.038267,49.56637],[6.038435,49.56704],[6.037405,49.569347],[6.0396214,49.570305],[6.040392,49.570354],[6.043623,49.5696],[6.0455303,49.57035],[6.046686,49.56973],[6.048422,49.570797],[6.049799,49.571056],[6.0493374,49.571747],[6.048807,49.57162],[6.0475636,49.57457],[6.048971,49.57489],[6.0479527,49.57562],[6.049013,49.576336],[6.0482006,49.577717],[6.0491657,49.578617],[6.049013,49.579876],[6.046812,49.579388],[6.046324,49.57943],[6.0461597,49.579716],[6.0448666,49.579735],[6.045206,49.58161],[6.04661,49.584843],[6.044737,49.58489],[6.0418034,49.584274],[6.039896,49.584236],[6.040701,49.5849],[6.0410748,49.58566],[6.0408344,49.586285],[6.040304,49.586613],[6.039465,49.586655],[6.037306,49.58612],[6.037489,49.585915],[6.032366,49.585655],[6.0327053,49.58411],[6.033716,49.582504],[6.029516,49.58187],[6.0294323,49.582138],[6.028219,49.58179],[6.026823,49.584663],[6.0255375,49.584263],[6.024843,49.584812],[6.0224667,49.583122],[6.021673,49.583595],[6.020521,49.583477],[6.0144405,49.581654],[6.0146046,49.58149],[6.013876,49.58101],[6.009535,49.57975],[6.0099125,49.579426],[6.0075893,49.578815],[6.006857,49.578316],[6.0070133,49.578083],[6.0054035,49.577362],[6.0052357,49.577106],[6.0056057,49.57688],[6.0036755,49.57599],[6.0007725,49.573418],[6.000902,49.57251],[6.0005207,49.572365],[6.000799,49.571915],[6.0000744,49.57175],[6.0000553,49.57206],[5.9979725,49.57161],[5.9994793,49.570267],[5.997595,49.569145],[5.9970455,49.569256],[5.996435,49.56871],[5.9942493,49.56908],[5.994211,49.568726],[5.9930096,49.56847],[5.994215,49.568554],[5.9944973,49.566814],[5.9935436,49.566708],[5.9936466,49.565994],[5.992651,49.564873],[5.9900837,49.5654],[5.990019,49.56509],[5.988325,49.564514],[5.98802,49.564774],[5.9862766,49.564003],[5.9859905,49.564278],[5.9831524,49.56294],[5.9826603,49.563316],[5.980833,49.562576],[5.979624,49.56456],[5.9799824,49.564697],[5.978586,49.565987],[5.97962,49.566517],[5.9772587,49.567947],[5.9752674,49.568287],[5.9726963,49.567184],[5.9715366,49.5681],[5.971258,49.56824],[5.9711285,49.567955],[5.9705334,49.568394],[5.971079,49.57029],[5.970663,49.57046],[5.96966,49.5706],[5.9666386,49.57041],[5.96113,49.5681],[5.9631634,49.564217],[5.9656467,49.560627],[5.9652386,49.559723],[5.964781,49.5598],[5.9635105,49.55732],[5.9639263,49.557148],[5.963114,49.556427],[5.9618244,49.55437],[5.9611073,49.553963],[5.9616833,49.552856],[5.961088,49.552265],[5.9607487,49.54842],[5.9611073,49.54572],[5.962221,49.54569],[5.9621525,49.546413],[5.9656124,49.54678],[5.965597,49.547104],[5.9675503,49.547592],[5.9675655,49.54741],[5.9695225,49.54747],[5.96871,49.55059],[5.969095,49.551533],[5.9716015,49.55215],[5.974901,49.552418],[5.976618,49.55232],[5.977522,49.552032],[5.9791584,49.552063],[5.9811535,49.551407],[5.9829006,49.55051],[5.987608,49.546062],[5.9884663,49.54588],[5.9904346,49.54619],[5.990469,49.54594],[5.99275,49.54493],[5.9940166,49.543594],[5.995119,49.543926],[5.9953327,49.54363],[5.9971256,49.543972],[5.997366,49.5429],[5.9990864,49.543015],[6.001314,49.542583],[6.004839,49.540253],[6.006262,49.540768],[6.0071735,49.538727],[6.007601,49.5388],[6.007887,49.538105],[6.0093174,49.537987],[6.0104656,49.537544],[6.009989,49.53707],[6.011816,49.536102],[6.013098,49.536213],[6.0131855,49.53575],[6.0170956,49.536583],[6.0171947,49.53635],[6.0202045,49.536205],[6.0219135,49.53677],[6.0228252,49.53627],[6.0235497,49.5372906],[6.0292645,49.540863],[6.0289555,49.541225],[6.0349483,49.54301],[6.034834,49.54323],[6.035364,49.54339],[6.0351353,49.543945],[6.037157,49.54474],[6.037058,49.545322],[6.0415173,49.546906],[6.040991,49.547764],[6.0462856,49.549953],[6.046854,49.552105],[6.0472584,49.552532]]]},"properties":{"shapeName":"Reckange-sur-Mess","shapeISO":"","shapeID":"21775719B56620819602201","shapeGroup":"LUX","shapeType":"ADM2"}},
{"type":"Feature","geometry":{"type":"MultiPolygon","coordinates":[[[[5.9431541,49.5002317],[5.9419684,49.4979962],[5.9430309,49.495921],[5.9438225,49.49517920000001],[5.9445148,49.4955841],[5.9434183,49.4974024],[5.946208,49.4976036],[5.9459478,49.4995632],[5.9431541,49.5002317]]],[[[5.966875,49.51443],[5.967169,49.514954],[5.9762516,49.517246],[5.975237,49.519928],[5.9744053,49.52116],[5.973871,49.520977],[5.973604,49.521564],[5.9742947,49.5218],[5.9735546,49.523132],[5.9751377,49.524208],[5.974428,49.52482],[5.9762325,49.525215],[5.976652,49.525764],[5.975733,49.52753],[5.974825,49.52715],[5.9746,49.52752],[5.971655,49.528458],[5.972227,49.530178],[5.970869,49.530262],[5.9708614,49.530033],[5.9680424,49.52987],[5.9680805,49.529724],[5.9656734,49.529198],[5.9658146,49.529022],[5.964964,49.52894],[5.9648685,49.529408],[5.9638844,49.529266],[5.963686,49.529556],[5.9610615,49.529297],[5.9612484,49.529453],[5.9607067,49.529953],[5.9594593,49.530407],[5.9572086,49.530136],[5.9541683,49.53018],[5.9539204,49.5305],[5.9540577,49.531517],[5.9530087,49.53416],[5.9576626,49.53973],[5.9596767,49.54072],[5.9607105,49.54172],[5.9618435,49.54228],[5.9645634,49.542953],[5.965189,49.544777],[5.966627,49.545628],[5.9676914,49.54597],[5.969839,49.5459],[5.9695225,49.54747],[5.9675655,49.54741],[5.9675503,49.547592],[5.965597,49.547104],[5.9656124,49.54678],[5.9621525,49.546413],[5.962221,49.54569],[5.9611073,49.54572],[5.9607487,49.54842],[5.961088,49.552265],[5.9616833,49.552856],[5.9611073,49.553963],[5.9618244,49.55437],[5.963114,49.556427],[5.9639263,49.557148],[5.9635105,49.55732],[5.964781,49.5598],[5.9652386,49.559723],[5.9656467,49.560627],[5.9631634,49.564217],[5.96113,49.5681],[5.960947,49.56837],[5.9615917,49.568924],[5.959345,49.569435],[5.9578876,49.56882],[5.955305,49.566406],[5.9548016,49.56541],[5.954973,49.56479],[5.954603,49.56372],[5.9528675,49.56203],[5.951231,49.5616],[5.9511967,49.56111],[5.9493885,49.559772],[5.9483395,49.55968],[5.9474316,49.56089],[5.9430065,49.562233],[5.9426403,49.562267],[5.94195,49.56185],[5.940199,49.562057],[5.9379177,49.561867],[5.9370365,49.561504],[5.937727,49.55946],[5.931715,49.557083],[5.9257755,49.555534],[5.9205494,49.55475],[5.9203815,49.554993],[5.9165554,49.553913],[5.916044,49.55439],[5.9127445,49.55414],[5.911463,49.55376],[5.9089146,49.55242],[5.9060535,49.55204],[5.90481,49.55221],[5.9036236,49.55182],[5.9038715,49.55129],[5.9042797,49.551266],[5.9007397,49.549377],[5.8985386,49.54708],[5.905733,49.54718],[5.90695,49.547462],[5.9075794,49.54695],[5.9077435,49.547142],[5.910101,49.546707],[5.912176,49.54666],[5.913275,49.54616],[5.913046,49.54555],[5.9115314,49.54572],[5.908762,49.545135],[5.9062405,49.544056],[5.9054585,49.543003],[5.905901,49.542156],[5.9068584,49.541557],[5.907957,49.54149],[5.909582,49.541927],[5.9106236,49.54185],[5.909933,49.54069],[5.9121304,49.539787],[5.9135456,49.538105],[5.9145527,49.537525],[5.9142704,49.53734],[5.914789,49.53691],[5.9134426,49.535267],[5.915201,49.53375],[5.9103565,49.530827],[5.9079227,49.530743],[5.907278,49.529995],[5.9080105,49.529346],[5.906904,49.528652],[5.9063396,49.526554],[5.9070683,49.524113],[5.9081173,49.52297],[5.91477,49.523224],[5.914839,49.521824],[5.9151516,49.521244],[5.915571,49.521183],[5.914343,49.51924],[5.915659,49.517803],[5.9158382,49.516678],[5.916315,49.51666],[5.915819,49.514744],[5.9160633,49.5147],[5.915537,49.513767],[5.915987,49.513718],[5.9146214,49.510975],[5.9147167,49.509747],[5.9138775,49.508366],[5.913084,49.50787],[5.9119854,49.507694],[5.9110165,49.507774],[5.910097,49.50821],[5.9072437,49.50678],[5.9049397,49.506405],[5.9084797,49.50562],[5.9095707,49.505096],[5.9093876,49.504837],[5.90872,49.50429],[5.907381,49.503853],[5.903799,49.5034],[5.901945,49.502224],[5.902273,49.5018],[5.9028606,49.501965],[5.904249,49.50104],[5.9072704,49.500088],[5.907675,49.50213],[5.908598,49.50159],[5.9130993,49.501984],[5.9200147,49.5002089],[5.9205647,49.500984],[5.9219453,49.5007277],[5.9239022,49.4993657],[5.9275385,49.4983827],[5.9305575,49.5006438],[5.9324102,49.4995739],[5.934141,49.5006179],[5.934926,49.5002323],[5.9359753,49.5008601],[5.9401184,49.5009623],[5.9414493,49.5006429],[5.942724,49.50146],[5.942808,49.50347],[5.947363,49.50532],[5.948099,49.505196],[5.950598,49.506535],[5.9520893,49.506603],[5.9514637,49.508503],[5.948744,49.508324],[5.9466267,49.508648],[5.946951,49.510136],[5.949148,49.511448],[5.9497967,49.511677],[5.9517155,49.51176],[5.95212,49.51093],[5.9549274,49.5108],[5.955206,49.51049],[5.956316,49.51079],[5.9564686,49.51177],[5.9575253,49.512062],[5.9629,49.512238],[5.966589,49.512943],[5.965868,49.513676],[5.966875,49.51443]]]]},"properties":{"shapeName":"Sanem","shapeISO":"","shapeID":"21775719B29416267903606","shapeGroup":"LUX","shapeType":"ADM2"}},
{"type":"Feature","geometry":{"type":"Polygon","coordinates":[[[5.8985386,49.54708],[5.890051,49.54619],[5.8899937,49.54657],[5.887434,49.54644],[5.885317,49.546803],[5.88529,49.547],[5.8848248,49.547367],[5.8830624,49.547302],[5.8813686,49.54622],[5.8780003,49.54597],[5.875124,49.544514],[5.8748455,49.544186],[5.876543,49.542976],[5.876177,49.542038],[5.8700085,49.541794],[5.871088,49.53942],[5.8731785,49.53869],[5.8714123,49.537933],[5.867777,49.539505],[5.867613,49.538864],[5.8646717,49.53762],[5.8647976,49.53689],[5.8636837,49.535606],[5.8650455,49.533886],[5.863615,49.533993],[5.8620396,49.534576],[5.8595676,49.535027],[5.856436,49.5353],[5.85351,49.532223],[5.8511944,49.53124],[5.8514347,49.530823],[5.850645,49.52984],[5.8500576,49.530117],[5.8463,49.52923],[5.845808,49.529903],[5.843027,49.5295],[5.8382626,49.527767],[5.834997,49.527157],[5.834509,49.5268],[5.834116,49.526382],[5.834421,49.52561],[5.834303,49.52372],[5.8346386,49.523777],[5.834715,49.522873],[5.8353443,49.522953],[5.8357677,49.52268],[5.836195,49.521324],[5.8358326,49.52095],[5.8360577,49.519962],[5.8374615,49.51944],[5.8382206,49.51949],[5.8397045,49.518574],[5.8397427,49.51791],[5.8412647,49.51689],[5.8431644,49.51649],[5.8439884,49.515827],[5.8449955,49.515522],[5.845434,49.51566],[5.847826,49.51495],[5.848776,49.51393],[5.849165,49.51273],[5.848913,49.510426],[5.850004,49.508675],[5.853224,49.507053],[5.8536816,49.50718],[5.854971,49.506603],[5.8551807,49.50675],[5.8558826,49.50643],[5.8562717,49.506554],[5.8563747,49.506313],[5.8573437,49.506344],[5.858881,49.50592],[5.859709,49.50423],[5.8612804,49.503326],[5.8619747,49.503216],[5.862234,49.502052],[5.864229,49.50088],[5.8643856,49.500984],[5.8662624,49.499912],[5.8670864,49.499958],[5.8695354,49.49929],[5.8719236,49.5002651],[5.8724766,49.4996281],[5.872553,49.498997],[5.8735027,49.49848],[5.8756313,49.498257],[5.8786716,49.498943],[5.8789425,49.49877],[5.88183,49.49917],[5.8850765,49.498833],[5.88698,49.49827],[5.8893566,49.496754],[5.893152,49.496834],[5.8955364,49.496532],[5.897524,49.49676],[5.900614,49.49764],[5.90341,49.498123],[5.9041157,49.498737],[5.9072704,49.500088],[5.904249,49.50104],[5.9028606,49.501965],[5.902273,49.5018],[5.901945,49.502224],[5.903799,49.5034],[5.907381,49.503853],[5.90872,49.50429],[5.9093876,49.504837],[5.9095707,49.505096],[5.9084797,49.50562],[5.9049397,49.506405],[5.9072437,49.50678],[5.910097,49.50821],[5.9110165,49.507774],[5.9119854,49.507694],[5.913084,49.50787],[5.9138775,49.508366],[5.9147167,49.509747],[5.9146214,49.510975],[5.915987,49.513718],[5.915537,49.513767],[5.9160633,49.5147],[5.915819,49.514744],[5.916315,49.51666],[5.9158382,49.516678],[5.915659,49.517803],[5.914343,49.51924],[5.915571,49.521183],[5.9151516,49.521244],[5.914839,49.521824],[5.91477,49.523224],[5.9081173,49.52297],[5.9070683,49.524113],[5.9063396,49.526554],[5.906904,49.528652],[5.9080105,49.529346],[5.907278,49.529995],[5.9079227,49.530743],[5.9103565,49.530827],[5.915201,49.53375],[5.9134426,49.535267],[5.914789,49.53691],[5.9142704,49.53734],[5.9145527,49.537525],[5.9135456,49.538105],[5.9121304,49.539787],[5.909933,49.54069],[5.9106236,49.54185],[5.909582,49.541927],[5.907957,49.54149],[5.9068584,49.541557],[5.905901,49.542156],[5.9054585,49.543003],[5.9062405,49.544056],[5.908762,49.545135],[5.9115314,49.54572],[5.913046,49.54555],[5.913275,49.54616],[5.912176,49.54666],[5.910101,49.546707],[5.9077435,49.547142],[5.9075794,49.54695],[5.90695,49.547462],[5.905733,49.54718],[5.8985386,49.54708]]]},"properties":{"shapeName":"Differdange","shapeISO":"","shapeID":"21775719B78315936825868","shapeGroup":"LUX","shapeType":"ADM2"}},
{"type":"Feature","geometry":{"type":"Polygon","coordinates":[[[5.88529,49.547],[5.885668,49.548798],[5.885042,49.550236],[5.8865795,49.553288],[5.886408,49.553448],[5.8862057,49.5533],[5.886057,49.554264],[5.8871403,49.555912],[5.887434,49.557014],[5.885397,49.55929],[5.8857174,49.56208],[5.8833256,49.56217],[5.8820553,49.56161],[5.8804913,49.561604],[5.880171,49.561214],[5.8786335,49.561222],[5.8776646,49.56005],[5.875143,49.559784],[5.87409,49.561234],[5.8750896,49.561405],[5.8742275,49.56355],[5.8723392,49.56503],[5.872053,49.5649],[5.8712673,49.56574],[5.8710384,49.56565],[5.8708324,49.567184],[5.8697224,49.56853],[5.865347,49.571716],[5.863245,49.570507],[5.861231,49.570827],[5.8604984,49.570126],[5.861059,49.567024],[5.8598537,49.56654],[5.8553944,49.56601],[5.8537617,49.56516],[5.8520985,49.56524],[5.851015,49.563812],[5.851095,49.562794],[5.850073,49.56318],[5.847597,49.562183],[5.8465176,49.562107],[5.845358,49.56114],[5.8436375,49.560654],[5.8424214,49.5610231],[5.84585,49.55877],[5.845335,49.55859],[5.8462963,49.5577],[5.845854,49.557392],[5.8461742,49.556946],[5.84606,49.55628],[5.8449345,49.556126],[5.8443356,49.555477],[5.843542,49.55521],[5.843645,49.554424],[5.8426685,49.55432],[5.8420316,49.5544949],[5.84181,49.55311],[5.8377514,49.552853],[5.8356533,49.552464],[5.831106,49.550816],[5.8297787,49.550663],[5.8279743,49.550007],[5.82633,49.552094],[5.8260403,49.552235],[5.8253803,49.552063],[5.824129,49.551315],[5.8226604,49.54968],[5.821352,49.549892],[5.820032,49.54919],[5.8201656,49.54859],[5.819807,49.548126],[5.8201504,49.547672],[5.8190174,49.547092],[5.8179493,49.545746],[5.8081264,49.54256],[5.80855,49.54091],[5.8119373,49.54201],[5.813341,49.54155],[5.8142605,49.54011],[5.8153896,49.53915],[5.8160076,49.537495],[5.8171787,49.537716],[5.8171597,49.537018],[5.8215733,49.538063],[5.8224964,49.538548],[5.8227177,49.538025],[5.824438,49.53917],[5.82802,49.540104],[5.8280125,49.540333],[5.828974,49.54072],[5.8315296,49.541176],[5.8350735,49.54234],[5.8369236,49.542667],[5.839159,49.537315],[5.8434467,49.532936],[5.845808,49.529903],[5.8463,49.52923],[5.8500576,49.530117],[5.850645,49.52984],[5.8514347,49.530823],[5.8511944,49.53124],[5.85351,49.532223],[5.856436,49.5353],[5.8595676,49.535027],[5.8620396,49.534576],[5.863615,49.533993],[5.8650455,49.533886],[5.8636837,49.535606],[5.8647976,49.53689],[5.8646717,49.53762],[5.867613,49.538864],[5.867777,49.539505],[5.8714123,49.537933],[5.8731785,49.53869],[5.871088,49.53942],[5.8700085,49.541794],[5.876177,49.542038],[5.876543,49.542976],[5.8748455,49.544186],[5.875124,49.544514],[5.8780003,49.54597],[5.8813686,49.54622],[5.8830624,49.547302],[5.8848248,49.547367],[5.88529,49.547]]]},"properties":{"shapeName":"Pétange","shapeISO":"","shapeID":"21775719B73724522943348","shapeGroup":"LUX","shapeType":"ADM2"}},
{"type":"Feature","geometry":{"type":"Polygon","coordinates":[[[6.101755,49.564716],[6.102556,49.564842],[6.10425,49.565952],[6.1061916,49.56674],[6.109148,49.566525],[6.1082325,49.562107],[6.113714,49.560986],[6.115656,49.56103],[6.1162777,49.56228],[6.119257,49.565342],[6.117716,49.56499],[6.117384,49.566124],[6.115473,49.568092],[6.1201954,49.568626],[6.121031,49.569214],[6.1243305,49.570034],[6.125677,49.57073],[6.1233006,49.57331],[6.1227436,49.574448],[6.1198063,49.574192],[6.1202297,49.575283],[6.121809,49.576397],[6.1231976,49.578083],[6.124254,49.580524],[6.127287,49.58215],[6.129076,49.58027],[6.1304073,49.57941],[6.132887,49.58288],[6.134054,49.5823],[6.1350307,49.583755],[6.13587,49.583942],[6.1360035,49.5858],[6.1386547,49.58787],[6.1419125,49.58906],[6.142332,49.588512],[6.1449757,49.58986],[6.1464863,49.588787],[6.1503925,49.59096],[6.148981,49.591896],[6.150942,49.59207],[6.1537266,49.59372],[6.1531191,49.5951265],[6.160715,49.601406],[6.16366,49.602985],[6.163496,49.603275],[6.1643467,49.603405],[6.1660976,49.604324],[6.1676655,49.605507],[6.169016,49.605732],[6.169161,49.606018],[6.1710796,49.60682],[6.172846,49.606796],[6.175192,49.607605],[6.1761074,49.607674],[6.1776066,49.607533],[6.1790447,49.606976],[6.1815357,49.60706],[6.1846066,49.608276],[6.1870785,49.607727],[6.1876774,49.607155],[6.187639,49.606575],[6.1882305,49.60572],[6.1898518,49.605114],[6.189829,49.604874],[6.192045,49.604877],[6.1935825,49.606052],[6.1956387,49.60698],[6.201803,49.61056],[6.2023487,49.61272],[6.2036457,49.613064],[6.203291,49.613804],[6.201277,49.614006],[6.1996136,49.614536],[6.1983585,49.61588],[6.1987705,49.61603],[6.197378,49.616882],[6.1952267,49.61727],[6.193777,49.617878],[6.1912365,49.61804],[6.191126,49.61903],[6.1898136,49.618973],[6.1895084,49.62033],[6.190363,49.62021],[6.1904316,49.620777],[6.191511,49.62081],[6.1852894,49.621468],[6.190302,49.622803],[6.1892033,49.62569],[6.1879864,49.62517],[6.183737,49.624073],[6.1829967,49.624508],[6.180731,49.624027],[6.180483,49.62324],[6.178858,49.62377],[6.1783085,49.624264],[6.179468,49.62488],[6.179205,49.62536],[6.1798267,49.625774],[6.179487,49.6262],[6.181654,49.627594],[6.181093,49.62838],[6.1811085,49.628944],[6.1824703,49.629475],[6.182234,49.63010230000001],[6.1832056,49.6303813],[6.183279,49.631054],[6.1860943,49.632362],[6.1858845,49.632545],[6.1852283,49.632256],[6.184889,49.63294],[6.182047,49.6351],[6.1828136,49.635647],[6.1826496,49.6365],[6.1804905,49.63627],[6.179182,49.636982],[6.1738567,49.6373],[6.172613,49.63775],[6.170706,49.637894],[6.1690464,49.637695],[6.165167,49.63876],[6.1634007,49.638298],[6.161791,49.638428],[6.160494,49.638165],[6.1583652,49.638374],[6.155096,49.637894],[6.15254,49.636955],[6.1510983,49.636772],[6.1467686,49.635197],[6.1458187,49.63444],[6.145544,49.634518],[6.142687,49.633064],[6.142706,49.633324],[6.1434765,49.63376],[6.143301,49.63393],[6.145876,49.636154],[6.148775,49.63737],[6.1531696,49.638645],[6.1540775,49.63913],[6.1581745,49.639877],[6.164343,49.640587],[6.163187,49.64158],[6.164217,49.643505],[6.1654873,49.64461],[6.1652126,49.644733],[6.1636295,49.643852],[6.162554,49.642185],[6.1535244,49.641296],[6.152796,49.642216],[6.1525593,49.641884],[6.150236,49.64142],[6.1487217,49.64184],[6.150503,49.64243],[6.151594,49.64342],[6.155447,49.645443],[6.155779,49.64583],[6.156969,49.646225],[6.157652,49.646675],[6.1574802,49.646923],[6.1588535,49.64741],[6.158575,49.647778],[6.159704,49.648857],[6.159376,49.649353],[6.160593,49.650597],[6.1610928,49.652943],[6.1597195,49.65487],[6.157259,49.65387],[6.1579456,49.65339],[6.15806,49.65226],[6.153322,49.650517],[6.1502094,49.650707],[6.1433086,49.649216],[6.1436787,49.649616],[6.142267,49.64941],[6.1406727,49.650116],[6.1397953,49.650856],[6.1387424,49.650486],[6.138582,49.650734],[6.1336536,49.650032],[6.1334515,49.65031],[6.1287823,49.64922],[6.128725,49.649395],[6.119421,49.648087],[6.118475,49.648373],[6.1168613,49.65016],[6.1155567,49.65007],[6.1131916,49.65033],[6.10795,49.64892],[6.1058903,49.64689],[6.101164,49.64627],[6.0914364,49.646008],[6.0797405,49.64646],[6.078371,49.64684],[6.077223,49.644573],[6.076906,49.64163],[6.0740986,49.63831],[6.073023,49.6364],[6.0699635,49.633736],[6.0692463,49.632156],[6.0693874,49.630806],[6.070608,49.628887],[6.0728626,49.627422],[6.0794964,49.628677],[6.082815,49.628727],[6.0881863,49.62795],[6.0886784,49.627766],[6.0878925,49.627052],[6.089464,49.625996],[6.0910206,49.625355],[6.0892506,49.624443],[6.089113,49.62321],[6.0929317,49.624744],[6.095495,49.624203],[6.099203,49.624172],[6.1011715,49.624397],[6.1036777,49.62508],[6.1037083,49.624886],[6.10301,49.62368],[6.101305,49.62303],[6.1015453,49.622597],[6.1008244,49.622463],[6.1009655,49.622185],[6.097746,49.619846],[6.098051,49.619736],[6.0976242,49.6185814],[6.0970897,49.6187619],[6.0950603,49.615185],[6.093256,49.61551],[6.0916732,49.6133211],[6.0906927,49.6133367],[6.0878773,49.60902],[6.0856647,49.607338],[6.0823536,49.605602],[6.0812206,49.605],[6.081602,49.604256],[6.0810146,49.60431],[6.0809536,49.60319],[6.080427,49.603344],[6.079294,49.60308],[6.078291,49.60322],[6.078512,49.601585],[6.077116,49.60148],[6.0769825,49.60189],[6.0746555,49.60105],[6.0755863,49.60005],[6.0756054,49.59699],[6.0767612,49.596886],[6.077837,49.595505],[6.074789,49.593445],[6.0730534,49.59178],[6.0714283,49.59067],[6.069357,49.589825],[6.069906,49.588673],[6.0705814,49.588825],[6.070982,49.58769],[6.072981,49.58934],[6.073744,49.589386],[6.0742245,49.589806],[6.0743847,49.58942],[6.0762157,49.589363],[6.0767574,49.587498],[6.076227,49.587273],[6.0792866,49.58524],[6.0797596,49.584366],[6.0790653,49.584194],[6.0781384,49.581333],[6.0785656,49.580875],[6.07823,49.580414],[6.0792294,49.57911],[6.079031,49.57823],[6.079397,49.577377],[6.081129,49.577663],[6.082567,49.57709],[6.08325,49.577103],[6.084917,49.57623],[6.0935497,49.578564],[6.0941486,49.577374],[6.0939617,49.575638],[6.0952473,49.57517],[6.098192,49.571453],[6.0993595,49.57119],[6.1003513,49.57158],[6.1027813,49.570957],[6.1043186,49.57014],[6.1036205,49.569168],[6.1018543,49.56828],[6.099619,49.56646],[6.101652,49.565094],[6.101755,49.564716]]]},"properties":{"shapeName":"Luxembourg","shapeISO":"","shapeID":"21775719B67184481956651","shapeGroup":"LUX","shapeType":"ADM2"}},
{"type":"Feature","geometry":{"type":"Polygon","coordinates":[[[6.2406483,49.515022],[6.241518,49.51588],[6.2425976,49.516422],[6.2427845,49.517544],[6.243326,49.51814],[6.2427608,49.5189544],[6.2437305,49.519466],[6.2468433,49.523964],[6.249853,49.523106],[6.250391,49.52316],[6.2504826,49.52296],[6.2530346,49.52334],[6.2545033,49.52125],[6.2558537,49.521793],[6.25992,49.524075],[6.259207,49.524868],[6.261362,49.525887],[6.261156,49.526],[6.2621098,49.52662],[6.264166,49.52885],[6.2655926,49.531025],[6.2650394,49.53174],[6.2652836,49.53313],[6.266863,49.533142],[6.2685146,49.533737],[6.270178,49.53265],[6.2707043,49.53277],[6.270502,49.532272],[6.2710247,49.531864],[6.2708454,49.531765],[6.2730007,49.529995],[6.2726765,49.528988],[6.2710934,49.528084],[6.2711315,49.527893],[6.2715244,49.527664],[6.2749157,49.52927],[6.2793446,49.526543],[6.2820187,49.52559],[6.282694,49.525917],[6.2848377,49.524055],[6.286585,49.524654],[6.285803,49.525505],[6.286688,49.525684],[6.2920055,49.529438],[6.2915897,49.529465],[6.2918415,49.529907],[6.292181,49.529926],[6.29191,49.530865],[6.295698,49.53103],[6.2957134,49.531773],[6.294775,49.532036],[6.294615,49.53248],[6.294676,49.53322],[6.2953243,49.533783],[6.298067,49.534153],[6.3018513,49.53438],[6.301817,49.532883],[6.301344,49.532684],[6.3031445,49.531284],[6.3041553,49.53128],[6.3042164,49.53053],[6.3076115,49.53049],[6.3077908,49.53087],[6.310976,49.531673],[6.3111515,49.531],[6.310755,49.53073],[6.312044,49.53008],[6.3118496,49.529835],[6.3131924,49.529446],[6.313448,49.52972],[6.3169575,49.5277691],[6.3200588,49.530405],[6.3207722,49.5306492],[6.3242092,49.5308552],[6.3245258,49.530592],[6.3249607,49.5308781],[6.3229504,49.53318],[6.321623,49.533512],[6.320097,49.534355],[6.3185825,49.534737],[6.3160686,49.535816],[6.31489,49.53718],[6.3161144,49.53775],[6.318796,49.53819],[6.3175945,49.538948],[6.3171673,49.538967],[6.3173656,49.539143],[6.3168545,49.53942],[6.3146,49.539658],[6.3103237,49.539097],[6.308691,49.539272],[6.307749,49.539463],[6.3090267,49.540283],[6.3078327,49.54093],[6.304838,49.539692],[6.303877,49.538967],[6.3021603,49.53861],[6.300356,49.538662],[6.298212,49.53936],[6.297449,49.540756],[6.29735,49.54227],[6.296625,49.54348],[6.2955265,49.543888],[6.2942524,49.54536],[6.2925434,49.546413],[6.291895,49.548244],[6.2883854,49.548615],[6.2879543,49.54706],[6.286131,49.547314],[6.284643,49.547153],[6.275137,49.54372],[6.27318,49.543377],[6.2730427,49.54378],[6.2715893,49.544075],[6.2711124,49.545536],[6.2695255,49.546207],[6.2676296,49.545868],[6.2674007,49.546124],[6.268385,49.546383],[6.2682896,49.547],[6.270796,49.54984],[6.2711163,49.551704],[6.2696056,49.554443],[6.2685604,49.555378],[6.2690105,49.55612],[6.270277,49.556423],[6.2707195,49.55724],[6.27067,49.557587],[6.2706623,49.557213],[6.2696323,49.55758],[6.2690945,49.558464],[6.2689724,49.559174],[6.2698765,49.559677],[6.2703724,49.56122],[6.2688847,49.56219],[6.2689266,49.564476],[6.264242,49.56559],[6.2598095,49.56759],[6.2558002,49.568584],[6.2537746,49.568645],[6.2488194,49.567566],[6.241625,49.56766],[6.240385,49.568546],[6.239481,49.56965],[6.238039,49.569996],[6.236353,49.570213],[6.2312374,49.57004],[6.2308254,49.569004],[6.232401,49.567894],[6.2320385,49.56761],[6.23353,49.566086],[6.2338886,49.564976],[6.231642,49.562645],[6.2323666,49.561974],[6.2330723,49.56044],[6.2318134,49.560135],[6.2313023,49.559704],[6.2310543,49.55811],[6.233713,49.555202],[6.2354755,49.554195],[6.234953,49.553307],[6.233267,49.553997],[6.2317905,49.55334],[6.23028,49.553024],[6.227358,49.555492],[6.226507,49.55684],[6.2252026,49.55652],[6.2238216,49.555836],[6.2235165,49.556183],[6.2192173,49.55499],[6.220621,49.552044],[6.222246,49.55067],[6.2237377,49.549828],[6.22476,49.54811],[6.2264576,49.547417],[6.22526,49.546986],[6.227503,49.54466],[6.229265,49.545383],[6.23036,49.54458],[6.2281513,49.5433],[6.229418,49.54233],[6.22838,49.540966],[6.230116,49.540287],[6.2290783,49.53953],[6.2287807,49.53854],[6.229166,49.538433],[6.2288036,49.53756],[6.2308483,49.53767],[6.2318783,49.5356],[6.2337284,49.533653],[6.2354374,49.533184],[6.2358036,49.533592],[6.2367535,49.533253],[6.23971,49.530365],[6.2353153,49.527992],[6.236414,49.52721],[6.2360477,49.526962],[6.2375546,49.525887],[6.237818,49.525997],[6.2394924,49.52467],[6.23802,49.52193],[6.2372,49.521183],[6.235487,49.51781],[6.234659,49.517487],[6.235132,49.516613],[6.237253,49.51701],[6.2383327,49.51686],[6.2406483,49.515022]]]},"properties":{"shapeName":"Dalheim","shapeISO":"","shapeID":"21775719B96437942520928","shapeGroup":"LUX","shapeType":"ADM2"}},
{"type":"Feature","geometry":{"type":"Polygon","coordinates":[[[6.291895,49.548244],[6.2931995,49.549923],[6.297804,49.552162],[6.298517,49.55333],[6.2994175,49.554054],[6.3006077,49.554417],[6.302908,49.55426],[6.303278,49.55448],[6.301771,49.55471],[6.301836,49.55502],[6.3038006,49.554688],[6.3103237,49.560196],[6.31056,49.56096],[6.309828,49.561535],[6.3091908,49.562733],[6.3100834,49.563114],[6.308489,49.564003],[6.310377,49.5662],[6.3087254,49.56723],[6.3080654,49.56825],[6.3077755,49.56939],[6.3082714,49.57002],[6.308302,49.571037],[6.308813,49.57151],[6.307623,49.573383],[6.307955,49.57424],[6.309023,49.575424],[6.3084316,49.576805],[6.312273,49.580276],[6.312605,49.580727],[6.312277,49.58162],[6.310995,49.581123],[6.307806,49.5805],[6.307947,49.580723],[6.304079,49.581112],[6.302309,49.581684],[6.3019466,49.581528],[6.300764,49.58263],[6.297266,49.585],[6.29191,49.58656],[6.2911816,49.586292],[6.284609,49.58656],[6.2748127,49.584732],[6.271055,49.584595],[6.2698765,49.58436],[6.2686787,49.583954],[6.268755,49.58314],[6.267248,49.5805],[6.2674503,49.57996],[6.265772,49.578648],[6.265417,49.579838],[6.265806,49.57825],[6.2594547,49.578777],[6.258211,49.577877],[6.256628,49.575558],[6.2554417,49.574486],[6.255541,49.572155],[6.256384,49.570984],[6.2575054,49.57011],[6.2548046,49.569317],[6.2537746,49.568645],[6.2558002,49.568584],[6.2598095,49.56759],[6.264242,49.56559],[6.2689266,49.564476],[6.2688847,49.56219],[6.2703724,49.56122],[6.2698765,49.559677],[6.2689724,49.559174],[6.2690945,49.558464],[6.2696323,49.55758],[6.2706623,49.557213],[6.27067,49.557587],[6.2707195,49.55724],[6.270277,49.556423],[6.2690105,49.55612],[6.2685604,49.555378],[6.2696056,49.554443],[6.2711163,49.551704],[6.270796,49.54984],[6.2682896,49.547],[6.268385,49.546383],[6.2674007,49.546124],[6.2676296,49.545868],[6.2695255,49.546207],[6.2711124,49.545536],[6.2715893,49.544075],[6.2730427,49.54378],[6.27318,49.543377],[6.275137,49.54372],[6.284643,49.547153],[6.286131,49.547314],[6.2879543,49.54706],[6.2883854,49.548615],[6.291895,49.548244]]]},"properties":{"shapeName":"Waldbredimus","shapeISO":"","shapeID":"21775719B59634053259773","shapeGroup":"LUX","shapeType":"ADM2"}},
{"type":"Feature","geometry":{"type":"Polygon","coordinates":[[[6.3249607,49.5308781],[6.327383,49.5304813],[6.3285313,49.5322781],[6.3299084,49.5329609],[6.3321857,49.532568],[6.3335629,49.5334988],[6.3344936,49.5333118],[6.3350925,49.5327702],[6.3375912,49.5333271],[6.3387699,49.5347729],[6.338274,49.53514290000001],[6.3382549,49.5364132],[6.3391705,49.5382442],[6.3402195,49.540066],[6.343256,49.542465],[6.342497,49.546207],[6.3429737,49.546455],[6.3421307,49.54731],[6.347475,49.552258],[6.3487835,49.554123],[6.349291,49.554424],[6.3500805,49.55334],[6.355383,49.555622],[6.351408,49.558884],[6.350485,49.559166],[6.351614,49.56118],[6.352003,49.5632],[6.3520565,49.564053],[6.3515644,49.565243],[6.350271,49.56628],[6.3494587,49.56763],[6.3467617,49.568966],[6.346861,49.570946],[6.344187,49.57186],[6.343878,49.57552],[6.344652,49.5773],[6.3435383,49.57868],[6.3438854,49.580757],[6.343504,49.582375],[6.337332,49.581993],[6.333605,49.5806],[6.325342,49.579353],[6.3212795,49.57814],[6.3189526,49.57934],[6.3168125,49.579834],[6.315279,49.58062],[6.3149548,49.58137],[6.3157253,49.582825],[6.313528,49.58138],[6.312277,49.58162],[6.312605,49.580727],[6.312273,49.580276],[6.3084316,49.576805],[6.309023,49.575424],[6.307955,49.57424],[6.307623,49.573383],[6.308813,49.57151],[6.308302,49.571037],[6.3082714,49.57002],[6.3077755,49.56939],[6.3080654,49.56825],[6.3087254,49.56723],[6.310377,49.5662],[6.308489,49.564003],[6.3100834,49.563114],[6.3091908,49.562733],[6.309828,49.561535],[6.31056,49.56096],[6.3103237,49.560196],[6.3038006,49.554688],[6.301836,49.55502],[6.301771,49.55471],[6.303278,49.55448],[6.302908,49.55426],[6.3006077,49.554417],[6.2994175,49.554054],[6.298517,49.55333],[6.297804,49.552162],[6.2931995,49.549923],[6.291895,49.548244],[6.2925434,49.546413],[6.2942524,49.54536],[6.2955265,49.543888],[6.296625,49.54348],[6.29735,49.54227],[6.297449,49.540756],[6.298212,49.53936],[6.300356,49.538662],[6.3021603,49.53861],[6.303877,49.538967],[6.304838,49.539692],[6.3078327,49.54093],[6.3090267,49.540283],[6.307749,49.539463],[6.308691,49.539272],[6.3103237,49.539097],[6.3146,49.539658],[6.3168545,49.53942],[6.3173656,49.539143],[6.3171673,49.538967],[6.3175945,49.538948],[6.318796,49.53819],[6.3161144,49.53775],[6.31489,49.53718],[6.3160686,49.535816],[6.3185825,49.534737],[6.320097,49.534355],[6.321623,49.533512],[6.3229504,49.53318],[6.3249607,49.5308781]]]},"properties":{"shapeName":"Bous","shapeISO":"","shapeID":"21775719B72404358770998","shapeGroup":"LUX","shapeType":"ADM2"}},
{"type":"Feature","geometry":{"type":"Polygon","coordinates":[[[6.355383,49.555622],[6.3564243,49.555454],[6.360094,49.55625],[6.359522,49.55519],[6.3601093,49.55504],[6.3609066,49.55645],[6.3628407,49.556847],[6.364435,49.55882],[6.3666134,49.5595],[6.3697796,49.559776],[6.372156,49.56055],[6.3732357,49.560577],[6.374914,49.561287],[6.3754931,49.5617859],[6.359187,49.5702664],[6.3577542,49.5714143],[6.3573823,49.5721432],[6.3580652,49.573837],[6.3606388,49.5759238],[6.3643892,49.5775986],[6.3684547,49.5787505],[6.3702864,49.5789795],[6.3713063,49.5788765],[6.3744928,49.5772856],[6.3773674,49.5764427],[6.3804289,49.5764037],[6.3811009,49.5765257],[6.3820937,49.5772127],[6.3829166,49.5791124],[6.3827606,49.5805123],[6.3814478,49.5819391],[6.3775434,49.5842429],[6.3755986,49.5859757],[6.3747138,49.5875205],[6.3744318,49.5898162],[6.371916,49.59054],[6.371561,49.590668],[6.3701534,49.589375],[6.3695736,49.59067],[6.3697605,49.592003],[6.369238,49.592632],[6.3661594,49.592117],[6.3663692,49.592606],[6.3658543,49.59279],[6.3646793,49.592346],[6.365225,49.594154],[6.362829,49.59474],[6.362623,49.594505],[6.3604794,49.595425],[6.358141,49.5943],[6.3574886,49.59421],[6.3560734,49.593365],[6.3544636,49.592888],[6.3490696,49.594208],[6.3462887,49.594517],[6.327139,49.594383],[6.3246174,49.593636],[6.3166485,49.590115],[6.311613,49.58694],[6.315172,49.58395],[6.3157253,49.582825],[6.3149548,49.58137],[6.315279,49.58062],[6.3168125,49.579834],[6.3189526,49.57934],[6.3212795,49.57814],[6.325342,49.579353],[6.333605,49.5806],[6.337332,49.581993],[6.343504,49.582375],[6.3438854,49.580757],[6.3435383,49.57868],[6.344652,49.5773],[6.343878,49.57552],[6.344187,49.57186],[6.346861,49.570946],[6.3467617,49.568966],[6.3494587,49.56763],[6.350271,49.56628],[6.3515644,49.565243],[6.3520565,49.564053],[6.352003,49.5632],[6.351614,49.56118],[6.350485,49.559166],[6.351408,49.558884],[6.355383,49.555622]]]},"properties":{"shapeName":"Stadtbredimus","shapeISO":"","shapeID":"21775719B87694476161166","shapeGroup":"LUX","shapeType":"ADM2"}},
{"type":"Feature","geometry":{"type":"Polygon","coordinates":[[[6.3391705,49.5382442],[6.3405476,49.5373783],[6.3414898,49.536375],[6.3439541,49.535368],[6.3446674,49.5346165],[6.3458767,49.5342617],[6.3495731,49.5346661],[6.351244,49.5355701],[6.3527546,49.5360279],[6.353735,49.5367146],[6.3555164,49.5388203],[6.356081,49.5387516],[6.3556538,49.5375347],[6.356207,49.537415],[6.3564587,49.537743],[6.3608805,49.5365326],[6.3670029,49.5399928],[6.3701839,49.543314],[6.3739559,49.5461531],[6.3778423,49.5484999],[6.3808779,49.5522835],[6.3819677,49.5548172],[6.3824427,49.5570869],[6.380394,49.5590127],[6.3754931,49.5617859],[6.374914,49.561287],[6.3732357,49.560577],[6.372156,49.56055],[6.3697796,49.559776],[6.3666134,49.5595],[6.364435,49.55882],[6.3628407,49.556847],[6.3609066,49.55645],[6.3601093,49.55504],[6.359522,49.55519],[6.360094,49.55625],[6.3564243,49.555454],[6.355383,49.555622],[6.3500805,49.55334],[6.349291,49.554424],[6.3487835,49.554123],[6.347475,49.552258],[6.3421307,49.54731],[6.3429737,49.546455],[6.342497,49.546207],[6.343256,49.542465],[6.3402195,49.540066],[6.3391705,49.5382442]]]},"properties":{"shapeName":"Remich","shapeISO":"","shapeID":"21775719B10860636962790","shapeGroup":"LUX","shapeType":"ADM2"}},
{"type":"Feature","geometry":{"type":"Polygon","coordinates":[[[6.2406513,49.5149373],[6.241766,49.514084],[6.241335,49.51268],[6.241644,49.511963],[6.243887,49.511833],[6.2451344,49.51151],[6.246565,49.509037],[6.248415,49.50851],[6.2491856,49.508556],[6.2522717,49.508965],[6.2539425,49.50959],[6.2560062,49.50996],[6.2570057,49.509796],[6.258051,49.507545],[6.259939,49.507015],[6.2611103,49.507233],[6.2619457,49.50714],[6.2627125,49.506622],[6.262354,49.505047],[6.263296,49.503952],[6.2666683,49.504025],[6.2687893,49.50432],[6.2703686,49.504032],[6.271857,49.5047262],[6.2741511,49.5044354],[6.2746423,49.5037913],[6.2767752,49.5032922],[6.2773126,49.5035839],[6.2798566,49.5032834],[6.2796427,49.5026822],[6.280422,49.5022439],[6.2799534,49.5014166],[6.2815304,49.50085],[6.2804546,49.500393],[6.280054,49.499214],[6.279402,49.498592],[6.279459,49.497864],[6.279066,49.497307],[6.279459,49.49699],[6.278883,49.496304],[6.279455,49.494755],[6.2814083,49.493874],[6.282076,49.493156],[6.2841053,49.493],[6.2864132,49.4936275],[6.2856388,49.4942913],[6.2856083,49.4948444],[6.2870083,49.497015],[6.2896442,49.4960995],[6.291193,49.4970989],[6.293623,49.4957943],[6.2943249,49.49715230000001],[6.29986,49.4952373],[6.3001919,49.4960537],[6.300848,49.4958591],[6.3011074,49.4963131],[6.300684,49.496439],[6.3008785,49.4982319],[6.300024,49.499609],[6.3003788,49.5003567],[6.2980785,49.5013981],[6.298975,49.5026035],[6.2974644,49.5031338],[6.2978382,49.5036411],[6.2964535,49.5039196],[6.297884,49.507349],[6.2998295,49.5090046],[6.3045444,49.5120182],[6.3061504,49.5140705],[6.3093891,49.5162106],[6.3121929,49.5172558],[6.3242626,49.5235653],[6.3232136,49.5239506],[6.3232136,49.5246639],[6.3220654,49.5255718],[6.3186169,49.5260372],[6.3163166,49.5269337],[6.3169575,49.5277691],[6.313448,49.52972],[6.3131924,49.529446],[6.3118496,49.529835],[6.312044,49.53008],[6.310755,49.53073],[6.3111515,49.531],[6.310976,49.531673],[6.3077908,49.53087],[6.3076115,49.53049],[6.3042164,49.53053],[6.3041553,49.53128],[6.3031445,49.531284],[6.301344,49.532684],[6.301817,49.532883],[6.3018513,49.53438],[6.298067,49.534153],[6.2953243,49.533783],[6.294676,49.53322],[6.294615,49.53248],[6.294775,49.532036],[6.2957134,49.531773],[6.295698,49.53103],[6.29191,49.530865],[6.292181,49.529926],[6.2918415,49.529907],[6.2915897,49.529465],[6.2920055,49.529438],[6.286688,49.525684],[6.285803,49.525505],[6.286585,49.524654],[6.2848377,49.524055],[6.282694,49.525917],[6.2820187,49.52559],[6.2793446,49.526543],[6.2749157,49.52927],[6.2715244,49.527664],[6.2711315,49.527893],[6.2710934,49.528084],[6.2726765,49.528988],[6.2730007,49.529995],[6.2708454,49.531765],[6.2710247,49.531864],[6.270502,49.532272],[6.2707043,49.53277],[6.270178,49.53265],[6.2685146,49.533737],[6.266863,49.533142],[6.2652836,49.53313],[6.2650394,49.53174],[6.2655926,49.531025],[6.264166,49.52885],[6.2621098,49.52662],[6.261156,49.526],[6.261362,49.525887],[6.259207,49.524868],[6.25992,49.524075],[6.2558537,49.521793],[6.2545033,49.52125],[6.2530346,49.52334],[6.2504826,49.52296],[6.250391,49.52316],[6.249853,49.523106],[6.2468433,49.523964],[6.2437305,49.519466],[6.2427608,49.5189544],[6.243326,49.51814],[6.2427845,49.517544],[6.2425976,49.516422],[6.241518,49.51588],[6.2406483,49.515022],[6.2406513,49.5149373]]]},"properties":{"shapeName":"Mondorf-les-Bains","shapeISO":"","shapeID":"21775719B51795160969269","shapeGroup":"LUX","shapeType":"ADM2"}},
{"type":"Feature","geometry":{"type":"Polygon","coordinates":[[[6.3169575,49.5277691],[6.3163166,49.5269337],[6.3186169,49.5260372],[6.3220654,49.5255718],[6.3232136,49.5246639],[6.3232136,49.5239506],[6.3242626,49.5235653],[6.3121929,49.5172558],[6.3093891,49.5162106],[6.3061504,49.5140705],[6.3045444,49.5120182],[6.2998295,49.5090046],[6.297884,49.507349],[6.2964535,49.5039196],[6.2978382,49.5036411],[6.2974644,49.5031338],[6.298975,49.5026035],[6.2980785,49.5013981],[6.3003788,49.5003567],[6.300024,49.499609],[6.3008785,49.4982319],[6.300684,49.496439],[6.3011074,49.4963131],[6.300848,49.4958591],[6.3001919,49.4960537],[6.29986,49.4952373],[6.2943249,49.49715230000001],[6.293623,49.4957943],[6.291193,49.4970989],[6.2896442,49.4960995],[6.2870083,49.497015],[6.2856083,49.4948444],[6.2856388,49.4942913],[6.2864132,49.4936275],[6.2874699,49.4942989],[6.2884159,49.4944744],[6.2896175,49.49371530000001],[6.2896709,49.4931011],[6.288908,49.49277690000001],[6.2889423,49.4918346],[6.2885571,49.4915218],[6.2882786,49.4914341],[6.2872067,49.4918995],[6.2856503,49.492178],[6.2843876,49.4914722],[6.2847538,49.4902058],[6.2862225,49.4881458],[6.2884808,49.4877033],[6.2894802,49.4870701],[6.2894726,49.4863262],[6.2890606,49.4862919],[6.2886715,49.4867115],[6.2881107,49.4867001],[6.2875423,49.4861546],[6.2888432,49.4848232],[6.2912121,49.4846821],[6.2911205,49.4849567],[6.2917385,49.4856701],[6.2916584,49.486845],[6.2922688,49.4874935],[6.2936115,49.487772],[6.2941341,49.4871349],[6.2953472,49.4871273],[6.2963123,49.4874134],[6.2984447,49.488657],[6.2990513,49.4885044],[6.2994671,49.4880123],[6.2983875,49.4866619],[6.2964802,49.4831753],[6.2957058,49.4827595],[6.2952938,49.4819736],[6.2951069,49.4813938],[6.2962246,49.480196],[6.2968121,49.4800472],[6.2975483,49.4803371],[6.298975,49.4803181],[6.2992573,49.4796543],[6.3015461,49.4791203],[6.3033314,49.4783649],[6.3038769,49.4778767],[6.3042927,49.478323],[6.3054409,49.4771404],[6.3080235,49.4789257],[6.3129635,49.4803982],[6.3144321,49.4780331],[6.3146038,49.4770718],[6.3161793,49.4773884],[6.3163128,49.4778309],[6.3177128,49.478056],[6.3180714,49.4777355],[6.3186855,49.4780216],[6.3198261,49.4774952],[6.3206501,49.4774227],[6.3247013,49.4747639],[6.3244991,49.4746799],[6.3251057,49.4740047],[6.3274441,49.4723682],[6.3283024,49.4727345],[6.3298969,49.4700642],[6.3327885,49.4696331],[6.3340244,49.4669399],[6.3379612,49.4684505],[6.3387508,49.4686222],[6.3401012,49.4682293],[6.3426495,49.4691067],[6.3458653,49.4665356],[6.3472538,49.4658794],[6.3487453,49.4661694],[6.3498974,49.4669132],[6.3528538,49.4673176],[6.356039,49.4646206],[6.360548,49.4614239],[6.3644505,49.4595051],[6.3688526,49.45986749999999],[6.3674603,49.46615030000001],[6.3677273,49.4694195],[6.3684238,49.4715899],[6.3677153,49.4792762],[6.3692875,49.4889976],[6.3673898,49.493671],[6.3670519,49.4957458],[6.3671978,49.4984045],[6.3680288,49.5016402],[6.3679219,49.5032818],[6.366462,49.5082814],[6.3609237,49.5194891],[6.3565244,49.529769],[6.3568283,49.5316618],[6.3608805,49.5365326],[6.3564587,49.537743],[6.356207,49.537415],[6.3556538,49.5375347],[6.356081,49.5387516],[6.3555164,49.5388203],[6.353735,49.5367146],[6.3527546,49.5360279],[6.351244,49.5355701],[6.3495731,49.5346661],[6.3458767,49.5342617],[6.3446674,49.5346165],[6.3439541,49.535368],[6.3414898,49.536375],[6.3405476,49.5373783],[6.3391705,49.5382442],[6.3382549,49.5364132],[6.338274,49.53514290000001],[6.3387699,49.5347729],[6.3375912,49.5333271],[6.3350925,49.5327702],[6.3344936,49.5333118],[6.3335629,49.5334988],[6.3321857,49.532568],[6.3299084,49.5329609],[6.3285313,49.5322781],[6.327383,49.5304813],[6.3249607,49.5308781],[6.3245258,49.530592],[6.3242092,49.5308552],[6.3207722,49.5306492],[6.3200588,49.530405],[6.3169575,49.5277691]]]},"properties":{"shapeName":"Schengen","shapeISO":"","shapeID":"21775719B25577797555845","shapeGroup":"LUX","shapeType":"ADM2"}},
{"type":"Feature","geometry":{"type":"Polygon","coordinates":[[[6.312277,49.58162],[6.313528,49.58138],[6.3157253,49.582825],[6.315172,49.58395],[6.311613,49.58694],[6.3166485,49.590115],[6.3246174,49.593636],[6.327139,49.594383],[6.3462887,49.594517],[6.3490696,49.594208],[6.3544636,49.592888],[6.3560734,49.593365],[6.3574886,49.59421],[6.358141,49.5943],[6.3604794,49.595425],[6.362623,49.594505],[6.362829,49.59474],[6.365225,49.594154],[6.3646793,49.592346],[6.3658543,49.59279],[6.3663692,49.592606],[6.3661594,49.592117],[6.369238,49.592632],[6.3697605,49.592003],[6.3695736,49.59067],[6.3701534,49.589375],[6.371561,49.590668],[6.371916,49.59054],[6.372633,49.591724],[6.372118,49.592663],[6.3736057,49.593098],[6.376154,49.595886],[6.3757114,49.59602],[6.3776875,49.59809],[6.379633,49.599392],[6.37932,49.59949],[6.380476,49.60004],[6.382002,49.601677],[6.3821545,49.602474],[6.3814793,49.60326],[6.38196,49.604164],[6.3792706,49.60417],[6.3770466,49.603333],[6.376444,49.604416],[6.3772717,49.606625],[6.3780766,49.606945],[6.3801746,49.60685],[6.380369,49.607254],[6.3790684,49.607952],[6.3801517,49.609447],[6.379175,49.60971],[6.378847,49.610203],[6.3779736,49.60996],[6.3758564,49.610302],[6.3745403,49.611214],[6.3733616,49.61142],[6.372053,49.612072],[6.3723354,49.612812],[6.3721066,49.61302],[6.36957,49.61307],[6.368601,49.613895],[6.367285,49.614502],[6.3667736,49.615314],[6.3655453,49.61555],[6.3645916,49.61578],[6.3625927,49.613815],[6.360689,49.613235],[6.3609943,49.614006],[6.3607235,49.61467],[6.3598385,49.615456],[6.3596325,49.615356],[6.3585987,49.616013],[6.356783,49.61566],[6.3562107,49.615078],[6.355036,49.615025],[6.353853,49.61512],[6.3523235,49.615887],[6.3495693,49.614147],[6.3481617,49.611763],[6.348276,49.61071],[6.3492336,49.609497],[6.349039,49.609055],[6.3460064,49.60715],[6.344717,49.607803],[6.3439846,49.609],[6.344057,49.609394],[6.345854,49.61032],[6.345579,49.61046],[6.345804,49.61061],[6.344881,49.61094],[6.3444195,49.611565],[6.344824,49.611717],[6.3456364,49.613937],[6.3451138,49.614],[6.3449116,49.61606],[6.3443737,49.616684],[6.340357,49.61567],[6.3399944,49.617413],[6.340452,49.6175],[6.3397045,49.618652],[6.3400364,49.619568],[6.3384876,49.619827],[6.338854,49.62213],[6.3378544,49.622574],[6.3377323,49.62203],[6.3353367,49.621807],[6.334879,49.62247],[6.3330555,49.62246],[6.332876,49.623714],[6.332655,49.62356],[6.3309116,49.624485],[6.3298244,49.624332],[6.328657,49.624535],[6.3281765,49.625126],[6.3299694,49.626736],[6.327898,49.626926],[6.32382,49.626736],[6.3200054,49.627563],[6.312601,49.62782],[6.3096867,49.628384],[6.304468,49.62605],[6.276064,49.60434],[6.2737865,49.6013],[6.2754116,49.60069],[6.2764263,49.601433],[6.2774487,49.60164],[6.27754,49.602116],[6.279833,49.602165],[6.2821903,49.60275],[6.284937,49.602608],[6.286337,49.601818],[6.288515,49.601818],[6.2895527,49.59976],[6.290369,49.599155],[6.291979,49.59865],[6.2951794,49.598217],[6.296652,49.595543],[6.299612,49.593136],[6.2997303,49.591164],[6.3017635,49.590473],[6.301325,49.589912],[6.302004,49.588844],[6.3028545,49.585014],[6.3023624,49.583748],[6.300764,49.58263],[6.3019466,49.581528],[6.302309,49.581684],[6.304079,49.581112],[6.307947,49.580723],[6.307806,49.5805],[6.310995,49.581123],[6.312277,49.58162]]]},"properties":{"shapeName":"Lenningen","shapeISO":"","shapeID":"21775719B54479975605706","shapeGroup":"LUX","shapeType":"ADM2"}},
{"type":"Feature","geometry":{"type":"Polygon","coordinates":[[[5.9442234,49.678524],[5.9425297,49.678654],[5.9409885,49.68047],[5.9377346,49.683277],[5.937006,49.68507],[5.938097,49.686638],[5.937216,49.691566],[5.935442,49.69402],[5.9347363,49.695885],[5.933489,49.697357],[5.9340763,49.69827],[5.9299793,49.700184],[5.929327,49.701912],[5.928217,49.7028],[5.9277897,49.70357],[5.9250355,49.70271],[5.924135,49.702732],[5.922762,49.703545],[5.922598,49.705303],[5.921194,49.70435],[5.9180584,49.704193],[5.9167233,49.70437],[5.9154835,49.70344],[5.914526,49.703182],[5.9137325,49.70333],[5.9099407,49.706806],[5.9097614,49.708565],[5.9103947,49.710365],[5.9082394,49.711914],[5.90399,49.710808],[5.899946,49.710823],[5.900358,49.711945],[5.8986454,49.712883],[5.8957767,49.712097],[5.893217,49.710556],[5.89213,49.710342],[5.8893642,49.710426],[5.8869343,49.709282],[5.882242,49.705727],[5.877878,49.70117],[5.873186,49.698566],[5.87179,49.69844],[5.8687305,49.694405],[5.866705,49.694363],[5.8657284,49.693],[5.8667545,49.692463],[5.8668995,49.691723],[5.863405,49.6885],[5.8643055,49.688255],[5.864546,49.687355],[5.8640842,49.687157],[5.8642673,49.686584],[5.863882,49.68646],[5.862646,49.684555],[5.862871,49.683056],[5.8623486,49.681576],[5.8618145,49.681065],[5.8624554,49.67966],[5.865389,49.67609],[5.8674984,49.675144],[5.870199,49.67535],[5.873911,49.673264],[5.878008,49.673306],[5.8784657,49.672924],[5.8791714,49.672882],[5.880888,49.67204],[5.8821774,49.671806],[5.8824177,49.67169],[5.882288,49.670334],[5.883238,49.670197],[5.8843174,49.67054],[5.885065,49.670483],[5.8847256,49.669033],[5.8864994,49.66789],[5.887167,49.667957],[5.887331,49.668392],[5.887026,49.668743],[5.887476,49.66972],[5.8896885,49.6705],[5.8901157,49.670334],[5.8907604,49.670223],[5.8915424,49.66915],[5.8923206,49.66895],[5.8935146,49.66959],[5.895582,49.669754],[5.8964252,49.670227],[5.896887,49.675694],[5.8979244,49.675915],[5.9007893,49.67601],[5.9033794,49.67561],[5.903742,49.67618],[5.908308,49.675816],[5.909666,49.675423],[5.912882,49.673725],[5.9157887,49.673252],[5.9176884,49.672527],[5.9179935,49.673893],[5.923094,49.67664],[5.923834,49.678005],[5.925501,49.679123],[5.925745,49.679054],[5.927431,49.681187],[5.9283047,49.681038],[5.9302235,49.679504],[5.9308186,49.67936],[5.933584,49.679546],[5.9352474,49.680103],[5.9359684,49.67991],[5.937128,49.680534],[5.938158,49.680447],[5.938528,49.679775],[5.940626,49.67928],[5.9417553,49.677876],[5.9432697,49.677727],[5.9442234,49.678524]]]},"properties":{"shapeName":"Hobscheid","shapeISO":"","shapeID":"21775719B8036560650946","shapeGroup":"LUX","shapeType":"ADM2"}},
{"type":"Feature","geometry":{"type":"Polygon","coordinates":[[[5.9442234,49.678524],[5.944628,49.67904],[5.942339,49.68134],[5.9424076,49.682095],[5.941843,49.682476],[5.9422855,49.682995],[5.94108,49.684258],[5.9420033,49.68442],[5.9425106,49.68504],[5.942358,49.685658],[5.943735,49.68584],[5.943857,49.686123],[5.945009,49.68653],[5.945093,49.687035],[5.9456234,49.686447],[5.9473133,49.687157],[5.9494762,49.689354],[5.9503155,49.68953],[5.9515896,49.688522],[5.9532223,49.687805],[5.956377,49.687557],[5.9589863,49.688763],[5.9603558,49.68985],[5.9608784,49.69171],[5.9613667,49.692295],[5.962225,49.691784],[5.9631405,49.692055],[5.9640408,49.69136],[5.965494,49.69133],[5.9724026,49.692677],[5.9755955,49.692753],[5.9762096,49.69264],[5.9786167,49.690228],[5.980921,49.688644],[5.9834156,49.689655],[5.984476,49.690815],[5.985979,49.691444],[5.9880505,49.692875],[5.9911327,49.693993],[5.992193,49.69391],[5.9929943,49.693558],[5.994295,49.69212],[5.993536,49.690536],[5.9925785,49.689762],[5.993326,49.68808],[5.993967,49.68805],[5.994444,49.686195],[5.9952717,49.685745],[5.9959545,49.686424],[5.995699,49.686874],[5.9958744,49.68744],[5.9972973,49.688553],[5.998667,49.689133],[6.0012302,49.689587],[6.0031643,49.690205],[6.005354,49.690132],[6.007025,49.6906],[6.007208,49.690372],[6.0094776,49.691],[6.0092793,49.688583],[6.017004,49.69012],[6.018797,49.68972],[6.02046,49.691013],[6.0214596,49.691204],[6.021307,49.691536],[6.0224476,49.69244],[6.0228176,49.694683],[6.022539,49.69587],[6.018938,49.69735],[6.018648,49.69742],[6.0185223,49.697178],[6.0170803,49.69724],[6.015108,49.69664],[6.01293,49.694977],[6.0110035,49.69424],[6.0104046,49.69487],[6.009569,49.694637],[6.0088406,49.69539],[6.007944,49.69527],[6.006922,49.69552],[6.006609,49.695118],[6.0061398,49.69502],[6.0057507,49.695477],[6.0065403,49.695747],[6.00609,49.69643],[6.006361,49.696487],[6.0060253,49.697914],[6.0049763,49.69791],[6.0043316,49.69826],[6.002905,49.698242],[6.000288,49.69728],[5.999941,49.696938],[5.999094,49.696804],[5.998068,49.6969],[5.9969234,49.697556],[5.997942,49.698326],[5.997595,49.699886],[6.0000668,49.700497],[5.9992733,49.701668],[6.001665,49.703484],[6.003187,49.702847],[6.003851,49.703373],[6.0024586,49.70445],[6.0042515,49.705406],[6.001848,49.70686],[6.0002346,49.708206],[5.997137,49.712025],[5.9992046,49.71334],[5.999655,49.714096],[5.9967747,49.716724],[5.9982433,49.71724],[5.997553,49.71847],[6.00054,49.719624],[5.9994984,49.720875],[5.9930744,49.7193],[5.990389,49.719],[5.989908,49.720676],[5.9903316,49.722294],[5.989458,49.723724],[5.987604,49.723724],[5.986059,49.723377],[5.9850674,49.723083],[5.9851665,49.722904],[5.9813213,49.72194],[5.980421,49.72138],[5.9783535,49.720673],[5.97262,49.720127],[5.9713345,49.720203],[5.9708652,49.720932],[5.9702587,49.721077],[5.9685116,49.719826],[5.96517,49.718243],[5.9642124,49.71699],[5.9618015,49.71592],[5.9600506,49.714733],[5.9571743,49.713413],[5.9542103,49.712425],[5.951521,49.71047],[5.9500294,49.708683],[5.946253,49.708714],[5.943281,49.707413],[5.9370213,49.703873],[5.929327,49.701912],[5.9299793,49.700184],[5.9340763,49.69827],[5.933489,49.697357],[5.9347363,49.695885],[5.935442,49.69402],[5.937216,49.691566],[5.938097,49.686638],[5.937006,49.68507],[5.9377346,49.683277],[5.9409885,49.68047],[5.9425297,49.678654],[5.9442234,49.678524]]]},"properties":{"shapeName":"Septfontaines","shapeISO":"","shapeID":"21775719B62416421133476","shapeGroup":"LUX","shapeType":"ADM2"}},
{"type":"Feature","geometry":{"type":"MultiPolygon","coordinates":[[[[5.8928322,49.6285601],[5.895178,49.628887],[5.8982143,49.630352],[5.900503,49.630775],[5.900942,49.631577],[5.901392,49.63178],[5.902975,49.631817],[5.904806,49.63134],[5.9084415,49.63201],[5.9081516,49.632484],[5.906267,49.632126],[5.904192,49.632156],[5.904375,49.63375],[5.9038486,49.634235],[5.9031916,49.636163],[5.898966,49.634377],[5.897623,49.63582],[5.895315,49.636265],[5.8922825,49.636234],[5.889662,49.63539],[5.8869076,49.634953],[5.8861904,49.63375],[5.8838634,49.63298],[5.882704,49.630943],[5.885824,49.62902],[5.8854923,49.628887],[5.886759,49.62733],[5.889639,49.62904],[5.891142,49.62922],[5.8920211,49.6284754],[5.8928322,49.6285601]]],[[[5.8901157,49.670334],[5.8902874,49.669403],[5.8914585,49.66856],[5.891508,49.668056],[5.89221,49.66745],[5.8919086,49.66688],[5.8926525,49.666267],[5.893839,49.666348],[5.8941364,49.66775],[5.895811,49.668747],[5.8963146,49.66854],[5.8979893,49.66642],[5.8993244,49.665928],[5.900141,49.666046],[5.900896,49.666763],[5.900675,49.667355],[5.9016094,49.66811],[5.902273,49.66818],[5.9031124,49.667156],[5.901373,49.66619],[5.901869,49.664257],[5.9025135,49.664017],[5.903452,49.66418],[5.904051,49.664753],[5.9048634,49.664856],[5.905672,49.665497],[5.906908,49.66573],[5.908388,49.665672],[5.9095364,49.664616],[5.9106426,49.662495],[5.9076366,49.662094],[5.9048786,49.661083],[5.9050846,49.660713],[5.902952,49.65758],[5.9044285,49.65559],[5.9054127,49.65476],[5.9029636,49.653828],[5.9022236,49.65179],[5.9018803,49.65181],[5.9017353,49.65144],[5.9028378,49.65135],[5.902212,49.649418],[5.902693,49.646915],[5.9022503,49.64586],[5.90291,49.645535],[5.9041195,49.645607],[5.904169,49.64198],[5.9043728,49.6414773],[5.905367,49.64076],[5.9054813,49.64016],[5.9077168,49.639072],[5.9067798,49.6386474],[5.908407,49.63865],[5.909544,49.63782],[5.911459,49.637722],[5.9154415,49.63844],[5.915251,49.63787],[5.9176807,49.637806],[5.9178944,49.63717],[5.9183445,49.637207],[5.9185047,49.636612],[5.920683,49.63695],[5.9217587,49.635345],[5.926512,49.63701],[5.9280415,49.637947],[5.929373,49.63827],[5.929743,49.63783],[5.9302044,49.63783],[5.9308834,49.63832],[5.9314747,49.63815],[5.9317074,49.638557],[5.932398,49.63797],[5.9329243,49.638123],[5.9329624,49.63769],[5.933386,49.637497],[5.9336567,49.63587],[5.9350185,49.635155],[5.934511,49.634155],[5.9358044,49.632427],[5.936617,49.63033],[5.9380054,49.62977],[5.939436,49.628445],[5.9396305,49.629055],[5.941557,49.630436],[5.9423466,49.63203],[5.9451504,49.635017],[5.9483433,49.63631],[5.9493656,49.636356],[5.9510326,49.636917],[5.950632,49.63729],[5.9514866,49.637722],[5.9513187,49.637997],[5.9550266,49.64068],[5.9573536,49.641327],[5.959875,49.641647],[5.959772,49.64229],[5.9587383,49.642773],[5.955885,49.64531],[5.954233,49.64637],[5.9472866,49.64857],[5.9441395,49.6512],[5.940954,49.654415],[5.935873,49.65733],[5.9321957,49.65852],[5.928129,49.659184],[5.9285374,49.660675],[5.9264164,49.663315],[5.9245777,49.66715],[5.9215527,49.670933],[5.9176884,49.672527],[5.9157887,49.673252],[5.912882,49.673725],[5.909666,49.675423],[5.908308,49.675816],[5.903742,49.67618],[5.9033794,49.67561],[5.9007893,49.67601],[5.8979244,49.675915],[5.896887,49.675694],[5.8964252,49.670227],[5.895582,49.669754],[5.8935146,49.66959],[5.8923206,49.66895],[5.8915424,49.66915],[5.8907604,49.670223],[5.8901157,49.670334]]]]},"properties":{"shapeName":"Steinfort","shapeISO":"","shapeID":"21775719B900531059285","shapeGroup":"LUX","shapeType":"ADM2"}},
{"type":"Feature","geometry":{"type":"Polygon","coordinates":[[[5.9176884,49.672527],[5.9215527,49.670933],[5.9245777,49.66715],[5.9264164,49.663315],[5.9285374,49.660675],[5.928129,49.659184],[5.9321957,49.65852],[5.935873,49.65733],[5.940954,49.654415],[5.9441395,49.6512],[5.9472866,49.64857],[5.954233,49.64637],[5.955885,49.64531],[5.9587383,49.642773],[5.9638577,49.64379],[5.963335,49.645638],[5.9651814,49.6463],[5.96694,49.64765],[5.968523,49.64775],[5.9702435,49.64746],[5.9710636,49.64785],[5.9735355,49.64817],[5.975027,49.648],[5.977579,49.64857],[5.9812984,49.650375],[5.983412,49.651894],[5.9858265,49.65292],[5.986643,49.652958],[5.9869747,49.65369],[5.9878445,49.654232],[5.986456,49.65738],[5.987261,49.657906],[5.9869976,49.65813],[5.9888973,49.659534],[5.9904003,49.66143],[5.9895916,49.662964],[5.992422,49.663567],[5.991503,49.665073],[5.994688,49.66676],[5.9937916,49.668003],[5.9922466,49.6685],[5.99119,49.66936],[5.989538,49.671646],[5.988405,49.672585],[5.987898,49.673717],[5.9895306,49.67391],[5.9913464,49.6762],[5.9919224,49.676243],[5.9919224,49.677284],[5.9924107,49.677387],[5.9922886,49.678802],[5.9951115,49.679108],[5.9950733,49.67967],[5.994631,49.679653],[5.99428,49.68146],[5.988146,49.68046],[5.987322,49.68273],[5.9862995,49.68414],[5.9894314,49.685444],[5.9871807,49.685642],[5.985792,49.686104],[5.980921,49.688644],[5.9786167,49.690228],[5.9762096,49.69264],[5.9755955,49.692753],[5.9724026,49.692677],[5.965494,49.69133],[5.9640408,49.69136],[5.9631405,49.692055],[5.962225,49.691784],[5.9613667,49.692295],[5.9608784,49.69171],[5.9603558,49.68985],[5.9589863,49.688763],[5.956377,49.687557],[5.9532223,49.687805],[5.9515896,49.688522],[5.9503155,49.68953],[5.9494762,49.689354],[5.9473133,49.687157],[5.9456234,49.686447],[5.945093,49.687035],[5.945009,49.68653],[5.943857,49.686123],[5.943735,49.68584],[5.942358,49.685658],[5.9425106,49.68504],[5.9420033,49.68442],[5.94108,49.684258],[5.9422855,49.682995],[5.941843,49.682476],[5.9424076,49.682095],[5.942339,49.68134],[5.944628,49.67904],[5.9442234,49.678524],[5.9432697,49.677727],[5.9417553,49.677876],[5.940626,49.67928],[5.938528,49.679775],[5.938158,49.680447],[5.937128,49.680534],[5.9359684,49.67991],[5.9352474,49.680103],[5.933584,49.679546],[5.9308186,49.67936],[5.9302235,49.679504],[5.9283047,49.681038],[5.927431,49.681187],[5.925745,49.679054],[5.925501,49.679123],[5.923834,49.678005],[5.923094,49.67664],[5.9179935,49.673893],[5.9176884,49.672527]]]},"properties":{"shapeName":"Koerich","shapeISO":"","shapeID":"21775719B81745383079240","shapeGroup":"LUX","shapeType":"ADM2"}},
{"type":"Feature","geometry":{"type":"Polygon","coordinates":[[[5.8928322,49.6285601],[5.8928776,49.628384],[5.895178,49.62835],[5.89567,49.62744],[5.8973446,49.626705],[5.8978252,49.6259],[5.9008007,49.625183],[5.9001255,49.621677],[5.901766,49.620186],[5.9047375,49.618626],[5.903902,49.618244],[5.902506,49.618385],[5.9016933,49.61811],[5.901102,49.6173],[5.9030666,49.61677],[5.903883,49.61692],[5.9046383,49.616493],[5.9058895,49.61625],[5.906164,49.615685],[5.905798,49.615734],[5.9058933,49.61531],[5.906645,49.613693],[5.90679,49.610966],[5.908659,49.608685],[5.9078197,49.60817],[5.9088345,49.607353],[5.9086437,49.607166],[5.912901,49.6042],[5.9130955,49.604298],[5.9142284,49.603226],[5.9146214,49.60321],[5.914633,49.602753],[5.916334,49.60252],[5.9168835,49.602158],[5.9174824,49.60089],[5.91794,49.60094],[5.91786,49.600376],[5.920332,49.59789],[5.920515,49.597244],[5.9218273,49.596447],[5.9222507,49.59676],[5.927202,49.594337],[5.927801,49.594643],[5.9286327,49.594013],[5.926958,49.592148],[5.9282284,49.591946],[5.9304867,49.592392],[5.933264,49.591244],[5.935751,49.594437],[5.9392643,49.596672],[5.9434643,49.59491],[5.9456196,49.593563],[5.948618,49.592396],[5.948801,49.592556],[5.9499683,49.592194],[5.9502125,49.592655],[5.952097,49.59142],[5.952738,49.592285],[5.954092,49.591682],[5.9565372,49.591236],[5.9596844,49.59281],[5.9600086,49.59248],[5.9620457,49.593052],[5.9619427,49.594704],[5.963312,49.596615],[5.9640827,49.597034],[5.9666576,49.597645],[5.967371,49.598137],[5.968092,49.59825],[5.968153,49.598614],[5.968771,49.59891],[5.9679165,49.59934],[5.9684772,49.59969],[5.9666004,49.601307],[5.9657116,49.60246],[5.9655247,49.60281],[5.9659557,49.602932],[5.9644337,49.60665],[5.970495,49.60887],[5.9708767,49.609486],[5.97225,49.610107],[5.971613,49.61112],[5.9711056,49.61341],[5.9712276,49.61422],[5.972124,49.61559],[5.9720097,49.61901],[5.9716854,49.62041],[5.9705257,49.62274],[5.965887,49.62295],[5.964903,49.62487],[5.9658947,49.62512],[5.9649906,49.627037],[5.96562,49.6276],[5.9659786,49.62888],[5.9652576,49.630306],[5.966654,49.63079],[5.966589,49.630993],[5.9643307,49.636467],[5.9627094,49.638382],[5.963022,49.63852],[5.9622364,49.63909],[5.96134,49.640717],[5.960634,49.64057],[5.959875,49.641647],[5.9573536,49.641327],[5.9550266,49.64068],[5.9513187,49.637997],[5.9514866,49.637722],[5.950632,49.63729],[5.9510326,49.636917],[5.9493656,49.636356],[5.9483433,49.63631],[5.9451504,49.635017],[5.9423466,49.63203],[5.941557,49.630436],[5.9396305,49.629055],[5.939436,49.628445],[5.9380054,49.62977],[5.936617,49.63033],[5.9358044,49.632427],[5.934511,49.634155],[5.9350185,49.635155],[5.9336567,49.63587],[5.933386,49.637497],[5.9329624,49.63769],[5.9329243,49.638123],[5.932398,49.63797],[5.9317074,49.638557],[5.9314747,49.63815],[5.9308834,49.63832],[5.9302044,49.63783],[5.929743,49.63783],[5.929373,49.63827],[5.9280415,49.637947],[5.926512,49.63701],[5.9217587,49.635345],[5.920683,49.63695],[5.9185047,49.636612],[5.9183445,49.637207],[5.9178944,49.63717],[5.9176807,49.637806],[5.915251,49.63787],[5.9154415,49.63844],[5.911459,49.637722],[5.909544,49.63782],[5.908407,49.63865],[5.9067798,49.6386474],[5.9031916,49.636163],[5.9038486,49.634235],[5.904375,49.63375],[5.904192,49.632156],[5.906267,49.632126],[5.9081516,49.632484],[5.9084415,49.63201],[5.904806,49.63134],[5.902975,49.631817],[5.901392,49.63178],[5.900942,49.631577],[5.900503,49.630775],[5.8982143,49.630352],[5.895178,49.628887],[5.8928322,49.6285601]]]},"properties":{"shapeName":"Garnich","shapeISO":"","shapeID":"21775719B88269771197434","shapeGroup":"LUX","shapeType":"ADM2"}},
{"type":"Feature","geometry":{"type":"Polygon","coordinates":[[[5.9578876,49.56882],[5.9571323,49.56882],[5.9561253,49.568386],[5.954973,49.568245],[5.9526615,49.567104],[5.950979,49.567226],[5.9494534,49.56877],[5.946562,49.566925],[5.945101,49.566315],[5.944006,49.565475],[5.943651,49.564636],[5.9432507,49.56462],[5.9434414,49.56661],[5.943327,49.567307],[5.9429913,49.567303],[5.942686,49.57059],[5.941942,49.570675],[5.940996,49.572514],[5.94145,49.57275],[5.9414005,49.573433],[5.9396267,49.574413],[5.9397373,49.576748],[5.939451,49.57809],[5.9375095,49.58062],[5.935034,49.582382],[5.934866,49.58218],[5.93379,49.582508],[5.9339275,49.582954],[5.9327162,49.58347],[5.9300327,49.586998],[5.934248,49.590893],[5.933264,49.591244],[5.9304867,49.592392],[5.9282284,49.591946],[5.926958,49.592148],[5.9286327,49.594013],[5.927801,49.594643],[5.927202,49.594337],[5.9222507,49.59676],[5.9218273,49.596447],[5.920515,49.597244],[5.920332,49.59789],[5.91786,49.600376],[5.91794,49.60094],[5.9174824,49.60089],[5.9168835,49.602158],[5.916334,49.60252],[5.914633,49.602753],[5.9146214,49.60321],[5.9142284,49.603226],[5.9130955,49.604298],[5.912901,49.6042],[5.9086437,49.607166],[5.9088345,49.607353],[5.9078197,49.60817],[5.908659,49.608685],[5.90679,49.610966],[5.906645,49.613693],[5.9058933,49.61531],[5.905798,49.615734],[5.906164,49.615685],[5.9058895,49.61625],[5.9046383,49.616493],[5.903883,49.61692],[5.9030666,49.61677],[5.901102,49.6173],[5.9016933,49.61811],[5.902506,49.618385],[5.903902,49.618244],[5.9047375,49.618626],[5.901766,49.620186],[5.9001255,49.621677],[5.9008007,49.625183],[5.8978252,49.6259],[5.8973446,49.626705],[5.89567,49.62744],[5.895178,49.62835],[5.8928776,49.628384],[5.8928322,49.6285601],[5.8920211,49.6284754],[5.891142,49.62922],[5.889639,49.62904],[5.886759,49.62733],[5.8829174,49.625225],[5.8825626,49.62529],[5.88241,49.624977],[5.8815403,49.6247],[5.881338,49.624313],[5.8809185,49.624447],[5.8807583,49.62406],[5.8801403,49.62396],[5.880213,49.62338],[5.8768826,49.620922],[5.876074,49.61995],[5.8756237,49.61881],[5.8755703,49.61571],[5.8758907,49.615574],[5.875437,49.614567],[5.876009,49.613815],[5.8770275,49.61331],[5.876833,49.61292],[5.87718,49.61231],[5.8757496,49.611362],[5.8763065,49.61035],[5.875952,49.609875],[5.876318,49.60961],[5.876337,49.60903],[5.8766117,49.60905],[5.8765965,49.608406],[5.875555,49.607796],[5.8742237,49.607304],[5.8740635,49.60745],[5.872507,49.606544],[5.8700695,49.605785],[5.865839,49.605175],[5.8633785,49.603275],[5.863222,49.603394],[5.855749,49.59987],[5.8527813,49.5992],[5.8490314,49.597725],[5.8485737,49.597233],[5.848776,49.596733],[5.84778,49.595936],[5.848669,49.59432],[5.848398,49.5935818],[5.848799,49.5904293],[5.8502407,49.5882468],[5.8500691,49.5869466],[5.8532467,49.5869618],[5.8566799,49.586092],[5.859476,49.5860268],[5.8620396,49.5868358],[5.8629208,49.5862788],[5.8633174,49.5866223],[5.8643016,49.5864773],[5.865427,49.5873661],[5.8652134,49.5875074],[5.8663007,49.5881557],[5.8658733,49.5884266],[5.8677807,49.5896474],[5.869089,49.5887118],[5.869772,49.5892088],[5.871462,49.5877778],[5.8715534,49.5861418],[5.873255,49.5836088],[5.87269,49.5831658],[5.869856,49.5828418],[5.869177,49.5825788],[5.866007,49.5805569],[5.868967,49.5796818],[5.8711567,49.5798048],[5.8719234,49.5796298],[5.8711414,49.5777378],[5.8697453,49.5767803],[5.872404,49.57518],[5.872801,49.574295],[5.8703976,49.5739],[5.8687763,49.57328],[5.8680058,49.573643],[5.865347,49.571716],[5.8697224,49.56853],[5.8708324,49.567184],[5.8710384,49.56565],[5.8712673,49.56574],[5.872053,49.5649],[5.8723392,49.56503],[5.8742275,49.56355],[5.8750896,49.561405],[5.87409,49.561234],[5.875143,49.559784],[5.8776646,49.56005],[5.8786335,49.561222],[5.880171,49.561214],[5.8804913,49.561604],[5.8820553,49.56161],[5.8833256,49.56217],[5.8857174,49.56208],[5.885397,49.55929],[5.887434,49.557014],[5.8871403,49.555912],[5.886057,49.554264],[5.8862057,49.5533],[5.886408,49.553448],[5.8865795,49.553288],[5.885042,49.550236],[5.885668,49.548798],[5.88529,49.547],[5.885317,49.546803],[5.887434,49.54644],[5.8899937,49.54657],[5.890051,49.54619],[5.8985386,49.54708],[5.9007397,49.549377],[5.9042797,49.551266],[5.9038715,49.55129],[5.9036236,49.55182],[5.90481,49.55221],[5.9060535,49.55204],[5.9089146,49.55242],[5.911463,49.55376],[5.9127445,49.55414],[5.916044,49.55439],[5.9165554,49.553913],[5.9203815,49.554993],[5.9205494,49.55475],[5.9257755,49.555534],[5.931715,49.557083],[5.937727,49.55946],[5.9370365,49.561504],[5.9379177,49.561867],[5.940199,49.562057],[5.94195,49.56185],[5.9426403,49.562267],[5.9430065,49.562233],[5.9474316,49.56089],[5.9483395,49.55968],[5.9493885,49.559772],[5.9511967,49.56111],[5.951231,49.5616],[5.9528675,49.56203],[5.954603,49.56372],[5.954973,49.56479],[5.9548016,49.56541],[5.955305,49.566406],[5.9578876,49.56882]]]},"properties":{"shapeName":"Käerjeng","shapeISO":"","shapeID":"21775719B38005128707956","shapeGroup":"LUX","shapeType":"ADM2"}},
{"type":"Feature","geometry":{"type":"Polygon","coordinates":[[[6.0144405,49.581654],[6.014559,49.5828],[6.010557,49.582264],[6.010172,49.582794],[6.008276,49.582687],[6.008238,49.583298],[6.0077953,49.58322],[6.006529,49.584343],[6.0077686,49.585392],[6.0092373,49.585835],[6.009012,49.58647],[6.004183,49.58518],[6.003416,49.585907],[6.0040874,49.5865],[6.003874,49.58715],[6.0076504,49.588036],[6.007719,49.58966],[6.010988,49.591602],[6.0109005,49.591938],[6.009741,49.59229],[6.0104504,49.5927],[6.009016,49.59254],[6.0032177,49.593086],[5.999666,49.594116],[5.999712,49.59433],[5.998434,49.59451],[5.99864,49.596733],[5.999136,49.597088],[5.999754,49.598785],[6.0047817,49.60162],[6.0070934,49.603905],[6.007986,49.604267],[6.0085773,49.605705],[6.0050526,49.606155],[6.0074253,49.607742],[6.00585,49.610016],[6.003748,49.610428],[6.002161,49.6103],[5.9991093,49.608505],[5.9983425,49.607796],[5.99827,49.60709],[5.9956684,49.606537],[5.9960575,49.60559],[5.992178,49.604504],[5.9920444,49.603767],[5.990816,49.602924],[5.9904766,49.602146],[5.9887066,49.601883],[5.9890194,49.600956],[5.98678,49.60033],[5.9820004,49.600143],[5.981798,49.6003],[5.980776,49.600204],[5.9802456,49.601383],[5.9771214,49.60035],[5.976206,49.60037],[5.9748936,49.600822],[5.9740124,49.600437],[5.9730625,49.599586],[5.9716434,49.600605],[5.9704647,49.599716],[5.970068,49.599854],[5.968771,49.59891],[5.968153,49.598614],[5.968092,49.59825],[5.967371,49.598137],[5.9666576,49.597645],[5.9640827,49.597034],[5.963312,49.596615],[5.9619427,49.594704],[5.9620457,49.593052],[5.9600086,49.59248],[5.9596844,49.59281],[5.9565372,49.591236],[5.954092,49.591682],[5.952738,49.592285],[5.952097,49.59142],[5.9502125,49.592655],[5.9499683,49.592194],[5.948801,49.592556],[5.948618,49.592396],[5.9456196,49.593563],[5.9434643,49.59491],[5.9392643,49.596672],[5.935751,49.594437],[5.933264,49.591244],[5.934248,49.590893],[5.9300327,49.586998],[5.9327162,49.58347],[5.9339275,49.582954],[5.93379,49.582508],[5.934866,49.58218],[5.935034,49.582382],[5.9375095,49.58062],[5.939451,49.57809],[5.9397373,49.576748],[5.9396267,49.574413],[5.9414005,49.573433],[5.94145,49.57275],[5.940996,49.572514],[5.941942,49.570675],[5.942686,49.57059],[5.9429913,49.567303],[5.943327,49.567307],[5.9434414,49.56661],[5.9432507,49.56462],[5.943651,49.564636],[5.944006,49.565475],[5.945101,49.566315],[5.946562,49.566925],[5.9494534,49.56877],[5.950979,49.567226],[5.9526615,49.567104],[5.954973,49.568245],[5.9561253,49.568386],[5.9571323,49.56882],[5.9578876,49.56882],[5.959345,49.569435],[5.9615917,49.568924],[5.960947,49.56837],[5.96113,49.5681],[5.9666386,49.57041],[5.96966,49.5706],[5.970663,49.57046],[5.971079,49.57029],[5.9705334,49.568394],[5.9711285,49.567955],[5.971258,49.56824],[5.9715366,49.5681],[5.9726963,49.567184],[5.9752674,49.568287],[5.9772587,49.567947],[5.97962,49.566517],[5.978586,49.565987],[5.9799824,49.564697],[5.979624,49.56456],[5.980833,49.562576],[5.9826603,49.563316],[5.9831524,49.56294],[5.9859905,49.564278],[5.9862766,49.564003],[5.98802,49.564774],[5.988325,49.564514],[5.990019,49.56509],[5.9900837,49.5654],[5.992651,49.564873],[5.9936466,49.565994],[5.9935436,49.566708],[5.9944973,49.566814],[5.994215,49.568554],[5.9930096,49.56847],[5.994211,49.568726],[5.9942493,49.56908],[5.996435,49.56871],[5.9970455,49.569256],[5.997595,49.569145],[5.9994793,49.570267],[5.9979725,49.57161],[6.0000553,49.57206],[6.0000744,49.57175],[6.000799,49.571915],[6.0005207,49.572365],[6.000902,49.57251],[6.0007725,49.573418],[6.0036755,49.57599],[6.0056057,49.57688],[6.0052357,49.577106],[6.0054035,49.577362],[6.0070133,49.578083],[6.006857,49.578316],[6.0075893,49.578815],[6.0099125,49.579426],[6.009535,49.57975],[6.013876,49.58101],[6.0146046,49.58149],[6.0144405,49.581654]]]},"properties":{"shapeName":"Dippach","shapeISO":"","shapeID":"21775719B36622587135592","shapeGroup":"LUX","shapeType":"ADM2"}},
{"type":"Feature","geometry":{"type":"Polygon","coordinates":[[[6.0411625,49.51204],[6.0408955,49.51036],[6.040056,49.50836],[6.0393925,49.50468],[6.0398426,49.504303],[6.0444546,49.504128],[6.0443935,49.503887],[6.047083,49.503605],[6.047205,49.503803],[6.050085,49.504486],[6.0514965,49.50575],[6.051935,49.506527],[6.05414,49.50639],[6.053953,49.50626],[6.056238,49.50528],[6.0567837,49.50594],[6.0583134,49.505215],[6.056814,49.50348],[6.058779,49.501896],[6.058218,49.50049],[6.06159,49.500214],[6.0663967,49.49995],[6.066992,49.499718],[6.067812,49.500248],[6.0708447,49.49834],[6.0718365,49.50097],[6.0725803,49.50105],[6.0725536,49.50426],[6.07292,49.5057],[6.077074,49.50551],[6.077173,49.50478],[6.0869007,49.503506],[6.0869007,49.5033],[6.088827,49.502644],[6.0895863,49.501797],[6.0930767,49.499706],[6.093439,49.499947],[6.093775,49.499752],[6.094904,49.500793],[6.095724,49.502605],[6.096464,49.50246],[6.0968,49.50274],[6.096487,49.502827],[6.096365,49.504036],[6.096983,49.504166],[6.0972614,49.504875],[6.099737,49.505165],[6.0994053,49.50613],[6.1041164,49.50695],[6.1070347,49.50705],[6.1094418,49.503643],[6.109129,49.5035],[6.1107807,49.501354],[6.1146183,49.50172],[6.116213,49.49969],[6.12002,49.497902],[6.1243,49.495346],[6.1280384,49.49392],[6.1280727,49.49391],[6.126581,49.497517],[6.1265774,49.499454],[6.12702,49.500004],[6.1257076,49.503693],[6.1261425,49.503696],[6.126314,49.504284],[6.125807,49.505405],[6.12636,49.50593],[6.125456,49.5063],[6.128046,49.509205],[6.1252995,49.513744],[6.125742,49.51398],[6.124853,49.514988],[6.1243076,49.515038],[6.1220264,49.51783],[6.118376,49.520008],[6.1180363,49.51983],[6.11709,49.520454],[6.115198,49.52595],[6.1140804,49.5256],[6.113413,49.526947],[6.113821,49.527256],[6.113554,49.527885],[6.110964,49.527294],[6.1103153,49.526943],[6.1090717,49.526825],[6.10734,49.52609],[6.1071224,49.526485],[6.105753,49.526405],[6.105768,49.528008],[6.1056156,49.52833],[6.104597,49.528008],[6.103281,49.53175],[6.1019955,49.53144],[6.101389,49.53301],[6.099386,49.535065],[6.099016,49.535004],[6.0994587,49.535984],[6.0981197,49.53766],[6.096998,49.53849],[6.0980854,49.53909],[6.098276,49.54019],[6.0971813,49.541317],[6.0991116,49.541687],[6.097391,49.543125],[6.093664,49.54453],[6.093088,49.5444],[6.092634,49.545235],[6.090456,49.547005],[6.0885715,49.546734],[6.087633,49.548298],[6.0879993,49.54895],[6.086775,49.549885],[6.0869274,49.55102],[6.0866146,49.55141],[6.084635,49.55203],[6.083418,49.55127],[6.0795193,49.550232],[6.07905,49.550457],[6.0786037,49.550316],[6.0779705,49.550636],[6.0772,49.55049],[6.075945,49.550884],[6.071047,49.550694],[6.0697727,49.550285],[6.068865,49.549446],[6.0676174,49.549183],[6.0665417,49.54933],[6.061159,49.547703],[6.060354,49.545616],[6.0602856,49.54439],[6.059458,49.544147],[6.0610104,49.542843],[6.0612545,49.542164],[6.0586224,49.539925],[6.0605984,49.536827],[6.06135,49.53405],[6.0624447,49.532272],[6.0620327,49.528923],[6.0579166,49.527462],[6.0582714,49.527164],[6.05443,49.525166],[6.053194,49.52422],[6.053507,49.52329],[6.0548763,49.522644],[6.055586,49.521664],[6.0545406,49.52155],[6.054037,49.52221],[6.051321,49.522015],[6.051092,49.520573],[6.0518856,49.52038],[6.0505085,49.519024],[6.050955,49.518795],[6.051195,49.518906],[6.0536633,49.516823],[6.051447,49.515816],[6.051878,49.51542],[6.0509167,49.51497],[6.0511036,49.51466],[6.048399,49.513817],[6.048147,49.512962],[6.047579,49.512814],[6.048723,49.51151],[6.04624,49.51121],[6.045027,49.511326],[6.0432186,49.51195],[6.0411625,49.51204]]]},"properties":{"shapeName":"Bettembourg","shapeISO":"","shapeID":"21775719B98887930078722","shapeGroup":"LUX","shapeType":"ADM2"}},
{"type":"Feature","geometry":{"type":"Polygon","coordinates":[[[6.155485,49.521107],[6.1566143,49.521496],[6.1588497,49.523712],[6.1609097,49.52377],[6.1638546,49.52306],[6.165476,49.52319],[6.166155,49.525604],[6.164381,49.527218],[6.1614017,49.527466],[6.161268,49.5286],[6.1608334,49.528862],[6.1598682,49.528687],[6.1603413,49.527187],[6.15732,49.52636],[6.1560764,49.5263],[6.155493,49.527664],[6.1584454,49.52881],[6.159567,49.529594],[6.162771,49.530064],[6.162672,49.53139],[6.1633816,49.531387],[6.163519,49.531666],[6.16453,49.531948],[6.166235,49.532097],[6.1662006,49.53282],[6.168207,49.532894],[6.1688824,49.53334],[6.170805,49.53366],[6.170767,49.53512],[6.173567,49.53481],[6.174082,49.536034],[6.174631,49.535957],[6.1748066,49.53636],[6.1764545,49.535995],[6.1739063,49.538433],[6.173258,49.538372],[6.173979,49.540142],[6.173441,49.540203],[6.173319,49.542747],[6.1715755,49.545567],[6.1741695,49.546875],[6.1731434,49.549854],[6.169546,49.549885],[6.164652,49.551254],[6.1659565,49.552666],[6.1652164,49.552814],[6.1642933,49.55343],[6.1626987,49.552387],[6.161066,49.553783],[6.1604824,49.55318],[6.1592083,49.553646],[6.1604557,49.555283],[6.158869,49.555756],[6.1568775,49.553165],[6.154993,49.55358],[6.154478,49.553047],[6.1522083,49.55384],[6.1502323,49.55418],[6.1499043,49.55354],[6.146078,49.554802],[6.1454716,49.553955],[6.1384373,49.555714],[6.136698,49.555683],[6.1358356,49.556313],[6.135668,49.556057],[6.1273403,49.556988],[6.127695,49.557938],[6.1250095,49.558857],[6.1212482,49.559784],[6.1168346,49.559692],[6.113714,49.560986],[6.1082325,49.562107],[6.109148,49.566525],[6.1061916,49.56674],[6.10425,49.565952],[6.102556,49.564842],[6.101755,49.564716],[6.099947,49.564648],[6.093664,49.563057],[6.092455,49.561768],[6.0917454,49.55956],[6.090891,49.559338],[6.090288,49.559505],[6.0887165,49.55788],[6.0881557,49.556713],[6.088476,49.556126],[6.0868816,49.55448],[6.0874653,49.55355],[6.087946,49.55341],[6.0878887,49.553032],[6.0864277,49.552685],[6.084898,49.55195],[6.084635,49.55203],[6.0866146,49.55141],[6.0869274,49.55102],[6.086775,49.549885],[6.0879993,49.54895],[6.087633,49.548298],[6.0885715,49.546734],[6.090456,49.547005],[6.092634,49.545235],[6.093088,49.5444],[6.093664,49.54453],[6.097391,49.543125],[6.0991116,49.541687],[6.0971813,49.541317],[6.098276,49.54019],[6.0980854,49.53909],[6.096998,49.53849],[6.0981197,49.53766],[6.0994587,49.535984],[6.099016,49.535004],[6.099386,49.535065],[6.101389,49.53301],[6.1019955,49.53144],[6.103281,49.53175],[6.104597,49.528008],[6.1056156,49.52833],[6.105768,49.528008],[6.105753,49.526405],[6.1071224,49.526485],[6.10734,49.52609],[6.1090717,49.526825],[6.1103153,49.526943],[6.110964,49.527294],[6.113554,49.527885],[6.113821,49.527256],[6.113413,49.526947],[6.1140804,49.5256],[6.115198,49.52595],[6.11709,49.520454],[6.1180363,49.51983],[6.118376,49.520008],[6.1220264,49.51783],[6.1243076,49.515038],[6.124853,49.514988],[6.125742,49.51398],[6.1252995,49.513744],[6.128046,49.509205],[6.125456,49.5063],[6.12636,49.50593],[6.125807,49.505405],[6.126314,49.504284],[6.1261425,49.503696],[6.1257076,49.503693],[6.12702,49.500004],[6.1265774,49.499454],[6.126581,49.497517],[6.1280727,49.49391],[6.1302166,49.492558],[6.13175,49.490627],[6.1327953,49.489994],[6.13373,49.489975],[6.137224,49.490707],[6.138941,49.491295],[6.141756,49.49168],[6.141428,49.493767],[6.1410885,49.493687],[6.140291,49.495193],[6.1368923,49.49434],[6.1365833,49.497013],[6.1350346,49.49937],[6.134676,49.49934],[6.134096,49.500362],[6.132593,49.50168],[6.1317883,49.501213],[6.1313457,49.501575],[6.131365,49.50205],[6.1317616,49.502262],[6.1309414,49.50336],[6.130171,49.50538],[6.1321735,49.505707],[6.1317425,49.507053],[6.1319942,49.50711],[6.131506,49.508373],[6.1300983,49.509186],[6.133272,49.5098],[6.132971,49.51091],[6.1343365,49.51132],[6.1345997,49.51174],[6.1359234,49.511963],[6.1359997,49.51245],[6.1411266,49.512184],[6.141287,49.513474],[6.1428165,49.513725],[6.142725,49.5139],[6.1457844,49.514736],[6.1448956,49.515816],[6.1452007,49.515877],[6.144926,49.516277],[6.146513,49.516808],[6.146837,49.516582],[6.148779,49.517605],[6.1516933,49.51668],[6.1547337,49.5182],[6.155546,49.51773],[6.1557827,49.517914],[6.15304,49.5198],[6.154665,49.52127],[6.155485,49.521107]]]},"properties":{"shapeName":"Roeser","shapeISO":"","shapeID":"21775719B63085135447978","shapeGroup":"LUX","shapeType":"ADM2"}},
{"type":"Feature","geometry":{"type":"Polygon","coordinates":[[[5.980921,49.688644],[5.985792,49.686104],[5.9871807,49.685642],[5.9894314,49.685444],[5.9862995,49.68414],[5.987322,49.68273],[5.988146,49.68046],[5.99428,49.68146],[5.994631,49.679653],[5.9950733,49.67967],[5.9951115,49.679108],[5.9922886,49.678802],[5.9924107,49.677387],[5.9919224,49.677284],[5.9919224,49.676243],[5.9913464,49.6762],[5.9895306,49.67391],[5.987898,49.673717],[5.988405,49.672585],[5.989538,49.671646],[5.99119,49.66936],[5.9922466,49.6685],[5.9937916,49.668003],[5.994688,49.66676],[5.991503,49.665073],[5.992422,49.663567],[5.9895916,49.662964],[5.9904003,49.66143],[5.9888973,49.659534],[5.9869976,49.65813],[5.987261,49.657906],[5.986456,49.65738],[5.9878445,49.654232],[5.9869747,49.65369],[5.986643,49.652958],[5.9858265,49.65292],[5.983412,49.651894],[5.9812984,49.650375],[5.977579,49.64857],[5.97859,49.64758],[5.980425,49.64721],[5.9809895,49.64675],[5.9871464,49.64865],[5.9883327,49.64806],[5.9886265,49.647396],[5.990446,49.64716],[5.9900913,49.645756],[5.9915654,49.64533010000001],[5.991171,49.645134],[5.9973507,49.643925],[5.9978733,49.64629],[5.9988422,49.64663],[5.998289,49.647102],[5.9996433,49.650925],[6.001375,49.651134],[6.002035,49.65166],[6.0024166,49.651527],[6.003954,49.65214],[6.0059795,49.65257],[6.0092716,49.652588],[6.01029,49.652203],[6.011545,49.6523],[6.0129642,49.652855],[6.0143604,49.65295],[6.015417,49.65352],[6.015253,49.653698],[6.016474,49.654],[6.0164547,49.65423],[6.019491,49.654644],[6.020254,49.655106],[6.0218296,49.6555],[6.0241184,49.65564],[6.024111,49.65459],[6.02487,49.653744],[6.0246906,49.65299],[6.0264606,49.651814],[6.02746,49.650375],[6.027918,49.650368],[6.029154,49.652374],[6.0308895,49.65413],[6.031618,49.653854],[6.0330143,49.654243],[6.033968,49.654858],[6.0356617,49.654224],[6.037058,49.65431],[6.039461,49.654892],[6.0437756,49.65453],[6.0464916,49.65371],[6.0469074,49.653305],[6.0491467,49.652905],[6.0492344,49.652695],[6.051317,49.65265],[6.052225,49.652946],[6.054079,49.653152],[6.05427,49.652992],[6.0565815,49.65335],[6.0600834,49.652954],[6.0606213,49.653137],[6.061243,49.653282],[6.06196,49.65306],[6.0624638,49.653263],[6.06299,49.653065],[6.064501,49.653774],[6.0649853,49.65432],[6.0659313,49.65456],[6.066866,49.65549],[6.06674,49.655834],[6.0679226,49.657204],[6.0679226,49.657597],[6.063257,49.658413],[6.061266,49.65918],[6.056242,49.659477],[6.054575,49.659805],[6.0535336,49.660572],[6.055563,49.661327],[6.0563755,49.66194],[6.0535183,49.663723],[6.054323,49.664185],[6.052191,49.665325],[6.0526524,49.666527],[6.0561123,49.67069],[6.0573864,49.671116],[6.0570316,49.67184],[6.0636997,49.673424],[6.064966,49.676712],[6.0676594,49.67599],[6.0681705,49.676197],[6.0687466,49.677094],[6.067362,49.678127],[6.0640163,49.679523],[6.0643024,49.679882],[6.061819,49.680454],[6.065016,49.681248],[6.070616,49.678925],[6.0750675,49.677532],[6.0767345,49.676624],[6.0774403,49.676598],[6.077772,49.67613],[6.0789967,49.675476],[6.0811634,49.6753],[6.081869,49.675716],[6.082693,49.67571],[6.0828037,49.676697],[6.0840626,49.67718],[6.083952,49.677498],[6.084261,49.677696],[6.0850506,49.67781],[6.0852757,49.678192],[6.086954,49.678776],[6.0879726,49.679714],[6.0883274,49.680695],[6.088167,49.68153],[6.0887623,49.682133],[6.090147,49.685333],[6.0904255,49.686104],[6.0901775,49.686535],[6.0907307,49.686924],[6.090769,49.688004],[6.092005,49.688465],[6.0914288,49.689026],[6.092249,49.689625],[6.0919933,49.69057],[6.0915165,49.69096],[6.091879,49.691517],[6.091299,49.691666],[6.0912914,49.6921],[6.090708,49.69233],[6.0908566,49.69306],[6.09041,49.693398],[6.091013,49.69429],[6.090616,49.69495],[6.0912495,49.695488],[6.090166,49.69582],[6.091028,49.69751],[6.0905895,49.69782],[6.090399,49.698692],[6.086775,49.69871],[6.081278,49.695557],[6.07522,49.694336],[6.0733624,49.695248],[6.071741,49.696587],[6.0723553,49.696945],[6.0720806,49.697483],[6.072836,49.698406],[6.0720197,49.6988278],[6.06975,49.70149],[6.069727,49.702316],[6.0693264,49.702816],[6.0680714,49.703377],[6.062704,49.70365],[6.0586224,49.702904],[6.058386,49.702805],[6.0586147,49.702324],[6.0597515,49.70142],[6.0586987,49.701447],[6.0576916,49.70112],[6.059374,49.69849],[6.058523,49.69836],[6.058916,49.69751],[6.0559366,49.6966077],[6.0550594,49.697666],[6.054266,49.69759],[6.0511,49.695347],[6.051409,49.69514],[6.0492077,49.694042],[6.0470676,49.693565],[6.04669,49.694157],[6.043295,49.693787],[6.0370617,49.69131],[6.035898,49.69211],[6.0378056,49.69319],[6.0355053,49.695496],[6.033224,49.694748],[6.0328274,49.69577],[6.0331364,49.696384],[6.032572,49.696117],[6.031931,49.696323],[6.029585,49.695744],[6.0271664,49.69625],[6.025713,49.69687],[6.0239086,49.6971],[6.022539,49.69587],[6.0228176,49.694683],[6.0224476,49.69244],[6.021307,49.691536],[6.0214596,49.691204],[6.02046,49.691013],[6.018797,49.68972],[6.017004,49.69012],[6.0092793,49.688583],[6.0094776,49.691],[6.007208,49.690372],[6.007025,49.6906],[6.005354,49.690132],[6.0031643,49.690205],[6.0012302,49.689587],[5.998667,49.689133],[5.9972973,49.688553],[5.9958744,49.68744],[5.995699,49.686874],[5.9959545,49.686424],[5.9952717,49.685745],[5.994444,49.686195],[5.993967,49.68805],[5.993326,49.68808],[5.9925785,49.689762],[5.993536,49.690536],[5.994295,49.69212],[5.9929943,49.693558],[5.992193,49.69391],[5.9911327,49.693993],[5.9880505,49.692875],[5.985979,49.691444],[5.984476,49.690815],[5.9834156,49.689655],[5.980921,49.688644]]]},"properties":{"shapeName":"Kehlen","shapeISO":"","shapeID":"21775719B8841937045509","shapeGroup":"LUX","shapeType":"ADM2"}},
{"type":"Feature","geometry":{"type":"Polygon","coordinates":[[[6.101164,49.64627],[6.0981426,49.650803],[6.0996723,49.65184],[6.1028423,49.655804],[6.104185,49.65655],[6.1024113,49.66004],[6.098913,49.662895],[6.097685,49.664295],[6.0972843,49.665207],[6.0939198,49.66801],[6.0980434,49.66859],[6.0984516,49.66896],[6.096365,49.66938],[6.094652,49.670277],[6.0942173,49.670757],[6.091692,49.671562],[6.0887108,49.6737191],[6.085539,49.673862],[6.0821934,49.67469],[6.082693,49.67571],[6.081869,49.675716],[6.0811634,49.6753],[6.0789967,49.675476],[6.077772,49.67613],[6.0774403,49.676598],[6.0767345,49.676624],[6.0750675,49.677532],[6.070616,49.678925],[6.065016,49.681248],[6.061819,49.680454],[6.0643024,49.679882],[6.0640163,49.679523],[6.067362,49.678127],[6.0687466,49.677094],[6.0681705,49.676197],[6.0676594,49.67599],[6.064966,49.676712],[6.0636997,49.673424],[6.0570316,49.67184],[6.0573864,49.671116],[6.0561123,49.67069],[6.0526524,49.666527],[6.052191,49.665325],[6.054323,49.664185],[6.0535183,49.663723],[6.0563755,49.66194],[6.055563,49.661327],[6.0535336,49.660572],[6.054575,49.659805],[6.056242,49.659477],[6.061266,49.65918],[6.063257,49.658413],[6.0679226,49.657597],[6.0693035,49.658287],[6.071295,49.657604],[6.072954,49.657475],[6.0753803,49.655823],[6.0768223,49.65301],[6.0790615,49.65069],[6.079378,49.648994],[6.079008,49.6477],[6.078371,49.64684],[6.0797405,49.64646],[6.0914364,49.646008],[6.101164,49.64627]]]},"properties":{"shapeName":"Kopstal","shapeISO":"","shapeID":"21775719B1960814377094","shapeGroup":"LUX","shapeType":"ADM2"}},
{"type":"Feature","geometry":{"type":"Polygon","coordinates":[[[5.959875,49.641647],[5.960634,49.64057],[5.96134,49.640717],[5.9622364,49.63909],[5.963022,49.63852],[5.9627094,49.638382],[5.9643307,49.636467],[5.966589,49.630993],[5.966654,49.63079],[5.9652576,49.630306],[5.9659786,49.62888],[5.96562,49.6276],[5.9649906,49.627037],[5.9658947,49.62512],[5.964903,49.62487],[5.965887,49.62295],[5.9705257,49.62274],[5.9716854,49.62041],[5.9720097,49.61901],[5.972124,49.61559],[5.9712276,49.61422],[5.9711056,49.61341],[5.971613,49.61112],[5.97225,49.610107],[5.9708767,49.609486],[5.970495,49.60887],[5.9644337,49.60665],[5.9659557,49.602932],[5.9655247,49.60281],[5.9657116,49.60246],[5.9666004,49.601307],[5.9684772,49.59969],[5.9679165,49.59934],[5.968771,49.59891],[5.970068,49.599854],[5.9704647,49.599716],[5.9716434,49.600605],[5.9730625,49.599586],[5.9740124,49.600437],[5.9748936,49.600822],[5.976206,49.60037],[5.9771214,49.60035],[5.9802456,49.601383],[5.980776,49.600204],[5.981798,49.6003],[5.9820004,49.600143],[5.98678,49.60033],[5.9890194,49.600956],[5.9887066,49.601883],[5.9904766,49.602146],[5.990816,49.602924],[5.9920444,49.603767],[5.992178,49.604504],[5.9960575,49.60559],[5.9956684,49.606537],[5.99827,49.60709],[5.9983425,49.607796],[5.9991093,49.608505],[6.002161,49.6103],[6.003748,49.610428],[6.00585,49.610016],[6.0074253,49.607742],[6.0050526,49.606155],[6.0085773,49.605705],[6.007986,49.604267],[6.0085926,49.60431],[6.009512,49.607204],[6.011118,49.6078],[6.0126743,49.60907],[6.012697,49.6101],[6.013357,49.61136],[6.014139,49.610855],[6.01742,49.60978],[6.021906,49.609543],[6.028631,49.610424],[6.0313473,49.61035],[6.033621,49.61249],[6.0328083,49.61272],[6.033003,49.61316],[6.0334034,49.613083],[6.0334682,49.614727],[6.0345554,49.61486],[6.033991,49.615887],[6.034086,49.617332],[6.034487,49.618694],[6.0360775,49.621338],[6.0362186,49.622738],[6.0384197,49.624252],[6.039648,49.6246],[6.0403614,49.62442],[6.040907,49.62465],[6.0415173,49.6254],[6.0412655,49.62565],[6.0416164,49.62617],[6.042284,49.626465],[6.0426273,49.627182],[6.044985,49.628426],[6.0458927,49.628532],[6.0478535,49.63012],[6.047552,49.631992],[6.0458355,49.63348],[6.046274,49.63432],[6.04611,49.63497],[6.047415,49.63588],[6.049158,49.638138],[6.048792,49.63877],[6.047159,49.63984],[6.046549,49.640945],[6.0475636,49.641182],[6.047621,49.641575],[6.04875,49.6425],[6.0502605,49.64309],[6.0503445,49.643314],[6.052866,49.64395],[6.053282,49.64426],[6.053339,49.64488],[6.0540485,49.644886],[6.0548267,49.6453],[6.054064,49.64647],[6.0543194,49.647335],[6.0577145,49.648693],[6.058714,49.65187],[6.0598392,49.652058],[6.0606213,49.653137],[6.0600834,49.652954],[6.0565815,49.65335],[6.05427,49.652992],[6.054079,49.653152],[6.052225,49.652946],[6.051317,49.65265],[6.0492344,49.652695],[6.0491467,49.652905],[6.0469074,49.653305],[6.0464916,49.65371],[6.0437756,49.65453],[6.039461,49.654892],[6.037058,49.65431],[6.0356617,49.654224],[6.033968,49.654858],[6.0330143,49.654243],[6.031618,49.653854],[6.0308895,49.65413],[6.029154,49.652374],[6.027918,49.650368],[6.02746,49.650375],[6.0264606,49.651814],[6.0246906,49.65299],[6.02487,49.653744],[6.024111,49.65459],[6.0241184,49.65564],[6.0218296,49.6555],[6.020254,49.655106],[6.019491,49.654644],[6.0164547,49.65423],[6.016474,49.654],[6.015253,49.653698],[6.015417,49.65352],[6.0143604,49.65295],[6.0129642,49.652855],[6.011545,49.6523],[6.01029,49.652203],[6.0092716,49.652588],[6.0059795,49.65257],[6.003954,49.65214],[6.0024166,49.651527],[6.002035,49.65166],[6.001375,49.651134],[5.9996433,49.650925],[5.998289,49.647102],[5.9988422,49.64663],[5.9978733,49.64629],[5.9973507,49.643925],[5.991171,49.645134],[5.9915654,49.64533010000001],[5.9900913,49.645756],[5.990446,49.64716],[5.9886265,49.647396],[5.9883327,49.64806],[5.9871464,49.64865],[5.9809895,49.64675],[5.980425,49.64721],[5.97859,49.64758],[5.977579,49.64857],[5.975027,49.648],[5.9735355,49.64817],[5.9710636,49.64785],[5.9702435,49.64746],[5.968523,49.64775],[5.96694,49.64765],[5.9651814,49.6463],[5.963335,49.645638],[5.9638577,49.64379],[5.9587383,49.642773],[5.959772,49.64229],[5.959875,49.641647]]]},"properties":{"shapeName":"Mamer","shapeISO":"","shapeID":"21775719B8167821855131","shapeGroup":"LUX","shapeType":"ADM2"}},
{"type":"Feature","geometry":{"type":"Polygon","coordinates":[[[6.078371,49.64684],[6.079008,49.6477],[6.079378,49.648994],[6.0790615,49.65069],[6.0768223,49.65301],[6.0753803,49.655823],[6.072954,49.657475],[6.071295,49.657604],[6.0693035,49.658287],[6.0679226,49.657597],[6.0679226,49.657204],[6.06674,49.655834],[6.066866,49.65549],[6.0659313,49.65456],[6.0649853,49.65432],[6.064501,49.653774],[6.06299,49.653065],[6.0624638,49.653263],[6.06196,49.65306],[6.061243,49.653282],[6.0606213,49.653137],[6.0598392,49.652058],[6.058714,49.65187],[6.0577145,49.648693],[6.0543194,49.647335],[6.054064,49.64647],[6.0548267,49.6453],[6.0540485,49.644886],[6.053339,49.64488],[6.053282,49.64426],[6.052866,49.64395],[6.0503445,49.643314],[6.0502605,49.64309],[6.04875,49.6425],[6.047621,49.641575],[6.0475636,49.641182],[6.046549,49.640945],[6.047159,49.63984],[6.048792,49.63877],[6.049158,49.638138],[6.047415,49.63588],[6.04611,49.63497],[6.046274,49.63432],[6.0458355,49.63348],[6.047552,49.631992],[6.0478535,49.63012],[6.0458927,49.628532],[6.046091,49.627903],[6.0479107,49.626835],[6.0506954,49.62582],[6.050066,49.624886],[6.052061,49.624126],[6.051134,49.621952],[6.0521946,49.622013],[6.052183,49.62063],[6.0527973,49.62046],[6.052767,49.62005],[6.054468,49.619972],[6.054327,49.617733],[6.0594883,49.61837],[6.063051,49.618553],[6.0627003,49.615273],[6.0618114,49.613308],[6.063219,49.6134],[6.0632877,49.61356],[6.0690556,49.612347],[6.0693684,49.61279],[6.072626,49.611458],[6.0742435,49.612133],[6.0761204,49.610798],[6.0764675,49.61098],[6.0768604,49.610664],[6.078085,49.6113],[6.080248,49.609127],[6.078066,49.60793],[6.0786266,49.60748],[6.079191,49.60778],[6.0823536,49.605602],[6.0856647,49.607338],[6.0878773,49.60902],[6.0906927,49.6133367],[6.0916732,49.6133211],[6.093256,49.61551],[6.0950603,49.615185],[6.0970897,49.6187619],[6.0976242,49.6185814],[6.098051,49.619736],[6.097746,49.619846],[6.1009655,49.622185],[6.1008244,49.622463],[6.1015453,49.622597],[6.101305,49.62303],[6.10301,49.62368],[6.1037083,49.624886],[6.1036777,49.62508],[6.1011715,49.624397],[6.099203,49.624172],[6.095495,49.624203],[6.0929317,49.624744],[6.089113,49.62321],[6.0892506,49.624443],[6.0910206,49.625355],[6.089464,49.625996],[6.0878925,49.627052],[6.0886784,49.627766],[6.0881863,49.62795],[6.082815,49.628727],[6.0794964,49.628677],[6.0728626,49.627422],[6.070608,49.628887],[6.0693874,49.630806],[6.0692463,49.632156],[6.0699635,49.633736],[6.073023,49.6364],[6.0740986,49.63831],[6.076906,49.64163],[6.077223,49.644573],[6.078371,49.64684]]]},"properties":{"shapeName":"Strassen","shapeISO":"","shapeID":"21775719B91934859067156","shapeGroup":"LUX","shapeType":"ADM2"}},
{"type":"Feature","geometry":{"type":"Polygon","coordinates":[[[6.069357,49.589825],[6.0714283,49.59067],[6.0730534,49.59178],[6.074789,49.593445],[6.077837,49.595505],[6.0767612,49.596886],[6.0756054,49.59699],[6.0755863,49.60005],[6.0746555,49.60105],[6.0769825,49.60189],[6.077116,49.60148],[6.078512,49.601585],[6.078291,49.60322],[6.079294,49.60308],[6.080427,49.603344],[6.0809536,49.60319],[6.0810146,49.60431],[6.081602,49.604256],[6.0812206,49.605],[6.0823536,49.605602],[6.079191,49.60778],[6.0786266,49.60748],[6.078066,49.60793],[6.080248,49.609127],[6.078085,49.6113],[6.0768604,49.610664],[6.0764675,49.61098],[6.0761204,49.610798],[6.0742435,49.612133],[6.072626,49.611458],[6.0693684,49.61279],[6.0690556,49.612347],[6.0632877,49.61356],[6.063219,49.6134],[6.0618114,49.613308],[6.0627003,49.615273],[6.063051,49.618553],[6.0594883,49.61837],[6.054327,49.617733],[6.054468,49.619972],[6.052767,49.62005],[6.0527973,49.62046],[6.052183,49.62063],[6.0521946,49.622013],[6.051134,49.621952],[6.052061,49.624126],[6.050066,49.624886],[6.0506954,49.62582],[6.0479107,49.626835],[6.046091,49.627903],[6.0458927,49.628532],[6.044985,49.628426],[6.0426273,49.627182],[6.042284,49.626465],[6.0416164,49.62617],[6.0412655,49.62565],[6.0415173,49.6254],[6.040907,49.62465],[6.0403614,49.62442],[6.039648,49.6246],[6.0384197,49.624252],[6.0362186,49.622738],[6.0360775,49.621338],[6.034487,49.618694],[6.034086,49.617332],[6.033991,49.615887],[6.0345554,49.61486],[6.0334682,49.614727],[6.0334034,49.613083],[6.033003,49.61316],[6.0328083,49.61272],[6.033621,49.61249],[6.0313473,49.61035],[6.028631,49.610424],[6.021906,49.609543],[6.01742,49.60978],[6.014139,49.610855],[6.013357,49.61136],[6.012697,49.6101],[6.0126743,49.60907],[6.011118,49.6078],[6.009512,49.607204],[6.0085926,49.60431],[6.007986,49.604267],[6.0070934,49.603905],[6.0047817,49.60162],[5.999754,49.598785],[5.999136,49.597088],[5.99864,49.596733],[5.998434,49.59451],[5.999712,49.59433],[5.999666,49.594116],[6.0032177,49.593086],[6.009016,49.59254],[6.0104504,49.5927],[6.009741,49.59229],[6.0109005,49.591938],[6.010988,49.591602],[6.007719,49.58966],[6.0076504,49.588036],[6.003874,49.58715],[6.0040874,49.5865],[6.003416,49.585907],[6.004183,49.58518],[6.009012,49.58647],[6.0092373,49.585835],[6.0077686,49.585392],[6.006529,49.584343],[6.0077953,49.58322],[6.008238,49.583298],[6.008276,49.582687],[6.010172,49.582794],[6.010557,49.582264],[6.014559,49.5828],[6.0144405,49.581654],[6.020521,49.583477],[6.021673,49.583595],[6.0224667,49.583122],[6.024843,49.584812],[6.0255375,49.584263],[6.026823,49.584663],[6.028219,49.58179],[6.0294323,49.582138],[6.029516,49.58187],[6.033716,49.582504],[6.0327053,49.58411],[6.032366,49.585655],[6.037489,49.585915],[6.037306,49.58612],[6.039465,49.586655],[6.040304,49.586613],[6.0408344,49.586285],[6.0410748,49.58566],[6.040701,49.5849],[6.039896,49.584236],[6.0418034,49.584274],[6.044737,49.58489],[6.04661,49.584843],[6.051855,49.586555],[6.0574245,49.58755],[6.0598545,49.58766],[6.0642567,49.588493],[6.069357,49.589825]]]},"properties":{"shapeName":"Bertrange","shapeISO":"","shapeID":"21775719B89896475155043","shapeGroup":"LUX","shapeType":"ADM2"}},
{"type":"Feature","geometry":{"type":"Polygon","coordinates":[[[6.113714,49.560986],[6.1168346,49.559692],[6.1212482,49.559784],[6.1250095,49.558857],[6.127695,49.557938],[6.1273403,49.556988],[6.135668,49.556057],[6.1358356,49.556313],[6.136698,49.555683],[6.1384373,49.555714],[6.1454716,49.553955],[6.146078,49.554802],[6.1499043,49.55354],[6.1502323,49.55418],[6.1522083,49.55384],[6.154478,49.553047],[6.154993,49.55358],[6.1568775,49.553165],[6.158869,49.555756],[6.1604557,49.555283],[6.1592083,49.553646],[6.1604824,49.55318],[6.161066,49.553783],[6.1626987,49.552387],[6.1642933,49.55343],[6.1652164,49.552814],[6.1659565,49.552666],[6.164652,49.551254],[6.169546,49.549885],[6.1731434,49.549854],[6.175432,49.549294],[6.1772327,49.54809],[6.1816387,49.548996],[6.1827297,49.55049],[6.184866,49.55138],[6.1844006,49.55236],[6.183363,49.553394],[6.1843624,49.55372],[6.181307,49.556683],[6.181448,49.557076],[6.18062,49.557823],[6.180372,49.558933],[6.184355,49.56007],[6.186384,49.560993],[6.1872005,49.560444],[6.1914654,49.559547],[6.1929607,49.55846],[6.1938076,49.55876],[6.195986,49.56048],[6.1961117,49.5613],[6.1950703,49.56361],[6.196535,49.564575],[6.2016506,49.567017],[6.2016964,49.56776],[6.202467,49.56861],[6.2028446,49.570335],[6.2022266,49.571396],[6.2018833,49.573303],[6.201021,49.574707],[6.202856,49.575455],[6.201769,49.577095],[6.2023525,49.57724],[6.201956,49.577694],[6.201025,49.577457],[6.199293,49.578514],[6.201288,49.580387],[6.200365,49.580822],[6.1994724,49.58021],[6.1983624,49.58103],[6.1954174,49.582268],[6.195463,49.582825],[6.19594,49.58296],[6.2000637,49.58356],[6.200037,49.584328],[6.2022915,49.584435],[6.201853,49.585445],[6.1997433,49.58712],[6.1995754,49.588116],[6.1998386,49.58893],[6.197851,49.589294],[6.19718,49.589684],[6.19792,49.590282],[6.2012043,49.59119],[6.201521,49.592045],[6.2042675,49.5937],[6.2046604,49.594357],[6.206278,49.595676],[6.20907,49.597603],[6.2098746,49.599606],[6.2081356,49.60012],[6.2089596,49.602615],[6.208933,49.603466],[6.2051373,49.606335],[6.1977406,49.604015],[6.1935062,49.604282],[6.192045,49.604877],[6.189829,49.604874],[6.1898518,49.605114],[6.1882305,49.60572],[6.187639,49.606575],[6.1876774,49.607155],[6.1870785,49.607727],[6.1846066,49.608276],[6.1815357,49.60706],[6.1790447,49.606976],[6.1776066,49.607533],[6.1761074,49.607674],[6.175192,49.607605],[6.172846,49.606796],[6.1710796,49.60682],[6.169161,49.606018],[6.169016,49.605732],[6.1676655,49.605507],[6.1660976,49.604324],[6.1643467,49.603405],[6.163496,49.603275],[6.16366,49.602985],[6.160715,49.601406],[6.1531191,49.5951265],[6.1537266,49.59372],[6.150942,49.59207],[6.148981,49.591896],[6.1503925,49.59096],[6.1464863,49.588787],[6.1449757,49.58986],[6.142332,49.588512],[6.1419125,49.58906],[6.1386547,49.58787],[6.1360035,49.5858],[6.13587,49.583942],[6.1350307,49.583755],[6.134054,49.5823],[6.132887,49.58288],[6.1304073,49.57941],[6.129076,49.58027],[6.127287,49.58215],[6.124254,49.580524],[6.1231976,49.578083],[6.121809,49.576397],[6.1202297,49.575283],[6.1198063,49.574192],[6.1227436,49.574448],[6.1233006,49.57331],[6.125677,49.57073],[6.1243305,49.570034],[6.121031,49.569214],[6.1201954,49.568626],[6.115473,49.568092],[6.117384,49.566124],[6.117716,49.56499],[6.119257,49.565342],[6.1162777,49.56228],[6.115656,49.56103],[6.113714,49.560986]]]},"properties":{"shapeName":"Hesperange","shapeISO":"","shapeID":"21775719B76244882391464","shapeGroup":"LUX","shapeType":"ADM2"}},
{"type":"Feature","geometry":{"type":"Polygon","coordinates":[[[6.2287807,49.53854],[6.2290783,49.53953],[6.230116,49.540287],[6.22838,49.540966],[6.229418,49.54233],[6.2281513,49.5433],[6.23036,49.54458],[6.229265,49.545383],[6.227503,49.54466],[6.22526,49.546986],[6.2264576,49.547417],[6.22476,49.54811],[6.2237377,49.549828],[6.222246,49.55067],[6.220621,49.552044],[6.2192173,49.55499],[6.2235165,49.556183],[6.2238216,49.555836],[6.2252026,49.55652],[6.226507,49.55684],[6.227358,49.555492],[6.23028,49.553024],[6.2317905,49.55334],[6.233267,49.553997],[6.234953,49.553307],[6.2354755,49.554195],[6.233713,49.555202],[6.2310543,49.55811],[6.2313023,49.559704],[6.2318134,49.560135],[6.2330723,49.56044],[6.2323666,49.561974],[6.231642,49.562645],[6.2338886,49.564976],[6.23353,49.566086],[6.2320385,49.56761],[6.232401,49.567894],[6.2308254,49.569004],[6.2312374,49.57004],[6.230818,49.569893],[6.2306232,49.570087],[6.229643,49.569603],[6.2285023,49.568268],[6.227995,49.568684],[6.228449,49.569042],[6.228014,49.569534],[6.2282505,49.56974],[6.228052,49.569904],[6.227705,49.56972],[6.226202,49.570946],[6.225664,49.57162],[6.2258587,49.57176],[6.223917,49.572746],[6.224203,49.573082],[6.22381,49.5734],[6.224962,49.574047],[6.2241573,49.574635],[6.2228603,49.574123],[6.2226887,49.574253],[6.2207317,49.573093],[6.21805,49.57381],[6.218485,49.574245],[6.216238,49.573193],[6.215605,49.57355],[6.214525,49.57301],[6.2116413,49.5723],[6.2107563,49.572975],[6.2108974,49.57328],[6.209223,49.574253],[6.2095356,49.5744],[6.2078075,49.57696],[6.207041,49.577137],[6.207693,49.57775],[6.207121,49.577595],[6.205019,49.57606],[6.20455,49.576145],[6.202856,49.575455],[6.201021,49.574707],[6.2018833,49.573303],[6.2022266,49.571396],[6.2028446,49.570335],[6.202467,49.56861],[6.2016964,49.56776],[6.2016506,49.567017],[6.196535,49.564575],[6.1950703,49.56361],[6.1961117,49.5613],[6.195986,49.56048],[6.1938076,49.55876],[6.1929607,49.55846],[6.1914654,49.559547],[6.1872005,49.560444],[6.186384,49.560993],[6.184355,49.56007],[6.180372,49.558933],[6.18062,49.557823],[6.181448,49.557076],[6.181307,49.556683],[6.1843624,49.55372],[6.183363,49.553394],[6.1844006,49.55236],[6.184866,49.55138],[6.1827297,49.55049],[6.1816387,49.548996],[6.1772327,49.54809],[6.175432,49.549294],[6.1731434,49.549854],[6.1741695,49.546875],[6.1715755,49.545567],[6.173319,49.542747],[6.173441,49.540203],[6.173979,49.540142],[6.173258,49.538372],[6.1739063,49.538433],[6.1764545,49.535995],[6.1748066,49.53636],[6.174631,49.535957],[6.174082,49.536034],[6.173567,49.53481],[6.170767,49.53512],[6.170805,49.53366],[6.1688824,49.53334],[6.168207,49.532894],[6.1662006,49.53282],[6.166235,49.532097],[6.16453,49.531948],[6.163519,49.531666],[6.1633816,49.531387],[6.162672,49.53139],[6.162771,49.530064],[6.159567,49.529594],[6.1584454,49.52881],[6.155493,49.527664],[6.1560764,49.5263],[6.15732,49.52636],[6.1603413,49.527187],[6.1598682,49.528687],[6.1608334,49.528862],[6.161268,49.5286],[6.1614017,49.527466],[6.164381,49.527218],[6.166155,49.525604],[6.165476,49.52319],[6.1638546,49.52306],[6.1609097,49.52377],[6.1588497,49.523712],[6.1566143,49.521496],[6.155485,49.521107],[6.156706,49.520657],[6.15954,49.518745],[6.1597424,49.518913],[6.1602726,49.518513],[6.1605854,49.518612],[6.161455,49.517555],[6.162058,49.517857],[6.1625805,49.51728],[6.1652317,49.517406],[6.169115,49.516987],[6.1721287,49.51705],[6.1716175,49.52181],[6.172365,49.522724],[6.17449,49.523903],[6.174284,49.524155],[6.1769657,49.5248],[6.1802845,49.52522],[6.179823,49.526188],[6.1850452,49.52778],[6.1870365,49.52555],[6.1889133,49.526157],[6.1890697,49.525528],[6.1930447,49.52645],[6.1930714,49.526024],[6.194277,49.525684],[6.1960697,49.525635],[6.19713,49.525806],[6.1970234,49.52622],[6.198641,49.52667],[6.1988354,49.526382],[6.200117,49.526844],[6.2005672,49.526463],[6.2016315,49.526684],[6.202429,49.52693],[6.2010403,49.527756],[6.203665,49.53067],[6.2051983,49.530376],[6.207121,49.53243],[6.2097607,49.532032],[6.2118626,49.53297],[6.2152424,49.533207],[6.2150707,49.534615],[6.2154827,49.53531],[6.2162,49.53546],[6.216482,49.53631],[6.2157574,49.53847],[6.217428,49.540806],[6.2213,49.540066],[6.2214756,49.539604],[6.219572,49.538513],[6.2198963,49.538383],[6.220392,49.538692],[6.2212124,49.536804],[6.226103,49.53695],[6.2258854,49.537544],[6.227934,49.53784],[6.228201,49.5387],[6.2287807,49.53854]]]},"properties":{"shapeName":"Weiler-la-Tour","shapeISO":"","shapeID":"21775719B4138397736316","shapeGroup":"LUX","shapeType":"ADM2"}},
{"type":"Feature","geometry":{"type":"Polygon","coordinates":[[[6.192045,49.604877],[6.1935062,49.604282],[6.1977406,49.604015],[6.2051373,49.606335],[6.208933,49.603466],[6.2089596,49.602615],[6.2081356,49.60012],[6.2098746,49.599606],[6.2145596,49.602707],[6.218519,49.603233],[6.221163,49.60333],[6.2226505,49.60283],[6.223501,49.602024],[6.224043,49.60226],[6.224329,49.60318],[6.226118,49.602688],[6.226343,49.60211],[6.229231,49.603104],[6.2296696,49.60362],[6.2311497,49.604065],[6.231241,49.60321],[6.2319546,49.60346],[6.232897,49.60343],[6.233774,49.603912],[6.2344913,49.6031],[6.2356358,49.603424],[6.23551,49.604534],[6.2359447,49.604572],[6.2358456,49.60488],[6.2366085,49.605217],[6.236845,49.60589],[6.237425,49.60612],[6.2373867,49.606625],[6.2365246,49.606884],[6.236761,49.60738],[6.236204,49.60774],[6.237055,49.608654],[6.2387753,49.609657],[6.2370663,49.612007],[6.2378635,49.613586],[6.239073,49.614697],[6.239584,49.615635],[6.239832,49.61775],[6.2402935,49.6186],[6.2373714,49.62286],[6.2351055,49.62193],[6.232996,49.621807],[6.23221,49.62219],[6.230917,49.62354],[6.231573,49.624283],[6.231043,49.624428],[6.230501,49.623844],[6.2281475,49.62416],[6.2258625,49.623726],[6.22542,49.623432],[6.2242985,49.62342],[6.223139,49.622974],[6.2225704,49.623234],[6.2206974,49.623203],[6.219015,49.623516],[6.217661,49.624786],[6.217306,49.62572],[6.217558,49.62626],[6.216898,49.625835],[6.216116,49.626083],[6.215742,49.62581],[6.2164135,49.62527],[6.2159214,49.62471],[6.214678,49.625],[6.2120266,49.625126],[6.2089176,49.62625],[6.2080746,49.626793],[6.2081356,49.627625],[6.2075634,49.62895],[6.206705,49.62952],[6.206213,49.62929],[6.2057858,49.629753],[6.2085094,49.631546],[6.207594,49.632187],[6.2071705,49.632267],[6.206541,49.63185],[6.2054806,49.63243],[6.1992817,49.628468],[6.1977367,49.628693],[6.1947575,49.628536],[6.1949177,49.62831],[6.19602,49.62832],[6.1962833,49.627914],[6.193693,49.62747],[6.1931286,49.627228],[6.1930904,49.626755],[6.1892033,49.62569],[6.190302,49.622803],[6.1852894,49.621468],[6.191511,49.62081],[6.1904316,49.620777],[6.190363,49.62021],[6.1895084,49.62033],[6.1898136,49.618973],[6.191126,49.61903],[6.1912365,49.61804],[6.193777,49.617878],[6.1952267,49.61727],[6.197378,49.616882],[6.1987705,49.61603],[6.1983585,49.61588],[6.1996136,49.614536],[6.201277,49.614006],[6.203291,49.613804],[6.2036457,49.613064],[6.2023487,49.61272],[6.201803,49.61056],[6.1956387,49.60698],[6.1935825,49.606052],[6.192045,49.604877]]]},"properties":{"shapeName":"Sandweiler","shapeISO":"","shapeID":"21775719B90251194954856","shapeGroup":"LUX","shapeType":"ADM2"}},
{"type":"Feature","geometry":{"type":"Polygon","coordinates":[[[6.2537746,49.568645],[6.2548046,49.569317],[6.2575054,49.57011],[6.256384,49.570984],[6.255541,49.572155],[6.2554417,49.574486],[6.256628,49.575558],[6.258211,49.577877],[6.2594547,49.578777],[6.265806,49.57825],[6.265417,49.579838],[6.265772,49.578648],[6.2674503,49.57996],[6.267248,49.5805],[6.268755,49.58314],[6.2686787,49.583954],[6.2698765,49.58436],[6.271055,49.584595],[6.2748127,49.584732],[6.284609,49.58656],[6.2911816,49.586292],[6.29191,49.58656],[6.297266,49.585],[6.300764,49.58263],[6.3023624,49.583748],[6.3028545,49.585014],[6.302004,49.588844],[6.301325,49.589912],[6.3017635,49.590473],[6.2997303,49.591164],[6.299612,49.593136],[6.296652,49.595543],[6.2951794,49.598217],[6.291979,49.59865],[6.290369,49.599155],[6.2895527,49.59976],[6.288515,49.601818],[6.286337,49.601818],[6.284937,49.602608],[6.2821903,49.60275],[6.279833,49.602165],[6.27754,49.602116],[6.2774487,49.60164],[6.2764263,49.601433],[6.2754116,49.60069],[6.2737865,49.6013],[6.276064,49.60434],[6.274744,49.60477],[6.2698307,49.603172],[6.267954,49.602802],[6.265585,49.603992],[6.265272,49.60429],[6.2655926,49.604485],[6.2589664,49.60501],[6.256304,49.60467],[6.2544193,49.60468],[6.250738,49.605682],[6.2461376,49.60731],[6.239725,49.610073],[6.2387753,49.609657],[6.237055,49.608654],[6.236204,49.60774],[6.236761,49.60738],[6.2365246,49.606884],[6.2373867,49.606625],[6.237425,49.60612],[6.236845,49.60589],[6.2366085,49.605217],[6.2358456,49.60488],[6.2359447,49.604572],[6.23551,49.604534],[6.2356358,49.603424],[6.2344913,49.6031],[6.233774,49.603912],[6.232897,49.60343],[6.2319546,49.60346],[6.231241,49.60321],[6.2311497,49.604065],[6.2296696,49.60362],[6.229231,49.603104],[6.226343,49.60211],[6.226118,49.602688],[6.224329,49.60318],[6.224043,49.60226],[6.223501,49.602024],[6.2226505,49.60283],[6.221163,49.60333],[6.218519,49.603233],[6.2145596,49.602707],[6.2098746,49.599606],[6.20907,49.597603],[6.206278,49.595676],[6.2046604,49.594357],[6.2042675,49.5937],[6.201521,49.592045],[6.2012043,49.59119],[6.19792,49.590282],[6.19718,49.589684],[6.197851,49.589294],[6.1998386,49.58893],[6.1995754,49.588116],[6.1997433,49.58712],[6.201853,49.585445],[6.2022915,49.584435],[6.200037,49.584328],[6.2000637,49.58356],[6.19594,49.58296],[6.195463,49.582825],[6.1954174,49.582268],[6.1983624,49.58103],[6.1994724,49.58021],[6.200365,49.580822],[6.201288,49.580387],[6.199293,49.578514],[6.201025,49.577457],[6.201956,49.577694],[6.2023525,49.57724],[6.201769,49.577095],[6.202856,49.575455],[6.20455,49.576145],[6.205019,49.57606],[6.207121,49.577595],[6.207693,49.57775],[6.207041,49.577137],[6.2078075,49.57696],[6.2095356,49.5744],[6.209223,49.574253],[6.2108974,49.57328],[6.2107563,49.572975],[6.2116413,49.5723],[6.214525,49.57301],[6.215605,49.57355],[6.216238,49.573193],[6.218485,49.574245],[6.21805,49.57381],[6.2207317,49.573093],[6.2226887,49.574253],[6.2228603,49.574123],[6.2241573,49.574635],[6.224962,49.574047],[6.22381,49.5734],[6.224203,49.573082],[6.223917,49.572746],[6.2258587,49.57176],[6.225664,49.57162],[6.226202,49.570946],[6.227705,49.56972],[6.228052,49.569904],[6.2282505,49.56974],[6.228014,49.569534],[6.228449,49.569042],[6.227995,49.568684],[6.2285023,49.568268],[6.229643,49.569603],[6.2306232,49.570087],[6.230818,49.569893],[6.2312374,49.57004],[6.236353,49.570213],[6.238039,49.569996],[6.239481,49.56965],[6.240385,49.568546],[6.241625,49.56766],[6.2488194,49.567566],[6.2537746,49.568645]]]},"properties":{"shapeName":"Contern","shapeISO":"","shapeID":"21775719B69285541651614","shapeGroup":"LUX","shapeType":"ADM2"}},
{"type":"Feature","geometry":{"type":"Polygon","coordinates":[[[6.3096867,49.628384],[6.3092403,49.62882],[6.3086033,49.63102],[6.307474,49.63292],[6.303999,49.634705],[6.303175,49.636635],[6.302603,49.63671],[6.302664,49.637287],[6.3020306,49.636982],[6.3015423,49.637558],[6.300688,49.63723],[6.2955647,49.636356],[6.2954693,49.638294],[6.2939205,49.638046],[6.293432,49.638695],[6.2926693,49.638504],[6.2902966,49.640633],[6.2902126,49.644073],[6.2897625,49.645546],[6.2890873,49.646503],[6.29006,49.647274],[6.2895145,49.64728],[6.2877674,49.646503],[6.2803555,49.644432],[6.2812176,49.6442],[6.2798405,49.643547],[6.2742558,49.644806],[6.2718296,49.64472],[6.27186,49.64452],[6.267885,49.64289],[6.2631474,49.641613],[6.2577534,49.639668],[6.257925,49.639473],[6.2564754,49.639057],[6.256689,49.638798],[6.2559834,49.63852],[6.2542934,49.638016],[6.253767,49.638588],[6.252016,49.63804],[6.252157,49.63752],[6.2510853,49.637215],[6.250372,49.636505],[6.2506466,49.63602],[6.2498837,49.636024],[6.249449,49.635376],[6.2489223,49.635212],[6.2470455,49.635166],[6.247732,49.634666],[6.247122,49.633205],[6.246008,49.633415],[6.246134,49.63173],[6.2449856,49.631645],[6.24494,49.631466],[6.242075,49.630882],[6.2425785,49.63028],[6.2419834,49.628567],[6.242365,49.62771],[6.237776,49.62593],[6.234186,49.625202],[6.2322903,49.62527],[6.231573,49.624283],[6.230917,49.62354],[6.23221,49.62219],[6.232996,49.621807],[6.2351055,49.62193],[6.2373714,49.62286],[6.2402935,49.6186],[6.239832,49.61775],[6.239584,49.615635],[6.239073,49.614697],[6.2378635,49.613586],[6.2370663,49.612007],[6.2387753,49.609657],[6.239725,49.610073],[6.2461376,49.60731],[6.250738,49.605682],[6.2544193,49.60468],[6.256304,49.60467],[6.2589664,49.60501],[6.2655926,49.604485],[6.265272,49.60429],[6.265585,49.603992],[6.267954,49.602802],[6.2698307,49.603172],[6.274744,49.60477],[6.276064,49.60434],[6.304468,49.62605],[6.3096867,49.628384]]]},"properties":{"shapeName":"Schuttrange","shapeISO":"","shapeID":"21775719B36538740491348","shapeGroup":"LUX","shapeType":"ADM2"}},
{"type":"Feature","geometry":{"type":"Polygon","coordinates":[[[6.1892033,49.62569],[6.1930904,49.626755],[6.1931286,49.627228],[6.193693,49.62747],[6.1962833,49.627914],[6.19602,49.62832],[6.1949177,49.62831],[6.1947575,49.628536],[6.1977367,49.628693],[6.1992817,49.628468],[6.2054806,49.63243],[6.206541,49.63185],[6.2071705,49.632267],[6.207594,49.632187],[6.2085094,49.631546],[6.2057858,49.629753],[6.206213,49.62929],[6.206705,49.62952],[6.2075634,49.62895],[6.2081356,49.627625],[6.2080746,49.626793],[6.2089176,49.62625],[6.2120266,49.625126],[6.214678,49.625],[6.2159214,49.62471],[6.2164135,49.62527],[6.215742,49.62581],[6.216116,49.626083],[6.216898,49.625835],[6.217558,49.62626],[6.217306,49.62572],[6.217661,49.624786],[6.219015,49.623516],[6.2206974,49.623203],[6.2225704,49.623234],[6.223139,49.622974],[6.2242985,49.62342],[6.22542,49.623432],[6.2258625,49.623726],[6.2281475,49.62416],[6.230501,49.623844],[6.231043,49.624428],[6.231573,49.624283],[6.2322903,49.62527],[6.234186,49.625202],[6.237776,49.62593],[6.242365,49.62771],[6.2419834,49.628567],[6.2425785,49.63028],[6.242075,49.630882],[6.24494,49.631466],[6.2449856,49.631645],[6.246134,49.63173],[6.246008,49.633415],[6.247122,49.633205],[6.247732,49.634666],[6.2470455,49.635166],[6.2489223,49.635212],[6.249449,49.635376],[6.2498837,49.636024],[6.2506466,49.63602],[6.250372,49.636505],[6.2510853,49.637215],[6.252157,49.63752],[6.252016,49.63804],[6.253767,49.638588],[6.2542934,49.638016],[6.2559834,49.63852],[6.256689,49.638798],[6.2564754,49.639057],[6.257925,49.639473],[6.2577534,49.639668],[6.2631474,49.641613],[6.267885,49.64289],[6.27186,49.64452],[6.2718296,49.64472],[6.2742558,49.644806],[6.2798405,49.643547],[6.2812176,49.6442],[6.2803555,49.644432],[6.2877674,49.646503],[6.2895145,49.64728],[6.2885876,49.64792],[6.2896023,49.648197],[6.2890224,49.64884],[6.289446,49.649002],[6.2891827,49.649734],[6.2840443,49.65134],[6.2817326,49.653107],[6.282053,49.65724],[6.2811756,49.657135],[6.28026,49.65872],[6.285486,49.65941],[6.2856426,49.6634],[6.2864017,49.66478],[6.284525,49.66463],[6.2833652,49.665012],[6.2821712,49.664726],[6.2812977,49.664867],[6.279764,49.66464],[6.277334,49.669014],[6.278635,49.669243],[6.278883,49.671684],[6.2784595,49.673576],[6.278452,49.67601],[6.277933,49.6779],[6.274103,49.676],[6.2743053,49.675583],[6.272417,49.675053],[6.2713413,49.677124],[6.2700253,49.677902],[6.2687054,49.676105],[6.2677784,49.677948],[6.2673893,49.68101],[6.265955,49.682133],[6.2644596,49.683838],[6.263834,49.68412],[6.2638645,49.68439],[6.2621784,49.684097],[6.259985,49.684944],[6.2575436,49.686287],[6.256872,49.685608],[6.2560444,49.685272],[6.255537,49.685535],[6.25329,49.684868],[6.252783,49.685127],[6.252165,49.68469],[6.249445,49.684616],[6.248705,49.68576],[6.247408,49.685284],[6.2374706,49.683384],[6.2354527,49.68372],[6.234274,49.685238],[6.2317524,49.68485],[6.228304,49.68522],[6.2260075,49.685192],[6.2250996,49.68484],[6.2242985,49.68343],[6.2235737,49.683514],[6.2238255,49.684387],[6.222967,49.684525],[6.223345,49.685574],[6.214723,49.6848958],[6.2141895,49.684006],[6.212496,49.68303],[6.212492,49.682026],[6.211542,49.681095],[6.208235,49.68037],[6.2068996,49.679264],[6.205698,49.678974],[6.2035427,49.67799],[6.2026844,49.675762],[6.19948,49.673332],[6.1985073,49.672215],[6.1971836,49.669827],[6.1948185,49.668793],[6.1915226,49.66659],[6.1890316,49.665565],[6.1870213,49.66521],[6.185583,49.664635],[6.182703,49.664303],[6.1817265,49.663975],[6.1809673,49.66324],[6.1810055,49.662167],[6.180231,49.661438],[6.1736164,49.658684],[6.172552,49.65476],[6.1656666,49.650055],[6.164633,49.64765],[6.164854,49.646297],[6.165407,49.6454],[6.1652126,49.644733],[6.1654873,49.64461],[6.164217,49.643505],[6.163187,49.64158],[6.164343,49.640587],[6.1581745,49.639877],[6.1540775,49.63913],[6.1531696,49.638645],[6.148775,49.63737],[6.145876,49.636154],[6.143301,49.63393],[6.1434765,49.63376],[6.142706,49.633324],[6.142687,49.633064],[6.145544,49.634518],[6.1458187,49.63444],[6.1467686,49.635197],[6.1510983,49.636772],[6.15254,49.636955],[6.155096,49.637894],[6.1583652,49.638374],[6.160494,49.638165],[6.161791,49.638428],[6.1634007,49.638298],[6.165167,49.63876],[6.1690464,49.637695],[6.170706,49.637894],[6.172613,49.63775],[6.1738567,49.6373],[6.179182,49.636982],[6.1804905,49.63627],[6.1826496,49.6365],[6.1828136,49.635647],[6.182047,49.6351],[6.184889,49.63294],[6.1852283,49.632256],[6.1858845,49.632545],[6.1860943,49.632362],[6.183279,49.631054],[6.1832056,49.6303813],[6.182234,49.63010230000001],[6.1824703,49.629475],[6.1811085,49.628944],[6.181093,49.62838],[6.181654,49.627594],[6.179487,49.6262],[6.1798267,49.625774],[6.179205,49.62536],[6.179468,49.62488],[6.1783085,49.624264],[6.178858,49.62377],[6.180483,49.62324],[6.180731,49.624027],[6.1829967,49.624508],[6.183737,49.624073],[6.1879864,49.62517],[6.1892033,49.62569]]]},"properties":{"shapeName":"Niederanven","shapeISO":"","shapeID":"21775719B43401661375946","shapeGroup":"LUX","shapeType":"ADM2"}},
{"type":"Feature","geometry":{"type":"Polygon","coordinates":[[[6.1652126,49.644733],[6.165407,49.6454],[6.164854,49.646297],[6.164633,49.64765],[6.1656666,49.650055],[6.172552,49.65476],[6.1736164,49.658684],[6.180231,49.661438],[6.1810055,49.662167],[6.1809673,49.66324],[6.1817265,49.663975],[6.182703,49.664303],[6.185583,49.664635],[6.1870213,49.66521],[6.1890316,49.665565],[6.1915226,49.66659],[6.1948185,49.668793],[6.1971836,49.669827],[6.1985073,49.672215],[6.19948,49.673332],[6.2026844,49.675762],[6.2035427,49.67799],[6.205698,49.678974],[6.2068996,49.679264],[6.208235,49.68037],[6.211542,49.681095],[6.212492,49.682026],[6.212496,49.68303],[6.2141895,49.684006],[6.214723,49.6848958],[6.214201,49.685722],[6.2144794,49.686623],[6.214008,49.687486],[6.2128734,49.6886888],[6.212015,49.68906],[6.2043285,49.688114],[6.1981487,49.688274],[6.1962757,49.68791],[6.1966915,49.68637],[6.19808,49.685673],[6.1986027,49.684753],[6.19372,49.68271],[6.190565,49.684235],[6.187765,49.684486],[6.1810513,49.684376],[6.180334,49.683662],[6.1796856,49.683613],[6.1799526,49.684395],[6.1789646,49.684723],[6.1798687,49.686523],[6.1785526,49.686707],[6.1755924,49.68685],[6.175684,49.68669],[6.1749325,49.686687],[6.1732197,49.685535],[6.169031,49.68595],[6.1639996,49.684822],[6.1604137,49.682228],[6.156126,49.6824],[6.1559086,49.68199],[6.1537457,49.68205],[6.1479626,49.681343],[6.144327,49.68178],[6.1426754,49.683147],[6.1417713,49.68264],[6.138365,49.683224],[6.1382046,49.68252],[6.134096,49.6829],[6.13447,49.684742],[6.135515,49.685356],[6.1343403,49.685467],[6.1350193,49.686398],[6.132559,49.686863],[6.133993,49.687717],[6.1337643,49.688457],[6.135248,49.68891],[6.13571,49.689484],[6.1349964,49.689762],[6.1345043,49.689526],[6.133066,49.689857],[6.1307545,49.69],[6.1306896,49.690403],[6.129675,49.690357],[6.1296215,49.69077],[6.1274433,49.69082],[6.1276073,49.69154],[6.12591,49.691643],[6.125868,49.692307],[6.123625,49.69081],[6.1213856,49.691067],[6.1208057,49.690033],[6.1194897,49.690502],[6.119604,49.691074],[6.1190014,49.692116],[6.11878,49.691933],[6.1179943,49.69205],[6.1167965,49.691196],[6.1155605,49.690857],[6.1137676,49.691338],[6.113577,49.690826],[6.108473,49.69024],[6.1072063,49.68999],[6.1070194,49.689644],[6.106306,49.689823],[6.1060505,49.689297],[6.105074,49.68941],[6.104933,49.68899],[6.098612,49.686245],[6.0934086,49.684742],[6.090147,49.685333],[6.0887623,49.682133],[6.088167,49.68153],[6.0883274,49.680695],[6.0879726,49.679714],[6.086954,49.678776],[6.0852757,49.678192],[6.0850506,49.67781],[6.084261,49.677696],[6.083952,49.677498],[6.0840626,49.67718],[6.0828037,49.676697],[6.082693,49.67571],[6.0821934,49.67469],[6.085539,49.673862],[6.0887108,49.6737191],[6.091692,49.671562],[6.0942173,49.670757],[6.094652,49.670277],[6.096365,49.66938],[6.0984516,49.66896],[6.0980434,49.66859],[6.0939198,49.66801],[6.0972843,49.665207],[6.097685,49.664295],[6.098913,49.662895],[6.1024113,49.66004],[6.104185,49.65655],[6.1053944,49.65678],[6.1074276,49.65806],[6.1132145,49.659363],[6.1130466,49.65819],[6.114931,49.65853],[6.1149883,49.659603],[6.117193,49.65983],[6.1195965,49.6605],[6.1187267,49.66159],[6.1191273,49.66175],[6.119772,49.66141],[6.1201725,49.660744],[6.1235332,49.66109],[6.1222744,49.66235],[6.125799,49.66347],[6.1249866,49.6643],[6.1256733,49.66473],[6.1255703,49.66692],[6.1285954,49.66825],[6.129572,49.66801],[6.1304607,49.669346],[6.135069,49.66852],[6.139803,49.66801],[6.1395283,49.66703],[6.1421185,49.666683],[6.1418667,49.665825],[6.143278,49.665607],[6.1439953,49.66563],[6.144167,49.66705],[6.147257,49.667206],[6.15539,49.66896],[6.1587086,49.669395],[6.1596546,49.66314],[6.159544,49.66043],[6.1616993,49.66078],[6.1650257,49.661755],[6.164461,49.660213],[6.1617146,49.65738],[6.161005,49.65704],[6.1600933,49.65498],[6.1597195,49.65487],[6.1610928,49.652943],[6.160593,49.650597],[6.159376,49.649353],[6.159704,49.648857],[6.158575,49.647778],[6.1588535,49.64741],[6.1574802,49.646923],[6.157652,49.646675],[6.156969,49.646225],[6.155779,49.64583],[6.155447,49.645443],[6.151594,49.64342],[6.150503,49.64243],[6.1487217,49.64184],[6.150236,49.64142],[6.1525593,49.641884],[6.152796,49.642216],[6.1535244,49.641296],[6.162554,49.642185],[6.1636295,49.643852],[6.1652126,49.644733]]]},"properties":{"shapeName":"Steinsel","shapeISO":"","shapeID":"21775719B45842457219080","shapeGroup":"LUX","shapeType":"ADM2"}},
{"type":"Feature","geometry":{"type":"Polygon","coordinates":[[[6.1597195,49.65487],[6.1600933,49.65498],[6.161005,49.65704],[6.1617146,49.65738],[6.164461,49.660213],[6.1650257,49.661755],[6.1616993,49.66078],[6.159544,49.66043],[6.1596546,49.66314],[6.1587086,49.669395],[6.15539,49.66896],[6.147257,49.667206],[6.144167,49.66705],[6.1439953,49.66563],[6.143278,49.665607],[6.1418667,49.665825],[6.1421185,49.666683],[6.1395283,49.66703],[6.139803,49.66801],[6.135069,49.66852],[6.1304607,49.669346],[6.129572,49.66801],[6.1285954,49.66825],[6.1255703,49.66692],[6.1256733,49.66473],[6.1249866,49.6643],[6.125799,49.66347],[6.1222744,49.66235],[6.1235332,49.66109],[6.1201725,49.660744],[6.119772,49.66141],[6.1191273,49.66175],[6.1187267,49.66159],[6.1195965,49.6605],[6.117193,49.65983],[6.1149883,49.659603],[6.114931,49.65853],[6.1130466,49.65819],[6.1132145,49.659363],[6.1074276,49.65806],[6.1053944,49.65678],[6.104185,49.65655],[6.1028423,49.655804],[6.0996723,49.65184],[6.0981426,49.650803],[6.101164,49.64627],[6.1058903,49.64689],[6.10795,49.64892],[6.1131916,49.65033],[6.1155567,49.65007],[6.1168613,49.65016],[6.118475,49.648373],[6.119421,49.648087],[6.128725,49.649395],[6.1287823,49.64922],[6.1334515,49.65031],[6.1336536,49.650032],[6.138582,49.650734],[6.1387424,49.650486],[6.1397953,49.650856],[6.1406727,49.650116],[6.142267,49.64941],[6.1436787,49.649616],[6.1433086,49.649216],[6.1502094,49.650707],[6.153322,49.650517],[6.15806,49.65226],[6.1579456,49.65339],[6.157259,49.65387],[6.1597195,49.65487]]]},"properties":{"shapeName":"Walferdange","shapeISO":"","shapeID":"21775719B5856106982336","shapeGroup":"LUX","shapeType":"ADM2"}},
{"type":"Feature","geometry":{"type":"Polygon","coordinates":[[[6.3744318,49.5898162],[6.3750007,49.5913921],[6.3761726,49.59285290000001],[6.3801,49.5964655],[6.3829196,49.5983693],[6.3862691,49.5998261],[6.3917123,49.5998531],[6.3944709,49.6003531],[6.3970986,49.601219],[6.3996202,49.6025768],[6.4026478,49.6049345],[6.4042675,49.6076882],[6.4053354,49.6088521],[6.407883,49.6107329],[6.4094738,49.6122847],[6.4136242,49.6150474],[6.4189934,49.6171182],[6.4209791,49.6197009],[6.4221979,49.6215498],[6.4230728,49.6248773],[6.4252585,49.62813490000001],[6.4267993,49.6324235],[6.4281561,49.6349412],[6.4311037,49.6388587],[6.4391435,49.65106139999999],[6.4399574,49.6532401],[6.4404053,49.6559668],[6.4403753,49.6574437],[6.4399884,49.6583056],[6.4384116,49.6594504],[6.4359021,49.66037810000001],[6.4339126,49.66054230000001],[6.4316697,49.6603507],[6.4316831,49.6599176],[6.4297802,49.6597243],[6.4282495,49.6598218],[6.4267776,49.6602264],[6.4253262,49.6615381],[6.4252567,49.663815],[6.421236,49.664032],[6.4210377,49.663586],[6.421568,49.662193],[6.4205,49.65928],[6.4219,49.654297],[6.4218464,49.65361],[6.417944,49.64988],[6.4162273,49.648663],[6.415022,49.648453],[6.413637,49.649548],[6.4127636,49.649845],[6.413435,49.64798],[6.4149914,49.64736],[6.416128,49.648083],[6.4166584,49.647976],[6.4206715,49.644993],[6.422388,49.64315],[6.4235554,49.642582],[6.423109,49.641853],[6.422655,49.639458],[6.4208965,49.63785],[6.420603,49.63709],[6.4200153,49.637238],[6.419462,49.63662],[6.418783,49.636833],[6.4169407,49.634537],[6.415865,49.633694],[6.4148884,49.633625],[6.4152355,49.632137],[6.412676,49.6321],[6.4122753,49.63165],[6.411993,49.63179],[6.4113026,49.63124],[6.4105053,49.63116],[6.4088345,49.630478],[6.407999,49.630558],[6.4064198,49.62893],[6.4049816,49.629326],[6.4031353,49.625305],[6.40341,49.62473],[6.402979,49.623318],[6.4022007,49.623543],[6.4023685,49.623875],[6.4006863,49.62465],[6.400976,49.624893],[6.3986225,49.625984],[6.3984776,49.6258],[6.397753,49.62587],[6.3985043,49.62673],[6.398161,49.626884],[6.3975506,49.626194],[6.395197,49.62743],[6.396921,49.62873],[6.396124,49.62939],[6.3974514,49.631115],[6.3909283,49.631344],[6.3910465,49.632744],[6.391321,49.63275],[6.390749,49.633743],[6.390997,49.633816],[6.3884373,49.6362],[6.3867207,49.638252],[6.3831425,49.637074],[6.3806667,49.6367],[6.3796406,49.63858],[6.3865833,49.64153],[6.385355,49.642643],[6.3823414,49.642235],[6.3785152,49.64219],[6.3782673,49.64324],[6.3737125,49.64745],[6.371191,49.64858],[6.368788,49.648846],[6.366232,49.649513],[6.365839,49.64982],[6.3652744,49.649403],[6.361368,49.648613],[6.3601856,49.648655],[6.3587704,49.648014],[6.3551464,49.647133],[6.3535748,49.647213],[6.352606,49.64753],[6.353445,49.643784],[6.352709,49.640743],[6.3531666,49.63556],[6.354864,49.632725],[6.3566113,49.633797],[6.3597546,49.635044],[6.360136,49.633713],[6.361887,49.6324],[6.360342,49.631573],[6.360365,49.6311],[6.362932,49.628654],[6.3655186,49.627842],[6.365984,49.62838],[6.36722,49.628445],[6.3673573,49.62899],[6.368246,49.62918],[6.3690243,49.62762],[6.3731174,49.626003],[6.3751736,49.6242],[6.380148,49.623253],[6.3869686,49.619843],[6.382883,49.618237],[6.381052,49.617825],[6.380625,49.61836],[6.3784885,49.618916],[6.378725,49.61929],[6.377939,49.619526],[6.377577,49.61925],[6.3769054,49.619793],[6.3741016,49.61908],[6.3720226,49.619286],[6.369425,49.618904],[6.36878,49.618263],[6.3678226,49.618332],[6.3677006,49.61781],[6.367243,49.617664],[6.36738,49.617275],[6.3661327,49.617317],[6.3655453,49.61555],[6.3667736,49.615314],[6.367285,49.614502],[6.368601,49.613895],[6.36957,49.61307],[6.3721066,49.61302],[6.3723354,49.612812],[6.372053,49.612072],[6.3733616,49.61142],[6.3745403,49.611214],[6.3758564,49.610302],[6.3779736,49.60996],[6.378847,49.610203],[6.379175,49.60971],[6.3801517,49.609447],[6.3790684,49.607952],[6.380369,49.607254],[6.3801746,49.60685],[6.3780766,49.606945],[6.3772717,49.606625],[6.376444,49.604416],[6.3770466,49.603333],[6.3792706,49.60417],[6.38196,49.604164],[6.3814793,49.60326],[6.3821545,49.602474],[6.382002,49.601677],[6.380476,49.60004],[6.37932,49.59949],[6.379633,49.599392],[6.3776875,49.59809],[6.3757114,49.59602],[6.376154,49.595886],[6.3736057,49.593098],[6.372118,49.592663],[6.372633,49.591724],[6.371916,49.59054],[6.3744318,49.5898162]]]},"properties":{"shapeName":"Wormeldange","shapeISO":"","shapeID":"21775719B83157525162975","shapeGroup":"LUX","shapeType":"ADM2"}},
{"type":"Feature","geometry":{"type":"Polygon","coordinates":[[[6.3655453,49.61555],[6.3661327,49.617317],[6.36738,49.617275],[6.367243,49.617664],[6.3677006,49.61781],[6.3678226,49.618332],[6.36878,49.618263],[6.369425,49.618904],[6.3720226,49.619286],[6.3741016,49.61908],[6.3769054,49.619793],[6.377577,49.61925],[6.377939,49.619526],[6.378725,49.61929],[6.3784885,49.618916],[6.380625,49.61836],[6.381052,49.617825],[6.382883,49.618237],[6.3869686,49.619843],[6.380148,49.623253],[6.3751736,49.6242],[6.3731174,49.626003],[6.3690243,49.62762],[6.368246,49.62918],[6.3673573,49.62899],[6.36722,49.628445],[6.365984,49.62838],[6.3655186,49.627842],[6.362932,49.628654],[6.360365,49.6311],[6.360342,49.631573],[6.361887,49.6324],[6.360136,49.633713],[6.3597546,49.635044],[6.3566113,49.633797],[6.354864,49.632725],[6.3531666,49.63556],[6.352709,49.640743],[6.353445,49.643784],[6.352606,49.64753],[6.3535748,49.647213],[6.3551464,49.647133],[6.3587704,49.648014],[6.3601856,49.648655],[6.361368,49.648613],[6.3652744,49.649403],[6.365839,49.64982],[6.366232,49.649513],[6.368788,49.648846],[6.371191,49.64858],[6.3737125,49.64745],[6.3782673,49.64324],[6.3785152,49.64219],[6.3823414,49.642235],[6.385355,49.642643],[6.3865833,49.64153],[6.3796406,49.63858],[6.3806667,49.6367],[6.3831425,49.637074],[6.3867207,49.638252],[6.3884373,49.6362],[6.390997,49.633816],[6.390749,49.633743],[6.391321,49.63275],[6.3910465,49.632744],[6.3909283,49.631344],[6.3974514,49.631115],[6.396124,49.62939],[6.396921,49.62873],[6.395197,49.62743],[6.3975506,49.626194],[6.398161,49.626884],[6.3985043,49.62673],[6.397753,49.62587],[6.3984776,49.6258],[6.3986225,49.625984],[6.400976,49.624893],[6.4006863,49.62465],[6.4023685,49.623875],[6.4022007,49.623543],[6.402979,49.623318],[6.40341,49.62473],[6.4031353,49.625305],[6.4049816,49.629326],[6.4064198,49.62893],[6.407999,49.630558],[6.4088345,49.630478],[6.4105053,49.63116],[6.4113026,49.63124],[6.411993,49.63179],[6.4122753,49.63165],[6.412676,49.6321],[6.4152355,49.632137],[6.4148884,49.633625],[6.415865,49.633694],[6.4169407,49.634537],[6.418783,49.636833],[6.419462,49.63662],[6.4200153,49.637238],[6.420603,49.63709],[6.4208965,49.63785],[6.422655,49.639458],[6.423109,49.641853],[6.4235554,49.642582],[6.422388,49.64315],[6.4206715,49.644993],[6.4166584,49.647976],[6.416128,49.648083],[6.4149914,49.64736],[6.413435,49.64798],[6.4127636,49.649845],[6.413637,49.649548],[6.415022,49.648453],[6.4162273,49.648663],[6.417944,49.64988],[6.4218464,49.65361],[6.4219,49.654297],[6.4213963,49.65453],[6.4194508,49.654057],[6.4126644,49.654305],[6.410742,49.65488],[6.4076214,49.657665],[6.4070377,49.657516],[6.4055767,49.655975],[6.4038486,49.655033],[6.4002476,49.654305],[6.3981876,49.6543],[6.3925114,49.65569],[6.3904057,49.65577],[6.388479,49.65622],[6.3851643,49.65651],[6.383463,49.65727],[6.3824444,49.65919],[6.3817005,49.65899],[6.3808804,49.65954],[6.3811283,49.6604],[6.3801365,49.661175],[6.38027,49.66199],[6.378992,49.662376],[6.37871,49.662266],[6.3778934,49.66301],[6.378645,49.663296],[6.3774815,49.66424],[6.3767223,49.664177],[6.374014,49.667015],[6.3714046,49.666225],[6.366476,49.6658],[6.360216,49.664658],[6.3647213,49.666706],[6.3595333,49.666702],[6.357382,49.667027],[6.3560658,49.66762],[6.355936,49.66852],[6.355467,49.66894],[6.3555546,49.67027],[6.3549786,49.67064],[6.354788,49.671947],[6.355879,49.67279],[6.356325,49.673748],[6.35581,49.673916],[6.3560047,49.674316],[6.356352,49.67424],[6.35763,49.67573],[6.3580914,49.677074],[6.3589687,49.678143],[6.358618,49.67838],[6.3569584,49.677498],[6.352438,49.67648],[6.3461475,49.675663],[6.3434277,49.67498],[6.3407383,49.673958],[6.339739,49.675316],[6.334955,49.674],[6.3328342,49.67311],[6.3275166,49.671444],[6.3239765,49.670715],[6.3213596,49.66978],[6.313734,49.66485],[6.324007,49.65898],[6.324194,49.64852],[6.322321,49.647766],[6.3216305,49.648487],[6.3190136,49.646587],[6.31851,49.64607],[6.318674,49.64556],[6.3181705,49.645584],[6.3178234,49.645985],[6.3174534,49.645294],[6.3154545,49.644173],[6.3084545,49.641045],[6.305937,49.63946],[6.304552,49.637722],[6.303175,49.636635],[6.303999,49.634705],[6.307474,49.63292],[6.3086033,49.63102],[6.3092403,49.62882],[6.3096867,49.628384],[6.312601,49.62782],[6.3200054,49.627563],[6.32382,49.626736],[6.327898,49.626926],[6.3299694,49.626736],[6.3281765,49.625126],[6.328657,49.624535],[6.3298244,49.624332],[6.3309116,49.624485],[6.332655,49.62356],[6.332876,49.623714],[6.3330555,49.62246],[6.334879,49.62247],[6.3353367,49.621807],[6.3377323,49.62203],[6.3378544,49.622574],[6.338854,49.62213],[6.3384876,49.619827],[6.3400364,49.619568],[6.3397045,49.618652],[6.340452,49.6175],[6.3399944,49.617413],[6.340357,49.61567],[6.3443737,49.616684],[6.3449116,49.61606],[6.3451138,49.614],[6.3456364,49.613937],[6.344824,49.611717],[6.3444195,49.611565],[6.344881,49.61094],[6.345804,49.61061],[6.345579,49.61046],[6.345854,49.61032],[6.344057,49.609394],[6.3439846,49.609],[6.344717,49.607803],[6.3460064,49.60715],[6.349039,49.609055],[6.3492336,49.609497],[6.348276,49.61071],[6.3481617,49.611763],[6.3495693,49.614147],[6.3523235,49.615887],[6.353853,49.61512],[6.355036,49.615025],[6.3562107,49.615078],[6.356783,49.61566],[6.3585987,49.616013],[6.3596325,49.615356],[6.3598385,49.615456],[6.3607235,49.61467],[6.3609943,49.614006],[6.360689,49.613235],[6.3625927,49.613815],[6.3645916,49.61578],[6.3655453,49.61555]]]},"properties":{"shapeName":"Flaxweiler","shapeISO":"","shapeID":"21775719B1631688346182","shapeGroup":"LUX","shapeType":"ADM2"}},
{"type":"Feature","geometry":{"type":"Polygon","coordinates":[[[6.4252567,49.663815],[6.4270741,49.6666684],[6.429393,49.6683492],[6.4316769,49.6705582],[6.4394077,49.6737857],[6.440088,49.674431],[6.4425687,49.6756141],[6.4461369,49.6780251],[6.448964,49.6805114],[6.4546255,49.6863107],[6.4576045,49.690682],[6.4609965,49.6923266],[6.4599514,49.693607],[6.4570065,49.692356],[6.4550533,49.693455],[6.4541364,49.6936138],[6.4519863,49.693535],[6.450861,49.69407],[6.449606,49.69391],[6.4471836,49.693108],[6.4460583,49.693558],[6.4448643,49.693394],[6.4447193,49.693752],[6.4444904,49.693604],[6.443056,49.694134],[6.440729,49.69545],[6.436964,49.697063],[6.432829,49.699406],[6.4327526,49.699844],[6.431505,49.69944],[6.4295177,49.69803],[6.42935,49.69749],[6.427576,49.69658],[6.427782,49.69593],[6.424124,49.693424],[6.4206257,49.69141],[6.4124355,49.68783],[6.4119015,49.687992],[6.412073,49.688984],[6.410158,49.689175],[6.4059124,49.690865],[6.4029484,49.68832],[6.403406,49.688145],[6.3992863,49.68351],[6.3983326,49.684013],[6.396818,49.681915],[6.3955975,49.681767],[6.386793,49.67903],[6.3821697,49.67842],[6.3790073,49.677715],[6.3776264,49.676876],[6.377878,49.676434],[6.374811,49.673653],[6.373907,49.672382],[6.37348,49.67109],[6.375246,49.670483],[6.3733883,49.668526],[6.3704624,49.667034],[6.367815,49.66775],[6.3647213,49.666706],[6.360216,49.664658],[6.366476,49.6658],[6.3714046,49.666225],[6.374014,49.667015],[6.3767223,49.664177],[6.3774815,49.66424],[6.378645,49.663296],[6.3778934,49.66301],[6.37871,49.662266],[6.378992,49.662376],[6.38027,49.66199],[6.3801365,49.661175],[6.3811283,49.6604],[6.3808804,49.65954],[6.3817005,49.65899],[6.3824444,49.65919],[6.383463,49.65727],[6.3851643,49.65651],[6.388479,49.65622],[6.3904057,49.65577],[6.3925114,49.65569],[6.3981876,49.6543],[6.4002476,49.654305],[6.4038486,49.655033],[6.4055767,49.655975],[6.4070377,49.657516],[6.4076214,49.657665],[6.410742,49.65488],[6.4126644,49.654305],[6.4194508,49.654057],[6.4213963,49.65453],[6.4219,49.654297],[6.4205,49.65928],[6.421568,49.662193],[6.4210377,49.663586],[6.421236,49.664032],[6.4252567,49.663815]]]},"properties":{"shapeName":"Grevenmacher","shapeISO":"","shapeID":"21775719B64014963506863","shapeGroup":"LUX","shapeType":"ADM2"}},
{"type":"Feature","geometry":{"type":"Polygon","coordinates":[[[6.303175,49.636635],[6.304552,49.637722],[6.305937,49.63946],[6.3084545,49.641045],[6.3154545,49.644173],[6.3174534,49.645294],[6.3178234,49.645985],[6.3181705,49.645584],[6.318674,49.64556],[6.31851,49.64607],[6.3190136,49.646587],[6.3216305,49.648487],[6.322321,49.647766],[6.324194,49.64852],[6.324007,49.65898],[6.313734,49.66485],[6.3213596,49.66978],[6.3239765,49.670715],[6.3275166,49.671444],[6.3328342,49.67311],[6.334955,49.674],[6.339739,49.675316],[6.3407383,49.673958],[6.3434277,49.67498],[6.3461475,49.675663],[6.352438,49.67648],[6.3569584,49.677498],[6.358618,49.67838],[6.3589687,49.678143],[6.3580914,49.677074],[6.35763,49.67573],[6.356352,49.67424],[6.3560047,49.674316],[6.35581,49.673916],[6.356325,49.673748],[6.355879,49.67279],[6.354788,49.671947],[6.3549786,49.67064],[6.3555546,49.67027],[6.355467,49.66894],[6.355936,49.66852],[6.3560658,49.66762],[6.357382,49.667027],[6.3595333,49.666702],[6.3647213,49.666706],[6.367815,49.66775],[6.3704624,49.667034],[6.3733883,49.668526],[6.375246,49.670483],[6.37348,49.67109],[6.373907,49.672382],[6.374811,49.673653],[6.377878,49.676434],[6.3776264,49.676876],[6.3770123,49.677998],[6.375578,49.679493],[6.373762,49.67998],[6.37364,49.680325],[6.373823,49.68121],[6.3743,49.681576],[6.374056,49.681778],[6.3744373,49.68189],[6.3741055,49.682],[6.374056,49.682865],[6.3743343,49.683807],[6.3749104,49.684166],[6.374628,49.68423],[6.3748074,49.68453],[6.375208,49.6846],[6.374956,49.684788],[6.375639,49.68689],[6.3768063,49.687855],[6.376215,49.688236],[6.3757763,49.687992],[6.3737507,49.69021],[6.36244,49.68521],[6.3606815,49.686874],[6.361162,49.68756],[6.3606167,49.686874],[6.3591595,49.6883],[6.359495,49.68846],[6.358122,49.68916],[6.3556004,49.688213],[6.3538837,49.68967],[6.356081,49.69068],[6.354208,49.69223],[6.353544,49.693176],[6.352873,49.695255],[6.353239,49.696037],[6.3527737,49.696808],[6.35306,49.6978],[6.3521175,49.700844],[6.3472233,49.70416],[6.3418865,49.704033],[6.3393345,49.70363],[6.3364506,49.70381],[6.334223,49.703243],[6.3320026,49.703182],[6.3306446,49.70265],[6.329561,49.70131],[6.3296413,49.700012],[6.329157,49.698875],[6.3284893,49.698658],[6.3274326,49.69888],[6.3260975,49.698753],[6.323225,49.69905],[6.32036,49.69881],[6.319086,49.698044],[6.31999,49.6939],[6.3141727,49.69348],[6.3119793,49.694298],[6.311079,49.696224],[6.310606,49.698284],[6.307844,49.701435],[6.3075733,49.703094],[6.30723,49.703102],[6.3075237,49.703506],[6.3024273,49.70363],[6.2993717,49.70401],[6.2989826,49.70136],[6.302107,49.695305],[6.3030148,49.694187],[6.300928,49.69209],[6.2978992,49.689777],[6.2982044,49.68812],[6.2995815,49.68808],[6.2984753,49.68675],[6.299776,49.686424],[6.298773,49.68434],[6.296129,49.684776],[6.2957973,49.683826],[6.296282,49.683914],[6.2972317,49.68359],[6.295542,49.683495],[6.295553,49.68252],[6.2944202,49.682377],[6.293379,49.68194],[6.2927265,49.68238],[6.2908993,49.68159],[6.2893734,49.68137],[6.2884693,49.680862],[6.285349,49.680264],[6.2853565,49.68011],[6.283575,49.67992],[6.2835407,49.67975],[6.282568,49.679733],[6.281416,49.679325],[6.2806187,49.6795],[6.280714,49.679344],[6.27989,49.679222],[6.279745,49.679478],[6.27936,49.678738],[6.277933,49.6779],[6.278452,49.67601],[6.2784595,49.673576],[6.278883,49.671684],[6.278635,49.669243],[6.277334,49.669014],[6.279764,49.66464],[6.2812977,49.664867],[6.2821712,49.664726],[6.2833652,49.665012],[6.284525,49.66463],[6.2864017,49.66478],[6.2856426,49.6634],[6.285486,49.65941],[6.28026,49.65872],[6.2811756,49.657135],[6.282053,49.65724],[6.2817326,49.653107],[6.2840443,49.65134],[6.2891827,49.649734],[6.289446,49.649002],[6.2890224,49.64884],[6.2896023,49.648197],[6.2885876,49.64792],[6.2895145,49.64728],[6.29006,49.647274],[6.2890873,49.646503],[6.2897625,49.645546],[6.2902126,49.644073],[6.2902966,49.640633],[6.2926693,49.638504],[6.293432,49.638695],[6.2939205,49.638046],[6.2954693,49.638294],[6.2955647,49.636356],[6.300688,49.63723],[6.3015423,49.637558],[6.3020306,49.636982],[6.302664,49.637287],[6.302603,49.63671],[6.303175,49.636635]]]},"properties":{"shapeName":"Betzdorf","shapeISO":"","shapeID":"21775719B53109211508057","shapeGroup":"LUX","shapeType":"ADM2"}},
{"type":"Feature","geometry":{"type":"Polygon","coordinates":[[[6.277933,49.6779],[6.27936,49.678738],[6.279745,49.679478],[6.27989,49.679222],[6.280714,49.679344],[6.2806187,49.6795],[6.281416,49.679325],[6.282568,49.679733],[6.2835407,49.67975],[6.283575,49.67992],[6.2853565,49.68011],[6.285349,49.680264],[6.2884693,49.680862],[6.2893734,49.68137],[6.2908993,49.68159],[6.2927265,49.68238],[6.293379,49.68194],[6.2944202,49.682377],[6.295553,49.68252],[6.295542,49.683495],[6.2972317,49.68359],[6.296282,49.683914],[6.2957973,49.683826],[6.296129,49.684776],[6.298773,49.68434],[6.299776,49.686424],[6.2984753,49.68675],[6.2995815,49.68808],[6.2982044,49.68812],[6.2978992,49.689777],[6.300928,49.69209],[6.3030148,49.694187],[6.302107,49.695305],[6.2989826,49.70136],[6.2993717,49.70401],[6.3024273,49.70363],[6.3075237,49.703506],[6.30723,49.703102],[6.3075733,49.703094],[6.312521,49.703213],[6.315527,49.703938],[6.3186855,49.705208],[6.319189,49.70578],[6.3200016,49.705875],[6.321272,49.70648],[6.321684,49.70692],[6.321459,49.707493],[6.3244076,49.708366],[6.3205853,49.712063],[6.323084,49.71266],[6.323225,49.7137],[6.322378,49.714054],[6.3202877,49.71661],[6.319998,49.71847],[6.318693,49.720528],[6.3182583,49.720943],[6.316263,49.720367],[6.3145046,49.722767],[6.316763,49.72258],[6.3185787,49.72371],[6.318075,49.724545],[6.3205357,49.72691],[6.3217525,49.727684],[6.3211308,49.72848],[6.3208065,49.731075],[6.323477,49.73114],[6.326441,49.731598],[6.3273144,49.73216],[6.3315563,49.73242],[6.3326664,49.73216],[6.33272,49.732445],[6.3328457,49.733063],[6.328882,49.73316],[6.328718,49.73496],[6.326803,49.734848],[6.326788,49.7351],[6.3220806,49.73504],[6.32205,49.73535],[6.3194294,49.735233],[6.316412,49.735493],[6.313158,49.734623],[6.309641,49.73409],[6.309244,49.73473],[6.3081455,49.73539],[6.3073254,49.735302],[6.307234,49.735783],[6.3048344,49.73554],[6.3046665,49.73602],[6.303442,49.735737],[6.3041363,49.737797],[6.303217,49.73776],[6.3032284,49.73724],[6.302088,49.737087],[6.299959,49.73629],[6.298418,49.738747],[6.296259,49.73831],[6.2955647,49.738853],[6.2906704,49.739574],[6.2911434,49.739902],[6.2884007,49.74074],[6.2882977,49.741226],[6.285467,49.74083],[6.282156,49.74257],[6.27656,49.743553],[6.27495,49.744316],[6.273184,49.74416],[6.2649326,49.74432],[6.2643375,49.74425],[6.2632046,49.744915],[6.2615604,49.745426],[6.255022,49.745064],[6.2508793,49.745102],[6.247553,49.74584],[6.2412434,49.746147],[6.235365,49.74732],[6.2306805,49.747543],[6.229067,49.748447],[6.2275867,49.74972],[6.2274,49.748653],[6.2259464,49.746845],[6.2262554,49.746456],[6.225794,49.745575],[6.2253017,49.742287],[6.223028,49.73932],[6.2225666,49.737534],[6.221422,49.735313],[6.220854,49.735348],[6.2201138,49.73385],[6.213949,49.72991],[6.2140293,49.72937],[6.2136135,49.728825],[6.2084255,49.727882],[6.205675,49.726498],[6.2062473,49.725403],[6.204199,49.72432],[6.204447,49.7238],[6.201948,49.723263],[6.2019253,49.722572],[6.203066,49.72102],[6.2017956,49.72086],[6.19882,49.71987],[6.1959476,49.7197],[6.1848927,49.71458],[6.186514,49.713528],[6.1868,49.712894],[6.187067,49.711056],[6.186796,49.70933],[6.1859264,49.708042],[6.18614,49.707207],[6.187231,49.706184],[6.1857357,49.70494],[6.184889,49.702335],[6.1837482,49.701546],[6.185255,49.699577],[6.184973,49.69876],[6.184561,49.698742],[6.1826572,49.697426],[6.181017,49.69719],[6.1790752,49.696167],[6.180441,49.69483],[6.1829243,49.693153],[6.18099,49.69177],[6.181139,49.690926],[6.179861,49.690025],[6.179079,49.690575],[6.1771526,49.689236],[6.1756954,49.689552],[6.173807,49.689438],[6.167017,49.686943],[6.169031,49.68595],[6.1732197,49.685535],[6.1749325,49.686687],[6.175684,49.68669],[6.1755924,49.68685],[6.1785526,49.686707],[6.1798687,49.686523],[6.1789646,49.684723],[6.1799526,49.684395],[6.1796856,49.683613],[6.180334,49.683662],[6.1810513,49.684376],[6.187765,49.684486],[6.190565,49.684235],[6.19372,49.68271],[6.1986027,49.684753],[6.19808,49.685673],[6.1966915,49.68637],[6.1962757,49.68791],[6.1981487,49.688274],[6.2043285,49.688114],[6.212015,49.68906],[6.2128734,49.6886888],[6.214008,49.687486],[6.2144794,49.686623],[6.214201,49.685722],[6.214723,49.6848958],[6.223345,49.685574],[6.222967,49.684525],[6.2238255,49.684387],[6.2235737,49.683514],[6.2242985,49.68343],[6.2250996,49.68484],[6.2260075,49.685192],[6.228304,49.68522],[6.2317524,49.68485],[6.234274,49.685238],[6.2354527,49.68372],[6.2374706,49.683384],[6.247408,49.685284],[6.248705,49.68576],[6.249445,49.684616],[6.252165,49.68469],[6.252783,49.685127],[6.25329,49.684868],[6.255537,49.685535],[6.2560444,49.685272],[6.256872,49.685608],[6.2575436,49.686287],[6.259985,49.684944],[6.2621784,49.684097],[6.2638645,49.68439],[6.263834,49.68412],[6.2644596,49.683838],[6.265955,49.682133],[6.2673893,49.68101],[6.2677784,49.677948],[6.2687054,49.676105],[6.2700253,49.677902],[6.2713413,49.677124],[6.272417,49.675053],[6.2743053,49.675583],[6.274103,49.676],[6.277933,49.6779]]]},"properties":{"shapeName":"Junglinster","shapeISO":"","shapeID":"21775719B11079590580609","shapeGroup":"LUX","shapeType":"ADM2"}},
{"type":"Feature","geometry":{"type":"Polygon","coordinates":[[[6.4059124,49.690865],[6.4040623,49.69155],[6.4092083,49.696342],[6.409052,49.69792],[6.4058857,49.700058],[6.4030247,49.701385],[6.402521,49.702057],[6.401228,49.70182],[6.4009,49.70241],[6.403326,49.703114],[6.404047,49.703907],[6.4044437,49.705322],[6.4055576,49.706028],[6.4044743,49.705666],[6.402891,49.703384],[6.4023533,49.70311],[6.4006405,49.703026],[6.3976345,49.703533],[6.397707,49.70393],[6.3972607,49.704144],[6.3968983,49.703728],[6.3972607,49.705364],[6.397043,49.706985],[6.3978863,49.707554],[6.3979244,49.70806],[6.3974934,49.708035],[6.394949,49.706642],[6.3937054,49.70657],[6.3912106,49.70806],[6.3908176,49.708736],[6.389822,49.708637],[6.388727,49.709396],[6.3879604,49.709507],[6.388357,49.711372],[6.3892536,49.713154],[6.388914,49.71378],[6.388994,49.71537],[6.3870373,49.714977],[6.386423,49.71506],[6.386503,49.716885],[6.3855915,49.717083],[6.385515,49.71823],[6.3850956,49.718784],[6.3833904,49.718975],[6.383024,49.71861],[6.383173,49.71785],[6.382765,49.717567],[6.382063,49.71601],[6.38027,49.716488],[6.3799496,49.716084],[6.377516,49.71687],[6.3776417,49.71711],[6.376566,49.71712],[6.3717747,49.71669],[6.3704624,49.715805],[6.369425,49.715504],[6.368555,49.716274],[6.368723,49.716457],[6.3678036,49.717693],[6.367773,49.720303],[6.3668423,49.72059],[6.3643093,49.71904],[6.364126,49.719257],[6.362959,49.71887],[6.3622417,49.719154],[6.362108,49.7194],[6.3635883,49.7203],[6.3643246,49.72237],[6.3657894,49.72402],[6.365179,49.725853],[6.363329,49.726303],[6.3629246,49.72731],[6.363077,49.727768],[6.363741,49.72877],[6.36532,49.729984],[6.369074,49.730858],[6.368452,49.7331],[6.367651,49.73424],[6.368124,49.73426],[6.3665295,49.734795],[6.364397,49.735058],[6.362234,49.735157],[6.357191,49.73478],[6.3550396,49.735065],[6.353979,49.73714],[6.353285,49.737694],[6.3526134,49.737545],[6.351988,49.736965],[6.351244,49.738167],[6.349695,49.737076],[6.3474674,49.73662],[6.3475666,49.736324],[6.3461857,49.735996],[6.344965,49.735382],[6.3461246,49.733875],[6.348238,49.732014],[6.3469105,49.731388],[6.3466663,49.731514],[6.345663,49.73067],[6.344797,49.730415],[6.344145,49.731113],[6.343954,49.731937],[6.342806,49.731636],[6.3411846,49.73161],[6.342119,49.731182],[6.3395176,49.731506],[6.339388,49.731747],[6.3362637,49.731777],[6.33272,49.732445],[6.3326664,49.73216],[6.3315563,49.73242],[6.3273144,49.73216],[6.326441,49.731598],[6.323477,49.73114],[6.3208065,49.731075],[6.3211308,49.72848],[6.3217525,49.727684],[6.3205357,49.72691],[6.318075,49.724545],[6.3185787,49.72371],[6.316763,49.72258],[6.3145046,49.722767],[6.316263,49.720367],[6.3182583,49.720943],[6.318693,49.720528],[6.319998,49.71847],[6.3202877,49.71661],[6.322378,49.714054],[6.323225,49.7137],[6.323084,49.71266],[6.3205853,49.712063],[6.3244076,49.708366],[6.321459,49.707493],[6.321684,49.70692],[6.321272,49.70648],[6.3200016,49.705875],[6.319189,49.70578],[6.3186855,49.705208],[6.315527,49.703938],[6.312521,49.703213],[6.3075733,49.703094],[6.307844,49.701435],[6.310606,49.698284],[6.311079,49.696224],[6.3119793,49.694298],[6.3141727,49.69348],[6.31999,49.6939],[6.319086,49.698044],[6.32036,49.69881],[6.323225,49.69905],[6.3260975,49.698753],[6.3274326,49.69888],[6.3284893,49.698658],[6.329157,49.698875],[6.3296413,49.700012],[6.329561,49.70131],[6.3306446,49.70265],[6.3320026,49.703182],[6.334223,49.703243],[6.3364506,49.70381],[6.3393345,49.70363],[6.3418865,49.704033],[6.3472233,49.70416],[6.3521175,49.700844],[6.35306,49.6978],[6.3527737,49.696808],[6.353239,49.696037],[6.352873,49.695255],[6.353544,49.693176],[6.354208,49.69223],[6.356081,49.69068],[6.3538837,49.68967],[6.3556004,49.688213],[6.358122,49.68916],[6.359495,49.68846],[6.3591595,49.6883],[6.3606167,49.686874],[6.361162,49.68756],[6.3606815,49.686874],[6.36244,49.68521],[6.3737507,49.69021],[6.3757763,49.687992],[6.376215,49.688236],[6.3768063,49.687855],[6.375639,49.68689],[6.374956,49.684788],[6.375208,49.6846],[6.3748074,49.68453],[6.374628,49.68423],[6.3749104,49.684166],[6.3743343,49.683807],[6.374056,49.682865],[6.3741055,49.682],[6.3744373,49.68189],[6.374056,49.681778],[6.3743,49.681576],[6.373823,49.68121],[6.37364,49.680325],[6.373762,49.67998],[6.375578,49.679493],[6.3770123,49.677998],[6.3776264,49.676876],[6.3790073,49.677715],[6.3821697,49.67842],[6.386793,49.67903],[6.3955975,49.681767],[6.396818,49.681915],[6.3983326,49.684013],[6.3992863,49.68351],[6.403406,49.688145],[6.4029484,49.68832],[6.4059124,49.690865]]]},"properties":{"shapeName":"Biwer","shapeISO":"","shapeID":"21775719B11115917944889","shapeGroup":"LUX","shapeType":"ADM2"}},
{"type":"Feature","geometry":{"type":"Polygon","coordinates":[[[6.4541364,49.6936138],[6.454851,49.694286],[6.4567432,49.69382],[6.4542065,49.696995],[6.4540844,49.698196],[6.4531155,49.698647],[6.452791,49.698444],[6.451662,49.699066],[6.451277,49.70013],[6.4505787,49.700813],[6.4503155,49.702065],[6.449671,49.702534],[6.4533253,49.70643],[6.453562,49.7075],[6.452509,49.70828],[6.4503727,49.709103],[6.447645,49.71063],[6.4463406,49.71078],[6.4455776,49.7116],[6.444807,49.711945],[6.445242,49.712364],[6.445261,49.713493],[6.447798,49.713432],[6.4491405,49.713623],[6.451788,49.713356],[6.4532604,49.71278],[6.4547405,49.711967],[6.455637,49.71062],[6.4568233,49.710995],[6.4580593,49.71204],[6.4555683,49.712246],[6.4547443,49.712875],[6.453829,49.715343],[6.4543934,49.716698],[6.4540997,49.71697],[6.4529095,49.71713],[6.4528065,49.717346],[6.453394,49.717422],[6.4530354,49.71755],[6.45368,49.718857],[6.457346,49.721584],[6.4566555,49.721992],[6.45545,49.721046],[6.454344,49.72096],[6.45339,49.72166],[6.452696,49.72308],[6.453287,49.723484],[6.4530964,49.72442],[6.4535847,49.725502],[6.454397,49.72537],[6.4538326,49.72696],[6.453932,49.728912],[6.4546223,49.729443],[6.4560986,49.72965],[6.4575634,49.730427],[6.456785,49.732372],[6.4572353,49.733265],[6.458128,49.733845],[6.461115,49.734142],[6.4613743,49.734825],[6.460581,49.73596],[6.4609776,49.735992],[6.460905,49.737034],[6.461725,49.73871],[6.4613895,49.739567],[6.4612637,49.739723],[6.460417,49.739536],[6.4601154,49.740536],[6.459715,49.740532],[6.4594326,49.741127],[6.459074,49.74079],[6.457514,49.741486],[6.455969,49.74158],[6.454962,49.74189],[6.451231,49.74143],[6.4471493,49.742455],[6.4453335,49.741528],[6.4433193,49.737404],[6.4379215,49.734577],[6.435667,49.732426],[6.4345455,49.733227],[6.432333,49.733963],[6.431547,49.733055],[6.4293537,49.73174],[6.4279194,49.731277],[6.42737,49.73182],[6.4249096,49.73309],[6.419935,49.733463],[6.4193172,49.73665],[6.4178333,49.737015],[6.415121,49.737263],[6.4149303,49.738297],[6.4138546,49.738926],[6.413168,49.739174],[6.4086895,49.738544],[6.4078617,49.73933],[6.4082623,49.74012],[6.408079,49.740845],[6.4053516,49.741623],[6.4047794,49.74229],[6.409548,49.744434],[6.397093,49.748337],[6.397497,49.74863],[6.3971043,49.748825],[6.397444,49.749035],[6.3942204,49.75043],[6.396162,49.753223],[6.3930607,49.75411],[6.392351,49.753525],[6.391897,49.75364],[6.3913097,49.75407],[6.391447,49.754654],[6.391157,49.754887],[6.390486,49.75482],[6.3882275,49.755363],[6.388006,49.75558],[6.3865833,49.755653],[6.3832264,49.75197],[6.3812504,49.751465],[6.3780613,49.75137],[6.377783,49.750553],[6.377367,49.75052],[6.377035,49.74972],[6.377096,49.74794],[6.3753223,49.74529],[6.3758564,49.744877],[6.3755207,49.7443],[6.3778477,49.74394],[6.37652,49.741295],[6.377367,49.740734],[6.3793125,49.740578],[6.379774,49.738667],[6.379587,49.73701],[6.381338,49.736637],[6.3806553,49.735714],[6.376646,49.735325],[6.3707943,49.73437],[6.368124,49.73426],[6.367651,49.73424],[6.368452,49.7331],[6.369074,49.730858],[6.36532,49.729984],[6.363741,49.72877],[6.363077,49.727768],[6.3629246,49.72731],[6.363329,49.726303],[6.365179,49.725853],[6.3657894,49.72402],[6.3643246,49.72237],[6.3635883,49.7203],[6.362108,49.7194],[6.3622417,49.719154],[6.362959,49.71887],[6.364126,49.719257],[6.3643093,49.71904],[6.3668423,49.72059],[6.367773,49.720303],[6.3678036,49.717693],[6.368723,49.716457],[6.368555,49.716274],[6.369425,49.715504],[6.3704624,49.715805],[6.3717747,49.71669],[6.376566,49.71712],[6.3776417,49.71711],[6.377516,49.71687],[6.3799496,49.716084],[6.38027,49.716488],[6.382063,49.71601],[6.382765,49.717567],[6.383173,49.71785],[6.383024,49.71861],[6.3833904,49.718975],[6.3850956,49.718784],[6.385515,49.71823],[6.3855915,49.717083],[6.386503,49.716885],[6.386423,49.71506],[6.3870373,49.714977],[6.388994,49.71537],[6.388914,49.71378],[6.3892536,49.713154],[6.388357,49.711372],[6.3879604,49.709507],[6.388727,49.709396],[6.389822,49.708637],[6.3908176,49.708736],[6.3912106,49.70806],[6.3937054,49.70657],[6.394949,49.706642],[6.3974934,49.708035],[6.3979244,49.70806],[6.3978863,49.707554],[6.397043,49.706985],[6.3972607,49.705364],[6.3968983,49.703728],[6.3972607,49.704144],[6.397707,49.70393],[6.3976345,49.703533],[6.4006405,49.703026],[6.4023533,49.70311],[6.402891,49.703384],[6.4044743,49.705666],[6.4055576,49.706028],[6.4044437,49.705322],[6.404047,49.703907],[6.403326,49.703114],[6.4009,49.70241],[6.401228,49.70182],[6.402521,49.702057],[6.4030247,49.701385],[6.4058857,49.700058],[6.409052,49.69792],[6.4092083,49.696342],[6.4040623,49.69155],[6.4059124,49.690865],[6.410158,49.689175],[6.412073,49.688984],[6.4119015,49.687992],[6.4124355,49.68783],[6.4206257,49.69141],[6.424124,49.693424],[6.427782,49.69593],[6.427576,49.69658],[6.42935,49.69749],[6.4295177,49.69803],[6.431505,49.69944],[6.4327526,49.699844],[6.432829,49.699406],[6.436964,49.697063],[6.440729,49.69545],[6.443056,49.694134],[6.4444904,49.693604],[6.4447193,49.693752],[6.4448643,49.693394],[6.4460583,49.693558],[6.4471836,49.693108],[6.449606,49.69391],[6.450861,49.69407],[6.4519863,49.693535],[6.4541364,49.6936138]]]},"properties":{"shapeName":"Manternach","shapeISO":"","shapeID":"21775719B25575460417877","shapeGroup":"LUX","shapeType":"ADM2"}},
{"type":"Feature","geometry":{"type":"Polygon","coordinates":[[[6.4609965,49.6923266],[6.4619243,49.6926265],[6.4693256,49.6936418],[6.4750506,49.69585830000001],[6.4796848,49.6972523],[6.4818974,49.6986637],[6.4858074,49.7022228],[6.4903545,49.7055454],[6.4929981,49.707983],[6.4981174,49.7115765],[6.5001087,49.7125835],[6.501833,49.7130947],[6.5039768,49.7135563],[6.5062656,49.7135029],[6.5064144,49.71525],[6.506094,49.7163143],[6.5006886,49.7194538],[6.4954548,49.7232761],[6.4946957,49.7245693],[6.494791,49.725214],[6.4954777,49.7260838],[6.4974842,49.7268543],[6.5006657,49.727087],[6.5028057,49.72691540000001],[6.5056667,49.7258434],[6.5109539,49.7212696],[6.5144634,49.7215481],[6.5165195,49.7227917],[6.517149,49.7234707],[6.5166187,49.7244434],[6.5110378,49.727129],[6.5080662,49.72801780000001],[6.5063686,49.72879980000001],[6.5026684,49.7313519],[6.5018253,49.73229030000001],[6.5016041,49.73315620000001],[6.5009747,49.73299],[6.5000553,49.733315],[6.499399,49.733135],[6.499426,49.733303],[6.4927807,49.734184],[6.491663,49.734787],[6.4910946,49.735447],[6.488455,49.73634],[6.484617,49.736435],[6.482256,49.736073],[6.480299,49.737423],[6.4783306,49.738167],[6.477442,49.739437],[6.4772243,49.740913],[6.4757442,49.742554],[6.4743977,49.7417],[6.4718227,49.740925],[6.4704723,49.742622],[6.4650173,49.740604],[6.4613895,49.739567],[6.461725,49.73871],[6.460905,49.737034],[6.4609776,49.735992],[6.460581,49.73596],[6.4613743,49.734825],[6.461115,49.734142],[6.458128,49.733845],[6.4572353,49.733265],[6.456785,49.732372],[6.4575634,49.730427],[6.4560986,49.72965],[6.4546223,49.729443],[6.453932,49.728912],[6.4538326,49.72696],[6.454397,49.72537],[6.4535847,49.725502],[6.4530964,49.72442],[6.453287,49.723484],[6.452696,49.72308],[6.45339,49.72166],[6.454344,49.72096],[6.45545,49.721046],[6.4566555,49.721992],[6.457346,49.721584],[6.45368,49.718857],[6.4530354,49.71755],[6.453394,49.717422],[6.4528065,49.717346],[6.4529095,49.71713],[6.4540997,49.71697],[6.4543934,49.716698],[6.453829,49.715343],[6.4547443,49.712875],[6.4555683,49.712246],[6.4580593,49.71204],[6.4568233,49.710995],[6.455637,49.71062],[6.4547405,49.711967],[6.4532604,49.71278],[6.451788,49.713356],[6.4491405,49.713623],[6.447798,49.713432],[6.445261,49.713493],[6.445242,49.712364],[6.444807,49.711945],[6.4455776,49.7116],[6.4463406,49.71078],[6.447645,49.71063],[6.4503727,49.709103],[6.452509,49.70828],[6.453562,49.7075],[6.4533253,49.70643],[6.449671,49.702534],[6.4503155,49.702065],[6.4505787,49.700813],[6.451277,49.70013],[6.451662,49.699066],[6.452791,49.698444],[6.4531155,49.698647],[6.4540844,49.698196],[6.4542065,49.696995],[6.4567432,49.69382],[6.454851,49.694286],[6.4541364,49.6936138],[6.4550533,49.693455],[6.4570065,49.692356],[6.4599514,49.693607],[6.4609965,49.6923266]]]},"properties":{"shapeName":"Mertert","shapeISO":"","shapeID":"21775719B42588500248730","shapeGroup":"LUX","shapeType":"ADM2"}},
{"type":"Feature","geometry":{"type":"Polygon","coordinates":[[[6.324812,49.82211],[6.324991,49.822407],[6.3257084,49.822437],[6.3269825,49.823505],[6.327139,49.824787],[6.327696,49.82539],[6.3274136,49.825977],[6.3279667,49.826405],[6.329214,49.826717],[6.329157,49.82722],[6.3300724,49.828083],[6.330168,49.82867],[6.329611,49.829727],[6.3306293,49.83218],[6.3297825,49.83333],[6.330168,49.834503],[6.3297939,49.8360462],[6.3276157,49.8358936],[6.3260784,49.836237],[6.3214245,49.8384533],[6.3200283,49.8398762],[6.3195591,49.843214],[6.3200932,49.8450756],[6.3215618,49.8469372],[6.3225498,49.8515148],[6.3212605,49.8530178],[6.3174953,49.8553905],[6.3141346,49.8598843],[6.3074512,49.857254],[6.3097553,49.85392],[6.309664,49.852566],[6.310446,49.85011],[6.310396,49.847797],[6.306734,49.847504],[6.3050785,49.84629],[6.302698,49.84681],[6.299803,49.84829],[6.2982006,49.848545],[6.2969494,49.848473],[6.2938137,49.84754],[6.289526,49.847713],[6.286619,49.847084],[6.2823929,49.84744139999999],[6.2695446,49.84918],[6.268675,49.848537],[6.2668056,49.847477],[6.2670193,49.847313],[6.262781,49.84503],[6.266321,49.841824],[6.268423,49.841232],[6.271456,49.841087],[6.254675,49.830135],[6.2556934,49.823486],[6.2657795,49.821136],[6.2697544,49.821053],[6.2704296,49.821274],[6.2721233,49.82185],[6.2731724,49.822636],[6.274523,49.823112],[6.274931,49.822983],[6.277586,49.82345],[6.2792416,49.823326],[6.2836323,49.82445],[6.2853107,49.82429],[6.287081,49.82461],[6.2955112,49.824284],[6.2963886,49.8236],[6.2958317,49.823273],[6.2957706,49.82273],[6.296545,49.822517],[6.2969227,49.822124],[6.297968,49.822212],[6.2982388,49.822025],[6.29904,49.822357],[6.301199,49.82258],[6.302763,49.82317],[6.308256,49.823967],[6.310236,49.82302],[6.3119106,49.82298],[6.3141766,49.82256],[6.3165264,49.821384],[6.317114,49.821316],[6.317869,49.820717],[6.319685,49.82067],[6.32036,49.82036],[6.323824,49.821312],[6.323908,49.82156],[6.3247356,49.821762],[6.324812,49.82211]]]},"properties":{"shapeName":"Beaufort","shapeISO":"","shapeID":"21775719B81576122836326","shapeGroup":"LUX","shapeType":"ADM2"}},
{"type":"Feature","geometry":{"type":"Polygon","coordinates":[[[6.3784313,49.76871],[6.3759556,49.76892],[6.375391,49.76964],[6.3749256,49.770313],[6.376528,49.771244],[6.3761578,49.77165],[6.3834934,49.774963],[6.387331,49.775444],[6.3911076,49.776264],[6.3900967,49.77785],[6.3872013,49.77747],[6.383978,49.777885],[6.384516,49.779438],[6.384741,49.782055],[6.383478,49.785027],[6.384081,49.788418],[6.3841457,49.79122],[6.386408,49.796112],[6.3837376,49.79606],[6.3836117,49.796837],[6.383238,49.79666],[6.3812275,49.79673],[6.379057,49.79745],[6.3779697,49.797386],[6.3765583,49.79775],[6.3760967,49.797077],[6.3754787,49.797466],[6.3746014,49.797283],[6.373274,49.79751],[6.371256,49.79696],[6.370363,49.79632],[6.370329,49.795986],[6.368597,49.79619],[6.366457,49.795578],[6.36569,49.7951],[6.3628216,49.795135],[6.3627453,49.796158],[6.360811,49.797985],[6.3584995,49.798534],[6.3577747,49.79894],[6.3572483,49.798756],[6.355734,49.799007],[6.354704,49.799538],[6.3546886,49.8004],[6.354067,49.801266],[6.3522243,49.801144],[6.350752,49.799885],[6.349737,49.79985],[6.3494396,49.79838],[6.3487988,49.798122],[6.347639,49.79892],[6.3474674,49.798565],[6.346037,49.799553],[6.345129,49.799137],[6.344816,49.79995],[6.3424816,49.7994],[6.3406544,49.79848],[6.3377666,49.797493],[6.331625,49.79777],[6.329897,49.798035],[6.328844,49.79787],[6.323492,49.796135],[6.3194523,49.7941],[6.316019,49.79193],[6.3133523,49.7914404],[6.312357,49.79135],[6.312895,49.791046],[6.31304,49.790577],[6.3134975,49.790604],[6.3144207,49.790104],[6.314169,49.789932],[6.3115864,49.79012],[6.3096104,49.789978],[6.306429,49.788845],[6.305456,49.788727],[6.302595,49.787567],[6.301752,49.78758],[6.3006954,49.787075],[6.3001842,49.786217],[6.299326,49.785786],[6.299368,49.78517],[6.2985554,49.783546],[6.2985096,49.782207],[6.29714,49.781002],[6.29685,49.779808],[6.293913,49.778145],[6.292223,49.77796],[6.2922077,49.775837],[6.2912884,49.77507],[6.2900715,49.77481],[6.289999,49.774517],[6.289259,49.774494],[6.287016,49.773716],[6.2847195,49.77345],[6.2847233,49.770752],[6.2842236,49.769962],[6.284483,49.769554],[6.2837276,49.7682],[6.2839947,49.76696],[6.2835827,49.76646],[6.2818165,49.7657],[6.281603,49.765118],[6.2810497,49.764793],[6.2810383,49.763943],[6.2802334,49.763065],[6.279024,49.76254],[6.277403,49.76092],[6.2771854,49.76006],[6.275633,49.758217],[6.2724094,49.757416],[6.272478,49.755634],[6.271452,49.75467],[6.2718983,49.752995],[6.2694645,49.750526],[6.266062,49.748127],[6.2655163,49.74727],[6.2656612,49.746674],[6.2656,49.745705],[6.270479,49.747856],[6.2807636,49.75311],[6.2847843,49.749355],[6.287401,49.750305],[6.2876377,49.75009],[6.2876797,49.751022],[6.288519,49.75216],[6.2992573,49.756042],[6.3000126,49.75636],[6.2999973,49.75677],[6.3008556,49.756786],[6.3009243,49.75715],[6.305662,49.757637],[6.305689,49.757416],[6.3062763,49.757412],[6.310335,49.75775],[6.313448,49.75834],[6.316515,49.759224],[6.315588,49.760353],[6.315008,49.760143],[6.3138256,49.761375],[6.315897,49.762047],[6.316057,49.7624],[6.3175983,49.763165],[6.3201427,49.76529],[6.321707,49.766155],[6.323427,49.766415],[6.323229,49.76403],[6.322916,49.763515],[6.3253193,49.763954],[6.3249683,49.764317],[6.3251934,49.764866],[6.326475,49.76568],[6.33,49.76649],[6.330187,49.765053],[6.3382015,49.764393],[6.341444,49.76277],[6.3477917,49.760155],[6.3552914,49.76291],[6.3584957,49.763805],[6.363058,49.76437],[6.365713,49.765076],[6.3648205,49.76575],[6.3657436,49.768806],[6.3652782,49.770363],[6.367834,49.76881],[6.369543,49.76838],[6.3704395,49.767834],[6.372175,49.768547],[6.3740788,49.765244],[6.3755436,49.76343],[6.3774967,49.76428],[6.379526,49.76174],[6.3818645,49.762604],[6.378927,49.766403],[6.3784313,49.76871]]]},"properties":{"shapeName":"Consdorf","shapeISO":"","shapeID":"21775719B13974225377637","shapeGroup":"LUX","shapeType":"ADM2"}},
{"type":"Feature","geometry":{"type":"Polygon","coordinates":[[[6.33272,49.732445],[6.3362637,49.731777],[6.339388,49.731747],[6.3395176,49.731506],[6.342119,49.731182],[6.3411846,49.73161],[6.342806,49.731636],[6.343954,49.731937],[6.344145,49.731113],[6.344797,49.730415],[6.345663,49.73067],[6.3466663,49.731514],[6.3469105,49.731388],[6.348238,49.732014],[6.3461246,49.733875],[6.344965,49.735382],[6.3461857,49.735996],[6.3475666,49.736324],[6.3474674,49.73662],[6.349695,49.737076],[6.351244,49.738167],[6.351988,49.736965],[6.3526134,49.737545],[6.353285,49.737694],[6.353979,49.73714],[6.3550396,49.735065],[6.357191,49.73478],[6.362234,49.735157],[6.364397,49.735058],[6.3665295,49.734795],[6.368124,49.73426],[6.3707943,49.73437],[6.376646,49.735325],[6.3806553,49.735714],[6.381338,49.736637],[6.379587,49.73701],[6.379774,49.738667],[6.3793125,49.740578],[6.377367,49.740734],[6.37652,49.741295],[6.3778477,49.74394],[6.3755207,49.7443],[6.3758564,49.744877],[6.3753223,49.74529],[6.377096,49.74794],[6.377035,49.74972],[6.377367,49.75052],[6.377783,49.750553],[6.3780613,49.75137],[6.3812504,49.751465],[6.3832264,49.75197],[6.3865833,49.755653],[6.388006,49.75558],[6.3882275,49.755363],[6.390486,49.75482],[6.391157,49.754887],[6.391447,49.754654],[6.3938656,49.755905],[6.3946514,49.75676],[6.397417,49.758434],[6.3988323,49.760365],[6.400568,49.76366],[6.400854,49.766644],[6.399275,49.77015],[6.397501,49.772526],[6.3971653,49.77377],[6.3965664,49.77423],[6.3943577,49.774178],[6.386881,49.77295],[6.38344,49.771694],[6.3784313,49.76871],[6.378927,49.766403],[6.3818645,49.762604],[6.379526,49.76174],[6.3774967,49.76428],[6.3755436,49.76343],[6.3740788,49.765244],[6.372175,49.768547],[6.3704395,49.767834],[6.369543,49.76838],[6.367834,49.76881],[6.3652782,49.770363],[6.3657436,49.768806],[6.3648205,49.76575],[6.365713,49.765076],[6.363058,49.76437],[6.3584957,49.763805],[6.3552914,49.76291],[6.3477917,49.760155],[6.341444,49.76277],[6.3382015,49.764393],[6.330187,49.765053],[6.33,49.76649],[6.326475,49.76568],[6.3251934,49.764866],[6.3249683,49.764317],[6.3253193,49.763954],[6.322916,49.763515],[6.323229,49.76403],[6.323427,49.766415],[6.321707,49.766155],[6.3201427,49.76529],[6.3175983,49.763165],[6.316057,49.7624],[6.315897,49.762047],[6.3138256,49.761375],[6.315008,49.760143],[6.315588,49.760353],[6.316515,49.759224],[6.313448,49.75834],[6.310335,49.75775],[6.3062763,49.757412],[6.305689,49.757416],[6.305662,49.757637],[6.3009243,49.75715],[6.3008556,49.756786],[6.2999973,49.75677],[6.3000126,49.75636],[6.2992573,49.756042],[6.288519,49.75216],[6.2876797,49.751022],[6.2876377,49.75009],[6.287401,49.750305],[6.2847843,49.749355],[6.2807636,49.75311],[6.270479,49.747856],[6.2656,49.745705],[6.2656612,49.746674],[6.2651196,49.746544],[6.2647724,49.745476],[6.265257,49.744774],[6.2649326,49.74432],[6.273184,49.74416],[6.27495,49.744316],[6.27656,49.743553],[6.282156,49.74257],[6.285467,49.74083],[6.2882977,49.741226],[6.2884007,49.74074],[6.2911434,49.739902],[6.2906704,49.739574],[6.2955647,49.738853],[6.296259,49.73831],[6.298418,49.738747],[6.299959,49.73629],[6.302088,49.737087],[6.3032284,49.73724],[6.303217,49.73776],[6.3041363,49.737797],[6.303442,49.735737],[6.3046665,49.73602],[6.3048344,49.73554],[6.307234,49.735783],[6.3073254,49.735302],[6.3081455,49.73539],[6.309244,49.73473],[6.309641,49.73409],[6.313158,49.734623],[6.316412,49.735493],[6.3194294,49.735233],[6.32205,49.73535],[6.3220806,49.73504],[6.326788,49.7351],[6.326803,49.734848],[6.328718,49.73496],[6.328882,49.73316],[6.3328457,49.733063],[6.33272,49.732445]]]},"properties":{"shapeName":"Bech","shapeISO":"","shapeID":"21775719B93557714674033","shapeGroup":"LUX","shapeType":"ADM2"}},
{"type":"Feature","geometry":{"type":"Polygon","coordinates":[[[6.324812,49.82211],[6.324938,49.821697],[6.3242054,49.820843],[6.324541,49.82012],[6.324381,49.819866],[6.32382,49.819775],[6.3249645,49.81855],[6.324152,49.816944],[6.324625,49.81649],[6.323778,49.81572],[6.3242893,49.815346],[6.323942,49.8145],[6.324068,49.813354],[6.3228817,49.811794],[6.3235226,49.811447],[6.3234653,49.811058],[6.3223133,49.810673],[6.3202686,49.80926],[6.3208027,49.808956],[6.3207607,49.80814],[6.3188305,49.80743],[6.3188,49.806995],[6.317362,49.806076],[6.3175907,49.80527],[6.315943,49.8046],[6.31637,49.803482],[6.3153477,49.801952],[6.3153744,49.80127],[6.315172,49.80113],[6.314646,49.801376],[6.3133183,49.79893],[6.312166,49.798008],[6.3124485,49.796864],[6.3115177,49.79635],[6.311346,49.795063],[6.3119984,49.7943],[6.311735,49.793713],[6.312479,49.793716],[6.3124027,49.792496],[6.3133523,49.7914404],[6.316019,49.79193],[6.3194523,49.7941],[6.323492,49.796135],[6.328844,49.79787],[6.329897,49.798035],[6.331625,49.79777],[6.3377666,49.797493],[6.3406544,49.79848],[6.3424816,49.7994],[6.344816,49.79995],[6.345129,49.799137],[6.346037,49.799553],[6.3474674,49.798565],[6.347639,49.79892],[6.3487988,49.798122],[6.3494396,49.79838],[6.349737,49.79985],[6.350752,49.799885],[6.3522243,49.801144],[6.354067,49.801266],[6.3546886,49.8004],[6.354704,49.799538],[6.355734,49.799007],[6.3572483,49.798756],[6.3577747,49.79894],[6.3584995,49.798534],[6.360811,49.797985],[6.3627453,49.796158],[6.3628216,49.795135],[6.36569,49.7951],[6.366457,49.795578],[6.3673573,49.797844],[6.3689747,49.799496],[6.3689365,49.80001],[6.370287,49.802395],[6.3760357,49.808025],[6.3796673,49.809975],[6.3881702,49.8134],[6.3886127,49.81304],[6.3893604,49.81299],[6.3895855,49.814747],[6.389139,49.81732],[6.387598,49.821156],[6.387926,49.822],[6.387747,49.822735],[6.3854275,49.82502],[6.384058,49.82737],[6.383135,49.828243],[6.3813763,49.82897],[6.380453,49.83038],[6.3845043,49.8326435],[6.3822689,49.8355236],[6.3789616,49.83766749999999],[6.3767376,49.8400974],[6.3725834,49.8422489],[6.3709545,49.84448049999999],[6.3664112,49.8495235],[6.3646145,49.8504925],[6.3636379,49.8507404],[6.3499699,49.8503971],[6.3434811,49.8492489],[6.3410778,49.8484936],[6.3398724,49.8474407],[6.3383389,49.841116],[6.3374157,49.8395329],[6.3349247,49.8376827],[6.3297939,49.8360462],[6.330168,49.834503],[6.3297825,49.83333],[6.3306293,49.83218],[6.329611,49.829727],[6.330168,49.82867],[6.3300724,49.828083],[6.329157,49.82722],[6.329214,49.826717],[6.3279667,49.826405],[6.3274136,49.825977],[6.327696,49.82539],[6.327139,49.824787],[6.3269825,49.823505],[6.3257084,49.822437],[6.324991,49.822407],[6.324812,49.82211]]]},"properties":{"shapeName":"Berdorf","shapeISO":"","shapeID":"21775719B77656539141274","shapeGroup":"LUX","shapeType":"ADM2"}},
{"type":"Feature","geometry":{"type":"Polygon","coordinates":[[[6.3141346,49.8598843],[6.3134098,49.862112],[6.3143101,49.8648891],[6.3140125,49.8662205],[6.312933,49.868063],[6.3106213,49.8698025],[6.3093853,49.8698826],[6.307272,49.8695126],[6.3000355,49.8662663],[6.2982273,49.8660679],[6.2968884,49.8662052],[6.2945538,49.8676128],[6.292181,49.8701839],[6.2914524,49.8717594],[6.2917805,49.8739948],[6.2912769,49.8746128],[6.2896175,49.875082],[6.2865505,49.875021],[6.2854137,49.8757687],[6.2825375,49.8786144],[6.2812023,49.8787785],[6.2800121,49.8786221],[6.2781506,49.8775005],[6.2757969,49.876688],[6.2731113,49.8771038],[6.2693996,49.8789806],[6.2664661,49.87953],[6.2629414,49.8807316],[6.2619267,49.8808498],[6.2608051,49.8821774],[6.2589016,49.8832722],[6.2577686,49.8861218],[6.255949,49.8877506],[6.2503986,49.8903561],[6.249712,49.8922672],[6.2481213,49.8934727],[6.2466221,49.8952503],[6.2460041,49.8955021],[6.2423115,49.89571570000001],[6.2401257,49.8961849],[6.2384357,49.8969364],[6.2364063,49.8986263],[6.2353649,49.8991261],[6.234476,49.8983],[6.232435,49.897663],[6.2286663,49.89274],[6.2303066,49.892384],[6.2305737,49.89267],[6.23287,49.89195],[6.2344913,49.888905],[6.236925,49.888],[6.2434597,49.886242],[6.2472897,49.884773],[6.2498455,49.883476],[6.2483463,49.881203],[6.2498035,49.879803],[6.2514324,49.87754],[6.2512035,49.87307],[6.2500095,49.872513],[6.24605,49.869457],[6.2454433,49.868423],[6.2463284,49.866783],[6.2475414,49.8655],[6.2474117,49.863777],[6.2483044,49.861748],[6.249193,49.86101],[6.2516575,49.861675],[6.2519855,49.861217],[6.250326,49.860634],[6.2507763,49.859966],[6.250372,49.859047],[6.2470913,49.858315],[6.2481136,49.857555],[6.2472363,49.85665],[6.2464085,49.85503],[6.2459736,49.854805],[6.2441883,49.855274],[6.24312,49.85523],[6.2435246,49.854572],[6.2453823,49.854595],[6.2456646,49.854404],[6.244543,49.853664],[6.245638,49.853207],[6.246462,49.853203],[6.2478695,49.85396],[6.2489185,49.856247],[6.2496853,49.856907],[6.2506237,49.8573],[6.251131,49.8566],[6.253008,49.85697],[6.25292,49.857124],[6.2536526,49.85732],[6.2551975,49.857468],[6.2552586,49.85669],[6.256956,49.856792],[6.2577496,49.856625],[6.257349,49.856102],[6.2588215,49.85503],[6.259138,49.855114],[6.2599163,49.854275],[6.2602596,49.854595],[6.262018,49.85351],[6.262224,49.853046],[6.260309,49.852154],[6.2616215,49.85011],[6.2622395,49.85036],[6.262171,49.850754],[6.2635593,49.851467],[6.263918,49.851124],[6.265581,49.85159],[6.267729,49.8499],[6.268675,49.848537],[6.2695446,49.84918],[6.2823929,49.84744139999999],[6.286619,49.847084],[6.289526,49.847713],[6.2938137,49.84754],[6.2969494,49.848473],[6.2982006,49.848545],[6.299803,49.84829],[6.302698,49.84681],[6.3050785,49.84629],[6.306734,49.847504],[6.310396,49.847797],[6.310446,49.85011],[6.309664,49.852566],[6.3097553,49.85392],[6.3074512,49.857254],[6.3141346,49.8598843]]]},"properties":{"shapeName":"Reisdorf","shapeISO":"","shapeID":"21775719B78904795294877","shapeGroup":"LUX","shapeType":"ADM2"}},
{"type":"Feature","geometry":{"type":"Polygon","coordinates":[[[6.400854,49.766644],[6.402006,49.766068],[6.404936,49.76569],[6.4088154,49.76407],[6.4133244,49.764584],[6.4162426,49.765293],[6.418455,49.766388],[6.4209347,49.768604],[6.4219646,49.76983],[6.42169,49.770042],[6.423567,49.77125],[6.4255314,49.771725],[6.4265804,49.77169],[6.426813,49.771935],[6.4294605,49.771984],[6.4294834,49.77254],[6.4301777,49.77307],[6.4319973,49.77183],[6.4328976,49.772594],[6.4355145,49.77288],[6.440958,49.77217],[6.4428654,49.768806],[6.444132,49.767723],[6.448015,49.76584],[6.4508305,49.76383],[6.4514065,49.76312],[6.454794,49.765774],[6.456007,49.766167],[6.457609,49.766308],[6.4612865,49.768997],[6.4681797,49.77134],[6.469862,49.770557],[6.4705524,49.769955],[6.4704075,49.76927],[6.472475,49.76738],[6.4736996,49.76802],[6.474291,49.769302],[6.4748783,49.769722],[6.4767017,49.77023],[6.4793987,49.770607],[6.4825726,49.772743],[6.485708,49.77152],[6.4864216,49.771122],[6.486353,49.770264],[6.487543,49.770065],[6.4885616,49.769527],[6.4908695,49.77127],[6.495325,49.772495],[6.4975414,49.771355],[6.4979305,49.771854],[6.497671,49.772076],[6.50004,49.77146],[6.5002384,49.771812],[6.5055943,49.771202],[6.5064297,49.770805],[6.511259,49.771404],[6.511751,49.770824],[6.5136738,49.7715931],[6.5098171,49.773447],[6.509573,49.773798],[6.5097256,49.7752171],[6.5107632,49.7772045],[6.5149441,49.7803707],[6.5163708,49.7816677],[6.516901,49.7825794],[6.5161915,49.7835941],[6.514925,49.7842808],[6.5106106,49.785574],[6.5071392,49.7871113],[6.5059032,49.7882442],[6.5056553,49.7898235],[6.5073698,49.7919464],[6.5107594,49.7931881],[6.5141811,49.79401210000001],[6.5205326,49.7966557],[6.5260754,49.802042],[6.5296764,49.8041248],[6.5306416,49.805151],[6.5308971,49.8060093],[6.5300922,49.8069897],[6.5294056,49.8092442],[6.5272274,49.8108234],[6.5216274,49.8130398],[6.5208721,49.8131008],[6.519949,49.8127804],[6.5192471,49.81217],[6.5186558,49.8110485],[6.5185299,49.80863],[6.5166607,49.8052082],[6.5135403,49.802042],[6.5122738,49.8014584],[6.5111294,49.8013783],[6.5103016,49.8016109],[6.5094585,49.8024464],[6.5077496,49.8060932],[6.5063419,49.8082523],[6.505415,49.8091373],[6.5012188,49.8099689],[6.4957066,49.8122349],[6.4948215,49.8120632],[6.4928608,49.8111019],[6.4910908,49.811182],[6.4885044,49.81166649999999],[6.4845104,49.8134518],[6.4812984,49.81764409999999],[6.4801655,49.8186131],[6.4725666,49.8219967],[6.4709873,49.8223248],[6.4696255,49.8220692],[6.4663754,49.8201885],[6.4639835,49.8193188],[6.4609318,49.8170567],[6.4568043,49.8128223],[6.4545689,49.811441399999985],[6.4519176,49.8113384],[6.451746,49.81014],[6.453268,49.807854],[6.4529934,49.807755],[6.453623,49.806515],[6.45442,49.806786],[6.456011,49.806675],[6.4568043,49.805885],[6.457796,49.80552],[6.4630337,49.80457],[6.4633884,49.80487],[6.469141,49.802814],[6.4706516,49.80175],[6.47085,49.80128],[6.4699535,49.799408],[6.4700375,49.798645],[6.4707966,49.7984],[6.470476,49.797596],[6.4692554,49.795635],[6.466776,49.79381],[6.4635487,49.793823],[6.4619465,49.79293],[6.4582386,49.79157],[6.4495373,49.79467],[6.448168,49.79419],[6.4464054,49.79453],[6.442587,49.794518],[6.439596,49.794926],[6.436617,49.795948],[6.434492,49.7959],[6.4332676,49.795048],[6.432169,49.793583],[6.432478,49.793365],[6.431158,49.792534],[6.430109,49.79146],[6.430109,49.79104],[6.43091,49.790848],[6.4193935,49.785343],[6.417719,49.784733],[6.4123554,49.786194],[6.410158,49.784317],[6.4074078,49.780914],[6.404318,49.779716],[6.404543,49.77869],[6.403639,49.778046],[6.402361,49.776],[6.4020824,49.77451],[6.4013844,49.774097],[6.3971653,49.77377],[6.397501,49.772526],[6.399275,49.77015],[6.400854,49.766644]]]},"properties":{"shapeName":"Rosport","shapeISO":"","shapeID":"21775719B2997409339760","shapeGroup":"LUX","shapeType":"ADM2"}},
{"type":"Feature","geometry":{"type":"Polygon","coordinates":[[[6.4613895,49.739567],[6.4650173,49.740604],[6.4704723,49.742622],[6.4718227,49.740925],[6.4743977,49.7417],[6.4757442,49.742554],[6.4772243,49.740913],[6.477442,49.739437],[6.4783306,49.738167],[6.480299,49.737423],[6.482256,49.736073],[6.484617,49.736435],[6.488455,49.73634],[6.4910946,49.735447],[6.491663,49.734787],[6.4927807,49.734184],[6.499426,49.733303],[6.499399,49.733135],[6.5000553,49.733315],[6.5009747,49.73299],[6.5016041,49.73315620000001],[6.5014553,49.7361202],[6.5020771,49.7395725],[6.5019321,49.7419949],[6.5015392,49.74295230000001],[6.5017262,49.7443981],[6.5023518,49.7457867],[6.5002422,49.74865530000001],[6.5003223,49.7523823],[6.5017681,49.7540722],[6.5038586,49.75527],[6.5076122,49.7564945],[6.5115376,49.75741],[6.514513,49.7586956],[6.5175304,49.7610188],[6.5181522,49.762105900000016],[6.5174923,49.7656384],[6.5179462,49.7673473],[6.5175915,49.76824],[6.5163631,49.7697048],[6.5136738,49.7715931],[6.511751,49.770824],[6.511259,49.771404],[6.5064297,49.770805],[6.5055943,49.771202],[6.5002384,49.771812],[6.50004,49.77146],[6.497671,49.772076],[6.4979305,49.771854],[6.4975414,49.771355],[6.495325,49.772495],[6.4908695,49.77127],[6.4885616,49.769527],[6.487543,49.770065],[6.486353,49.770264],[6.4864216,49.771122],[6.485708,49.77152],[6.4825726,49.772743],[6.4793987,49.770607],[6.4767017,49.77023],[6.4748783,49.769722],[6.474291,49.769302],[6.4736996,49.76802],[6.472475,49.76738],[6.4704075,49.76927],[6.4705524,49.769955],[6.469862,49.770557],[6.4681797,49.77134],[6.4612865,49.768997],[6.457609,49.766308],[6.456007,49.766167],[6.454794,49.765774],[6.4514065,49.76312],[6.4508305,49.76383],[6.448015,49.76584],[6.444132,49.767723],[6.4428654,49.768806],[6.440958,49.77217],[6.4355145,49.77288],[6.4328976,49.772594],[6.4319973,49.77183],[6.4301777,49.77307],[6.4294834,49.77254],[6.4294605,49.771984],[6.426813,49.771935],[6.4265804,49.77169],[6.4255314,49.771725],[6.423567,49.77125],[6.42169,49.770042],[6.4219646,49.76983],[6.4209347,49.768604],[6.418455,49.766388],[6.4162426,49.765293],[6.4133244,49.764584],[6.4088154,49.76407],[6.404936,49.76569],[6.402006,49.766068],[6.400854,49.766644],[6.400568,49.76366],[6.3988323,49.760365],[6.397417,49.758434],[6.3946514,49.75676],[6.3938656,49.755905],[6.391447,49.754654],[6.3913097,49.75407],[6.391897,49.75364],[6.392351,49.753525],[6.3930607,49.75411],[6.396162,49.753223],[6.3942204,49.75043],[6.397444,49.749035],[6.3971043,49.748825],[6.397497,49.74863],[6.397093,49.748337],[6.409548,49.744434],[6.4047794,49.74229],[6.4053516,49.741623],[6.408079,49.740845],[6.4082623,49.74012],[6.4078617,49.73933],[6.4086895,49.738544],[6.413168,49.739174],[6.4138546,49.738926],[6.4149303,49.738297],[6.415121,49.737263],[6.4178333,49.737015],[6.4193172,49.73665],[6.419935,49.733463],[6.4249096,49.73309],[6.42737,49.73182],[6.4279194,49.731277],[6.4293537,49.73174],[6.431547,49.733055],[6.432333,49.733963],[6.4345455,49.733227],[6.435667,49.732426],[6.4379215,49.734577],[6.4433193,49.737404],[6.4453335,49.741528],[6.4471493,49.742455],[6.451231,49.74143],[6.454962,49.74189],[6.455969,49.74158],[6.457514,49.741486],[6.459074,49.74079],[6.4594326,49.741127],[6.459715,49.740532],[6.4601154,49.740536],[6.460417,49.739536],[6.4612637,49.739723],[6.4613895,49.739567]]]},"properties":{"shapeName":"Mompach","shapeISO":"","shapeID":"21775719B87806168896597","shapeGroup":"LUX","shapeType":"ADM2"}},
{"type":"Feature","geometry":{"type":"Polygon","coordinates":[[[6.3784313,49.76871],[6.38344,49.771694],[6.386881,49.77295],[6.3943577,49.774178],[6.3965664,49.77423],[6.3971653,49.77377],[6.4013844,49.774097],[6.4020824,49.77451],[6.402361,49.776],[6.403639,49.778046],[6.404543,49.77869],[6.404318,49.779716],[6.4074078,49.780914],[6.410158,49.784317],[6.4123554,49.786194],[6.417719,49.784733],[6.4193935,49.785343],[6.43091,49.790848],[6.430109,49.79104],[6.430109,49.79146],[6.431158,49.792534],[6.432478,49.793365],[6.432169,49.793583],[6.4332676,49.795048],[6.434492,49.7959],[6.436617,49.795948],[6.439596,49.794926],[6.442587,49.794518],[6.4464054,49.79453],[6.448168,49.79419],[6.4495373,49.79467],[6.4582386,49.79157],[6.4619465,49.79293],[6.4635487,49.793823],[6.466776,49.79381],[6.4692554,49.795635],[6.470476,49.797596],[6.4707966,49.7984],[6.4700375,49.798645],[6.4699535,49.799408],[6.47085,49.80128],[6.4706516,49.80175],[6.469141,49.802814],[6.4633884,49.80487],[6.4630337,49.80457],[6.457796,49.80552],[6.4568043,49.805885],[6.456011,49.806675],[6.45442,49.806786],[6.453623,49.806515],[6.4529934,49.807755],[6.453268,49.807854],[6.451746,49.81014],[6.4519176,49.8113384],[6.4471989,49.811624499999986],[6.4434032,49.8114071],[6.442461,49.8121395],[6.441843,49.8139744],[6.4413548,49.814188],[6.4368992,49.8132381],[6.4347134,49.8122196],[6.4316692,49.810339],[6.4310665,49.81024739999999],[6.4296436,49.810545],[6.4279041,49.8112316],[6.4265728,49.8122349],[6.4259014,49.8133564],[6.4257183,49.8155498],[6.4251957,49.8159237],[6.4200497,49.8159924],[6.4159107,49.816534],[6.4088345,49.8177547],[6.4048557,49.8191509],[6.4025822,49.8193989],[6.4017162,49.8197575],[6.3971844,49.8222828],[6.3923626,49.8275242],[6.3888073,49.8294392],[6.3878193,49.8304005],[6.3845043,49.8326435],[6.380453,49.83038],[6.3813763,49.82897],[6.383135,49.828243],[6.384058,49.82737],[6.3854275,49.82502],[6.387747,49.822735],[6.387926,49.822],[6.387598,49.821156],[6.389139,49.81732],[6.3895855,49.814747],[6.3893604,49.81299],[6.3886127,49.81304],[6.3881702,49.8134],[6.3796673,49.809975],[6.3760357,49.808025],[6.370287,49.802395],[6.3689365,49.80001],[6.3689747,49.799496],[6.3673573,49.797844],[6.366457,49.795578],[6.368597,49.79619],[6.370329,49.795986],[6.370363,49.79632],[6.371256,49.79696],[6.373274,49.79751],[6.3746014,49.797283],[6.3754787,49.797466],[6.3760967,49.797077],[6.3765583,49.79775],[6.3779697,49.797386],[6.379057,49.79745],[6.3812275,49.79673],[6.383238,49.79666],[6.3836117,49.796837],[6.3837376,49.79606],[6.386408,49.796112],[6.3841457,49.79122],[6.384081,49.788418],[6.383478,49.785027],[6.384741,49.782055],[6.384516,49.779438],[6.383978,49.777885],[6.3872013,49.77747],[6.3900967,49.77785],[6.3911076,49.776264],[6.387331,49.775444],[6.3834934,49.774963],[6.3761578,49.77165],[6.376528,49.771244],[6.3749256,49.770313],[6.375391,49.76964],[6.3759556,49.76892],[6.3784313,49.76871]]]},"properties":{"shapeName":"Echternach","shapeISO":"","shapeID":"21775719B12259366230558","shapeGroup":"LUX","shapeType":"ADM2"}},
{"type":"Feature","geometry":{"type":"Polygon","coordinates":[[[6.2704296,49.821274],[6.269739,49.82072],[6.2698154,49.819923],[6.268591,49.81848],[6.268759,49.81684],[6.2690296,49.816788],[6.2687473,49.816467],[6.2666874,49.815125],[6.2636356,49.81517],[6.2644825,49.813995],[6.2644978,49.8135],[6.263876,49.81289],[6.2622814,49.812416],[6.2629375,49.811726],[6.2634907,49.811756],[6.2637043,49.81132],[6.257578,49.810394],[6.2577076,49.81013],[6.254385,49.810684],[6.252779,49.810303],[6.2545834,49.80844],[6.258486,49.802837],[6.2569256,49.80213],[6.255762,49.80115],[6.254202,49.800373],[6.254389,49.79994],[6.2448826,49.796436],[6.244337,49.793076],[6.251219,49.78833],[6.2505627,49.78805],[6.2519817,49.7858],[6.2516956,49.78574],[6.251417,49.786064],[6.248575,49.785378],[6.2451572,49.78405],[6.243246,49.78363],[6.2422085,49.783752],[6.2366543,49.782864],[6.2374325,49.781082],[6.240099,49.78135],[6.2425747,49.781982],[6.2428036,49.78123],[6.244013,49.780094],[6.2459354,49.78086],[6.2462864,49.780457],[6.247942,49.780865],[6.248266,49.7805],[6.247732,49.78037],[6.2512226,49.77685],[6.2528973,49.777615],[6.253916,49.778763],[6.2552204,49.778553],[6.256773,49.777122],[6.259363,49.7782],[6.2628193,49.77879],[6.26367,49.776974],[6.2632694,49.776936],[6.263357,49.776665],[6.2613316,49.776405],[6.2633,49.77352],[6.2646694,49.77049],[6.264616,49.769962],[6.263197,49.770073],[6.2631016,49.76871],[6.2647495,49.768417],[6.264887,49.768795],[6.267267,49.76965],[6.2674694,49.769432],[6.2666035,49.768982],[6.267435,49.7691],[6.2682705,49.768753],[6.271799,49.769753],[6.2752285,49.770245],[6.2758007,49.76917],[6.276705,49.769222],[6.2773266,49.76789],[6.2786846,49.76821],[6.279539,49.766968],[6.2794437,49.766697],[6.2750416,49.764194],[6.2756557,49.763214],[6.277136,49.763058],[6.2778225,49.763203],[6.2788105,49.762947],[6.279024,49.76254],[6.2802334,49.763065],[6.2810383,49.763943],[6.2810497,49.764793],[6.281603,49.765118],[6.2818165,49.7657],[6.2835827,49.76646],[6.2839947,49.76696],[6.2837276,49.7682],[6.284483,49.769554],[6.2842236,49.769962],[6.2847233,49.770752],[6.2847195,49.77345],[6.287016,49.773716],[6.289259,49.774494],[6.289999,49.774517],[6.2900715,49.77481],[6.2912884,49.77507],[6.2922077,49.775837],[6.292223,49.77796],[6.293913,49.778145],[6.29685,49.779808],[6.29714,49.781002],[6.2985096,49.782207],[6.2985554,49.783546],[6.299368,49.78517],[6.299326,49.785786],[6.3001842,49.786217],[6.3006954,49.787075],[6.301752,49.78758],[6.302595,49.787567],[6.305456,49.788727],[6.306429,49.788845],[6.3096104,49.789978],[6.3115864,49.79012],[6.314169,49.789932],[6.3144207,49.790104],[6.3134975,49.790604],[6.31304,49.790577],[6.312895,49.791046],[6.312357,49.79135],[6.3133523,49.7914404],[6.3124027,49.792496],[6.312479,49.793716],[6.311735,49.793713],[6.3119984,49.7943],[6.311346,49.795063],[6.3115177,49.79635],[6.3124485,49.796864],[6.312166,49.798008],[6.3133183,49.79893],[6.314646,49.801376],[6.315172,49.80113],[6.3153744,49.80127],[6.3153477,49.801952],[6.31637,49.803482],[6.315943,49.8046],[6.3175907,49.80527],[6.317362,49.806076],[6.3188,49.806995],[6.3188305,49.80743],[6.3207607,49.80814],[6.3208027,49.808956],[6.3202686,49.80926],[6.3223133,49.810673],[6.3234653,49.811058],[6.3235226,49.811447],[6.3228817,49.811794],[6.324068,49.813354],[6.323942,49.8145],[6.3242893,49.815346],[6.323778,49.81572],[6.324625,49.81649],[6.324152,49.816944],[6.3249645,49.81855],[6.32382,49.819775],[6.324381,49.819866],[6.324541,49.82012],[6.3242054,49.820843],[6.324938,49.821697],[6.324812,49.82211],[6.3247356,49.821762],[6.323908,49.82156],[6.323824,49.821312],[6.32036,49.82036],[6.319685,49.82067],[6.317869,49.820717],[6.317114,49.821316],[6.3165264,49.821384],[6.3141766,49.82256],[6.3119106,49.82298],[6.310236,49.82302],[6.308256,49.823967],[6.302763,49.82317],[6.301199,49.82258],[6.29904,49.822357],[6.2982388,49.822025],[6.297968,49.822212],[6.2969227,49.822124],[6.296545,49.822517],[6.2957706,49.82273],[6.2958317,49.823273],[6.2963886,49.8236],[6.2955112,49.824284],[6.287081,49.82461],[6.2853107,49.82429],[6.2836323,49.82445],[6.2792416,49.823326],[6.277586,49.82345],[6.274931,49.822983],[6.274523,49.823112],[6.2731724,49.822636],[6.2721233,49.82185],[6.2704296,49.821274]]]},"properties":{"shapeName":"Waldbillig","shapeISO":"","shapeID":"21775719B82462206175776","shapeGroup":"LUX","shapeType":"ADM2"}},
{"type":"Feature","geometry":{"type":"Polygon","coordinates":[[[6.268675,49.848537],[6.267729,49.8499],[6.265581,49.85159],[6.263918,49.851124],[6.2635593,49.851467],[6.262171,49.850754],[6.2622395,49.85036],[6.2616215,49.85011],[6.260309,49.852154],[6.262224,49.853046],[6.262018,49.85351],[6.2602596,49.854595],[6.2599163,49.854275],[6.259138,49.855114],[6.2588215,49.85503],[6.257349,49.856102],[6.2577496,49.856625],[6.256956,49.856792],[6.2552586,49.85669],[6.2551975,49.857468],[6.2536526,49.85732],[6.25292,49.857124],[6.253008,49.85697],[6.251131,49.8566],[6.2506237,49.8573],[6.2496853,49.856907],[6.2489185,49.856247],[6.2478695,49.85396],[6.246462,49.853203],[6.245638,49.853207],[6.244543,49.853664],[6.2456646,49.854404],[6.2453823,49.854595],[6.2435246,49.854572],[6.242388,49.854076],[6.241358,49.852848],[6.2399426,49.85248],[6.238741,49.85185],[6.2370663,49.849426],[6.234991,49.849453],[6.233034,49.8492],[6.2326336,49.84949],[6.230139,49.84944],[6.224066,49.84991],[6.2186527,49.84924],[6.2170963,49.850616],[6.215044,49.85117],[6.2148685,49.851475],[6.212347,49.852566],[6.212385,49.8528],[6.2107525,49.853054],[6.2105274,49.85331],[6.210371,49.85318],[6.209345,49.853504],[6.2064304,49.853848],[6.2041225,49.85366],[6.202631,49.854427],[6.2013454,49.854477],[6.198286,49.853264],[6.197096,49.85194],[6.1933994,49.849403],[6.1873074,49.84602],[6.1852245,49.846493],[6.182825,49.84657],[6.1809635,49.846355],[6.1772175,49.845196],[6.1743183,49.843884],[6.1736507,49.84331],[6.1725636,49.843285],[6.1709766,49.8427],[6.16527,49.8422],[6.163492,49.842506],[6.161829,49.842102],[6.158247,49.840023],[6.1563587,49.839222],[6.155817,49.83905],[6.1555233,49.83946],[6.152239,49.838364],[6.152895,49.836624],[6.152746,49.83496],[6.143244,49.83625],[6.1427364,49.835747],[6.1427517,49.83505],[6.1436977,49.834232],[6.1460285,49.833042],[6.147192,49.831657],[6.14649,49.827045],[6.145716,49.826736],[6.146414,49.825962],[6.147913,49.8264],[6.1491337,49.82566],[6.150774,49.822876],[6.150446,49.821697],[6.151167,49.821],[6.150526,49.82005],[6.1504993,49.819275],[6.1508465,49.818703],[6.151663,49.818344],[6.152525,49.818653],[6.152651,49.818428],[6.158621,49.820473],[6.1615505,49.821808],[6.1626453,49.822693],[6.1641445,49.82212],[6.1668644,49.82244],[6.1709957,49.82126],[6.175001,49.820885],[6.181864,49.822598],[6.185526,49.823032],[6.1891384,49.822273],[6.1876965,49.818016],[6.1900425,49.81608],[6.19108,49.814247],[6.1916447,49.812103],[6.190943,49.810352],[6.1912365,49.80964],[6.1909657,49.808975],[6.19018,49.808952],[6.1886578,49.806404],[6.1903095,49.804314],[6.1921253,49.80459],[6.191904,49.804077],[6.1907177,49.80332],[6.191187,49.802734],[6.1935215,49.803467],[6.195265,49.80224],[6.1967335,49.801796],[6.1980343,49.801662],[6.198248,49.80065],[6.197901,49.799725],[6.2014866,49.79913],[6.202612,49.798725],[6.2025013,49.798523],[6.2054462,49.797985],[6.20817,49.796124],[6.20825,49.79515],[6.208128,49.794914],[6.207632,49.794956],[6.2075787,49.794567],[6.208082,49.79405],[6.2094326,49.793674],[6.211363,49.792194],[6.215479,49.790695],[6.2174816,49.790226],[6.217245,49.78983],[6.2180767,49.789345],[6.2191525,49.791523],[6.2212276,49.791214],[6.221731,49.793434],[6.222864,49.794243],[6.2245197,49.794853],[6.224375,49.795074],[6.228422,49.795612],[6.231615,49.79655],[6.232443,49.796143],[6.232229,49.795288],[6.2325764,49.794506],[6.23353,49.79375],[6.2338467,49.793865],[6.2355785,49.79184],[6.2376957,49.78615],[6.2409496,49.787067],[6.242037,49.786343],[6.2435474,49.787968],[6.2450733,49.78904],[6.2467976,49.787777],[6.2464848,49.787613],[6.248575,49.785378],[6.251417,49.786064],[6.2516956,49.78574],[6.2519817,49.7858],[6.2505627,49.78805],[6.251219,49.78833],[6.244337,49.793076],[6.2448826,49.796436],[6.254389,49.79994],[6.254202,49.800373],[6.255762,49.80115],[6.2569256,49.80213],[6.258486,49.802837],[6.2545834,49.80844],[6.252779,49.810303],[6.254385,49.810684],[6.2577076,49.81013],[6.257578,49.810394],[6.2637043,49.81132],[6.2634907,49.811756],[6.2629375,49.811726],[6.2622814,49.812416],[6.263876,49.81289],[6.2644978,49.8135],[6.2644825,49.813995],[6.2636356,49.81517],[6.2666874,49.815125],[6.2687473,49.816467],[6.2690296,49.816788],[6.268759,49.81684],[6.268591,49.81848],[6.2698154,49.819923],[6.269739,49.82072],[6.2704296,49.821274],[6.2697544,49.821053],[6.2657795,49.821136],[6.2556934,49.823486],[6.254675,49.830135],[6.271456,49.841087],[6.268423,49.841232],[6.266321,49.841824],[6.262781,49.84503],[6.2670193,49.847313],[6.2668056,49.847477],[6.268675,49.848537]]]},"properties":{"shapeName":"Vallbe de l'Ernz","shapeISO":"","shapeID":"21775719B95583115154252","shapeGroup":"LUX","shapeType":"ADM2"}},
{"type":"Feature","geometry":{"type":"Polygon","coordinates":[[[6.143244,49.83625],[6.1438656,49.837128],[6.143633,49.83792],[6.1440296,49.838444],[6.144148,49.839718],[6.1508694,49.84158],[6.151621,49.842075],[6.153059,49.84387],[6.1528225,49.844917],[6.153269,49.84522],[6.153532,49.84608],[6.1532993,49.847275],[6.148138,49.851894],[6.1464214,49.85252],[6.1490345,49.857338],[6.1479206,49.856556],[6.1451626,49.85832],[6.1443615,49.858524],[6.1441593,49.858982],[6.140108,49.861553],[6.140932,49.86192],[6.139349,49.863453],[6.137247,49.86248],[6.134737,49.863102],[6.134451,49.863846],[6.1335125,49.863457],[6.1302624,49.863804],[6.130678,49.86541],[6.1318073,49.86725],[6.1320553,49.86946],[6.132498,49.869976],[6.1320286,49.871006],[6.1313267,49.87097],[6.129587,49.87203],[6.131628,49.875732],[6.130087,49.875725],[6.1269207,49.877346],[6.1256504,49.877464],[6.125166,49.87705],[6.123686,49.876564],[6.1227894,49.877125],[6.122263,49.877136],[6.121805,49.876713],[6.1201115,49.876923],[6.1187954,49.876167],[6.117529,49.87719],[6.117697,49.878525],[6.1185627,49.879704],[6.1188183,49.88175],[6.1199856,49.88357],[6.1198864,49.885998],[6.121237,49.888855],[6.1219044,49.88928],[6.1241093,49.889606],[6.1241627,49.89053],[6.12459,49.89091],[6.126745,49.89088],[6.127554,49.89339],[6.1259785,49.89315],[6.125551,49.894684],[6.1258755,49.895023],[6.1255093,49.895245],[6.1241627,49.894733],[6.119898,49.89418],[6.120466,49.89511],[6.1165447,49.895454],[6.1163387,49.896576],[6.115141,49.89708],[6.113886,49.897335],[6.1080647,49.89714],[6.1067257,49.89641],[6.1046505,49.89277],[6.1027737,49.890987],[6.1010036,49.887608],[6.0997486,49.887276],[6.0959682,49.88725],[6.094496,49.88786],[6.0940685,49.88861],[6.0947475,49.889206],[6.0968075,49.889725],[6.0974064,49.890423],[6.0971394,49.8912],[6.093889,49.892754],[6.091543,49.89528],[6.088579,49.896442],[6.0872974,49.898182],[6.0851116,49.900288],[6.083967,49.90292],[6.0809116,49.903236],[6.079172,49.90313],[6.07662,49.901737],[6.074648,49.898296],[6.073881,49.898247],[6.0735455,49.89895],[6.0731716,49.899048],[6.07176,49.898487],[6.0717525,49.897373],[6.0756474,49.89506],[6.0743084,49.89443],[6.07633,49.893646],[6.077276,49.891262],[6.078291,49.89017],[6.079813,49.889503],[6.0751476,49.887554],[6.07448,49.886723],[6.0755177,49.88557],[6.074301,49.88464],[6.072485,49.884045],[6.073286,49.88336],[6.074896,49.883255],[6.0757008,49.882874],[6.076185,49.88201],[6.075598,49.879524],[6.0763874,49.878983],[6.077631,49.87878],[6.076639,49.87818],[6.0762157,49.87749],[6.076208,49.876682],[6.0758,49.876278],[6.0759754,49.87616],[6.076853,49.87717],[6.080187,49.876076],[6.0795,49.875446],[6.0803967,49.874374],[6.08243,49.87499],[6.0838795,49.874676],[6.084532,49.87565],[6.0878277,49.875298],[6.0880795,49.874207],[6.087496,49.87332],[6.0880184,49.87284],[6.0897465,49.873363],[6.089861,49.872753],[6.090555,49.87214],[6.0931835,49.87122],[6.0946674,49.871536],[6.0956516,49.872047],[6.096037,49.869476],[6.0981464,49.865993],[6.1004887,49.864605],[6.1024113,49.86424],[6.1011753,49.8619],[6.101782,49.860428],[6.103224,49.85891],[6.105772,49.857445],[6.1055355,49.85738],[6.106539,49.85632],[6.1073055,49.856026],[6.108534,49.85464],[6.1093426,49.85498],[6.1105022,49.853577],[6.1113873,49.851566],[6.111849,49.84841],[6.1140194,49.84799],[6.1167126,49.84791],[6.116297,49.845818],[6.1164036,49.8434],[6.1183453,49.84334],[6.11841,49.84288],[6.120775,49.84305],[6.1224194,49.842915],[6.1223316,49.842358],[6.1298313,49.84286],[6.131075,49.842182],[6.1330013,49.8417],[6.1358395,49.8403],[6.137369,49.839005],[6.140951,49.83677],[6.141489,49.835968],[6.1427517,49.83505],[6.1427364,49.835747],[6.143244,49.83625]]]},"properties":{"shapeName":"Erpeldange-sur-Sûre","shapeISO":"","shapeID":"21775719B60306791609610","shapeGroup":"LUX","shapeType":"ADM2"}},
{"type":"Feature","geometry":{"type":"Polygon","coordinates":[[[6.163492,49.842506],[6.160986,49.843243],[6.1557293,49.843254],[6.155775,49.8471],[6.156294,49.848026],[6.1559963,49.850445],[6.157606,49.851444],[6.158983,49.853077],[6.1575794,49.855934],[6.159128,49.856846],[6.1602154,49.85798],[6.162203,49.858845],[6.163332,49.858932],[6.165018,49.859642],[6.164419,49.86228],[6.167387,49.862705],[6.168108,49.862446],[6.167898,49.86326],[6.1748447,49.864105],[6.176283,49.864628],[6.1753254,49.865803],[6.17647,49.866184],[6.176035,49.86667],[6.175699,49.868107],[6.1795597,49.86855],[6.178961,49.86918],[6.1786747,49.87017],[6.1771603,49.86999],[6.176386,49.872074],[6.177599,49.87252],[6.177946,49.872265],[6.1799297,49.872322],[6.1806583,49.872524],[6.179899,49.873985],[6.1776066,49.873775],[6.177698,49.87513],[6.176447,49.875126],[6.1765385,49.876896],[6.175169,49.87699],[6.1731052,49.877934],[6.1728535,49.877724],[6.1711826,49.878685],[6.168928,49.879513],[6.165682,49.881462],[6.1660366,49.881752],[6.165148,49.8822],[6.1645107,49.882378],[6.1643505,49.88195],[6.1635,49.882034],[6.1614513,49.881668],[6.1582546,49.882412],[6.158655,49.882915],[6.156027,49.883938],[6.155424,49.883907],[6.1530666,49.886],[6.151602,49.887897],[6.148245,49.889523],[6.146887,49.89047],[6.1467648,49.89095],[6.1428165,49.88996],[6.1428013,49.89015],[6.1416454,49.890293],[6.140608,49.89078],[6.1389446,49.890884],[6.1387234,49.891533],[6.137781,49.891407],[6.1380024,49.89191],[6.1404743,49.89252],[6.1425304,49.892517],[6.14332,49.89219],[6.144842,49.89274],[6.1447506,49.892975],[6.1463566,49.893375],[6.1445675,49.896202],[6.143057,49.89582],[6.141161,49.89603],[6.139303,49.897083],[6.1365757,49.897934],[6.135477,49.89867],[6.134981,49.898438],[6.134527,49.897724],[6.1316395,49.89597],[6.130892,49.894184],[6.1305447,49.894394],[6.129732,49.894382],[6.129137,49.893707],[6.1283245,49.89387],[6.127554,49.89339],[6.126745,49.89088],[6.12459,49.89091],[6.1241627,49.89053],[6.1241093,49.889606],[6.1219044,49.88928],[6.121237,49.888855],[6.1198864,49.885998],[6.1199856,49.88357],[6.1188183,49.88175],[6.1185627,49.879704],[6.117697,49.878525],[6.117529,49.87719],[6.1187954,49.876167],[6.1201115,49.876923],[6.121805,49.876713],[6.122263,49.877136],[6.1227894,49.877125],[6.123686,49.876564],[6.125166,49.87705],[6.1256504,49.877464],[6.1269207,49.877346],[6.130087,49.875725],[6.131628,49.875732],[6.129587,49.87203],[6.1313267,49.87097],[6.1320286,49.871006],[6.132498,49.869976],[6.1320553,49.86946],[6.1318073,49.86725],[6.130678,49.86541],[6.1302624,49.863804],[6.1335125,49.863457],[6.134451,49.863846],[6.134737,49.863102],[6.137247,49.86248],[6.139349,49.863453],[6.140932,49.86192],[6.140108,49.861553],[6.1441593,49.858982],[6.1443615,49.858524],[6.1451626,49.85832],[6.1479206,49.856556],[6.1490345,49.857338],[6.1464214,49.85252],[6.148138,49.851894],[6.1532993,49.847275],[6.153532,49.84608],[6.153269,49.84522],[6.1528225,49.844917],[6.153059,49.84387],[6.151621,49.842075],[6.1508694,49.84158],[6.144148,49.839718],[6.1440296,49.838444],[6.143633,49.83792],[6.1438656,49.837128],[6.143244,49.83625],[6.152746,49.83496],[6.152895,49.836624],[6.152239,49.838364],[6.1555233,49.83946],[6.155817,49.83905],[6.1563587,49.839222],[6.158247,49.840023],[6.161829,49.842102],[6.163492,49.842506]]]},"properties":{"shapeName":"Diekirch","shapeISO":"","shapeID":"21775719B12811001647954","shapeGroup":"LUX","shapeType":"ADM2"}},
{"type":"Feature","geometry":{"type":"Polygon","coordinates":[[[6.0415554,49.826477],[6.039263,49.829197],[6.038107,49.832634],[6.037607,49.833538],[6.0380116,49.833763],[6.037157,49.8346],[6.0369816,49.83538],[6.0357685,49.835556],[6.034174,49.835304],[6.032812,49.837048],[6.0323544,49.838326],[6.0318127,49.83838],[6.0311985,49.838974],[6.0296764,49.838375],[6.02857,49.837357],[6.02746,49.837597],[6.025934,49.838055],[6.0269413,49.83924],[6.0255756,49.839535],[6.0261097,49.839993],[6.025362,49.84032],[6.024725,49.841152],[6.022745,49.84053],[6.0212307,49.841576],[6.0209103,49.841488],[6.020254,49.8423],[6.0168133,49.843605],[6.0160465,49.84418],[6.0125866,49.844868],[6.010702,49.84456],[6.0079327,49.84513],[6.0078297,49.84778],[6.007242,49.84807],[6.0017757,49.849277],[5.9988155,49.850224],[5.995146,49.85061],[5.99407,49.851208],[5.9925404,49.85161],[5.989279,49.853287],[5.9874706,49.85549],[5.9867687,49.857376],[5.981268,49.856216],[5.982538,49.85435],[5.9819202,49.853836],[5.9832554,49.85327],[5.9826946,49.852962],[5.9824924,49.85255],[5.984644,49.850937],[5.986479,49.848625],[5.987314,49.84687],[5.9872837,49.84567],[5.9866314,49.845623],[5.9866123,49.84528],[5.98625,49.84529],[5.9857807,49.84618],[5.98522,49.8462],[5.9849873,49.84592],[5.9846973,49.845985],[5.984606,49.84565],[5.983465,49.845524],[5.982092,49.845905],[5.9821224,49.84616],[5.9787006,49.846138],[5.974329,49.847164],[5.9735775,49.845478],[5.971499,49.8455268],[5.97019,49.843147],[5.9705257,49.842705],[5.9732037,49.841496],[5.9733906,49.841232],[5.972727,49.84048],[5.973734,49.83974],[5.9734287,49.83944],[5.97497,49.83876],[5.9755993,49.8381],[5.9765377,49.838135],[5.9768887,49.83652],[5.9775677,49.836315],[5.9774036,49.83442],[5.9770985,49.834045],[5.9785824,49.833324],[5.977022,49.831703],[5.9779415,49.83114],[5.978426,49.83012],[5.9808254,49.829998],[5.981989,49.82778],[5.981001,49.827473],[5.982538,49.82552],[5.9838886,49.825905],[5.9836254,49.82529],[5.984621,49.82401],[5.9828205,49.823128],[5.9813747,49.821873],[5.9818897,49.82162],[5.9810467,49.820663],[5.9792767,49.819813],[5.9822063,49.818047],[5.981592,49.817734],[5.9825687,49.81702],[5.9832554,49.817368],[5.984186,49.81678],[5.985033,49.817245],[5.9859524,49.816944],[5.986971,49.817543],[5.9900227,49.81828],[6.000746,49.818787],[6.00041,49.819542],[6.002508,49.820183],[6.0039005,49.82129],[6.0057354,49.821896],[6.005499,49.822193],[6.0058727,49.822903],[6.0086155,49.82282],[6.010725,49.823116],[6.0155087,49.825558],[6.017885,49.825905],[6.018461,49.827076],[6.023176,49.826942],[6.0241756,49.825264],[6.025854,49.82653],[6.0270023,49.825874],[6.029974,49.825344],[6.0305576,49.825836],[6.030348,49.82621],[6.0267506,49.8301],[6.0330906,49.831398],[6.0343914,49.83157],[6.0337467,49.82863],[6.033079,49.827225],[6.033285,49.8261],[6.033983,49.82635],[6.037203,49.824486],[6.04035,49.82609],[6.0415554,49.826477]]]},"properties":{"shapeName":"Mertzig","shapeISO":"","shapeID":"21775719B64025767263573","shapeGroup":"LUX","shapeType":"ADM2"}},
{"type":"Feature","geometry":{"type":"Polygon","coordinates":[[[6.038107,49.832634],[6.0430927,49.832977],[6.046175,49.833885],[6.04751,49.834785],[6.048929,49.834774],[6.0493946,49.836197],[6.051077,49.838066],[6.053591,49.83775],[6.054655,49.837246],[6.055868,49.83583],[6.055746,49.834316],[6.0568867,49.835155],[6.0570774,49.835026],[6.058096,49.836033],[6.0593395,49.836533],[6.0595303,49.836315],[6.0604496,49.836678],[6.060072,49.837017],[6.0582027,49.83767],[6.058153,49.838432],[6.0556316,49.840687],[6.0594616,49.84294],[6.0603313,49.84388],[6.0581646,49.8449],[6.057642,49.844532],[6.0572987,49.844723],[6.058321,49.84587],[6.058794,49.84567],[6.0605373,49.847134],[6.063814,49.84843],[6.0634823,49.85],[6.0635815,49.850365],[6.0643597,49.850418],[6.0641994,49.85097],[6.068014,49.85065],[6.0683193,49.85165],[6.069006,49.85171],[6.068922,49.85295],[6.0679836,49.852936],[6.0670414,49.855297],[6.0645847,49.85677],[6.0657177,49.858303],[6.064211,49.858803],[6.0645275,49.86075],[6.0642185,49.861374],[6.065542,49.861732],[6.065485,49.86221],[6.064417,49.864334],[6.0648327,49.864677],[6.0628834,49.865154],[6.0615444,49.865902],[6.062994,49.86806],[6.060133,49.869816],[6.0607166,49.870316],[6.0576916,49.871597],[6.056978,49.873535],[6.0568943,49.87515],[6.056284,49.87601],[6.055544,49.876373],[6.056265,49.87839],[6.0553036,49.878525],[6.0553265,49.8788],[6.05361,49.879772],[6.051489,49.88025],[6.050043,49.88095],[6.0490246,49.881844],[6.0487614,49.882713],[6.0476017,49.88307],[6.0460835,49.883026],[6.0453205,49.882694],[6.043005,49.880596],[6.042181,49.880196],[6.0418262,49.880867],[6.0419865,49.881386],[6.039976,49.881954],[6.0403576,49.882088],[6.0390377,49.882618],[6.0374928,49.884293],[6.034483,49.886333],[6.03195,49.88765],[6.027651,49.8881],[6.0243053,49.888855],[6.024252,49.889317],[6.023752,49.889393],[6.0240726,49.8902],[6.022394,49.891376],[6.0215893,49.88929],[6.021311,49.887135],[6.0218296,49.885605],[6.020685,49.885414],[6.019575,49.88417],[6.017454,49.88293],[6.016531,49.88107],[6.0151615,49.880527],[6.0122735,49.8800502],[6.012266,49.879612],[6.0119,49.87954],[6.0110455,49.879917],[6.0106564,49.879227],[6.0101223,49.879143],[6.009836,49.879456],[6.0086803,49.87947],[6.0069447,49.878998],[6.00498,49.879158],[6.001482,49.87891],[6.001215,49.878372],[6.0032024,49.87817],[6.0016117,49.87686],[5.9997654,49.876057],[5.9982395,49.876648],[5.9971294,49.87877],[5.996298,49.87825],[5.99341,49.87724],[5.994585,49.87632],[5.993635,49.875515],[5.9936123,49.875042],[5.992441,49.874252],[5.992407,49.873234],[5.9930325,49.872826],[5.9961185,49.872967],[5.9964924,49.87226],[5.9950695,49.870186],[5.9935436,49.86977],[5.9957294,49.866283],[5.997797,49.86512],[5.9936657,49.86333],[5.994135,49.8625],[5.992113,49.862217],[5.990572,49.8617],[5.990095,49.8613],[5.9877834,49.862682],[5.985464,49.862904],[5.986437,49.862347],[5.985838,49.86203],[5.986376,49.861343],[5.9861813,49.860348],[5.9866085,49.85895],[5.9861546,49.858597],[5.9867687,49.857376],[5.9874706,49.85549],[5.989279,49.853287],[5.9925404,49.85161],[5.99407,49.851208],[5.995146,49.85061],[5.9988155,49.850224],[6.0017757,49.849277],[6.007242,49.84807],[6.0078297,49.84778],[6.0079327,49.84513],[6.010702,49.84456],[6.0125866,49.844868],[6.0160465,49.84418],[6.0168133,49.843605],[6.020254,49.8423],[6.0209103,49.841488],[6.0212307,49.841576],[6.022745,49.84053],[6.024725,49.841152],[6.025362,49.84032],[6.0261097,49.839993],[6.0255756,49.839535],[6.0269413,49.83924],[6.025934,49.838055],[6.02746,49.837597],[6.02857,49.837357],[6.0296764,49.838375],[6.0311985,49.838974],[6.0318127,49.83838],[6.0323544,49.838326],[6.032812,49.837048],[6.034174,49.835304],[6.0357685,49.835556],[6.0369816,49.83538],[6.037157,49.8346],[6.0380116,49.833763],[6.037607,49.833538],[6.038107,49.832634]]]},"properties":{"shapeName":"Feulen","shapeISO":"","shapeID":"21775719B2601504260109","shapeGroup":"LUX","shapeType":"ADM2"}},
{"type":"Feature","geometry":{"type":"Polygon","coordinates":[[[6.1255093,49.895245],[6.1274815,49.898197],[6.1271496,49.89842],[6.130617,49.900616],[6.1317196,49.902195],[6.131384,49.902645],[6.1247654,49.90252],[6.121767,49.90302],[6.1198864,49.903847],[6.117098,49.905663],[6.119234,49.907845],[6.1186123,49.908955],[6.1176434,49.90909],[6.116144,49.908897],[6.1143055,49.908405],[6.112501,49.908302],[6.112364,49.908016],[6.110033,49.90977],[6.1085987,49.910477],[6.1091175,49.910694],[6.110346,49.909904],[6.1121693,49.90971],[6.1132374,49.9102],[6.1136036,49.911892],[6.115885,49.91168],[6.115778,49.912373],[6.1152744,49.91241],[6.114973,49.914257],[6.114134,49.916252],[6.113451,49.916534],[6.113722,49.917114],[6.114912,49.917294],[6.115389,49.917847],[6.1161976,49.917896],[6.1168156,49.918312],[6.1188374,49.91772],[6.118223,49.918636],[6.117094,49.9192],[6.1155567,49.91884],[6.1122913,49.91869],[6.1112156,49.918884],[6.108736,49.919785],[6.10874,49.920624],[6.1081104,49.921112],[6.1019077,49.922607],[6.099146,49.92419],[6.0965977,49.924168],[6.096033,49.92438],[6.0957394,49.924778],[6.095808,49.925755],[6.095331,49.92646],[6.0954227,49.926903],[6.096155,49.927376],[6.094534,49.929],[6.094267,49.92997],[6.0944805,49.930325],[6.094015,49.93116],[6.095186,49.931664],[6.0949497,49.932255],[6.0942097,49.93258],[6.092848,49.932247],[6.091444,49.932484],[6.09009,49.932205],[6.0887165,49.933033],[6.087576,49.9342179],[6.087033,49.934116],[6.0873847,49.933304],[6.0870137,49.9332],[6.086011,49.933163],[6.0855446,49.93391],[6.0837736,49.93392],[6.080538,49.93305],[6.079626,49.93267],[6.0796795,49.932438],[6.0790806,49.932358],[6.075884,49.932728],[6.0756626,49.93258],[6.074602,49.933376],[6.0743656,49.933178],[6.073942,49.933357],[6.07374,49.933914],[6.071089,49.934555],[6.071207,49.933266],[6.0703106,49.932304],[6.070593,49.93409],[6.0699215,49.93433],[6.068514,49.934246],[6.067606,49.93496],[6.065443,49.935036],[6.064844,49.938217],[6.063257,49.941463],[6.0651226,49.944286],[6.064253,49.945904],[6.0625973,49.94714],[6.063074,49.948418],[6.0641875,49.949146],[6.0650015,49.949],[6.065476,49.949776],[6.0649424,49.95127],[6.062741,49.952602],[6.062702,49.953228],[6.064593,49.954006],[6.0645275,49.95439],[6.0637527,49.954674],[6.061109,49.955254],[6.056753,49.953953],[6.054514,49.95392],[6.0506763,49.952374],[6.050787,49.95197],[6.0520916,49.951576],[6.0541286,49.951385],[6.054579,49.950893],[6.053175,49.950607],[6.0522823,49.95015],[6.052004,49.949497],[6.0503407,49.948032],[6.046175,49.948856],[6.0403996,49.947132],[6.0380344,49.945522],[6.0368137,49.944317],[6.0367336,49.94286],[6.037641,49.940098],[6.0382347,49.938942],[6.0400305,49.938446],[6.0416036,49.938572],[6.0421453,49.938393],[6.041906,49.93789],[6.041179,49.937447],[6.040846,49.936497],[6.0409927,49.934704],[6.0417776,49.934044],[6.043829,49.93363],[6.044185,49.933315],[6.044371,49.9329],[6.043667,49.931885],[6.043577,49.930794],[6.0438867,49.93041],[6.0474253,49.928635],[6.0492997,49.92392],[6.049,49.923492],[6.047804,49.924393],[6.04654,49.92488],[6.0410824,49.92604],[6.039419,49.926033],[6.0381913,49.924835],[6.039402,49.922623],[6.039709,49.920986],[6.0394335,49.91962],[6.038839,49.919132],[6.0382643,49.91907],[6.0376177,49.919495],[6.0373302,49.920168],[6.0365691,49.9197122],[6.03478,49.9194962],[6.0327163,49.9188262],[6.0273335,49.9157412],[6.0224205,49.9159062],[6.0206008,49.9147492],[6.0215965,49.9134792],[6.0213525,49.9123562],[6.0209288,49.9114802],[6.020288,49.9112092],[6.0185408,49.9096062],[6.01864,49.9093932],[6.021501,49.9087102],[6.0195785,49.9052062],[6.0171599,49.9036142],[6.0164505,49.9028462],[6.0178962,49.9024202],[6.0198685,49.9013712],[6.0203109,49.9000362],[6.0184265,49.8996622],[6.0161872,49.8981822],[6.0146155,49.8977262],[6.0140435,49.8964062],[6.014131,49.8945662],[6.0158135,49.8945362],[6.0158629,49.8937862],[6.0113425,49.8932842],[6.0122505,49.8925662],[6.014852,49.8919492],[6.0124525,49.8913722],[6.0134101,49.8897062],[6.0127539,49.8883162],[6.0124715,49.8882562],[6.0137152,49.8863492],[6.0135705,49.8844662],[6.0138488,49.8833392],[6.0115065,49.8811112],[6.0116172,49.8806112],[6.0122735,49.8805662],[6.0122735,49.8800502],[6.0151615,49.880527],[6.016531,49.88107],[6.017454,49.88293],[6.019575,49.88417],[6.020685,49.885414],[6.0218296,49.885605],[6.021311,49.887135],[6.0215893,49.88929],[6.022394,49.891376],[6.0240726,49.8902],[6.023752,49.889393],[6.024252,49.889317],[6.0243053,49.888855],[6.027651,49.8881],[6.03195,49.88765],[6.034483,49.886333],[6.0374928,49.884293],[6.0390377,49.882618],[6.0403576,49.882088],[6.039976,49.881954],[6.0419865,49.881386],[6.0418262,49.880867],[6.042181,49.880196],[6.043005,49.880596],[6.0453205,49.882694],[6.0460835,49.883026],[6.0476017,49.88307],[6.0487614,49.882713],[6.0490246,49.881844],[6.050043,49.88095],[6.051489,49.88025],[6.05361,49.879772],[6.0553265,49.8788],[6.0553036,49.878525],[6.056265,49.87839],[6.055544,49.876373],[6.056284,49.87601],[6.0568943,49.87515],[6.056978,49.873535],[6.0576916,49.871597],[6.0607166,49.870316],[6.060133,49.869816],[6.062994,49.86806],[6.0615444,49.865902],[6.0628834,49.865154],[6.0629025,49.86556],[6.0666714,49.86558],[6.0681324,49.865833],[6.0696087,49.866375],[6.071375,49.86747],[6.074236,49.8674],[6.078108,49.867775],[6.0782948,49.86746],[6.0790653,49.867832],[6.079458,49.86853],[6.0786304,49.870125],[6.0794315,49.871452],[6.0774937,49.87227],[6.0766506,49.872913],[6.0762653,49.874096],[6.0754223,49.87488],[6.0758,49.876278],[6.076208,49.876682],[6.0762157,49.87749],[6.076639,49.87818],[6.077631,49.87878],[6.0763874,49.878983],[6.075598,49.879524],[6.076185,49.88201],[6.0757008,49.882874],[6.074896,49.883255],[6.073286,49.88336],[6.072485,49.884045],[6.074301,49.88464],[6.0755177,49.88557],[6.07448,49.886723],[6.0751476,49.887554],[6.079813,49.889503],[6.078291,49.89017],[6.077276,49.891262],[6.07633,49.893646],[6.0743084,49.89443],[6.0756474,49.89506],[6.0717525,49.897373],[6.07176,49.898487],[6.0731716,49.899048],[6.0735455,49.89895],[6.073881,49.898247],[6.074648,49.898296],[6.07662,49.901737],[6.079172,49.90313],[6.0809116,49.903236],[6.083967,49.90292],[6.0851116,49.900288],[6.0872974,49.898182],[6.088579,49.896442],[6.091543,49.89528],[6.093889,49.892754],[6.0971394,49.8912],[6.0974064,49.890423],[6.0968075,49.889725],[6.0947475,49.889206],[6.0940685,49.88861],[6.094496,49.88786],[6.0959682,49.88725],[6.0997486,49.887276],[6.1010036,49.887608],[6.1027737,49.890987],[6.1046505,49.89277],[6.1067257,49.89641],[6.1080647,49.89714],[6.113886,49.897335],[6.115141,49.89708],[6.1163387,49.896576],[6.1165447,49.895454],[6.120466,49.89511],[6.119898,49.89418],[6.1241627,49.894733],[6.1255093,49.895245]]]},"properties":{"shapeName":"Bourscheid","shapeISO":"","shapeID":"21775719B36889222582909","shapeGroup":"LUX","shapeType":"ADM2"}},
{"type":"Feature","geometry":{"type":"Polygon","coordinates":[[[6.0758,49.876278],[6.0754223,49.87488],[6.0762653,49.874096],[6.0766506,49.872913],[6.0774937,49.87227],[6.0794315,49.871452],[6.0786304,49.870125],[6.079458,49.86853],[6.0790653,49.867832],[6.0782948,49.86746],[6.078108,49.867775],[6.074236,49.8674],[6.071375,49.86747],[6.0696087,49.866375],[6.0681324,49.865833],[6.0666714,49.86558],[6.0629025,49.86556],[6.0628834,49.865154],[6.0648327,49.864677],[6.064417,49.864334],[6.065485,49.86221],[6.065542,49.861732],[6.0642185,49.861374],[6.0645275,49.86075],[6.064211,49.858803],[6.0657177,49.858303],[6.0645847,49.85677],[6.0670414,49.855297],[6.0679836,49.852936],[6.068922,49.85295],[6.069006,49.85171],[6.0683193,49.85165],[6.068014,49.85065],[6.0641994,49.85097],[6.0643597,49.850418],[6.0635815,49.850365],[6.0634823,49.85],[6.063814,49.84843],[6.0605373,49.847134],[6.058794,49.84567],[6.058321,49.84587],[6.0572987,49.844723],[6.057642,49.844532],[6.0581646,49.8449],[6.0603313,49.84388],[6.0594616,49.84294],[6.0556316,49.840687],[6.058153,49.838432],[6.0582027,49.83767],[6.060072,49.837017],[6.0604496,49.836678],[6.0595303,49.836315],[6.0593395,49.836533],[6.058096,49.836033],[6.0570774,49.835026],[6.0568867,49.835155],[6.055746,49.834316],[6.055868,49.83583],[6.054655,49.837246],[6.053591,49.83775],[6.051077,49.838066],[6.0493946,49.836197],[6.048929,49.834774],[6.04751,49.834785],[6.046175,49.833885],[6.0430927,49.832977],[6.038107,49.832634],[6.039263,49.829197],[6.0415554,49.826477],[6.045088,49.8267],[6.048971,49.824398],[6.0514736,49.82532],[6.050169,49.826572],[6.056448,49.82872],[6.059004,49.83006],[6.0618954,49.830555],[6.0645733,49.834442],[6.065439,49.834152],[6.0639477,49.83225],[6.0639324,49.830956],[6.064371,49.83036],[6.0724964,49.830006],[6.080961,49.829704],[6.084257,49.82857],[6.085314,49.82854],[6.0853977,49.82923],[6.086916,49.830204],[6.0870037,49.82995],[6.09284,49.83015],[6.092581,49.829376],[6.093233,49.82939],[6.09379,49.831554],[6.092581,49.83411],[6.0924244,49.8359],[6.093313,49.83747],[6.0936604,49.837486],[6.093916,49.83705],[6.095682,49.836933],[6.0958385,49.83762],[6.099684,49.83706],[6.0998096,49.836876],[6.1007977,49.83846],[6.1031704,49.837727],[6.105383,49.83803],[6.1088123,49.837],[6.110853,49.837486],[6.1133747,49.8385],[6.114832,49.837837],[6.114599,49.840664],[6.113493,49.842987],[6.1143246,49.843056],[6.1143017,49.84328],[6.1164036,49.8434],[6.116297,49.845818],[6.1167126,49.84791],[6.1140194,49.84799],[6.111849,49.84841],[6.1113873,49.851566],[6.1105022,49.853577],[6.1093426,49.85498],[6.108534,49.85464],[6.1073055,49.856026],[6.106539,49.85632],[6.1055355,49.85738],[6.105772,49.857445],[6.103224,49.85891],[6.101782,49.860428],[6.1011753,49.8619],[6.1024113,49.86424],[6.1004887,49.864605],[6.0981464,49.865993],[6.096037,49.869476],[6.0956516,49.872047],[6.0946674,49.871536],[6.0931835,49.87122],[6.090555,49.87214],[6.089861,49.872753],[6.0897465,49.873363],[6.0880184,49.87284],[6.087496,49.87332],[6.0880795,49.874207],[6.0878277,49.875298],[6.084532,49.87565],[6.0838795,49.874676],[6.08243,49.87499],[6.0803967,49.874374],[6.0795,49.875446],[6.080187,49.876076],[6.076853,49.87717],[6.0759754,49.87616],[6.0758,49.876278]]]},"properties":{"shapeName":"Ettelbruck","shapeISO":"","shapeID":"21775719B88920598861802","shapeGroup":"LUX","shapeType":"ADM2"}},
{"type":"Feature","geometry":{"type":"Polygon","coordinates":[[[6.2286663,49.89274],[6.225771,49.892647],[6.2186146,49.893276],[6.2172527,49.893055],[6.2111607,49.889675],[6.2083683,49.887806],[6.2053394,49.888577],[6.2044277,49.887894],[6.202425,49.88828],[6.2001896,49.886047],[6.199915,49.886143],[6.1984234,49.88444],[6.193781,49.88623],[6.194113,49.88666],[6.192976,49.887062],[6.190363,49.88327],[6.1899776,49.8811],[6.1887608,49.879784],[6.1879444,49.879772],[6.1902943,49.874413],[6.189539,49.87301],[6.1884556,49.87239],[6.189581,49.870815],[6.1885204,49.870728],[6.1878757,49.871475],[6.1865406,49.871742],[6.184782,49.873104],[6.1799297,49.872322],[6.177946,49.872265],[6.177599,49.87252],[6.176386,49.872074],[6.1771603,49.86999],[6.1786747,49.87017],[6.178961,49.86918],[6.1795597,49.86855],[6.175699,49.868107],[6.176035,49.86667],[6.17647,49.866184],[6.1753254,49.865803],[6.176283,49.864628],[6.1748447,49.864105],[6.167898,49.86326],[6.168108,49.862446],[6.167387,49.862705],[6.164419,49.86228],[6.165018,49.859642],[6.163332,49.858932],[6.162203,49.858845],[6.1602154,49.85798],[6.159128,49.856846],[6.1575794,49.855934],[6.158983,49.853077],[6.157606,49.851444],[6.1559963,49.850445],[6.156294,49.848026],[6.155775,49.8471],[6.1557293,49.843254],[6.160986,49.843243],[6.163492,49.842506],[6.16527,49.8422],[6.1709766,49.8427],[6.1725636,49.843285],[6.1736507,49.84331],[6.1743183,49.843884],[6.1772175,49.845196],[6.1809635,49.846355],[6.182825,49.84657],[6.1852245,49.846493],[6.1873074,49.84602],[6.1933994,49.849403],[6.197096,49.85194],[6.198286,49.853264],[6.2013454,49.854477],[6.202631,49.854427],[6.2041225,49.85366],[6.2064304,49.853848],[6.209345,49.853504],[6.210371,49.85318],[6.2105274,49.85331],[6.2107525,49.853054],[6.212385,49.8528],[6.212347,49.852566],[6.2148685,49.851475],[6.215044,49.85117],[6.2170963,49.850616],[6.2186527,49.84924],[6.224066,49.84991],[6.230139,49.84944],[6.2326336,49.84949],[6.233034,49.8492],[6.234991,49.849453],[6.2370663,49.849426],[6.238741,49.85185],[6.2399426,49.85248],[6.241358,49.852848],[6.242388,49.854076],[6.2435246,49.854572],[6.24312,49.85523],[6.2441883,49.855274],[6.2459736,49.854805],[6.2464085,49.85503],[6.2472363,49.85665],[6.2481136,49.857555],[6.2470913,49.858315],[6.250372,49.859047],[6.2507763,49.859966],[6.250326,49.860634],[6.2519855,49.861217],[6.2516575,49.861675],[6.249193,49.86101],[6.2483044,49.861748],[6.2474117,49.863777],[6.2475414,49.8655],[6.2463284,49.866783],[6.2454433,49.868423],[6.24605,49.869457],[6.2500095,49.872513],[6.2512035,49.87307],[6.2514324,49.87754],[6.2498035,49.879803],[6.2483463,49.881203],[6.2498455,49.883476],[6.2472897,49.884773],[6.2434597,49.886242],[6.236925,49.888],[6.2344913,49.888905],[6.23287,49.89195],[6.2305737,49.89267],[6.2303066,49.892384],[6.2286663,49.89274]]]},"properties":{"shapeName":"Bettendorf","shapeISO":"","shapeID":"21775719B42744922055671","shapeGroup":"LUX","shapeType":"ADM2"}},
{"type":"Feature","geometry":{"type":"Polygon","coordinates":[[[6.1427517,49.83505],[6.141489,49.835968],[6.140951,49.83677],[6.137369,49.839005],[6.1358395,49.8403],[6.1330013,49.8417],[6.131075,49.842182],[6.1298313,49.84286],[6.1223316,49.842358],[6.1224194,49.842915],[6.120775,49.84305],[6.11841,49.84288],[6.1183453,49.84334],[6.1164036,49.8434],[6.1143017,49.84328],[6.1143246,49.843056],[6.113493,49.842987],[6.114599,49.840664],[6.114832,49.837837],[6.1133747,49.8385],[6.110853,49.837486],[6.1088123,49.837],[6.105383,49.83803],[6.1031704,49.837727],[6.1007977,49.83846],[6.0998096,49.836876],[6.099684,49.83706],[6.0958385,49.83762],[6.095682,49.836933],[6.093916,49.83705],[6.0936604,49.837486],[6.093313,49.83747],[6.0924244,49.8359],[6.092581,49.83411],[6.09379,49.831554],[6.093233,49.82939],[6.092581,49.829376],[6.09284,49.83015],[6.0870037,49.82995],[6.086916,49.830204],[6.0853977,49.82923],[6.085314,49.82854],[6.084257,49.82857],[6.080961,49.829704],[6.0724964,49.830006],[6.072405,49.829758],[6.0740757,49.829315],[6.074568,49.829556],[6.0750484,49.829453],[6.074873,49.828854],[6.07353,49.82777],[6.0737934,49.826447],[6.0727787,49.82545],[6.077059,49.82474],[6.0847454,49.822517],[6.09099,49.822872],[6.092684,49.822285],[6.09474,49.820984],[6.0963917,49.81861],[6.0964565,49.81803],[6.0945034,49.816944],[6.094656,49.81637],[6.0956173,49.815514],[6.097067,49.814842],[6.0983562,49.814995],[6.1009884,49.81462],[6.1036053,49.815002],[6.1050167,49.814606],[6.1080647,49.81281],[6.1082287,49.811653],[6.1093377,49.8103805],[6.1110954,49.810852],[6.1121607,49.8109],[6.1160383,49.81249],[6.117481,49.81339],[6.1239896,49.81579],[6.126241,49.817078],[6.127832,49.81757],[6.128287,49.818115],[6.131688,49.819496],[6.139307,49.824005],[6.143257,49.825447],[6.145716,49.826736],[6.14649,49.827045],[6.147192,49.831657],[6.1460285,49.833042],[6.1436977,49.834232],[6.1427517,49.83505]]]},"properties":{"shapeName":"Schieren","shapeISO":"","shapeID":"21775719B74804173445003","shapeGroup":"LUX","shapeType":"ADM2"}},
{"type":"Feature","geometry":{"type":"Polygon","coordinates":[[[6.0908566,49.69306],[6.0925426,49.693172],[6.093172,49.697414],[6.0936794,49.69871],[6.0935726,49.699867],[6.096182,49.700706],[6.101839,49.703674],[6.1049747,49.70562],[6.1062527,49.708458],[6.1059513,49.709427],[6.1047726,49.710625],[6.1042156,49.71235],[6.1059475,49.715767],[6.1055546,49.717648],[6.102087,49.720085],[6.099535,49.72146],[6.100939,49.722645],[6.100561,49.722725],[6.101465,49.72497],[6.1012135,49.725918],[6.1017513,49.727596],[6.1015415,49.728207],[6.101961,49.72853],[6.102354,49.729637],[6.1036396,49.731026],[6.106573,49.731525],[6.1053944,49.733078],[6.104124,49.733807],[6.1046352,49.73422],[6.102701,49.73515],[6.102247,49.73597],[6.102289,49.737797],[6.1055546,49.74076],[6.1067905,49.740406],[6.1073055,49.740658],[6.1088924,49.73994],[6.109186,49.739388],[6.1110477,49.738167],[6.112486,49.738285],[6.1127872,49.73809],[6.1122074,49.736958],[6.112669,49.736378],[6.1124477,49.735912],[6.1142216,49.73578],[6.1147633,49.735462],[6.1149273,49.735092],[6.1145725,49.73486],[6.115492,49.733032],[6.1160984,49.73297],[6.117361,49.732246],[6.1175175,49.73151],[6.1171703,49.73132],[6.117754,49.731224],[6.118326,49.730526],[6.1183796,49.729973],[6.1180515,49.729683],[6.1182957,49.729015],[6.1180553,49.728443],[6.1174793,49.728146],[6.118368,49.726093],[6.1229,49.7266],[6.122717,49.72739],[6.1233273,49.727478],[6.123251,49.72767],[6.1276913,49.728313],[6.1304264,49.728962],[6.1352406,49.734352],[6.134962,49.734497],[6.136732,49.735126],[6.139223,49.73652],[6.142599,49.73759],[6.1471767,49.738297],[6.1508617,49.739502],[6.156061,49.7433],[6.157053,49.744583],[6.156439,49.744453],[6.15687,49.74496],[6.1560154,49.746918],[6.157915,49.74918],[6.1559696,49.749626],[6.1583195,49.75063],[6.158968,49.751137],[6.158411,49.752506],[6.1588764,49.753433],[6.14958,49.75102],[6.1504917,49.749657],[6.1480885,49.74878],[6.14744,49.74883],[6.1453,49.751167],[6.1417027,49.753777],[6.142439,49.754303],[6.1432705,49.75439],[6.143198,49.754665],[6.144842,49.75521],[6.145441,49.755695],[6.1467686,49.756035],[6.147188,49.75648],[6.152323,49.75818],[6.151846,49.758667],[6.15106,49.758865],[6.147398,49.757675],[6.144293,49.757465],[6.1442776,49.757652],[6.145628,49.75799],[6.147146,49.75878],[6.1474514,49.75947],[6.146826,49.76001],[6.147024,49.76052],[6.1467457,49.76134],[6.1478786,49.76182],[6.1470165,49.762737],[6.1511135,49.765347],[6.1500034,49.76625],[6.1507053,49.76661],[6.1520634,49.765636],[6.152403,49.76584],[6.1518154,49.766308],[6.1521397,49.766525],[6.1505146,49.767796],[6.1516094,49.76822],[6.1522007,49.767914],[6.154619,49.76901],[6.152277,49.77108],[6.1511984,49.77253],[6.149354,49.771976],[6.149004,49.776127],[6.1480675,49.776974],[6.146702,49.77739],[6.1475563,49.778072],[6.144215,49.7815],[6.142482,49.78119],[6.141138,49.780132],[6.1406198,49.780384],[6.141048,49.78111],[6.140487,49.782158],[6.139743,49.782623],[6.1404204,49.785378],[6.1394806,49.785072],[6.1387362,49.78569],[6.137814,49.7852],[6.1333976,49.79057],[6.1326823,49.790176],[6.1312914,49.789967],[6.1296506,49.790066],[6.128456,49.789333],[6.1269097,49.789093],[6.1252637,49.788216],[6.123254,49.78786],[6.1211243,49.788555],[6.1207504,49.788292],[6.120275,49.788414],[6.120777,49.789307],[6.119974,49.78955],[6.1201973,49.791214],[6.117592,49.79061],[6.1170797,49.79083],[6.115638,49.790558],[6.1136594,49.79065],[6.1093135,49.789673],[6.107895,49.789143],[6.107851,49.79088],[6.1074703,49.7912716],[6.1016827,49.788982],[6.100584,49.788513],[6.1010303,49.787937],[6.0977497,49.786613],[6.097807,49.784958],[6.0962086,49.78444],[6.0973225,49.782818],[6.096895,49.782722],[6.096529,49.78332],[6.0960445,49.783173],[6.0972347,49.780945],[6.0994053,49.780735],[6.098585,49.78033],[6.0964413,49.77845],[6.0847073,49.775455],[6.0824375,49.774742],[6.0826321,49.7745991],[6.080385,49.773617],[6.0787334,49.77188],[6.0780964,49.768677],[6.0786953,49.767895],[6.077318,49.76765],[6.077345,49.767406],[6.076132,49.76756],[6.0714245,49.76918],[6.0701466,49.77012],[6.069128,49.770416],[6.0678844,49.77045],[6.066885,49.771046],[6.0665836,49.77093],[6.0635166,49.771404],[6.0624027,49.77111],[6.0605297,49.77106],[6.0585537,49.77057],[6.055029,49.769142],[6.0549793,49.768898],[6.052431,49.768856],[6.052374,49.768196],[6.044325,49.763958],[6.044832,49.76305],[6.0435886,49.76263],[6.0422,49.76381],[6.040514,49.759605],[6.0413723,49.75864],[6.0427265,49.7581],[6.0432415,49.75813],[6.043581,49.756573],[6.0428867,49.75634],[6.043684,49.755722],[6.0442753,49.754692],[6.0445156,49.752213],[6.0435925,49.750584],[6.041567,49.749622],[6.0401096,49.748363],[6.042082,49.747215],[6.0412617,49.74688],[6.0389423,49.74667],[6.0378704,49.745823],[6.038515,49.74546],[6.037321,49.743317],[6.038534,49.74187],[6.0387287,49.74118],[6.039545,49.74062],[6.0394115,49.739994],[6.0399265,49.740005],[6.039526,49.739853],[6.0398045,49.73918],[6.040327,49.739],[6.040327,49.73761],[6.0409718,49.736794],[6.0409794,49.73621],[6.0414944,49.736145],[6.041525,49.73572],[6.0410175,49.73559],[6.041773,49.734955],[6.041647,49.734627],[6.0422916,49.7343],[6.0428564,49.733099],[6.0435241,49.7326525],[6.0440808,49.7326495],[6.0441531,49.7320825],[6.0450041,49.7316225],[6.0449811,49.7312825],[6.0456296,49.7310775],[6.0455761,49.7313025],[6.0459081,49.7313025],[6.0460301,49.7308325],[6.0464955,49.7305625],[6.0475904,49.7303685],[6.0479146,49.7299795],[6.0480941,49.7301165],[6.0484525,49.7297995],[6.0487767,49.7298725],[6.0489711,49.7295905],[6.0501691,49.72931550000001],[6.0503521,49.7290675],[6.0543691,49.72819040000001],[6.0548001,49.7274384],[6.0558071,49.7266374],[6.0562306,49.7266144],[6.0568334,49.7257604],[6.0567304,49.7242154],[6.0571538,49.7230094],[6.0587711,49.7213824],[6.0586644,49.7209654],[6.0663241,49.7248624],[6.0667251,49.7250274],[6.0672856,49.7246924],[6.0704366,49.7223654],[6.0739001,49.7180084],[6.0727521,49.7179474],[6.0716841,49.7173944],[6.0702841,49.7174594],[6.0692541,49.7165824],[6.0697957,49.7159564],[6.0732823,49.7164324],[6.0736941,49.7167804],[6.0770474,49.7167454],[6.0782949,49.7165974],[6.0837918,49.7150484],[6.0817128,49.7142324],[6.0782147,49.7075794],[6.0770436,49.7064654],[6.0746938,49.7023494],[6.0720197,49.6988278],[6.072836,49.698406],[6.0720806,49.697483],[6.0723553,49.696945],[6.071741,49.696587],[6.0733624,49.695248],[6.07522,49.694336],[6.081278,49.695557],[6.086775,49.69871],[6.090399,49.698692],[6.0905895,49.69782],[6.091028,49.69751],[6.090166,49.69582],[6.0912495,49.695488],[6.090616,49.69495],[6.091013,49.69429],[6.09041,49.693398],[6.0908566,49.69306]]]},"properties":{"shapeName":"Mersch","shapeISO":"","shapeID":"21775719B84839302070577","shapeGroup":"LUX","shapeType":"ADM2"}},
{"type":"Feature","geometry":{"type":"Polygon","coordinates":[[[6.145716,49.826736],[6.143257,49.825447],[6.139307,49.824005],[6.131688,49.819496],[6.128287,49.818115],[6.127832,49.81757],[6.126241,49.817078],[6.1239896,49.81579],[6.117481,49.81339],[6.1160383,49.81249],[6.1121607,49.8109],[6.1110954,49.810852],[6.1093377,49.8103805],[6.1109814,49.8095505],[6.1109308,49.8081975],[6.1114804,49.8059465],[6.112307,49.8044505],[6.1139769,49.8030005],[6.1151744,49.8023345],[6.1163744,49.8018405],[6.1172151,49.8022355],[6.118009,49.801884499999986],[6.1173977,49.8009105],[6.1157211,49.8004385],[6.112677,49.7989655],[6.1127104,49.7979435],[6.1105864,49.7955205],[6.1089558,49.7945255],[6.1061474,49.7934655],[6.1045834,49.7922675],[6.1074703,49.7912716],[6.107851,49.79088],[6.107895,49.789143],[6.1093135,49.789673],[6.1136594,49.79065],[6.115638,49.790558],[6.1170797,49.79083],[6.117592,49.79061],[6.1201973,49.791214],[6.119974,49.78955],[6.120777,49.789307],[6.120275,49.788414],[6.1207504,49.788292],[6.1211243,49.788555],[6.123254,49.78786],[6.1252637,49.788216],[6.1269097,49.789093],[6.128456,49.789333],[6.1296506,49.790066],[6.1312914,49.789967],[6.1326823,49.790176],[6.1333976,49.79057],[6.137814,49.7852],[6.1387362,49.78569],[6.1394806,49.785072],[6.1404204,49.785378],[6.139743,49.782623],[6.140487,49.782158],[6.141048,49.78111],[6.1406198,49.780384],[6.141138,49.780132],[6.142482,49.78119],[6.144215,49.7815],[6.1475563,49.778072],[6.146702,49.77739],[6.1480675,49.776974],[6.149004,49.776127],[6.149354,49.771976],[6.1511984,49.77253],[6.152277,49.77108],[6.156862,49.772106],[6.159223,49.7734],[6.1599364,49.773903],[6.15805,49.775124],[6.1588182,49.775326],[6.159178,49.77576],[6.161078,49.78114],[6.161869,49.78103],[6.163379,49.78193],[6.1642017,49.78214],[6.1656365,49.78099],[6.166838,49.781933],[6.1670666,49.78292],[6.1680746,49.783405],[6.169937,49.7834],[6.1705832,49.782623],[6.1709847,49.78263],[6.171203,49.781475],[6.172192,49.784317],[6.174049,49.78415],[6.1733923,49.78468],[6.1792755,49.78712],[6.178997,49.786655],[6.1799107,49.785976],[6.1808105,49.78618],[6.1815486,49.785614],[6.18403,49.785145],[6.1853867,49.78711],[6.183153,49.78842],[6.183298,49.789944],[6.1864376,49.793545],[6.1868076,49.7956],[6.1877193,49.796883],[6.1886578,49.799614],[6.190447,49.800316],[6.1921787,49.800552],[6.192301,49.799843],[6.1973286,49.799812],[6.1967335,49.801796],[6.195265,49.80224],[6.1935215,49.803467],[6.191187,49.802734],[6.1907177,49.80332],[6.191904,49.804077],[6.1921253,49.80459],[6.1903095,49.804314],[6.1886578,49.806404],[6.19018,49.808952],[6.1909657,49.808975],[6.1912365,49.80964],[6.190943,49.810352],[6.1916447,49.812103],[6.19108,49.814247],[6.1900425,49.81608],[6.1876965,49.818016],[6.1891384,49.822273],[6.185526,49.823032],[6.181864,49.822598],[6.175001,49.820885],[6.1709957,49.82126],[6.1668644,49.82244],[6.1641445,49.82212],[6.1626453,49.822693],[6.1615505,49.821808],[6.158621,49.820473],[6.152651,49.818428],[6.152525,49.818653],[6.151663,49.818344],[6.1508465,49.818703],[6.1504993,49.819275],[6.150526,49.82005],[6.151167,49.821],[6.150446,49.821697],[6.150774,49.822876],[6.1491337,49.82566],[6.147913,49.8264],[6.146414,49.825962],[6.145716,49.826736]]]},"properties":{"shapeName":"Nommern","shapeISO":"","shapeID":"21775719B64351094735989","shapeGroup":"LUX","shapeType":"ADM2"}},
{"type":"Feature","geometry":{"type":"Polygon","coordinates":[[[6.1016827,49.788982],[6.097971,49.79094],[6.0981426,49.791325],[6.094694,49.79292],[6.09149,49.793953],[6.0897465,49.79378],[6.0892963,49.793972],[6.08502,49.796467],[6.084696,49.796776],[6.0847034,49.79759],[6.083021,49.79761],[6.0809727,49.798187],[6.078829,49.797935],[6.076597,49.79821],[6.075632,49.79745],[6.075041,49.79784],[6.0749035,49.79833],[6.0731525,49.799015],[6.070837,49.80045],[6.0676594,49.800953],[6.0664463,49.801422],[6.06238,49.801147],[6.0614033,49.804237],[6.061537,49.806652],[6.0628796,49.808033],[6.065073,49.808426],[6.066183,49.80887],[6.061022,49.811394],[6.057123,49.81408],[6.0537663,49.81508],[6.051058,49.815163],[6.0483074,49.815994],[6.0449085,49.81814],[6.0442905,49.819138],[6.0444508,49.820732],[6.043154,49.823093],[6.040766,49.822823],[6.036478,49.82203],[6.032263,49.81974],[6.031599,49.816902],[6.0297756,49.81391],[6.028597,49.8127],[6.0288715,49.81157],[6.027918,49.810364],[6.028345,49.80964],[6.030592,49.80887],[6.0299473,49.808197],[6.0306034,49.807697],[6.0385723,49.80377],[6.035063,49.80344],[6.029108,49.80128],[6.0287457,49.800793],[6.026396,49.80048],[6.0258465,49.799934],[6.025526,49.80002],[6.0195026,49.798466],[6.0207005,49.796818],[6.0152264,49.79544],[6.0155926,49.793625],[6.0145397,49.79095],[6.0126095,49.79024],[6.013502,49.788994],[6.013567,49.787983],[6.013262,49.78798],[6.013117,49.787598],[6.013609,49.78697],[6.014063,49.786438],[6.0163326,49.785664],[6.0176716,49.784286],[6.018545,49.784058],[6.018877,49.783573],[6.021143,49.782932],[6.0224323,49.78192],[6.025263,49.7809],[6.026346,49.78125],[6.028307,49.781567],[6.029009,49.7814],[6.029791,49.781666],[6.0298595,49.781425],[6.0303516,49.781517],[6.0316143,49.781227],[6.033045,49.78138],[6.034094,49.782967],[6.0347195,49.782703],[6.0347652,49.78128],[6.0353603,49.780567],[6.0351505,49.78015],[6.036173,49.77965],[6.0365314,49.779007],[6.036833,49.77903],[6.0366116,49.778313],[6.038168,49.77673],[6.038721,49.77503],[6.039633,49.77451],[6.039953,49.773735],[6.039522,49.773468],[6.039198,49.771988],[6.0387554,49.771404],[6.0384274,49.77137],[6.0392246,49.77034],[6.0391407,49.769794],[6.0379734,49.76854],[6.037924,49.767735],[6.037115,49.766388],[6.0407352,49.764923],[6.044325,49.763958],[6.052374,49.768196],[6.052431,49.768856],[6.0549793,49.768898],[6.055029,49.769142],[6.0585537,49.77057],[6.0605297,49.77106],[6.0624027,49.77111],[6.0635166,49.771404],[6.0665836,49.77093],[6.066885,49.771046],[6.0678844,49.77045],[6.069128,49.770416],[6.0701466,49.77012],[6.0714245,49.76918],[6.076132,49.76756],[6.077345,49.767406],[6.077318,49.76765],[6.0786953,49.767895],[6.0780964,49.768677],[6.0787334,49.77188],[6.080385,49.773617],[6.0826321,49.7745991],[6.0824375,49.774742],[6.0847073,49.775455],[6.0964413,49.77845],[6.098585,49.78033],[6.0994053,49.780735],[6.0972347,49.780945],[6.0960445,49.783173],[6.096529,49.78332],[6.096895,49.782722],[6.0973225,49.782818],[6.0962086,49.78444],[6.097807,49.784958],[6.0977497,49.786613],[6.1010303,49.787937],[6.100584,49.788513],[6.1016827,49.788982]]]},"properties":{"shapeName":"Bissen","shapeISO":"","shapeID":"21775719B96705866504601","shapeGroup":"LUX","shapeType":"ADM2"}},
{"type":"Feature","geometry":{"type":"Polygon","coordinates":[[[6.1967335,49.801796],[6.1973286,49.799812],[6.192301,49.799843],[6.1921787,49.800552],[6.190447,49.800316],[6.1886578,49.799614],[6.1877193,49.796883],[6.1868076,49.7956],[6.1864376,49.793545],[6.183298,49.789944],[6.183153,49.78842],[6.1853867,49.78711],[6.18403,49.785145],[6.1815486,49.785614],[6.1808105,49.78618],[6.1799107,49.785976],[6.178997,49.786655],[6.1792755,49.78712],[6.1733923,49.78468],[6.174049,49.78415],[6.172192,49.784317],[6.171203,49.781475],[6.1709847,49.78263],[6.1705832,49.782623],[6.169937,49.7834],[6.1680746,49.783405],[6.1670666,49.78292],[6.166838,49.781933],[6.1656365,49.78099],[6.1642017,49.78214],[6.163379,49.78193],[6.161869,49.78103],[6.161078,49.78114],[6.159178,49.77576],[6.1588182,49.775326],[6.15805,49.775124],[6.1599364,49.773903],[6.159223,49.7734],[6.15967,49.77309],[6.161825,49.774136],[6.164156,49.77475],[6.1646824,49.77437],[6.1668606,49.774597],[6.1678677,49.773586],[6.167307,49.773323],[6.1698246,49.77007],[6.1704464,49.770126],[6.1704807,49.769207],[6.170988,49.76919],[6.1708736,49.76825],[6.171297,49.768436],[6.173418,49.767456],[6.1720715,49.766514],[6.173456,49.766125],[6.174837,49.763912],[6.1755085,49.764],[6.1756535,49.76348],[6.1749973,49.763348],[6.1756916,49.76154],[6.1797695,49.76196],[6.1796055,49.761196],[6.1811085,49.760803],[6.18128,49.760925],[6.182783,49.75914],[6.184183,49.75904],[6.184469,49.759525],[6.1854954,49.759975],[6.185873,49.761448],[6.194147,49.761497],[6.2014027,49.760677],[6.203966,49.760628],[6.2042217,49.75997],[6.20706,49.75944],[6.2067547,49.75842],[6.2098217,49.757107],[6.214937,49.757473],[6.215658,49.75716],[6.216074,49.757286],[6.2160244,49.7576],[6.2163525,49.757656],[6.216608,49.757397],[6.2174435,49.758003],[6.218443,49.7582],[6.2195644,49.75806],[6.2204647,49.75861],[6.2209377,49.758602],[6.2219334,49.75973],[6.2218456,49.760204],[6.224962,49.76197],[6.226778,49.76442],[6.227705,49.764694],[6.2287655,49.765545],[6.2295895,49.767124],[6.2283764,49.768635],[6.2272625,49.76945],[6.227228,49.77007],[6.225649,49.77063],[6.2236385,49.770958],[6.2228336,49.771442],[6.2225056,49.7729],[6.223482,49.774006],[6.2233753,49.774895],[6.2225056,49.775978],[6.2220707,49.775826],[6.220915,49.775944],[6.22048,49.77634],[6.2204,49.777126],[6.2225285,49.778637],[6.2241,49.781143],[6.224016,49.782543],[6.2235355,49.78359],[6.224203,49.78631],[6.225733,49.78612],[6.2261677,49.78697],[6.2355785,49.79184],[6.2338467,49.793865],[6.23353,49.79375],[6.2325764,49.794506],[6.232229,49.795288],[6.232443,49.796143],[6.231615,49.79655],[6.228422,49.795612],[6.224375,49.795074],[6.2245197,49.794853],[6.222864,49.794243],[6.221731,49.793434],[6.2212276,49.791214],[6.2191525,49.791523],[6.2180767,49.789345],[6.217245,49.78983],[6.2174816,49.790226],[6.215479,49.790695],[6.211363,49.792194],[6.2094326,49.793674],[6.208082,49.79405],[6.2075787,49.794567],[6.207632,49.794956],[6.208128,49.794914],[6.20825,49.79515],[6.20817,49.796124],[6.2054462,49.797985],[6.2025013,49.798523],[6.202612,49.798725],[6.2014866,49.79913],[6.197901,49.799725],[6.198248,49.80065],[6.1980343,49.801662],[6.1967335,49.801796]]]},"properties":{"shapeName":"Larochette","shapeISO":"","shapeID":"21775719B65170086529426","shapeGroup":"LUX","shapeType":"ADM2"}},
{"type":"Feature","geometry":{"type":"Polygon","coordinates":[[[6.04035,49.82609],[6.0411587,49.824158],[6.040766,49.822823],[6.043154,49.823093],[6.0444508,49.820732],[6.0442905,49.819138],[6.0449085,49.81814],[6.0483074,49.815994],[6.051058,49.815163],[6.0537663,49.81508],[6.057123,49.81408],[6.061022,49.811394],[6.066183,49.80887],[6.065073,49.808426],[6.0628796,49.808033],[6.061537,49.806652],[6.0614033,49.804237],[6.06238,49.801147],[6.0664463,49.801422],[6.0676594,49.800953],[6.070837,49.80045],[6.0731525,49.799015],[6.0749035,49.79833],[6.075041,49.79784],[6.075632,49.79745],[6.076597,49.79821],[6.078829,49.797935],[6.0809727,49.798187],[6.083021,49.79761],[6.0847034,49.79759],[6.084696,49.796776],[6.08502,49.796467],[6.0892963,49.793972],[6.0897465,49.79378],[6.09149,49.793953],[6.094694,49.79292],[6.0981426,49.791325],[6.097971,49.79094],[6.1016827,49.788982],[6.1074703,49.7912716],[6.1045834,49.7922675],[6.1061474,49.7934655],[6.1089558,49.7945255],[6.1105864,49.7955205],[6.1127104,49.7979435],[6.112677,49.7989655],[6.1157211,49.8004385],[6.1173977,49.8009105],[6.118009,49.801884499999986],[6.1172151,49.8022355],[6.1163744,49.8018405],[6.1151744,49.8023345],[6.1139769,49.8030005],[6.112307,49.8044505],[6.1114804,49.8059465],[6.1109308,49.8081975],[6.1109814,49.8095505],[6.1093377,49.8103805],[6.1082287,49.811653],[6.1080647,49.81281],[6.1050167,49.814606],[6.1036053,49.815002],[6.1009884,49.81462],[6.0983562,49.814995],[6.097067,49.814842],[6.0956173,49.815514],[6.094656,49.81637],[6.0945034,49.816944],[6.0964565,49.81803],[6.0963917,49.81861],[6.09474,49.820984],[6.092684,49.822285],[6.09099,49.822872],[6.0847454,49.822517],[6.077059,49.82474],[6.0727787,49.82545],[6.0737934,49.826447],[6.07353,49.82777],[6.074873,49.828854],[6.0750484,49.829453],[6.074568,49.829556],[6.0740757,49.829315],[6.072405,49.829758],[6.0724964,49.830006],[6.064371,49.83036],[6.0639324,49.830956],[6.0639477,49.83225],[6.065439,49.834152],[6.0645733,49.834442],[6.0618954,49.830555],[6.059004,49.83006],[6.056448,49.82872],[6.050169,49.826572],[6.0514736,49.82532],[6.048971,49.824398],[6.045088,49.8267],[6.0415554,49.826477],[6.04035,49.82609]]]},"properties":{"shapeName":"Colmar-Berg","shapeISO":"","shapeID":"21775719B52582225974762","shapeGroup":"LUX","shapeType":"ADM2"}},
{"type":"Feature","geometry":{"type":"Polygon","coordinates":[[[6.044325,49.763958],[6.0407352,49.764923],[6.037115,49.766388],[6.037924,49.767735],[6.0379734,49.76854],[6.0391407,49.769794],[6.0392246,49.77034],[6.0384274,49.77137],[6.0387554,49.771404],[6.039198,49.771988],[6.039522,49.773468],[6.039953,49.773735],[6.039633,49.77451],[6.038721,49.77503],[6.038168,49.77673],[6.0366116,49.778313],[6.036833,49.77903],[6.0365314,49.779007],[6.036173,49.77965],[6.0351505,49.78015],[6.0353603,49.780567],[6.0347652,49.78128],[6.0347195,49.782703],[6.034094,49.782967],[6.033045,49.78138],[6.0316143,49.781227],[6.0303516,49.781517],[6.0298595,49.781425],[6.029791,49.781666],[6.029009,49.7814],[6.028307,49.781567],[6.026346,49.78125],[6.025263,49.7809],[6.0224323,49.78192],[6.021143,49.782932],[6.018877,49.783573],[6.018545,49.784058],[6.0176716,49.784286],[6.0163326,49.785664],[6.014063,49.786438],[6.013609,49.78697],[6.009878,49.786777],[6.006445,49.78739],[6.0053577,49.78712],[6.001436,49.785942],[6.0018253,49.785408],[5.9985104,49.783573],[5.9990063,49.78271],[5.997694,49.78187],[5.9990673,49.781094],[5.998255,49.78069],[6.0002995,49.778423],[6.000822,49.776703],[5.998743,49.775047],[5.9999523,49.775127],[6.0000057,49.774445],[6.001585,49.774464],[6.0013905,49.773785],[6.003088,49.773384],[6.0020657,49.77281],[6.0000134,49.772446],[5.9990635,49.771667],[5.9980145,49.771835],[5.9971104,49.77037],[5.9960155,49.770317],[5.997175,49.769127],[5.9968586,49.768887],[5.9973164,49.768528],[5.9968357,49.768192],[5.9975643,49.765526],[5.9981136,49.764435],[5.9986134,49.764378],[5.999815,49.76189],[5.9954624,49.760536],[5.9961643,49.759842],[5.993593,49.758183],[5.992983,49.756878],[5.989744,49.754948],[5.9879665,49.754627],[5.987955,49.75435],[5.989687,49.754017],[5.989065,49.75336],[5.989004,49.752472],[5.9883747,49.752174],[5.989073,49.75136],[5.9894123,49.75033],[5.988886,49.750275],[5.9891605,49.749817],[5.987028,49.74923],[5.9859333,49.74861],[5.9884815,49.746765],[5.990103,49.744667],[5.990858,49.744957],[5.990999,49.74481],[5.987013,49.743008],[5.9888706,49.74194],[5.988596,49.74182],[5.98892,49.741165],[5.990534,49.741882],[5.9906597,49.741703],[5.9927998,49.74232],[5.9930973,49.742023],[5.9937077,49.742344],[5.995165,49.740925],[5.9977474,49.74177],[5.997259,49.742393],[5.99774,49.74259],[6.0020046,49.737934],[6.0046635,49.737324],[6.0052624,49.736935],[6.0068455,49.736816],[6.007044,49.736275],[6.0067997,49.7363],[6.006605,49.73556],[6.0010064,49.7340308],[6.0017185,49.73305],[6.0020084,49.733128],[6.002863,49.732414],[6.0033207,49.731358],[6.004877,49.73115],[6.003824,49.727955],[6.0052395,49.72722],[6.0050106,49.727047],[6.0076847,49.727863],[6.007986,49.727512],[6.010687,49.728848],[6.0131054,49.729073],[6.0171986,49.730133],[6.019163,49.73003],[6.0197277,49.72946],[6.0205936,49.729164],[6.027132,49.730583],[6.0322704,49.73106],[6.034437,49.731567],[6.035166,49.73199],[6.0391445,49.73168],[6.0406246,49.73251],[6.0428564,49.733099],[6.0422916,49.7343],[6.041647,49.734627],[6.041773,49.734955],[6.0410175,49.73559],[6.041525,49.73572],[6.0414944,49.736145],[6.0409794,49.73621],[6.0409718,49.736794],[6.040327,49.73761],[6.040327,49.739],[6.0398045,49.73918],[6.039526,49.739853],[6.0399265,49.740005],[6.0394115,49.739994],[6.039545,49.74062],[6.0387287,49.74118],[6.038534,49.74187],[6.037321,49.743317],[6.038515,49.74546],[6.0378704,49.745823],[6.0389423,49.74667],[6.0412617,49.74688],[6.042082,49.747215],[6.0401096,49.748363],[6.041567,49.749622],[6.0435925,49.750584],[6.0445156,49.752213],[6.0442753,49.754692],[6.043684,49.755722],[6.0428867,49.75634],[6.043581,49.756573],[6.0432415,49.75813],[6.0427265,49.7581],[6.0413723,49.75864],[6.040514,49.759605],[6.0422,49.76381],[6.0435886,49.76263],[6.044832,49.76305],[6.044325,49.763958]]]},"properties":{"shapeName":"Boevange-sur-Attert","shapeISO":"","shapeID":"21775719B71463456243881","shapeGroup":"LUX","shapeType":"ADM2"}},
{"type":"Feature","geometry":{"type":"Polygon","coordinates":[[[6.090147,49.685333],[6.0934086,49.684742],[6.098612,49.686245],[6.104933,49.68899],[6.105074,49.68941],[6.1060505,49.689297],[6.106306,49.689823],[6.1070194,49.689644],[6.1072063,49.68999],[6.108473,49.69024],[6.113577,49.690826],[6.1137676,49.691338],[6.1155605,49.690857],[6.1167965,49.691196],[6.1179943,49.69205],[6.11878,49.691933],[6.1190014,49.692116],[6.119604,49.691074],[6.1194897,49.690502],[6.1208057,49.690033],[6.1213856,49.691067],[6.123625,49.69081],[6.125868,49.692307],[6.12591,49.691643],[6.1276073,49.69154],[6.1274433,49.69082],[6.1296215,49.69077],[6.129675,49.690357],[6.1306896,49.690403],[6.1307545,49.69],[6.133066,49.689857],[6.1345043,49.689526],[6.1349964,49.689762],[6.13571,49.689484],[6.135248,49.68891],[6.1337643,49.688457],[6.133993,49.687717],[6.132559,49.686863],[6.1350193,49.686398],[6.1343403,49.685467],[6.135515,49.685356],[6.13447,49.684742],[6.134096,49.6829],[6.1382046,49.68252],[6.138365,49.683224],[6.1417713,49.68264],[6.1426754,49.683147],[6.144327,49.68178],[6.1479626,49.681343],[6.1537457,49.68205],[6.1559086,49.68199],[6.156126,49.6824],[6.1604137,49.682228],[6.1639996,49.684822],[6.169031,49.68595],[6.167017,49.686943],[6.173807,49.689438],[6.1756954,49.689552],[6.1771526,49.689236],[6.179079,49.690575],[6.179861,49.690025],[6.181139,49.690926],[6.18099,49.69177],[6.1829243,49.693153],[6.180441,49.69483],[6.1790752,49.696167],[6.181017,49.69719],[6.1826572,49.697426],[6.184561,49.698742],[6.184973,49.69876],[6.185255,49.699577],[6.1837482,49.701546],[6.184889,49.702335],[6.1857357,49.70494],[6.187231,49.706184],[6.18614,49.707207],[6.1859264,49.708042],[6.186796,49.70933],[6.187067,49.711056],[6.1868,49.712894],[6.186514,49.713528],[6.1848927,49.71458],[6.184328,49.716293],[6.181864,49.715538],[6.179983,49.717094],[6.179144,49.716843],[6.177458,49.717915],[6.1789722,49.718426],[6.1770306,49.720154],[6.1760464,49.722435],[6.175459,49.723038],[6.1710415,49.72122],[6.17045,49.72253],[6.170191,49.72241],[6.168413,49.721478],[6.168333,49.720425],[6.166704,49.719532],[6.1669483,49.718998],[6.1641903,49.718174],[6.163622,49.715923],[6.1592617,49.714355],[6.1539555,49.713963],[6.1528454,49.713524],[6.1500072,49.713413],[6.1457386,49.71197],[6.1449947,49.712032],[6.1432095,49.713676],[6.141325,49.712788],[6.1408405,49.712845],[6.136759,49.711876],[6.13616,49.711502],[6.133566,49.711113],[6.1310406,49.70938],[6.1259403,49.706673],[6.121092,49.704643],[6.1184864,49.70418],[6.115835,49.70402],[6.113283,49.704475],[6.113188,49.704273],[6.1123905,49.704388],[6.1100864,49.70502],[6.1068783,49.705124],[6.1049747,49.70562],[6.101839,49.703674],[6.096182,49.700706],[6.0935726,49.699867],[6.0936794,49.69871],[6.093172,49.697414],[6.0925426,49.693172],[6.0908566,49.69306],[6.090708,49.69233],[6.0912914,49.6921],[6.091299,49.691666],[6.091879,49.691517],[6.0915165,49.69096],[6.0919933,49.69057],[6.092249,49.689625],[6.0914288,49.689026],[6.092005,49.688465],[6.090769,49.688004],[6.0907307,49.686924],[6.0901775,49.686535],[6.0904255,49.686104],[6.090147,49.685333]]]},"properties":{"shapeName":"Lorentzweiler","shapeISO":"","shapeID":"21775719B57961603846352","shapeGroup":"LUX","shapeType":"ADM2"}},
{"type":"Feature","geometry":{"type":"Polygon","coordinates":[[[6.2649326,49.74432],[6.265257,49.744774],[6.2647724,49.745476],[6.2651196,49.746544],[6.2656612,49.746674],[6.2655163,49.74727],[6.266062,49.748127],[6.2694645,49.750526],[6.2718983,49.752995],[6.271452,49.75467],[6.272478,49.755634],[6.2724094,49.757416],[6.275633,49.758217],[6.2771854,49.76006],[6.277403,49.76092],[6.279024,49.76254],[6.2788105,49.762947],[6.2778225,49.763203],[6.277136,49.763058],[6.2756557,49.763214],[6.2750416,49.764194],[6.2794437,49.766697],[6.279539,49.766968],[6.2786846,49.76821],[6.2773266,49.76789],[6.276705,49.769222],[6.2758007,49.76917],[6.2752285,49.770245],[6.271799,49.769753],[6.2682705,49.768753],[6.267435,49.7691],[6.2666035,49.768982],[6.2674694,49.769432],[6.267267,49.76965],[6.264887,49.768795],[6.2647495,49.768417],[6.2631016,49.76871],[6.263197,49.770073],[6.264616,49.769962],[6.2646694,49.77049],[6.2633,49.77352],[6.2613316,49.776405],[6.263357,49.776665],[6.2632694,49.776936],[6.26367,49.776974],[6.2628193,49.77879],[6.259363,49.7782],[6.256773,49.777122],[6.2552204,49.778553],[6.253916,49.778763],[6.2528973,49.777615],[6.2512226,49.77685],[6.247732,49.78037],[6.248266,49.7805],[6.247942,49.780865],[6.2462864,49.780457],[6.2459354,49.78086],[6.244013,49.780094],[6.2428036,49.78123],[6.2425747,49.781982],[6.240099,49.78135],[6.2374325,49.781082],[6.2366543,49.782864],[6.2422085,49.783752],[6.243246,49.78363],[6.2451572,49.78405],[6.248575,49.785378],[6.2464848,49.787613],[6.2467976,49.787777],[6.2450733,49.78904],[6.2435474,49.787968],[6.242037,49.786343],[6.2409496,49.787067],[6.2376957,49.78615],[6.2355785,49.79184],[6.2261677,49.78697],[6.225733,49.78612],[6.224203,49.78631],[6.2235355,49.78359],[6.224016,49.782543],[6.2241,49.781143],[6.2225285,49.778637],[6.2204,49.777126],[6.22048,49.77634],[6.220915,49.775944],[6.2220707,49.775826],[6.2225056,49.775978],[6.2233753,49.774895],[6.223482,49.774006],[6.2225056,49.7729],[6.2228336,49.771442],[6.2236385,49.770958],[6.225649,49.77063],[6.227228,49.77007],[6.2272625,49.76945],[6.2283764,49.768635],[6.2295895,49.767124],[6.2287655,49.765545],[6.227705,49.764694],[6.226778,49.76442],[6.224962,49.76197],[6.2218456,49.760204],[6.2219334,49.75973],[6.2240505,49.75901],[6.2269955,49.75893],[6.2274113,49.75838],[6.2278614,49.75599],[6.2257786,49.75573],[6.2237873,49.75592],[6.222742,49.755516],[6.2225666,49.754646],[6.2231236,49.754074],[6.2249813,49.753975],[6.2254314,49.75317],[6.2261257,49.75268],[6.2282925,49.752785],[6.2275867,49.74972],[6.229067,49.748447],[6.2306805,49.747543],[6.235365,49.74732],[6.2412434,49.746147],[6.247553,49.74584],[6.2508793,49.745102],[6.255022,49.745064],[6.2615604,49.745426],[6.2632046,49.744915],[6.2643375,49.74425],[6.2649326,49.74432]]]},"properties":{"shapeName":"Heffingen","shapeISO":"","shapeID":"21775719B80423014850063","shapeGroup":"LUX","shapeType":"ADM2"}},
{"type":"Feature","geometry":{"type":"Polygon","coordinates":[[[6.1049747,49.70562],[6.1068783,49.705124],[6.1100864,49.70502],[6.1123905,49.704388],[6.113188,49.704273],[6.113283,49.704475],[6.115835,49.70402],[6.1184864,49.70418],[6.121092,49.704643],[6.1259403,49.706673],[6.1310406,49.70938],[6.133566,49.711113],[6.13616,49.711502],[6.136759,49.711876],[6.1408405,49.712845],[6.141325,49.712788],[6.1432095,49.713676],[6.1449947,49.712032],[6.1457386,49.71197],[6.1500072,49.713413],[6.1528454,49.713524],[6.1539555,49.713963],[6.1592617,49.714355],[6.163622,49.715923],[6.1641903,49.718174],[6.1669483,49.718998],[6.166704,49.719532],[6.168333,49.720425],[6.168413,49.721478],[6.170191,49.72241],[6.17045,49.72253],[6.1710415,49.72122],[6.175459,49.723038],[6.1760464,49.722435],[6.1783733,49.72515],[6.1782284,49.72546],[6.18091,49.7259],[6.18128,49.72613],[6.1811543,49.72649],[6.1846294,49.727467],[6.1848774,49.729206],[6.184023,49.731506],[6.182226,49.7331],[6.176729,49.736073],[6.173067,49.738926],[6.1723003,49.740475],[6.1720257,49.743862],[6.169962,49.743736],[6.169939,49.743935],[6.1673717,49.743923],[6.1647205,49.743073],[6.164274,49.74321],[6.1643467,49.743454],[6.1607723,49.74325],[6.157053,49.744583],[6.156061,49.7433],[6.1508617,49.739502],[6.1471767,49.738297],[6.142599,49.73759],[6.139223,49.73652],[6.136732,49.735126],[6.134962,49.734497],[6.1352406,49.734352],[6.1304264,49.728962],[6.1276913,49.728313],[6.123251,49.72767],[6.1233273,49.727478],[6.122717,49.72739],[6.1229,49.7266],[6.118368,49.726093],[6.1174793,49.728146],[6.1180553,49.728443],[6.1182957,49.729015],[6.1180515,49.729683],[6.1183796,49.729973],[6.118326,49.730526],[6.117754,49.731224],[6.1171703,49.73132],[6.1175175,49.73151],[6.117361,49.732246],[6.1160984,49.73297],[6.115492,49.733032],[6.1145725,49.73486],[6.1149273,49.735092],[6.1147633,49.735462],[6.1142216,49.73578],[6.1124477,49.735912],[6.112669,49.736378],[6.1122074,49.736958],[6.1127872,49.73809],[6.112486,49.738285],[6.1110477,49.738167],[6.109186,49.739388],[6.1088924,49.73994],[6.1073055,49.740658],[6.1067905,49.740406],[6.1055546,49.74076],[6.102289,49.737797],[6.102247,49.73597],[6.102701,49.73515],[6.1046352,49.73422],[6.104124,49.733807],[6.1053944,49.733078],[6.106573,49.731525],[6.1036396,49.731026],[6.102354,49.729637],[6.101961,49.72853],[6.1015415,49.728207],[6.1017513,49.727596],[6.1012135,49.725918],[6.101465,49.72497],[6.100561,49.722725],[6.100939,49.722645],[6.099535,49.72146],[6.102087,49.720085],[6.1055546,49.717648],[6.1059475,49.715767],[6.1042156,49.71235],[6.1047726,49.710625],[6.1059513,49.709427],[6.1062527,49.708458],[6.1049747,49.70562]]]},"properties":{"shapeName":"Lintgen","shapeISO":"","shapeID":"21775719B76138349193524","shapeGroup":"LUX","shapeType":"ADM2"}},
{"type":"Feature","geometry":{"type":"Polygon","coordinates":[[[6.2275867,49.74972],[6.2282925,49.752785],[6.2261257,49.75268],[6.2254314,49.75317],[6.2249813,49.753975],[6.2231236,49.754074],[6.2225666,49.754646],[6.222742,49.755516],[6.2237873,49.75592],[6.2257786,49.75573],[6.2278614,49.75599],[6.2274113,49.75838],[6.2269955,49.75893],[6.2240505,49.75901],[6.2219334,49.75973],[6.2209377,49.758602],[6.2204647,49.75861],[6.2195644,49.75806],[6.218443,49.7582],[6.2174435,49.758003],[6.216608,49.757397],[6.2163525,49.757656],[6.2160244,49.7576],[6.216074,49.757286],[6.215658,49.75716],[6.214937,49.757473],[6.2098217,49.757107],[6.2067547,49.75842],[6.20706,49.75944],[6.2042217,49.75997],[6.203966,49.760628],[6.2014027,49.760677],[6.194147,49.761497],[6.185873,49.761448],[6.1854954,49.759975],[6.184469,49.759525],[6.184183,49.75904],[6.182783,49.75914],[6.18128,49.760925],[6.1811085,49.760803],[6.1796055,49.761196],[6.1797695,49.76196],[6.1756916,49.76154],[6.1749973,49.763348],[6.1756535,49.76348],[6.1755085,49.764],[6.174837,49.763912],[6.173456,49.766125],[6.1720715,49.766514],[6.173418,49.767456],[6.171297,49.768436],[6.1708736,49.76825],[6.170988,49.76919],[6.1704807,49.769207],[6.1704464,49.770126],[6.1698246,49.77007],[6.167307,49.773323],[6.1678677,49.773586],[6.1668606,49.774597],[6.1646824,49.77437],[6.164156,49.77475],[6.161825,49.774136],[6.15967,49.77309],[6.159223,49.7734],[6.156862,49.772106],[6.152277,49.77108],[6.154619,49.76901],[6.1522007,49.767914],[6.1516094,49.76822],[6.1505146,49.767796],[6.1521397,49.766525],[6.1518154,49.766308],[6.152403,49.76584],[6.1520634,49.765636],[6.1507053,49.76661],[6.1500034,49.76625],[6.1511135,49.765347],[6.1470165,49.762737],[6.1478786,49.76182],[6.1467457,49.76134],[6.147024,49.76052],[6.146826,49.76001],[6.1474514,49.75947],[6.147146,49.75878],[6.145628,49.75799],[6.1442776,49.757652],[6.144293,49.757465],[6.147398,49.757675],[6.15106,49.758865],[6.151846,49.758667],[6.152323,49.75818],[6.147188,49.75648],[6.1467686,49.756035],[6.145441,49.755695],[6.144842,49.75521],[6.143198,49.754665],[6.1432705,49.75439],[6.142439,49.754303],[6.1417027,49.753777],[6.1453,49.751167],[6.14744,49.74883],[6.1480885,49.74878],[6.1504917,49.749657],[6.14958,49.75102],[6.1588764,49.753433],[6.158411,49.752506],[6.158968,49.751137],[6.1583195,49.75063],[6.1559696,49.749626],[6.157915,49.74918],[6.1560154,49.746918],[6.15687,49.74496],[6.156439,49.744453],[6.157053,49.744583],[6.1607723,49.74325],[6.1643467,49.743454],[6.164274,49.74321],[6.1647205,49.743073],[6.1673717,49.743923],[6.169939,49.743935],[6.169962,49.743736],[6.1720257,49.743862],[6.1723003,49.740475],[6.173067,49.738926],[6.176729,49.736073],[6.182226,49.7331],[6.184023,49.731506],[6.1848774,49.729206],[6.1846294,49.727467],[6.1811543,49.72649],[6.18128,49.72613],[6.18091,49.7259],[6.1782284,49.72546],[6.1783733,49.72515],[6.1760464,49.722435],[6.1770306,49.720154],[6.1789722,49.718426],[6.177458,49.717915],[6.179144,49.716843],[6.179983,49.717094],[6.181864,49.715538],[6.184328,49.716293],[6.1848927,49.71458],[6.1959476,49.7197],[6.19882,49.71987],[6.2017956,49.72086],[6.203066,49.72102],[6.2019253,49.722572],[6.201948,49.723263],[6.204447,49.7238],[6.204199,49.72432],[6.2062473,49.725403],[6.205675,49.726498],[6.2084255,49.727882],[6.2136135,49.728825],[6.2140293,49.72937],[6.213949,49.72991],[6.2201138,49.73385],[6.220854,49.735348],[6.221422,49.735313],[6.2225666,49.737534],[6.223028,49.73932],[6.2253017,49.742287],[6.225794,49.745575],[6.2262554,49.746456],[6.2259464,49.746845],[6.2274,49.748653],[6.2275867,49.74972]]]},"properties":{"shapeName":"Fischbach","shapeISO":"","shapeID":"21775719B2060157043713","shapeGroup":"LUX","shapeType":"ADM2"}},
{"type":"Feature","geometry":{"type":"Polygon","coordinates":[[[6.022539,49.69587],[6.0239086,49.6971],[6.025713,49.69687],[6.0271664,49.69625],[6.029585,49.695744],[6.031931,49.696323],[6.032572,49.696117],[6.0331364,49.696384],[6.0328274,49.69577],[6.033224,49.694748],[6.0355053,49.695496],[6.0378056,49.69319],[6.035898,49.69211],[6.0370617,49.69131],[6.043295,49.693787],[6.04669,49.694157],[6.0470676,49.693565],[6.0492077,49.694042],[6.051409,49.69514],[6.0511,49.695347],[6.054266,49.69759],[6.0550594,49.697666],[6.0559366,49.6966077],[6.058916,49.69751],[6.058523,49.69836],[6.059374,49.69849],[6.0576916,49.70112],[6.0586987,49.701447],[6.0597515,49.70142],[6.0586147,49.702324],[6.058386,49.702805],[6.0586224,49.702904],[6.062704,49.70365],[6.0680714,49.703377],[6.0693264,49.702816],[6.069727,49.702316],[6.06975,49.70149],[6.0720197,49.6988278],[6.0746938,49.7023494],[6.0770436,49.7064654],[6.0782147,49.7075794],[6.0817128,49.7142324],[6.0837918,49.7150484],[6.0782949,49.7165974],[6.0770474,49.7167454],[6.0736941,49.7167804],[6.0732823,49.7164324],[6.0697957,49.7159564],[6.0692541,49.7165824],[6.0702841,49.7174594],[6.0716841,49.7173944],[6.0727521,49.7179474],[6.0739001,49.7180084],[6.0704366,49.7223654],[6.0672856,49.7246924],[6.0667251,49.7250274],[6.0663241,49.7248624],[6.0586644,49.7209654],[6.0587711,49.7213824],[6.0571538,49.7230094],[6.0567304,49.7242154],[6.0568334,49.7257604],[6.0562306,49.7266144],[6.0558071,49.7266374],[6.0548001,49.7274384],[6.0543691,49.72819040000001],[6.0503521,49.7290675],[6.0501691,49.72931550000001],[6.0489711,49.7295905],[6.0487767,49.7298725],[6.0484525,49.7297995],[6.0480941,49.7301165],[6.0479146,49.7299795],[6.0475904,49.7303685],[6.0464955,49.7305625],[6.0460301,49.7308325],[6.0459081,49.7313025],[6.0455761,49.7313025],[6.0456296,49.7310775],[6.0449811,49.7312825],[6.0450041,49.7316225],[6.0441531,49.7320825],[6.0440808,49.7326495],[6.0435241,49.7326525],[6.0428564,49.733099],[6.0406246,49.73251],[6.0391445,49.73168],[6.035166,49.73199],[6.034437,49.731567],[6.0322704,49.73106],[6.027132,49.730583],[6.0205936,49.729164],[6.0197277,49.72946],[6.019163,49.73003],[6.0171986,49.730133],[6.0131054,49.729073],[6.010687,49.728848],[6.007986,49.727512],[6.0076847,49.727863],[6.0050106,49.727047],[6.004099,49.72677],[6.005213,49.72529],[6.001852,49.72406],[6.00358,49.721737],[5.9994984,49.720875],[6.00054,49.719624],[5.997553,49.71847],[5.9982433,49.71724],[5.9967747,49.716724],[5.999655,49.714096],[5.9992046,49.71334],[5.997137,49.712025],[6.0002346,49.708206],[6.001848,49.70686],[6.0042515,49.705406],[6.0024586,49.70445],[6.003851,49.703373],[6.003187,49.702847],[6.001665,49.703484],[5.9992733,49.701668],[6.0000668,49.700497],[5.997595,49.699886],[5.997942,49.698326],[5.9969234,49.697556],[5.998068,49.6969],[5.999094,49.696804],[5.999941,49.696938],[6.000288,49.69728],[6.002905,49.698242],[6.0043316,49.69826],[6.0049763,49.69791],[6.0060253,49.697914],[6.006361,49.696487],[6.00609,49.69643],[6.0065403,49.695747],[6.0057507,49.695477],[6.0061398,49.69502],[6.006609,49.695118],[6.006922,49.69552],[6.007944,49.69527],[6.0088406,49.69539],[6.009569,49.694637],[6.0104046,49.69487],[6.0110035,49.69424],[6.01293,49.694977],[6.015108,49.69664],[6.0170803,49.69724],[6.0185223,49.697178],[6.018648,49.69742],[6.018938,49.69735],[6.022539,49.69587]]]},"properties":{"shapeName":"Tuntange","shapeISO":"","shapeID":"21775719B93406058949797","shapeGroup":"LUX","shapeType":"ADM2"}},
{"type":"Feature","geometry":{"type":"Polygon","coordinates":[[[6.2353649,49.8991261],[6.2333355,49.9004116],[6.2329731,49.9024677],[6.2320728,49.9048138],[6.2321148,49.9063931],[6.2308483,49.9078197],[6.2269192,49.91062739999999],[6.2270298,49.9113407],[6.2275066,49.9116154],[6.2302036,49.9111233],[6.2315235,49.9111843],[6.2339191,49.912775],[6.2338467,49.9143047],[6.2310352,49.9192638],[6.2290974,49.9210224],[6.2256145,49.9212017],[6.2225971,49.9216938],[6.2186565,49.9225979],[6.2180309,49.9230747],[6.2176456,49.922882],[6.216421,49.924133],[6.215906,49.925583],[6.216921,49.92619],[6.215887,49.926388],[6.213705,49.92633],[6.212778,49.924683],[6.2108173,49.92376],[6.20796,49.922874],[6.2068615,49.923183],[6.204546,49.922844],[6.202112,49.92351],[6.202669,49.92386],[6.204401,49.923782],[6.2054806,49.924526],[6.20566,49.924206],[6.2072735,49.924408],[6.2053585,49.92617],[6.203516,49.92548],[6.1996326,49.924698],[6.1996937,49.925053],[6.1985645,49.924442],[6.1969624,49.92429],[6.194975,49.925385],[6.195715,49.92608],[6.196081,49.925896],[6.197195,49.927517],[6.195074,49.926865],[6.195261,49.926556],[6.1942005,49.926487],[6.1934605,49.926113],[6.193651,49.925354],[6.1931934,49.92433],[6.1913433,49.924915],[6.1887913,49.926384],[6.184847,49.929497],[6.1828785,49.931816],[6.180422,49.93254],[6.1789722,49.93324],[6.177347,49.935165],[6.175749,49.936428],[6.1748295,49.938004],[6.174391,49.9402],[6.173231,49.941288],[6.1730976,49.941784],[6.1739674,49.9444329],[6.1721935,49.9446393],[6.170477,49.943363],[6.1670856,49.94222],[6.1664104,49.9415],[6.165022,49.94096],[6.165125,49.94012],[6.1655636,49.939716],[6.163004,49.940823],[6.161394,49.942783],[6.1611576,49.94268],[6.1613903,49.942303],[6.1621265,49.94166],[6.161543,49.94158],[6.1616,49.941742],[6.1603374,49.94188],[6.1575565,49.941536],[6.1558094,49.941204],[6.152952,49.940205],[6.1516056,49.94172],[6.14765,49.944496],[6.1443615,49.945587],[6.1431446,49.944584],[6.1402607,49.943146],[6.1380634,49.942986],[6.1363964,49.9437],[6.136236,49.943478],[6.1354084,49.943634],[6.133436,49.943123],[6.1329937,49.942722],[6.1327267,49.940426],[6.1312923,49.940033],[6.1303806,49.938385],[6.125326,49.936428],[6.1238003,49.935238],[6.120245,49.933384],[6.11899,49.932404],[6.1177654,49.93196],[6.116644,49.93092],[6.116125,49.92948],[6.116541,49.928883],[6.1164303,49.92765],[6.1168995,49.925953],[6.1157093,49.925144],[6.1151867,49.9228],[6.1156864,49.921326],[6.1168766,49.920452],[6.117094,49.9192],[6.118223,49.918636],[6.1188374,49.91772],[6.1168156,49.918312],[6.1161976,49.917896],[6.115389,49.917847],[6.114912,49.917294],[6.113722,49.917114],[6.113451,49.916534],[6.114134,49.916252],[6.114973,49.914257],[6.1152744,49.91241],[6.115778,49.912373],[6.115885,49.91168],[6.1136036,49.911892],[6.1132374,49.9102],[6.1121693,49.90971],[6.110346,49.909904],[6.1091175,49.910694],[6.1085987,49.910477],[6.110033,49.90977],[6.112364,49.908016],[6.112501,49.908302],[6.1143055,49.908405],[6.116144,49.908897],[6.1176434,49.90909],[6.1186123,49.908955],[6.119234,49.907845],[6.117098,49.905663],[6.1198864,49.903847],[6.121767,49.90302],[6.1247654,49.90252],[6.131384,49.902645],[6.1317196,49.902195],[6.130617,49.900616],[6.1271496,49.89842],[6.1274815,49.898197],[6.1255093,49.895245],[6.1258755,49.895023],[6.125551,49.894684],[6.1259785,49.89315],[6.127554,49.89339],[6.1283245,49.89387],[6.129137,49.893707],[6.129732,49.894382],[6.1305447,49.894394],[6.130892,49.894184],[6.1316395,49.89597],[6.134527,49.897724],[6.134981,49.898438],[6.135477,49.89867],[6.1365757,49.897934],[6.139303,49.897083],[6.141161,49.89603],[6.143057,49.89582],[6.1445675,49.896202],[6.1463566,49.893375],[6.1447506,49.892975],[6.144842,49.89274],[6.14332,49.89219],[6.1425304,49.892517],[6.1404743,49.89252],[6.1380024,49.89191],[6.137781,49.891407],[6.1387234,49.891533],[6.1389446,49.890884],[6.140608,49.89078],[6.1416454,49.890293],[6.1428013,49.89015],[6.1428165,49.88996],[6.1467648,49.89095],[6.146887,49.89047],[6.148245,49.889523],[6.151602,49.887897],[6.1530666,49.886],[6.155424,49.883907],[6.156027,49.883938],[6.158655,49.882915],[6.1582546,49.882412],[6.1614513,49.881668],[6.1635,49.882034],[6.1643505,49.88195],[6.1645107,49.882378],[6.165148,49.8822],[6.1660366,49.881752],[6.165682,49.881462],[6.168928,49.879513],[6.1711826,49.878685],[6.1728535,49.877724],[6.1731052,49.877934],[6.175169,49.87699],[6.1765385,49.876896],[6.176447,49.875126],[6.177698,49.87513],[6.1776066,49.873775],[6.179899,49.873985],[6.1806583,49.872524],[6.1799297,49.872322],[6.184782,49.873104],[6.1865406,49.871742],[6.1878757,49.871475],[6.1885204,49.870728],[6.189581,49.870815],[6.1884556,49.87239],[6.189539,49.87301],[6.1902943,49.874413],[6.1879444,49.879772],[6.1887608,49.879784],[6.1899776,49.8811],[6.190363,49.88327],[6.192976,49.887062],[6.194113,49.88666],[6.193781,49.88623],[6.1984234,49.88444],[6.199915,49.886143],[6.2001896,49.886047],[6.202425,49.88828],[6.2044277,49.887894],[6.2053394,49.888577],[6.2083683,49.887806],[6.2111607,49.889675],[6.2172527,49.893055],[6.2186146,49.893276],[6.225771,49.892647],[6.2286663,49.89274],[6.232435,49.897663],[6.234476,49.8983],[6.2353649,49.8991261]]]},"properties":{"shapeName":"Tandel","shapeISO":"","shapeID":"21775719B49537195021049","shapeGroup":"LUX","shapeType":"ADM2"}},
{"type":"Feature","geometry":{"type":"Polygon","coordinates":[[[6.2180309,49.9230747],[6.2178974,49.9238796],[6.2185574,49.92525290000001],[6.2198544,49.9259853],[6.2226734,49.9270306],[6.2236729,49.9278278],[6.22447,49.92765],[6.225828,49.92867],[6.2261868,49.929314],[6.224619,49.931965],[6.2240276,49.93207],[6.224455,49.932804],[6.224909,49.932735],[6.2252254,49.93336],[6.2237873,49.933628],[6.223524,49.934002],[6.2247486,49.935135],[6.227331,49.936623],[6.2253056,49.93876],[6.224409,49.938774],[6.2245655,49.93937],[6.223139,49.94043],[6.2228756,49.941006],[6.2213345,49.941547],[6.2207813,49.94243],[6.219801,49.94282],[6.220003,49.943333],[6.216543,49.944508],[6.216894,49.94539],[6.218508,49.945496],[6.218626,49.94599],[6.220171,49.94717],[6.223551,49.949013],[6.223913,49.950085],[6.2117405,49.95023],[6.2088413,49.95301],[6.208494,49.95461],[6.205431,49.955185],[6.2033978,49.954487],[6.2007847,49.95293],[6.199606,49.951256],[6.1995907,49.949497],[6.1976604,49.9481678],[6.1947002,49.948135],[6.188555,49.948833],[6.1863003,49.948822],[6.1811123,49.947094],[6.1785755,49.946854],[6.1723347,49.94824],[6.1707783,49.948345],[6.1687984,49.94748],[6.1678677,49.946796],[6.1675663,49.945988],[6.16543,49.946938],[6.163,49.946857],[6.160368,49.94748],[6.1587124,49.947628],[6.1489544,49.94681],[6.150236,49.94659],[6.151003,49.945866],[6.1523685,49.94534],[6.1572437,49.944332],[6.157152,49.9441],[6.1580486,49.943733],[6.1585865,49.943848],[6.1605587,49.94333],[6.160883,49.942337],[6.1616,49.941742],[6.161543,49.94158],[6.1621265,49.94166],[6.1613903,49.942303],[6.1611576,49.94268],[6.161394,49.942783],[6.163004,49.940823],[6.1655636,49.939716],[6.165125,49.94012],[6.165022,49.94096],[6.1664104,49.9415],[6.1670856,49.94222],[6.170477,49.943363],[6.1721935,49.9446393],[6.1739674,49.9444329],[6.1730976,49.941784],[6.173231,49.941288],[6.174391,49.9402],[6.1748295,49.938004],[6.175749,49.936428],[6.177347,49.935165],[6.1789722,49.93324],[6.180422,49.93254],[6.1828785,49.931816],[6.184847,49.929497],[6.1887913,49.926384],[6.1913433,49.924915],[6.1931934,49.92433],[6.193651,49.925354],[6.1934605,49.926113],[6.1942005,49.926487],[6.195261,49.926556],[6.195074,49.926865],[6.197195,49.927517],[6.196081,49.925896],[6.195715,49.92608],[6.194975,49.925385],[6.1969624,49.92429],[6.1985645,49.924442],[6.1996937,49.925053],[6.1996326,49.924698],[6.203516,49.92548],[6.2053585,49.92617],[6.2072735,49.924408],[6.20566,49.924206],[6.2054806,49.924526],[6.204401,49.923782],[6.202669,49.92386],[6.202112,49.92351],[6.204546,49.922844],[6.2068615,49.923183],[6.20796,49.922874],[6.2108173,49.92376],[6.212778,49.924683],[6.213705,49.92633],[6.215887,49.926388],[6.216921,49.92619],[6.215906,49.925583],[6.216421,49.924133],[6.2176456,49.922882],[6.2180309,49.9230747]]]},"properties":{"shapeName":"Vianden","shapeISO":"","shapeID":"21775719B56085368038685","shapeGroup":"LUX","shapeType":"ADM2"}},
{"type":"Feature","geometry":{"type":"Polygon","coordinates":[[[6.117094,49.9192],[6.1168766,49.920452],[6.1156864,49.921326],[6.1151867,49.9228],[6.1157093,49.925144],[6.1168995,49.925953],[6.1164303,49.92765],[6.116541,49.928883],[6.116125,49.92948],[6.116644,49.93092],[6.1177654,49.93196],[6.11899,49.932404],[6.120245,49.933384],[6.1238003,49.935238],[6.125326,49.936428],[6.1303806,49.938385],[6.1312923,49.940033],[6.1327267,49.940426],[6.1329937,49.942722],[6.133436,49.943123],[6.1354084,49.943634],[6.136236,49.943478],[6.1363964,49.9437],[6.1380634,49.942986],[6.1402607,49.943146],[6.1431446,49.944584],[6.1443615,49.945587],[6.14765,49.944496],[6.1516056,49.94172],[6.152952,49.940205],[6.1558094,49.941204],[6.1575565,49.941536],[6.1603374,49.94188],[6.1616,49.941742],[6.160883,49.942337],[6.1605587,49.94333],[6.1585865,49.943848],[6.1580486,49.943733],[6.157152,49.9441],[6.1572437,49.944332],[6.1523685,49.94534],[6.151003,49.945866],[6.150236,49.94659],[6.1489544,49.94681],[6.1587124,49.947628],[6.160368,49.94748],[6.163,49.946857],[6.16543,49.946938],[6.1675663,49.945988],[6.1678677,49.946796],[6.1687984,49.94748],[6.1707783,49.948345],[6.1723347,49.94824],[6.1785755,49.946854],[6.1811123,49.947094],[6.1863003,49.948822],[6.188555,49.948833],[6.1947002,49.948135],[6.1976604,49.9481678],[6.1981754,49.9495564],[6.1977863,49.9507809],[6.1970539,49.9510784],[6.1952381,49.9537563],[6.1929607,49.955801],[6.1928158,49.9568539],[6.1939793,49.9585476],[6.1941128,49.9593945],[6.1937847,49.9614239],[6.1923695,49.9631405],[6.1921749,49.9639187],[6.1928539,49.9667263],[6.1926022,49.9672909],[6.1904545,49.9688511],[6.1898174,49.9688168],[6.1873951,49.9680882],[6.1844273,49.96768],[6.1821842,49.9658031],[6.1810818,49.964056],[6.1836262,49.9612293],[6.1831875,49.9585247],[6.1846867,49.9578114],[6.1886387,49.9570827],[6.1888638,49.9567165],[6.188242,49.95611],[6.1868191,49.9554157],[6.1860294,49.9543056],[6.1851559,49.9537029],[6.1818104,49.9525356],[6.1796627,49.9521427],[6.178812,49.9525166],[6.1787548,49.9528179],[6.1775417,49.9536495],[6.17663,49.9589672],[6.1757183,49.9615612],[6.1721745,49.9620953],[6.1703968,49.9626141],[6.1691761,49.9638538],[6.1668797,49.9683056],[6.1650143,49.9698467],[6.1646519,49.9720745],[6.1648273,49.9738865],[6.1663418,49.9768121],[6.1623096,49.97757],[6.1597958,49.97854],[6.1569347,49.978683],[6.1553783,49.979324],[6.1478367,49.977104],[6.145834,49.976273],[6.144148,49.975067],[6.1410313,49.973965],[6.1394978,49.973797],[6.13587,49.974133],[6.1324635,49.973103],[6.132185,49.972267],[6.131487,49.97174],[6.1288548,49.971226],[6.1278095,49.971176],[6.125044,49.971725],[6.122793,49.971615],[6.118906,49.9742],[6.1176586,49.976227],[6.119673,49.976887],[6.118765,49.979614],[6.116884,49.981544],[6.114912,49.98248],[6.10977,49.982513],[6.1084805,49.983124],[6.1060658,49.98221],[6.104414,49.982136],[6.1036625,49.981823],[6.1027927,49.9824],[6.1025543,49.982914],[6.1000853,49.982662],[6.1004252,49.98403],[6.1000166,49.985653],[6.098933,49.987545],[6.097933,49.9875659],[6.098528,49.9857419],[6.0983562,49.9843959],[6.0961514,49.9808219],[6.0981045,49.9793949],[6.102194,49.9789899],[6.1030636,49.9786879],[6.1029797,49.9780939],[6.1022816,49.9772319],[6.1023235,49.9754159],[6.101965,49.9747679],[6.1002216,49.9735049],[6.1002636,49.9719899],[6.0991955,49.9707179],[6.0988064,49.9689079],[6.0981655,49.9680309],[6.0982647,49.9672949],[6.0991344,49.9667759],[6.098974,49.9665999],[6.100115,49.9661429],[6.101282,49.9650579],[6.0997066,49.9642849],[6.099039,49.96333090000001],[6.0988293,49.9624979],[6.0991573,49.9611679],[6.0988216,49.9606379],[6.0983067,49.9605879],[6.0980587,49.9601039],[6.09746,49.9599859],[6.0961514,49.9580249],[6.093752,49.9572009],[6.0934467,49.9572849],[6.0931835,49.9567879],[6.0937634,49.9552579],[6.0925846,49.9542479],[6.0923634,49.9528409],[6.094488,49.9501819],[6.0937443,49.9496059],[6.0922146,49.9491939],[6.0914745,49.9486899],[6.0922604,49.9466949],[6.0910473,49.9457579],[6.0907307,49.9457779],[6.0910816,49.9455479],[6.0907917,49.9454859],[6.090807,49.9450739],[6.0903835,49.9450549],[6.0904255,49.9445079],[6.0898647,49.9440779],[6.0910854,49.9427509],[6.093046,49.9414729],[6.09305,49.9404349],[6.088354,49.93833290000001],[6.088072,49.9379249],[6.0882893,49.9374079],[6.087454,49.9371549],[6.0877705,49.9358679],[6.0871983,49.9349539],[6.087576,49.9342179],[6.0887165,49.933033],[6.09009,49.932205],[6.091444,49.932484],[6.092848,49.932247],[6.0942097,49.93258],[6.0949497,49.932255],[6.095186,49.931664],[6.094015,49.93116],[6.0944805,49.930325],[6.094267,49.92997],[6.094534,49.929],[6.096155,49.927376],[6.0954227,49.926903],[6.095331,49.92646],[6.095808,49.925755],[6.0957394,49.924778],[6.096033,49.92438],[6.0965977,49.924168],[6.099146,49.92419],[6.1019077,49.922607],[6.1081104,49.921112],[6.10874,49.920624],[6.108736,49.919785],[6.1112156,49.918884],[6.1122913,49.91869],[6.1155567,49.91884],[6.117094,49.9192]]]},"properties":{"shapeName":"Putscheid","shapeISO":"","shapeID":"21775719B27422207835902","shapeGroup":"LUX","shapeType":"ADM2"}},
{"type":"Feature","geometry":{"type":"Polygon","coordinates":[[[6.087576,49.9342179],[6.0871983,49.9349539],[6.0877705,49.9358679],[6.087454,49.9371549],[6.0882893,49.9374079],[6.088072,49.9379249],[6.088354,49.93833290000001],[6.09305,49.9404349],[6.093046,49.9414729],[6.0910854,49.9427509],[6.0898647,49.9440779],[6.0904255,49.9445079],[6.0903835,49.9450549],[6.090807,49.9450739],[6.0907917,49.9454859],[6.0910816,49.9455479],[6.0907307,49.9457779],[6.0910473,49.9457579],[6.0922604,49.9466949],[6.0914745,49.9486899],[6.0922146,49.9491939],[6.0937443,49.9496059],[6.094488,49.9501819],[6.0923634,49.9528409],[6.0925846,49.9542479],[6.0937634,49.9552579],[6.0931835,49.9567879],[6.0934467,49.9572849],[6.093752,49.9572009],[6.0961514,49.9580249],[6.09746,49.9599859],[6.0980587,49.9601039],[6.0983067,49.9605879],[6.0988216,49.9606379],[6.0991573,49.9611679],[6.0988293,49.9624979],[6.099039,49.96333090000001],[6.0997066,49.9642849],[6.101282,49.9650579],[6.100115,49.9661429],[6.098974,49.9665999],[6.0991344,49.9667759],[6.0982647,49.9672949],[6.0981655,49.9680309],[6.0988064,49.9689079],[6.0991955,49.9707179],[6.1002636,49.9719899],[6.1002216,49.9735049],[6.101965,49.9747679],[6.1023235,49.9754159],[6.1022816,49.9772319],[6.1029797,49.9780939],[6.1030636,49.9786879],[6.102194,49.9789899],[6.0981045,49.9793949],[6.0961514,49.9808219],[6.0983562,49.9843959],[6.098528,49.9857419],[6.097933,49.9875659],[6.098933,49.987545],[6.1000166,49.985653],[6.1004252,49.98403],[6.1000853,49.982662],[6.1025543,49.982914],[6.1027927,49.9824],[6.1036625,49.981823],[6.104414,49.982136],[6.1060658,49.98221],[6.1084805,49.983124],[6.10977,49.982513],[6.114912,49.98248],[6.116884,49.981544],[6.118765,49.979614],[6.119673,49.976887],[6.1176586,49.976227],[6.118906,49.9742],[6.122793,49.971615],[6.125044,49.971725],[6.1278095,49.971176],[6.1288548,49.971226],[6.131487,49.97174],[6.132185,49.972267],[6.1324635,49.973103],[6.13587,49.974133],[6.1394978,49.973797],[6.1410313,49.973965],[6.144148,49.975067],[6.145834,49.976273],[6.1478367,49.977104],[6.1553783,49.979324],[6.1569347,49.978683],[6.1597958,49.97854],[6.1623096,49.97757],[6.1663418,49.9768121],[6.1670284,49.9795551],[6.168745,49.9810505],[6.1686115,49.9821415],[6.169035,49.9838848],[6.1699581,49.9845982],[6.1713505,49.9842663],[6.1715641,49.9840221],[6.1724377,49.983984],[6.1726208,49.9843235],[6.1723423,49.9847622],[6.1707745,49.9854145],[6.1694088,49.9856968],[6.1687756,49.9856052],[6.1644497,49.9868259],[6.1613941,49.9870892],[6.1592693,49.9868107],[6.157053,49.9871197],[6.1532421,49.9897213],[6.150774,49.9941235],[6.1469707,49.9948902],[6.1431103,49.9946575],[6.1419582,49.9948063],[6.1396732,49.9963627],[6.137682,49.9984722],[6.1377506,49.9988842],[6.1389637,50.0000019],[6.1398029,50.0002193],[6.1418552,49.9993305],[6.1436062,49.9982014],[6.1446857,49.9980755],[6.1450672,49.9982395],[6.1465321,50.0010319],[6.1463146,50.0024433],[6.1493168,50.0064487],[6.1496677,50.0088367],[6.1477947,50.0103474],[6.1458302,50.0101719],[6.1421185,50.0104122],[6.1398525,50.0105762],[6.1385288,50.0109692],[6.1341686,50.0150013],[6.1296139,50.0180187],[6.1295452,50.0185757],[6.1300907,50.0191135],[6.1313725,50.0194302],[6.1321812,50.0192318],[6.1331615,50.0186863],[6.1350002,50.0164166],[6.1362514,50.01581],[6.1372242,50.0157566],[6.1381397,50.0162067],[6.1395664,50.0175991],[6.1409054,50.0180111],[6.1441593,50.020319],[6.1454372,50.0215549],[6.1459446,50.0225468],[6.1433125,50.0243664],[6.1399555,50.0249882],[6.1376934,50.0258999],[6.1371059,50.0263805],[6.1333904,50.0276699],[6.1301441,50.0292721],[6.1295605,50.0305004],[6.1296139,50.0317783],[6.1308117,50.033659],[6.1320362,50.0347424],[6.1324215,50.0369091],[6.134306,50.0392818],[6.1342487,50.0403881],[6.1328297,50.0426998],[6.1280422,50.0469227],[6.1251888,50.0507832],[6.1242657,50.0513744],[6.1217937,50.0522709],[6.1214046,50.0527058],[6.1208744,50.054224],[6.1223965,50.0557537],[6.123991,50.0582333],[6.1239414,50.0598087],[6.1232319,50.0601978],[6.1219311,50.0603848],[6.1206341,50.0600758],[6.1203213,50.0593929],[6.1206608,50.057436],[6.1202717,50.0567608],[6.1195965,50.0564175],[6.1177616,50.0563335],[6.1167316,50.056654],[6.115389,50.056057],[6.1143665,50.05599],[6.1121387,50.055264],[6.1108265,50.05517],[6.10742,50.053234],[6.105852,50.052944],[6.1015034,50.050983],[6.1017056,50.050907],[6.10079,50.049183],[6.1011333,50.04799],[6.099127,50.047897],[6.095663,50.04657],[6.093508,50.047043],[6.092226,50.047035],[6.090658,50.046677],[6.088972,50.045948],[6.0840664,50.046455],[6.0840206,50.045708],[6.083166,50.04546],[6.0819416,50.044464],[6.080389,50.04364],[6.079897,50.043697],[6.0790005,50.04324],[6.0792484,50.043087],[6.077936,50.042557],[6.077463,50.04249],[6.0763187,50.044876],[6.068899,50.04281],[6.0674725,50.04197],[6.067919,50.04097],[6.069536,50.041298],[6.0709476,50.03955],[6.067419,50.038563],[6.0661945,50.037304],[6.0616055,50.03458],[6.0604305,50.033474],[6.060095,50.032646],[6.0616055,50.031017],[6.0576687,50.028957],[6.055731,50.026966],[6.0561275,50.02844],[6.0576687,50.03069],[6.0573063,50.03145],[6.0573248,50.0325745],[6.0582676,50.03466],[6.059656,50.03615],[6.0606365,50.03661],[6.062334,50.037987],[6.060335,50.038982],[6.0585155,50.03765],[6.058798,50.03751],[6.0567493,50.035526],[6.05649,50.035027],[6.056757,50.034164],[6.053358,50.034153],[6.053362,50.03369],[6.052294,50.032425],[6.05303,50.03096],[6.053213,50.029587],[6.0488377,50.026955],[6.04743,50.02313],[6.0480747,50.021935],[6.04648,50.021553],[6.046343,50.02107],[6.0450497,50.02066],[6.041189,50.020058],[6.0408726,50.01919],[6.0415096,50.01787],[6.0411777,50.016872],[6.039564,50.01674],[6.0373516,50.016987],[6.0360622,50.016758],[6.0375423,50.014412],[6.0379314,50.01248],[6.041582,50.012928],[6.042467,50.011505],[6.038477,50.009544],[6.0378933,50.00904],[6.036852,50.009693],[6.0358334,50.009743],[6.0370655,50.008976],[6.0376186,50.006554],[6.040102,50.005543],[6.0415974,50.00517],[6.0427876,50.004253],[6.04294,50.003136],[6.0439777,50.002186],[6.043478,50.00156],[6.0433903,50.000473],[6.044077,49.99964],[6.0441456,49.998234],[6.044668,49.99715],[6.046755,49.99789],[6.047018,49.998287],[6.048029,49.9987],[6.0487194,49.998604],[6.0498943,49.9994],[6.0534077,50.000534],[6.05377,50.001026],[6.055456,50.001656],[6.0561695,50.00159],[6.0561314,50.00198],[6.0568523,50.002007],[6.059744,50.003727],[6.0603848,50.00314],[6.0608425,50.00017],[6.060278,49.999245],[6.0593166,49.998775],[6.059683,49.99815],[6.058386,49.997467],[6.059229,49.99667],[6.058466,49.996387],[6.058687,49.99607],[6.056444,49.99506],[6.0567303,49.994396],[6.0537167,49.99361],[6.0515575,49.99244],[6.052286,49.990723],[6.052309,49.988827],[6.053213,49.987812],[6.051779,49.98719],[6.048197,49.986298],[6.04698,49.986744],[6.045923,49.98649],[6.0449734,49.98583],[6.0444736,49.98496],[6.0428143,49.983772],[6.0418034,49.983837],[6.0411777,49.983597],[6.0402775,49.985027],[6.0393314,49.985054],[6.039522,49.984795],[6.037531,49.9841],[6.035551,49.98435],[6.0361996,49.98356],[6.0359898,49.98283],[6.03623,49.98182],[6.034422,49.980446],[6.0322514,49.97939],[6.0317364,49.977245],[6.0284405,49.9757],[6.0267773,49.97349],[6.0263195,49.97328],[6.02561,49.97337],[6.0294933,49.970963],[6.0250683,49.969494],[6.0233326,49.968],[6.02347,49.967228],[6.02466,49.966103],[6.025633,49.966972],[6.0275173,49.9678],[6.0261097,49.96608],[6.0283413,49.963955],[6.028963,49.964386],[6.031168,49.96503],[6.036436,49.964115],[6.038534,49.96327],[6.041998,49.963398],[6.042822,49.961723],[6.0422573,49.961655],[6.0416737,49.960648],[6.038904,49.9587],[6.036646,49.95813],[6.038912,49.955147],[6.0414944,49.954075],[6.0423183,49.953194],[6.040621,49.951454],[6.038889,49.95092],[6.0399647,49.950237],[6.041048,49.948994],[6.0403996,49.947132],[6.046175,49.948856],[6.0503407,49.948032],[6.052004,49.949497],[6.0522823,49.95015],[6.053175,49.950607],[6.054579,49.950893],[6.0541286,49.951385],[6.0520916,49.951576],[6.050787,49.95197],[6.0506763,49.952374],[6.054514,49.95392],[6.056753,49.953953],[6.061109,49.955254],[6.0637527,49.954674],[6.0645275,49.95439],[6.064593,49.954006],[6.062702,49.953228],[6.062741,49.952602],[6.0649424,49.95127],[6.065476,49.949776],[6.0650015,49.949],[6.0641875,49.949146],[6.063074,49.948418],[6.0625973,49.94714],[6.064253,49.945904],[6.0651226,49.944286],[6.063257,49.941463],[6.064844,49.938217],[6.065443,49.935036],[6.067606,49.93496],[6.068514,49.934246],[6.0699215,49.93433],[6.070593,49.93409],[6.0703106,49.932304],[6.071207,49.933266],[6.071089,49.934555],[6.07374,49.933914],[6.073942,49.933357],[6.0743656,49.933178],[6.074602,49.933376],[6.0756626,49.93258],[6.075884,49.932728],[6.0790806,49.932358],[6.0796795,49.932438],[6.079626,49.93267],[6.080538,49.93305],[6.0837736,49.93392],[6.0855446,49.93391],[6.086011,49.933163],[6.0870137,49.9332],[6.0873847,49.933304],[6.087033,49.934116],[6.087576,49.9342179]]]},"properties":{"shapeName":"Parc Hosingen","shapeISO":"","shapeID":"21775719B56346038461160","shapeGroup":"LUX","shapeType":"ADM2"}},
{"type":"Feature","geometry":{"type":"Polygon","coordinates":[[[6.0098553,50.106552],[6.0110645,50.107597],[6.013891,50.107716],[6.0135517,50.108994],[6.014082,50.10914],[6.0126553,50.110744],[6.013151,50.11096],[6.012617,50.11187],[6.0140553,50.112446],[6.013323,50.11326],[6.0129986,50.114357],[6.013582,50.116142],[6.010107,50.11687],[6.0117245,50.117916],[6.0148373,50.118908],[6.015745,50.121136],[6.0161076,50.121128],[6.016321,50.121574],[6.0172367,50.12147],[6.0174923,50.121674],[6.0206623,50.121864],[6.023382,50.122787],[6.0230846,50.12304],[6.0240917,50.123943],[6.0236683,50.124527],[6.0239773,50.125134],[6.025091,50.126118],[6.024576,50.126247],[6.027029,50.12836],[6.0281963,50.12978],[6.031439,50.131607],[6.0316334,50.13146],[6.0331135,50.132107],[6.0375423,50.134823],[6.03895,50.13587],[6.0397205,50.137577],[6.044092,50.140137],[6.0447254,50.141113],[6.04883,50.14399],[6.0502872,50.144707],[6.052412,50.145206],[6.0524883,50.14631],[6.0516567,50.14693],[6.0521183,50.147335],[6.0502377,50.14805],[6.050394,50.14914],[6.0492496,50.15019],[6.0492,50.15107],[6.048689,50.15165],[6.046423,50.152866],[6.045519,50.154964],[6.0456066,50.155846],[6.0460567,50.156403],[6.045725,50.15769],[6.0451717,50.157703],[6.043146,50.15863],[6.0400486,50.159405],[6.0372486,50.16048],[6.0353527,50.16187],[6.033594,50.162273],[6.031393,50.16392],[6.0294094,50.165985],[6.029562,50.170742],[6.02915,50.172863],[6.0274677,50.176315],[6.0265675,50.177216],[6.0247343,50.1827712],[6.022127,50.182434],[6.0201855,50.181705],[6.017805,50.181274],[6.017023,50.18058],[6.013212,50.178986],[6.011507,50.178497],[6.009516,50.178257],[6.0042057,50.176632],[6.0017033,50.176098],[5.9909534,50.17522],[5.971033,50.175014],[5.969492,50.173405],[5.968359,50.17285],[5.9651012,50.17306],[5.9636784,50.172634],[5.9642544,50.17126],[5.964178,50.16489],[5.9638805,50.163933],[5.961771,50.160763],[5.9631977,50.16094],[5.964308,50.15824],[5.9670696,50.155437],[5.967127,50.15501],[5.965418,50.153717],[5.9629345,50.153057],[5.9626904,50.15334],[5.9581356,50.151398],[5.958826,50.15118],[5.9587,50.150528],[5.9612103,50.149815],[5.9601727,50.147556],[5.9610424,50.144844],[5.9613476,50.142567],[5.95854,50.138866],[5.9598293,50.13427],[5.9613323,50.131363],[5.9596767,50.13101],[5.954668,50.131092],[5.953787,50.130737],[5.9540424,50.130222],[5.9543285,50.130554],[5.954729,50.130383],[5.956587,50.128654],[5.955675,50.127712],[5.953066,50.126812],[5.953779,50.12467],[5.953932,50.122726],[5.956793,50.120037],[5.9548664,50.119446],[5.9587307,50.114727],[5.9593945,50.113167],[5.9611454,50.111164],[5.963354,50.107716],[5.968767,50.109398],[5.9765606,50.11251],[5.9816303,50.11357],[5.984049,50.11446],[5.9856815,50.1147],[5.9875927,50.11253],[5.9893856,50.11312],[5.990015,50.112286],[5.9916973,50.11295],[5.9925632,50.11196],[5.994997,50.113186],[5.9961567,50.11195],[5.997984,50.110806],[5.998461,50.11091],[5.9990864,50.110588],[5.9992237,50.10973],[5.999735,50.1091],[6.0001087,50.108955],[6.000284,50.109222],[6.000822,50.10897],[6.004015,50.10931],[6.007963,50.10803],[6.0092525,50.10729],[6.0098553,50.106552]]]},"properties":{"shapeName":"Troisvierges","shapeISO":"","shapeID":"21775719B9456271871995","shapeGroup":"LUX","shapeType":"ADM2"}},
{"type":"Feature","geometry":{"type":"Polygon","coordinates":[[[6.0098553,50.106552],[6.0108128,50.10605],[6.011072,50.105423],[6.0115643,50.105152],[6.0114346,50.10415],[6.010275,50.103947],[6.009081,50.10403],[6.008219,50.103706],[6.0078335,50.103893],[6.00741,50.103462],[6.0063267,50.10346],[6.005533,50.102325],[6.0064945,50.100803],[6.006159,50.100266],[6.0068913,50.10002],[6.0068035,50.099735],[6.007639,50.09895],[6.007391,50.098373],[6.006872,50.098618],[6.0072346,50.098194],[6.006975,50.098057],[6.0081997,50.097885],[6.0080776,50.097565],[6.008875,50.097267],[6.0106945,50.0973],[6.014761,50.09667],[6.015177,50.09642],[6.014715,50.09604],[6.0157146,50.096077],[6.0155735,50.09561],[6.016779,50.095284],[6.0183277,50.095684],[6.019129,50.09661],[6.0204144,50.097065],[6.0202274,50.097374],[6.0204945,50.0975],[6.0213985,50.09721],[6.021021,50.096935],[6.0216427,50.096443],[6.0227795,50.096653],[6.0225506,50.09579],[6.02302,50.09548],[6.0227833,50.09518],[6.023119,50.094524],[6.0255527,50.09429],[6.025934,50.094532],[6.0269337,50.09434],[6.026678,50.09485],[6.027544,50.096836],[6.0289326,50.096447],[6.0318813,50.096127],[6.0365887,50.096256],[6.0368824,50.095795],[6.044241,50.096676],[6.0495777,50.097996],[6.050745,50.09905],[6.052202,50.09876],[6.0532055,50.098286],[6.054281,50.098946],[6.05562,50.09895],[6.0576267,50.100742],[6.059202,50.101696],[6.058752,50.102],[6.0585117,50.10309],[6.0608425,50.103096],[6.061754,50.10349],[6.0632114,50.103683],[6.0636616,50.103447],[6.064665,50.103546],[6.064287,50.10377],[6.0644016,50.10398],[6.0661144,50.10547],[6.069914,50.10703],[6.0756855,50.11016],[6.0776653,50.11244],[6.0786724,50.11435],[6.0786953,50.115128],[6.0790997,50.115322],[6.079233,50.115982],[6.080885,50.117336],[6.081316,50.118523],[6.084032,50.118286],[6.08539,50.120007],[6.0866985,50.12063],[6.0867863,50.12098],[6.0885067,50.121582],[6.0931416,50.124332],[6.094141,50.125393],[6.094881,50.126915],[6.0954723,50.12736],[6.098818,50.127617],[6.103346,50.129574],[6.1040516,50.130245],[6.104082,50.131886],[6.106596,50.13427],[6.1082478,50.135185],[6.1092205,50.13529],[6.110342,50.135918],[6.1122799,50.1360226],[6.1121426,50.137997],[6.113512,50.139496],[6.1140423,50.141907],[6.1150684,50.144188],[6.115534,50.14451],[6.1170063,50.144535],[6.1174374,50.14697],[6.118883,50.147903],[6.1212444,50.148945],[6.122778,50.149498],[6.1249294,50.14976],[6.125681,50.150116],[6.124872,50.150356],[6.1241207,50.151245],[6.1221943,50.151466],[6.121481,50.152016],[6.1204433,50.151978],[6.1199512,50.152615],[6.119295,50.152653],[6.1194134,50.153183],[6.118597,50.153458],[6.1176205,50.154762],[6.1167393,50.15506],[6.1152325,50.155064],[6.114977,50.155857],[6.115366,50.156483],[6.120405,50.16183],[6.1197842,50.16335080000001],[6.1024494,50.17055],[6.100008,50.17074],[6.097433,50.16965],[6.093992,50.16929],[6.0933743,50.169548],[6.0925617,50.169388],[6.092531,50.16983],[6.091917,50.169792],[6.0910244,50.17027],[6.0903835,50.17022],[6.088793,50.17064],[6.0870113,50.171288],[6.0867023,50.171608],[6.0850735,50.17201],[6.083353,50.171856],[6.0792065,50.17079],[6.0799046,50.169487],[6.078932,50.16806],[6.080515,50.162655],[6.080229,50.16119],[6.079073,50.15998],[6.0786037,50.15854],[6.0787945,50.1565],[6.07736,50.15694],[6.075693,50.15689],[6.07419,50.15748],[6.072012,50.157394],[6.070753,50.15685],[6.0707684,50.156654],[6.0702763,50.156666],[6.068842,50.1553],[6.065771,50.15402],[6.0645275,50.15379],[6.0641994,50.153446],[6.063444,50.153343],[6.0626507,50.15386],[6.061495,50.15364],[6.05702,50.154346],[6.0553493,50.15515],[6.0502987,50.156822],[6.045725,50.15769],[6.0460567,50.156403],[6.0456066,50.155846],[6.045519,50.154964],[6.046423,50.152866],[6.048689,50.15165],[6.0492,50.15107],[6.0492496,50.15019],[6.050394,50.14914],[6.0502377,50.14805],[6.0521183,50.147335],[6.0516567,50.14693],[6.0524883,50.14631],[6.052412,50.145206],[6.0502872,50.144707],[6.04883,50.14399],[6.0447254,50.141113],[6.044092,50.140137],[6.0397205,50.137577],[6.03895,50.13587],[6.0375423,50.134823],[6.0331135,50.132107],[6.0316334,50.13146],[6.031439,50.131607],[6.0281963,50.12978],[6.027029,50.12836],[6.024576,50.126247],[6.025091,50.126118],[6.0239773,50.125134],[6.0236683,50.124527],[6.0240917,50.123943],[6.0230846,50.12304],[6.023382,50.122787],[6.0206623,50.121864],[6.0174923,50.121674],[6.0172367,50.12147],[6.016321,50.121574],[6.0161076,50.121128],[6.015745,50.121136],[6.0148373,50.118908],[6.0117245,50.117916],[6.010107,50.11687],[6.013582,50.116142],[6.0129986,50.114357],[6.013323,50.11326],[6.0140553,50.112446],[6.012617,50.11187],[6.013151,50.11096],[6.0126553,50.110744],[6.014082,50.10914],[6.0135517,50.108994],[6.013891,50.107716],[6.0110645,50.107597],[6.0098553,50.106552]]]},"properties":{"shapeName":"Weiswampach","shapeISO":"","shapeID":"21775719B10380614378112","shapeGroup":"LUX","shapeType":"ADM2"}},
{"type":"Feature","geometry":{"type":"Polygon","coordinates":[[[5.9540424,50.130222],[5.9500027,50.129185],[5.94343,50.129158],[5.938246,50.127563],[5.937174,50.126938],[5.9343166,50.12675],[5.934141,50.12695],[5.9296627,50.12619],[5.9258976,50.12441],[5.9216366,50.123226],[5.91741,50.12154],[5.915949,50.121544],[5.914095,50.121902],[5.911188,50.12074],[5.909525,50.119087],[5.9035397,50.11723],[5.9007435,50.116077],[5.8982487,50.113632],[5.8953156,50.1121618],[5.895502,50.111103],[5.8950405,50.109184],[5.895323,50.105515],[5.8943996,50.10311],[5.89456,50.101154],[5.891981,50.099323],[5.890707,50.097103],[5.889288,50.09555],[5.8883343,50.093353],[5.886469,50.09051],[5.8875484,50.08192],[5.8872395,50.079407],[5.8867397,50.078667],[5.8857822,50.07796],[5.8830853,50.076893],[5.8823566,50.07605],[5.8821964,50.076824],[5.8787785,50.0764],[5.8722515,50.074863],[5.867716,50.073353],[5.8678875,50.072086],[5.866831,50.07123],[5.8646564,50.070137],[5.8627377,50.069523],[5.8606625,50.069214],[5.8584423,50.06681],[5.8567295,50.06394],[5.8566456,50.061596],[5.8547764,50.059998],[5.854204,50.05889],[5.855646,50.057846],[5.8564663,50.057682],[5.857519,50.055016],[5.8586254,50.054996],[5.8606205,50.05445],[5.861124,50.05503],[5.86141,50.05452],[5.867441,50.050186],[5.8699093,50.045944],[5.8674603,50.04533],[5.8683605,50.04421],[5.868227,50.043686],[5.8652706,50.04271],[5.865343,50.042423],[5.8632374,50.042206],[5.86331,50.041782],[5.862299,50.041134],[5.862959,50.04021],[5.8625774,50.04009],[5.8632984,50.0394],[5.863653,50.03938],[5.859823,50.0384],[5.8576565,50.036953],[5.8560696,50.036278],[5.8568554,50.035706],[5.856516,50.035397],[5.858076,50.03469],[5.857523,50.03323],[5.8592625,50.031376],[5.858942,50.03134],[5.8594494,50.03092],[5.859026,50.030262],[5.8598766,50.028877],[5.8590946,50.028465],[5.856806,50.02837],[5.853258,50.027573],[5.8537197,50.02662],[5.8515224,50.026104],[5.852457,50.022903],[5.8497715,50.022224],[5.84638,50.020786],[5.843809,50.01938],[5.842573,50.019505],[5.84173,50.018604],[5.841501,50.01872],[5.840868,50.018303],[5.840681,50.01903],[5.840128,50.019142],[5.8401318,50.01942],[5.838373,50.019215],[5.8384724,50.018932],[5.8374767,50.018673],[5.8360233,50.018734],[5.8337536,50.01842],[5.8323956,50.017952],[5.8328724,50.017303],[5.8323154,50.01697],[5.829302,50.01577],[5.8301334,50.014843],[5.827757,50.01485],[5.8274364,50.014076],[5.825857,50.014923],[5.8254566,50.014404],[5.8241634,50.014973],[5.8228893,50.01401],[5.8222904,50.01441],[5.818987,50.01281],[5.820055,50.011234],[5.819372,50.01122],[5.819998,50.00935],[5.8211117,50.00722],[5.8222451,50.00591830000001],[5.821581,50.005455],[5.820429,50.005177],[5.821356,50.003746],[5.8208256,50.003513],[5.8216686,50.002846],[5.821699,50.001816],[5.8206844,50.000813],[5.8208065,50.00024],[5.822729,49.997936],[5.823595,49.996994],[5.827154,49.99578],[5.829645,49.994144],[5.832426,49.990517],[5.8357105,49.991188],[5.8366375,49.99116],[5.8401356,49.989437],[5.844122,49.99003],[5.8463955,49.990128],[5.8481007,49.989933],[5.851431,49.990124],[5.8512974,49.988396],[5.855818,49.989517],[5.856531,49.990376],[5.8561573,49.99092],[5.857786,49.9906],[5.858015,49.990746],[5.8585644,49.99043],[5.85956,49.990387],[5.859312,49.98997],[5.859934,49.98932],[5.859152,49.98922],[5.8586445,49.98748],[5.859232,49.987144],[5.859785,49.987675],[5.860773,49.988014],[5.8593082,49.987],[5.8653507,49.989223],[5.8669033,49.990566],[5.8687534,49.98921],[5.868616,49.990017],[5.871607,49.991272],[5.871229,49.993137],[5.870943,49.993256],[5.871542,49.994743],[5.8711147,49.99498],[5.871073,49.99568],[5.870264,49.996975],[5.869173,49.997982],[5.869749,49.998142],[5.869219,49.99946],[5.870825,50.00021],[5.876444,49.998184],[5.877428,49.99729],[5.885374,49.993732],[5.8856487,49.993088],[5.8867702,49.992756],[5.8874874,49.99218],[5.8906574,49.99155],[5.890852,49.99184],[5.890402,49.992355],[5.8910465,49.993298],[5.892683,49.99282],[5.894865,49.99286],[5.895075,49.992302],[5.895418,49.99228],[5.896887,49.992516],[5.897951,49.99339],[5.8988132,49.993603],[5.8977833,49.995827],[5.896391,49.997566],[5.8976917,49.9978],[5.8979206,49.997654],[5.898756,49.99611],[5.89884,49.99505],[5.8995495,49.99397],[5.899584,49.99333],[5.9003506,49.993286],[5.9028797,49.994133],[5.903887,49.99423],[5.9051914,49.993286],[5.90613,49.992966],[5.906702,49.99506],[5.907812,49.99521],[5.9082813,49.99567],[5.909586,49.99697],[5.9107647,49.997555],[5.9109364,49.998203],[5.9100704,50.000206],[5.9150867,50.002068],[5.9196835,50.004158],[5.9199886,50.004063],[5.9205456,50.007],[5.9204273,50.007977],[5.9211407,50.008175],[5.9209766,50.00897],[5.923094,50.009388],[5.923128,50.008114],[5.9268703,50.008057],[5.927809,50.008625],[5.928667,50.010925],[5.9277554,50.011566],[5.9254627,50.011738],[5.925005,50.012566],[5.925699,50.013165],[5.9242496,50.01434],[5.9237156,50.01569],[5.9240437,50.015934],[5.923872,50.0161],[5.9245396,50.01633],[5.925993,50.016735],[5.9263783,50.016582],[5.926935,50.016747],[5.926962,50.01811],[5.9281826,50.01831],[5.928953,50.018856],[5.9285526,50.01896],[5.928152,50.019783],[5.930517,50.019806],[5.9300556,50.020916],[5.9270077,50.021297],[5.9278812,50.023052],[5.9277706,50.02338],[5.927061,50.02364],[5.9283695,50.02498],[5.929308,50.025127],[5.929117,50.025536],[5.9296665,50.02571],[5.9311237,50.02488],[5.9318867,50.023746],[5.931486,50.020416],[5.9327106,50.019997],[5.935114,50.01989],[5.9364986,50.019463],[5.93878,50.021935],[5.940977,50.02319],[5.9432926,50.0254],[5.947859,50.026264],[5.948797,50.02724],[5.950712,50.027958],[5.954443,50.02739],[5.9548473,50.027714],[5.9545307,50.028057],[5.956976,50.02886],[5.9570484,50.028507],[5.9557056,50.027515],[5.955122,50.02775],[5.9545918,50.02725],[5.955473,50.026257],[5.960764,50.028408],[5.9625263,50.030064],[5.9635143,50.030437],[5.9642735,50.030396],[5.9661922,50.031975],[5.9636745,50.032875],[5.962202,50.033108],[5.960661,50.033802],[5.9621716,50.035507],[5.9620914,50.036377],[5.9611225,50.036873],[5.961851,50.037453],[5.9593754,50.038406],[5.956915,50.041073],[5.9627666,50.042614],[5.969557,50.042816],[5.969206,50.044003],[5.9710026,50.045315],[5.971018,50.04606],[5.969454,50.045715],[5.968256,50.045864],[5.9709377,50.046375],[5.971815,50.047432],[5.972784,50.047867],[5.9732647,50.049477],[5.9753017,50.051193],[5.9756947,50.052223],[5.9756184,50.05462],[5.9772015,50.055943],[5.979124,50.055614],[5.98168,50.054153],[5.982107,50.05359],[5.9820805,50.05668],[5.9825573,50.058197],[5.984579,50.060345],[5.9864025,50.06056],[5.9846897,50.063465],[5.9855976,50.065907],[5.985033,50.06752],[5.9845715,50.06784],[5.9854336,50.06801],[5.9867268,50.067047],[5.9872456,50.066933],[5.992655,50.06765],[5.9937077,50.067917],[5.9955883,50.069695],[5.997305,50.07044],[5.996969,50.070675],[5.9984837,50.07124],[6.000246,50.071285],[6.003496,50.070812],[6.005869,50.072403],[6.0074177,50.072685],[6.0110683,50.071777],[6.0136623,50.07071],[6.0160313,50.069206],[6.018465,50.068386],[6.0200863,50.068127],[6.0216465,50.0682],[6.022051,50.069427],[6.0209217,50.07239],[6.0208797,50.07342],[6.0233173,50.07346],[6.0229816,50.07469],[6.023592,50.074425],[6.0237827,50.076115],[6.0243397,50.076416],[6.024767,50.076103],[6.025297,50.076233],[6.025591,50.077305],[6.024935,50.078102],[6.025503,50.079548],[6.02841,50.08074],[6.0300274,50.080723],[6.0311604,50.08145],[6.031748,50.08224],[6.0307713,50.08361],[6.0316257,50.083675],[6.0317554,50.083897],[6.0311756,50.084293],[6.030157,50.08595],[6.028986,50.086655],[6.0275135,50.086628],[6.0271854,50.08698],[6.027426,50.087635],[6.0263805,50.08817],[6.027067,50.088577],[6.026781,50.088745],[6.0260563,50.08861],[6.025839,50.088913],[6.026022,50.08909],[6.0269756,50.0891],[6.0271473,50.089573],[6.0265484,50.089546],[6.0265102,50.09001],[6.027437,50.090107],[6.027979,50.090504],[6.0281315,50.09111],[6.0292873,50.091244],[6.0289707,50.09203],[6.0297565,50.09214],[6.0299892,50.092617],[6.0298786,50.093033],[6.028837,50.093143],[6.0290737,50.09371],[6.027582,50.093895],[6.027441,50.094223],[6.0269337,50.09434],[6.025934,50.094532],[6.0255527,50.09429],[6.023119,50.094524],[6.0227833,50.09518],[6.02302,50.09548],[6.0225506,50.09579],[6.0227795,50.096653],[6.0216427,50.096443],[6.021021,50.096935],[6.0213985,50.09721],[6.0204945,50.0975],[6.0202274,50.097374],[6.0204144,50.097065],[6.019129,50.09661],[6.0183277,50.095684],[6.016779,50.095284],[6.0155735,50.09561],[6.0157146,50.096077],[6.014715,50.09604],[6.015177,50.09642],[6.014761,50.09667],[6.0106945,50.0973],[6.008875,50.097267],[6.0080776,50.097565],[6.0081997,50.097885],[6.006975,50.098057],[6.0072346,50.098194],[6.006872,50.098618],[6.007391,50.098373],[6.007639,50.09895],[6.0068035,50.099735],[6.0068913,50.10002],[6.006159,50.100266],[6.0064945,50.100803],[6.005533,50.102325],[6.0063267,50.10346],[6.00741,50.103462],[6.0078335,50.103893],[6.008219,50.103706],[6.009081,50.10403],[6.010275,50.103947],[6.0114346,50.10415],[6.0115643,50.105152],[6.011072,50.105423],[6.0108128,50.10605],[6.0098553,50.106552],[6.0092525,50.10729],[6.007963,50.10803],[6.004015,50.10931],[6.000822,50.10897],[6.000284,50.109222],[6.0001087,50.108955],[5.999735,50.1091],[5.9992237,50.10973],[5.9990864,50.110588],[5.998461,50.11091],[5.997984,50.110806],[5.9961567,50.11195],[5.994997,50.113186],[5.9925632,50.11196],[5.9916973,50.11295],[5.990015,50.112286],[5.9893856,50.11312],[5.9875927,50.11253],[5.9856815,50.1147],[5.984049,50.11446],[5.9816303,50.11357],[5.9765606,50.11251],[5.968767,50.109398],[5.963354,50.107716],[5.9611454,50.111164],[5.9593945,50.113167],[5.9587307,50.114727],[5.9548664,50.119446],[5.956793,50.120037],[5.953932,50.122726],[5.953779,50.12467],[5.953066,50.126812],[5.955675,50.127712],[5.956587,50.128654],[5.954729,50.130383],[5.9543285,50.130554],[5.9540424,50.130222]]]},"properties":{"shapeName":"Wincrange","shapeISO":"","shapeID":"21775719B30727089923875","shapeGroup":"LUX","shapeType":"ADM2"}},
{"type":"Feature","geometry":{"type":"Polygon","coordinates":[[[6.1167316,50.056654],[6.1138287,50.0576267],[6.1122494,50.0596981],[6.1124897,50.0608692],[6.1139278,50.0636196],[6.1135998,50.06557270000001],[6.1151714,50.0659008],[6.1181087,50.0645237],[6.1202602,50.0648174],[6.1207294,50.065382],[6.1211872,50.069006],[6.1259289,50.071043],[6.1267452,50.0718746],[6.129137,50.07337],[6.1285191,50.0745678],[6.1249294,50.0769863],[6.1234188,50.0763836],[6.1221409,50.0744114],[6.1218472,50.0731068],[6.1207638,50.0724392],[6.1189213,50.0723896],[6.117651,50.0729313],[6.1157742,50.0746479],[6.1177731,50.0756054],[6.1181011,50.076643],[6.1205425,50.0788937],[6.1218739,50.0814075],[6.1220493,50.0834637],[6.1203098,50.0848141],[6.1195126,50.0858898],[6.1196957,50.0870953],[6.1193638,50.0877285],[6.1192951,50.089613],[6.1199932,50.0920124],[6.121664,50.0934544],[6.1227398,50.0937672],[6.123724,50.093729],[6.1247463,50.0932941],[6.129446,50.0924282],[6.1317005,50.0925694],[6.1329899,50.093359],[6.1329288,50.0942745],[6.1323986,50.0949039],[6.1296597,50.0949192],[6.1283855,50.09533120000001],[6.1255932,50.09896280000001],[6.1253681,50.1008091],[6.1258221,50.1017742],[6.1272411,50.102315900000015],[6.1302776,50.1029301],[6.1321468,50.1026096],[6.1336956,50.1026592],[6.1355648,50.1034832],[6.1347446,50.1047993],[6.1321659,50.10573390000001],[6.1310558,50.1064434],[6.1306744,50.1080227],[6.1306553,50.1083317],[6.1320133,50.1098423],[6.1337299,50.1113186],[6.1348667,50.11339],[6.1344318,50.1136951],[6.13167,50.1137257],[6.1298809,50.1140957],[6.1289349,50.1146984],[6.1278362,50.1162624],[6.1285534,50.1180325],[6.1291904,50.1213207],[6.1303577,50.1220226],[6.1326275,50.1228542],[6.1347599,50.123167],[6.1360607,50.1237507],[6.1371899,50.1256657],[6.1379528,50.1286144],[6.1377142,50.1298541],[6.1368504,50.1301403],[6.1365643,50.1298275],[6.1360798,50.1300983],[6.1352215,50.1301479],[6.1347904,50.129961],[6.1348095,50.1296902],[6.1334515,50.129488],[6.1308346,50.1298084],[6.1286373,50.1322536],[6.1276646,50.1327572],[6.1265278,50.133997],[6.1247425,50.1347256],[6.1240139,50.1346607],[6.122263,50.1355724],[6.1223125,50.1357517],[6.1214962,50.1358356],[6.1206913,50.1363087],[6.119154,50.1360798],[6.116087,50.1363544],[6.1159496,50.13655280000001],[6.1122799,50.1360226],[6.110342,50.135918],[6.1092205,50.13529],[6.1082478,50.135185],[6.106596,50.13427],[6.104082,50.131886],[6.1040516,50.130245],[6.103346,50.129574],[6.098818,50.127617],[6.0954723,50.12736],[6.094881,50.126915],[6.094141,50.125393],[6.0931416,50.124332],[6.0885067,50.121582],[6.0867863,50.12098],[6.0866985,50.12063],[6.08539,50.120007],[6.084032,50.118286],[6.081316,50.118523],[6.080885,50.117336],[6.079233,50.115982],[6.0790997,50.115322],[6.0786953,50.115128],[6.0786724,50.11435],[6.0776653,50.11244],[6.0756855,50.11016],[6.069914,50.10703],[6.0661144,50.10547],[6.0644016,50.10398],[6.064287,50.10377],[6.064665,50.103546],[6.0636616,50.103447],[6.0632114,50.103683],[6.061754,50.10349],[6.0608425,50.103096],[6.0585117,50.10309],[6.058752,50.102],[6.059202,50.101696],[6.0576267,50.100742],[6.05562,50.09895],[6.054281,50.098946],[6.0532055,50.098286],[6.052202,50.09876],[6.050745,50.09905],[6.0495777,50.097996],[6.044241,50.096676],[6.0368824,50.095795],[6.0365887,50.096256],[6.0318813,50.096127],[6.0289326,50.096447],[6.027544,50.096836],[6.026678,50.09485],[6.0269337,50.09434],[6.027441,50.094223],[6.027582,50.093895],[6.0290737,50.09371],[6.028837,50.093143],[6.0298786,50.093033],[6.0299892,50.092617],[6.0297565,50.09214],[6.0289707,50.09203],[6.0292873,50.091244],[6.0281315,50.09111],[6.027979,50.090504],[6.027437,50.090107],[6.0265102,50.09001],[6.0265484,50.089546],[6.0271473,50.089573],[6.0269756,50.0891],[6.026022,50.08909],[6.025839,50.088913],[6.0260563,50.08861],[6.026781,50.088745],[6.027067,50.088577],[6.0263805,50.08817],[6.027426,50.087635],[6.0271854,50.08698],[6.0275135,50.086628],[6.028986,50.086655],[6.030157,50.08595],[6.0311756,50.084293],[6.0317554,50.083897],[6.0316257,50.083675],[6.0307713,50.08361],[6.031748,50.08224],[6.0311604,50.08145],[6.0300274,50.080723],[6.02841,50.08074],[6.025503,50.079548],[6.024935,50.078102],[6.025591,50.077305],[6.025297,50.076233],[6.024767,50.076103],[6.0243397,50.076416],[6.0237827,50.076115],[6.023592,50.074425],[6.0229816,50.07469],[6.0233173,50.07346],[6.0208797,50.07342],[6.0209217,50.07239],[6.022051,50.069427],[6.0216465,50.0682],[6.0200863,50.068127],[6.018465,50.068386],[6.0160313,50.069206],[6.0136623,50.07071],[6.0110683,50.071777],[6.0074177,50.072685],[6.005869,50.072403],[6.003496,50.070812],[6.000246,50.071285],[5.9984837,50.07124],[5.996969,50.070675],[5.997305,50.07044],[5.9955883,50.069695],[5.9937077,50.067917],[5.992655,50.06765],[5.9872456,50.066933],[5.9867268,50.067047],[5.9854336,50.06801],[5.9845715,50.06784],[5.985033,50.06752],[5.9855976,50.065907],[5.9846897,50.063465],[5.9864025,50.06056],[5.984579,50.060345],[5.9825573,50.058197],[5.9820805,50.05668],[5.982107,50.05359],[5.98168,50.054153],[5.979124,50.055614],[5.9772015,50.055943],[5.9756184,50.05462],[5.9756947,50.052223],[5.9753017,50.051193],[5.9732647,50.049477],[5.972784,50.047867],[5.971815,50.047432],[5.9709377,50.046375],[5.968256,50.045864],[5.969454,50.045715],[5.971018,50.04606],[5.9710026,50.045315],[5.969206,50.044003],[5.969557,50.042816],[5.9627666,50.042614],[5.956915,50.041073],[5.9593754,50.038406],[5.961851,50.037453],[5.9611225,50.036873],[5.9620914,50.036377],[5.9621716,50.035507],[5.960661,50.033802],[5.962202,50.033108],[5.9636745,50.032875],[5.9661922,50.031975],[5.9690456,50.031876],[5.972433,50.032234],[5.9728413,50.031925],[5.9730015,50.031185],[5.971777,50.029057],[5.969881,50.02804],[5.9709415,50.027336],[5.968931,50.026646],[5.971407,50.025326],[5.971781,50.0242],[5.9732494,50.024487],[5.9761486,50.024136],[5.9762516,50.023174],[5.9773655,50.022404],[5.978346,50.02074],[5.976591,50.017944],[5.9800663,50.018],[5.9842205,50.019978],[5.98501,50.01716],[5.985853,50.01736],[5.9866543,50.016487],[5.987627,50.01625],[5.988474,50.015163],[5.9851475,50.01416],[5.9850597,50.01233],[5.9880466,50.013622],[5.987749,50.01394],[5.9895535,50.014767],[5.9906025,50.013874],[5.9909725,50.014065],[5.9927807,50.01319],[5.9947224,50.013184],[5.9965687,50.012196],[5.9977016,50.01224],[5.9992733,50.01187],[5.9991817,50.011463],[6.0036907,50.011536],[6.0049114,50.011967],[6.0064373,50.01146],[6.0057697,50.010723],[6.0075054,50.00841],[6.0084553,50.008064],[6.0095425,50.008],[6.0103893,50.007347],[6.0108547,50.006527],[6.0113087,50.00628],[6.012068,50.00656],[6.012457,50.005966],[6.0082607,50.004143],[6.0097218,50.002804],[6.0120945,50.003555],[6.012781,50.002747],[6.0162067,50.003468],[6.0169086,50.00258],[6.016779,50.00197],[6.017412,50.00093],[6.018896,50.00191],[6.0202312,50.000843],[6.019636,50.000526],[6.0220013,49.998863],[6.026224,50.000477],[6.026613,49.999218],[6.02849,49.99964],[6.0309467,49.999462],[6.0327206,50.000576],[6.033167,50.000183],[6.0355015,50.001072],[6.0368786,50.002014],[6.037653,50.00299],[6.0398617,50.004368],[6.040102,50.005543],[6.0376186,50.006554],[6.0370655,50.008976],[6.0358334,50.009743],[6.036852,50.009693],[6.0378933,50.00904],[6.038477,50.009544],[6.042467,50.011505],[6.041582,50.012928],[6.0379314,50.01248],[6.0375423,50.014412],[6.0360622,50.016758],[6.0373516,50.016987],[6.039564,50.01674],[6.0411777,50.016872],[6.0415096,50.01787],[6.0408726,50.01919],[6.041189,50.020058],[6.0450497,50.02066],[6.046343,50.02107],[6.04648,50.021553],[6.0480747,50.021935],[6.04743,50.02313],[6.0488377,50.026955],[6.053213,50.029587],[6.05303,50.03096],[6.052294,50.032425],[6.053362,50.03369],[6.053358,50.034153],[6.056757,50.034164],[6.05649,50.035027],[6.0567493,50.035526],[6.058798,50.03751],[6.0585155,50.03765],[6.060335,50.038982],[6.062334,50.037987],[6.0606365,50.03661],[6.059656,50.03615],[6.0582676,50.03466],[6.0573248,50.0325745],[6.0573063,50.03145],[6.0576687,50.03069],[6.0561275,50.02844],[6.055731,50.026966],[6.0576687,50.028957],[6.0616055,50.031017],[6.060095,50.032646],[6.0604305,50.033474],[6.0616055,50.03458],[6.0661945,50.037304],[6.067419,50.038563],[6.0709476,50.03955],[6.069536,50.041298],[6.067919,50.04097],[6.0674725,50.04197],[6.068899,50.04281],[6.0763187,50.044876],[6.077463,50.04249],[6.077936,50.042557],[6.0792484,50.043087],[6.0790005,50.04324],[6.079897,50.043697],[6.080389,50.04364],[6.0819416,50.044464],[6.083166,50.04546],[6.0840206,50.045708],[6.0840664,50.046455],[6.088972,50.045948],[6.090658,50.046677],[6.092226,50.047035],[6.093508,50.047043],[6.095663,50.04657],[6.099127,50.047897],[6.1011333,50.04799],[6.10079,50.049183],[6.1017056,50.050907],[6.1015034,50.050983],[6.105852,50.052944],[6.10742,50.053234],[6.1108265,50.05517],[6.1121387,50.055264],[6.1143665,50.05599],[6.115389,50.056057],[6.1167316,50.056654]]]},"properties":{"shapeName":"Clervaux","shapeISO":"","shapeID":"21775719B80901335144813","shapeGroup":"LUX","shapeType":"ADM2"}},
{"type":"Feature","geometry":{"type":"Polygon","coordinates":[[[5.9826946,49.852962],[5.981695,49.852413],[5.9806385,49.852695],[5.979616,49.853374],[5.978937,49.854397],[5.9772015,49.85511],[5.97806,49.855434],[5.977907,49.85606],[5.9775143,49.856743],[5.976431,49.857487],[5.9759235,49.85878],[5.976549,49.85886],[5.9763737,49.859505],[5.9749966,49.860706],[5.975134,49.86092],[5.970419,49.860043],[5.9680996,49.86056],[5.967264,49.86097],[5.9668903,49.86215],[5.966238,49.862823],[5.9642086,49.86662],[5.9638577,49.866035],[5.9629154,49.866196],[5.9628353,49.865696],[5.96187,49.86574],[5.9606915,49.866287],[5.959341,49.86626],[5.959318,49.866478],[5.957876,49.866383],[5.957178,49.86659],[5.9569607,49.86718],[5.9552135,49.868347],[5.950365,49.869156],[5.9480495,49.870373],[5.946409,49.870636],[5.9419575,49.870216],[5.938677,49.870544],[5.93725,49.87024],[5.9365635,49.870316],[5.9339237,49.867702],[5.9324665,49.86689],[5.9319286,49.86716],[5.9314823,49.866886],[5.9309216,49.865833],[5.9305935,49.865932],[5.9301624,49.865173],[5.9289265,49.86444],[5.9280796,49.86338],[5.926626,49.860043],[5.9251842,49.859047],[5.9250126,49.859158],[5.922598,49.85909],[5.921488,49.85874],[5.9208317,49.858242],[5.919695,49.856667],[5.9215717,49.854492],[5.9215984,49.853493],[5.9211597,49.853577],[5.920252,49.85277],[5.9175167,49.85146],[5.917986,49.85119],[5.9166355,49.850327],[5.914995,49.849854],[5.92021,49.844093],[5.922529,49.8423],[5.92367,49.841736],[5.92478,49.841507],[5.9274654,49.840137],[5.928957,49.840374],[5.9302654,49.84019],[5.9309483,49.839718],[5.933672,49.839005],[5.9358616,49.837944],[5.9373226,49.83518],[5.938246,49.83101],[5.94005,49.829487],[5.9405003,49.828117],[5.9421597,49.826744],[5.943266,49.82641],[5.94433,49.825314],[5.9448643,49.82321],[5.9484158,49.82361],[5.9492016,49.82096],[5.9466,49.818924],[5.9478283,49.818314],[5.947588,49.818207],[5.9479733,49.817604],[5.9461308,49.816742],[5.946722,49.815536],[5.947096,49.81469],[5.946722,49.81434],[5.946993,49.813915],[5.9467144,49.813404],[5.9472485,49.812714],[5.946924,49.81227],[5.9499874,49.81322],[5.950884,49.812233],[5.9524937,49.8115],[5.953417,49.811943],[5.9540653,49.81148],[5.9544888,49.811794],[5.95603,49.811302],[5.956259,49.81167],[5.960058,49.810905],[5.961542,49.810432],[5.9626675,49.809727],[5.9636707,49.809624],[5.9641056,49.809624],[5.9642277,49.810112],[5.9639225,49.81178],[5.9646206,49.812065],[5.9657803,49.811836],[5.9679317,49.812263],[5.9677944,49.811687],[5.969145,49.81178],[5.968973,49.812637],[5.9695415,49.81305],[5.97307,49.81407],[5.9745655,49.813557],[5.977827,49.813248],[5.9787273,49.812798],[5.9811497,49.81279],[5.9820004,49.81304],[5.984247,49.812786],[5.9846897,49.81391],[5.984522,49.81539],[5.9859524,49.816944],[5.985033,49.817245],[5.984186,49.81678],[5.9832554,49.817368],[5.9825687,49.81702],[5.981592,49.817734],[5.9822063,49.818047],[5.9792767,49.819813],[5.9810467,49.820663],[5.9818897,49.82162],[5.9813747,49.821873],[5.9828205,49.823128],[5.984621,49.82401],[5.9836254,49.82529],[5.9838886,49.825905],[5.982538,49.82552],[5.981001,49.827473],[5.981989,49.82778],[5.9808254,49.829998],[5.978426,49.83012],[5.9779415,49.83114],[5.977022,49.831703],[5.9785824,49.833324],[5.9770985,49.834045],[5.9774036,49.83442],[5.9775677,49.836315],[5.9768887,49.83652],[5.9765377,49.838135],[5.9755993,49.8381],[5.97497,49.83876],[5.9734287,49.83944],[5.973734,49.83974],[5.972727,49.84048],[5.9733906,49.841232],[5.9732037,49.841496],[5.9705257,49.842705],[5.97019,49.843147],[5.971499,49.8455268],[5.9735775,49.845478],[5.974329,49.847164],[5.9787006,49.846138],[5.9821224,49.84616],[5.982092,49.845905],[5.983465,49.845524],[5.984606,49.84565],[5.9846973,49.845985],[5.9849873,49.84592],[5.98522,49.8462],[5.9857807,49.84618],[5.98625,49.84529],[5.9866123,49.84528],[5.9866314,49.845623],[5.9872837,49.84567],[5.987314,49.84687],[5.986479,49.848625],[5.984644,49.850937],[5.9824924,49.85255],[5.9826946,49.852962]]]},"properties":{"shapeName":"Grosbous","shapeISO":"","shapeID":"21775719B41529217465013","shapeGroup":"LUX","shapeType":"ADM2"}},
{"type":"Feature","geometry":{"type":"Polygon","coordinates":[[[5.9250126,49.859158],[5.921747,49.861507],[5.91947,49.862034],[5.9179974,49.86136],[5.9175777,49.860355],[5.9152393,49.859516],[5.9139385,49.858715],[5.911268,49.860714],[5.9108753,49.860912],[5.910429,49.86071],[5.90975,49.861202],[5.9095516,49.8618],[5.9098186,49.862457],[5.9129124,49.86436],[5.9145336,49.86502],[5.9155865,49.864532],[5.917902,49.864662],[5.9206104,49.86429],[5.9209003,49.864502],[5.920435,49.86532],[5.920824,49.86608],[5.919424,49.867287],[5.917055,49.86696],[5.9163227,49.86709],[5.9157276,49.8709],[5.916395,49.870754],[5.9169674,49.87106],[5.9143353,49.87132],[5.9131413,49.873413],[5.9130917,49.87401],[5.913954,49.87385],[5.9139423,49.874035],[5.912325,49.874664],[5.91247,49.874813],[5.9107,49.876144],[5.910944,49.876476],[5.909609,49.877113],[5.90851,49.879723],[5.9074116,49.87984],[5.9066525,49.879395],[5.9063206,49.88086],[5.9069347,49.880802],[5.9069386,49.880985],[5.9057713,49.881924],[5.9041996,49.882557],[5.904009,49.8847],[5.9025555,49.88607],[5.9020786,49.88714],[5.9006863,49.88746],[5.899477,49.88841],[5.897043,49.8867],[5.897894,49.885845],[5.8958454,49.884144],[5.894701,49.884563],[5.8943005,49.8842],[5.892832,49.881763],[5.8930798,49.88047],[5.892355,49.879456],[5.895502,49.878216],[5.8939457,49.87689],[5.8949223,49.876404],[5.893503,49.87497],[5.896326,49.875084],[5.897707,49.873554],[5.894388,49.871758],[5.8947887,49.871445],[5.8924503,49.869904],[5.8890095,49.870186],[5.887842,49.868717],[5.888441,49.866936],[5.886957,49.865982],[5.885153,49.86564],[5.881792,49.863964],[5.8807697,49.863945],[5.880228,49.86416],[5.8785305,49.86539],[5.8791637,49.866455],[5.878191,49.867764],[5.8779392,49.8698101],[5.874609,49.8693028],[5.8752842,49.8681087],[5.8749866,49.8669529],[5.873064,49.8657856],[5.8741627,49.8643818],[5.8754406,49.8637562],[5.8750515,49.8622112],[5.8739758,49.8622761],[5.875124,49.8613911],[5.8762455,49.8609447],[5.8729992,49.859911],[5.8732281,49.8597393],[5.8719997,49.858984],[5.8712292,49.857954],[5.870657,49.8559132],[5.8726559,49.8560772],[5.8736172,49.8556995],[5.8737278,49.8555164],[5.8731289,49.855257],[5.8745823,49.8521862],[5.8709087,49.8516788],[5.8681278,49.8505764],[5.8678341,49.849966],[5.8689823,49.8487759],[5.8715267,49.8493862],[5.8746777,49.849493],[5.8749371,49.8485622],[5.8761196,49.8483295],[5.8783321,49.8487606],[5.8823719,49.8490849],[5.8856983,49.8487606],[5.8861065,49.8478718],[5.8784771,49.8442326],[5.8687229,49.8425922],[5.8687954,49.8424091],[5.8708591,49.8417072],[5.8710155,49.8409405],[5.872591,49.8412724],[5.8729305,49.8407116],[5.8746128,49.8413105],[5.8760052,49.8404713],[5.8774662,49.8406277],[5.8776112,49.8399143],[5.8783894,49.8400707],[5.8783855,49.8398571],[5.8788929,49.839922],[5.8795643,49.8403187],[5.8811588,49.8387966],[5.8816433,49.8388767],[5.8818722,49.8385792],[5.8814182,49.8329258],[5.8822231,49.8328342],[5.8826809,49.8320293],[5.883852,49.8311062],[5.8832684,49.8306026],[5.8843632,49.8302593],[5.8866405,49.8302822],[5.8868961,49.8305149],[5.8883762,49.8296795],[5.8892002,49.8298359],[5.8936596,49.8274517],[5.89604,49.8258991],[5.8975468,49.8224278],[5.8986568,49.8212643],[5.9006901,49.8205509],[5.9011059,49.8201809],[5.9038105,49.8200016],[5.905901,49.8201504],[5.9075108,49.819437],[5.9080296,49.819263],[5.908518,49.819805],[5.908777,49.822136],[5.9095287,49.82378],[5.9094257,49.825413],[5.9102955,49.825516],[5.9107456,49.82487],[5.911726,49.824726],[5.9149914,49.825153],[5.9195576,49.825222],[5.925131,49.82394],[5.929899,49.819546],[5.934408,49.817673],[5.9388676,49.816788],[5.939207,49.815872],[5.942011,49.815964],[5.9420414,49.815483],[5.9447117,49.81572],[5.9457226,49.815704],[5.9461727,49.81537],[5.946722,49.815536],[5.9461308,49.816742],[5.9479733,49.817604],[5.947588,49.818207],[5.9478283,49.818314],[5.9466,49.818924],[5.9492016,49.82096],[5.9484158,49.82361],[5.9448643,49.82321],[5.94433,49.825314],[5.943266,49.82641],[5.9421597,49.826744],[5.9405003,49.828117],[5.94005,49.829487],[5.938246,49.83101],[5.9373226,49.83518],[5.9358616,49.837944],[5.933672,49.839005],[5.9309483,49.839718],[5.9302654,49.84019],[5.928957,49.840374],[5.9274654,49.840137],[5.92478,49.841507],[5.92367,49.841736],[5.922529,49.8423],[5.92021,49.844093],[5.914995,49.849854],[5.9166355,49.850327],[5.917986,49.85119],[5.9175167,49.85146],[5.920252,49.85277],[5.9211597,49.853577],[5.9215984,49.853493],[5.9215717,49.854492],[5.919695,49.856667],[5.9208317,49.858242],[5.921488,49.85874],[5.922598,49.85909],[5.9250126,49.859158]]]},"properties":{"shapeName":"Wahl","shapeISO":"","shapeID":"21775719B43750739828677","shapeGroup":"LUX","shapeType":"ADM2"}},
{"type":"Feature","geometry":{"type":"Polygon","coordinates":[[[5.946722,49.815536],[5.9461727,49.81537],[5.9457226,49.815704],[5.9447117,49.81572],[5.9420414,49.815483],[5.942011,49.815964],[5.939207,49.815872],[5.9388676,49.816788],[5.934408,49.817673],[5.929899,49.819546],[5.925131,49.82394],[5.9195576,49.825222],[5.9149914,49.825153],[5.911726,49.824726],[5.9107456,49.82487],[5.9102955,49.825516],[5.9094257,49.825413],[5.9095287,49.82378],[5.908777,49.822136],[5.908518,49.819805],[5.9080296,49.819263],[5.9075108,49.819437],[5.9070187,49.818922],[5.9066601,49.8190746],[5.905489,49.8177128],[5.9058399,49.8172398],[5.903738,49.8161488],[5.902792,49.815237],[5.903677,49.8141766],[5.9022083,49.8125858],[5.9044323,49.8116322],[5.9020519,49.8115063],[5.9017468,49.81080439999999],[5.9030247,49.8106327],[5.9034214,49.8103657],[5.9042873,49.8103886],[5.9048595,49.8099422],[5.9056835,49.8098736],[5.9060001,49.8091221],[5.9044132,49.8091717],[5.9039364,49.8086872],[5.90341,49.8087101],[5.9027233,49.8081341],[5.9009838,49.8075848],[5.9019184,49.806038],[5.900793,49.8056],[5.901392,49.80501],[5.903101,49.805515],[5.9040203,49.80383],[5.9041386,49.801758],[5.9019375,49.80158],[5.9044666,49.79748],[5.905443,49.79784],[5.908762,49.7963],[5.9093227,49.79679],[5.9112415,49.795254],[5.910799,49.795155],[5.9118443,49.79222],[5.911642,49.79089],[5.9127674,49.790176],[5.9123707,49.79006],[5.915148,49.78906],[5.9140873,49.788475],[5.917055,49.787178],[5.919504,49.78654],[5.9212437,49.786396],[5.921278,49.78585],[5.920759,49.785862],[5.9207096,49.785606],[5.921232,49.785553],[5.9212513,49.785324],[5.9234676,49.785465],[5.9237995,49.78449],[5.9259434,49.78471],[5.9266415,49.78338],[5.93017,49.783607],[5.9302807,49.782696],[5.9319286,49.78292],[5.9321804,49.782333],[5.931074,49.782127],[5.9312916,49.780655],[5.930952,49.78052],[5.93128,49.77984],[5.932905,49.78021],[5.933386,49.779224],[5.932295,49.779217],[5.9327526,49.778732],[5.93347,49.778934],[5.935087,49.778576],[5.937792,49.779217],[5.9400425,49.779312],[5.945574,49.781567],[5.944044,49.78255],[5.9468174,49.783558],[5.9501476,49.78434],[5.9499264,49.785],[5.952463,49.785217],[5.9526806,49.784584],[5.95516,49.784756],[5.9560413,49.78501],[5.956335,49.786243],[5.9557896,49.78626],[5.955652,49.786896],[5.9594326,49.786957],[5.9593945,49.787395],[5.962549,49.787895],[5.961176,49.790276],[5.9623127,49.79048],[5.9624233,49.79086],[5.9614124,49.792015],[5.9628925,49.792816],[5.961939,49.79342],[5.962515,49.793785],[5.9620724,49.794273],[5.9633083,49.795094],[5.962927,49.795246],[5.9636097,49.796867],[5.964117,49.79766],[5.964422,49.797512],[5.9653454,49.79826],[5.964739,49.798725],[5.9663486,49.80049],[5.9657,49.801064],[5.9654045,49.8042588],[5.9680157,49.804665],[5.9668407,49.80537],[5.964258,49.808254],[5.964712,49.808693],[5.9662,49.809006],[5.966116,49.809357],[5.966383,49.809868],[5.969038,49.810024],[5.969145,49.81178],[5.9677944,49.811687],[5.9679317,49.812263],[5.9657803,49.811836],[5.9646206,49.812065],[5.9639225,49.81178],[5.9642277,49.810112],[5.9641056,49.809624],[5.9636707,49.809624],[5.9626675,49.809727],[5.961542,49.810432],[5.960058,49.810905],[5.956259,49.81167],[5.95603,49.811302],[5.9544888,49.811794],[5.9540653,49.81148],[5.953417,49.811943],[5.9524937,49.8115],[5.950884,49.812233],[5.9499874,49.81322],[5.946924,49.81227],[5.9472485,49.812714],[5.9467144,49.813404],[5.946993,49.813915],[5.946722,49.81434],[5.947096,49.81469],[5.946722,49.815536]]]},"properties":{"shapeName":"Préizerdaul","shapeISO":"","shapeID":"21775719B64584040451589","shapeGroup":"LUX","shapeType":"ADM2"}},
{"type":"Feature","geometry":{"type":"Polygon","coordinates":[[[5.9859524,49.816944],[5.984522,49.81539],[5.9846897,49.81391],[5.984247,49.812786],[5.9820004,49.81304],[5.9811497,49.81279],[5.9787273,49.812798],[5.977827,49.813248],[5.9745655,49.813557],[5.97307,49.81407],[5.9695415,49.81305],[5.968973,49.812637],[5.969145,49.81178],[5.969038,49.810024],[5.966383,49.809868],[5.966116,49.809357],[5.9768467,49.808643],[5.9745464,49.806446],[5.9741344,49.80416],[5.9735813,49.80328],[5.97563,49.802105],[5.9786053,49.80094],[5.979803,49.80163],[5.979887,49.800777],[5.981203,49.79902],[5.9830074,49.7985],[5.985243,49.79717],[5.987753,49.79797],[5.990118,49.795834],[5.9966946,49.791946],[5.996557,49.791397],[5.998083,49.790424],[6.000635,49.787514],[6.0035877,49.78889],[6.0053577,49.78712],[6.006445,49.78739],[6.009878,49.786777],[6.013609,49.78697],[6.013117,49.787598],[6.013262,49.78798],[6.013567,49.787983],[6.013502,49.788994],[6.0126095,49.79024],[6.0145397,49.79095],[6.0155926,49.793625],[6.0152264,49.79544],[6.0207005,49.796818],[6.0195026,49.798466],[6.025526,49.80002],[6.0258465,49.799934],[6.026396,49.80048],[6.0287457,49.800793],[6.029108,49.80128],[6.035063,49.80344],[6.0385723,49.80377],[6.0306034,49.807697],[6.0299473,49.808197],[6.030592,49.80887],[6.028345,49.80964],[6.027918,49.810364],[6.0288715,49.81157],[6.028597,49.8127],[6.0297756,49.81391],[6.031599,49.816902],[6.032263,49.81974],[6.036478,49.82203],[6.040766,49.822823],[6.0411587,49.824158],[6.04035,49.82609],[6.037203,49.824486],[6.033983,49.82635],[6.033285,49.8261],[6.033079,49.827225],[6.0337467,49.82863],[6.0343914,49.83157],[6.0330906,49.831398],[6.0267506,49.8301],[6.030348,49.82621],[6.0305576,49.825836],[6.029974,49.825344],[6.0270023,49.825874],[6.025854,49.82653],[6.0241756,49.825264],[6.023176,49.826942],[6.018461,49.827076],[6.017885,49.825905],[6.0155087,49.825558],[6.010725,49.823116],[6.0086155,49.82282],[6.0058727,49.822903],[6.005499,49.822193],[6.0057354,49.821896],[6.0039005,49.82129],[6.002508,49.820183],[6.00041,49.819542],[6.000746,49.818787],[5.9900227,49.81828],[5.986971,49.817543],[5.9859524,49.816944]]]},"properties":{"shapeName":"Vichten","shapeISO":"","shapeID":"21775719B60659508843421","shapeGroup":"LUX","shapeType":"ADM2"}},
{"type":"Feature","geometry":{"type":"Polygon","coordinates":[[[6.0053577,49.78712],[6.0035877,49.78889],[6.000635,49.787514],[5.998083,49.790424],[5.996557,49.791397],[5.9966946,49.791946],[5.990118,49.795834],[5.987753,49.79797],[5.985243,49.79717],[5.9830074,49.7985],[5.981203,49.79902],[5.979887,49.800777],[5.979803,49.80163],[5.9786053,49.80094],[5.97563,49.802105],[5.9735813,49.80328],[5.9741344,49.80416],[5.9745464,49.806446],[5.9768467,49.808643],[5.966116,49.809357],[5.9662,49.809006],[5.964712,49.808693],[5.964258,49.808254],[5.9668407,49.80537],[5.9680157,49.804665],[5.9654045,49.8042588],[5.9657,49.801064],[5.9663486,49.80049],[5.964739,49.798725],[5.9653454,49.79826],[5.964422,49.797512],[5.964117,49.79766],[5.9636097,49.796867],[5.962927,49.795246],[5.9633083,49.795094],[5.9620724,49.794273],[5.962515,49.793785],[5.961939,49.79342],[5.9628925,49.792816],[5.9614124,49.792015],[5.9624233,49.79086],[5.9623127,49.79048],[5.961176,49.790276],[5.962549,49.787895],[5.9593945,49.787395],[5.9594326,49.786957],[5.955652,49.786896],[5.9557896,49.78626],[5.956335,49.786243],[5.9560413,49.78501],[5.95516,49.784756],[5.9526806,49.784584],[5.952463,49.785217],[5.9499264,49.785],[5.9501476,49.78434],[5.9468174,49.783558],[5.944044,49.78255],[5.945574,49.781567],[5.9400425,49.779312],[5.937792,49.779217],[5.935087,49.778576],[5.93347,49.778934],[5.9327526,49.778732],[5.9312763,49.778576],[5.933115,49.776833],[5.9361553,49.775852],[5.9387836,49.773937],[5.938429,49.773705],[5.938032,49.773823],[5.9356327,49.775517],[5.933832,49.776222],[5.9333744,49.775303],[5.9325542,49.775314],[5.931898,49.77437],[5.931753,49.774017],[5.932413,49.77331],[5.92964,49.770985],[5.9251537,49.76896],[5.9222965,49.766403],[5.9204884,49.76555],[5.9230633,49.76594],[5.9263706,49.76516],[5.92774,49.766865],[5.9287434,49.7672],[5.9310703,49.764133],[5.931448,49.76296],[5.9306393,49.762737],[5.9308186,49.76241],[5.9286366,49.761997],[5.929426,49.76114],[5.9296207,49.761265],[5.9326572,49.760506],[5.930792,49.759125],[5.931856,49.758347],[5.92951,49.757767],[5.931814,49.75595],[5.9341755,49.754898],[5.934469,49.7533],[5.9337673,49.7514],[5.93458,49.75009],[5.936037,49.749268],[5.9363117,49.747665],[5.9374714,49.7478],[5.937559,49.74752],[5.9389973,49.747738],[5.9412365,49.748524],[5.941931,49.746655],[5.9417095,49.746582],[5.942362,49.74552],[5.943613,49.746006],[5.9458103,49.743572],[5.9439373,49.743126],[5.942621,49.74236],[5.943552,49.74048],[5.944029,49.740593],[5.9441586,49.74038],[5.9442844,49.73934],[5.945677,49.739506],[5.945898,49.738514],[5.941145,49.73644],[5.9409275,49.736652],[5.9384365,49.735798],[5.938738,49.735554],[5.938345,49.735302],[5.939699,49.733467],[5.937231,49.732643],[5.9383335,49.731277],[5.9391117,49.730812],[5.939951,49.731056],[5.9402637,49.730507],[5.9419384,49.73153],[5.9428883,49.732143],[5.9462605,49.733242],[5.948576,49.733356],[5.9482327,49.733955],[5.94948,49.73404],[5.949404,49.73448],[5.9479046,49.734543],[5.9472904,49.736244],[5.948225,49.736126],[5.9481564,49.736458],[5.9486027,49.736572],[5.9469204,49.738834],[5.9482365,49.739388],[5.9498005,49.738003],[5.951933,49.739223],[5.953562,49.7381],[5.954054,49.737286],[5.9539013,49.73652],[5.954626,49.7365],[5.9547024,49.73591],[5.9563007,49.735847],[5.9572773,49.73606],[5.9573536,49.737232],[5.9579334,49.737694],[5.954424,49.740105],[5.9544926,49.740513],[5.9564342,49.74175],[5.956724,49.74127],[5.9586697,49.742043],[5.9590397,49.741726],[5.9598026,49.741844],[5.9582195,49.74332],[5.9586697,49.743515],[5.9578915,49.744293],[5.9590397,49.7446],[5.9596653,49.74408],[5.961359,49.74466],[5.960928,49.745483],[5.964628,49.746346],[5.9631634,49.74748],[5.963888,49.748142],[5.9636364,49.748478],[5.9667263,49.75016],[5.966345,49.750477],[5.96747,49.750996],[5.967165,49.75147],[5.973028,49.753815],[5.974146,49.754025],[5.9746227,49.754017],[5.974882,49.753418],[5.9734287,49.752964],[5.973654,49.752632],[5.975317,49.752743],[5.977991,49.75225],[5.977907,49.75367],[5.9800243,49.753105],[5.982424,49.753242],[5.984064,49.752834],[5.986017,49.751713],[5.987047,49.752277],[5.987852,49.75182],[5.9883747,49.752174],[5.989004,49.752472],[5.989065,49.75336],[5.989687,49.754017],[5.987955,49.75435],[5.9879665,49.754627],[5.989744,49.754948],[5.992983,49.756878],[5.993593,49.758183],[5.9961643,49.759842],[5.9954624,49.760536],[5.999815,49.76189],[5.9986134,49.764378],[5.9981136,49.764435],[5.9975643,49.765526],[5.9968357,49.768192],[5.9973164,49.768528],[5.9968586,49.768887],[5.997175,49.769127],[5.9960155,49.770317],[5.9971104,49.77037],[5.9980145,49.771835],[5.9990635,49.771667],[6.0000134,49.772446],[6.0020657,49.77281],[6.003088,49.773384],[6.0013905,49.773785],[6.001585,49.774464],[6.0000057,49.774445],[5.9999523,49.775127],[5.998743,49.775047],[6.000822,49.776703],[6.0002995,49.778423],[5.998255,49.78069],[5.9990673,49.781094],[5.997694,49.78187],[5.9990063,49.78271],[5.9985104,49.783573],[6.0018253,49.785408],[6.001436,49.785942],[6.0053577,49.78712]]]},"properties":{"shapeName":"Useldange","shapeISO":"","shapeID":"21775719B32396154687916","shapeGroup":"LUX","shapeType":"ADM2"}},
{"type":"Feature","geometry":{"type":"Polygon","coordinates":[[[5.929327,49.701912],[5.9370213,49.703873],[5.943281,49.707413],[5.946253,49.708714],[5.9500294,49.708683],[5.951521,49.71047],[5.9542103,49.712425],[5.9571743,49.713413],[5.9600506,49.714733],[5.9618015,49.71592],[5.9642124,49.71699],[5.96517,49.718243],[5.9685116,49.719826],[5.9702587,49.721077],[5.9708652,49.720932],[5.9713345,49.720203],[5.97262,49.720127],[5.9783535,49.720673],[5.980421,49.72138],[5.9813213,49.72194],[5.9851665,49.722904],[5.9850674,49.723083],[5.986059,49.723377],[5.987604,49.723724],[5.989458,49.723724],[5.9903316,49.722294],[5.989908,49.720676],[5.990389,49.719],[5.9930744,49.7193],[5.9994984,49.720875],[6.00358,49.721737],[6.001852,49.72406],[6.005213,49.72529],[6.004099,49.72677],[6.0050106,49.727047],[6.0052395,49.72722],[6.003824,49.727955],[6.004877,49.73115],[6.0033207,49.731358],[6.002863,49.732414],[6.0020084,49.733128],[6.0017185,49.73305],[6.0010064,49.7340308],[6.006605,49.73556],[6.0067997,49.7363],[6.007044,49.736275],[6.0068455,49.736816],[6.0052624,49.736935],[6.0046635,49.737324],[6.0020046,49.737934],[5.99774,49.74259],[5.997259,49.742393],[5.9977474,49.74177],[5.995165,49.740925],[5.9937077,49.742344],[5.9930973,49.742023],[5.9927998,49.74232],[5.9906597,49.741703],[5.990534,49.741882],[5.98892,49.741165],[5.988596,49.74182],[5.9888706,49.74194],[5.987013,49.743008],[5.990999,49.74481],[5.990858,49.744957],[5.990103,49.744667],[5.9884815,49.746765],[5.9859333,49.74861],[5.987028,49.74923],[5.9891605,49.749817],[5.988886,49.750275],[5.9894123,49.75033],[5.989073,49.75136],[5.9883747,49.752174],[5.987852,49.75182],[5.987047,49.752277],[5.986017,49.751713],[5.984064,49.752834],[5.982424,49.753242],[5.9800243,49.753105],[5.977907,49.75367],[5.977991,49.75225],[5.975317,49.752743],[5.973654,49.752632],[5.9734287,49.752964],[5.974882,49.753418],[5.9746227,49.754017],[5.974146,49.754025],[5.973028,49.753815],[5.967165,49.75147],[5.96747,49.750996],[5.966345,49.750477],[5.9667263,49.75016],[5.9636364,49.748478],[5.963888,49.748142],[5.9631634,49.74748],[5.964628,49.746346],[5.960928,49.745483],[5.961359,49.74466],[5.9596653,49.74408],[5.9590397,49.7446],[5.9578915,49.744293],[5.9586697,49.743515],[5.9582195,49.74332],[5.9598026,49.741844],[5.9590397,49.741726],[5.9586697,49.742043],[5.956724,49.74127],[5.9564342,49.74175],[5.9544926,49.740513],[5.954424,49.740105],[5.9579334,49.737694],[5.9573536,49.737232],[5.9572773,49.73606],[5.9563007,49.735847],[5.9547024,49.73591],[5.954626,49.7365],[5.9539013,49.73652],[5.954054,49.737286],[5.953562,49.7381],[5.951933,49.739223],[5.9498005,49.738003],[5.9482365,49.739388],[5.9469204,49.738834],[5.9486027,49.736572],[5.9481564,49.736458],[5.948225,49.736126],[5.9472904,49.736244],[5.9479046,49.734543],[5.949404,49.73448],[5.94948,49.73404],[5.9482327,49.733955],[5.948576,49.733356],[5.9462605,49.733242],[5.9428883,49.732143],[5.9419384,49.73153],[5.9437084,49.729187],[5.9468365,49.729763],[5.94713,49.72921],[5.944372,49.728027],[5.945776,49.726307],[5.9447613,49.726063],[5.9452877,49.724842],[5.9449673,49.723927],[5.943388,49.72366],[5.944582,49.722645],[5.942724,49.72135],[5.943598,49.720406],[5.9415226,49.719322],[5.941351,49.71877],[5.938261,49.718777],[5.932249,49.7173],[5.933405,49.715816],[5.9253597,49.713158],[5.9255047,49.712902],[5.923567,49.712627],[5.9211445,49.711],[5.921316,49.710148],[5.9221745,49.709633],[5.9235935,49.70942],[5.9253483,49.70978],[5.9263554,49.709534],[5.927271,49.70897],[5.928301,49.707687],[5.9278355,49.707047],[5.928175,49.70508],[5.9277897,49.70357],[5.928217,49.7028],[5.929327,49.701912]]]},"properties":{"shapeName":"Saeul","shapeISO":"","shapeID":"21775719B606727021739","shapeGroup":"LUX","shapeType":"ADM2"}},
{"type":"Feature","geometry":{"type":"Polygon","coordinates":[[[5.9277897,49.70357],[5.928175,49.70508],[5.9278355,49.707047],[5.928301,49.707687],[5.927271,49.70897],[5.9263554,49.709534],[5.9253483,49.70978],[5.9235935,49.70942],[5.9221745,49.709633],[5.921316,49.710148],[5.9211445,49.711],[5.923567,49.712627],[5.9255047,49.712902],[5.9253597,49.713158],[5.933405,49.715816],[5.932249,49.7173],[5.938261,49.718777],[5.941351,49.71877],[5.9415226,49.719322],[5.943598,49.720406],[5.942724,49.72135],[5.944582,49.722645],[5.943388,49.72366],[5.9449673,49.723927],[5.9452877,49.724842],[5.9447613,49.726063],[5.945776,49.726307],[5.944372,49.728027],[5.94713,49.72921],[5.9468365,49.729763],[5.9437084,49.729187],[5.9419384,49.73153],[5.9402637,49.730507],[5.939951,49.731056],[5.9391117,49.730812],[5.9383335,49.731277],[5.937231,49.732643],[5.939699,49.733467],[5.938345,49.735302],[5.938738,49.735554],[5.9384365,49.735798],[5.9409275,49.736652],[5.941145,49.73644],[5.945898,49.738514],[5.945677,49.739506],[5.9442844,49.73934],[5.9441586,49.74038],[5.944029,49.740593],[5.943552,49.74048],[5.942621,49.74236],[5.9439373,49.743126],[5.9458103,49.743572],[5.943613,49.746006],[5.942362,49.74552],[5.9417095,49.746582],[5.941931,49.746655],[5.9412365,49.748524],[5.9389973,49.747738],[5.937559,49.74752],[5.9374714,49.7478],[5.9363117,49.747665],[5.936037,49.749268],[5.93458,49.75009],[5.9337673,49.7514],[5.934469,49.7533],[5.9341755,49.754898],[5.931814,49.75595],[5.929697,49.754723],[5.927992,49.752533],[5.9263554,49.751442],[5.9228992,49.751057],[5.921026,49.74925],[5.9208584,49.74869],[5.921545,49.747845],[5.921892,49.748005],[5.9220676,49.747845],[5.921316,49.747543],[5.921545,49.747406],[5.916315,49.746],[5.9115276,49.745262],[5.9120426,49.742905],[5.910425,49.74265],[5.907049,49.74272],[5.906111,49.742317],[5.901884,49.742718],[5.901613,49.744335],[5.89839,49.743942],[5.8980465,49.74514],[5.8966236,49.744843],[5.896166,49.74588],[5.8949604,49.745876],[5.894701,49.74608],[5.891386,49.744896],[5.891081,49.745144],[5.888548,49.74355],[5.8858433,49.74666],[5.885496,49.746506],[5.8818264,49.748608],[5.8794613,49.747864],[5.878786,49.748318],[5.878298,49.748287],[5.8747425,49.747494],[5.874098,49.747906],[5.872957,49.7501],[5.87253,49.750027],[5.872343,49.750664],[5.8712177,49.75038],[5.869276,49.750286],[5.8687572,49.75101],[5.8670063,49.750248],[5.8659954,49.750946],[5.864416,49.750347],[5.864851,49.749897],[5.863535,49.749317],[5.8623943,49.75066],[5.86199,49.75038],[5.8618374,49.751453],[5.861025,49.751328],[5.8585835,49.750084],[5.853937,49.749454],[5.8516254,49.748577],[5.8504887,49.74804],[5.8505154,49.74679],[5.8500805,49.746277],[5.8477383,49.746353],[5.8448353,49.74599],[5.8430424,49.7465],[5.841707,49.746513],[5.841135,49.744526],[5.8375454,49.744175],[5.8369884,49.74626],[5.8352222,49.746086],[5.832712,49.745163],[5.8314724,49.745243],[5.830385,49.74338],[5.8326283,49.74145],[5.830019,49.740578],[5.8273907,49.739113],[5.828459,49.73716],[5.8278713,49.73694],[5.828287,49.733322],[5.8275394,49.732605],[5.8254185,49.732002],[5.8271923,49.728874],[5.826582,49.728313],[5.8269215,49.726887],[5.8243656,49.72605],[5.8250446,49.72476],[5.826334,49.72352],[5.8279667,49.723656],[5.8313923,49.72447],[5.83449,49.724037],[5.834715,49.72439],[5.835306,49.724472],[5.838011,49.723843],[5.838316,49.72357],[5.837843,49.722992],[5.8406615,49.7215077],[5.843893,49.721268],[5.8448277,49.721424],[5.847536,49.722973],[5.849909,49.723915],[5.8517017,49.72435],[5.8544025,49.724625],[5.8558445,49.725197],[5.8575,49.72627],[5.8600407,49.727234],[5.8617268,49.726215],[5.8628407,49.726658],[5.865095,49.72695],[5.865942,49.726444],[5.866724,49.72636],[5.869589,49.723785],[5.870447,49.723408],[5.870306,49.72256],[5.870722,49.72162],[5.8735676,49.721603],[5.8751736,49.72185],[5.875414,49.721603],[5.8756313,49.72087],[5.8749905,49.72046],[5.875387,49.719505],[5.8765545,49.71813],[5.874117,49.717438],[5.8748035,49.71669],[5.8748389,49.7156909],[5.877653,49.714756],[5.881529,49.713066],[5.882532,49.711994],[5.883505,49.71162],[5.884714,49.71043],[5.8869343,49.709282],[5.8893642,49.710426],[5.89213,49.710342],[5.893217,49.710556],[5.8957767,49.712097],[5.8986454,49.712883],[5.900358,49.711945],[5.899946,49.710823],[5.90399,49.710808],[5.9082394,49.711914],[5.9103947,49.710365],[5.9097614,49.708565],[5.9099407,49.706806],[5.9137325,49.70333],[5.914526,49.703182],[5.9154835,49.70344],[5.9167233,49.70437],[5.9180584,49.704193],[5.921194,49.70435],[5.922598,49.705303],[5.922762,49.703545],[5.924135,49.702732],[5.9250355,49.70271],[5.9277897,49.70357]]]},"properties":{"shapeName":"Beckerich","shapeISO":"","shapeID":"21775719B25186964834582","shapeGroup":"LUX","shapeType":"ADM2"}},
{"type":"Feature","geometry":{"type":"Polygon","coordinates":[[[5.8687572,49.75101],[5.8701763,49.751457],[5.8700466,49.752056],[5.868124,49.754135],[5.8671513,49.753597],[5.866499,49.755283],[5.864874,49.75758],[5.862734,49.75941],[5.863203,49.76007],[5.864149,49.76046],[5.863882,49.760963],[5.865141,49.761066],[5.8649654,49.76169],[5.8697796,49.762207],[5.8695087,49.762604],[5.8680363,49.76259],[5.8678875,49.763298],[5.8686886,49.76324],[5.8704014,49.763836],[5.8698254,49.764748],[5.8700237,49.765247],[5.8696766,49.765305],[5.869581,49.765713],[5.866884,49.765408],[5.8666973,49.765736],[5.8672466,49.765915],[5.8665447,49.76681],[5.8646946,49.766666],[5.8632183,49.767628],[5.86611,49.767765],[5.865614,49.7686],[5.866503,49.76885],[5.8658466,49.770138],[5.8637447,49.769672],[5.8635883,49.770695],[5.8642826,49.770805],[5.863989,49.77205],[5.859663,49.77242],[5.8589344,49.77415],[5.8592663,49.77431],[5.856371,49.77566],[5.855509,49.77639],[5.848913,49.778473],[5.8462276,49.77977],[5.842558,49.78089],[5.841093,49.780533],[5.840948,49.78087],[5.8393116,49.780487],[5.8394375,49.780167],[5.839178,49.780106],[5.8363056,49.784554],[5.8324146,49.784557],[5.829874,49.785007],[5.8308125,49.785427],[5.829542,49.786343],[5.8293896,49.787907],[5.829935,49.788967],[5.830641,49.788975],[5.8301983,49.789116],[5.8303356,49.79067],[5.830885,49.7906],[5.8309803,49.791916],[5.831686,49.79272],[5.8298283,49.793552],[5.8301373,49.793697],[5.829691,49.794838],[5.8284245,49.79589],[5.827177,49.79838],[5.8271465,49.79918],[5.828432,49.800774],[5.8306675,49.801903],[5.8311977,49.801746],[5.8313427,49.802975],[5.8320255,49.803844],[5.833105,49.80335],[5.8336124,49.80436],[5.8347073,49.804474],[5.8335743,49.806458],[5.8355618,49.8069],[5.8345814,49.80847],[5.8325977,49.810474],[5.8337955,49.812084],[5.8344364,49.8137989],[5.8328381,49.8141766],[5.8336353,49.8152637],[5.8330936,49.815649],[5.8302212,49.8152866],[5.8267651,49.8144169],[5.8283367,49.8151875],[5.8253727,49.817709],[5.8247585,49.817289399999986],[5.8235035,49.8178463],[5.8219814,49.8164883],[5.8206081,49.817133],[5.8198872,49.816515],[5.8198261,49.816824],[5.8221264,49.8187046],[5.8196125,49.8193798],[5.817625,49.8175678],[5.8160686,49.8181934],[5.8153019,49.8172092],[5.8130131,49.8154469],[5.8118382,49.815279],[5.8095798,49.8155231],[5.8093739,49.8142033],[5.8112125,49.8128185],[5.8110981,49.8126354],[5.812109,49.81217],[5.8112621,49.811121],[5.8103123,49.8110371],[5.8091717,49.8092823],[5.8085232,49.809145],[5.808672,49.8078823],[5.8084354,49.8078251],[5.8093128,49.807539],[5.8087482,49.8061771],[5.8090191,49.8058796],[5.8084927,49.8059406],[5.8053875,49.8041058],[5.8080769,49.802969],[5.8069592,49.8028393],[5.8056049,49.8023434],[5.8056316,49.8016377],[5.8048153,49.8016262],[5.8045902,49.8006878],[5.8056507,49.799757],[5.8053074,49.7996349],[5.80546,49.799181],[5.806242,49.799135200000016],[5.805357,49.7978497],[5.805418,49.7967091],[5.8036098,49.7954006],[5.8042049,49.7945614],[5.8038273,49.7932224],[5.8044186,49.792615900000015],[5.803442,49.792100900000015],[5.8029919,49.79245190000001],[5.7989521,49.7912998],[5.7973919,49.7928295],[5.7961216,49.79253960000001],[5.7938023,49.791235],[5.7932987,49.790575],[5.791773,49.788376],[5.7919292,49.787132],[5.794658,49.7846308],[5.7970867,49.783146],[5.7984257,49.781902],[5.7995014,49.777973],[5.8040066,49.77629],[5.8072376,49.772465],[5.8086185,49.76702],[5.8094463,49.76533],[5.8111134,49.765354],[5.8159733,49.762207],[5.816633,49.758015],[5.817911,49.754726],[5.81785,49.753975],[5.819792,49.753693],[5.82086,49.753258],[5.8204594,49.751266],[5.8219166,49.7505],[5.823019,49.74947],[5.824026,49.749317],[5.8277225,49.75026],[5.8304653,49.749615],[5.830858,49.748608],[5.8324337,49.746925],[5.8314724,49.745243],[5.832712,49.745163],[5.8352222,49.746086],[5.8369884,49.74626],[5.8375454,49.744175],[5.841135,49.744526],[5.841707,49.746513],[5.8430424,49.7465],[5.8448353,49.74599],[5.8477383,49.746353],[5.8500805,49.746277],[5.8505154,49.74679],[5.8504887,49.74804],[5.8516254,49.748577],[5.853937,49.749454],[5.8585835,49.750084],[5.861025,49.751328],[5.8618374,49.751453],[5.86199,49.75038],[5.8623943,49.75066],[5.863535,49.749317],[5.864851,49.749897],[5.864416,49.750347],[5.8659954,49.750946],[5.8670063,49.750248],[5.8687572,49.75101]]]},"properties":{"shapeName":"Ell","shapeISO":"","shapeID":"21775719B98405946974679","shapeGroup":"LUX","shapeType":"ADM2"}},
{"type":"Feature","geometry":{"type":"Polygon","coordinates":[[[5.8779392,49.8698101],[5.877512,49.8716564],[5.8785686,49.8722935],[5.8781223,49.8728504],[5.8786144,49.872839],[5.8801746,49.8736706],[5.8769665,49.8757038],[5.8751659,49.8780422],[5.8732395,49.8766956],[5.8734188,49.8755283],[5.8716793,49.875494],[5.8713398,49.8765926],[5.8722973,49.8771153],[5.8714199,49.8782597],[5.8705997,49.8802128],[5.8724346,49.8806744],[5.8722935,49.8808918],[5.8697033,49.8802357],[5.8687229,49.8814869],[5.8684177,49.8814182],[5.8692493,49.8802357],[5.8667812,49.8808537],[5.8652935,49.8818035],[5.8630733,49.8851185],[5.8649464,49.8863239],[5.8667622,49.8881702],[5.8631001,49.8871746],[5.8621769,49.887289],[5.859663,49.8884029],[5.856802,49.8886929],[5.8546276,49.8877811],[5.8553104,49.8871326],[5.8542118,49.8868923],[5.8550701,49.8847637],[5.8536663,49.8844929],[5.8540974,49.884428],[5.8544788,49.8835201],[5.8514652,49.8824787],[5.848959,49.8822422],[5.8486919,49.8831501],[5.8460598,49.8831806],[5.8430462,49.8840809],[5.8414631,49.8848171],[5.8389111,49.883276],[5.8400326,49.8823719],[5.8409443,49.8805866],[5.8404255,49.8804188],[5.8404102,49.8791409],[5.8431492,49.8786869],[5.8438282,49.8783131],[5.8460865,49.875967],[5.8462887,49.875021],[5.8459797,49.8744984],[5.8449421,49.8736324],[5.8441486,49.8734455],[5.8435268,49.873579],[5.841898,49.8746166],[5.8399067,49.874403],[5.8388309,49.8737164],[5.8374386,49.8709812],[5.8366985,49.870409],[5.8353405,49.8704472],[5.8341846,49.8698139],[5.8315945,49.8696003],[5.8293018,49.8680019],[5.8245258,49.8663731],[5.8204784,49.8676434],[5.8124485,49.8686123],[5.8109722,49.868597],[5.8078785,49.8680782],[5.8076038,49.8671474],[5.8068104,49.8668461],[5.8063793,49.8663197],[5.8060093,49.8642826],[5.8045597,49.863554],[5.8027973,49.8635769],[5.801897,49.8641758],[5.8020763,49.8648968],[5.8030224,49.86631580000001],[5.804491,49.8671093],[5.8056355,49.86831090000001],[5.8063869,49.8693218],[5.8064251,49.8699551],[5.8055553,49.8707256],[5.8033199,49.870882],[5.8004894,49.8696003],[5.8007717,49.8707218],[5.7999783,49.87128639999999],[5.7956867,49.8720493],[5.7952671,49.8723011],[5.7956829,49.8744793],[5.7972202,49.8773746],[5.7968082,49.8788013],[5.7955563,49.8802483],[5.7944508,49.8806705],[5.7938175,49.8806362],[5.7919369,49.8792324],[5.792345,49.8755741],[5.7885418,49.8735676],[5.7871494,49.8735409],[5.7849331,49.8742771],[5.782568,49.8757267],[5.7802868,49.8770504],[5.7792606,49.8771801],[5.7787228,49.8768215],[5.7780399,49.8758869],[5.7787304,49.8750324],[5.7833958,49.8733997],[5.7839985,49.873064],[5.7839642,49.8727512],[5.7830944,49.8718739],[5.7797642,49.8722973],[5.7775326,49.8720989],[5.777216,49.8713245],[5.7764797,49.8710041],[5.7763805,49.8700504],[5.7750721,49.8677807],[5.7744274,49.8672848],[5.7737675,49.8675976],[5.7720661,49.871397],[5.7715664,49.8718777],[5.7701969,49.8724613],[5.7694798,49.8725681],[5.7690525,49.8724003],[5.7681179,49.870657],[5.7671566,49.8698635],[5.7651005,49.869318],[5.7626591,49.869524],[5.7600842,49.8718967],[5.7587337,49.8728008],[5.7576351,49.8730717],[5.7561512,49.8731747],[5.7539272,49.8719196],[5.7539883,49.8712177],[5.7534008,49.8697491],[5.7527027,49.8689404],[5.752985,49.8681927],[5.7560368,49.8668003],[5.7570133,49.8649082],[5.7544765,49.8620548],[5.7553539,49.8612576],[5.7554264,49.8607044],[5.7565289,49.8601742],[5.7574253,49.8589268],[5.7584515,49.8585033],[5.7604694,49.8570156],[5.7607365,49.8563747],[5.7591496,49.85586739999999],[5.7578297,49.8557606],[5.7570667,49.8559132],[5.7564793,49.8563557],[5.7545567,49.8565502],[5.7516994,49.8548756],[5.7502155,49.854353],[5.7478657,49.8545704],[5.746088,49.8541126],[5.7456989,49.8534946],[5.7458439,49.8525562],[5.7469349,49.8518505],[5.7484684,49.8520222],[5.7497921,49.8514042],[5.7511578,49.8517551],[5.7522182,49.851511],[5.7540302,49.85183139999999],[5.7551212,49.85162159999999],[5.7583866,49.8490925],[5.7582951,49.8464298],[5.7570591,49.8455029],[5.7543392,49.84482],[5.7526608,49.8453693],[5.7514782,49.8472538],[5.7499485,49.8472309],[5.7486591,49.846735],[5.7482052,49.8460865],[5.7486172,49.8450642],[5.7482929,49.8442059],[5.7484493,49.8426342],[5.7493076,49.8416042],[5.7504902,49.8410587],[5.7506161,49.8404408],[5.7502689,49.8396854],[5.7493191,49.8388882],[5.7480297,49.8385067],[5.7459164,49.8387051],[5.7438831,49.839613],[5.7425289,49.8394833],[5.7409382,49.8389034],[5.7396755,49.8364506],[5.7400455,49.8357944],[5.7391911,49.8336163],[5.7439327,49.8312969],[5.7458401,49.8280926],[5.7463207,49.8261395],[5.7482204,49.8244572],[5.7479687,49.8233585],[5.743475,49.8211117],[5.7434902,49.8205471],[5.7463474,49.8156528],[5.7471943,49.8152752],[5.7485142,49.8152981],[5.7495594,49.8149738],[5.7511806,49.814867],[5.7512531,49.814043],[5.750494,49.8125935],[5.7508068,49.8121777],[5.7499523,49.8119717],[5.7504559,49.8112659],[5.7500515,49.8111439],[5.7505169,49.8092632],[5.7500324,49.8090725],[5.7505169,49.8080463],[5.7503681,49.807188],[5.7508945,49.8071003],[5.7503529,49.8062572],[5.7509937,49.8057613],[5.7528973,49.79695320000001],[5.7535305,49.7967091],[5.7531528,49.79619790000001],[5.7535496,49.79511830000002],[5.7530918,49.7933979],[5.7542095,49.793417],[5.7541218,49.7926426],[5.7548389,49.792615900000015],[5.7551556,49.7914562],[5.7614117,49.79287530000001],[5.7613583,49.79305080000001],[5.7619305,49.79316520000001],[5.764082,49.7931461],[5.7651844,49.7938213],[5.7660465,49.793417],[5.7692699,49.7942715],[5.7698383,49.7938557],[5.770258,49.7942371],[5.7716999,49.7931881],[5.7737026,49.7942677],[5.7763767,49.7946262],[5.7774143,49.7944393],[5.7780361,49.7938137],[5.7813473,49.7922688],[5.7820454,49.79315380000001],[5.7844868,49.7948017],[5.7851925,49.79617120000001],[5.7883892,49.7966518],[5.7903652,49.79575540000001],[5.7932987,49.790575],[5.7938023,49.791235],[5.7961216,49.79253960000001],[5.7973919,49.7928295],[5.7989521,49.7912998],[5.8029919,49.79245190000001],[5.803442,49.792100900000015],[5.8044186,49.792615900000015],[5.8038273,49.7932224],[5.8042049,49.7945614],[5.8036098,49.7954006],[5.805418,49.7967091],[5.805357,49.7978497],[5.806242,49.799135200000016],[5.80546,49.799181],[5.8053074,49.7996349],[5.8056507,49.799757],[5.8045902,49.8006878],[5.8048153,49.8016262],[5.8056316,49.8016377],[5.8056049,49.8023434],[5.8069592,49.8028393],[5.8080769,49.802969],[5.8053875,49.8041058],[5.8084927,49.8059406],[5.8090191,49.8058796],[5.8087482,49.8061771],[5.8093128,49.807539],[5.8084354,49.8078251],[5.808672,49.8078823],[5.8085232,49.809145],[5.8091717,49.8092823],[5.8103123,49.8110371],[5.8112621,49.811121],[5.812109,49.81217],[5.8110981,49.8126354],[5.8112125,49.8128185],[5.8093739,49.8142033],[5.8095798,49.8155231],[5.8118382,49.815279],[5.8130131,49.8154469],[5.8153019,49.8172092],[5.8160686,49.8181934],[5.817625,49.8175678],[5.8196125,49.8193798],[5.8221264,49.8187046],[5.8198261,49.816824],[5.8198872,49.816515],[5.8206081,49.817133],[5.8219814,49.8164883],[5.8235035,49.8178463],[5.8247585,49.817289399999986],[5.8253727,49.817709],[5.8283367,49.8151875],[5.8267651,49.8144169],[5.8302212,49.8152866],[5.8330936,49.815649],[5.8336353,49.8152637],[5.8328381,49.8141766],[5.8344364,49.8137989],[5.8354626,49.8135471],[5.8358936,49.8103199],[5.8416882,49.809679],[5.8423672,49.8097019],[5.8430653,49.8103352],[5.8456783,49.8088741],[5.8496647,49.8057995],[5.8504696,49.8045444],[5.8521519,49.8039875],[5.8525219,49.802702],[5.8510418,49.800005],[5.8532391,49.7986813],[5.8550358,49.798185300000014],[5.8573895,49.798212100000015],[5.8586216,49.7989445],[5.8616314,49.79842570000001],[5.8627415,49.79792590000001],[5.8661594,49.7940693],[5.8672161,49.7937832],[5.8688602,49.7941875],[5.8709736,49.7942257],[5.8722477,49.7954731],[5.8732471,49.79800220000001],[5.8752155,49.7977009],[5.8804646,49.7977085],[5.8861103,49.79813580000002],[5.8861408,49.7974682],[5.8872738,49.7974644],[5.8871288,49.79823490000001],[5.8883724,49.79830360000001],[5.8879948,49.79951290000002],[5.8896618,49.8000164],[5.8909206,49.8010616],[5.8918591,49.8012218],[5.8944683,49.8026409],[5.8950748,49.8043613],[5.8949299,49.805212],[5.896101,49.8066311],[5.8965588,49.8069553],[5.897047,49.806654],[5.8965015,49.8061199],[5.8969021,49.8059368],[5.8972149,49.8063602],[5.899416,49.8072872],[5.9009838,49.8075848],[5.9027233,49.8081341],[5.90341,49.8087101],[5.9039364,49.8086872],[5.9044132,49.8091717],[5.9060001,49.8091221],[5.9056835,49.8098736],[5.9048595,49.8099422],[5.9042873,49.8103886],[5.9034214,49.8103657],[5.9030247,49.8106327],[5.9017468,49.81080439999999],[5.9020519,49.8115063],[5.9044323,49.8116322],[5.9022083,49.8125858],[5.903677,49.8141766],[5.902792,49.815237],[5.903738,49.8161488],[5.9058399,49.8172398],[5.905489,49.8177128],[5.9066601,49.8190746],[5.9070187,49.818922],[5.9075108,49.819437],[5.905901,49.8201504],[5.9038105,49.8200016],[5.9011059,49.8201809],[5.9006901,49.8205509],[5.8986568,49.8212643],[5.8975468,49.8224278],[5.89604,49.8258991],[5.8936596,49.8274517],[5.8892002,49.8298359],[5.8883762,49.8296795],[5.8868961,49.8305149],[5.8866405,49.8302822],[5.8843632,49.8302593],[5.8832684,49.8306026],[5.883852,49.8311062],[5.8826809,49.8320293],[5.8822231,49.8328342],[5.8814182,49.8329258],[5.8818722,49.8385792],[5.8816433,49.8388767],[5.8811588,49.8387966],[5.8795643,49.8403187],[5.8788929,49.839922],[5.8783855,49.8398571],[5.8783894,49.8400707],[5.8776112,49.8399143],[5.8774662,49.8406277],[5.8760052,49.8404713],[5.8746128,49.8413105],[5.8729305,49.8407116],[5.872591,49.8412724],[5.8710155,49.8409405],[5.8708591,49.8417072],[5.8687954,49.8424091],[5.8687229,49.8425922],[5.8784771,49.8442326],[5.8861065,49.8478718],[5.8856983,49.8487606],[5.8823719,49.8490849],[5.8783321,49.8487606],[5.8761196,49.8483295],[5.8749371,49.8485622],[5.8746777,49.849493],[5.8715267,49.8493862],[5.8689823,49.8487759],[5.8678341,49.849966],[5.8681278,49.8505764],[5.8709087,49.8516788],[5.8745823,49.8521862],[5.8731289,49.855257],[5.8737278,49.8555164],[5.8736172,49.8556995],[5.8726559,49.8560772],[5.870657,49.8559132],[5.8712292,49.857954],[5.8719997,49.858984],[5.8732281,49.8597393],[5.8729992,49.859911],[5.8762455,49.8609447],[5.875124,49.8613911],[5.8739758,49.8622761],[5.8750515,49.8622112],[5.8754406,49.8637562],[5.8741627,49.8643818],[5.873064,49.8657856],[5.8749866,49.8669529],[5.8752842,49.8681087],[5.874609,49.8693028],[5.8779392,49.8698101]]]},"properties":{"shapeName":"Rambrouch","shapeISO":"","shapeID":"21775719B93260136035460","shapeGroup":"LUX","shapeType":"ADM2"}},
{"type":"Feature","geometry":{"type":"Polygon","coordinates":[[[5.9009838,49.8075848],[5.899416,49.8072872],[5.8972149,49.8063602],[5.8969021,49.8059368],[5.8965015,49.8061199],[5.897047,49.806654],[5.8965588,49.8069553],[5.896101,49.8066311],[5.8949299,49.805212],[5.8950748,49.8043613],[5.8944683,49.8026409],[5.8918591,49.8012218],[5.8909206,49.8010616],[5.8896618,49.8000164],[5.8879948,49.79951290000002],[5.8883724,49.79830360000001],[5.8871288,49.79823490000001],[5.8872738,49.7974644],[5.8861408,49.7974682],[5.8861103,49.79813580000002],[5.8804646,49.7977085],[5.8752155,49.7977009],[5.8732471,49.79800220000001],[5.8722477,49.7954731],[5.8709736,49.7942257],[5.8688602,49.7941875],[5.8672161,49.7937832],[5.8661594,49.7940693],[5.8627415,49.79792590000001],[5.8616314,49.79842570000001],[5.8586216,49.7989445],[5.8573895,49.798212100000015],[5.8550358,49.798185300000014],[5.8532391,49.7986813],[5.8510418,49.800005],[5.8525219,49.802702],[5.8521519,49.8039875],[5.8504696,49.8045444],[5.8496647,49.8057995],[5.8456783,49.8088741],[5.8430653,49.8103352],[5.8423672,49.8097019],[5.8416882,49.809679],[5.8358936,49.8103199],[5.8354626,49.8135471],[5.8344364,49.8137989],[5.8337955,49.812084],[5.8325977,49.810474],[5.8345814,49.80847],[5.8355618,49.8069],[5.8335743,49.806458],[5.8347073,49.804474],[5.8336124,49.80436],[5.833105,49.80335],[5.8320255,49.803844],[5.8313427,49.802975],[5.8311977,49.801746],[5.8306675,49.801903],[5.828432,49.800774],[5.8271465,49.79918],[5.827177,49.79838],[5.8284245,49.79589],[5.829691,49.794838],[5.8301373,49.793697],[5.8298283,49.793552],[5.831686,49.79272],[5.8309803,49.791916],[5.830885,49.7906],[5.8303356,49.79067],[5.8301983,49.789116],[5.830641,49.788975],[5.829935,49.788967],[5.8293896,49.787907],[5.829542,49.786343],[5.8308125,49.785427],[5.829874,49.785007],[5.8324146,49.784557],[5.8363056,49.784554],[5.839178,49.780106],[5.8394375,49.780167],[5.8393116,49.780487],[5.840948,49.78087],[5.841093,49.780533],[5.842558,49.78089],[5.8462276,49.77977],[5.848913,49.778473],[5.855509,49.77639],[5.856371,49.77566],[5.8592663,49.77431],[5.8589344,49.77415],[5.859663,49.77242],[5.863989,49.77205],[5.8642826,49.770805],[5.8635883,49.770695],[5.8637447,49.769672],[5.8658466,49.770138],[5.866503,49.76885],[5.865614,49.7686],[5.86611,49.767765],[5.8632183,49.767628],[5.8646946,49.766666],[5.8665447,49.76681],[5.8672466,49.765915],[5.8666973,49.765736],[5.866884,49.765408],[5.869581,49.765713],[5.8696766,49.765305],[5.8700237,49.765247],[5.8698254,49.764748],[5.8704014,49.763836],[5.8686886,49.76324],[5.8678875,49.763298],[5.8680363,49.76259],[5.8695087,49.762604],[5.8697796,49.762207],[5.8649654,49.76169],[5.865141,49.761066],[5.863882,49.760963],[5.864149,49.76046],[5.863203,49.76007],[5.862734,49.75941],[5.864874,49.75758],[5.866499,49.755283],[5.8671513,49.753597],[5.868124,49.754135],[5.8700466,49.752056],[5.8701763,49.751457],[5.8687572,49.75101],[5.869276,49.750286],[5.8712177,49.75038],[5.872343,49.750664],[5.87253,49.750027],[5.872957,49.7501],[5.874098,49.747906],[5.8747425,49.747494],[5.878298,49.748287],[5.878786,49.748318],[5.8794613,49.747864],[5.8818264,49.748608],[5.885496,49.746506],[5.8858433,49.74666],[5.888548,49.74355],[5.891081,49.745144],[5.891386,49.744896],[5.894701,49.74608],[5.8949604,49.745876],[5.896166,49.74588],[5.8966236,49.744843],[5.8980465,49.74514],[5.89839,49.743942],[5.901613,49.744335],[5.901884,49.742718],[5.906111,49.742317],[5.907049,49.74272],[5.910425,49.74265],[5.9120426,49.742905],[5.9115276,49.745262],[5.916315,49.746],[5.921545,49.747406],[5.921316,49.747543],[5.9220676,49.747845],[5.921892,49.748005],[5.921545,49.747845],[5.9208584,49.74869],[5.921026,49.74925],[5.9228992,49.751057],[5.9263554,49.751442],[5.927992,49.752533],[5.929697,49.754723],[5.931814,49.75595],[5.92951,49.757767],[5.931856,49.758347],[5.930792,49.759125],[5.9326572,49.760506],[5.9296207,49.761265],[5.929426,49.76114],[5.9286366,49.761997],[5.9308186,49.76241],[5.9306393,49.762737],[5.931448,49.76296],[5.9310703,49.764133],[5.9287434,49.7672],[5.92774,49.766865],[5.9263706,49.76516],[5.9230633,49.76594],[5.9204884,49.76555],[5.9222965,49.766403],[5.9251537,49.76896],[5.92964,49.770985],[5.932413,49.77331],[5.931753,49.774017],[5.931898,49.77437],[5.9325542,49.775314],[5.9333744,49.775303],[5.933832,49.776222],[5.9356327,49.775517],[5.938032,49.773823],[5.938429,49.773705],[5.9387836,49.773937],[5.9361553,49.775852],[5.933115,49.776833],[5.9312763,49.778576],[5.9327526,49.778732],[5.932295,49.779217],[5.933386,49.779224],[5.932905,49.78021],[5.93128,49.77984],[5.930952,49.78052],[5.9312916,49.780655],[5.931074,49.782127],[5.9321804,49.782333],[5.9319286,49.78292],[5.9302807,49.782696],[5.93017,49.783607],[5.9266415,49.78338],[5.9259434,49.78471],[5.9237995,49.78449],[5.9234676,49.785465],[5.9212513,49.785324],[5.921232,49.785553],[5.9207096,49.785606],[5.920759,49.785862],[5.921278,49.78585],[5.9212437,49.786396],[5.919504,49.78654],[5.917055,49.787178],[5.9140873,49.788475],[5.915148,49.78906],[5.9123707,49.79006],[5.9127674,49.790176],[5.911642,49.79089],[5.9118443,49.79222],[5.910799,49.795155],[5.9112415,49.795254],[5.9093227,49.79679],[5.908762,49.7963],[5.905443,49.79784],[5.9044666,49.79748],[5.9019375,49.80158],[5.9041386,49.801758],[5.9040203,49.80383],[5.903101,49.805515],[5.901392,49.80501],[5.900793,49.8056],[5.9019184,49.806038],[5.9009838,49.8075848]]]},"properties":{"shapeName":"Redange/Attert","shapeISO":"","shapeID":"21775719B58814695852022","shapeGroup":"LUX","shapeType":"ADM2"}},
{"type":"Feature","geometry":{"type":"Polygon","coordinates":[[[5.9867687,49.857376],[5.9861546,49.858597],[5.9866085,49.85895],[5.9861813,49.860348],[5.986376,49.861343],[5.985838,49.86203],[5.986437,49.862347],[5.985464,49.862904],[5.9877834,49.862682],[5.990095,49.8613],[5.990572,49.8617],[5.992113,49.862217],[5.994135,49.8625],[5.9936657,49.86333],[5.997797,49.86512],[5.9957294,49.866283],[5.9935436,49.86977],[5.9950695,49.870186],[5.9964924,49.87226],[5.9961185,49.872967],[5.9930325,49.872826],[5.992407,49.873234],[5.992441,49.874252],[5.9936123,49.875042],[5.993635,49.875515],[5.994585,49.87632],[5.99341,49.87724],[5.996298,49.87825],[5.9971294,49.87877],[5.9982395,49.876648],[5.9997654,49.876057],[6.0016117,49.87686],[6.0032024,49.87817],[6.001215,49.878372],[6.001482,49.87891],[6.00498,49.879158],[6.0069447,49.878998],[6.0086803,49.87947],[6.009836,49.879456],[6.0101223,49.879143],[6.0106564,49.879227],[6.0110455,49.879917],[6.0119,49.87954],[6.012266,49.879612],[6.0122735,49.8800502],[6.0122735,49.8805662],[6.0116172,49.8806112],[6.0115065,49.8811112],[6.0138488,49.8833392],[6.0135705,49.8844662],[6.0137152,49.8863492],[6.0124715,49.8882562],[6.0127539,49.8883162],[6.0134101,49.8897062],[6.0124525,49.8913722],[6.014852,49.8919492],[6.0122505,49.8925662],[6.0113425,49.8932842],[6.0158629,49.8937862],[6.0158135,49.8945362],[6.014131,49.8945662],[6.0140435,49.8964062],[6.0146155,49.8977262],[6.0161872,49.8981822],[6.0184265,49.8996622],[6.0203109,49.9000362],[6.0198685,49.9013712],[6.0178962,49.9024202],[6.0164505,49.9028462],[6.0171599,49.9036142],[6.0195785,49.9052062],[6.021501,49.9087102],[6.01864,49.9093932],[6.0185408,49.9096062],[6.020288,49.9112092],[6.0209288,49.9114802],[6.0213525,49.9123562],[6.0215965,49.9134792],[6.0206008,49.9147492],[6.0224205,49.9159062],[6.0273335,49.9157412],[6.0327163,49.9188262],[6.03478,49.9194962],[6.0365691,49.9197122],[6.0373302,49.920168],[6.0371835,49.9212027],[6.0367141,49.9215267],[6.0339445,49.9214047],[6.0325675,49.9209007],[6.0302025,49.9187387],[6.0289815,49.9182767],[6.0281729,49.9183587],[6.0256705,49.9195087],[6.0247815,49.9202867],[6.0202385,49.9217367],[6.0156989,49.9238037],[6.0136351,49.9257417],[6.0101142,49.9262457],[6.0092675,49.9261087],[6.0063681,49.9240867],[6.0046705,49.9240287],[6.0026105,49.92210870000001],[6.0017485,49.9207257],[6.0010465,49.9177427],[6.0011725,49.9174217],[6.0034842,49.9162357],[6.0030608,49.9136187],[6.0016645,49.9130987],[5.9930701,49.9139587],[5.9882102,49.9136717],[5.9866118,49.9133787],[5.9861998,49.9131037],[5.986196,49.9126187],[5.9882178,49.9087087],[5.9881225,49.9070787],[5.9875731,49.9059547],[5.9866385,49.9051687],[5.985105,49.9045057],[5.9832665,49.9041237],[5.9813781,49.9039527],[5.9799132,49.9044747],[5.979547,49.9053747],[5.9797072,49.9071907],[5.9805388,49.9095527],[5.9795125,49.9106787],[5.9784331,49.9111687],[5.9765675,49.9113527],[5.9754538,49.9108187],[5.975595,49.9084087],[5.9731345,49.9079467],[5.9707845,49.9085587],[5.96911,49.9084387],[5.9679085,49.9077087],[5.9669015,49.9056987],[5.9654975,49.9049587],[5.963861,49.9046237],[5.9630561,49.9048337],[5.9622895,49.9061387],[5.9598365,49.9068207],[5.9581505,49.9066387],[5.9552441,49.904894],[5.9539433,49.90574],[5.953306,49.907764],[5.951483,49.9085],[5.9499607,49.910023],[5.9498923,49.9107035],[5.943922,49.910316],[5.9438534,49.91076],[5.9414654,49.91019],[5.939966,49.90956],[5.939478,49.9111],[5.93989,49.91168],[5.9399014,49.913063],[5.939146,49.913696],[5.938875,49.91454],[5.9378414,49.915073],[5.935194,49.91468],[5.934469,49.915188],[5.9346466,49.915676],[5.933717,49.91585],[5.9331193,49.915676],[5.932036,49.914543],[5.931704,49.913048],[5.9320145,49.91209],[5.9306345,49.91229],[5.930333,49.91203],[5.9293027,49.912388],[5.9285755,49.913033],[5.9284906,49.913933],[5.9274774,49.914856],[5.927678,49.916252],[5.9274197,49.916798],[5.926756,49.915455],[5.9256916,49.915546],[5.9246616,49.915146],[5.9241047,49.913795],[5.925993,49.912083],[5.926237,49.911533],[5.923979,49.91059],[5.9219837,49.912167],[5.920786,49.91234],[5.9185925,49.91175],[5.9179897,49.91116],[5.917719,49.909424],[5.919096,49.90687],[5.919565,49.90513],[5.919138,49.90401],[5.917345,49.903664],[5.9157543,49.904633],[5.913885,49.90647],[5.9123783,49.90883],[5.911852,49.908783],[5.9124775,49.91039],[5.9118786,49.911163],[5.9106846,49.9113],[5.909712,49.91113],[5.9084873,49.90941],[5.905916,49.90769],[5.904787,49.907417],[5.903837,49.90794],[5.903204,49.909695],[5.9007206,49.912823],[5.900072,49.91346],[5.898405,49.913994],[5.8974857,49.91385],[5.896204,49.91202],[5.8951664,49.911564],[5.8946133,49.911438],[5.8907986,49.91176],[5.8880367,49.91063],[5.8864155,49.908913],[5.886572,49.908257],[5.886183,49.907593],[5.8841953,49.90604],[5.882288,49.90572],[5.8813267,49.905327],[5.880686,49.903603],[5.8789387,49.90239],[5.877409,49.901955],[5.8750706,49.902065],[5.8705616,49.902817],[5.86788,49.90263],[5.8663044,49.901844],[5.864935,49.898148],[5.863596,49.897606],[5.8620663,49.89743],[5.860468,49.897564],[5.8598957,49.89784],[5.8595486,49.89847],[5.859991,49.899338],[5.862013,49.900673],[5.8619175,49.902145],[5.8590336,49.904053],[5.85676,49.90734],[5.8557606,49.907593],[5.853525,49.907665],[5.852438,49.907013],[5.852087,49.90588],[5.8526974,49.904972],[5.8558407,49.90274],[5.8559093,49.90119],[5.8550587,49.89988],[5.8542805,49.899456],[5.8499966,49.901505],[5.848692,49.901688],[5.8458347,49.900967],[5.845358,49.900543],[5.845297,49.899803],[5.845869,49.89905],[5.849127,49.897343],[5.850836,49.895603],[5.8506985,49.89465],[5.850256,49.8942],[5.8490276,49.893513],[5.846796,49.89332],[5.846777,49.892788],[5.8482304,49.89233],[5.8515835,49.892044],[5.853754,49.891014],[5.856802,49.8886929],[5.859663,49.8884029],[5.8621769,49.887289],[5.8631001,49.8871746],[5.8667622,49.8881702],[5.8649464,49.8863239],[5.8630733,49.8851185],[5.8652935,49.8818035],[5.8667812,49.8808537],[5.8692493,49.8802357],[5.8684177,49.8814182],[5.8687229,49.8814869],[5.8697033,49.8802357],[5.8722935,49.8808918],[5.8724346,49.8806744],[5.8705997,49.8802128],[5.8714199,49.8782597],[5.8722973,49.8771153],[5.8713398,49.8765926],[5.8716793,49.875494],[5.8734188,49.8755283],[5.8732395,49.8766956],[5.8751659,49.8780422],[5.8769665,49.8757038],[5.8801746,49.8736706],[5.8786144,49.872839],[5.8781223,49.8728504],[5.8785686,49.8722935],[5.877512,49.8716564],[5.8779392,49.8698101],[5.878191,49.867764],[5.8791637,49.866455],[5.8785305,49.86539],[5.880228,49.86416],[5.8807697,49.863945],[5.881792,49.863964],[5.885153,49.86564],[5.886957,49.865982],[5.888441,49.866936],[5.887842,49.868717],[5.8890095,49.870186],[5.8924503,49.869904],[5.8947887,49.871445],[5.894388,49.871758],[5.897707,49.873554],[5.896326,49.875084],[5.893503,49.87497],[5.8949223,49.876404],[5.8939457,49.87689],[5.895502,49.878216],[5.892355,49.879456],[5.8930798,49.88047],[5.892832,49.881763],[5.8943005,49.8842],[5.894701,49.884563],[5.8958454,49.884144],[5.897894,49.885845],[5.897043,49.8867],[5.899477,49.88841],[5.9006863,49.88746],[5.9020786,49.88714],[5.9025555,49.88607],[5.904009,49.8847],[5.9041996,49.882557],[5.9057713,49.881924],[5.9069386,49.880985],[5.9069347,49.880802],[5.9063206,49.88086],[5.9066525,49.879395],[5.9074116,49.87984],[5.90851,49.879723],[5.909609,49.877113],[5.910944,49.876476],[5.9107,49.876144],[5.91247,49.874813],[5.912325,49.874664],[5.9139423,49.874035],[5.913954,49.87385],[5.9130917,49.87401],[5.9131413,49.873413],[5.9143353,49.87132],[5.9169674,49.87106],[5.916395,49.870754],[5.9157276,49.8709],[5.9163227,49.86709],[5.917055,49.86696],[5.919424,49.867287],[5.920824,49.86608],[5.920435,49.86532],[5.9209003,49.864502],[5.9206104,49.86429],[5.917902,49.864662],[5.9155865,49.864532],[5.9145336,49.86502],[5.9129124,49.86436],[5.9098186,49.862457],[5.9095516,49.8618],[5.90975,49.861202],[5.910429,49.86071],[5.9108753,49.860912],[5.911268,49.860714],[5.9139385,49.858715],[5.9152393,49.859516],[5.9175777,49.860355],[5.9179974,49.86136],[5.91947,49.862034],[5.921747,49.861507],[5.9250126,49.859158],[5.9251842,49.859047],[5.926626,49.860043],[5.9280796,49.86338],[5.9289265,49.86444],[5.9301624,49.865173],[5.9305935,49.865932],[5.9309216,49.865833],[5.9314823,49.866886],[5.9319286,49.86716],[5.9324665,49.86689],[5.9339237,49.867702],[5.9365635,49.870316],[5.93725,49.87024],[5.938677,49.870544],[5.9419575,49.870216],[5.946409,49.870636],[5.9480495,49.870373],[5.950365,49.869156],[5.9552135,49.868347],[5.9569607,49.86718],[5.957178,49.86659],[5.957876,49.866383],[5.959318,49.866478],[5.959341,49.86626],[5.9606915,49.866287],[5.96187,49.86574],[5.9628353,49.865696],[5.9629154,49.866196],[5.9638577,49.866035],[5.9642086,49.86662],[5.966238,49.862823],[5.9668903,49.86215],[5.967264,49.86097],[5.9680996,49.86056],[5.970419,49.860043],[5.975134,49.86092],[5.9749966,49.860706],[5.9763737,49.859505],[5.976549,49.85886],[5.9759235,49.85878],[5.976431,49.857487],[5.9775143,49.856743],[5.977907,49.85606],[5.97806,49.855434],[5.9772015,49.85511],[5.978937,49.854397],[5.979616,49.853374],[5.9806385,49.852695],[5.981695,49.852413],[5.9826946,49.852962],[5.9832554,49.85327],[5.9819202,49.853836],[5.982538,49.85435],[5.981268,49.856216],[5.9867687,49.857376]]]},"properties":{"shapeName":"Esch-sur-Sûre","shapeISO":"","shapeID":"21775719B39568608921015","shapeGroup":"LUX","shapeType":"ADM2"}},
{"type":"Feature","geometry":{"type":"Polygon","coordinates":[[[5.856802,49.8886929],[5.853754,49.891014],[5.8515835,49.892044],[5.8482304,49.89233],[5.846777,49.892788],[5.846796,49.89332],[5.8490276,49.893513],[5.850256,49.8942],[5.8506985,49.89465],[5.850836,49.895603],[5.849127,49.897343],[5.845869,49.89905],[5.845297,49.899803],[5.845358,49.900543],[5.8458347,49.900967],[5.848692,49.901688],[5.8499966,49.901505],[5.8542805,49.899456],[5.8550587,49.89988],[5.8559093,49.90119],[5.8558407,49.90274],[5.8526974,49.904972],[5.852087,49.90588],[5.852438,49.907013],[5.853525,49.907665],[5.850527,49.908848],[5.8503284,49.909534],[5.8494244,49.90982],[5.84638,49.909725],[5.84503,49.909943],[5.842497,49.909214],[5.8426113,49.90909],[5.840845,49.908947],[5.8385525,49.909916],[5.8370266,49.909866],[5.8363132,49.910053],[5.8346844,49.911003],[5.8355846,49.912174],[5.8357067,49.913345],[5.8329487,49.913227],[5.830675,49.913452],[5.826788,49.912357],[5.8250294,49.912167],[5.82395,49.913666],[5.8245144,49.914024],[5.8239574,49.914055],[5.8243732,49.914757],[5.8243694,49.915718],[5.8225803,49.916176],[5.820265,49.91554],[5.820387,49.915733],[5.8185863,49.915997],[5.818575,49.915108],[5.8181133,49.91426],[5.816164,49.914337],[5.8174953,49.91652],[5.8160763,49.91632],[5.8159695,49.916492],[5.8141384,49.91602],[5.813158,49.91521],[5.8129444,49.916393],[5.8123875,49.916748],[5.813959,49.917248],[5.812643,49.919285],[5.8113346,49.918995],[5.811865,49.918957],[5.8117237,49.918736],[5.8108425,49.918636],[5.810026,49.918636],[5.8101444,49.91896],[5.8096447,49.91896],[5.8094463,49.919254],[5.809057,49.918957],[5.808069,49.919132],[5.806284,49.918743],[5.8047237,49.91918],[5.8044605,49.91948],[5.8034534,49.91963],[5.799776,49.91908],[5.8004017,49.92],[5.799696,49.920147],[5.7960415,49.91886],[5.7923756,49.918037],[5.7883434,49.918495],[5.78388,49.917885],[5.781416,49.91792],[5.780504,49.91766],[5.7802334,49.918156],[5.77561,49.91816],[5.7734966,49.919384],[5.772043,49.918793],[5.772047,49.918194],[5.769373,49.91752],[5.766718,49.916023],[5.764883,49.91563],[5.7640133,49.91577],[5.763586,49.91537],[5.7530804,49.911983],[5.7480984,49.909443],[5.748354,49.909252],[5.747713,49.908676],[5.7464924,49.908283],[5.746641,49.908047],[5.7460613,49.90779],[5.7466297,49.907043],[5.7466717,49.906315],[5.745672,49.90619],[5.743868,49.905277],[5.739916,49.904217],[5.739786,49.904],[5.740576,49.903126],[5.7404613,49.902176],[5.7389126,49.90173],[5.737665,49.901035],[5.7362156,49.89904],[5.7367,49.89815],[5.735708,49.896896],[5.738058,49.896214],[5.7397594,49.895],[5.7427197,49.895126],[5.745085,49.8943],[5.746378,49.894184],[5.746504,49.893715],[5.7478695,49.89239],[5.7504253,49.891514],[5.7518444,49.89129],[5.7529774,49.891308],[5.7530384,49.89147],[5.754244,49.891296],[5.755953,49.890724],[5.7558002,49.89059],[5.756605,49.88981],[5.757101,49.88981],[5.7573414,49.88946],[5.7601833,49.889275],[5.763376,49.888245],[5.7649403,49.888233],[5.765135,49.888054],[5.7657833,49.888245],[5.766588,49.887978],[5.767355,49.887295],[5.768629,49.886963],[5.769903,49.886948],[5.770609,49.88735],[5.7705326,49.88687],[5.771734,49.885166],[5.7724056,49.88474],[5.777937,49.883884],[5.7784367,49.88347],[5.7781963,49.88342],[5.778059,49.88208],[5.778429,49.88166],[5.7787037,49.881695],[5.7788677,49.881123],[5.7833347,49.878777],[5.7835712,49.87753],[5.7829647,49.875927],[5.782568,49.8757267],[5.7849331,49.8742771],[5.7871494,49.8735409],[5.7885418,49.8735676],[5.792345,49.8755741],[5.7919369,49.8792324],[5.7938175,49.8806362],[5.7944508,49.8806705],[5.7955563,49.8802483],[5.7968082,49.8788013],[5.7972202,49.8773746],[5.7956829,49.8744793],[5.7952671,49.8723011],[5.7956867,49.8720493],[5.7999783,49.87128639999999],[5.8007717,49.8707218],[5.8004894,49.8696003],[5.8033199,49.870882],[5.8055553,49.8707256],[5.8064251,49.8699551],[5.8063869,49.8693218],[5.8056355,49.86831090000001],[5.804491,49.8671093],[5.8030224,49.86631580000001],[5.8020763,49.8648968],[5.801897,49.8641758],[5.8027973,49.8635769],[5.8045597,49.863554],[5.8060093,49.8642826],[5.8063793,49.8663197],[5.8068104,49.8668461],[5.8076038,49.8671474],[5.8078785,49.8680782],[5.8109722,49.868597],[5.8124485,49.8686123],[5.8204784,49.8676434],[5.8245258,49.8663731],[5.8293018,49.8680019],[5.8315945,49.8696003],[5.8341846,49.8698139],[5.8353405,49.8704472],[5.8366985,49.870409],[5.8374386,49.8709812],[5.8388309,49.8737164],[5.8399067,49.874403],[5.841898,49.8746166],[5.8435268,49.873579],[5.8441486,49.8734455],[5.8449421,49.8736324],[5.8459797,49.8744984],[5.8462887,49.875021],[5.8460865,49.875967],[5.8438282,49.8783131],[5.8431492,49.8786869],[5.8404102,49.8791409],[5.8404255,49.8804188],[5.8409443,49.8805866],[5.8400326,49.8823719],[5.8389111,49.883276],[5.8414631,49.8848171],[5.8430462,49.8840809],[5.8460598,49.8831806],[5.8486919,49.8831501],[5.848959,49.8822422],[5.8514652,49.8824787],[5.8544788,49.8835201],[5.8540974,49.884428],[5.8536663,49.8844929],[5.8550701,49.8847637],[5.8542118,49.8868923],[5.8553104,49.8871326],[5.8546276,49.8877811],[5.856802,49.8886929]]]},"properties":{"shapeName":"Boulaide","shapeISO":"","shapeID":"21775719B85844399022617","shapeGroup":"LUX","shapeType":"ADM2"}},
{"type":"Feature","geometry":{"type":"Polygon","coordinates":[[[6.037641,49.940098],[6.0367184,49.94025],[6.035776,49.940067],[6.036005,49.938763],[6.0356655,49.93866],[6.0358257,49.93837],[6.03615,49.938385],[6.0358906,49.937595],[6.034113,49.93695],[6.0327625,49.937344],[6.032091,49.938076],[6.027231,49.93882],[6.0251446,49.939598],[6.0243587,49.940437],[6.0239277,49.941677],[6.0176105,49.941135],[6.0152607,49.94039],[6.013132,49.940636],[6.0118694,49.941322],[6.0112095,49.942123],[6.011099,49.94386],[6.011984,49.944355],[6.0139904,49.94484],[6.01359,49.942757],[6.0151806,49.943604],[6.0154705,49.94415],[6.01779,49.944588],[6.017275,49.94538],[6.0154667,49.945248],[6.015074,49.945614],[6.0144825,49.945694],[6.0146885,49.94735],[6.0156765,49.94733],[6.0158215,49.94775],[6.014078,49.94788],[6.013895,49.947372],[6.011118,49.94771],[6.0109425,49.947113],[6.0084515,49.94686],[6.0081844,49.947872],[6.005308,49.947586],[6.000349,49.94781],[6.0023212,49.948006],[6.002138,49.948586],[6.0013103,49.94852],[6.000086,49.94902],[5.999033,49.949093],[5.9985905,49.948696],[5.9981937,49.94885],[5.998415,49.949642],[5.9987316,49.949593],[5.9991245,49.950256],[6.0006695,49.950768],[6.000429,49.951214],[5.998377,49.951336],[5.999075,49.95213],[5.9975796,49.95233],[5.994833,49.951813],[5.9931164,49.953075],[5.990137,49.95258],[5.9887104,49.951553],[5.9872036,49.9526],[5.98699,49.953358],[5.9844303,49.95292],[5.982435,49.95168],[5.9824314,49.952164],[5.983385,49.953033],[5.987421,49.95486],[5.9865437,49.956482],[5.9865437,49.95742],[5.986059,49.95751],[5.98295,49.956913],[5.9808598,49.955936],[5.9794636,49.95587],[5.978346,49.956924],[5.9778423,49.959324],[5.9734135,49.9593],[5.970991,49.9603],[5.97064,49.960953],[5.9713535,49.9624],[5.971365,49.96447],[5.97069,49.96458],[5.9700108,49.96437],[5.969469,49.963795],[5.9694653,49.96323],[5.9680767,49.962296],[5.9659977,49.961872],[5.962923,49.960632],[5.9624004,49.960167],[5.9611607,49.960007],[5.9593334,49.960194],[5.958372,49.960793],[5.9585285,49.963047],[5.957632,49.96357],[5.9569607,49.963356],[5.9549274,49.963524],[5.954859,49.963963],[5.953165,49.96252],[5.952379,49.960854],[5.953764,49.958298],[5.9535656,49.957474],[5.950308,49.95445],[5.95043,49.953938],[5.9519672,49.95269],[5.952158,49.95226],[5.9513645,49.95258],[5.951708,49.951912],[5.9527874,49.950768],[5.953272,49.950665],[5.9545155,49.949615],[5.9548473,49.948353],[5.9552326,49.948254],[5.9542446,49.947647],[5.9535084,49.94671],[5.9542446,49.945694],[5.9535427,49.9447],[5.9555225,49.94325],[5.956091,49.94226],[5.9546375,49.94153],[5.9538136,49.9404],[5.949896,49.939377],[5.947294,49.939537],[5.9473515,49.93913],[5.945158,49.93886],[5.9435596,49.940212],[5.9420376,49.94005],[5.941744,49.94024],[5.940649,49.940205],[5.939455,49.939865],[5.9393177,49.94085],[5.937319,49.941017],[5.936224,49.94085],[5.9355717,49.94126],[5.935541,49.941654],[5.9345455,49.94175],[5.932604,49.940887],[5.933897,49.93955],[5.933054,49.939186],[5.932192,49.939247],[5.9311314,49.939808],[5.929743,49.941772],[5.928293,49.940907],[5.927202,49.940735],[5.9244747,49.941395],[5.92449,49.940125],[5.9247646,49.939903],[5.924467,49.939743],[5.9228725,49.939644],[5.9217052,49.940094],[5.9191914,49.939297],[5.920191,49.93721],[5.9202137,49.93606],[5.918497,49.93555],[5.916506,49.934536],[5.916376,49.933167],[5.919203,49.932602],[5.9209003,49.932747],[5.9217014,49.93246],[5.922163,49.93282],[5.9223003,49.932552],[5.9235325,49.93232],[5.9279575,49.932533],[5.929121,49.93291],[5.9318523,49.932163],[5.932287,49.9323],[5.932539,49.931995],[5.932043,49.931778],[5.9338665,49.931732],[5.934099,49.930782],[5.930872,49.93014],[5.931303,49.92887],[5.9319286,49.928955],[5.931116,49.928425],[5.9367466,49.929417],[5.9384785,49.928753],[5.938093,49.92837],[5.9405766,49.928844],[5.9422016,49.925507],[5.9414425,49.92346],[5.942049,49.922733],[5.9423237,49.92134],[5.9428844,49.92051],[5.9461803,49.918663],[5.9473515,49.91767],[5.948168,49.91344],[5.9496326,49.912025],[5.9498923,49.9107035],[5.9499607,49.910023],[5.951483,49.9085],[5.953306,49.907764],[5.9539433,49.90574],[5.9552441,49.904894],[5.9581505,49.9066387],[5.9598365,49.9068207],[5.9622895,49.9061387],[5.9630561,49.9048337],[5.963861,49.9046237],[5.9654975,49.9049587],[5.9669015,49.9056987],[5.9679085,49.9077087],[5.96911,49.9084387],[5.9707845,49.9085587],[5.9731345,49.9079467],[5.975595,49.9084087],[5.9754538,49.9108187],[5.9765675,49.9113527],[5.9784331,49.9111687],[5.9795125,49.9106787],[5.9805388,49.9095527],[5.9797072,49.9071907],[5.979547,49.9053747],[5.9799132,49.9044747],[5.9813781,49.9039527],[5.9832665,49.9041237],[5.985105,49.9045057],[5.9866385,49.9051687],[5.9875731,49.9059547],[5.9881225,49.9070787],[5.9882178,49.9087087],[5.986196,49.9126187],[5.9861998,49.9131037],[5.9866118,49.9133787],[5.9882102,49.9136717],[5.9930701,49.9139587],[6.0016645,49.9130987],[6.0030608,49.9136187],[6.0034842,49.9162357],[6.0011725,49.9174217],[6.0010465,49.9177427],[6.0017485,49.9207257],[6.0026105,49.92210870000001],[6.0046705,49.9240287],[6.0063681,49.9240867],[6.0092675,49.9261087],[6.0101142,49.9262457],[6.0136351,49.9257417],[6.0156989,49.9238037],[6.0202385,49.9217367],[6.0247815,49.9202867],[6.0256705,49.9195087],[6.0281729,49.9183587],[6.0289815,49.9182767],[6.0302025,49.9187387],[6.0325675,49.9209007],[6.0339445,49.9214047],[6.0367141,49.9215267],[6.0371835,49.9212027],[6.0373302,49.920168],[6.0376177,49.919495],[6.0382643,49.91907],[6.038839,49.919132],[6.0394335,49.91962],[6.039709,49.920986],[6.039402,49.922623],[6.0381913,49.924835],[6.039419,49.926033],[6.0410824,49.92604],[6.04654,49.92488],[6.047804,49.924393],[6.049,49.923492],[6.0492997,49.92392],[6.0474253,49.928635],[6.0438867,49.93041],[6.043577,49.930794],[6.043667,49.931885],[6.044371,49.9329],[6.044185,49.933315],[6.043829,49.93363],[6.0417776,49.934044],[6.0409927,49.934704],[6.040846,49.936497],[6.041179,49.937447],[6.041906,49.93789],[6.0421453,49.938393],[6.0416036,49.938572],[6.0400305,49.938446],[6.0382347,49.938942],[6.037641,49.940098]]]},"properties":{"shapeName":"Goesdorf","shapeISO":"","shapeID":"21775719B32854192584893","shapeGroup":"LUX","shapeType":"ADM2"}},
{"type":"Feature","geometry":{"type":"Polygon","coordinates":[[[5.9498923,49.9107035],[5.9496326,49.912025],[5.948168,49.91344],[5.9473515,49.91767],[5.9461803,49.918663],[5.9428844,49.92051],[5.9423237,49.92134],[5.942049,49.922733],[5.9414425,49.92346],[5.9422016,49.925507],[5.9405766,49.928844],[5.938093,49.92837],[5.9384785,49.928753],[5.9367466,49.929417],[5.931116,49.928425],[5.9319286,49.928955],[5.931303,49.92887],[5.930872,49.93014],[5.934099,49.930782],[5.9338665,49.931732],[5.932043,49.931778],[5.932539,49.931995],[5.932287,49.9323],[5.9318523,49.932163],[5.929121,49.93291],[5.9279575,49.932533],[5.9235325,49.93232],[5.9223003,49.932552],[5.922163,49.93282],[5.9217014,49.93246],[5.9209003,49.932747],[5.919203,49.932602],[5.916376,49.933167],[5.916506,49.934536],[5.915491,49.935215],[5.912672,49.93615],[5.9108143,49.9376],[5.9083195,49.941593],[5.906767,49.942802],[5.90555,49.94312],[5.904131,49.942947],[5.899538,49.94345],[5.8982143,49.943943],[5.8965244,49.94552],[5.8943768,49.946262],[5.8945446,49.946438],[5.8913517,49.94624],[5.8891926,49.947544],[5.888983,49.947403],[5.8881664,49.94765],[5.886732,49.947594],[5.885687,49.947292],[5.8808155,49.945175],[5.8789654,49.946255],[5.8788204,49.94775],[5.878134,49.948994],[5.8782787,49.949753],[5.875761,49.94825],[5.875166,49.949146],[5.872999,49.94882],[5.8729115,49.949085],[5.8724766,49.94883],[5.872034,49.94951],[5.870245,49.949944],[5.868925,49.94942],[5.868162,49.949387],[5.8663044,49.948513],[5.8671284,49.947124],[5.868395,49.94736],[5.8686314,49.947144],[5.868021,49.946865],[5.868273,49.946503],[5.8680744,49.946224],[5.86664,49.945763],[5.866869,49.942314],[5.8681126,49.93958],[5.867014,49.9393],[5.865881,49.939507],[5.8650875,49.939392],[5.8634167,49.93862],[5.861479,49.938335],[5.8608685,49.93783],[5.860426,49.938408],[5.8591595,49.938328],[5.858984,49.938534],[5.857687,49.93825],[5.857107,49.938362],[5.853918,49.936428],[5.8529415,49.936554],[5.8523846,49.937405],[5.8475018,49.93613],[5.8449,49.93585],[5.8448353,49.93637],[5.8430996,49.93643],[5.8416233,49.9375],[5.841032,49.938198],[5.8405704,49.93964],[5.8380795,49.940437],[5.83671,49.940456],[5.835474,49.940765],[5.835085,49.940525],[5.8341656,49.940502],[5.8338985,49.940754],[5.8341618,49.941147],[5.8327923,49.94159],[5.832777,49.94228],[5.8322506,49.94281],[5.83267,49.943398],[5.833063,49.94347],[5.8328266,49.943897],[5.8331013,49.94421],[5.8349705,49.94503],[5.834795,49.945602],[5.8354244,49.94675],[5.836424,49.94712],[5.83671,49.94752],[5.8373203,49.94749],[5.837332,49.94795],[5.8377666,49.9482],[5.8394566,49.948753],[5.8386936,49.949688],[5.83906,49.95097],[5.8386974,49.950863],[5.8385906,49.9513],[5.8379498,49.951588],[5.836546,49.951736],[5.8325596,49.95334],[5.830702,49.953697],[5.8257008,49.952858],[5.82308,49.951836],[5.820345,49.9517],[5.8169765,49.950504],[5.815607,49.95214],[5.8129787,49.95143],[5.8106213,49.95377],[5.8129635,49.954647],[5.8121243,49.95548],[5.8131657,49.956215],[5.8130817,49.95722],[5.8110332,49.95883],[5.8090725,49.958305],[5.807501,49.95937],[5.8071117,49.960423],[5.807661,49.962204],[5.8083744,49.962914],[5.8102592,49.9636932],[5.8101237,49.96382],[5.806593,49.962303],[5.803488,49.9633],[5.803087,49.96333],[5.8026867,49.963036],[5.8002186,49.96296],[5.7982655,49.96412],[5.797434,49.964348],[5.79648,49.965355],[5.795782,49.96569],[5.790941,49.963882],[5.7911854,49.9618],[5.7856274,49.96099],[5.7833767,49.962105],[5.783186,49.96199],[5.780607,49.9627],[5.7750225,49.9608],[5.775671,49.95946],[5.7772274,49.95774],[5.7753315,49.957066],[5.775175,49.957203],[5.7736683,49.95651],[5.7748585,49.954937],[5.774439,49.953663],[5.775034,49.953148],[5.7739277,49.952305],[5.772169,49.951508],[5.771185,49.950615],[5.7714863,49.950127],[5.7703686,49.94959],[5.7713375,49.94613],[5.77281,49.946518],[5.772707,49.945606],[5.7732487,49.944756],[5.771776,49.944477],[5.7738857,49.94144],[5.775156,49.937714],[5.773123,49.937695],[5.773016,49.937225],[5.7725163,49.937164],[5.7725124,49.936733],[5.770426,49.93668],[5.7707005,49.93579],[5.770361,49.935703],[5.7703304,49.93411],[5.770075,49.933205],[5.7697735,49.93311],[5.7709713,49.93165],[5.768915,49.931652],[5.7668133,49.931217],[5.7639484,49.931458],[5.7646313,49.93052],[5.764517,49.93002],[5.76383,49.929783],[5.7649364,49.928993],[5.764097,49.928455],[5.764303,49.928204],[5.763426,49.92738],[5.7636127,49.926476],[5.7647915,49.926434],[5.7635937,49.924503],[5.764494,49.92412],[5.7616787,49.923252],[5.762247,49.92149],[5.762026,49.91969],[5.7609997,49.91853],[5.7604694,49.9173],[5.760935,49.917274],[5.7640133,49.91577],[5.764883,49.91563],[5.766718,49.916023],[5.769373,49.91752],[5.772047,49.918194],[5.772043,49.918793],[5.7734966,49.919384],[5.77561,49.91816],[5.7802334,49.918156],[5.780504,49.91766],[5.781416,49.91792],[5.78388,49.917885],[5.7883434,49.918495],[5.7923756,49.918037],[5.7960415,49.91886],[5.799696,49.920147],[5.8004017,49.92],[5.799776,49.91908],[5.8034534,49.91963],[5.8044605,49.91948],[5.8047237,49.91918],[5.806284,49.918743],[5.808069,49.919132],[5.809057,49.918957],[5.8094463,49.919254],[5.8096447,49.91896],[5.8101444,49.91896],[5.810026,49.918636],[5.8108425,49.918636],[5.8117237,49.918736],[5.811865,49.918957],[5.8113346,49.918995],[5.812643,49.919285],[5.813959,49.917248],[5.8123875,49.916748],[5.8129444,49.916393],[5.813158,49.91521],[5.8141384,49.91602],[5.8159695,49.916492],[5.8160763,49.91632],[5.8174953,49.91652],[5.816164,49.914337],[5.8181133,49.91426],[5.818575,49.915108],[5.8185863,49.915997],[5.820387,49.915733],[5.820265,49.91554],[5.8225803,49.916176],[5.8243694,49.915718],[5.8243732,49.914757],[5.8239574,49.914055],[5.8245144,49.914024],[5.82395,49.913666],[5.8250294,49.912167],[5.826788,49.912357],[5.830675,49.913452],[5.8329487,49.913227],[5.8357067,49.913345],[5.8355846,49.912174],[5.8346844,49.911003],[5.8363132,49.910053],[5.8370266,49.909866],[5.8385525,49.909916],[5.840845,49.908947],[5.8426113,49.90909],[5.842497,49.909214],[5.84503,49.909943],[5.84638,49.909725],[5.8494244,49.90982],[5.8503284,49.909534],[5.850527,49.908848],[5.853525,49.907665],[5.8557606,49.907593],[5.85676,49.90734],[5.8590336,49.904053],[5.8619175,49.902145],[5.862013,49.900673],[5.859991,49.899338],[5.8595486,49.89847],[5.8598957,49.89784],[5.860468,49.897564],[5.8620663,49.89743],[5.863596,49.897606],[5.864935,49.898148],[5.8663044,49.901844],[5.86788,49.90263],[5.8705616,49.902817],[5.8750706,49.902065],[5.877409,49.901955],[5.8789387,49.90239],[5.880686,49.903603],[5.8813267,49.905327],[5.882288,49.90572],[5.8841953,49.90604],[5.886183,49.907593],[5.886572,49.908257],[5.8864155,49.908913],[5.8880367,49.91063],[5.8907986,49.91176],[5.8946133,49.911438],[5.8951664,49.911564],[5.896204,49.91202],[5.8974857,49.91385],[5.898405,49.913994],[5.900072,49.91346],[5.9007206,49.912823],[5.903204,49.909695],[5.903837,49.90794],[5.904787,49.907417],[5.905916,49.90769],[5.9084873,49.90941],[5.909712,49.91113],[5.9106846,49.9113],[5.9118786,49.911163],[5.9124775,49.91039],[5.911852,49.908783],[5.9123783,49.90883],[5.913885,49.90647],[5.9157543,49.904633],[5.917345,49.903664],[5.919138,49.90401],[5.919565,49.90513],[5.919096,49.90687],[5.917719,49.909424],[5.9179897,49.91116],[5.9185925,49.91175],[5.920786,49.91234],[5.9219837,49.912167],[5.923979,49.91059],[5.926237,49.911533],[5.925993,49.912083],[5.9241047,49.913795],[5.9246616,49.915146],[5.9256916,49.915546],[5.926756,49.915455],[5.9274197,49.916798],[5.927678,49.916252],[5.9274774,49.914856],[5.9284906,49.913933],[5.9285755,49.913033],[5.9293027,49.912388],[5.930333,49.91203],[5.9306345,49.91229],[5.9320145,49.91209],[5.931704,49.913048],[5.932036,49.914543],[5.9331193,49.915676],[5.933717,49.91585],[5.9346466,49.915676],[5.934469,49.915188],[5.935194,49.91468],[5.9378414,49.915073],[5.938875,49.91454],[5.939146,49.913696],[5.9399014,49.913063],[5.93989,49.91168],[5.939478,49.9111],[5.939966,49.90956],[5.9414654,49.91019],[5.9438534,49.91076],[5.943922,49.910316],[5.9498923,49.9107035]]]},"properties":{"shapeName":"Lac de la Haute-Sûre","shapeISO":"","shapeID":"21775719B16407622860370","shapeGroup":"LUX","shapeType":"ADM2"}},
{"type":"Feature","geometry":{"type":"Polygon","coordinates":[[[5.9082813,49.99567],[5.9088726,49.995167],[5.908457,49.994785],[5.908533,49.99428],[5.9115276,49.991867],[5.9138813,49.99236],[5.915674,49.992207],[5.9165516,49.99248],[5.917406,49.990116],[5.9151363,49.98967],[5.9136257,49.99015],[5.9128933,49.98942],[5.9134007,49.98911],[5.912863,49.988213],[5.9122105,49.987804],[5.912718,49.986897],[5.9135456,49.986794],[5.9134655,49.98653],[5.9150906,49.986485],[5.9154453,49.985237],[5.917486,49.985447],[5.9175167,49.985092],[5.9188595,49.985115],[5.919058,49.98418],[5.9202824,49.982246],[5.919653,49.982086],[5.9204807,49.980007],[5.919428,49.97982],[5.91971,49.978836],[5.9206066,49.978622],[5.9212513,49.97784],[5.922777,49.977493],[5.9222507,49.976936],[5.9199047,49.97716],[5.9196987,49.977615],[5.918352,49.977226],[5.9184017,49.975845],[5.9180927,49.975155],[5.9156933,49.974506],[5.912615,49.974083],[5.9154873,49.972023],[5.914686,49.97184],[5.9135494,49.97194],[5.911459,49.971386],[5.9112034,49.971657],[5.910589,49.97159],[5.9090786,49.971165],[5.9069233,49.97095],[5.905264,49.969925],[5.903265,49.969254],[5.901682,49.968407],[5.9014378,49.96803],[5.9005375,49.967983],[5.9001217,49.96746],[5.899973,49.96634],[5.900919,49.96572],[5.899557,49.965412],[5.8989773,49.964825],[5.897558,49.964478],[5.89715,49.963795],[5.897089,49.96346],[5.897753,49.96351],[5.898157,49.962082],[5.8972034,49.96166],[5.8951054,49.960026],[5.893671,49.960896],[5.887705,49.958366],[5.886614,49.95766],[5.88661,49.9572],[5.8850956,49.955242],[5.8817043,49.954235],[5.882147,49.953148],[5.8779125,49.95139],[5.8782787,49.949753],[5.878134,49.948994],[5.8788204,49.94775],[5.8789654,49.946255],[5.8808155,49.945175],[5.885687,49.947292],[5.886732,49.947594],[5.8881664,49.94765],[5.888983,49.947403],[5.8891926,49.947544],[5.8913517,49.94624],[5.8945446,49.946438],[5.8943768,49.946262],[5.8965244,49.94552],[5.8982143,49.943943],[5.899538,49.94345],[5.904131,49.942947],[5.90555,49.94312],[5.906767,49.942802],[5.9083195,49.941593],[5.9108143,49.9376],[5.912672,49.93615],[5.915491,49.935215],[5.916506,49.934536],[5.918497,49.93555],[5.9202137,49.93606],[5.920191,49.93721],[5.9191914,49.939297],[5.9217052,49.940094],[5.9228725,49.939644],[5.924467,49.939743],[5.9247646,49.939903],[5.92449,49.940125],[5.9244747,49.941395],[5.927202,49.940735],[5.928293,49.940907],[5.929743,49.941772],[5.9311314,49.939808],[5.932192,49.939247],[5.933054,49.939186],[5.933897,49.93955],[5.932604,49.940887],[5.9345455,49.94175],[5.935541,49.941654],[5.9355717,49.94126],[5.936224,49.94085],[5.937319,49.941017],[5.9393177,49.94085],[5.939455,49.939865],[5.940649,49.940205],[5.941744,49.94024],[5.9420376,49.94005],[5.9435596,49.940212],[5.945158,49.93886],[5.9473515,49.93913],[5.947294,49.939537],[5.949896,49.939377],[5.9538136,49.9404],[5.9546375,49.94153],[5.956091,49.94226],[5.9555225,49.94325],[5.9535427,49.9447],[5.9542446,49.945694],[5.9535084,49.94671],[5.9542446,49.947647],[5.9552326,49.948254],[5.9548473,49.948353],[5.9545155,49.949615],[5.953272,49.950665],[5.9527874,49.950768],[5.951708,49.951912],[5.9513645,49.95258],[5.952158,49.95226],[5.9519672,49.95269],[5.95043,49.953938],[5.950308,49.95445],[5.9535656,49.957474],[5.953764,49.958298],[5.952379,49.960854],[5.953165,49.96252],[5.954859,49.963963],[5.9549274,49.963524],[5.9569607,49.963356],[5.957632,49.96357],[5.9585285,49.963047],[5.958372,49.960793],[5.9593334,49.960194],[5.9611607,49.960007],[5.9624004,49.960167],[5.962923,49.960632],[5.9659977,49.961872],[5.9680767,49.962296],[5.9694653,49.96323],[5.967722,49.963326],[5.9666424,49.964245],[5.96681,49.96513],[5.9678364,49.96628],[5.969557,49.967106],[5.971094,49.967487],[5.971319,49.967808],[5.9656086,49.96802],[5.963854,49.969883],[5.9663715,49.971695],[5.9677296,49.972313],[5.9676647,49.973034],[5.968157,49.974056],[5.9686756,49.973988],[5.9690304,49.974445],[5.968748,49.975452],[5.9692364,49.975433],[5.9694767,49.975796],[5.969351,49.976284],[5.9688053,49.976414],[5.9688663,49.976765],[5.9704876,49.980694],[5.9698963,49.983356],[5.970724,49.984047],[5.972349,49.984436],[5.973135,49.984905],[5.9723606,49.985832],[5.972128,49.986732],[5.967901,49.985783],[5.966711,49.986305],[5.966173,49.98664],[5.9656925,49.987976],[5.9649944,49.988644],[5.965811,49.989723],[5.965994,49.990547],[5.9674206,49.9915],[5.9680805,49.99301],[5.967989,49.99366],[5.9691105,49.994503],[5.971037,49.99526],[5.967886,49.99634],[5.9661465,49.9985],[5.9661694,49.999065],[5.9667377,49.998863],[5.967764,49.999413],[5.968111,50.000023],[5.967306,50.00059],[5.9676,50.000908],[5.9724445,50.003334],[5.971834,50.004135],[5.974249,50.005207],[5.975168,50.006783],[5.9801846,50.00946],[5.979746,50.010612],[5.979868,50.012222],[5.9784184,50.01404],[5.9787083,50.01441],[5.9786587,50.015366],[5.977949,50.01559],[5.9772396,50.01664],[5.9765263,50.01707],[5.976591,50.017944],[5.978346,50.02074],[5.9773655,50.022404],[5.9762516,50.023174],[5.9761486,50.024136],[5.9732494,50.024487],[5.971781,50.0242],[5.971407,50.025326],[5.968931,50.026646],[5.9709415,50.027336],[5.969881,50.02804],[5.971777,50.029057],[5.9730015,50.031185],[5.9728413,50.031925],[5.972433,50.032234],[5.9690456,50.031876],[5.9661922,50.031975],[5.9642735,50.030396],[5.9635143,50.030437],[5.9625263,50.030064],[5.960764,50.028408],[5.955473,50.026257],[5.9545918,50.02725],[5.955122,50.02775],[5.9557056,50.027515],[5.9570484,50.028507],[5.956976,50.02886],[5.9545307,50.028057],[5.9548473,50.027714],[5.954443,50.02739],[5.950712,50.027958],[5.948797,50.02724],[5.947859,50.026264],[5.9432926,50.0254],[5.940977,50.02319],[5.93878,50.021935],[5.9364986,50.019463],[5.935114,50.01989],[5.9327106,50.019997],[5.931486,50.020416],[5.9318867,50.023746],[5.9311237,50.02488],[5.9296665,50.02571],[5.929117,50.025536],[5.929308,50.025127],[5.9283695,50.02498],[5.927061,50.02364],[5.9277706,50.02338],[5.9278812,50.023052],[5.9270077,50.021297],[5.9300556,50.020916],[5.930517,50.019806],[5.928152,50.019783],[5.9285526,50.01896],[5.928953,50.018856],[5.9281826,50.01831],[5.926962,50.01811],[5.926935,50.016747],[5.9263783,50.016582],[5.925993,50.016735],[5.9245396,50.01633],[5.923872,50.0161],[5.9240437,50.015934],[5.9237156,50.01569],[5.9242496,50.01434],[5.925699,50.013165],[5.925005,50.012566],[5.9254627,50.011738],[5.9277554,50.011566],[5.928667,50.010925],[5.927809,50.008625],[5.9268703,50.008057],[5.923128,50.008114],[5.923094,50.009388],[5.9209766,50.00897],[5.9211407,50.008175],[5.9204273,50.007977],[5.9205456,50.007],[5.9199886,50.004063],[5.9196835,50.004158],[5.9150867,50.002068],[5.9100704,50.000206],[5.9109364,49.998203],[5.9107647,49.997555],[5.909586,49.99697],[5.9082813,49.99567]]]},"properties":{"shapeName":"Wiltz","shapeISO":"","shapeID":"21775719B85267165688520","shapeGroup":"LUX","shapeType":"ADM2"}},
{"type":"Feature","geometry":{"type":"Polygon","coordinates":[[[5.8401356,49.989437],[5.839239,49.988888],[5.83906,49.988483],[5.8394146,49.98742],[5.838957,49.986794],[5.8387623,49.984367],[5.839468,49.98407],[5.8385563,49.98229],[5.838255,49.982395],[5.8375034,49.980946],[5.8363476,49.979935],[5.835779,49.97892],[5.8351383,49.97907],[5.8341656,49.97823],[5.8335476,49.97854],[5.832037,49.97653],[5.8304996,49.975956],[5.8279552,49.97597],[5.826399,49.974663],[5.8255863,49.975204],[5.8234577,49.975155],[5.820223,49.97378],[5.8205013,49.973225],[5.8195324,49.97204],[5.8184643,49.97241],[5.816847,49.972588],[5.8158855,49.972343],[5.813139,49.972553],[5.812475,49.97219],[5.8104725,49.970646],[5.810812,49.96987],[5.8096714,49.96763],[5.810999,49.965805],[5.8101788,49.96455],[5.8105526,49.96407],[5.8101237,49.96382],[5.8102592,49.9636932],[5.8083744,49.962914],[5.807661,49.962204],[5.8071117,49.960423],[5.807501,49.95937],[5.8090725,49.958305],[5.8110332,49.95883],[5.8130817,49.95722],[5.8131657,49.956215],[5.8121243,49.95548],[5.8129635,49.954647],[5.8106213,49.95377],[5.8129787,49.95143],[5.815607,49.95214],[5.8169765,49.950504],[5.820345,49.9517],[5.82308,49.951836],[5.8257008,49.952858],[5.830702,49.953697],[5.8325596,49.95334],[5.836546,49.951736],[5.8379498,49.951588],[5.8385906,49.9513],[5.8386974,49.950863],[5.83906,49.95097],[5.8386936,49.949688],[5.8394566,49.948753],[5.8377666,49.9482],[5.837332,49.94795],[5.8373203,49.94749],[5.83671,49.94752],[5.836424,49.94712],[5.8354244,49.94675],[5.834795,49.945602],[5.8349705,49.94503],[5.8331013,49.94421],[5.8328266,49.943897],[5.833063,49.94347],[5.83267,49.943398],[5.8322506,49.94281],[5.832777,49.94228],[5.8327923,49.94159],[5.8341618,49.941147],[5.8338985,49.940754],[5.8341656,49.940502],[5.835085,49.940525],[5.835474,49.940765],[5.83671,49.940456],[5.8380795,49.940437],[5.8405704,49.93964],[5.841032,49.938198],[5.8416233,49.9375],[5.8430996,49.93643],[5.8448353,49.93637],[5.8449,49.93585],[5.8475018,49.93613],[5.8523846,49.937405],[5.8529415,49.936554],[5.853918,49.936428],[5.857107,49.938362],[5.857687,49.93825],[5.858984,49.938534],[5.8591595,49.938328],[5.860426,49.938408],[5.8608685,49.93783],[5.861479,49.938335],[5.8634167,49.93862],[5.8650875,49.939392],[5.865881,49.939507],[5.867014,49.9393],[5.8681126,49.93958],[5.866869,49.942314],[5.86664,49.945763],[5.8680744,49.946224],[5.868273,49.946503],[5.868021,49.946865],[5.8686314,49.947144],[5.868395,49.94736],[5.8671284,49.947124],[5.8663044,49.948513],[5.868162,49.949387],[5.868925,49.94942],[5.870245,49.949944],[5.872034,49.94951],[5.8724766,49.94883],[5.8729115,49.949085],[5.872999,49.94882],[5.875166,49.949146],[5.875761,49.94825],[5.8782787,49.949753],[5.8779125,49.95139],[5.882147,49.953148],[5.8817043,49.954235],[5.8850956,49.955242],[5.88661,49.9572],[5.886614,49.95766],[5.887705,49.958366],[5.893671,49.960896],[5.8951054,49.960026],[5.8972034,49.96166],[5.898157,49.962082],[5.897753,49.96351],[5.897089,49.96346],[5.89715,49.963795],[5.897558,49.964478],[5.8989773,49.964825],[5.899557,49.965412],[5.900919,49.96572],[5.899973,49.96634],[5.9001217,49.96746],[5.9005375,49.967983],[5.9014378,49.96803],[5.901682,49.968407],[5.903265,49.969254],[5.905264,49.969925],[5.9069233,49.97095],[5.9090786,49.971165],[5.910589,49.97159],[5.9112034,49.971657],[5.911459,49.971386],[5.9135494,49.97194],[5.914686,49.97184],[5.9154873,49.972023],[5.912615,49.974083],[5.9156933,49.974506],[5.9180927,49.975155],[5.9184017,49.975845],[5.918352,49.977226],[5.9196987,49.977615],[5.9199047,49.97716],[5.9222507,49.976936],[5.922777,49.977493],[5.9212513,49.97784],[5.9206066,49.978622],[5.91971,49.978836],[5.919428,49.97982],[5.9204807,49.980007],[5.919653,49.982086],[5.9202824,49.982246],[5.919058,49.98418],[5.9188595,49.985115],[5.9175167,49.985092],[5.917486,49.985447],[5.9154453,49.985237],[5.9150906,49.986485],[5.9134655,49.98653],[5.9135456,49.986794],[5.912718,49.986897],[5.9122105,49.987804],[5.912863,49.988213],[5.9134007,49.98911],[5.9128933,49.98942],[5.9136257,49.99015],[5.9151363,49.98967],[5.917406,49.990116],[5.9165516,49.99248],[5.915674,49.992207],[5.9138813,49.99236],[5.9115276,49.991867],[5.908533,49.99428],[5.908457,49.994785],[5.9088726,49.995167],[5.9082813,49.99567],[5.907812,49.99521],[5.906702,49.99506],[5.90613,49.992966],[5.9051914,49.993286],[5.903887,49.99423],[5.9028797,49.994133],[5.9003506,49.993286],[5.899584,49.99333],[5.8995495,49.99397],[5.89884,49.99505],[5.898756,49.99611],[5.8979206,49.997654],[5.8976917,49.9978],[5.896391,49.997566],[5.8977833,49.995827],[5.8988132,49.993603],[5.897951,49.99339],[5.896887,49.992516],[5.895418,49.99228],[5.895075,49.992302],[5.894865,49.99286],[5.892683,49.99282],[5.8910465,49.993298],[5.890402,49.992355],[5.890852,49.99184],[5.8906574,49.99155],[5.8874874,49.99218],[5.8867702,49.992756],[5.8856487,49.993088],[5.885374,49.993732],[5.877428,49.99729],[5.876444,49.998184],[5.870825,50.00021],[5.869219,49.99946],[5.869749,49.998142],[5.869173,49.997982],[5.870264,49.996975],[5.871073,49.99568],[5.8711147,49.99498],[5.871542,49.994743],[5.870943,49.993256],[5.871229,49.993137],[5.871607,49.991272],[5.868616,49.990017],[5.8687534,49.98921],[5.8669033,49.990566],[5.8653507,49.989223],[5.8593082,49.987],[5.860773,49.988014],[5.859785,49.987675],[5.859232,49.987144],[5.8586445,49.98748],[5.859152,49.98922],[5.859934,49.98932],[5.859312,49.98997],[5.85956,49.990387],[5.8585644,49.99043],[5.858015,49.990746],[5.857786,49.9906],[5.8561573,49.99092],[5.856531,49.990376],[5.855818,49.989517],[5.8512974,49.988396],[5.851431,49.990124],[5.8481007,49.989933],[5.8463955,49.990128],[5.844122,49.99003],[5.8401356,49.989437]]]},"properties":{"shapeName":"Winseler","shapeISO":"","shapeID":"21775719B66338800417520","shapeGroup":"LUX","shapeType":"ADM2"}},
{"type":"Feature","geometry":{"type":"Polygon","coordinates":[[[6.0403996,49.947132],[6.041048,49.948994],[6.0399647,49.950237],[6.038889,49.95092],[6.040621,49.951454],[6.0423183,49.953194],[6.0414944,49.954075],[6.038912,49.955147],[6.036646,49.95813],[6.038904,49.9587],[6.0416737,49.960648],[6.0422573,49.961655],[6.042822,49.961723],[6.041998,49.963398],[6.038534,49.96327],[6.036436,49.964115],[6.031168,49.96503],[6.028963,49.964386],[6.0283413,49.963955],[6.0261097,49.96608],[6.0275173,49.9678],[6.025633,49.966972],[6.02466,49.966103],[6.02347,49.967228],[6.0233326,49.968],[6.0250683,49.969494],[6.0294933,49.970963],[6.02561,49.97337],[6.0263195,49.97328],[6.0267773,49.97349],[6.0284405,49.9757],[6.0317364,49.977245],[6.0322514,49.97939],[6.034422,49.980446],[6.03623,49.98182],[6.0359898,49.98283],[6.0361996,49.98356],[6.035551,49.98435],[6.037531,49.9841],[6.039522,49.984795],[6.0393314,49.985054],[6.0402775,49.985027],[6.0411777,49.983597],[6.0418034,49.983837],[6.0428143,49.983772],[6.0444736,49.98496],[6.0449734,49.98583],[6.045923,49.98649],[6.04698,49.986744],[6.048197,49.986298],[6.051779,49.98719],[6.053213,49.987812],[6.052309,49.988827],[6.052286,49.990723],[6.0515575,49.99244],[6.0537167,49.99361],[6.0567303,49.994396],[6.056444,49.99506],[6.058687,49.99607],[6.058466,49.996387],[6.059229,49.99667],[6.058386,49.997467],[6.059683,49.99815],[6.0593166,49.998775],[6.060278,49.999245],[6.0608425,50.00017],[6.0603848,50.00314],[6.059744,50.003727],[6.0568523,50.002007],[6.0561314,50.00198],[6.0561695,50.00159],[6.055456,50.001656],[6.05377,50.001026],[6.0534077,50.000534],[6.0498943,49.9994],[6.0487194,49.998604],[6.048029,49.9987],[6.047018,49.998287],[6.046755,49.99789],[6.044668,49.99715],[6.0441456,49.998234],[6.044077,49.99964],[6.0433903,50.000473],[6.043478,50.00156],[6.0439777,50.002186],[6.04294,50.003136],[6.0427876,50.004253],[6.0415974,50.00517],[6.040102,50.005543],[6.0398617,50.004368],[6.037653,50.00299],[6.0368786,50.002014],[6.0355015,50.001072],[6.033167,50.000183],[6.0327206,50.000576],[6.0309467,49.999462],[6.02849,49.99964],[6.026613,49.999218],[6.026224,50.000477],[6.0220013,49.998863],[6.019636,50.000526],[6.0202312,50.000843],[6.018896,50.00191],[6.017412,50.00093],[6.016779,50.00197],[6.0169086,50.00258],[6.0162067,50.003468],[6.012781,50.002747],[6.0120945,50.003555],[6.0097218,50.002804],[6.0082607,50.004143],[6.012457,50.005966],[6.012068,50.00656],[6.0113087,50.00628],[6.0108547,50.006527],[6.0103893,50.007347],[6.0095425,50.008],[6.0084553,50.008064],[6.0075054,50.00841],[6.0057697,50.010723],[6.0064373,50.01146],[6.0049114,50.011967],[6.0036907,50.011536],[5.9991817,50.011463],[5.9992733,50.01187],[5.9977016,50.01224],[5.9965687,50.012196],[5.9947224,50.013184],[5.9927807,50.01319],[5.9909725,50.014065],[5.9906025,50.013874],[5.9895535,50.014767],[5.987749,50.01394],[5.9880466,50.013622],[5.9850597,50.01233],[5.9851475,50.01416],[5.988474,50.015163],[5.987627,50.01625],[5.9866543,50.016487],[5.985853,50.01736],[5.98501,50.01716],[5.9842205,50.019978],[5.9800663,50.018],[5.976591,50.017944],[5.9765263,50.01707],[5.9772396,50.01664],[5.977949,50.01559],[5.9786587,50.015366],[5.9787083,50.01441],[5.9784184,50.01404],[5.979868,50.012222],[5.979746,50.010612],[5.9801846,50.00946],[5.975168,50.006783],[5.974249,50.005207],[5.971834,50.004135],[5.9724445,50.003334],[5.9676,50.000908],[5.967306,50.00059],[5.968111,50.000023],[5.967764,49.999413],[5.9667377,49.998863],[5.9661694,49.999065],[5.9661465,49.9985],[5.967886,49.99634],[5.971037,49.99526],[5.9691105,49.994503],[5.967989,49.99366],[5.9680805,49.99301],[5.9674206,49.9915],[5.965994,49.990547],[5.965811,49.989723],[5.9649944,49.988644],[5.9656925,49.987976],[5.966173,49.98664],[5.966711,49.986305],[5.967901,49.985783],[5.972128,49.986732],[5.9723606,49.985832],[5.973135,49.984905],[5.972349,49.984436],[5.970724,49.984047],[5.9698963,49.983356],[5.9704876,49.980694],[5.9688663,49.976765],[5.9688053,49.976414],[5.969351,49.976284],[5.9694767,49.975796],[5.9692364,49.975433],[5.968748,49.975452],[5.9690304,49.974445],[5.9686756,49.973988],[5.968157,49.974056],[5.9676647,49.973034],[5.9677296,49.972313],[5.9663715,49.971695],[5.963854,49.969883],[5.9656086,49.96802],[5.971319,49.967808],[5.971094,49.967487],[5.969557,49.967106],[5.9678364,49.96628],[5.96681,49.96513],[5.9666424,49.964245],[5.967722,49.963326],[5.9694653,49.96323],[5.969469,49.963795],[5.9700108,49.96437],[5.97069,49.96458],[5.971365,49.96447],[5.9713535,49.9624],[5.97064,49.960953],[5.970991,49.9603],[5.9734135,49.9593],[5.9778423,49.959324],[5.978346,49.956924],[5.9794636,49.95587],[5.9808598,49.955936],[5.98295,49.956913],[5.986059,49.95751],[5.9865437,49.95742],[5.9865437,49.956482],[5.987421,49.95486],[5.983385,49.953033],[5.9824314,49.952164],[5.982435,49.95168],[5.9844303,49.95292],[5.98699,49.953358],[5.9872036,49.9526],[5.9887104,49.951553],[5.990137,49.95258],[5.9931164,49.953075],[5.994833,49.951813],[5.9975796,49.95233],[5.999075,49.95213],[5.998377,49.951336],[6.000429,49.951214],[6.0006695,49.950768],[5.9991245,49.950256],[5.9987316,49.949593],[5.998415,49.949642],[5.9981937,49.94885],[5.9985905,49.948696],[5.999033,49.949093],[6.000086,49.94902],[6.0013103,49.94852],[6.002138,49.948586],[6.0023212,49.948006],[6.000349,49.94781],[6.005308,49.947586],[6.0081844,49.947872],[6.0084515,49.94686],[6.0109425,49.947113],[6.011118,49.94771],[6.013895,49.947372],[6.014078,49.94788],[6.0158215,49.94775],[6.0156765,49.94733],[6.0146885,49.94735],[6.0144825,49.945694],[6.015074,49.945614],[6.0154667,49.945248],[6.017275,49.94538],[6.01779,49.944588],[6.0154705,49.94415],[6.0151806,49.943604],[6.01359,49.942757],[6.0139904,49.94484],[6.011984,49.944355],[6.011099,49.94386],[6.0112095,49.942123],[6.0118694,49.941322],[6.013132,49.940636],[6.0152607,49.94039],[6.0176105,49.941135],[6.0239277,49.941677],[6.0243587,49.940437],[6.0251446,49.939598],[6.027231,49.93882],[6.032091,49.938076],[6.0327625,49.937344],[6.034113,49.93695],[6.0358906,49.937595],[6.03615,49.938385],[6.0358257,49.93837],[6.0356655,49.93866],[6.036005,49.938763],[6.035776,49.940067],[6.0367184,49.94025],[6.037641,49.940098],[6.0367336,49.94286],[6.0368137,49.944317],[6.0380344,49.945522],[6.0403996,49.947132]]]},"properties":{"shapeName":"Kiischpelt","shapeISO":"","shapeID":"21775719B89122760295924","shapeGroup":"LUX","shapeType":"ADM2"}}
]}