{"type":"FeatureCollection", "features": [
{"type":"Feature","geometry":{"type":"Polygon","coordinates":[[[-6.7615236,33.5484505],[-6.756936,33.5427205],[-6.7724283,33.513322],[-6.7820736,33.5026533],[-6.7891546,33.4965445],[-6.7983063,33.4987472],[-6.8094214,33.4940876],[-6.8240941,33.4854406],[-6.8275789,33.4786634],[-6.8282312,33.4629192],[-6.8245662,33.4528185],[-6.8097969,33.4432703],[-6.7963322,33.4272349],[-6.7964931,33.4211978],[-6.8050312,33.4150605],[-6.8090223,33.3970762],[-6.8089537,33.3682434],[-6.7974266,33.2755885],[-6.7987055,33.2494862],[-6.8050741,33.2356819],[-6.7960276,33.2239075],[-6.7797968,33.2151454],[-6.75755,33.21278],[-6.735491,33.2145063],[-6.6646897,33.2124174],[-6.6131125,33.1937671],[-6.59262,33.19133],[-6.5714833,33.1816042],[-6.5750023,33.1769923],[-6.5599348,33.175243],[-6.5412,33.14883],[-6.531745,33.1489439],[-6.5243507,33.1569597],[-6.5202694,33.1753492],[-6.5096865,33.1873385],[-6.494679,33.1860851],[-6.4726849,33.1967083],[-6.4608152,33.2180362],[-6.4308174,33.2252559],[-6.4176424,33.2227752],[-6.4070423,33.2267386],[-6.38381,33.256],[-6.3814742,33.2748804],[-6.397031,33.2950925],[-6.4118111,33.3226263],[-6.3918597,33.3474304],[-6.4033996,33.369837],[-6.3777491,33.3894717],[-6.3733632,33.4093276],[-6.3605229,33.4184407],[-6.3602149,33.4802345],[-6.3527734,33.4826112],[-6.3449842,33.4788492],[-6.3312127,33.4780331],[-6.315201,33.464043],[-6.2950179,33.4624498],[-6.2791254,33.4515251],[-6.2626159,33.447776],[-6.2512218,33.45121],[-6.2374031,33.4459391],[-6.213628,33.4471351],[-6.2026083,33.4396435],[-6.1972987,33.439085],[-6.2061393,33.4304468],[-6.2124264,33.4005323],[-6.2081992,33.3883716],[-6.2093279,33.3756788],[-6.2148296,33.3681884],[-6.2080659,33.3664076],[-6.2136769,33.3503244],[-6.2088532,33.3453073],[-6.2031519,33.3424966],[-6.1777654,33.3480265],[-6.1633565,33.338067],[-6.1565351,33.3367171],[-6.1418581,33.3360682],[-6.1293114,33.3421101],[-6.1029442,33.3366533],[-6.0941465,33.329346],[-6.0908764,33.3150379],[-6.0812633,33.309436],[-6.0699594,33.3056988],[-6.042382,33.3046873],[-5.9948404,33.3069218],[-5.9920938,33.3219879],[-5.9756607,33.319704],[-5.963324,33.3320329],[-5.9477682,33.3192028],[-5.9355026,33.3320805],[-5.9260484,33.3259364],[-5.923806,33.3177531],[-5.9172936,33.3288176],[-5.9111439,33.3291743],[-5.9168967,33.3187949],[-5.910699,33.3139732],[-5.8869422,33.3152858],[-5.8796069,33.3104836],[-5.8686169,33.3127521],[-5.8657452,33.3108396],[-5.8640293,33.3136146],[-5.8590687,33.3099968],[-5.8322927,33.3109311],[-5.8264487,33.3053566],[-5.8121369,33.3090594],[-5.7881172,33.3277288],[-5.7741697,33.3340754],[-5.7837356,33.338152],[-5.7943743,33.3361693],[-5.7957476,33.3425439],[-5.8170565,33.3610092],[-5.8075379,33.3750696],[-5.8061088,33.3989112],[-5.8162153,33.4195136],[-5.8162153,33.4269817],[-5.8066881,33.4325796],[-5.7867581,33.4701993],[-5.78744,33.4782648],[-5.7930838,33.4803699],[-5.8008278,33.4764745],[-5.8129353,33.4824558],[-5.8163864,33.4890422],[-5.823985,33.4905574],[-5.8168192,33.4934581],[-5.814609,33.498838],[-5.77972,33.51494],[-5.7834446,33.53593],[-5.7804405,33.554236],[-5.7861053,33.5723665],[-5.8043057,33.6063178],[-5.7917702,33.6108784],[-5.777603,33.6520988],[-5.7854565,33.6672157],[-5.7631885,33.6912251],[-5.7417094,33.706278],[-5.7322859,33.7529103],[-5.7204412,33.7695435],[-5.7145869,33.7856866],[-5.7340705,33.8045101],[-5.7633602,33.8148723],[-5.7532313,33.8374494],[-5.7674663,33.850783],[-5.7825639,33.8530533],[-5.7858449,33.8581575],[-5.7900076,33.8556628],[-5.8023673,33.865748],[-5.8074742,33.8749055],[-5.7979706,33.8870583],[-5.7991057,33.8931822],[-5.7779805,33.8958568],[-5.7815468,33.9040405],[-5.7778862,33.9165513],[-5.7736482,33.9178968],[-5.7740001,33.9286921],[-5.7629258,33.9278892],[-5.7528858,33.9379498],[-5.7570486,33.9410473],[-5.7525768,33.946231],[-5.76775,33.96477],[-5.77614,33.98107],[-5.7965174,33.9944055],[-5.8134038,34.0135004],[-5.8102281,34.0201949],[-5.798701,34.024232],[-5.8122987,34.0456633],[-5.8319668,34.0498556],[-5.85425,34.06446],[-5.883109,34.1031929],[-5.9072918,34.0917605],[-5.9521941,34.0981006],[-5.9506069,34.1033429],[-5.9611591,34.1035554],[-5.9626311,34.0896814],[-6.0079283,34.0843358],[-6.04749,34.0957],[-6.0553476,34.093807],[-6.059283,34.1019095],[-6.13695,34.14156],[-6.2026137,34.1617417],[-6.2785996,34.1626827],[-6.3108033,34.1521355],[-6.3486376,34.15347],[-6.3623833,34.1697712],[-6.3870876,34.1549811],[-6.4222331,34.1600594],[-6.4209542,34.1799327],[-6.4712408,34.1218552],[-6.5367527,34.1229597],[-6.5573988,34.0975626],[-6.5518027,34.0651107],[-6.6011413,34.0229028],[-6.568609,34.0190045],[-6.5726584,33.9976665],[-6.5333141,33.9572803],[-6.529765,33.9340541],[-6.5615953,33.9025939],[-6.5512356,33.90004],[-6.5407594,33.9053846],[-6.5203746,33.8747547],[-6.5070108,33.8656969],[-6.4903768,33.8663882],[-6.4761976,33.8620621],[-6.4731628,33.8498791],[-6.4763564,33.8327089],[-6.4829611,33.8263758],[-6.4959215,33.8251993],[-6.5029639,33.8392323],[-6.5078992,33.842975],[-6.5160059,33.8374625],[-6.5139502,33.8342774],[-6.5172933,33.8205645],[-6.5118431,33.8148241],[-6.5191001,33.8016892],[-6.5195721,33.794414],[-6.5386265,33.7867815],[-6.5450596,33.787222],[-6.5495228,33.7916446],[-6.549909,33.7983495],[-6.5653585,33.7913593],[-6.5665623,33.7951273],[-6.5688368,33.7944854],[-6.568751,33.7903482],[-6.5748879,33.7890642],[-6.5847164,33.7959823],[-6.586293,33.800039],[-6.5828281,33.8047195],[-6.5857378,33.8096957],[-6.5916386,33.8099097],[-6.595737,33.8148125],[-6.593484,33.8252055],[-6.5988055,33.8287706],[-6.6151133,33.8303748],[-6.6206065,33.8388233],[-6.6310349,33.8383956],[-6.6401759,33.8416215],[-6.6409999,33.8441148],[-6.6355839,33.8479838],[-6.6376439,33.8538111],[-6.6433516,33.8529735],[-6.644476,33.8456118],[-6.6498747,33.8437067],[-6.6507545,33.8542744],[-6.6540161,33.8574997],[-6.6681138,33.8547555],[-6.6718903,33.8611347],[-6.6869407,33.8676363],[-6.6943994,33.8768133],[-6.7025533,33.8773121],[-6.7127328,33.873676],[-6.7224875,33.8816232],[-6.7386237,33.8865753],[-6.7478981,33.8807092],[-6.7540476,33.8701973],[-6.7460759,33.8539126],[-6.733888,33.8439651],[-6.7354823,33.8368699],[-6.7263585,33.8348665],[-6.7322207,33.8236779],[-6.7199748,33.8181409],[-6.7336863,33.8097136],[-6.7345231,33.8059765],[-6.7331241,33.8032592],[-6.7233372,33.8006488],[-6.7211099,33.7756945],[-6.723614,33.7740464],[-6.7315405,33.7764311],[-6.7335618,33.7744602],[-6.7286759,33.7611729],[-6.7171659,33.754069],[-6.7272425,33.7367834],[-6.7337658,33.7171011],[-6.7359803,33.6912173],[-6.7540648,33.6448711],[-6.7586224,33.5947751],[-6.76318,33.5801246],[-6.758846,33.5534635],[-6.7649443,33.5509314],[-6.7615236,33.5484505]]]},"properties":{"shapeName":"Province de Khémisset إقليم الخميسات","shapeISO":"","shapeID":"96644757B24539393832458","shapeGroup":"MAR","shapeType":"ADM2"}},
{"type":"Feature","geometry":{"type":"Polygon","coordinates":[[[-8.4806362,32.3286443],[-8.47352,32.31334],[-8.46814,32.28522],[-8.42402,32.25171],[-8.41152,32.23734],[-8.38991,32.17549],[-8.3763,32.168],[-8.27491,32.15321],[-8.2545587,32.1478671],[-8.2304672,32.1135261],[-8.2390159,32.1033368],[-8.2264975,32.09347],[-8.2350034,32.0799551],[-8.2077564,32.0544032],[-8.11739,32.05167],[-8.09394,32.05463],[-8.05151,32.04356],[-8.0475298,32.0389279],[-8.0432769,32.0210387],[-8.050448,31.9638076],[-8.0378953,31.9211377],[-8.0531996,31.8783078],[-8.0329693,31.8779215],[-8.0090998,31.8280837],[-8.0090569,31.7735345],[-8.0191591,31.7572467],[-8.0249456,31.7362213],[-8.0112885,31.7261298],[-8.0025595,31.7463865],[-7.985153,31.7444523],[-7.9833849,31.7609248],[-7.9497479,31.767135],[-7.9328821,31.7275242],[-7.911845,31.7346126],[-7.9055566,31.7188404],[-7.8960436,31.706106],[-7.906606,31.695023],[-7.9043692,31.6887984],[-7.8946703,31.6915299],[-7.816736,31.691906],[-7.8045481,31.6781311],[-7.7595986,31.6863627],[-7.73605,31.67034],[-7.68025,31.65987],[-7.6392382,31.6618082],[-7.6174108,31.639328],[-7.6068491,31.6191169],[-7.579744,31.6264406],[-7.570221,31.631063],[-7.5899235,31.6370152],[-7.5933567,31.655063],[-7.5890137,31.6578648],[-7.5920692,31.6615652],[-7.5855461,31.6709159],[-7.5892368,31.6805578],[-7.5995365,31.6853784],[-7.6102654,31.7024675],[-7.6064888,31.7111569],[-7.5993649,31.7121792],[-7.5893227,31.7058996],[-7.5856319,31.711522],[-7.5920692,31.7297744],[-7.5792805,31.7309424],[-7.5834003,31.7382423],[-7.5775639,31.7494829],[-7.5360218,31.7845828],[-7.5419441,31.792608],[-7.5433539,31.8008349],[-7.5521001,31.8097485],[-7.5573615,31.8137674],[-7.573444,31.8139077],[-7.5403133,31.834838],[-7.5607582,31.8576953],[-7.5478664,31.8659693],[-7.5493256,31.8873978],[-7.5645176,31.9104972],[-7.5745083,31.9332521],[-7.5860611,31.9450261],[-7.5928761,31.9639132],[-7.6033131,31.9726254],[-7.6128806,31.9908654],[-7.6162563,31.9898033],[-7.6669479,32.0676918],[-7.6869079,32.0871572],[-7.6981903,32.1027432],[-7.6974951,32.1144155],[-7.7098375,32.1318177],[-7.7189399,32.1291792],[-7.731321,32.1532605],[-7.7564307,32.1712546],[-7.7627822,32.1938648],[-7.7595619,32.204836],[-7.7562676,32.204752],[-7.7505814,32.2122648],[-7.7426163,32.2358305],[-7.7429649,32.2479454],[-7.7300903,32.2700104],[-7.718074,32.2820568],[-7.7275154,32.2891677],[-7.6910707,32.3085654],[-7.6652485,32.3378135],[-7.6305901,32.3683099],[-7.5969745,32.4066224],[-7.5806538,32.4158357],[-7.5691462,32.4552557],[-7.5953346,32.4562606],[-7.6127996,32.46202],[-7.641357,32.4779472],[-7.6505641,32.495592],[-7.6624807,32.4937301],[-7.6624313,32.4981207],[-7.6654445,32.4996083],[-7.6727181,32.497585],[-7.6758906,32.5024147],[-7.6684003,32.5053943],[-7.6668291,32.5144428],[-7.6719419,32.5156628],[-7.6774077,32.5222049],[-7.6848138,32.5197551],[-7.6808549,32.5288465],[-7.6828497,32.5337771],[-7.6905317,32.5347559],[-7.6927955,32.5295426],[-7.6970747,32.5300179],[-7.7008459,32.5508068],[-7.7119331,32.5558891],[-7.72044,32.5559389],[-7.7127619,32.5677251],[-7.7221512,32.5738322],[-7.7176108,32.5814889],[-7.729479,32.5836264],[-7.7309387,32.5876375],[-7.7170416,32.590767],[-7.7182733,32.5943181],[-7.7312659,32.5968296],[-7.738149,32.5949278],[-7.7385449,32.6006931],[-7.7411481,32.5984198],[-7.7552157,32.5975955],[-7.7763816,32.6053034],[-7.8138338,32.628969],[-7.8452736,32.6607759],[-7.874626,32.6706401],[-7.8821668,32.6839574],[-7.8885159,32.6854331],[-7.893913,32.6916701],[-7.9093645,32.691624],[-7.9138781,32.7068054],[-7.9213915,32.7118538],[-7.9200961,32.7258387],[-7.9308955,32.7260921],[-7.9334704,32.7355236],[-7.9443704,32.740081],[-7.9447153,32.7444839],[-7.957245,32.7552948],[-7.9626952,32.7648855],[-7.9618155,32.7816556],[-7.9762457,32.7849569],[-7.9802798,32.7966368],[-7.9910086,32.7960777],[-7.9927789,32.8005689],[-7.9898193,32.8094775],[-7.9960669,32.8142451],[-8.03685,32.79088],[-8.0425652,32.7785382],[-8.04744,32.76801],[-8.04924,32.74643],[-8.0594,32.70654],[-8.07441,32.67682],[-8.06978,32.63354],[-8.05418,32.59197],[-8.05541,32.57267],[-8.0757004,32.5514036],[-8.09132,32.52801],[-8.11776,32.50209],[-8.1366541,32.4904359],[-8.1516971,32.4889587],[-8.1947412,32.4662953],[-8.26586,32.43789],[-8.2927,32.42988],[-8.31517,32.4186],[-8.35195,32.3863],[-8.3664219,32.3629039],[-8.3783223,32.3664019],[-8.4357945,32.3578614],[-8.4386956,32.3477032],[-8.4705554,32.3419265],[-8.4806362,32.3286443]]]},"properties":{"shapeName":"Rhamna Province","shapeISO":"","shapeID":"96644757B21316479060137","shapeGroup":"MAR","shapeType":"ADM2"}},
{"type":"Feature","geometry":{"type":"Polygon","coordinates":[[[-5.883109,34.1031929],[-5.87987,34.12023],[-5.8560037,34.1426561],[-5.8143929,34.1577466],[-5.8244236,34.1718071],[-5.8294833,34.1885857],[-5.7951725,34.1906056],[-5.7933786,34.2110289],[-5.7907388,34.2551598],[-5.8006822,34.2568021],[-5.8000249,34.2614513],[-5.8042971,34.26453],[-5.8000099,34.272758],[-5.7959908,34.3022693],[-5.7889527,34.2965703],[-5.7799971,34.3275006],[-5.7770686,34.3284523],[-5.7790341,34.3317588],[-5.7757812,34.3412063],[-5.7831626,34.3533312],[-5.7603547,34.3540662],[-5.7544324,34.3352156],[-5.746021,34.3342943],[-5.7468793,34.3413106],[-5.7378671,34.342728],[-5.729799,34.3325932],[-5.7066976,34.3304775],[-5.6988145,34.3353408],[-5.6895448,34.3560833],[-5.6843048,34.3609368],[-5.6946045,34.3644086],[-5.7039601,34.3772315],[-5.6962923,34.3918454],[-5.7002024,34.3906205],[-5.7037648,34.3950006],[-5.7109746,34.3856132],[-5.7181629,34.388388],[-5.7163938,34.3816007],[-5.7244066,34.3824041],[-5.7264885,34.3936142],[-5.7340199,34.3858837],[-5.7372171,34.3905018],[-5.743811,34.3872366],[-5.7479889,34.3927214],[-5.751465,34.3902557],[-5.7574581,34.3979668],[-5.7617003,34.3952844],[-5.7607776,34.4009899],[-5.7653985,34.4041891],[-5.7569367,34.4053576],[-5.755649,34.3992611],[-5.7432894,34.4001109],[-5.7387182,34.4043178],[-5.7367945,34.4017427],[-5.7335683,34.4033352],[-5.7355424,34.4086738],[-5.7489542,34.4066261],[-5.7520441,34.4149818],[-5.7664825,34.4224999],[-5.7807848,34.4168342],[-5.7979161,34.418233],[-5.7950521,34.4275096],[-5.8004526,34.4353718],[-5.7989077,34.4458481],[-5.8120379,34.4495888],[-5.8088305,34.4523827],[-5.7949594,34.4536337],[-5.7935862,34.4590124],[-5.8023409,34.4625508],[-5.8209593,34.4592968],[-5.8289651,34.4625973],[-5.820022,34.4793917],[-5.8274034,34.4847687],[-5.8387951,34.4889168],[-5.8448752,34.4871354],[-5.8682626,34.474099],[-5.8671649,34.4702629],[-5.8584887,34.4667371],[-5.8630605,34.4620197],[-5.8816577,34.4567979],[-5.885836,34.4604512],[-5.8756835,34.481366],[-5.8770139,34.4857215],[-5.8819277,34.4841783],[-5.8854319,34.4690086],[-5.9071799,34.4704192],[-5.9123,34.4470887],[-5.9068283,34.4447564],[-5.9068712,34.4394264],[-5.914523,34.4385309],[-5.9025325,34.4306838],[-5.9013609,34.423243],[-5.8843243,34.4040175],[-5.8689606,34.3938901],[-5.8576738,34.3820083],[-5.8608624,34.3729126],[-5.8557984,34.3711415],[-5.8635554,34.3449245],[-5.8690485,34.3469796],[-5.8696257,34.3525091],[-5.8754837,34.3548209],[-5.889208,34.3472989],[-5.9022114,34.3461296],[-5.9436032,34.3316364],[-5.9499976,34.3365091],[-5.9541175,34.3499563],[-5.9528086,34.3531451],[-5.9509847,34.3509484],[-5.9497616,34.3525605],[-5.958173,34.3585125],[-5.9578297,34.3642339],[-5.9614002,34.3669899],[-5.9684941,34.3584948],[-5.9753177,34.3598942],[-5.979223,34.3664302],[-5.9872052,34.3651372],[-5.9951531,34.3673264],[-5.9990584,34.3604539],[-6.028007,34.3590169],[-6.0312235,34.356114],[-6.0372981,34.3607351],[-6.0376501,34.3708599],[-6.0453748,34.3755798],[-6.0455572,34.3800249],[-6.0624873,34.3869666],[-6.0602021,34.3899061],[-6.067723,34.3945452],[-6.0898265,34.3995891],[-6.0944716,34.4086634],[-6.0974097,34.4089037],[-6.0926783,34.4102314],[-6.0926804,34.4153806],[-6.1007807,34.4197439],[-6.1066043,34.4181442],[-6.1216032,34.4290917],[-6.1259612,34.4380446],[-6.1294782,34.4367726],[-6.1361858,34.4398939],[-6.1370763,34.4366908],[-6.1527297,34.4317177],[-6.165688,34.4374186],[-6.1694452,34.4537492],[-6.176419,34.4608794],[-6.1882829,34.4597051],[-6.2054941,34.4665495],[-6.2338483,34.4614566],[-6.2569153,34.4480892],[-6.262721,34.4321183],[-6.279458,34.4078328],[-6.2893886,34.4022206],[-6.2927618,34.3964311],[-6.291131,34.3830444],[-6.294281,34.3739594],[-6.3015373,34.3659294],[-6.3157589,34.3592709],[-6.3109266,34.3502507],[-6.3131459,34.3224984],[-6.2899384,34.3236255],[-6.289889,34.3150135],[-6.2630616,34.3174761],[-6.2653747,34.2986926],[-6.2871843,34.3039767],[-6.2918428,34.2953466],[-6.3093694,34.2926397],[-6.3095153,34.2861546],[-6.2454691,34.2830357],[-6.248147,34.2653591],[-6.2612791,34.250036],[-6.2650556,34.2315168],[-6.2729349,34.214713],[-6.2728061,34.203356],[-6.2827368,34.1858402],[-6.2789602,34.1782072],[-6.2861528,34.1721874],[-6.2785996,34.1626827],[-6.2026137,34.1617417],[-6.13695,34.14156],[-6.059283,34.1019095],[-6.0553476,34.093807],[-6.04749,34.0957],[-6.0079283,34.0843358],[-5.9626311,34.0896814],[-5.9611591,34.1035554],[-5.9506069,34.1033429],[-5.9521941,34.0981006],[-5.9072918,34.0917605],[-5.883109,34.1031929]]]},"properties":{"shapeName":"Province de Sidi Slimane إقليم سيدي سليمان","shapeISO":"","shapeID":"96644757B64432809888793","shapeGroup":"MAR","shapeType":"ADM2"}},
{"type":"Feature","geometry":{"type":"Polygon","coordinates":[[[-6.2785996,34.1626827],[-6.2861528,34.1721874],[-6.2789602,34.1782072],[-6.2827368,34.1858402],[-6.2728061,34.203356],[-6.2729349,34.214713],[-6.2650556,34.2315168],[-6.2612791,34.250036],[-6.248147,34.2653591],[-6.2454691,34.2830357],[-6.3095153,34.2861546],[-6.3093694,34.2926397],[-6.2918428,34.2953466],[-6.2871843,34.3039767],[-6.2653747,34.2986926],[-6.2630616,34.3174761],[-6.289889,34.3150135],[-6.2899384,34.3236255],[-6.3131459,34.3224984],[-6.3109266,34.3502507],[-6.3157589,34.3592709],[-6.3015373,34.3659294],[-6.294281,34.3739594],[-6.291131,34.3830444],[-6.2927618,34.3964311],[-6.2893886,34.4022206],[-6.279458,34.4078328],[-6.262721,34.4321183],[-6.2569153,34.4480892],[-6.2588035,34.4520882],[-6.2544674,34.4717348],[-6.26063,34.4741353],[-6.261233,34.4790289],[-6.2760119,34.4849578],[-6.276101,34.4898781],[-6.3001439,34.490111],[-6.3126752,34.4957349],[-6.3167092,34.4907477],[-6.3207304,34.4912535],[-6.3209578,34.4999791],[-6.3157812,34.5036814],[-6.3069006,34.5037771],[-6.3059936,34.5212196],[-6.300147,34.524632],[-6.2938304,34.5230654],[-6.2923988,34.517726],[-6.2957538,34.5102971],[-6.287492,34.5095586],[-6.2803559,34.5045966],[-6.278214,34.51009],[-6.2858965,34.5239928],[-6.2826215,34.5293841],[-6.2752449,34.5315786],[-6.2504328,34.5117091],[-6.2426869,34.5110247],[-6.2536763,34.5324972],[-6.2517355,34.5364655],[-6.2346787,34.5427957],[-6.2400204,34.5506232],[-6.238945,34.5583851],[-6.2337432,34.5596883],[-6.2219931,34.5538922],[-6.214763,34.5402248],[-6.206816,34.5409738],[-6.2022611,34.5481677],[-6.2106277,34.5486142],[-6.2167301,34.5529561],[-6.2225964,34.5634825],[-6.2213112,34.5710345],[-6.2127872,34.5722007],[-6.2079787,34.5583851],[-6.2028818,34.5572691],[-6.1919798,34.5668086],[-6.1955118,34.5793775],[-6.1930726,34.5850351],[-6.1860785,34.5851286],[-6.1797824,34.5761826],[-6.1698304,34.5982029],[-6.1446026,34.59142],[-6.1421854,34.5950967],[-6.1433688,34.6103558],[-6.1351564,34.6169862],[-6.1275386,34.6157125],[-6.1341205,34.603661],[-6.1320007,34.6000616],[-6.1210911,34.6079217],[-6.1059214,34.6019655],[-6.0915201,34.6088957],[-6.0887971,34.6067623],[-6.0915308,34.5970031],[-6.086865,34.5930289],[-6.0779038,34.5972376],[-6.0762951,34.6015893],[-6.0566229,34.6022856],[-6.0498266,34.6266777],[-6.0362739,34.6144758],[-6.0228286,34.6088423],[-6.0148163,34.6084714],[-6.0211978,34.6200737],[-6.0176787,34.6299618],[-6.0066924,34.6414728],[-5.9951911,34.6383904],[-5.9923587,34.645233],[-5.9804282,34.6483928],[-5.9768233,34.6511465],[-5.9779391,34.654465],[-5.972845,34.6550122],[-5.9717293,34.651376],[-5.9557948,34.6511465],[-5.9331913,34.6432488],[-5.9219475,34.6320275],[-5.9224624,34.6224787],[-5.8896794,34.6194451],[-5.8603455,34.6274199],[-5.8482434,34.6257954],[-5.8480717,34.6323636],[-5.8616329,34.6456396],[-5.8593155,34.6499468],[-5.8613969,34.6517297],[-5.8645512,34.6523475],[-5.8735634,34.6431682],[-5.8835198,34.6488877],[-5.8840348,34.6510059],[-5.8761383,34.654395],[-5.8805372,34.6590724],[-5.8715605,34.6884539],[-5.8722429,34.7251624],[-5.8900227,34.7673509],[-5.8826155,34.7936531],[-5.8999884,34.829316],[-5.8885008,34.8306442],[-5.8736907,34.8259977],[-5.8634769,34.8296614],[-5.85949,34.8428318],[-5.8291446,34.851922],[-5.8243853,34.8348009],[-5.8168322,34.8281079],[-5.8086783,34.8343077],[-5.7908641,34.8352271],[-5.7864481,34.8405776],[-5.7909972,34.8506682],[-5.7843882,34.8528341],[-5.7744705,34.8741061],[-5.7849418,34.8778241],[-5.7911688,34.887537],[-5.7813074,34.9278928],[-5.8332194,34.9436358],[-5.8783127,34.933984],[-5.9194479,34.9409629],[-5.9367257,34.9503834],[-5.9620371,34.9699809],[-6.0070038,34.9918448],[-6.0263844,34.9764795],[-6.05377,34.97648],[-6.0668398,34.9905486],[-6.057995,34.9981635],[-6.0747963,35.0077954],[-6.1002108,35.0155177],[-6.1267668,35.0104563],[-6.1385213,34.997028],[-6.1858569,34.988875],[-6.2140523,34.9969577],[-6.2188588,34.9949186],[-6.2434003,35.0013874],[-6.3016152,34.8709532],[-6.289019,34.8757002],[-6.2833146,34.8686486],[-6.2686032,34.8663441],[-6.2724258,34.8651163],[-6.2621825,34.8617872],[-6.2587884,34.8574079],[-6.2557607,34.8601169],[-6.2514519,34.8584782],[-6.2536917,34.8567306],[-6.249034,34.8375939],[-6.2565538,34.8362431],[-6.2608461,34.8242655],[-6.27122,34.8149935],[-6.2737072,34.8168476],[-6.2766784,34.8106454],[-6.2802854,34.8115901],[-6.2786539,34.8175353],[-6.2727687,34.8186266],[-6.2722504,34.8232375],[-6.2664177,34.8247708],[-6.2599235,34.8394539],[-6.2731763,34.8279762],[-6.28628,34.8360108],[-6.2920429,34.8355891],[-6.2966349,34.8431964],[-6.2943534,34.8356609],[-6.2958925,34.8314985],[-6.2888081,34.831315],[-6.2975061,34.8245569],[-6.2999131,34.8294571],[-6.2953314,34.8356353],[-6.2982214,34.843599],[-6.2948335,34.8497988],[-6.2967164,34.8440553],[-6.2876474,34.8436886],[-6.2863369,34.8638865],[-6.2825388,34.8666052],[-6.2936066,34.8732099],[-6.303611897073385,34.868035538727405],[-6.3902554,34.6981328],[-6.4980679,34.5137938],[-6.5374803,34.4517289],[-6.6754949,34.2652487],[-6.6840161,34.2672392],[-6.6778872,34.2649126],[-6.6694662,34.2656299],[-6.6537817,34.2743472],[-6.6480322,34.2705193],[-6.6658892,34.2615622],[-6.6866128,34.263021],[-6.6789358,34.2607426],[-6.6894419,34.2312131],[-6.7123689,34.1857546],[-6.7307041,34.1587657],[-6.7013647,34.1443953],[-6.6835571,34.1616072],[-6.6317196,34.1245917],[-6.575449,34.1243874],[-6.5851339,34.1134091],[-6.5585404,34.1058762],[-6.5573988,34.0975626],[-6.5367527,34.1229597],[-6.4712408,34.1218552],[-6.4209542,34.1799327],[-6.4222331,34.1600594],[-6.3870876,34.1549811],[-6.3623833,34.1697712],[-6.3486376,34.15347],[-6.3108033,34.1521355],[-6.2785996,34.1626827]]]},"properties":{"shapeName":"Province de Kenitra إقليم القنيطرة","shapeISO":"","shapeID":"96644757B12662883146655","shapeGroup":"MAR","shapeType":"ADM2"}},
{"type":"Feature","geometry":{"type":"Polygon","coordinates":[[[-9.330828,30.3140821],[-9.2724717,30.2798404],[-9.2481817,30.2613789],[-9.220807,30.2662393],[-9.1911775,30.2569187],[-9.184826,30.2635167],[-9.1742689,30.2615893],[-9.1633684,30.2661114],[-9.1378766,30.2532858],[-9.1288644,30.2584014],[-9.1142947,30.2478252],[-9.09006,30.22073],[-9.0137748,30.1750526],[-8.9925489,30.1702925],[-8.997291,30.1499104],[-8.983159,30.1276421],[-8.93845,30.12275],[-8.8816304,30.0950015],[-8.9031739,30.075328],[-8.9588137,30.0381797],[-8.9638648,30.0241689],[-8.9596099,29.9893426],[-8.9491643,29.9581151],[-8.9418,29.9468931],[-8.8894734,29.8915157],[-8.9063777,29.8597103],[-8.9143085,29.8525195],[-8.9348392,29.8466198],[-8.9960021,29.8399381],[-8.9948005,29.8102947],[-8.9474676,29.8043463],[-8.8979,29.775],[-8.86112,29.75773],[-8.8361015,29.7339759],[-8.8354406,29.7277226],[-8.7687502,29.7174736],[-8.7588517,29.7302344],[-8.7453763,29.7387382],[-8.725658,29.7593099],[-8.7193408,29.7771425],[-8.6989412,29.7941144],[-8.7029159,29.7972803],[-8.6604039,29.8217263],[-8.60956,29.83066],[-8.6135146,29.8385688],[-8.6981694,29.8377089],[-8.697251,29.8508527],[-8.7025747,29.8766997],[-8.6730576,29.8860469],[-8.6694913,29.9012081],[-8.6840611,29.9482622],[-8.6850696,29.9727158],[-8.6819625,29.9758869],[-8.6668949,29.9765486],[-8.654398,29.9720838],[-8.6207953,29.9667824],[-8.6120491,29.9716303],[-8.5706315,29.9605251],[-8.5263772,29.9160862],[-8.477737,29.9162071],[-8.4515779,29.9229824],[-8.4202905,29.9236928],[-8.4026523,29.9134471],[-8.3546257,29.9197036],[-8.3418884,29.9579261],[-8.3311124,29.965931],[-8.3192678,29.9987709],[-8.3063288,30.0026194],[-8.2709923,30.0056],[-8.25687,29.99889],[-8.207808,30.0028758],[-8.1887279,29.9977879],[-8.1424437,30.0117727],[-8.1072466,29.9470311],[-8.0865185,29.9265769],[-8.0478089,29.9407502],[-8.0363076,29.9570707],[-8.0306192,29.9725448],[-8.0240712,29.9793836],[-8.0130677,29.9862381],[-7.9994893,29.9873458],[-8.0054459,29.992635],[-8.0103631,30.0121164],[-8.0008166,30.0572125],[-7.9954307,30.0672471],[-7.9933999,30.0971294],[-7.984289,30.1162381],[-7.9636724,30.129397],[-7.9288252,30.1236362],[-7.9005869,30.1120209],[-7.8569849,30.1048112],[-7.7859257,30.1049857],[-7.7534087,30.0862797],[-7.7243164,30.1459165],[-7.6984084,30.1713306],[-7.6691401,30.1936075],[-7.6402624,30.2088664],[-7.6258815,30.2122042],[-7.6288469,30.2272674],[-7.6066554,30.231932],[-7.5818503,30.2475037],[-7.5839961,30.2558818],[-7.5777305,30.2667797],[-7.5795801,30.2816122],[-7.608356,30.3166082],[-7.6281569,30.4054765],[-7.6367433,30.3967118],[-7.6542528,30.3872129],[-7.6792939,30.3785499],[-7.6909883,30.4110101],[-7.6925333,30.4241703],[-7.6863878,30.449701],[-7.6776975,30.4560198],[-7.6654229,30.4583415],[-7.6331351,30.4745997],[-7.6114576,30.4812981],[-7.5708039,30.5253363],[-7.5443681,30.5279351],[-7.5157864,30.5432565],[-7.5225113,30.5461283],[-7.5550145,30.5976846],[-7.5697173,30.6437673],[-7.5568427,30.651085],[-7.5588211,30.6820814],[-7.5707386,30.7294224],[-7.7098463,30.7409057],[-7.6967553,30.753807],[-7.6862839,30.7537996],[-7.6819924,30.760637],[-7.6830224,30.7672378],[-7.6764992,30.7651507],[-7.6706627,30.7727505],[-7.6678303,30.7911558],[-7.6795033,30.8176256],[-7.6686028,30.8380747],[-7.6301506,30.8626417],[-7.6671437,30.8601404],[-7.708885,30.8511238],[-7.73369,30.861023],[-7.735795,30.8878879],[-7.7316473,30.9056395],[-7.7301881,30.9398539],[-7.7240494,30.959732],[-7.7203759,30.9905406],[-7.7207859,31.0198655],[-7.7144364,31.0379943],[-7.7303322,31.0560177],[-7.7271994,31.0662008],[-7.7386836,31.0789557],[-7.7523821,31.1053202],[-7.7440051,31.1271956],[-7.7317929,31.1346279],[-7.7698245,31.1428962],[-7.7834715,31.1625817],[-7.7932562,31.154282],[-7.824935,31.166586],[-7.8096842,31.1453461],[-7.886949,31.1067577],[-7.9031195,31.0802613],[-7.9163491,31.0368328],[-7.9271142,31.0319308],[-7.92827,31.00791],[-7.93764,30.98223],[-7.94699,30.95978],[-7.96334,30.93649],[-7.97854,30.92239],[-8.0145621,30.9089042],[-8.05989,30.92522],[-8.10782,30.92808],[-8.1362357,30.9387722],[-8.2215943,30.914162],[-8.25028,30.88956],[-8.3224438,30.8766964],[-8.3490385,30.8648465],[-8.3649601,30.8632956],[-8.3966144,30.8645849],[-8.405279,30.8709724],[-8.414111,30.8722174],[-8.44751,30.86429],[-8.4841332,30.8714097],[-8.5092086,30.870091],[-8.5383696,30.873885],[-8.5684533,30.8822423],[-8.6042919,30.8806033],[-8.6465015,30.8884455],[-8.6614318,30.9014746],[-8.6694502,30.8978794],[-8.7060999,30.8659984],[-8.727519,30.8562619],[-8.7253732,30.8194138],[-8.7282056,30.8140328],[-8.7417669,30.8107156],[-8.7602205,30.8379133],[-8.764512,30.8728389],[-8.7612032,30.8886875],[-8.7699644,30.8987651],[-8.7751936,30.9177776],[-8.7878966,30.9266501],[-8.782103,30.9373992],[-8.7913846,30.9418433],[-8.8057612,30.9634914],[-8.8191551,30.9734746],[-8.8262018,30.974928],[-8.8415088,30.9682713],[-8.9164195,30.9149242],[-8.9548137,30.9043586],[-8.9860925,30.8900741],[-8.9918668,30.8736124],[-8.9968814,30.8254044],[-9.0212402,30.819259],[-9.0780344,30.8264676],[-9.1328716,30.8278938],[-9.1515894,30.8218878],[-9.1683864,30.8276848],[-9.19173,30.8175158],[-9.2465,30.80236],[-9.2443764,30.78153],[-9.2469513,30.7521552],[-9.2419731,30.7320456],[-9.2218029,30.7139132],[-9.2265236,30.7090207],[-9.2484963,30.7153669],[-9.3058758,30.6837438],[-9.3114119,30.6706962],[-9.3153584,30.6391302],[-9.3270056,30.6228379],[-9.3235809,30.5962038],[-9.3265164,30.5698505],[-9.3129551,30.5595593],[-9.2981279,30.5528075],[-9.2881472,30.5417532],[-9.2842754,30.5176127],[-9.2666396,30.4867217],[-9.2730093,30.4841712],[-9.2863366,30.4878954],[-9.3128583,30.4728593],[-9.3075109,30.4388772],[-9.302331,30.4115968],[-9.3087683,30.3976057],[-9.3040605,30.3914313],[-9.3134289,30.3873888],[-9.3035063,30.3589078],[-9.2951249,30.3593263],[-9.2767936,30.3280268],[-9.2809135,30.3245448],[-9.2879988,30.3258617],[-9.292844,30.3215812],[-9.3008305,30.3213052],[-9.3113834,30.313431],[-9.330828,30.3140821]]]},"properties":{"shapeName":"Taroudant Province","shapeISO":"","shapeID":"96644757B53703826618026","shapeGroup":"MAR","shapeType":"ADM2"}},
{"type":"Feature","geometry":{"type":"Polygon","coordinates":[[[-10.4202352,29.131852],[-10.4085578,29.1355],[-10.3559135,29.1108092],[-10.3377689,29.0895852],[-10.3099298,29.1115253],[-10.2897038,29.121457],[-10.2584013,29.120501],[-10.2506165,29.1157733],[-10.2501015,29.1079483],[-10.2413167,29.1063548],[-10.2342786,29.1064298],[-10.2182712,29.1141536],[-10.1963414,29.0828046],[-10.1912565,29.0799324],[-10.2050581,29.0550895],[-10.18012,29.0454628],[-10.1663012,29.0483217],[-10.1551433,29.0286496],[-10.0879802,29.0461938],[-10.09867,29.0729291],[-10.0235213,29.1372055],[-9.9853417,29.1422958],[-9.9647166,29.1495523],[-9.956376,29.1702729],[-9.9036609,29.151385],[-9.8316039,29.1131301],[-9.8307968,29.1660852],[-9.8104292,29.1689407],[-9.7817875,29.1623565],[-9.7901861,29.1782224],[-9.803816,29.2344115],[-9.7942802,29.2469824],[-9.7761334,29.2547519],[-9.7687906,29.2642448],[-9.7575017,29.2866772],[-9.7632138,29.2968839],[-9.7576391,29.303815],[-9.7340571,29.2999453],[-9.716035,29.3148474],[-9.6962896,29.3164152],[-9.6948391,29.2932539],[-9.6713344,29.2483009],[-9.6528679,29.2332211],[-9.6133386,29.2275623],[-9.5645653,29.2371382],[-9.5265809,29.2519554],[-9.5161868,29.2919327],[-9.520856,29.3176276],[-9.4815327,29.3133693],[-9.4626027,29.3179793],[-9.446385,29.3069927],[-9.4484707,29.2993207],[-9.4335533,29.2915435],[-9.4232365,29.2806138],[-9.4012896,29.2663998],[-9.3740512,29.26853],[-9.3437015,29.2847874],[-9.300357,29.3372967],[-9.2803584,29.3306522],[-9.2139638,29.3253359],[-9.19868,29.3311],[-9.16961,29.35958],[-9.157792,29.3857633],[-9.2061146,29.4321209],[-9.209977,29.4457251],[-9.2174443,29.4534981],[-9.2473136,29.4761482],[-9.2684279,29.4875761],[-9.2782985,29.4978858],[-9.3043052,29.4987076],[-9.3125449,29.5063309],[-9.3289386,29.5087175],[-9.3417267,29.502564],[-9.3522845,29.5043849],[-9.3671332,29.5014006],[-9.384471,29.4644163],[-9.3996631,29.464491],[-9.4065295,29.4514835],[-9.4097053,29.4609787],[-9.4206058,29.4563415],[-9.4190608,29.4424435],[-9.4254981,29.4319],[-9.4447242,29.4459527],[-9.4594871,29.4480492],[-9.4793998,29.4412438],[-9.4904719,29.4597082],[-9.5003425,29.4224807],[-9.5283233,29.4347406],[-9.5268641,29.4486434],[-9.5434295,29.4558221],[-9.5623981,29.4867542],[-9.586259,29.4778667],[-9.5883146,29.4537257],[-9.5919195,29.4410943],[-9.596902,29.4363889],[-9.6146647,29.4369084],[-9.6213594,29.4405711],[-9.6239387,29.4483482],[-9.6392981,29.4658324],[-9.645907,29.4695688],[-9.6531168,29.4685226],[-9.6416198,29.457242],[-9.6384398,29.4332456],[-9.6326934,29.4259981],[-9.6394697,29.4142567],[-9.6410147,29.4063312],[-9.638444,29.4025962],[-9.6558805,29.4043459],[-9.6598974,29.3999005],[-9.6618715,29.4165744],[-9.657241,29.431829],[-9.6688238,29.4409448],[-9.6812693,29.4408701],[-9.6989504,29.4498393],[-9.7073618,29.4472981],[-9.7110525,29.4668786],[-9.7305361,29.468149],[-9.7319437,29.4639903],[-9.7377845,29.4655073],[-9.7444407,29.4537257],[-9.7729364,29.4434862],[-9.7831503,29.4283866],[-9.8120752,29.4226302],[-9.8300997,29.4239011],[-9.8463217,29.4208359],[-9.8623785,29.4283096],[-9.8719057,29.4389244],[-9.8806604,29.4371304],[-9.885467,29.4416153],[-9.8848661,29.4580581],[-9.8947367,29.4706127],[-9.9045214,29.4723314],[-9.9142202,29.4813725],[-9.9058947,29.4952689],[-9.8929342,29.5052044],[-9.883922,29.5325407],[-9.8891577,29.5585257],[-9.9027189,29.5373201],[-9.9308714,29.5362746],[-9.9662336,29.516334],[-9.9930986,29.5069225],[-10.0026259,29.5371707],[-9.9916395,29.5525528],[-9.9930514,29.5620758],[-9.988717,29.5790216],[-9.9994051,29.5875643],[-9.9927647,29.6009377],[-10.0033104,29.6180495],[-10.0054132,29.6298382],[-10.0098068,29.630643],[-10.0250382,29.6157306],[-10.0239941,29.6109795],[-10.0310169,29.605583],[-10.0296422,29.6028811],[-10.0336955,29.5954724],[-10.0480213,29.5863583],[-10.0477732,29.5776214],[-10.0544931,29.5726082],[-10.0535442,29.5672787],[-10.0588732,29.5649587],[-10.0576724,29.5535535],[-10.065048698405063,29.546734575433145],[-10.065219,29.5392413],[-10.0723787,29.5335258],[-10.070115,29.5176229],[-10.0768008,29.5094607],[-10.078059,29.5005736],[-10.0996397,29.4806827],[-10.1083512,29.4586764],[-10.121215,29.439867],[-10.1377491,29.4269668],[-10.1712857,29.3914132],[-10.1923966,29.3635843],[-10.1962847,29.3628791],[-10.2009064,29.35729],[-10.1954384,29.3622632],[-10.1942195,29.3602525],[-10.1912285,29.3618674],[-10.1930096,29.356085],[-10.1958048,29.3576652],[-10.1948159,29.3508977],[-10.2071359,29.3357479],[-10.2166255,29.312228],[-10.2512453,29.2843954],[-10.2954928,29.2626871],[-10.2965712,29.2586577],[-10.3142507,29.243329],[-10.3284326,29.2358451],[-10.335901,29.2254844],[-10.3381322,29.2260026],[-10.3430759,29.2155881],[-10.3515466,29.2103784],[-10.3817454,29.1800636],[-10.3956075,29.1596188],[-10.4022089,29.1553768],[-10.4043341,29.1461087],[-10.4202352,29.131852]]]},"properties":{"shapeName":"Sidi Ifni Province","shapeISO":"","shapeID":"96644757B51161748863193","shapeGroup":"MAR","shapeType":"ADM2"}},
{"type":"Feature","geometry":{"type":"Polygon","coordinates":[[[-8.6989412,29.7941144],[-8.6957975,29.7668799],[-8.6780434,29.7771239],[-8.6746059,29.7556662],[-8.6857767,29.7113244],[-8.689622,29.6417854],[-8.70829,29.62628],[-8.70193,29.59857],[-8.69183,29.58006],[-8.7024434,29.5579997],[-8.6985767,29.5372681],[-8.6772907,29.5100825],[-8.6641586,29.5015146],[-8.6271656,29.454673],[-8.6128319,29.4414587],[-8.5990131,29.4146474],[-8.6228741,29.3980965],[-8.6560905,29.4267924],[-8.6796983,29.4234806],[-8.7085074,29.4010577],[-8.7274802,29.3702303],[-8.7380159,29.3586957],[-8.7451141,29.355666],[-8.74944,29.3612129],[-8.7424362,29.3615496],[-8.7471054,29.3777959],[-8.7652972,29.3858172],[-8.773155,29.3937817],[-8.8153408,29.4646424],[-8.8410814,29.4655316],[-8.8894899,29.4400534],[-8.956519,29.4237145],[-8.9785002,29.421225],[-9.0203556,29.4248733],[-9.1215499,29.4202569],[-9.1254982,29.4150234],[-9.1235498,29.3806814],[-9.1314205,29.3580246],[-9.1369995,29.3173585],[-9.132193,29.2985464],[-9.1299828,29.2578565],[-9.1112503,29.2438453],[-9.1102203,29.2361537],[-9.0958007,29.2184277],[-9.0855869,29.1848963],[-9.0855869,29.1619975],[-9.091312,29.1551651],[-9.1289531,29.1290883],[-9.159938,29.1114263],[-9.1611396,29.1037323],[-9.1383945,29.0821505],[-9.1461192,29.0714199],[-9.195386,29.0377804],[-9.206029,29.0416825],[-9.2091189,29.0525288],[-9.1758166,29.09066],[-9.2457686,29.0707485],[-9.2344053,29.0421403],[-9.2340491,29.0269364],[-9.2492754,28.9857672],[-9.2242644,28.9774443],[-9.2228696,28.9565947],[-9.2377257,28.940716],[-9.2264788,28.8954409],[-9.2155569,28.8598462],[-9.1810958,28.8539789],[-9.2020857,28.8428524],[-9.2059739,28.7954274],[-9.1798127,28.7797359],[-9.1344289,28.726822],[-9.0659532,28.7175036],[-9.0011939,28.7140259],[-8.9731873,28.6855677],[-8.9678143,28.6618617],[-8.9705266,28.6449751],[-8.9183072,28.598195],[-8.88316,28.54494],[-8.77205,28.42068],[-8.6688733,28.3110599],[-8.668909,28.714092],[-8.5901978,28.7426405],[-8.536732,28.768103],[-8.5154403,28.774613],[-8.5074661,28.7736728],[-8.4987688,28.7827928],[-8.463874,28.795753],[-8.4307834,28.8174443],[-8.4260166,28.8180619],[-8.415135,28.835475],[-8.3212173,28.917979],[-8.3109989,28.9164214],[-8.300506,28.931454],[-8.278206,28.946785],[-8.2738629,28.9490818],[-8.2629275,28.948212],[-8.2356479,28.974131],[-8.2171164,28.9852224],[-8.1932663,28.9926817],[-8.1873499,29.0038975],[-8.172107,29.01536],[-8.158412,29.014384],[-8.1397592,29.0254115],[-8.1319235,29.0232581],[-8.129786,29.032028],[-8.0777049,29.0675357],[-8.0683386,29.0663068],[-8.050114,29.081823],[-7.9718853,29.1231917],[-7.9577386,29.123556],[-7.9565603,29.1370788],[-7.9608035,29.1409256],[-7.9295649,29.1703252],[-7.904255,29.1868807],[-7.89465,29.1903786],[-7.8893602,29.1870067],[-7.8806001,29.1893239],[-7.8766197,29.1929627],[-7.877111,29.19984],[-7.8731521,29.2014864],[-7.8383124,29.2119338],[-7.8290892,29.2077092],[-7.8249371,29.2093387],[-7.823754,29.227159],[-7.786455,29.255923],[-7.748958,29.273702],[-7.702407,29.288156],[-7.684289,29.297775],[-7.663893,29.30246],[-7.6434445,29.2955042],[-7.639339,29.2970472],[-7.633846,29.324946],[-7.625272,29.333807],[-7.62743,29.351592],[-7.618591,29.367597],[-7.59277,29.377462],[-7.564714,29.373295],[-7.537664,29.365651],[-7.495034,29.364807],[-7.460021,29.369909],[-7.412,29.381451],[-7.404893,29.381657],[-7.398132,29.3762494],[-7.3884084,29.3774833],[-7.3797796,29.386503],[-7.3406848,29.3961318],[-7.267155,29.465536],[-7.239821,29.485465],[-7.187451,29.505025],[-7.149831,29.522714],[-7.135857,29.520502],[-7.107806,29.52256],[-7.080967,29.514287],[-7.063194,29.503795],[-7.035469,29.498786],[-7.022626,29.493585],[-7.003493,29.501627],[-6.989397,29.503929],[-6.982449,29.503337],[-6.9718,29.495179],[-6.96478,29.494418],[-6.950954,29.497511],[-6.915404,29.497439],[-6.890948,29.484998],[-6.856058,29.482707],[-6.846479,29.473418],[-6.833752,29.46808],[-6.77725,29.462101],[-6.756979,29.467087],[-6.720969,29.505695],[-6.694669,29.515239],[-6.680759,29.517984],[-6.631289,29.519716],[-6.624114,29.521202],[-6.624115,29.527012],[-6.61874,29.529754],[-6.576001,29.5229823],[-6.5477283,29.5253946],[-6.5450406,29.5219735],[-6.5466392,29.5178096],[-6.5410679,29.5153454],[-6.5229576,29.5247748],[-6.5195244,29.5306747],[-6.5118456,29.53368],[-6.513052700000015,29.53704479999997],[-6.5055855,29.5409278],[-6.4681976,29.5601692],[-6.4485081,29.5656416],[-6.4205182,29.6282896],[-6.4054592,29.6468504],[-6.4060128,29.6629877],[-6.4218057,29.6806548],[-6.4249428,29.6991724],[-6.4127076,29.7239257],[-6.3902672,29.7451554],[-6.4039143,29.7906034],[-6.4064033,29.8482404],[-6.4209946,29.9024216],[-6.4194496,29.9218393],[-6.4223679,29.9451206],[-6.429921,29.9586555],[-6.431762,29.9729767],[-6.4004858,29.9994848],[-6.3570844,30.0118217],[-6.3536511,30.0307573],[-6.3652898,30.0393841],[-6.3878547,30.0397705],[-6.3979709,30.0465703],[-6.479127,30.0260088],[-6.5078342,30.0750961],[-6.4883077,30.1283446],[-6.5027794,30.148641],[-6.5896915,30.2292851],[-6.5570072,30.2593669],[-6.5107445,30.2906549],[-6.5122207,30.3159094],[-6.5486,30.34186],[-6.614193,30.4135901],[-6.6382294,30.4155049],[-6.6441002,30.4272732],[-6.6390877,30.4390511],[-6.6573353,30.4616186],[-6.6711884,30.4610193],[-6.6893716,30.4474905],[-6.7347031,30.4366312],[-6.8109293,30.4232877],[-6.8325108,30.4603338],[-6.8612405,30.4573817],[-6.8547281,30.4382247],[-6.8607148,30.4012875],[-6.8561629,30.3610369],[-6.8827232,30.3318271],[-6.8986405,30.3475608],[-6.9245485,30.3551897],[-7.0224642,30.3346421],[-7.0497497,30.3454238],[-7.1207403,30.361933],[-7.1596989,30.3766178],[-7.1706852,30.3702495],[-7.1795343,30.351342],[-7.2317966,30.2948422],[-7.2790378,30.2289513],[-7.2954573,30.2132505],[-7.2942299,30.1933484],[-7.2984871,30.1645005],[-7.2924789,30.1477726],[-7.2946419,30.1369284],[-7.2881531,30.1220072],[-7.3015169,30.1034455],[-7.3203138,30.1147983],[-7.3314332,30.1268587],[-7.3532832,30.158782],[-7.3692949,30.189312],[-7.4224627,30.1869453],[-7.4701846,30.2131239],[-7.4904535,30.1979139],[-7.5099199,30.2056694],[-7.5377634,30.2256247],[-7.5723231,30.2103498],[-7.5905664,30.2072419],[-7.604986,30.2136208],[-7.6258815,30.2122042],[-7.6402624,30.2088664],[-7.6691401,30.1936075],[-7.6984084,30.1713306],[-7.7243164,30.1459165],[-7.7534087,30.0862797],[-7.7859257,30.1049857],[-7.8569849,30.1048112],[-7.9005869,30.1120209],[-7.9288252,30.1236362],[-7.9636724,30.129397],[-7.984289,30.1162381],[-7.9933999,30.0971294],[-7.9954307,30.0672471],[-8.0008166,30.0572125],[-8.0103631,30.0121164],[-8.0054459,29.992635],[-7.9994893,29.9873458],[-8.0130677,29.9862381],[-8.0240712,29.9793836],[-8.0306192,29.9725448],[-8.0363076,29.9570707],[-8.0478089,29.9407502],[-8.0865185,29.9265769],[-8.1072466,29.9470311],[-8.1424437,30.0117727],[-8.1887279,29.9977879],[-8.207808,30.0028758],[-8.25687,29.99889],[-8.2709923,30.0056],[-8.3063288,30.0026194],[-8.3192678,29.9987709],[-8.3311124,29.965931],[-8.3418884,29.9579261],[-8.3546257,29.9197036],[-8.4026523,29.9134471],[-8.4202905,29.9236928],[-8.4515779,29.9229824],[-8.477737,29.9162071],[-8.5263772,29.9160862],[-8.5706315,29.9605251],[-8.6120491,29.9716303],[-8.6207953,29.9667824],[-8.654398,29.9720838],[-8.6668949,29.9765486],[-8.6819625,29.9758869],[-8.6850696,29.9727158],[-8.6840611,29.9482622],[-8.6694913,29.9012081],[-8.6730576,29.8860469],[-8.7025747,29.8766997],[-8.697251,29.8508527],[-8.6981694,29.8377089],[-8.6135146,29.8385688],[-8.60956,29.83066],[-8.6604039,29.8217263],[-8.7029159,29.7972803],[-8.6989412,29.7941144]]]},"properties":{"shapeName":"Tata Province","shapeISO":"","shapeID":"96644757B26550498921337","shapeGroup":"MAR","shapeType":"ADM2"}},
{"type":"Feature","geometry":{"type":"Polygon","coordinates":[[[-4.9260632,32.1663885],[-4.9268555,32.1593404],[-4.9528536,32.1186626],[-4.9888253,32.0780684],[-5.0016999,32.0686134],[-5.0363755,32.0548657],[-5.0365385,32.0471035],[-5.0251316,32.0314388],[-5.0248741,32.0257631],[-5.0662445,32.0115722],[-5.0710511,32.0144105],[-5.0590262,32.0238201],[-5.0626396,32.0261269],[-5.0692486,32.0249626],[-5.0850415,32.0110627],[-5.1134428,32.0046797],[-5.1184296,31.9951954],[-5.1159405,31.9933028],[-5.0740551,31.9854407],[-5.0595412,31.9741778],[-5.0551638,31.9685713],[-5.0533699,31.9539856],[-5.0677895,31.9320627],[-5.1030659,31.8981118],[-5.1152453,31.8939072],[-5.1158547,31.8906789],[-5.1011648,31.8755269],[-5.0991864,31.8686971],[-5.1039199,31.8606931],[-5.1313514,31.8509825],[-5.1465735,31.8513725],[-5.1901755,31.8715326],[-5.1964497,31.8678661],[-5.2082085,31.8476725],[-5.2172207,31.8392146],[-5.2333569,31.8310477],[-5.2882799,31.7875976],[-5.3195309,31.7721806],[-5.3552107,31.759724],[-5.366609,31.7470941],[-5.3879122,31.7340721],[-5.4360375,31.7070512],[-5.4634345,31.6953696],[-5.4805148,31.6809086],[-5.5221098,31.6284172],[-5.4613789,31.6152072],[-5.4514043,31.5637076],[-5.4175484,31.5539292],[-5.3822677,31.5324161],[-5.3301427,31.5104408],[-5.3158175,31.4947033],[-5.3104188,31.4820521],[-5.2756151,31.4734116],[-5.2120746,31.4735433],[-5.1888445,31.4532703],[-5.1960538,31.4321827],[-5.1752656,31.4443683],[-5.1829603,31.3831642],[-5.2073963,31.3354361],[-5.227309,31.305766],[-5.2302273,31.2778912],[-5.2367649,31.2636827],[-5.2064683,31.261292],[-5.1387704,31.2464126],[-5.1273549,31.2466327],[-5.0604928,31.2649026],[-4.9932874,31.2949046],[-4.9513122,31.3095762],[-4.9131175,31.3174224],[-4.8820468,31.3195488],[-4.8068591,31.3314264],[-4.7516185,31.3286368],[-4.6758815,31.3100895],[-4.6600887,31.3171291],[-4.6196624,31.3080363],[-4.6020671,31.3234348],[-4.5308276,31.3219684],[-4.5316859,31.3103095],[-4.5553752,31.2597711],[-4.5569202,31.2123658],[-4.5682498,31.1970959],[-4.5792361,31.1901943],[-4.5947368,31.1729559],[-4.6411112,31.1386544],[-4.6755464,31.0961532],[-4.7096384,31.0611622],[-4.7109258,31.04489],[-4.7003258,30.9088238],[-4.7013557,30.8683566],[-4.7597034,30.8298844],[-4.7919758,30.803112],[-4.8314579,30.755763],[-4.8603056,30.735787],[-4.9187906,30.7040588],[-4.9464281,30.6811785],[-4.9881847,30.6545494],[-5.0392969,30.6092549],[-5.0960739,30.5518622],[-5.1209648,30.5349343],[-5.1813424,30.4817436],[-5.2159991,30.4639265],[-5.1667,30.4253],[-5.1457355,30.4196054],[-5.1173942,30.4271287],[-5.0714405,30.3938002],[-5.0364216,30.3633301],[-5.0771053,30.311876],[-5.0990908,30.2789233],[-5.1340153,30.2093687],[-5.1380751,30.1860567],[-5.1384399,30.1400248],[-5.1305522,30.0018816],[-5.114543,30.009503],[-4.936618,30.140473],[-4.607478,30.282621],[-4.3296784,30.5215464],[-4.296337,30.536312],[-4.146572,30.585303],[-3.995902,30.592865],[-3.9270058,30.6038253],[-3.9200106,30.5991249],[-3.9041362,30.6022351],[-3.8865366,30.6106899],[-3.8655853,30.6052067],[-3.8470545,30.5953366],[-3.833858,30.5960847],[-3.8167992,30.590355],[-3.791801,30.607325],[-3.7775778,30.6103995],[-3.7678687,30.6261469],[-3.745307,30.6356621],[-3.7427809,30.6396343],[-3.7216559,30.6449032],[-3.7208834,30.6488731],[-3.7158086,30.6491214],[-3.7093821,30.65492],[-3.6819382,30.6678603],[-3.6716793,30.664066],[-3.6637566,30.6699081],[-3.6539312,30.6746955],[-3.6447001,30.6904384],[-3.6474681,30.699391],[-3.6401317,30.7060994],[-3.6362908,30.7156575],[-3.6295874,30.7446488],[-3.6354507,30.7644847],[-3.6446282,30.7676099],[-3.6508176,30.8071244],[-3.6508734,30.8392571],[-3.6544376,30.8454067],[-3.654864727371015,30.848229150712726],[-3.657230436034647,30.849913985455558],[-3.658508544889665,30.85082424217356],[-3.638759,30.858265],[-3.632837,30.868087],[-3.636231,30.875682],[-3.623825,30.868713],[-3.624186,30.864688],[-3.615723,30.86577],[-3.613863,30.87742],[-3.606338,30.879009],[-3.604692,30.894837],[-3.593542,30.894591],[-3.582867,30.907972],[-3.586577,30.919145],[-3.575459,30.92234],[-3.575302,30.933962],[-3.559799,30.929184],[-3.556745,30.932137],[-3.558548,30.940153],[-3.55253,30.938671],[-3.55731,30.948344],[-3.540543,30.955089],[-3.541143,30.962733],[-3.548648,30.963462],[-3.545693,30.970594],[-3.537986,30.973772],[-3.542668,30.980782],[-3.538734,30.987966],[-3.541414,30.99557],[-3.536622,31.002177],[-3.536344,31.013687],[-3.541278,31.018637],[-3.542002,31.038604],[-3.546071,31.037919],[-3.548376,31.031682],[-3.55067,31.039784],[-3.554944,31.040299],[-3.548606,31.061497],[-3.552388,31.063937],[-3.552888,31.060388],[-3.556497,31.063548],[-3.558243,31.059805],[-3.561311,31.060637],[-3.559181,31.049284],[-3.563574,31.047451],[-3.567261,31.053057],[-3.572052,31.051615],[-3.573893,31.043014],[-3.577149,31.047781],[-3.584434,31.050382],[-3.587986,31.058141],[-3.59218,31.058343],[-3.591607,31.07423],[-3.603061,31.073545],[-3.605799,31.07629],[-3.608108,31.088182],[-3.605322,31.095477],[-3.610772,31.101271],[-3.617577,31.099251],[-3.615993,31.119486],[-3.619696,31.119569],[-3.626112,31.114015],[-3.629644,31.106401],[-3.636938,31.111301],[-3.639076,31.122844],[-3.634659,31.137683],[-3.638993,31.169772],[-3.643075,31.156864],[-3.638652,31.141696],[-3.651593,31.134295],[-3.64464,31.130091],[-3.644183,31.110038],[-3.636583,31.09966],[-3.64474,31.093285],[-3.654373,31.098782],[-3.653552,31.094937],[-3.657226,31.094754],[-3.657647,31.098836],[-3.664645,31.102512],[-3.662021,31.09237],[-3.665576,31.094432],[-3.66645,31.09027],[-3.660011,31.086308],[-3.642761,31.085503],[-3.643864,31.081955],[-3.676115,31.084014],[-3.679536,31.086518],[-3.674075,31.097247],[-3.676253,31.109062],[-3.670112,31.11978],[-3.673274,31.131552],[-3.671551,31.15125],[-3.680926,31.165213],[-3.694373,31.166983],[-3.697893,31.16158],[-3.70206,31.176034],[-3.713868,31.165705],[-3.704773,31.151949],[-3.70545,31.136835],[-3.708012,31.136758],[-3.707636,31.149067],[-3.710543,31.154377],[-3.72423,31.145731],[-3.733906,31.146092],[-3.733781,31.142561],[-3.723699,31.135255],[-3.730511,31.117121],[-3.733928,31.114949],[-3.741267,31.124821],[-3.760258,31.125719],[-3.772432,31.119826],[-3.772455,31.104058],[-3.775059,31.100898],[-3.777364,31.104039],[-3.776805,31.147692],[-3.761262,31.172117],[-3.75931,31.179997],[-3.766715,31.184397],[-3.767648,31.200303],[-3.773459,31.210958],[-3.772305,31.223],[-3.778941,31.220196],[-3.782677,31.221609],[-3.790699,31.236217],[-3.779688,31.241973],[-3.783216,31.248878],[-3.758794,31.26343],[-3.754446,31.279126],[-3.756741,31.282186],[-3.76958,31.278138],[-3.773226,31.280585],[-3.774661,31.291684],[-3.782085,31.286506],[-3.785554,31.292765],[-3.774934,31.305277],[-3.762653,31.310618],[-3.760429,31.322454],[-3.764633,31.334038],[-3.754134,31.339935],[-3.757953,31.346754],[-3.749309,31.36099],[-3.741169,31.358586],[-3.735521,31.343647],[-3.726943,31.340815],[-3.722566,31.342117],[-3.713119,31.350033],[-3.711615,31.362014],[-3.703541,31.366017],[-3.695087,31.363404],[-3.688543,31.369006],[-3.679413,31.370702],[-3.673603,31.377],[-3.672777,31.385131],[-3.668979,31.386321],[-3.665198,31.378833],[-3.660905,31.377957],[-3.646997,31.393917],[-3.648377,31.397007],[-3.662702,31.398163],[-3.6648402,31.4014639],[-3.664666,31.633535],[-3.2517668,31.7136199],[-3.2560584,31.7281779],[-3.1965005,31.772174],[-3.1564218,31.796732],[-3.112734,31.8401377],[-3.182171,31.8312124],[-3.1844884,31.8145336],[-3.193329,31.8125352],[-3.2444841,31.9058764],[-3.2699629,31.9712879],[-3.2721945,32.0107505],[-3.2620665,32.0923733],[-3.1929857,32.17684],[-3.267903,32.1473039],[-3.3094536,32.1257979],[-3.33347,32.10606],[-3.37695,32.10942],[-3.48375,32.14372],[-3.51086,32.14723],[-3.54222,32.14263],[-3.56595,32.12709],[-3.61543,32.10945],[-3.63447,32.12134],[-3.64679,32.13662],[-3.63614,32.15274],[-3.61658,32.17216],[-3.58301,32.19833],[-3.60069,32.20509],[-3.673579,32.1968941],[-3.7538178,32.2021852],[-3.7467625,32.2432032],[-3.753732,32.2611324],[-3.7729452,32.2637271],[-3.7880351,32.2610871],[-3.7958577,32.1888897],[-3.8121698,32.1777935],[-3.8361166,32.1692208],[-3.8745687,32.1756868],[-3.9344785,32.1772124],[-3.9679482,32.1664417],[-4.0329263,32.1377562],[-4.0342138,32.1296158],[-4.0303514,32.1251092],[-4.0573838,32.1085164],[-4.082794,32.1091889],[-4.1271684,32.1209658],[-4.1391847,32.1326685],[-4.1771176,32.1896887],[-4.1910617,32.2171989],[-4.2358548,32.1968827],[-4.3069849,32.1748871],[-4.3293438,32.1693293],[-4.3520031,32.1688933],[-4.3696413,32.164425],[-4.3800933,32.1582307],[-4.4164169,32.1235459],[-4.5147788,32.0770486],[-4.541043,32.0709393],[-4.5604407,32.0720303],[-4.61048,32.0681136],[-4.6724498,32.0523216],[-4.7378184,32.0594432],[-4.7810256,32.0919746],[-4.8032564,32.1130399],[-4.827628,32.1690806],[-4.859218,32.1952977],[-4.8731126,32.2001019],[-4.9066424,32.1750595],[-4.9260632,32.1663885]]]},"properties":{"shapeName":"Province d'Errachidia إقليم الرشيدية","shapeISO":"","shapeID":"96644757B35891480133263","shapeGroup":"MAR","shapeType":"ADM2"}},
{"type":"Feature","geometry":{"type":"Polygon","coordinates":[[[-14.903573848446646,24.68430623614425],[-14.904761252841471,24.683305470804612],[-14.904882,24.683195],[-14.898607800000025,24.67396989999997],[-14.886490700000028,24.642542100000032],[-14.8671444,24.6221086],[-14.785253400000027,24.554862799999967],[-14.7473763,24.5442997],[-14.704443800000018,24.53830340000003],[-14.66376,24.525888299999977],[-14.621703,24.498734700000014],[-14.609343400000014,24.47499679999996],[-14.59046060000004,24.45450469999997],[-14.5631665,24.4326731],[-14.5061062,24.41612889999998],[-14.341966100000043,24.464748],[-14.3048161,24.4731141],[-14.075891,24.4839651],[-13.9929699,24.4702791],[-13.811523800000032,24.428242899999987],[-13.734799800000026,24.399888],[-13.6889662,24.3905079],[-13.513348,24.4335568],[-13.437130400000026,24.4666855],[-13.295003300000037,24.51270729999997],[-13.1202521,24.5272321],[-13.0515875,24.5156748],[-12.8866209,24.481621700000012],[-12.730369300000017,24.427221799999966],[-12.685221100000028,24.4072646],[-12.6112465,24.3832515],[-12.581214,24.380058799999983],[-12.5394692,24.3835851],[-12.3595526,24.4196769],[-12.319344400000016,24.432861699999965],[-12.2642589,24.4385383],[-12.202156900000034,24.43219480000003],[-12.113032,24.41590429999996],[-12,24.385432],[-12.000833,25.2],[-12.000541,25.9963352],[-12.4445929,25.993943],[-12.4702024,26.0161795],[-12.4815321,26.0397799],[-12.5167398,26.0617025],[-12.5477414,26.0479416],[-12.5726747,26.0516191],[-12.6382074,26.0720725],[-12.6857576,26.1378406],[-12.718914,26.1495213],[-12.8176107,26.1999522],[-12.8804731,26.2373588],[-12.9855728,26.3186369],[-13.0668631,26.3983281],[-13.1666326,26.435494],[-13.3471003,26.5178924],[-13.4608602,26.5541751],[-13.5394468,26.599426],[-13.5863962,26.6403244],[-13.6120596,26.6647951],[-13.6218271,26.6755367],[-13.6264785,26.6823093],[-13.62841228110197,26.68080647165455],[-13.628415907583895,26.68078595725446],[-13.6302449,26.6790251],[-13.630630284193558,26.67849973338678],[-13.630688832707545,26.678474157529642],[-13.6321868,26.6772036],[-13.632787700000044,26.67731859999998],[-13.6341073,26.6763599],[-13.6369188,26.674382200000025],[-13.637466,26.6735769],[-13.637798600000046,26.6735864],[-13.6385598,26.6726114],[-13.638913800000037,26.67261139999997],[-13.6407061,26.6716978],[-13.64151590000004,26.670853057495837],[-13.6417039,26.6706144],[-13.6427767,26.6700296],[-13.6431415,26.6695694],[-13.643419900000016,26.66933260000002],[-13.6436345,26.668987399999967],[-13.644429,26.6685531],[-13.6450834,26.6682655],[-13.6456735,26.6679683],[-13.646542,26.6669453],[-13.647132100000032,26.666897399999968],[-13.647994639244239,26.66613285583439],[-13.64814536157441,26.665939422648123],[-13.648663534559468,26.66563152112031],[-13.649202800000033,26.6653154],[-13.6500182,26.6647785],[-13.650340600000028,26.66444],[-13.650458,26.6640594],[-13.651665105101115,26.663427202601024],[-13.652827120439625,26.662390857981077],[-13.65292947513705,26.662357580499997],[-13.663869225667664,26.654646696559038],[-13.663904395197086,26.654613144783635],[-13.666620953873494,26.65294608268034],[-13.666830529403668,26.652727549439504],[-13.671193066182276,26.650177408545254],[-13.671403814200412,26.64993058349802],[-13.674409016305606,26.6483863053663],[-13.67457703331561,26.647883253372125],[-13.67649188756765,26.646834674189158],[-13.6766875563832,26.64646788976801],[-13.681707501935442,26.64331753529955],[-13.6824171,26.6427268],[-13.68307,26.64211449999996],[-13.6838467,26.6416024],[-13.6841589,26.641426],[-13.684930300000016,26.64111050000002],[-13.688836826774882,26.638764652346648],[-13.6894718,26.6386027],[-13.697313456059419,26.6343908610853],[-13.697351582311885,26.63421202187697],[-13.69761817422533,26.63398096780182],[-13.697991718902205,26.633965247980285],[-13.69919087492379,26.633312054720793],[-13.699373796119989,26.63322900342354],[-13.699740071864184,26.632906109849472],[-13.700254818813757,26.632590218537256],[-13.711697373093156,26.625273295618303],[-13.711739179273792,26.625254973605262],[-13.712318800882102,26.625002069061555],[-13.712379298932944,26.62486333119776],[-13.714371652539477,26.62333024775927],[-13.714443059434629,26.623267241675364],[-13.715415391095949,26.622726559050914],[-13.715519260638457,26.622425309678974],[-13.720292486872516,26.619627361107835],[-13.72010834772299,26.61940128450807],[-13.71977684116505,26.618994277765463],[-13.71971364414735,26.61857071068588],[-13.720614154754722,26.617974169068713],[-13.721157506812826,26.618321490846704],[-13.723852354299975,26.617899185917086],[-13.724135659269283,26.617649765915253],[-13.74295444026405,26.607317135546516],[-13.743007426712358,26.60727056614208],[-13.743737846849431,26.607004635538956],[-13.74380107192998,26.607005150760777],[-13.743980487515685,26.607006612820268],[-13.744028480024646,26.606965877888623],[-13.746080365582909,26.605939651467715],[-13.746377625877082,26.60583058338964],[-13.748546779438904,26.60442472402449],[-13.748573945600402,26.604400753881997],[-13.75257724813494,26.602490086184606],[-13.752664666377644,26.602387694557354],[-13.769762044738014,26.59372382548768],[-13.770070505615394,26.593601024457005],[-13.770620315517554,26.59316686196107],[-13.770796126213654,26.593077],[-13.77179928111227,26.5924549670008],[-13.77194918439834,26.592455365737994],[-13.7801039708307,26.58938901276157],[-13.780322004785468,26.589167379497237],[-13.781662759572672,26.588115229639353],[-13.782065331470356,26.58785293930005],[-13.783942784870389,26.586650952530913],[-13.784207950309764,26.586483554413288],[-13.785834564560524,26.585243021555783],[-13.786120510543238,26.584991413293825],[-13.825121810943859,26.564487061525078],[-13.825332598849212,26.564058757519305],[-13.826318431581726,26.56380208035827],[-13.8268728,26.56345050000002],[-13.851198597676202,26.552754661678147],[-13.851362777212941,26.552495728272135],[-13.863934627575539,26.542699480576594],[-13.864053470230804,26.542546538935486],[-13.864427970081756,26.542090273093933],[-13.864757330379573,26.541790647273977],[-13.865260959581533,26.54136866184611],[-13.865454789891913,26.541147619328754],[-13.866707202403834,26.5410241911918],[-13.8672932,26.5407323],[-13.868625,26.539868],[-13.869618544810098,26.539075473043884],[-13.883255204091345,26.53259233977774],[-13.88364133562014,26.532281837764305],[-13.885414990270402,26.531160390294662],[-13.887657187916886,26.529749091843758],[-13.887764538099319,26.529691482895124],[-13.893279,26.5279051],[-13.89707,26.526839],[-13.910018571025825,26.520599045179477],[-13.911674253983382,26.519588009175067],[-13.911909967344478,26.51946996016974],[-13.912803245793667,26.519259105216978],[-13.913296800000037,26.519152599999952],[-13.915749,26.517591],[-13.917402457965379,26.516407497547302],[-13.9178910727445,26.516204470466388],[-13.918542410349417,26.515804407953226],[-13.918857267109903,26.51542383649568],[-13.919206,26.514916],[-13.920384800000036,26.51410959999996],[-13.921105071402913,26.51359330260721],[-13.921657017993745,26.51337957209783],[-13.922327714497454,26.512886325137295],[-13.922535559140718,26.51266377210446],[-13.92299190000001,26.512225],[-13.923527,26.511603],[-13.923814,26.511477],[-13.924569715012277,26.510915924557757],[-13.924889053801266,26.51080232719545],[-13.9253126,26.5104744],[-13.9283494,26.50868620000002],[-13.929026802240282,26.508312563554124],[-13.929907905517886,26.507724889884777],[-13.93039537191802,26.50740639291598],[-13.930518307357307,26.507262339542834],[-13.930618387998152,26.50714506698104],[-13.931060232917165,26.506995447117166],[-13.931184983661211,26.506874351860056],[-13.931312609851894,26.50660873645341],[-13.931376527762946,26.506475710607692],[-13.93142520767043,26.506444243158334],[-13.931673353182218,26.506343356101098],[-13.932229327836438,26.506225156306385],[-13.932892102509769,26.505738822753738],[-13.933408890489591,26.505246429289798],[-13.9339654,26.5045405],[-13.934177,26.504221],[-13.934834817207093,26.503015674363507],[-13.935365255879317,26.50273492214711],[-13.935568097398445,26.50233076949176],[-13.936045473834753,26.5023296793373],[-13.936253900332325,26.501984559523596],[-13.936319400277274,26.501844471112914],[-13.936696554335938,26.501463249102105],[-13.937530968219232,26.500907179507106],[-13.937862271008079,26.500592209569685],[-13.937903361781263,26.50055848278521],[-13.938431800000046,26.499809399999986],[-13.941328927496816,26.49801122150147],[-13.941391504156293,26.497790150909385],[-13.944547017431706,26.496185682936257],[-13.94521140000002,26.495473699999984],[-13.94570847648195,26.49514570640761],[-13.946897900000028,26.494297],[-13.947461153089991,26.4941123952532],[-13.9481736,26.4932364],[-13.950200810363107,26.491700259825347],[-13.950933307023234,26.49115943994962],[-13.951603806654518,26.491037489919723],[-13.95178254551423,26.490717386292562],[-13.9540133,26.4895126],[-13.954119488737918,26.48843944943808],[-13.956310877747264,26.48669667857428],[-13.956611298904562,26.486301440091246],[-13.957561500625566,26.48627551532641],[-13.958314301714676,26.485448294818315],[-13.958770711911157,26.48534360699928],[-13.959066464786707,26.48497155999823],[-13.9593346643554,26.484958285889906],[-13.9601899,26.4844035],[-13.9612815,26.4827446],[-13.9615659,26.4824234],[-13.962089334526535,26.481977987471584],[-13.9625797,26.4812624],[-13.9633436,26.4807419],[-13.964826900000045,26.47996930000003],[-13.965349087754797,26.47945548236001],[-13.9688153,26.477229899999944],[-13.969317,26.476176],[-13.970188366446246,26.47562538337837],[-13.971115100000038,26.475355799999956],[-13.971357622796905,26.47486453813419],[-13.972050592768088,26.4741687691475],[-13.9813895,26.4694801],[-13.9822891,26.4692592],[-13.983298492821579,26.46879501949948],[-13.987613305575426,26.46703960806638],[-13.987828203848562,26.466972945744935],[-13.9949561,26.4634706],[-13.995444780900197,26.46316725447251],[-13.995779963269612,26.463195170530774],[-13.99631,26.462731],[-13.996960300000012,26.462304599999943],[-13.998008,26.461835400000023],[-13.999219979593803,26.461494081750764],[-13.999654800000023,26.461068],[-14.000579439777834,26.461090567323065],[-14.001212171552927,26.46076581845517],[-14.00184030000002,26.460071],[-14.002670289639436,26.459307268265665],[-14.002961765413811,26.459319147496984],[-14.003203022266094,26.45941568122786],[-14.004264579998397,26.459134259540527],[-14.006910200000018,26.45801649999997],[-14.0086606,26.457384],[-14.0094937,26.45686],[-14.01176880000003,26.4562232],[-14.0124522,26.4555465],[-14.020680700000039,26.452534199999956],[-14.0216194,26.452025599999974],[-14.022246,26.4517711],[-14.0231585,26.4514771],[-14.025031200000022,26.45108279999995],[-14.0270724,26.4506751],[-14.0297744,26.4496996],[-14.0314058,26.4487635],[-14.036461200000012,26.446349099999967],[-14.037226700000023,26.44614969999999],[-14.0383242,26.445607],[-14.0403724,26.445082],[-14.04075750000004,26.4449744],[-14.0461853,26.4438457],[-14.0472898,26.4434312],[-14.0513786,26.4421228],[-14.0525217,26.4419167],[-14.0584655,26.4400627],[-14.0588276,26.43992869999996],[-14.0591537,26.4398585],[-14.0595196,26.4398114],[-14.0603194,26.4394906],[-14.062391369082157,26.43891750809002],[-14.062924036590418,26.43879011525201],[-14.083167374900825,26.434435708779237],[-14.083213164369871,26.434427689815994],[-14.13523441579561,26.42658500290766],[-14.136238625299331,26.42646208314854],[-14.137236,26.42634],[-14.137752715302394,26.426239906468997],[-14.139812,26.425841],[-14.142051040183405,26.425491367876816],[-14.145532,26.425361],[-14.150106,26.425131],[-14.152678,26.425146],[-14.15462,26.4251422],[-14.161338874614083,26.425539564777086],[-14.16382,26.425726],[-14.169079660275095,26.426737005831864],[-14.169495012925388,26.426788469748775],[-14.179821,26.426333],[-14.183670200579996,26.42369225990835],[-14.183899553436467,26.423450262133713],[-14.186716953859086,26.418781915841883],[-14.186733146157344,26.418756958376367],[-14.187097758616858,26.418269897335357],[-14.18740264670607,26.417940058456328],[-14.190363,26.410569],[-14.190368,26.409797],[-14.192969,26.405694],[-14.193544,26.405183],[-14.197456,26.397228],[-14.197752,26.395686],[-14.2015,26.390818],[-14.20194,26.389276],[-14.210309,26.376971],[-14.210742,26.376202],[-14.213185,26.374156],[-14.213907,26.372874],[-14.215918,26.371212],[-14.216493,26.3707],[-14.220669,26.365706],[-14.221102,26.364936],[-14.222105500152722,26.36442649986426],[-14.222537,26.364043],[-14.229866180917803,26.358353395819428],[-14.230001469727611,26.358233522571318],[-14.231274774126708,26.357014142420983],[-14.23153481235861,26.356676486038722],[-14.235134881691298,26.35245734800502],[-14.235918082104938,26.351650178503974],[-14.236787846971772,26.35056366662789],[-14.23718192413415,26.35006784304722],[-14.23763419528687,26.349224714686272],[-14.238044508262211,26.348644964572618],[-14.238798196097253,26.34768677445505],[-14.238936989731625,26.347407020228683],[-14.239636685929842,26.345889617439134],[-14.239993553387405,26.345496646659008],[-14.243221579689287,26.340135369853158],[-14.243587406117442,26.339767480427856],[-14.244086479358948,26.3392035183476],[-14.244606663138734,26.338580256099934],[-14.247690775700269,26.335202010579597],[-14.247903286807002,26.335015431541798],[-14.2504309595288,26.332909436816255],[-14.25091115234471,26.332498484318624],[-14.251455759698324,26.33203294032167],[-14.25282980000004,26.330904899999986],[-14.25441172037101,26.330010654249573],[-14.255053660591148,26.329691441983474],[-14.259933360827192,26.32681861259805],[-14.260630831934336,26.326197050260692],[-14.261868975477316,26.32545353781104],[-14.262790471965232,26.324672412312268],[-14.265623377710508,26.323066883017777],[-14.26628410000001,26.32244039999996],[-14.266571100000043,26.3221844],[-14.266905912643105,26.321590078595456],[-14.267858864425133,26.320584506500015],[-14.268829560171758,26.319772144705553],[-14.269206850331546,26.319367402190853],[-14.269689478219512,26.31900897256967],[-14.27151992474659,26.317355912547328],[-14.2724591,26.3166814],[-14.273306403317438,26.316048772869205],[-14.275040526171104,26.314778049351016],[-14.27558151666874,26.314388634410935],[-14.2764741,26.3138714],[-14.277953645301906,26.312839446918247],[-14.279055091042132,26.31204227110054],[-14.280046088131844,26.311479465608723],[-14.281541289261252,26.31063518588543],[-14.281837645287094,26.310492380235818],[-14.282779100000038,26.310043399999984],[-14.2839241,26.30953439999997],[-14.285357900453128,26.308767794020916],[-14.286105793824895,26.308411882386263],[-14.29159305132244,26.305539210326945],[-14.291521019361957,26.30489668187216],[-14.291961051993384,26.304419965684147],[-14.292268585150367,26.304158128809146],[-14.293507681251967,26.303715861413114],[-14.29488756668606,26.302561397781844],[-14.296636299317488,26.301677932539803],[-14.29739512416532,26.3008871544671],[-14.297610802173306,26.30074708238197],[-14.300154874802047,26.29886610297223],[-14.300719628529386,26.298371618611572],[-14.30211208059735,26.297048396936706],[-14.302207802729265,26.29695208946766],[-14.303055415176264,26.296028072075092],[-14.303880280503144,26.295117722519525],[-14.306177353749678,26.293379151634767],[-14.30662188282119,26.293073019399554],[-14.30740465517248,26.29247201010301],[-14.3079079,26.2919999],[-14.308137500436953,26.291716066119776],[-14.3097211,26.2901944],[-14.310223586306954,26.289521330783906],[-14.310351380205992,26.289365887165527],[-14.31129792336609,26.288315026919463],[-14.311818053968768,26.287800693741282],[-14.312485975700202,26.286573870487896],[-14.312497006393983,26.28652043517128],[-14.316241720036537,26.28304177037274],[-14.316921180174583,26.282425876108224],[-14.322248737993899,26.280165810480828],[-14.322501627096269,26.280063900977414],[-14.323119636428784,26.27968729030085],[-14.323830341811234,26.279357479639543],[-14.324384305063234,26.279156891756013],[-14.32527223078793,26.27881582847608],[-14.325653351399854,26.278638696916424],[-14.326058256507963,26.278463987509927],[-14.328201405662758,26.277600162257563],[-14.328587388811815,26.277469966657957],[-14.329761326091557,26.27706750654164],[-14.330262161104574,26.27687456871717],[-14.332714447628376,26.275926037880183],[-14.3336995030878,26.27564623725982],[-14.335705366532387,26.27501693779395],[-14.335990924364092,26.274925639880085],[-14.337850914321244,26.274307322423308],[-14.337944486351724,26.274275550712712],[-14.341928498162519,26.27303216315145],[-14.342613953580159,26.272834093956444],[-14.347087924153383,26.2715787915056],[-14.347789178778523,26.271299579274604],[-14.3509042459619,26.27107192445377],[-14.351244796089375,26.27094655054243],[-14.371117958413008,26.267156033662072],[-14.371598736277342,26.2670775178155],[-14.3804572,26.2660718],[-14.380632787036092,26.266046088319484],[-14.38586470313787,26.265506941782558],[-14.386596710863515,26.265465221050956],[-14.390599043481718,26.26548702379965],[-14.390958339488112,26.265528199682073],[-14.391848048530827,26.26553191785825],[-14.392293643847083,26.26547208359964],[-14.393219624253124,26.265280292636707],[-14.39441619285715,26.2651628],[-14.399795420679524,26.264035284600396],[-14.399900683081965,26.26399552310459],[-14.401159770909917,26.26351250619201],[-14.401928205445653,26.263208585335352],[-14.40359,26.262236],[-14.404495434553283,26.261689397514566],[-14.405967330276434,26.26014999669543],[-14.406214025907857,26.25990500468055],[-14.408558156112345,26.25523560987888],[-14.409126534992765,26.254655554888483],[-14.409776207781118,26.254056927642978],[-14.41053810114374,26.253452220773244],[-14.411776088759137,26.252363259660733],[-14.411988410739802,26.25198897216936],[-14.412797465278011,26.250754844247727],[-14.414357,26.249543],[-14.414931,26.24903],[-14.415323180577051,26.248584865847203],[-14.416010335123035,26.24774826211952],[-14.416366,26.247235],[-14.419139631628356,26.244415170637293],[-14.41944418662164,26.2441759457295],[-14.420977648301232,26.242674998831262],[-14.421119941177297,26.242541234485408],[-14.422192501159632,26.241724822811086],[-14.42253,26.241469],[-14.423389,26.240958],[-14.424801609681763,26.240207511921493],[-14.425678,26.239681],[-14.429534158951114,26.237025400966708],[-14.42999630000001,26.2366656],[-14.43069,26.23597],[-14.434179168500556,26.23032245351833],[-14.434330050206174,26.230157035231795],[-14.438290212826939,26.225322621665438],[-14.438447993182741,26.225189776115766],[-14.438606883047473,26.22505599639833],[-14.43891412471034,26.224797309647553],[-14.440711036209404,26.223142407144607],[-14.440880784882033,26.22300826191848],[-14.441492716302413,26.222483807795772],[-14.441792459122045,26.22218931514586],[-14.444309827308166,26.218781920283583],[-14.44434492509263,26.21867735937762],[-14.445989906007675,26.21701146481477],[-14.446061475874787,26.216928995892875],[-14.449323049346692,26.212367414208227],[-14.449985271622818,26.21123047964289],[-14.451168726601455,26.209286746374417],[-14.451252002790397,26.209101916752143],[-14.452468708009931,26.207315480331218],[-14.452705896484128,26.207045491083846],[-14.460275083554581,26.197997569469567],[-14.460480025579354,26.197707233463575],[-14.466978642795976,26.189539151625475],[-14.46700606733357,26.189498857865825],[-14.469213845934377,26.186708726255482],[-14.469324347785609,26.18659433267722],[-14.470831576271976,26.184913371545605],[-14.471080668616795,26.18454812127779],[-14.474800831211482,26.179600234999516],[-14.474917913692877,26.179410871461112],[-14.477399604017123,26.17208443347534],[-14.477678165384523,26.171472167698145],[-14.479877131970227,26.168218825024493],[-14.479948392119399,26.16814316862503],[-14.488889627619917,26.151094192068015],[-14.489233672233008,26.15036705375363],[-14.490779684559314,26.14754703226623],[-14.49254970000002,26.144760299999948],[-14.4927992,26.1443633],[-14.4964169,26.1367126],[-14.4973208271381,26.13475942748973],[-14.49818796962898,26.133013090011815],[-14.4989641407639,26.131388747510155],[-14.500230574351232,26.12667086845455],[-14.500213491446301,26.12596124315122],[-14.50016987891571,26.12589007767141],[-14.499906109254436,26.12522498314654],[-14.499896914183648,26.125099175018885],[-14.49989440000003,26.12495939999995],[-14.500217909388109,26.12284170334005],[-14.498315156158199,26.123082456798286],[-14.498271618354364,26.123041896815977],[-14.49811602156177,26.122868710105994],[-14.49807776248747,26.122721744841883],[-14.498057286623796,26.122696806075677],[-14.49798795648534,26.122629380074827],[-14.4965994,26.1212557],[-14.496299,26.1207066],[-14.496252115649849,26.120208766982433],[-14.496360635674606,26.120065906072277],[-14.49627888353437,26.1199190063716],[-14.49611218110542,26.119661269368578],[-14.495885288625164,26.11950609855408],[-14.495574776071347,26.118951672286595],[-14.495543113867999,26.11888722775484],[-14.4976976,26.115971],[-14.497399689251944,26.114590992898805],[-14.49718203054744,26.114185568248796],[-14.496387174615794,26.112705020118945],[-14.496022798154366,26.11314376185869],[-14.496126715037445,26.11323341665339],[-14.496211965841805,26.11324018447492],[-14.496261310100973,26.11324410177678],[-14.496866650049451,26.116324107109158],[-14.496773916867518,26.11622700076468],[-14.4946234,26.1176326],[-14.4945858,26.1162285],[-14.495552799999984,26.114142100000027],[-14.492842700000015,26.114032899999962],[-14.4925587,26.1137749],[-14.488078700000013,26.104274],[-14.48796713484737,26.103479307624394],[-14.485767896226083,26.096728141331106],[-14.485588545882537,26.096045116144037],[-14.485781667671311,26.090272626641543],[-14.485794735217379,26.090220620448058],[-14.485773131993684,26.090065368265495],[-14.485747199951819,26.08994883284471],[-14.485719107087174,26.089726046257095],[-14.485716333273597,26.089683803642295],[-14.485798427247616,26.088653776705485],[-14.485827959998172,26.088410012813213],[-14.488308058392064,26.074203479201508],[-14.489073106766188,26.072360970252873],[-14.48919372807834,26.069973673449542],[-14.489328268947439,26.06731088541563],[-14.489451633222856,26.066680771858742],[-14.489427687637075,26.06478944222841],[-14.488812134651425,26.059801551515594],[-14.488815046720411,26.05912658351428],[-14.487484099972754,26.037531377439095],[-14.487486291709413,26.03704794295483],[-14.49183537524343,26.026466608334143],[-14.49201505296676,26.02610762440156],[-14.492604892175407,26.024925287340967],[-14.492957582579109,26.02439167863213],[-14.49277138142,26.01787082120108],[-14.492684968699283,26.017427152329176],[-14.495263127874605,26.002803288167982],[-14.495576677105344,26.001657117781086],[-14.495907,25.999717],[-14.496165218073394,25.99812524475309],[-14.49666244784595,25.996117101749917],[-14.49699387310421,25.995337012847376],[-14.498548855472894,25.991233652124464],[-14.498669688582595,25.991009399443744],[-14.499469606316158,25.986347815839373],[-14.4995556306948,25.986229371179338],[-14.500905055975949,25.98455082826658],[-14.500966953042589,25.984482597288917],[-14.505212138838468,25.976330835285896],[-14.505285695729443,25.97623636824184],[-14.5146130202588,25.95500277332199],[-14.514846584639347,25.953747287097052],[-14.516037284419987,25.949610831832338],[-14.516048519202544,25.94958096126209],[-14.516609197309938,25.948318462907945],[-14.516840575513363,25.94790405670684],[-14.520316166549847,25.94354265792054],[-14.5209049573198,25.94295396508705],[-14.522649346058031,25.941443873861857],[-14.522784509675297,25.941332362187786],[-14.524933887025355,25.93856678539026],[-14.525125149157976,25.938201835610975],[-14.525823115806931,25.937025673517773],[-14.525966829885935,25.936757228274377],[-14.526587345442827,25.93548433689088],[-14.526668937365113,25.935289098157345],[-14.529260085484825,25.920309515238916],[-14.529471466838935,25.91992153150924],[-14.534663551096223,25.908746342284484],[-14.534916733263454,25.908397027038777],[-14.540918807009557,25.898553047547313],[-14.541056381590904,25.8983447135659],[-14.541848701399758,25.897204500843053],[-14.544458566521204,25.893000907261325],[-14.545006684859914,25.89221371407511],[-14.546258583170797,25.890415770546117],[-14.546995016528204,25.88922641657827],[-14.547237894055659,25.88882040951391],[-14.5480285712779,25.887428024855087],[-14.548400668794077,25.886761779526935],[-14.548918424096264,25.885887133300823],[-14.54929035078357,25.885225186267693],[-14.549832533954943,25.884260220445206],[-14.552678199610154,25.879901686066066],[-14.552817429997162,25.87965694007275],[-14.5537607046146,25.878155560376715],[-14.55405716743547,25.87777384258432],[-14.554737950796266,25.876914263254292],[-14.555373055665337,25.876078444735697],[-14.555674890410781,25.875681220462955],[-14.557045787308915,25.873554352423668],[-14.557846237459167,25.87227196495874],[-14.558033659612002,25.871956396405523],[-14.558666680893513,25.87073464197951],[-14.561864168294687,25.865307344508082],[-14.562351585826015,25.864458398222876],[-14.5630498303092,25.862559005277653],[-14.563266580587193,25.861624105843163],[-14.563278273981004,25.861531022781982],[-14.563251834155206,25.861110591232507],[-14.562797100139015,25.85884239255935],[-14.563514815160053,25.856675984360972],[-14.564185916241676,25.855425751488262],[-14.564637036623852,25.85456652461832],[-14.567392565081168,25.848393121096503],[-14.56769588133226,25.84803088636345],[-14.568299372962882,25.847219914377714],[-14.56902427035038,25.846013143238334],[-14.569791599999977,25.845184499999952],[-14.5704588840505,25.844447386902722],[-14.575078593892824,25.838814317725483],[-14.575353421977972,25.837673149344887],[-14.57615587798708,25.83636480894167],[-14.577069333029264,25.835098944089797],[-14.577298945122159,25.834831366327183],[-14.578534313446895,25.833570516530155],[-14.584694933386832,25.82691053143815],[-14.58501255973685,25.826523039830086],[-14.58582863991221,25.825373672740874],[-14.58612175200228,25.825024734167172],[-14.589272262483302,25.819260475114692],[-14.58992252544304,25.81838694429164],[-14.596569464766613,25.809492494582265],[-14.596944670492924,25.808084860412418],[-14.597142706813866,25.807638635330733],[-14.597241283939896,25.80748271566175],[-14.598219682113685,25.806346973899497],[-14.598654,25.805739],[-14.599370321260105,25.80441111433496],[-14.599542233751315,25.804089826564308],[-14.601366374243028,25.801914178359684],[-14.602453494334997,25.80054924425846],[-14.602969546972151,25.800080987908714],[-14.604076705576414,25.799228419915444],[-14.604270813512192,25.799008361141432],[-14.604358005916236,25.79888223654352],[-14.60476261069001,25.798474655966853],[-14.605137621352629,25.798168130891195],[-14.605481932490003,25.797816799824805],[-14.606269384743833,25.796755066058765],[-14.606629676270382,25.796455529908542],[-14.607790944686846,25.795212590249864],[-14.608216315803553,25.794800961632426],[-14.608414682863517,25.79464828505758],[-14.608524756260227,25.79451947390925],[-14.608990026405984,25.793980450051524],[-14.609670006109114,25.793054881811724],[-14.609925640738748,25.79276897767906],[-14.61063874258407,25.791402728319476],[-14.610793675495088,25.791230041646585],[-14.610826686819518,25.79118758545176],[-14.611183779621246,25.790645035023175],[-14.611216268088185,25.790603004103186],[-14.613558293450208,25.78759631837916],[-14.61403422005338,25.786785106525635],[-14.61452726458809,25.786175479726282],[-14.614644676425081,25.785978739070806],[-14.614959528851585,25.785654237219347],[-14.615175915786185,25.785452979225603],[-14.616228398963727,25.78478911448278],[-14.61798128253264,25.782782178249143],[-14.618357992808324,25.782635718038872],[-14.61895139980804,25.78208367847743],[-14.620260031736109,25.781179321668617],[-14.62063867718399,25.78099058904273],[-14.623832083242068,25.779504149087874],[-14.624691485200673,25.7790815503285],[-14.626232326974344,25.778195152936597],[-14.626946060682423,25.777420458512008],[-14.627817834554353,25.77694236884056],[-14.628378745703728,25.776569290621154],[-14.630412515454356,25.77537581348659],[-14.630458994180646,25.7753440320873],[-14.631283443093341,25.774848535877283],[-14.632869,25.774046],[-14.63316444284293,25.77387743709472],[-14.636234635998164,25.770545869532913],[-14.63637703087361,25.770328002206778],[-14.637100838833756,25.768524974390484],[-14.637596776723399,25.767527527621535],[-14.637612615266011,25.767495672618136],[-14.637693190250118,25.766075348200324],[-14.63751850000003,25.76466049999995],[-14.6388067170165,25.75617839154879],[-14.639029133520172,25.755524446436585],[-14.641339131280446,25.74599710844241],[-14.641365614535058,25.74588002079208],[-14.643040555010714,25.741187959385766],[-14.64344867493434,25.74062748774011],[-14.645128966248873,25.736541944693926],[-14.645538576652811,25.735168459248616],[-14.645730227107947,25.734674248123785],[-14.646938528494186,25.730412333477272],[-14.64707545455914,25.729888124724344],[-14.647124604844048,25.72945502991917],[-14.647608186502502,25.726046805694917],[-14.648627619295702,25.72315010989168],[-14.64946930317403,25.720620645345505],[-14.64955582924781,25.72028414477336],[-14.650168872488063,25.718855174290468],[-14.650426281391677,25.71804372462656],[-14.650852394847588,25.716668191419885],[-14.651190950450683,25.714732201123592],[-14.651238256789707,25.714622672371302],[-14.6515277,25.714169899999973],[-14.65339960055287,25.711314612861337],[-14.653923889484517,25.70977474109142],[-14.654272815616594,25.709308219987093],[-14.654973797458542,25.70844869601177],[-14.655277900000048,25.707355399999955],[-14.655427100000047,25.7062567],[-14.655584560439321,25.70588977015615],[-14.655980463289321,25.70517561710648],[-14.656623900000039,25.703955899999965],[-14.6572714,25.7027345],[-14.65810183647049,25.701085831963844],[-14.658329202278281,25.69948139280792],[-14.658688648006564,25.698346694533015],[-14.658811043247086,25.69773196282092],[-14.658865024613526,25.69744618090518],[-14.65913817414014,25.696683758635032],[-14.659315548920766,25.696453654691155],[-14.659578615910736,25.694653161373605],[-14.659567043207318,25.69443179858524],[-14.65999947001147,25.692984501235333],[-14.661186561171897,25.69135967619855],[-14.66152508478361,25.69012413960866],[-14.661628273859257,25.687702440426175],[-14.661597225696994,25.68744822584621],[-14.66158637504062,25.68647644834694],[-14.661579455425251,25.686440458975902],[-14.661553389874111,25.68630489034385],[-14.661387674330733,25.68175598215879],[-14.661452822023476,25.68154526607931],[-14.661643540665299,25.681213291692973],[-14.66189277668894,25.680981085932842],[-14.662154881633192,25.679571432456196],[-14.662521011480697,25.67875190612643],[-14.662814304800833,25.678477891547015],[-14.662933793460748,25.678455346516827],[-14.662973928172857,25.678242765660443],[-14.66276995248637,25.67746566333687],[-14.663644984611613,25.675282537735516],[-14.663921025082347,25.674647771519453],[-14.664179492503955,25.674349600158376],[-14.664498800000043,25.674273500000023],[-14.664463202238416,25.673966912847202],[-14.664441757556386,25.67378221966139],[-14.664465920922094,25.67372727979833],[-14.664598590034057,25.673679678777518],[-14.66471481370359,25.673637978299958],[-14.664768194989914,25.673512831650914],[-14.664751111106806,25.673473922495816],[-14.664394557566247,25.672635588138505],[-14.664999236334726,25.671910236654384],[-14.664740667095018,25.6704229660637],[-14.664787365331673,25.668879126244782],[-14.66452224330947,25.667724797791692],[-14.66447021624921,25.667597526258202],[-14.664256900000012,25.6670757],[-14.664871157836613,25.66508642446293],[-14.66558,25.663718],[-14.666827390187665,25.661376428713815],[-14.667164481945461,25.66025407180358],[-14.667358295151551,25.659718366199225],[-14.668077344276682,25.65864226268475],[-14.67006912416077,25.65495974152811],[-14.67032045064311,25.65475835313149],[-14.670987222381148,25.653110124238534],[-14.671095917508055,25.652895685672107],[-14.671446364919944,25.652460604902206],[-14.671590005529591,25.652261381513306],[-14.671820700000033,25.651820499999967],[-14.671892929345583,25.651173399144948],[-14.67364361975567,25.64867878781657],[-14.6742067440187,25.648200479991498],[-14.674354528576245,25.647835593279588],[-14.674691613210953,25.647404737707742],[-14.674934525802339,25.64722148416448],[-14.675315929905928,25.64708058944214],[-14.675096900000035,25.637587699999976],[-14.683564299141407,25.62121925317402],[-14.683643874430548,25.621140537834],[-14.684395994944332,25.620396545287537],[-14.684548623752347,25.620215666490306],[-14.686061801990538,25.61533365395392],[-14.685335056551473,25.614143592456593],[-14.68483630856829,25.613242195005604],[-14.684539598207547,25.609709798635944],[-14.684571682008583,25.60932012411218],[-14.684594398169377,25.60904422447299],[-14.68516131047723,25.60663244257737],[-14.685116893660185,25.60589311806324],[-14.685093277209605,25.605795566487757],[-14.684966805853472,25.60437507832204],[-14.68511780730612,25.60321392893028],[-14.6851513,25.6029065],[-14.685341240374967,25.601641110608032],[-14.68542010726905,25.60133890987959],[-14.685472130186668,25.6011766190422],[-14.68560359809123,25.60076649140377],[-14.685904707360127,25.599840347055892],[-14.685697646654567,25.59947635432438],[-14.685675666176152,25.599425394363596],[-14.686033599437092,25.596931749200362],[-14.686325411729957,25.594023991625892],[-14.686156801575763,25.593379969719244],[-14.685752050449903,25.592104623123625],[-14.685708626933495,25.591769431247382],[-14.685472420090768,25.591090457441435],[-14.685453865044913,25.591045658628953],[-14.6851459,25.590511],[-14.684786834094528,25.589600855871343],[-14.684616568982651,25.58811083635877],[-14.684592181461493,25.587579295370034],[-14.684634620161958,25.587366171340054],[-14.684875525017489,25.58654042347628],[-14.684933008339591,25.585833628918998],[-14.685111598487355,25.584645474142544],[-14.68515075542209,25.584053774906025],[-14.685263419984924,25.583134401265696],[-14.685423553315442,25.582112127041963],[-14.686307380173265,25.57745900604853],[-14.68648395584133,25.576931205642733],[-14.68686322634209,25.575744347022923],[-14.687110212248081,25.57453579963833],[-14.6872391,25.57417008771187],[-14.687328791896585,25.57390188547711],[-14.6875181,25.57357369031477],[-14.687591931116213,25.57315372178397],[-14.687783112642379,25.572571317753813],[-14.68784674912051,25.572388065399277],[-14.687934189034575,25.57210381538926],[-14.6881053,25.5715225],[-14.688112997739218,25.571480830502647],[-14.688230209997517,25.57091923430448],[-14.688263435964295,25.570790142819245],[-14.688844786301232,25.569198074106204],[-14.689108874572927,25.56862596955074],[-14.68919669658419,25.568472675296473],[-14.689435290067784,25.567986016889076],[-14.68953015353107,25.567599351359515],[-14.690132622329273,25.565578538360946],[-14.69024606312337,25.564284406427024],[-14.690333732337868,25.56350158734758],[-14.690859405482879,25.562348817714152],[-14.690965849874594,25.562055751968305],[-14.691591175493564,25.56117219004628],[-14.692279940591408,25.559886549916722],[-14.692423560550544,25.55955090263367],[-14.692875029243453,25.557847269595314],[-14.69352749210115,25.556845727979006],[-14.694166336004985,25.555453909371554],[-14.694770068721237,25.554503291220666],[-14.695404085239815,25.55311759567303],[-14.695830831782715,25.550202785111754],[-14.696164400000029,25.5490433],[-14.697166348046515,25.5450718960774],[-14.6977416,25.5443543],[-14.699163111087827,25.54284029519447],[-14.69947982973906,25.54248554047281],[-14.699973990090733,25.541862358680234],[-14.701794625145155,25.538846718915554],[-14.70196880157919,25.53874195982769],[-14.702960355637469,25.537085100594204],[-14.703152930219794,25.53657111424641],[-14.706193491830017,25.53113493913901],[-14.706228066353528,25.531100827962728],[-14.706797,25.530492],[-14.707144053989179,25.5301394944137],[-14.707829461181383,25.52872910341122],[-14.708135815977315,25.528503146331417],[-14.70853672232126,25.52756512418586],[-14.708537686121723,25.52715165378055],[-14.708720358286925,25.525611121902326],[-14.709110025904712,25.52491861658425],[-14.71107201329105,25.52117527916972],[-14.711176388718634,25.521016408767117],[-14.711981022833113,25.51905204759221],[-14.712143911251863,25.51875827690015],[-14.712342021231374,25.518506590007938],[-14.7126717,25.51818869999998],[-14.713013931533077,25.517851392251757],[-14.714878000535474,25.514204573545918],[-14.714920718693785,25.514043530577666],[-14.7154492,25.5124023],[-14.715711651801191,25.51150822705081],[-14.71720773288728,25.50906165949363],[-14.717254276740928,25.508935302472292],[-14.717681323674654,25.5075403355711],[-14.7222281,25.5011408],[-14.72256117118011,25.500665207762086],[-14.724962974009799,25.497945217760144],[-14.725088675448657,25.497767269094563],[-14.726472300000033,25.496762299999954],[-14.726839585373824,25.4965567522813],[-14.728284166486949,25.494635889951084],[-14.728550068550312,25.4943575918549],[-14.72878705593585,25.49408407388094],[-14.729050950938056,25.49329215485574],[-14.729600407814942,25.492798023603026],[-14.729707777200947,25.49231933822538],[-14.729743184389594,25.492033098041112],[-14.729870667707404,25.491140178679753],[-14.730964571485234,25.48968184043552],[-14.73108509380521,25.489200368515224],[-14.73110721416699,25.4884562156273],[-14.73120125808236,25.48825592036981],[-14.73204644844019,25.486643903890617],[-14.747807493877339,25.47055169345958],[-14.748385747423114,25.47022544781435],[-14.751110675872926,25.467061735919632],[-14.751502053988403,25.46688118988232],[-14.7520381,25.4665398],[-14.753681753234744,25.463879588092087],[-14.754165722340957,25.46372514214903],[-14.754372560300435,25.463598877488927],[-14.754437136736751,25.463557264066473],[-14.754735400000047,25.463054099999983],[-14.755259928208915,25.462279973660774],[-14.758037929599173,25.459260017973207],[-14.758893259523937,25.45837041876165],[-14.759348425794112,25.457775184165566],[-14.75960445947468,25.457449533601007],[-14.760344240722352,25.4569164644142],[-14.76227900942706,25.455293174129082],[-14.7627638,25.454963],[-14.763606843652015,25.454102579713908],[-14.764125754353913,25.453083607022663],[-14.764746898061393,25.452781584783143],[-14.764941601452648,25.45178485625479],[-14.76497256785028,25.451326284574943],[-14.7680181920941,25.447330729116313],[-14.769176057815464,25.44621626248758],[-14.76941952399452,25.445878364634442],[-14.770194328883086,25.445120921524268],[-14.770204091330392,25.444964639634666],[-14.770370776098058,25.444658682081368],[-14.770519128057796,25.444548150549398],[-14.770618594991909,25.444526445833816],[-14.771472241315848,25.444004296060708],[-14.771566882330537,25.443477587970342],[-14.771655808279286,25.44334917504796],[-14.771875934110614,25.443050376083796],[-14.772272644570657,25.442489474497545],[-14.772329383703049,25.442207997875045],[-14.77537642894335,25.438001481283457],[-14.7754637913169,25.437613017068983],[-14.775438743624765,25.43534043485234],[-14.775437966788504,25.435329015001496],[-14.775976485851784,25.433781144240857],[-14.77598591916502,25.433758656513717],[-14.776892370855066,25.43072628125745],[-14.776914666818753,25.430672384454756],[-14.779344803754064,25.427447468997745],[-14.780578243885117,25.426363375399767],[-14.780808020036087,25.425834254888258],[-14.781343727607501,25.424651338062482],[-14.781866827623135,25.424287755758048],[-14.78209953493625,25.42406113192388],[-14.782186751380026,25.42385172736952],[-14.782892078778724,25.42320062066371],[-14.783609849077692,25.422060007036542],[-14.784564549228403,25.420741261651237],[-14.784875293814201,25.42039348987612],[-14.7865892651817,25.419438441900045],[-14.786790182329911,25.41918855068837],[-14.78684559674157,25.418998353414892],[-14.786913455810026,25.418765442707816],[-14.786997441325429,25.418489786147248],[-14.787222519001038,25.417817007361677],[-14.787231867343586,25.417789064268103],[-14.787246105160463,25.41767363377241],[-14.787238892236072,25.417622138431263],[-14.787135264347048,25.417027542189707],[-14.787110691782708,25.41608944198719],[-14.787263322703499,25.416006878715148],[-14.787279940387913,25.415997889642767],[-14.788177130448261,25.414066196362374],[-14.788243067272084,25.413907890731725],[-14.78872693778925,25.411964330749615],[-14.788804144426777,25.41156234198263],[-14.788832058354572,25.41141700363112],[-14.788880181627313,25.411166442077416],[-14.790121,25.408772],[-14.79032321143194,25.408510290969733],[-14.790584545599296,25.40628568028586],[-14.79065902322864,25.405943551014616],[-14.790668935606899,25.405813181691883],[-14.790711730582569,25.405656584323722],[-14.790763230028,25.40487582578567],[-14.79081904997745,25.404717294883095],[-14.791548666167946,25.403546571864958],[-14.791748073268126,25.403031765464547],[-14.793394833995794,25.397466526166813],[-14.793510358476375,25.397327749016153],[-14.793680339449562,25.395919722929584],[-14.79358176278145,25.391642221583247],[-14.793507789384591,25.39137107354494],[-14.793407788472187,25.389782368147067],[-14.79342029154862,25.38966590346674],[-14.793822061846313,25.388565717624957],[-14.793955284250382,25.388147963157035],[-14.793707874670599,25.387672962884334],[-14.79378602703651,25.387465100361585],[-14.7928499,25.384695649443966],[-14.79285085161277,25.38407347103634],[-14.792853806913815,25.382539531269078],[-14.792847081212807,25.382484932965554],[-14.7925719,25.381575275305646],[-14.7925719,25.3814736],[-14.792011467817675,25.37780031561159],[-14.792011579706728,25.377685181781363],[-14.79280556088522,25.37386642501749],[-14.792916505557285,25.373578552013974],[-14.793291427331777,25.373175159189987],[-14.794652027360673,25.370381908582097],[-14.79473448115106,25.370084207001963],[-14.795066868768565,25.368560260037466],[-14.795262934441508,25.368243882213143],[-14.796140254172087,25.36744906471047],[-14.796754155366028,25.36654649864143],[-14.797077135473042,25.365463520922017],[-14.797501173874181,25.364214613120986],[-14.797923332947894,25.36255124373608],[-14.79793257458752,25.362534576358065],[-14.797986970960082,25.36240005559891],[-14.797987900000038,25.361573223501455],[-14.798029462924251,25.361219712165962],[-14.798159154125996,25.360636555223667],[-14.798231734235905,25.360310198505687],[-14.798542813810585,25.359862825597613],[-14.79913145426289,25.35881950179243],[-14.799500722900945,25.357980411670656],[-14.799979079974364,25.35728946025786],[-14.80036799045082,25.356489597411997],[-14.800624036401118,25.355725844742484],[-14.800965625863345,25.355491088914906],[-14.803036006031206,25.351318662765813],[-14.80334192174217,25.35109462243692],[-14.803775728794317,25.35074031626301],[-14.80427984074384,25.34897585764513],[-14.80582224704758,25.347300378935046],[-14.806067538385754,25.347046195176116],[-14.80705280259094,25.345529291548573],[-14.8072761,25.3449223],[-14.807937815784166,25.3441538814451],[-14.80841210000003,25.343380299999986],[-14.809823703214793,25.341080526564742],[-14.81062962253701,25.340209546195283],[-14.811107720384449,25.339717802020246],[-14.81138667220991,25.33945941244642],[-14.812809100000042,25.33862329999994],[-14.813415474922719,25.337955690416784],[-14.812958748322057,25.333529414140433],[-14.81352715069832,25.332537160933978],[-14.811841085864751,25.32357390827482],[-14.812011301420576,25.322232286860636],[-14.81255174841369,25.321765800261776],[-14.812694125520771,25.321495182351118],[-14.812737463773939,25.32091747836768],[-14.8129791,25.3202223],[-14.813651402820456,25.319261526585514],[-14.813708835650385,25.319157581252473],[-14.81385233681511,25.318782407868557],[-14.813887017731915,25.318531093337327],[-14.813909623608996,25.31836728032635],[-14.814088260634545,25.3179073],[-14.814710680994931,25.317137857358386],[-14.814740164166746,25.3168743515104],[-14.814769848816152,25.31660904495634],[-14.814921323516252,25.31610646823943],[-14.816387442663316,25.313615828391484],[-14.816387557284955,25.313556798248147],[-14.81663506328152,25.31282875184917],[-14.817004241465757,25.31220123979448],[-14.817456109568035,25.311448875155286],[-14.817759709848694,25.31085011925664],[-14.817828864593459,25.31074847816537],[-14.819008687050168,25.309541599999964],[-14.819067717348329,25.309503979216053],[-14.820839123869014,25.306198231490935],[-14.821190700000049,25.305683599999963],[-14.822314642899537,25.304655333114663],[-14.822493907309227,25.30455421148996],[-14.822806694259894,25.302933612279883],[-14.823153874888039,25.301915231720027],[-14.823679181516276,25.301229447206165],[-14.824014007902752,25.301066988229657],[-14.824389056769993,25.300826734976905],[-14.824445551620542,25.300752667507243],[-14.82456016791233,25.299768286339066],[-14.82547215956231,25.29865106327456],[-14.825864875228882,25.29816288338423],[-14.826439700000034,25.29761556668635],[-14.82660347654232,25.297453888847517],[-14.827229053839837,25.29686688543371],[-14.828172043787653,25.280558163316847],[-14.82824198711126,25.28024231399231],[-14.8263317,25.2745476],[-14.826256119789818,25.273893240253557],[-14.825768588742179,25.272516193266338],[-14.825721748481708,25.27244494686014],[-14.825260266124596,25.27181790338357],[-14.825105038988013,25.271534738970015],[-14.824899202157056,25.271139734791582],[-14.824899774206308,25.27069811273497],[-14.824900103117885,25.270444192992528],[-14.8248778438224,25.270307980181062],[-14.825188200000046,25.267024399999972],[-14.825111083964888,25.266813014556067],[-14.8249072,25.265944059615386],[-14.82476520000004,25.26560739999997],[-14.824342560839128,25.264685471360494],[-14.824343012351289,25.264336452492998],[-14.82450069217474,25.260845920304195],[-14.824849383817488,25.260294857304203],[-14.8251992,25.2593024],[-14.825132474367589,25.25860275491541],[-14.825135190875756,25.25595702895911],[-14.825397197582856,25.255585472844853],[-14.825459420023908,25.255140409551192],[-14.825466339699194,25.255090914651603],[-14.825758656487515,25.254437998464297],[-14.825773106845963,25.254063357457973],[-14.826279768730917,25.25033387383624],[-14.826301719379149,25.250234749330126],[-14.826878000462358,25.249267090460116],[-14.826980149558917,25.24899867873456],[-14.82691321662399,25.248731005008796],[-14.8269138097967,25.2479675916798],[-14.827994440955763,25.244171944432402],[-14.828189851911265,25.24386945956905],[-14.8294692,25.2418064],[-14.8300362,25.2412924],[-14.8310023,25.2396758],[-14.831439468119035,25.23877282900491],[-14.833517757509854,25.23413829296617],[-14.83364314823717,25.233797442115858],[-14.834159559348077,25.233044309169973],[-14.834430150984069,25.232305324341727],[-14.834733831491437,25.231489363893672],[-14.834892766007997,25.231141819571135],[-14.83510399146894,25.23037918448592],[-14.835156177726123,25.230190625069927],[-14.836188197528275,25.227567824992715],[-14.836233906114611,25.22748464505653],[-14.836783035667906,25.226173577502987],[-14.836924058663284,25.225703432364526],[-14.837287298844366,25.224291502795793],[-14.837546873238551,25.223820422198397],[-14.837987640690216,25.222913085825805],[-14.838234399492505,25.22143325615447],[-14.840478887097248,25.217993555533514],[-14.8408212,25.2174256],[-14.843473660138624,25.211586240945906],[-14.843515770631672,25.21150987860812],[-14.843664607947721,25.211228382471113],[-14.843729503251364,25.21099325124776],[-14.844637846319715,25.207705730059907],[-14.84473043228613,25.207370268935204],[-14.845037656659539,25.20603686154661],[-14.845079397456136,25.205746910131467],[-14.844611613769777,25.20102996226724],[-14.844670394828647,25.200748416403556],[-14.844985523869761,25.199239030901555],[-14.844381887174649,25.19611893145178],[-14.842519780965032,25.18918435655151],[-14.842430000874192,25.188690725802655],[-14.842280329367092,25.187867798832976],[-14.842133722783775,25.187573880970305],[-14.84191818441138,25.18711371335314],[-14.841903115379173,25.187072460541565],[-14.841664844735654,25.184827685685708],[-14.841415192070802,25.183940191902266],[-14.840865729129437,25.18266509834011],[-14.8408662,25.1821656],[-14.840332710460586,25.18075576000969],[-14.84030520000001,25.178739555748365],[-14.839980162839534,25.177769625131475],[-14.83984179708193,25.176879142648712],[-14.839414068945864,25.17503833095233],[-14.839345980690783,25.17441240535019],[-14.839167709731308,25.172872963516394],[-14.839065764460031,25.172686786868393],[-14.838591086472277,25.171384411515753],[-14.838549178321486,25.171178568592683],[-14.838373324229646,25.170285075259343],[-14.837741428041191,25.16858607540724],[-14.837170870468182,25.163966020349783],[-14.837232233059046,25.162600380589485],[-14.836934668046382,25.161466268192715],[-14.836935826211736,25.160572164540604],[-14.836938200000045,25.158739599999947],[-14.837302057481168,25.157859748348233],[-14.83753261013906,25.15672017354346],[-14.837613013990776,25.156055189221306],[-14.838341377067916,25.14974184804648],[-14.838936700000023,25.146219388098135],[-14.838504315280083,25.143966090333137],[-14.838505034498546,25.143318434068874],[-14.8391779,25.13925501840395],[-14.839602141139999,25.137977590073007],[-14.840752553525167,25.135501707691766],[-14.84106,25.134988],[-14.841572540456589,25.13405791238632],[-14.841911,25.133444],[-14.843225297146853,25.13070826725533],[-14.843612,25.129843],[-14.84415431141176,25.129071209030762],[-14.844631845485814,25.128803390627674],[-14.8446803128389,25.128367184449893],[-14.844741662569767,25.12781503687218],[-14.845565137608325,25.126418384867822],[-14.845031,25.125211],[-14.844418700000013,25.12411469999998],[-14.843798899199285,25.123437171410036],[-14.8436811,25.122437599999948],[-14.843256831846707,25.12156388227698],[-14.842466287641738,25.120856315172514],[-14.841364,25.118773],[-14.840854774724317,25.11817327560031],[-14.840517189221298,25.117805102085256],[-14.840517639797941,25.1173410081617],[-14.840521,25.114783976599064],[-14.84038,25.114525],[-14.839886186014045,25.113043760533888],[-14.839831553162437,25.112994129281386],[-14.839676361078364,25.112479450375492],[-14.839676553231591,25.11228172470801],[-14.839677,25.111692290831815],[-14.839677,25.111604702721085],[-14.839935602542662,25.109966623579126],[-14.83983753121045,25.10957899794233],[-14.839398,25.109248],[-14.839116,25.108475],[-14.83871980771255,25.10744516848164],[-14.837889481701819,25.106507268794214],[-14.837394699267515,25.104992800559753],[-14.8372689029434,25.10441664444184],[-14.836862,25.102874350849525],[-14.837062497899066,25.100035454054336],[-14.837368924507048,25.09914121722965],[-14.837686105873278,25.098389743882944],[-14.838430125867902,25.097212818800898],[-14.838534888402428,25.097075483473464],[-14.838553346541268,25.097051286325534],[-14.838372083839708,25.09648469905728],[-14.838682592216408,25.095203136105116],[-14.83880563130084,25.094457220178136],[-14.840208920509586,25.09056296391712],[-14.840574467564522,25.089725572600564],[-14.840876137975249,25.088936412408852],[-14.841565255024154,25.087153402708196],[-14.840900365017458,25.08578393582901],[-14.84086524731948,25.085655212594535],[-14.840927276050326,25.085283607792764],[-14.840743353891757,25.08435696951652],[-14.839340533432074,25.081627267500128],[-14.839168401949205,25.081468656309514],[-14.838161,25.081577],[-14.835808929793757,25.080073470572014],[-14.835243330603216,25.07963258452113],[-14.829833,25.07552],[-14.818768414853906,25.049400195075485],[-14.8190965,25.0483389],[-14.818839,25.047425199999985],[-14.818917288949702,25.04672841572455],[-14.81893673368985,25.046416651389862],[-14.819203707575069,25.0453974972303],[-14.8189678,25.0446647],[-14.818681410180318,25.04269661286107],[-14.818934158377335,25.04169045284417],[-14.818764059282614,25.041160427053],[-14.820142548457245,25.034584500085778],[-14.820285,25.03407],[-14.822513326333702,25.021203662524485],[-14.822564,25.020689],[-14.822278506219662,25.01760682943811],[-14.822286054976153,25.017571687280657],[-14.822524892707918,25.01433483486275],[-14.82237234142449,25.013776204006245],[-14.822238406753048,25.0134325877865],[-14.822041718701362,25.01325279428209],[-14.823785740279089,25.007563879186332],[-14.823714,25.007049],[-14.82342455303744,25.00624880010125],[-14.82285245246377,25.005761],[-14.823328298470587,24.992876253342462],[-14.823379992341685,24.992576192333416],[-14.823463299582347,24.99231766895788],[-14.823453,24.991863],[-14.823383670581087,24.99068682829886],[-14.824158201813487,24.987624899416126],[-14.824419304130608,24.987077178336907],[-14.82446177327132,24.976302917772287],[-14.824680344187442,24.975054356954086],[-14.825173,24.97359],[-14.825174899752742,24.972123390910173],[-14.825224258134035,24.972001267348244],[-14.825530181109343,24.971461897578596],[-14.8259554642498,24.96934554806424],[-14.826311,24.967929],[-14.826787281885535,24.967157592698378],[-14.827118534994295,24.966609853038136],[-14.827886133180996,24.96546806302298],[-14.828292,24.964843],[-14.828634790278215,24.964365528216334],[-14.82884612997959,24.96407115363634],[-14.829704527448957,24.962798252959818],[-14.829707,24.962013],[-14.829597941550183,24.961010441250565],[-14.829714492052801,24.96072626104788],[-14.830275,24.959697],[-14.83059375630965,24.959183],[-14.831078678517132,24.958303893345814],[-14.83153448017049,24.95669437541117],[-14.831693654576146,24.95448056051275],[-14.831694558402347,24.953748981193907],[-14.832026634630875,24.95048419799344],[-14.83226587041443,24.94884388831366],[-14.832265946261654,24.948795080640075],[-14.832267180780663,24.947977437328124],[-14.832268,24.947088],[-14.832046400000038,24.94627282857145],[-14.832024966315114,24.945666062189254],[-14.832272,24.944771],[-14.832555,24.944257],[-14.833107763532595,24.943440147468237],[-14.83284,24.94208661882998],[-14.832690313759684,24.94139132801576],[-14.832581570942,24.940992733346047],[-14.832401687643358,24.940042534719094],[-14.83230470022578,24.939507718387844],[-14.832279634630137,24.938782165481467],[-14.832279884144768,24.938653665451827],[-14.83224239439979,24.938559572337834],[-14.831716668463413,24.937476741342298],[-14.831719468887368,24.935846505431304],[-14.831845901557777,24.93538981346842],[-14.83200255661238,24.934912847034507],[-14.832004466337363,24.9337663754728],[-14.83149877086742,24.932983231727835],[-14.831339775370473,24.9327451394177],[-14.831273855609359,24.93262475403837],[-14.83116,24.932158],[-14.830599,24.929326],[-14.83060085608146,24.928150105112785],[-14.830368500057052,24.927826610766758],[-14.830605201514953,24.92458921980958],[-14.830606832985733,24.923749012359565],[-14.830894,24.920318],[-14.830898,24.916972],[-14.830900568138823,24.915023988328834],[-14.830837156242023,24.914737372865062],[-14.830058696815236,24.911464140163343],[-14.829029088601022,24.910366740634977],[-14.829251422242784,24.90834765673301],[-14.829511613779209,24.907383860298946],[-14.829861958657926,24.906675],[-14.830632,24.905389],[-14.83128390430173,24.90440253435961],[-14.831444687440793,24.903528417575306],[-14.831764,24.902559],[-14.831999845339734,24.901917899287774],[-14.83216053020426,24.901175216072847],[-14.832232984463118,24.900781309820342],[-14.83224708164352,24.900704668811336],[-14.832898,24.898957],[-14.833182018727005,24.897655542807474],[-14.833219550986527,24.896441414886784],[-14.833467,24.895097],[-14.833795473405083,24.894633088736363],[-14.833926360431278,24.894040410159924],[-14.834025375499866,24.893592053194414],[-14.83449220376829,24.89313598456378],[-14.834599098693886,24.892962709669387],[-14.83459994955087,24.892304997178694],[-14.834600860865184,24.89160141209259],[-14.83466457916009,24.891436262034873],[-14.835166,24.890723],[-14.835662657872124,24.890208628825917],[-14.837361141780145,24.88781838355381],[-14.837429,24.887052210078327],[-14.83735607272698,24.88593658999731],[-14.83761724337785,24.88532],[-14.83793827926922,24.88456207594252],[-14.838280701935087,24.88315750344332],[-14.838559632679127,24.881986913680972],[-14.83857887387488,24.881814403756536],[-14.83865708319061,24.880969961913973],[-14.838945666482335,24.880431423167494],[-14.83940573964352,24.879699471797203],[-14.839570401194575,24.87951705969256],[-14.839630111429418,24.879462835203675],[-14.839915184206749,24.87811606836512],[-14.84084831098846,24.87789827310729],[-14.840814551870647,24.87777888739584],[-14.840606055324486,24.87643706319529],[-14.840547,24.876057],[-14.84049726758549,24.875784706212546],[-14.840732679115849,24.875285579218232],[-14.840831352858626,24.87433195424289],[-14.841119406777956,24.873707605190127],[-14.84190580513804,24.87301637366073],[-14.842398112362192,24.87231604637073],[-14.843482720942218,24.871229535108483],[-14.844496541095717,24.868889271875027],[-14.844725210646743,24.868057166197467],[-14.845329266291625,24.86725074221592],[-14.846311369020366,24.866628092026467],[-14.846326168612318,24.86565575059092],[-14.846767,24.865254],[-14.847067698806011,24.86390628243329],[-14.847250354678971,24.863242137934055],[-14.847570782295278,24.86272297155512],[-14.847899028940343,24.862408124672864],[-14.847780406721386,24.861580012084097],[-14.84774483872819,24.86148216845867],[-14.847621030158926,24.86087714981984],[-14.847939955177853,24.86058662374313],[-14.847988341741159,24.860542682588417],[-14.848184129932527,24.86023116949803],[-14.848158445325428,24.859077202917202],[-14.848449135131876,24.85733291759089],[-14.848888862110986,24.855364107598298],[-14.848966363892053,24.855152689312266],[-14.849194158151864,24.853788685655932],[-14.849353226528557,24.853523427668357],[-14.849435564901832,24.8531502956739],[-14.849513167718024,24.852798623756698],[-14.850080652411414,24.85107174886189],[-14.850139974479626,24.850749237336114],[-14.85019934580243,24.850426458031862],[-14.85092776928616,24.84792284034497],[-14.851193268727826,24.847597091974997],[-14.851427541041513,24.847269985528865],[-14.851534627480607,24.8470754893108],[-14.851632907676692,24.846549794507734],[-14.851890230071803,24.845697],[-14.852054032871047,24.84420935359702],[-14.852196304591132,24.84389532797271],[-14.852576673652536,24.843375940253743],[-14.85292561266552,24.843124],[-14.853191954305656,24.84284698081714],[-14.85325874205838,24.842483881203915],[-14.853875492477304,24.8415309695201],[-14.85481636081005,24.84072663808075],[-14.855816479210814,24.839811902862184],[-14.85591725988968,24.83909843256791],[-14.856425589581205,24.83839704039891],[-14.85646463363068,24.838290669508],[-14.856739865773461,24.83760064986133],[-14.856834262743863,24.83746040136301],[-14.857731080274945,24.836578277525746],[-14.857804,24.835922],[-14.857804,24.83515],[-14.85812011395053,24.834378],[-14.858551454754494,24.833930404609262],[-14.858724833614385,24.832443467955635],[-14.858892109832986,24.831534050767146],[-14.85904524640393,24.830507967208405],[-14.859299139032807,24.82901982505925],[-14.860176868393289,24.827687441255964],[-14.860674011970637,24.82702751477814],[-14.861766,24.824086],[-14.862852439448163,24.82309437610575],[-14.863112245946137,24.822893061904217],[-14.86320072423812,24.821687161288054],[-14.863846104545452,24.821256],[-14.86423017383462,24.820787021847824],[-14.864782601230893,24.819712591491584],[-14.865168993475937,24.81915982698444],[-14.866192702260967,24.817655],[-14.866470178580146,24.817334860852316],[-14.866472824674812,24.817315685983225],[-14.866541933237867,24.81681489224108],[-14.866934606225827,24.81636840001104],[-14.867387787475947,24.81574494414485],[-14.868029989537774,24.814567838633934],[-14.868160664960394,24.814280289371798],[-14.868183996672377,24.814111052306],[-14.868190213458153,24.81406595871904],[-14.868330993605046,24.81290165352277],[-14.868514464552458,24.81256659133153],[-14.869006632806165,24.81167174595338],[-14.869992846880837,24.81026568232625],[-14.870383286869131,24.809808588674176],[-14.871088,24.808908],[-14.872035858818151,24.805047423508487],[-14.87330097374628,24.803075897173553],[-14.873096422713257,24.80288336636327],[-14.872947486893757,24.802743182598054],[-14.872935733875732,24.80267422659981],[-14.8735132,24.7997471],[-14.874328600000037,24.79764339999997],[-14.87444405290559,24.797151435174644],[-14.87459140085507,24.79690826318979],[-14.874485127119215,24.796134524722536],[-14.874485341339954,24.795859036820044],[-14.874485538733513,24.795605188738957],[-14.874485604429761,24.795520703360975],[-14.874485777633904,24.795297962798916],[-14.874485893714537,24.795148683105623],[-14.874486757941375,24.794816451125264],[-14.874488503274426,24.792693316945424],[-14.87422448987527,24.79195494072966],[-14.874107752455341,24.791831495171547],[-14.87392601786885,24.791394187401462],[-14.8739067174062,24.790523949202715],[-14.874046179236828,24.789863461310706],[-14.87435053429273,24.789038517805896],[-14.874681017623427,24.78831958513763],[-14.875028101521455,24.78730208630704],[-14.875197795103162,24.78690559807974],[-14.875495646179308,24.786070659743764],[-14.875955294875727,24.78518707523738],[-14.876124728528612,24.783994502746133],[-14.876313590919938,24.783430470905877],[-14.87685779275278,24.782538605149785],[-14.877174196336735,24.781761479947285],[-14.8772548030091,24.781687733417204],[-14.877475834390115,24.781201723269387],[-14.877576820578177,24.78092659835415],[-14.877904156281403,24.77983114361757],[-14.877910462602824,24.779751719247468],[-14.878329437712404,24.778214825416843],[-14.878733,24.776997],[-14.878844666163733,24.776080222089792],[-14.880146,24.77391],[-14.880731517519086,24.773469607686696],[-14.880770298613228,24.77227191291591],[-14.880991757520269,24.771754534184193],[-14.882692,24.764390007841254],[-14.882693,24.763163601282724],[-14.882696,24.76040235838155],[-14.882806125545459,24.759912246841388],[-14.883261,24.758469],[-14.883546,24.755638],[-14.884879195113092,24.752580554002233],[-14.885342343482636,24.751778],[-14.885663494949359,24.751013798190495],[-14.885885597542044,24.750234],[-14.88617838416399,24.749774607331332],[-14.886093401398899,24.74898775252059],[-14.8861103468764,24.747438763541115],[-14.88617517083067,24.7467339171651],[-14.885758974181158,24.746116],[-14.885682511902825,24.746010737606277],[-14.88599735584147,24.74474571412539],[-14.88694,24.743028],[-14.887222,24.742256],[-14.887408894045446,24.740617974704882],[-14.886814607096124,24.740454],[-14.886799653859502,24.74044162512239],[-14.88638,24.738909],[-14.886089991050273,24.738585725940677],[-14.885930317377323,24.7372644262972],[-14.885844064887566,24.73655068694461],[-14.884753817281133,24.73541508602002],[-14.884411,24.735044134210483],[-14.884541943947411,24.72527836089007],[-14.884473451703712,24.72483780899386],[-14.883576,24.723206],[-14.883576602384458,24.72263837440323],[-14.8846644,24.7143344],[-14.88155343247783,24.710365519472013],[-14.881416043804947,24.709231140929578],[-14.881977548737295,24.706917794011392],[-14.88217327751704,24.706217],[-14.882467353642982,24.703460873863914],[-14.882623653011198,24.702986146014617],[-14.883032,24.702099],[-14.883473575716033,24.701327032935666],[-14.884530627469257,24.69972094222228],[-14.884691283104452,24.69952619055611],[-14.88597491877563,24.698052693833695],[-14.886082514900904,24.69796271861063],[-14.887263,24.696697],[-14.887984692473939,24.696114682040516],[-14.889070578903514,24.694731850104358],[-14.889156228047291,24.694625199967813],[-14.891609307786453,24.691961540565433],[-14.893639650585436,24.690508621985003],[-14.900654,24.686281],[-14.901749729425491,24.68547217116395],[-14.902345,24.685107118023254],[-14.9027187,24.6847816],[-14.90319906761723,24.68447731726886],[-14.903573848446646,24.68430623614425]]]},"properties":{"shapeName":"Boujdour Province","shapeISO":"","shapeID":"96644757B48127384361052","shapeGroup":"MAR","shapeType":"ADM2"}},
{"type":"Feature","geometry":{"type":"Polygon","coordinates":[[[-9.461118,31.92196],[-9.43717,31.90237],[-9.4254321,31.9066949],[-9.4181021,31.90452],[-9.4159306,31.8870965],[-9.4080128,31.8857592],[-9.3916792,31.9052923],[-9.3829674,31.885634],[-9.3705219,31.8756248],[-9.3494934,31.864538],[-9.336696,31.86191],[-9.3242677,31.8822572],[-9.30978,31.88921],[-9.2624536,31.8890322],[-9.25326,31.8949487],[-9.2259659,31.9009495],[-9.213662,31.9240419],[-9.1906165,31.9401583],[-9.1556062,31.9179406],[-9.1213597,31.8911411],[-9.1039746,31.9009073],[-9.0299006,31.9081263],[-9.0183134,31.8805587],[-9.0166826,31.8608818],[-9.0275831,31.8351923],[-9.0423932,31.8204834],[-9.0346022,31.8120759],[-9.0266463,31.8096099],[-9.0242697,31.8031636],[-9.0290628,31.7995685],[-9.0282045,31.7937207],[-9.0198419,31.7906967],[-9.0175483,31.7964799],[-9.0113057,31.8005521],[-9.0019836,31.7984081],[-9.0109562,31.7923655],[-9.0042351,31.7770437],[-9.0011367,31.7761496],[-8.9909369,31.7828715],[-8.9822218,31.7809382],[-8.9629582,31.8087985],[-8.952401,31.8385532],[-8.9554909,31.8420531],[-8.9311665,31.8639684],[-8.9203003,31.8813452],[-8.9244588,31.897582],[-8.9283684,31.9013857],[-8.9427021,31.9058305],[-8.9414147,31.9085264],[-8.9294284,31.9233634],[-8.896863,31.9282739],[-8.8864775,31.9336643],[-8.8802977,31.9399285],[-8.8804693,31.9466291],[-8.8615008,31.9767034],[-8.8561793,31.9774314],[-8.8468237,31.9850831],[-8.8427897,31.9958496],[-8.8333483,32.0044459],[-8.8298292,32.0141986],[-8.8463946,32.0385685],[-8.8541193,32.0392233],[-8.8550635,32.045553],[-8.8454504,32.0503545],[-8.852231,32.0659286],[-8.8363903,32.0712693],[-8.8318952,32.0862127],[-8.8390191,32.0900668],[-8.8697465,32.120094],[-8.8506921,32.151274],[-8.8341268,32.1592671],[-8.8227971,32.1716188],[-8.8259729,32.1893442],[-8.8245996,32.1956635],[-8.8146432,32.2075018],[-8.8158277,32.2345536],[-8.801082,32.2380711],[-8.7877164,32.2266395],[-8.7683813,32.2186836],[-8.7618152,32.2197583],[-8.7631799,32.2309982],[-8.760708,32.2329076],[-8.7516786,32.2252658],[-8.738598,32.2303012],[-8.7308733,32.2363998],[-8.717827,32.2595527],[-8.7060682,32.2578107],[-8.6881725,32.2461858],[-8.6802332,32.2490314],[-8.6782591,32.2588269],[-8.63573,32.267598],[-8.621997,32.2732587],[-8.6212675,32.2782769],[-8.6042662,32.2819173],[-8.5940566,32.3019355],[-8.5821219,32.2986055],[-8.5877052,32.288368],[-8.5830703,32.2848851],[-8.5713115,32.2951883],[-8.5684791,32.2924312],[-8.5653892,32.2946804],[-8.5590377,32.2897466],[-8.5558613,32.2972445],[-8.5482107,32.3321146],[-8.5767,32.35099],[-8.61103,32.4198],[-8.62247,32.44886],[-8.6298241,32.4793756],[-8.6630945,32.5132089],[-8.6891055,32.5253314],[-8.7143483,32.5227912],[-8.7333438,32.5073802],[-8.7405009,32.5075234],[-8.7436767,32.5047764],[-8.7472054,32.5056357],[-8.7457635,32.5173214],[-8.7541963,32.5085383],[-8.7651741,32.5075973],[-8.7792589,32.5138257],[-8.7911722,32.5093562],[-8.8030168,32.5119909],[-8.8258282,32.4994372],[-8.8360837,32.5001294],[-8.8404552,32.494969],[-8.8521217,32.4942435],[-8.8701113,32.5012116],[-8.8879426,32.5028765],[-8.932493,32.5226684],[-8.9312657,32.529746],[-8.95032,32.54432],[-8.9714816,32.5684421],[-8.9946559,32.580568],[-9.00688,32.6099],[-9.0184053,32.6086181],[-9.0037,32.65587],[-8.9801934,32.6741352],[-9.0487378,32.7219219],[-9.0593229,32.7210063],[-9.1259323,32.6583109],[-9.2848325,32.5422497],[-9.2718247,32.5284761],[-9.2711307,32.5162697],[-9.2653509,32.5133033],[-9.2621387,32.5040837],[-9.24766,32.4953872],[-9.2326194,32.4795742],[-9.2316302,32.4748261],[-9.2333589,32.4579604],[-9.2476158,32.4258604],[-9.2489901,32.4163909],[-9.2678321,32.3924672],[-9.2858015,32.3761908],[-9.2905392,32.3624783],[-9.2820056,32.3479104],[-9.2807504,32.3299295],[-9.253076,32.3197073],[-9.2516954,32.3129412],[-9.2470608,32.3098333],[-9.2495037,32.3094941],[-9.246508,32.3094201],[-9.2458718,32.305415],[-9.2485202,32.3063347],[-9.2483995,32.3052565],[-9.2463433,32.3045054],[-9.2452304,32.3015469],[-9.2493704,32.3051695],[-9.2530089,32.3115426],[-9.2565982,32.313148],[-9.2533516,32.311339],[-9.2498186,32.3050824],[-9.2437829,32.3003775],[-9.2522162,32.272971],[-9.2656827,32.2517505],[-9.2530581,32.2278103],[-9.2509072,32.2186082],[-9.252928,32.2003497],[-9.2635867,32.1718656],[-9.2755342,32.1614191],[-9.2787829,32.153558],[-9.289,32.147113],[-9.322313,32.1129501],[-9.3195463,32.1033929],[-9.3238812,32.0907832],[-9.3295442,32.0845628],[-9.3295329,32.0665997],[-9.3413658,32.0519794],[-9.344649,32.0335309],[-9.461118,31.92196]]]},"properties":{"shapeName":"Province de Safi إقليم أسفي","shapeISO":"","shapeID":"96644757B23117375948520","shapeGroup":"MAR","shapeType":"ADM2"}},
{"type":"Feature","geometry":{"type":"Polygon","coordinates":[[[-8.4806362,32.3286443],[-8.5067459,32.3311536],[-8.517067,32.3166947],[-8.5330187,32.3164844],[-8.5426231,32.2966291],[-8.5558613,32.2972445],[-8.5590377,32.2897466],[-8.5653892,32.2946804],[-8.5684791,32.2924312],[-8.5713115,32.2951883],[-8.5830703,32.2848851],[-8.5877052,32.288368],[-8.5821219,32.2986055],[-8.5940566,32.3019355],[-8.6042662,32.2819173],[-8.6212675,32.2782769],[-8.621997,32.2732587],[-8.63573,32.267598],[-8.6782591,32.2588269],[-8.6802332,32.2490314],[-8.6881725,32.2461858],[-8.7060682,32.2578107],[-8.717827,32.2595527],[-8.7308733,32.2363998],[-8.738598,32.2303012],[-8.7516786,32.2252658],[-8.760708,32.2329076],[-8.7631799,32.2309982],[-8.7618152,32.2197583],[-8.7683813,32.2186836],[-8.7877164,32.2266395],[-8.801082,32.2380711],[-8.8158277,32.2345536],[-8.8146432,32.2075018],[-8.8245996,32.1956635],[-8.8259729,32.1893442],[-8.8227971,32.1716188],[-8.8341268,32.1592671],[-8.8506921,32.151274],[-8.8697465,32.120094],[-8.8390191,32.0900668],[-8.8318952,32.0862127],[-8.8363903,32.0712693],[-8.852231,32.0659286],[-8.8454504,32.0503545],[-8.8550635,32.045553],[-8.8541193,32.0392233],[-8.8463946,32.0385685],[-8.8298292,32.0141986],[-8.8333483,32.0044459],[-8.8427897,31.9958496],[-8.8468237,31.9850831],[-8.8561793,31.9774314],[-8.8615008,31.9767034],[-8.8804693,31.9466291],[-8.8802977,31.9399285],[-8.8864775,31.9336643],[-8.896863,31.9282739],[-8.9294284,31.9233634],[-8.9414147,31.9085264],[-8.9427021,31.9058305],[-8.9283684,31.9013857],[-8.9244588,31.897582],[-8.9203003,31.8813452],[-8.9311665,31.8639684],[-8.9554909,31.8420531],[-8.952401,31.8385532],[-8.9629582,31.8087985],[-8.9822218,31.7809382],[-8.971543,31.7686089],[-8.9609273,31.7688776],[-8.9562823,31.7569619],[-8.949227,31.7540134],[-8.9412061,31.7575244],[-8.9351744,31.7668776],[-8.9306675,31.7665469],[-8.918394,31.7511847],[-8.9188009,31.7470264],[-8.9232425,31.7449107],[-8.9229404,31.7398357],[-8.9178776,31.7347813],[-8.9081154,31.7368069],[-8.9042518,31.7445251],[-8.8948104,31.7481746],[-8.889979,31.7453208],[-8.8960292,31.7381309],[-8.8860556,31.7334299],[-8.8763951,31.7331769],[-8.8681124,31.7392995],[-8.8615357,31.7392904],[-8.8586711,31.7332408],[-8.8633381,31.7258858],[-8.8534461,31.7210308],[-8.8469015,31.7241884],[-8.8438438,31.7375385],[-8.8363014,31.7404305],[-8.8237809,31.7225822],[-8.8190495,31.7215053],[-8.8163458,31.7250188],[-8.8192851,31.738357],[-8.8100326,31.7438114],[-8.8049836,31.7544566],[-8.7929999,31.7571902],[-8.7831186,31.7514154],[-8.7815629,31.7458866],[-8.7745892,31.7400655],[-8.7577664,31.7449104],[-8.7480246,31.7407772],[-8.7383584,31.7495468],[-8.7297319,31.7526196],[-8.7232731,31.7517621],[-8.7193249,31.7556941],[-8.7059353,31.7494265],[-8.7007319,31.7530119],[-8.6836408,31.7557305],[-8.6753903,31.7537965],[-8.672633,31.7504027],[-8.6587607,31.7542435],[-8.6520659,31.7480398],[-8.6439051,31.7503621],[-8.6228625,31.7455217],[-8.6204586,31.7303116],[-8.6157272,31.7244713],[-8.5978422,31.7242067],[-8.5863194,31.732821],[-8.5786698,31.7229564],[-8.5508606,31.7210582],[-8.5344348,31.7160295],[-8.5294995,31.7220347],[-8.5246286,31.7223541],[-8.5227403,31.7285961],[-8.509458,31.7269809],[-8.4944055,31.7342806],[-8.4868416,31.7349193],[-8.4799967,31.7316165],[-8.472583,31.7262234],[-8.4722022,31.7227191],[-8.4512863,31.7254751],[-8.4385565,31.7200817],[-8.4344581,31.7210764],[-8.4301183,31.7298691],[-8.4236542,31.7303709],[-8.415114,31.7246721],[-8.4089522,31.7301063],[-8.4097933,31.7336992],[-8.4000337,31.7442984],[-8.40124,31.75771],[-8.4066,31.77709],[-8.42606,31.80765],[-8.41999,31.83475],[-8.41068,31.85446],[-8.39868,31.86493],[-8.3892282,31.883314],[-8.3783964,31.8952366],[-8.3786925,31.9071467],[-8.3722724,31.9226395],[-8.3757914,31.9290902],[-8.3639683,31.942092],[-8.3408455,31.9831651],[-8.32411,32.00184],[-8.31204,32.02243],[-8.27712,32.03497],[-8.24221,32.04198],[-8.2372607,32.0461354],[-8.2329692,32.0522463],[-8.2372307,32.0640233],[-8.2454404,32.0718968],[-8.2350034,32.0799551],[-8.2264975,32.09347],[-8.2390159,32.1033368],[-8.2304672,32.1135261],[-8.2545587,32.1478671],[-8.27491,32.15321],[-8.3763,32.168],[-8.38991,32.17549],[-8.41152,32.23734],[-8.42402,32.25171],[-8.46814,32.28522],[-8.47352,32.31334],[-8.4806362,32.3286443]]]},"properties":{"shapeName":"Province de Youssoufia إقليم اليوسفية","shapeISO":"","shapeID":"96644757B54259280648674","shapeGroup":"MAR","shapeType":"ADM2"}},
{"type":"Feature","geometry":{"type":"Polygon","coordinates":[[[-5.4317471,34.272334],[-5.4298848,34.261672],[-5.4225462,34.2567417],[-5.4191345,34.2571443],[-5.416345,34.2522847],[-5.4179328,34.247212],[-5.4103368,34.2434871],[-5.4101652,34.2403652],[-5.4047364,34.2413106],[-5.4093712,34.2374081],[-5.403642,34.2373141],[-5.4034918,34.2344988],[-5.3981918,34.2362142],[-5.3976768,34.2389815],[-5.3929561,34.2281246],[-5.3845018,34.2316727],[-5.386905,34.2287278],[-5.3811115,34.226244],[-5.3865188,34.2224117],[-5.3833431,34.2197148],[-5.3728717,34.2188276],[-5.3708118,34.2136819],[-5.3638166,34.2132206],[-5.3608983,34.2161137],[-5.3559416,34.2137715],[-5.3540963,34.2121789],[-5.3573149,34.2090159],[-5.3523582,34.2093531],[-5.3516501,34.2034659],[-5.3470367,34.2070107],[-5.3457063,34.1957236],[-5.338228,34.1903674],[-5.3448772,34.190651],[-5.3418439,34.1831037],[-5.3359251,34.1808799],[-5.3401286,34.1800106],[-5.3365254,34.1771716],[-5.3387135,34.1769928],[-5.3365061,34.1743694],[-5.3385172,34.168529],[-5.3398095,34.1740898],[-5.3454668,34.1755859],[-5.353029,34.1709435],[-5.3498093,34.1671837],[-5.3525167,34.1611103],[-5.34784,34.1586813],[-5.3443767,34.1507169],[-5.3367625,34.1479711],[-5.3416993,34.1439834],[-5.3367056,34.1435705],[-5.3387087,34.1412121],[-5.3356225,34.1349077],[-5.3422731,34.1196217],[-5.3388399,34.1110945],[-5.3551262,34.099887],[-5.3518003,34.0893462],[-5.3371018,34.0878038],[-5.3390759,34.0804108],[-5.3307689,34.0667466],[-5.30837,34.0682323],[-5.2768148,34.0802581],[-5.2750896,34.0899612],[-5.2793726,34.1053845],[-5.2696007,34.1097942],[-5.2555803,34.1105617],[-5.2486452,34.1079003],[-5.2402305,34.0996776],[-5.2307323,34.0959034],[-5.2426799,34.078463],[-5.240517,34.0599098],[-5.2537349,34.0501854],[-5.2336377,34.0496058],[-5.2331527,34.0296521],[-5.2003268,34.0060792],[-5.1956748,33.9949681],[-5.1882096,33.9975174],[-5.1839739,33.9913104],[-5.1881855,33.9802684],[-5.1552823,33.9512639],[-5.1512054,33.9372652],[-5.1383694,33.9193328],[-5.1312455,33.9229082],[-5.125615,33.9183143],[-5.0845879,33.9128298],[-5.0725501,33.9189696],[-5.0550836,33.9150165],[-5.0323385,33.9196462],[-5.0240558,33.9148028],[-4.9817246,33.9019881],[-4.9950021,33.9230649],[-5.0055593,33.9672818],[-5.0041503,33.9839699],[-5.0095062,33.9838009],[-5.0127912,33.9887354],[-5.019142,33.9891539],[-5.0217169,33.9890472],[-5.0223392,33.9811616],[-5.0455778,33.9864496],[-5.0458997,33.9808058],[-5.0523799,33.9764285],[-5.06504,33.9862503],[-5.0694173,33.9939362],[-5.070576,34.003329],[-5.0651043,34.0072282],[-5.0705331,34.0133256],[-5.0689238,34.0161215],[-5.0778287,34.0208667],[-5.0776142,34.0265221],[-5.0735372,34.0268777],[-5.0636452,34.0351858],[-5.0633649,34.0429914],[-5.0542562,34.0453732],[-5.0576585,34.0567489],[-5.0444406,34.0649261],[-5.0153011,34.0741333],[-4.9830716,34.075022],[-4.9701206,34.0691074],[-4.9586528,34.0728536],[-4.9492758,34.0647341],[-4.9395126,34.0744888],[-4.9417442,34.0652816],[-4.9377101,34.0540823],[-4.9410219,34.0440555],[-4.9317479,34.0477857],[-4.9115532,34.0491612],[-4.878444,34.0376895],[-4.8567289,34.0356979],[-4.8493474,34.0279092],[-4.8298639,34.0199419],[-4.8169914,34.024139],[-4.8113266,34.0351645],[-4.7980421,34.03956],[-4.8038164,34.0449084],[-4.8015848,34.0533],[-4.7835174,34.0628285],[-4.7814146,34.0693343],[-4.7557705,34.0829166],[-4.7483676,34.0926515],[-4.76063,34.11987],[-4.7578344,34.1467803],[-4.7638683,34.1655382],[-4.7847723,34.1709922],[-4.8021,34.18192],[-4.8001965,34.1995403],[-4.8164657,34.2060213],[-4.835533,34.2051695],[-4.8221407,34.2161322],[-4.8231278,34.2224488],[-4.8199091,34.2273456],[-4.8372619,34.239141],[-4.8378906,34.2304325],[-4.8419397,34.2275389],[-4.8563013,34.2222713],[-4.8616306,34.2149398],[-4.8690635,34.2154721],[-4.8823072,34.2108799],[-4.8824638,34.2040655],[-4.8918966,34.2020034],[-4.9004689,34.2061312],[-4.9000806,34.2084026],[-4.8890685,34.2145512],[-4.8883217,34.2182437],[-4.8949672,34.2229243],[-4.909405,34.222408],[-4.9118758,34.2278547],[-4.9049879,34.2301274],[-4.9059889,34.2435473],[-4.8949565,34.248097],[-4.8894805,34.2475045],[-4.8879226,34.254185],[-4.8936443,34.2584681],[-4.9103041,34.259761],[-4.9141836,34.2624823],[-4.9242548,34.2568879],[-4.9284755,34.2466168],[-4.9357732,34.2466709],[-4.9395906,34.2609022],[-4.951285,34.2537522],[-4.9573897,34.2612498],[-4.9527527,34.2667233],[-4.945706,34.2686056],[-4.9399768,34.2775726],[-4.9585793,34.284764],[-4.9597779,34.2906871],[-4.9732178,34.2905628],[-4.9923461,34.2858457],[-4.9960025,34.286546],[-4.995951,34.2923219],[-4.999586,34.2918823],[-5.004135,34.2841526],[-5.0100273,34.2843086],[-5.0099268,34.2944659],[-5.0285628,34.2920053],[-5.0370385,34.2988267],[-5.0519944,34.302869],[-5.0460207,34.2885714],[-5.0487501,34.2863978],[-5.0646846,34.2781765],[-5.0658712,34.2898514],[-5.0700319,34.296618],[-5.0878632,34.2942674],[-5.0978582,34.2853873],[-5.0921118,34.2755346],[-5.0980577,34.2684116],[-5.1043942,34.2667855],[-5.1127541,34.2769601],[-5.1222427,34.2799655],[-5.109235,34.289761],[-5.1248154,34.2986105],[-5.1342568,34.2984261],[-5.1333127,34.306618],[-5.1456176,34.3097419],[-5.1508844,34.3023507],[-5.1544914,34.3023285],[-5.1608182,34.311976],[-5.1783545,34.3146762],[-5.1823864,34.311026],[-5.1883087,34.3186611],[-5.1982887,34.3084649],[-5.2109959,34.3059312],[-5.216267,34.2994356],[-5.2284689,34.3028868],[-5.2266096,34.2936106],[-5.2308131,34.2897335],[-5.2256708,34.2799744],[-5.2328698,34.278118],[-5.2406997,34.2824069],[-5.2427955,34.2784916],[-5.2446394,34.2874935],[-5.2574389,34.2804761],[-5.2552609,34.2751569],[-5.2716696,34.2755682],[-5.272603,34.2703054],[-5.2816689,34.2663271],[-5.2882997,34.2665545],[-5.2875987,34.276625],[-5.2907852,34.2759034],[-5.2916338,34.2685348],[-5.2957108,34.2659298],[-5.3061757,34.2650893],[-5.3165676,34.2741284],[-5.3152405,34.2817412],[-5.3258159,34.2703533],[-5.3263244,34.261163],[-5.3504643,34.2583033],[-5.355421,34.2536513],[-5.362766,34.2577304],[-5.3611932,34.2675205],[-5.3748467,34.2663909],[-5.3804911,34.2745035],[-5.3903477,34.2698754],[-5.3979772,34.2621792],[-5.4090438,34.2677306],[-5.4072907,34.2768644],[-5.4182094,34.2678388],[-5.4317471,34.272334]]]},"properties":{"shapeName":"Province de Moulay Yacoub إقليم مولاي يعقوب","shapeISO":"","shapeID":"96644757B42104761334354","shapeGroup":"MAR","shapeType":"ADM2"}},
{"type":"Feature","geometry":{"type":"Polygon","coordinates":[[[-3.1962672,35.2268111],[-3.1841018,35.2137581],[-3.1691731,35.2075721],[-3.1696559,35.202953],[-3.1757928,35.1971396],[-3.1695261,35.1882289],[-3.1697042,35.1804388],[-3.1939775,35.1732706],[-3.1942779,35.1657913],[-3.2037837,35.1466356],[-3.2008247,35.1343317],[-3.2148108,35.1210624],[-3.2213232,35.1095253],[-3.2209841,35.0986414],[-3.2278163,35.0978057],[-3.225619,35.0776173],[-3.2197739,35.078713],[-3.2084809,35.0582593],[-3.2247516,35.0487374],[-3.2319166,35.04854],[-3.2531967,35.0317455],[-3.2436047,35.007009],[-3.2265502,34.9954997],[-3.2056676,34.9903351],[-3.2013117,34.9610852],[-3.2565652,34.9514935],[-3.2605134,34.9329295],[-3.2575045,34.9087543],[-3.2668006,34.8714267],[-3.2705771,34.868962],[-3.264381,34.8683675],[-3.228417,34.818248],[-3.2675772,34.8050701],[-3.2608567,34.7572246],[-3.2165295,34.768241],[-3.1819119,34.7687627],[-3.15171,34.75906],[-3.12889,34.74654],[-3.0865,34.73312],[-3.03023,34.70848],[-3.01296,34.70676],[-2.95568,34.68066],[-2.9378452,34.6637159],[-2.9146929,34.6769432],[-2.8948107,34.6809881],[-2.8678218,34.6948908],[-2.8588643,34.6963719],[-2.8466896,34.7071441],[-2.8398592,34.7078711],[-2.8329622,34.7168809],[-2.8206758,34.7228322],[-2.816027,34.7309939],[-2.808431,34.7328632],[-2.8033096,34.7386928],[-2.7988104,34.7462492],[-2.7908711,34.7511153],[-2.7964715,34.7619749],[-2.7839048,34.7627831],[-2.7774461,34.7713322],[-2.7777036,34.7835109],[-2.767361,34.7970094],[-2.7686914,34.8023483],[-2.7414541,34.8238615],[-2.7424057,34.8299357],[-2.7370198,34.8303761],[-2.7334579,34.8354838],[-2.723995,34.8401509],[-2.7155836,34.8365934],[-2.7099327,34.8450142],[-2.7118285,34.8520025],[-2.7039321,34.8539395],[-2.7021297,34.862708],[-2.6944131,34.8540448],[-2.6907744,34.8624526],[-2.6723613,34.8653387],[-2.669928,34.8611167],[-2.6663623,34.8609129],[-2.6670346,34.8748502],[-2.672509,34.8825714],[-2.6679766,34.8857795],[-2.6555714,34.8876307],[-2.6574218,34.8772919],[-2.6536461,34.8754084],[-2.649922,34.8777855],[-2.648975,34.8855845],[-2.6446882,34.8903486],[-2.6473394,34.8973984],[-2.6315339,34.9133816],[-2.6261075,34.91323],[-2.6195721,34.9206185],[-2.6007422,34.9188185],[-2.5986608,34.9272282],[-2.5885467,34.9292716],[-2.5783833,34.9235337],[-2.5682338,34.9291634],[-2.5590499,34.9306236],[-2.5588782,34.9384164],[-2.5530664,34.9415417],[-2.5489755,34.9500868],[-2.5369088,34.9480409],[-2.5316485,34.9407735],[-2.5200109,34.9433007],[-2.511063,34.9416033],[-2.5098904,34.9482313],[-2.5020937,34.9451739],[-2.4977056,34.9501778],[-2.485625,34.9504328],[-2.4868588,34.9552253],[-2.4832002,34.9581095],[-2.4705906,34.9583175],[-2.4670641,34.9651612],[-2.4553696,34.9715618],[-2.4556593,34.9783574],[-2.4458854,34.9870072],[-2.4511071,34.9914517],[-2.4489538,34.9970886],[-2.4537174,34.9982136],[-2.4574321,35.0041159],[-2.4519604,35.0093182],[-2.4442872,35.0101575],[-2.4418625,35.0170817],[-2.4275845,35.024695],[-2.4328631,35.0320221],[-2.4275716,35.0336342],[-2.4268895,35.0391244],[-2.4333375,35.0464724],[-2.4230751,35.0535742],[-2.4051064,35.0559407],[-2.3983835,35.0658332],[-2.397923,35.0724287],[-2.393297,35.0742019],[-2.3971062,35.0794038],[-2.4085378,35.0789962],[-2.4110449,35.0818866],[-2.4054329,35.0863527],[-2.3925188,35.0888341],[-2.3892479,35.0972084],[-2.3751888,35.0945784],[-2.3691852,35.0965628],[-2.3681647,35.1065919],[-2.3647762,35.1093467],[-2.3476594,35.111716],[-2.3436423,35.1240717],[-2.3673973,35.1273362],[-2.4059363,35.1374574],[-2.4185846,35.1425048],[-2.420244701755951,35.14619243780032],[-2.4231784,35.1441504],[-2.4230773,35.1470699],[-2.418468405474598,35.146534775422175],[-2.42371382712677,35.148321511933936],[-2.4808639,35.10459],[-2.4959143,35.0980541],[-2.5009783,35.0996868],[-2.5053128,35.0946833],[-2.5203246,35.0893161],[-2.5300664,35.0894565],[-2.5365337,35.085009],[-2.5646168,35.0812648],[-2.5992109,35.0875079],[-2.6075057,35.0853171],[-2.6254075,35.0865737],[-2.650966,35.0909629],[-2.6733453,35.0996055],[-2.6899964,35.1013619],[-2.722982,35.1180943],[-2.7429884,35.1231149],[-2.7638911,35.1343247],[-2.8399049,35.1927365],[-2.8398842,35.197373],[-2.8426055,35.1926824],[-2.8445614,35.1954546],[-2.8414632,35.196794],[-2.8444711,35.1962709],[-2.8567142,35.2061615],[-2.8545013,35.2108272],[-2.8620458,35.1992018],[-2.8596968,35.2021699],[-2.8525271,35.1943023],[-2.8446383,35.1942439],[-2.8435481,35.1914729],[-2.8346034,35.1869564],[-2.8128545,35.1647838],[-2.7887044,35.1516532],[-2.7840374,35.1395391],[-2.7776801,35.1368388],[-2.7837917,35.1397341],[-2.7851707,35.1435341],[-2.7833961,35.1399184],[-2.772211,35.1347726],[-2.7605208,35.1207441],[-2.7573949,35.1200954],[-2.7630122,35.1244753],[-2.7564473,35.1231775],[-2.7450617,35.1131314],[-2.7550031,35.0982264],[-2.7846515,35.1030569],[-2.8109212,35.1023298],[-2.8577957,35.1210259],[-2.8587282,35.1243678],[-2.8646721,35.123989],[-2.8789924,35.1304861],[-2.9021611,35.1485311],[-2.9060355,35.1563378],[-2.9051362,35.1588577],[-2.9051812,35.1550368],[-2.9019586,35.1524709],[-2.904673,35.155244],[-2.9045818,35.1582536],[-2.9020444,35.1582886],[-2.9052148,35.1591509],[-2.9057464,35.1638915],[-2.9111151,35.1651084],[-2.9244603,35.1848485],[-2.9253822,35.198013],[-2.9112103,35.205839],[-2.9114396,35.2107771],[-2.9039676,35.2062846],[-2.8989854,35.2131073],[-2.9060261,35.2182081],[-2.9165404,35.2171131],[-2.9241035,35.2250763],[-2.9244281,35.2314081],[-2.9312414,35.2390431],[-2.9293979,35.2509687],[-2.9215753,35.2581034],[-2.9210573,35.2546173],[-2.915364,35.2522036],[-2.9150038,35.2471112],[-2.9051957,35.2442985],[-2.9033271,35.235174],[-2.8988381,35.2386328],[-2.9009791,35.2341441],[-2.8950616,35.2340889],[-2.880473,35.2222474],[-2.8730291,35.2079868],[-2.8667206,35.2092324],[-2.8611413,35.2060282],[-2.8648899,35.2006884],[-2.8580248,35.2100829],[-2.8579658,35.2115037],[-2.8587812,35.2093525],[-2.8641671,35.2114493],[-2.9225367,35.2640226],[-2.9136388,35.2768788],[-2.9179388,35.2844031],[-2.914093,35.2768352],[-2.9206622,35.2787051],[-2.9162655,35.2740757],[-2.9216435,35.2767937],[-2.9187932,35.2711212],[-2.923776,35.2699623],[-2.9229982,35.2679974],[-2.9266425,35.2737328],[-2.9457706,35.2658477],[-2.9505435,35.2656282],[-2.9541862,35.272749],[-2.968338,35.2819737],[-2.9648215,35.2870471],[-2.970193,35.2887334],[-2.9671195,35.3027276],[-2.9600484,35.3159326],[-2.9520982,35.3201288],[-2.9615476,35.3315707],[-2.9563487,35.3467427],[-2.9714079,35.3629304],[-2.965754,35.3796327],[-2.9594763,35.3837425],[-2.9635523,35.3914531],[-2.9555427,35.4042995],[-2.963702,35.407386],[-2.9644847,35.4120118],[-2.9613425,35.4184353],[-2.9500362,35.4263975],[-2.9561532,35.4361652],[-2.9636878,35.4389944],[-2.9649452,35.435911],[-2.9709112,35.4355272],[-2.9727939,35.4395107],[-2.9768761,35.4397685],[-2.9762488,35.4371987],[-2.9889867,35.43269],[-2.9945416,35.4355726],[-2.9952333,35.4173158],[-3.0051095,35.4105723],[-3.0035965,35.408832],[-3.0073411,35.4060055],[-3.0050828,35.4044335],[-3.0102648,35.4015476],[-3.0029531,35.3973061],[-3.0056233,35.3936048],[-3.0110373,35.3951022],[-3.0077489,35.3907641],[-3.010297,35.3894565],[-3.0099376,35.3818729],[-3.0488401,35.31829],[-3.0676853,35.2944771],[-3.0835452,35.2810562],[-3.1027565,35.2729267],[-3.1101733,35.2721008],[-3.1246395,35.2835633],[-3.1347858,35.284551],[-3.1342016,35.2804541],[-3.142878,35.2740584],[-3.1429481,35.269308],[-3.1652023,35.2458933],[-3.1854928,35.2312224],[-3.1962672,35.2268111]]]},"properties":{"shapeName":"Province de Nador إقليم الناظور","shapeISO":"","shapeID":"96644757B25654465299878","shapeGroup":"MAR","shapeType":"ADM2"}},
{"type":"Feature","geometry":{"type":"Polygon","coordinates":[[[-5.4905028,35.2500981],[-5.4967367,35.2285567],[-5.5287,35.2175],[-5.5467146,35.2081607],[-5.5393331,35.1846395],[-5.539419,35.1524626],[-5.5358999,35.1325053],[-5.5153005,35.1224283],[-5.53408,35.10678],[-5.5246561,35.0906868],[-5.5308445,35.0805695],[-5.5003647,35.0498549],[-5.4988288,35.0428931],[-5.4909324,35.038747],[-5.4936961,35.0243235],[-5.4879064,35.0248313],[-5.4764394,35.0349511],[-5.4695086,35.0353904],[-5.4575009,35.0428931],[-5.4501409,35.0336343],[-5.4301209,35.0276955],[-5.422439,35.0223888],[-5.41156,35.0235486],[-5.4097576,35.0270453],[-5.4080409,35.0246204],[-5.3962178,35.0267642],[-5.3943295,35.0246029],[-5.376348,35.0238297],[-5.3711681,35.0172215],[-5.3625635,35.0143921],[-5.3526158,34.9960789],[-5.3448696,34.9956394],[-5.321975,34.9799413],[-5.3175976,34.9732953],[-5.3074696,34.9686884],[-5.2729141,34.936312],[-5.228956,34.9091447],[-5.2285053,34.9043231],[-5.2229821,34.903921],[-5.2155149,34.8931857],[-5.2116396,34.8933239],[-5.2145493,34.8869199],[-5.2054941,34.8774146],[-5.2008679,34.876567],[-5.201739,34.8714468],[-5.1961043,34.8724652],[-5.1993358,34.8623271],[-5.1955034,34.8608279],[-5.1996019,34.8606694],[-5.1917484,34.8509146],[-5.1959755,34.8472342],[-5.1912677,34.8453702],[-5.1912119,34.8360714],[-5.1824572,34.8319606],[-5.1852038,34.8301535],[-5.1840021,34.8207121],[-5.1697542,34.785826],[-5.1534464,34.775886],[-5.1449363,34.7652856],[-5.1246159,34.7673974],[-5.1121275,34.7762844],[-5.0901892,34.7798164],[-5.0838506,34.774617],[-5.080044,34.7824071],[-5.0208071,34.8007979],[-5.0147989,34.7977708],[-5.0173975,34.7915453],[-4.9874318,34.7936264],[-4.9777952,34.7902818],[-4.975482,34.7942132],[-4.9508989,34.8077205],[-4.9211156,34.8144725],[-4.9082153,34.8236257],[-4.884938,34.8332957],[-4.8749246,34.8256133],[-4.8630499,34.8251994],[-4.8069553,34.8349608],[-4.7905702,34.8427522],[-4.793652,34.8576104],[-4.7917466,34.8619365],[-4.7766348,34.8520394],[-4.7694148,34.8546454],[-4.7629346,34.8635424],[-4.7632157,34.8744189],[-4.7558343,34.8823051],[-4.7496595,34.9002151],[-4.7368471,34.899029],[-4.7274207,34.9080619],[-4.6881446,34.9114704],[-4.6921529,34.9363932],[-4.6882026,34.9400924],[-4.6816515,34.9363158],[-4.655853,34.9597856],[-4.637388,34.9467262],[-4.6099222,34.9470076],[-4.58149,34.9533],[-4.5651186,34.962062],[-4.5422876,34.9802079],[-4.5296983,34.9948459],[-4.5144677,35.0016273],[-4.4899309,35.0299832],[-4.476198,35.0578103],[-4.4703615,35.0793067],[-4.4942224,35.0829591],[-4.4828928,35.1147],[-4.4676198,35.1364999],[-4.4835157,35.1460663],[-4.4676624,35.1652603],[-4.4921021,35.1760368],[-4.5199393,35.1751767],[-4.5919281,35.1917247],[-4.6030346,35.1875956],[-4.615047,35.1894915],[-4.6336637,35.1969504],[-4.6473641,35.2088415],[-4.64872,35.2139621],[-4.655851047173159,35.21336259913802],[-4.6583371,35.2095909],[-4.6593361,35.2125321],[-4.6627765,35.2123565],[-4.665507,35.2080793],[-4.6773319,35.2046515],[-4.7224391,35.2172497],[-4.7375137,35.2248834],[-4.7489839,35.2241095],[-4.7655916,35.2338852],[-4.7810647,35.2373396],[-4.7940619,35.2503868],[-4.8171963,35.2575429],[-4.8296111,35.2663486],[-4.8679044,35.3018638],[-4.8792648,35.3001455],[-4.8969804,35.3048882],[-4.926989,35.3181975],[-4.9363161,35.3267308],[-4.9403941,35.3359127],[-4.9725015,35.3653475],[-4.9866694,35.3730668],[-5.0045368,35.3888722],[-5.0162842,35.4034076],[-5.0296605,35.399405],[-5.0579374,35.4051445],[-5.0678745,35.4148786],[-5.0803356,35.4352093],[-5.0798345,35.4278795],[-5.0888843,35.4232565],[-5.0942648,35.4278892],[-5.0908928,35.432283],[-5.1019692,35.4330759],[-5.104763,35.4236132],[-5.1155133,35.4235783],[-5.1173994,35.4198756],[-5.12543,35.4179057],[-5.1229741,35.4091181],[-5.1304682,35.4074881],[-5.1385309,35.3952378],[-5.146393,35.3906216],[-5.1527992,35.3928502],[-5.159611,35.3909391],[-5.1596828,35.3853491],[-5.1469059,35.378325],[-5.16048,35.3724997],[-5.1692948,35.3752396],[-5.1736271,35.37328],[-5.1792683,35.3591197],[-5.1760368,35.3559286],[-5.1797404,35.3519332],[-5.1827423,35.3536693],[-5.1871562,35.3517827],[-5.1862249,35.3449963],[-5.1909445,35.3431305],[-5.1926375,35.3345246],[-5.1901956,35.3276544],[-5.2041732,35.3117535],[-5.2019445,35.3095254],[-5.2056353,35.3065136],[-5.2020574,35.2980141],[-5.2144514,35.2982103],[-5.2158907,35.2831346],[-5.2047843,35.2621687],[-5.22688,35.25201],[-5.25264,35.22485],[-5.26908,35.22169],[-5.3008142,35.2244829],[-5.3166527,35.2369967],[-5.3256649,35.2387844],[-5.3250641,35.2326852],[-5.3465647,35.2346833],[-5.349955,35.2230799],[-5.3565211,35.2220316],[-5.3586668,35.2246487],[-5.3788499,35.215209],[-5.39949,35.21051],[-5.420186,35.2110172],[-5.4387082,35.2063835],[-5.4424311,35.2374577],[-5.4697832,35.2587787],[-5.4905028,35.2500981]]]},"properties":{"shapeName":"Chefchaouen Province","shapeISO":"","shapeID":"96644757B54306876372793","shapeGroup":"MAR","shapeType":"ADM2"}},
{"type":"Feature","geometry":{"type":"Polygon","coordinates":[[[-6.7478981,33.8807092],[-6.764064,33.8940782],[-6.7659391,33.9015488],[-6.755326,33.9068557],[-6.755176,33.9095946],[-6.7482907,33.9104038],[-6.7452306,33.9226032],[-6.7501153,33.9376049],[-6.7560988,33.9424702],[-6.7675306,33.9343197],[-6.7730096,33.9377795],[-6.7799761,33.9375954],[-6.7834544,33.9344851],[-6.7941945,33.9361762],[-6.8068292,33.9286483],[-6.8040397,33.9174897],[-6.8244256,33.8956294],[-6.882087,33.9373232],[-6.8773128,33.9401397],[-6.8813919,33.944161],[-6.8942863,33.9448192],[-6.9174353,33.9620771],[-6.9484279,33.934465],[-6.9601878,33.9292103],[-6.9642025,33.9229503],[-6.968029,33.9244947],[-6.9736833,33.9169552],[-6.9775057,33.9184982],[-6.9819113,33.9107984],[-6.9894087,33.9091853],[-6.9962291,33.9012973],[-7.0024392,33.90104],[-7.0014574,33.8969122],[-7.026279,33.8834384],[-7.029311,33.8774163],[-7.033901,33.8785866],[-7.0510428,33.8701508],[-7.0518615,33.8728646],[-7.0478242,33.8744417],[-7.0520778,33.8730525],[-7.0525484,33.8699731],[-7.0634206,33.8699259],[-7.081408,33.8606755],[-7.1202444,33.8330221],[-7.1260185,33.8317562],[-7.11081,33.81592],[-7.099396,33.7952622],[-7.0820582,33.7921237],[-7.0662568,33.8002479],[-7.0602572,33.7976873],[-7.0624888,33.7831356],[-7.0521805,33.7752809],[-7.0506442,33.7695803],[-7.0434258,33.7698586],[-7.0391343,33.7620098],[-7.0372546,33.7436052],[-7.0303795,33.7340339],[-7.0214531,33.7030498],[-7.0281565,33.6923456],[-7.0259163,33.6887677],[-7.0291865,33.6826328],[-7.0188782,33.678626],[-7.0151102,33.671776],[-7.0133955,33.6549215],[-7.005317,33.6516231],[-6.9977743,33.6308877],[-7.0022271,33.6294716],[-7.0042956,33.6241901],[-7.0039523,33.6150414],[-6.9980043,33.608603],[-6.9919962,33.6097825],[-6.9883913,33.6029557],[-6.9921678,33.6009182],[-6.9922108,33.5910164],[-6.9879621,33.5918743],[-6.9876188,33.5846171],[-6.980924,33.5827223],[-6.9847864,33.5812206],[-6.977877,33.5777525],[-6.977405,33.5737122],[-6.9724268,33.5739983],[-6.9806236,33.5686347],[-6.9662899,33.5572629],[-6.9584793,33.5443158],[-6.9507545,33.5421697],[-6.9462763,33.5456875],[-6.9494242,33.5649945],[-6.9368886,33.5799764],[-6.9257778,33.5841094],[-6.917036,33.5831513],[-6.9079465,33.5719172],[-6.8929776,33.5742807],[-6.8623361,33.5684059],[-6.8534182,33.5720817],[-6.8269266,33.5685668],[-6.810254,33.5709411],[-6.7963752,33.5618654],[-6.7735485,33.5622767],[-6.7675189,33.549756],[-6.7615236,33.5484505],[-6.7649443,33.5509314],[-6.758846,33.5534635],[-6.76318,33.5801246],[-6.7586224,33.5947751],[-6.7540648,33.6448711],[-6.7359803,33.6912173],[-6.7337658,33.7171011],[-6.7272425,33.7367834],[-6.7171659,33.754069],[-6.7286759,33.7611729],[-6.7335618,33.7744602],[-6.7315405,33.7764311],[-6.723614,33.7740464],[-6.7211099,33.7756945],[-6.7233372,33.8006488],[-6.7331241,33.8032592],[-6.7345231,33.8059765],[-6.7336863,33.8097136],[-6.7199748,33.8181409],[-6.7322207,33.8236779],[-6.7263585,33.8348665],[-6.7354823,33.8368699],[-6.733888,33.8439651],[-6.7460759,33.8539126],[-6.7540476,33.8701973],[-6.7478981,33.8807092]]]},"properties":{"shapeName":"Préfecture de Skhirate-Témara عمالة الصخيرات-تمارة","shapeISO":"","shapeID":"96644757B91342156363380","shapeGroup":"MAR","shapeType":"ADM2"}},
{"type":"Feature","geometry":{"type":"Polygon","coordinates":[[[-7.5691462,32.4552557],[-7.5518142,32.4530413],[-7.5457401,32.4456807],[-7.5206558,32.4473391],[-7.5019876,32.4543429],[-7.5057422,32.4631149],[-7.5017754,32.4683406],[-7.4889499,32.4672844],[-7.4814244,32.4578014],[-7.481536,32.4422364],[-7.4693738,32.4408674],[-7.4657389,32.4458183],[-7.4662839,32.4578413],[-7.4418951,32.4566101],[-7.4275285,32.4464204],[-7.4143149,32.4464602],[-7.3898002,32.461571],[-7.3772603,32.4644786],[-7.3724323,32.4620671],[-7.342516,32.4256726],[-7.337555,32.4179492],[-7.3376451,32.4057941],[-7.3240624,32.4073865],[-7.3187924,32.4115259],[-7.3142241,32.4077216],[-7.3142005,32.4012468],[-7.3056557,32.3969218],[-7.2954226,32.4037149],[-7.2828849,32.4024223],[-7.2720337,32.3925299],[-7.2590787,32.3894207],[-7.2611364,32.3787685],[-7.2567752,32.3736264],[-7.2402474,32.3737814],[-7.2326999,32.3654243],[-7.2213595,32.3673799],[-7.2056976,32.3495932],[-7.196651,32.3466039],[-7.1901601,32.3302745],[-7.1773005,32.3358189],[-7.1646083,32.3329525],[-7.1622136,32.3270127],[-7.1540361,32.3276962],[-7.1444896,32.335547],[-7.1406315,32.3309563],[-7.141419,32.3240136],[-7.1330398,32.3192664],[-7.1055259,32.3529798],[-7.0406752,32.3736467],[-7.0348988,32.3847588],[-7.0344439,32.3980727],[-7.0055447,32.4571677],[-6.9922067,32.4994603],[-6.9960605,32.5104049],[-6.9946872,32.5202264],[-7.0151247,32.556614],[-6.99629,32.56049],[-6.9864937,32.6356883],[-6.9929675,32.6433948],[-7.0130819,32.6558213],[-7.030012,32.6767101],[-7.0429725,32.6843426],[-7.0502252,32.6967291],[-7.0559243,32.6987064],[-7.0461399,32.7230497],[-7.0457536,32.7335808],[-7.0224077,32.7704241],[-7.0344066,32.7701298],[-7.0289241,32.788591],[-7.0128373,32.8108518],[-6.9998747,32.8478002],[-7.0060545,32.9223245],[-6.9987225,32.9383662],[-7.0082625,32.9474312],[-7.0025462,32.9561225],[-6.9812948,32.9497794],[-6.9688064,32.9526171],[-6.9428641,32.9917508],[-6.9444219,33.008908],[-6.922548,33.0487092],[-6.932191,33.056968],[-6.9031009,33.0767305],[-6.9137911,33.101644],[-6.8951551,33.105753],[-6.8925437,33.1414877],[-6.8691291,33.2016726],[-6.8412861,33.2243454],[-6.861276,33.2278779],[-6.8798663,33.2257049],[-6.9150576,33.2309508],[-6.9623846,33.2316687],[-6.9998068,33.2282369],[-7.04033,33.21469],[-7.0906071,33.2146375],[-7.1342428,33.1963809],[-7.157829,33.1949372],[-7.2040838,33.1956135],[-7.2140402,33.2000808],[-7.2243399,33.2105444],[-7.2260565,33.2151258],[-7.2235245,33.2202025],[-7.2610404,33.217243],[-7.2724345,33.2187294],[-7.2847941,33.2259813],[-7.3155226,33.2123399],[-7.3077979,33.1933082],[-7.3089137,33.186269],[-7.3159518,33.1851915],[-7.3211016,33.1807378],[-7.3123168,33.176151],[-7.3219599,33.1693152],[-7.3224749,33.1655073],[-7.3211574,33.1590515],[-7.302133,33.1521425],[-7.3051071,33.1473386],[-7.3357787,33.1392787],[-7.3421001,33.1313835],[-7.3485674,33.1283538],[-7.3875346,33.1255505],[-7.3964309,33.1167914],[-7.4174036,33.1269881],[-7.4235835,33.1256943],[-7.4351706,33.1136894],[-7.4462428,33.1198717],[-7.4485602,33.1161336],[-7.4357714,33.0946362],[-7.45053,33.0954184],[-7.4545211,33.0847757],[-7.4674858,33.0751818],[-7.4690737,33.069212],[-7.4778305,33.068025],[-7.4925934,33.0931243],[-7.5121628,33.1085831],[-7.5310155,33.1004155],[-7.5419032,33.1322909],[-7.559625,33.1195464],[-7.5641312,33.1238954],[-7.5737013,33.1398159],[-7.5642406,33.1618932],[-7.5771346,33.160837],[-7.5798811,33.1556635],[-7.5967898,33.1510646],[-7.6217622,33.1493399],[-7.6296329,33.1524407],[-7.6430482,33.1502741],[-7.66648,33.1542264],[-7.6700849,33.1631363],[-7.6772089,33.1637111],[-7.6984691,33.1535186],[-7.7372961,33.1685224],[-7.7282967,33.1596597],[-7.7269964,33.1466785],[-7.7330046,33.1437321],[-7.7301722,33.1274169],[-7.7191858,33.1167062],[-7.7031355,33.1164905],[-7.6913767,33.1029745],[-7.7142076,33.0970785],[-7.7050238,33.0753607],[-7.7359228,33.0622699],[-7.7460052,33.0518763],[-7.7465524,33.032745],[-7.7272512,33.0232749],[-7.7783183,33.0196047],[-7.7893046,33.0224833],[-7.8233794,33.0493223],[-7.8272418,33.050977],[-7.8344516,33.0475237],[-7.8381423,33.0486029],[-7.8451804,33.0542863],[-7.8456954,33.0590341],[-7.8620891,33.0373789],[-7.8654365,33.0284562],[-7.880886,33.0252899],[-7.8910998,33.0176615],[-7.9087825,33.023526],[-7.9111707,33.0127613],[-7.9192517,33.0082341],[-7.9326412,33.0154315],[-8.0094834,33.0249648],[-8.0351254,33.0248749],[-8.0396959,33.0279333],[-8.0611747,33.0229888],[-8.0609913,33.0164844],[-8.0475496,33.0149319],[-8.0452316,33.010647],[-8.0652338,33.010268],[-8.0653577,33.0062091],[-8.056348,33.0010251],[-8.0624711,32.9939394],[-8.0585498,32.9744417],[-8.0608733,32.9707247],[-8.0732927,32.975291],[-8.0763324,32.9740618],[-8.073125,32.9663807],[-8.0684379,32.9643075],[-8.0644798,32.9666376],[-8.0576787,32.9606745],[-8.0528313,32.946802],[-8.0535165,32.9396998],[-8.062243,32.9359162],[-8.0724653,32.939704],[-8.0793515,32.9373495],[-8.0623866,32.9256529],[-8.0406933,32.920753],[-8.0400436,32.9126643],[-8.0488591,32.9067173],[-8.0597197,32.9092052],[-8.0628734,32.9017132],[-8.0531697,32.8962512],[-8.0509565,32.8918889],[-8.0579395,32.878854],[-8.0551105,32.8765565],[-8.0414842,32.8779795],[-8.0411521,32.8700586],[-8.0481574,32.8629206],[-8.0372852,32.8557663],[-8.0426177,32.8518368],[-8.0583511,32.8505786],[-8.0598742,32.8478645],[-8.0524941,32.8404514],[-8.0444049,32.8460987],[-8.0366413,32.8456823],[-8.0318297,32.8530737],[-8.0237372,32.8560582],[-8.0147345,32.868821],[-8.0080304,32.8690156],[-8.0068733,32.863318],[-8.0171541,32.8547414],[-7.9953207,32.8557133],[-7.9904718,32.8514471],[-7.9931391,32.8476183],[-8.00947,32.8422386],[-8.0139303,32.8355895],[-8.0117488,32.8328065],[-8.0009557,32.8380087],[-7.9919026,32.8357527],[-7.9911254,32.8295559],[-8.0059548,32.8209315],[-7.9960669,32.8142451],[-7.9898193,32.8094775],[-7.9927789,32.8005689],[-7.9910086,32.7960777],[-7.9802798,32.7966368],[-7.9762457,32.7849569],[-7.9618155,32.7816556],[-7.9626952,32.7648855],[-7.957245,32.7552948],[-7.9447153,32.7444839],[-7.9443704,32.740081],[-7.9334704,32.7355236],[-7.9308955,32.7260921],[-7.9200961,32.7258387],[-7.9213915,32.7118538],[-7.9138781,32.7068054],[-7.9093645,32.691624],[-7.893913,32.6916701],[-7.8885159,32.6854331],[-7.8821668,32.6839574],[-7.874626,32.6706401],[-7.8452736,32.6607759],[-7.8138338,32.628969],[-7.7763816,32.6053034],[-7.7552157,32.5975955],[-7.7411481,32.5984198],[-7.7385449,32.6006931],[-7.738149,32.5949278],[-7.7312659,32.5968296],[-7.7182733,32.5943181],[-7.7170416,32.590767],[-7.7309387,32.5876375],[-7.729479,32.5836264],[-7.7176108,32.5814889],[-7.7221512,32.5738322],[-7.7127619,32.5677251],[-7.72044,32.5559389],[-7.7119331,32.5558891],[-7.7008459,32.5508068],[-7.6970747,32.5300179],[-7.6927955,32.5295426],[-7.6905317,32.5347559],[-7.6828497,32.5337771],[-7.6808549,32.5288465],[-7.6848138,32.5197551],[-7.6774077,32.5222049],[-7.6719419,32.5156628],[-7.6668291,32.5144428],[-7.6684003,32.5053943],[-7.6758906,32.5024147],[-7.6727181,32.497585],[-7.6654445,32.4996083],[-7.6624313,32.4981207],[-7.6624807,32.4937301],[-7.6505641,32.495592],[-7.641357,32.4779472],[-7.6127996,32.46202],[-7.5953346,32.4562606],[-7.5691462,32.4552557]]]},"properties":{"shapeName":"Settat Province","shapeISO":"","shapeID":"96644757B9799798831472","shapeGroup":"MAR","shapeType":"ADM2"}},
{"type":"Feature","geometry":{"type":"Polygon","coordinates":[[[-9.330828,30.3140821],[-9.3621648,30.3238326],[-9.3653298,30.3123946],[-9.4111634,30.3135431],[-9.4281579,30.3157289],[-9.4397021,30.3208783],[-9.4419337,30.3272868],[-9.4488967,30.3288333],[-9.456997,30.3177664],[-9.43761,30.3037156],[-9.4378138,30.2880509],[-9.4522441,30.2811116],[-9.4675971,30.26144],[-9.5045901,30.2817138],[-9.5308114,30.2789343],[-9.6200944,30.2949351],[-9.6332733,30.2265183],[-9.6434235,30.1999374],[-9.640406,30.20002],[-9.6384252,30.194939],[-9.6424818,30.1690086],[-9.654712,30.1344647],[-9.6548311,30.1215889],[-9.6620133,30.109326],[-9.6669859,30.0884431],[-9.6964919,30.0505454],[-9.6991384,30.0396436],[-9.7231235,29.9925855],[-9.7301522,29.9840595],[-9.7417476,29.9541604],[-9.7617809,29.9282598],[-9.7603478,29.9144466],[-9.7672757,29.9075123],[-9.7421274,29.9096342],[-9.6642789,29.8996196],[-9.6401348,29.9036598],[-9.6073732,29.8965465],[-9.6017084,29.9279496],[-9.5448026,29.9293629],[-9.5442018,29.8949021],[-9.5047341,29.8884324],[-9.4942328,29.8906909],[-9.4800772,29.8820755],[-9.4726877,29.8698078],[-9.4587152,29.8578687],[-9.448703,29.8672065],[-9.4318416,29.863001],[-9.4247992,29.853205],[-9.4191472,29.8233831],[-9.4131309,29.830924],[-9.3926478,29.8393362],[-9.3793484,29.8409481],[-9.3629333,29.8386327],[-9.3503891,29.832345],[-9.3451406,29.8155945],[-9.3524061,29.8095549],[-9.2983827,29.8030228],[-9.2633044,29.8053837],[-9.2473142,29.783932],[-9.2698276,29.7674044],[-9.2531764,29.7421365],[-9.2442414,29.7430718],[-9.2393319,29.7581616],[-9.2075042,29.7600059],[-9.1942698,29.7436165],[-9.2143552,29.7424086],[-9.1920993,29.7251884],[-9.158908,29.7210959],[-9.1640031,29.7161437],[-9.1689894,29.7155913],[-9.1663753,29.6987315],[-9.1342746,29.7013745],[-9.1091207,29.6902328],[-9.1070233,29.6870479],[-9.1054054,29.698493],[-9.0942603,29.6970503],[-9.1012512,29.7289968],[-9.0996247,29.7415996],[-9.0937196,29.7504714],[-9.05137,29.78133],[-9.03916,29.7974],[-9.01467,29.80789],[-8.9948005,29.8102947],[-8.9960021,29.8399381],[-8.9348392,29.8466198],[-8.9143085,29.8525195],[-8.9063777,29.8597103],[-8.8894734,29.8915157],[-8.9418,29.9468931],[-8.9491643,29.9581151],[-8.9596099,29.9893426],[-8.9638648,30.0241689],[-8.9588137,30.0381797],[-8.9031739,30.075328],[-8.8816304,30.0950015],[-8.93845,30.12275],[-8.983159,30.1276421],[-8.997291,30.1499104],[-8.9925489,30.1702925],[-9.0137748,30.1750526],[-9.09006,30.22073],[-9.1142947,30.2478252],[-9.1288644,30.2584014],[-9.1378766,30.2532858],[-9.1633684,30.2661114],[-9.1742689,30.2615893],[-9.184826,30.2635167],[-9.1911775,30.2569187],[-9.220807,30.2662393],[-9.2481817,30.2613789],[-9.2724717,30.2798404],[-9.330828,30.3140821]]]},"properties":{"shapeName":"Chtouka-Ait Baha Province","shapeISO":"","shapeID":"96644757B99021473747258","shapeGroup":"MAR","shapeType":"ADM2"}},
{"type":"Feature","geometry":{"type":"Polygon","coordinates":[[[-5.4222674,35.9095841],[-5.4193768,35.8973891],[-5.4034938,35.8907662],[-5.4057254,35.8809995],[-5.399434,35.8599564],[-5.3771095,35.8438165],[-5.3828295,35.8315586],[-5.3920155,35.8250572],[-5.4007681,35.8116892],[-5.3989656,35.8053202],[-5.4048472,35.7936858],[-5.4227858,35.7881648],[-5.4502087,35.7922377],[-5.4583197,35.7852405],[-5.4600363,35.7745172],[-5.4564314,35.7454038],[-5.450595,35.7405274],[-5.4553586,35.6966604],[-5.450507,35.6960627],[-5.4423531,35.6696052],[-5.4323415,35.6609644],[-5.4326516,35.6646867],[-5.4015444,35.6652777],[-5.3863095,35.6715533],[-5.3700017,35.6689385],[-5.3655385,35.6789091],[-5.3213684,35.6723759],[-5.3181385,35.6661275],[-5.3193245,35.6549597],[-5.3347633,35.6054548],[-5.3177951,35.6065243],[-5.3051566,35.5963353],[-5.2965091,35.605495],[-5.2663568,35.6070511],[-5.2842785,35.665977],[-5.2732879,35.6864639],[-5.29261,35.6873833],[-5.3076408,35.6822238],[-5.3132397,35.6854544],[-5.311096,35.6816373],[-5.3157792,35.6830734],[-5.3138226,35.6844862],[-5.3188614,35.6829982],[-5.3322917,35.7073132],[-5.3338538,35.7212648],[-5.3347636,35.7188746],[-5.338008,35.7192439],[-5.3347636,35.7205401],[-5.3419305,35.7479141],[-5.3397075,35.7523304],[-5.3428746,35.7559246],[-5.3380767,35.7508841],[-5.3394929,35.7560708],[-5.3438238,35.7577404],[-5.3448881,35.7741763],[-5.3477333,35.7776325],[-5.3536384,35.8417482],[-5.3515816,35.8410502],[-5.3523879,35.8493255],[-5.3464853,35.8550505],[-5.3433501,35.8708788],[-5.3498536,35.8756832],[-5.3557778,35.8730336],[-5.3603898,35.8777496],[-5.3716865,35.8817708],[-5.3798455,35.9106592],[-5.382118,35.9125197],[-5.3944121,35.9095438],[-5.3997501,35.9133696],[-5.3970118,35.9170917],[-5.4014052,35.9224271],[-5.4128805,35.9116034],[-5.4222674,35.9095841]]]},"properties":{"shapeName":"Préfecture de M'diq-Fnideq عمالة المضيق الفنيدق","shapeISO":"","shapeID":"96644757B89687162507810","shapeGroup":"MAR","shapeType":"ADM2"}},
{"type":"Feature","geometry":{"type":"Polygon","coordinates":[[[-4.1433998,34.744042],[-4.1447989,34.7285139],[-4.1105902,34.6902622],[-4.1155005,34.6700002],[-4.1088851,34.6508926],[-4.0915966,34.6332566],[-4.0817089,34.6168354],[-4.1363573,34.6087083],[-4.1871627,34.6267291],[-4.2011101,34.622871],[-4.2025724,34.6173708],[-4.2077294,34.616702],[-4.2116287,34.6123834],[-4.2298298,34.6138357],[-4.2294707,34.6066914],[-4.2392791,34.6047363],[-4.2668071,34.6084151],[-4.2673435,34.6132081],[-4.2730684,34.6136673],[-4.2767055,34.6090209],[-4.2840934,34.6071895],[-4.3029976,34.6079083],[-4.3185759,34.6130492],[-4.341314,34.609229],[-4.3255169,34.5667054],[-4.3271734,34.5465171],[-4.3421938,34.5342717],[-4.3757407,34.5306621],[-4.3892161,34.5265962],[-4.3907542,34.5170619],[-4.3868705,34.5097531],[-4.4264255,34.4725542],[-4.4440491,34.4677743],[-4.4482977,34.4394326],[-4.4570138,34.4257484],[-4.4357939,34.3429993],[-4.4597106,34.3301782],[-4.4582166,34.3177731],[-4.4655637,34.2917809],[-4.4310512,34.3021582],[-4.4126448,34.2942415],[-4.4021734,34.2928942],[-4.3974528,34.289065],[-4.3929896,34.2775762],[-4.3787417,34.2817605],[-4.3526327,34.2747482],[-4.3197288,34.2518431],[-4.3128666,34.2429461],[-4.3133519,34.2388244],[-4.3415426,34.2265864],[-4.3672403,34.2076415],[-4.3744995,34.1965232],[-4.3805183,34.1998171],[-4.3913094,34.1863725],[-4.4011671,34.1858773],[-4.3978797,34.1705238],[-4.4011563,34.1630048],[-4.4063663,34.1618401],[-4.413489,34.1526707],[-4.4252505,34.1525322],[-4.4272032,34.1583213],[-4.4334667,34.1567392],[-4.4419981,34.161501],[-4.4475656,34.1601925],[-4.4474998,34.1578481],[-4.4395931,34.147052],[-4.4415039,34.1452252],[-4.4514201,34.152123],[-4.4575097,34.1455792],[-4.4610609,34.1460937],[-4.4606372,34.152317],[-4.4638826,34.1525394],[-4.4692792,34.1492032],[-4.4705238,34.1401981],[-4.4768109,34.1436523],[-4.4780447,34.152123],[-4.4934191,34.1462464],[-4.4961228,34.1384932],[-4.5067658,34.1379071],[-4.5103599,34.1322516],[-4.5211746,34.14075],[-4.5255412,34.1314878],[-4.5321744,34.1389564],[-4.5351678,34.136097],[-4.5315414,34.1186276],[-4.5535463,34.1197822],[-4.5626229,34.1127118],[-4.5704174,34.1121851],[-4.5736632,34.1042027],[-4.5924129,34.1036803],[-4.5806111,34.0700809],[-4.5691098,34.0712184],[-4.5627584,34.0490332],[-4.5584668,34.0481087],[-4.5635437,34.0424477],[-4.5584497,34.0391405],[-4.5649271,34.031989],[-4.5669527,34.0171536],[-4.5566702,33.9901009],[-4.5830745,33.9462763],[-4.5288767,33.9250657],[-4.4789104,33.8935742],[-4.4656838,33.8966876],[-4.4447412,33.9085381],[-4.439,33.9029249],[-4.4185122,33.8980877],[-4.4116801,33.8860184],[-4.3881281,33.8845399],[-4.387699,33.8939377],[-4.3630656,33.8909346],[-4.3599714,33.8848677],[-4.3168546,33.8644325],[-4.2520525,33.9053817],[-4.1926582,33.9198175],[-4.1764748,33.9128996],[-4.1732176,33.9030426],[-4.2178044,33.8726489],[-4.2189632,33.8557774],[-4.1929151,33.835417],[-4.1704017,33.7822791],[-4.1551754,33.7628335],[-4.1521009,33.7274205],[-4.1207384,33.6879894],[-4.1034006,33.6823937],[-4.0096434,33.7196596],[-3.9893873,33.7202307],[-3.9593638,33.7344791],[-3.9684232,33.7693386],[-3.9660628,33.7806485],[-3.9758475,33.7820753],[-3.9549049,33.8103209],[-3.9276965,33.8316754],[-3.9058955,33.8746944],[-3.9017757,33.8924367],[-3.9113887,33.9169421],[-3.9065822,33.9217141],[-3.8923987,33.9729361],[-3.8855537,33.97305],[-3.8772066,33.9833988],[-3.8702543,33.9816907],[-3.8663276,33.9845091],[-3.8668426,33.9897755],[-3.8248714,34.0077785],[-3.8458784,34.0221069],[-3.8525433,34.0231999],[-3.852938,34.0295477],[-3.8415011,34.0546109],[-3.8376601,34.0725006],[-3.8371451,34.1020003],[-3.8303645,34.1176346],[-3.8381751,34.1272055],[-3.831888,34.136065],[-3.8313945,34.1525879],[-3.8155158,34.2098887],[-3.8281115,34.2134199],[-3.8393767,34.2109108],[-3.8530238,34.2169155],[-3.8956602,34.2251766],[-3.8915403,34.2292216],[-3.8841804,34.2272772],[-3.8780006,34.2313931],[-3.8889011,34.2411144],[-3.8831504,34.2500542],[-3.8887079,34.2595889],[-3.9083846,34.2602699],[-3.9143713,34.2728533],[-3.9095004,34.2749155],[-3.9094575,34.2837099],[-3.9171823,34.3013312],[-3.9060672,34.3064716],[-3.8947161,34.3066435],[-3.8874848,34.3019339],[-3.8624867,34.306998],[-3.8496979,34.3168169],[-3.8341625,34.3380459],[-3.8437112,34.3431184],[-3.844296,34.3561939],[-3.8402362,34.368593],[-3.843163,34.3714445],[-3.8491712,34.366131],[-3.8595481,34.3711434],[-3.8384337,34.3939522],[-3.8444505,34.3950323],[-3.8459096,34.404593],[-3.8344855,34.4130728],[-3.8557715,34.4113734],[-3.8411803,34.4404006],[-3.8508792,34.4460633],[-3.8435192,34.4560393],[-3.7956085,34.4751493],[-3.796042,34.4789877],[-3.7759147,34.4984885],[-3.7619178,34.5300364],[-3.7535923,34.5328294],[-3.7544935,34.5412078],[-3.7457817,34.5466869],[-3.755266,34.5540743],[-3.757283,34.5614963],[-3.7691705,34.5749604],[-3.7581842,34.5906833],[-3.7701147,34.6089818],[-3.7735446,34.6199292],[-3.7716198,34.6223324],[-3.7523873,34.617457],[-3.7430318,34.6201411],[-3.7342341,34.6262153],[-3.7325239,34.6350098],[-3.7234624,34.6399866],[-3.7184413,34.6385743],[-3.7161238,34.6303116],[-3.6931277,34.6244867],[-3.6696465,34.6245908],[-3.64096,34.63323],[-3.64243,34.65853],[-3.63434,34.67379],[-3.61501,34.68996],[-3.59144,34.70134],[-3.6125798,34.722466],[-3.6197489,34.7410211],[-3.59295,34.78905],[-3.593,34.83035],[-3.60463,34.84369],[-3.62683,34.8483],[-3.66847,34.84592],[-3.69529,34.84796],[-3.75221,34.84299],[-3.76358,34.86181],[-3.75977,34.88137],[-3.77013,34.88731],[-3.7923,34.8818],[-3.82012,34.88753],[-3.82946,34.86818],[-3.9041748,34.8502335],[-3.9194761,34.8516475],[-3.9289282,34.8463277],[-3.9279604,34.8414443],[-3.9339702,34.8418849],[-3.9358568,34.8392218],[-3.9416161,34.8403683],[-4.0136988,34.8237027],[-4.03444,34.8261034],[-4.05896,34.79801],[-4.0993773,34.764154],[-4.1433998,34.744042]]]},"properties":{"shapeName":"Province de Taza اقليم تازة","shapeISO":"","shapeID":"96644757B85287588144355","shapeGroup":"MAR","shapeType":"ADM2"}},
{"type":"Feature","geometry":{"type":"Polygon","coordinates":[[[-5.7908641,34.8352271],[-5.7841493,34.8249573],[-5.7862757,34.8062643],[-5.7838296,34.8038681],[-5.7879924,34.7936484],[-5.7815529,34.77786],[-5.7863594,34.7618552],[-5.7948575,34.7507528],[-5.7762314,34.7348445],[-5.7606188,34.7369359],[-5.7538468,34.7353348],[-5.7509586,34.7298046],[-5.7441694,34.7265527],[-5.7285053,34.7304747],[-5.7193436,34.7270628],[-5.7171241,34.7204047],[-5.7105838,34.7186445],[-5.7145792,34.7047486],[-5.7050778,34.7112823],[-5.6825043,34.7126934],[-5.6730236,34.7252091],[-5.668348,34.7263942],[-5.6666299,34.7343508],[-5.6442281,34.740064],[-5.6292936,34.7362552],[-5.6342889,34.7260448],[-5.608265,34.7208773],[-5.604746,34.722641],[-5.6034757,34.7165915],[-5.5900861,34.7216004],[-5.5881807,34.7147395],[-5.5795976,34.7077545],[-5.575821,34.6932869],[-5.5518314,34.6936398],[-5.5491038,34.6728123],[-5.5520889,34.6678775],[-5.540845,34.6681246],[-5.5283996,34.6386117],[-5.5215074,34.6389136],[-5.5141517,34.6450024],[-5.5057403,34.6445787],[-5.4941961,34.6385411],[-5.4892608,34.6312672],[-5.4614946,34.6284422],[-5.4569026,34.6223328],[-5.4448177,34.6236236],[-5.4438974,34.6202107],[-5.4220442,34.6082829],[-5.4137186,34.5948737],[-5.4155732,34.5899035],[-5.4127408,34.5866531],[-5.429392,34.573615],[-5.4306365,34.5622006],[-5.4352714,34.5582776],[-5.4293491,34.5503604],[-5.4313232,34.5438211],[-5.4277333,34.5367298],[-5.419706,34.5372548],[-5.4089235,34.5336205],[-5.3948549,34.5219076],[-5.3869916,34.5226797],[-5.3876783,34.5301399],[-5.3924848,34.5353369],[-5.3893949,34.5371399],[-5.3439046,34.5273468],[-5.3151513,34.5158977],[-5.2808191,34.5147803],[-5.2561876,34.5325136],[-5.2643586,34.5365615],[-5.2671052,34.5421469],[-5.258608,34.5560382],[-5.1977079,34.5584336],[-5.1814462,34.5903501],[-5.1826478,34.5938829],[-5.1962091,34.597345],[-5.1821328,34.6068825],[-5.18064,34.61428],[-5.1831454,34.6591977],[-5.1886688,34.6696653],[-5.1852243,34.6860557],[-5.1807611,34.6925698],[-5.1856047,34.7063257],[-5.1818796,34.7090704],[-5.1852313,34.719999],[-5.18109,34.73905],[-5.1449363,34.7652856],[-5.1534464,34.775886],[-5.1697542,34.785826],[-5.1840021,34.8207121],[-5.1852038,34.8301535],[-5.1824572,34.8319606],[-5.1912119,34.8360714],[-5.1912677,34.8453702],[-5.1959755,34.8472342],[-5.1917484,34.8509146],[-5.1996019,34.8606694],[-5.1955034,34.8608279],[-5.1993358,34.8623271],[-5.1961043,34.8724652],[-5.201739,34.8714468],[-5.2008679,34.876567],[-5.2054941,34.8774146],[-5.2145493,34.8869199],[-5.2116396,34.8933239],[-5.2155149,34.8931857],[-5.2229821,34.903921],[-5.2285053,34.9043231],[-5.228956,34.9091447],[-5.2729141,34.936312],[-5.3074696,34.9686884],[-5.3175976,34.9732953],[-5.321975,34.9799413],[-5.3448696,34.9956394],[-5.3526158,34.9960789],[-5.3625635,35.0143921],[-5.3711681,35.0172215],[-5.376348,35.0238297],[-5.3943295,35.0246029],[-5.3962178,35.0267642],[-5.4080409,35.0246204],[-5.4097576,35.0270453],[-5.41156,35.0235486],[-5.422439,35.0223888],[-5.4301209,35.0276955],[-5.4501409,35.0336343],[-5.4575009,35.0428931],[-5.4695086,35.0353904],[-5.4764394,35.0349511],[-5.4879064,35.0248313],[-5.4936961,35.0243235],[-5.5001162,35.019876],[-5.5007771,35.0059061],[-5.5332469,34.9892935],[-5.5491856,34.9976451],[-5.5494689,35.0073983],[-5.5537347,35.0093861],[-5.5641459,35.0070116],[-5.565648,34.9965359],[-5.5825566,35.0009303],[-5.5855178,35.0057813],[-5.5737161,35.0155881],[-5.5786513,35.0205437],[-5.6030015,35.0255184],[-5.6074475,35.0219495],[-5.6059026,35.0146391],[-5.615919,35.0124089],[-5.6219271,35.016697],[-5.6323127,35.0373608],[-5.6413249,35.0119871],[-5.6360034,34.9932857],[-5.6788329,34.9852695],[-5.6864718,34.9792217],[-5.6883601,34.9655772],[-5.6994323,34.960161],[-5.7046679,34.9419403],[-5.7320479,34.9281489],[-5.7559947,34.9247007],[-5.76985,34.93558],[-5.77571,34.92459],[-5.7813074,34.9278928],[-5.7911688,34.887537],[-5.7849418,34.8778241],[-5.7744705,34.8741061],[-5.7843882,34.8528341],[-5.7909972,34.8506682],[-5.7864481,34.8405776],[-5.7908641,34.8352271]]]},"properties":{"shapeName":"Province d'Ouezzane إقليم وزان","shapeISO":"","shapeID":"96644757B93440982531475","shapeGroup":"MAR","shapeType":"ADM2"}},
{"type":"Feature","geometry":{"type":"Polygon","coordinates":[[[-5.4222674,35.9095841],[-5.4315513,35.9071476],[-5.4381005,35.9098459],[-5.4436588,35.9041011],[-5.4507194,35.9067678],[-5.451071,35.9122794],[-5.4579611,35.9146324],[-5.4652348,35.9143994],[-5.4745223,35.9060686],[-5.4831161,35.9083711],[-5.4869899,35.8990618],[-5.4920972,35.8973146],[-5.4874662,35.8982936],[-5.5002402,35.8874739],[-5.5008931,35.8908465],[-5.5045785,35.8907416],[-5.4942179,35.9003372],[-5.5037821,35.8944296],[-5.5081577,35.8839134],[-5.5191123,35.8820068],[-5.5141479,35.8811787],[-5.5181777,35.8769416],[-5.5225378,35.8782584],[-5.5222738,35.8841884],[-5.5261182,35.8804027],[-5.5202032,35.8740764],[-5.5304252,35.865137],[-5.5340056,35.8675037],[-5.537878277730673,35.86420806726001],[-5.5428738,35.85932],[-5.5409849,35.8557664],[-5.5463706,35.8611668],[-5.539249596167153,35.87452560680242],[-5.547636,35.8605465],[-5.5407588,35.8545827],[-5.542293,35.8527766],[-5.5559896,35.8444137],[-5.5621115,35.8484398],[-5.5662493,35.8430118],[-5.5751693,35.8393685],[-5.5743555,35.841725],[-5.5772593,35.8419999],[-5.5703746,35.8465197],[-5.5776933,35.8422791],[-5.5760753,35.8384309],[-5.5790706,35.839423],[-5.5889543,35.8329167],[-5.6043166,35.8300159],[-5.627829845203129,35.835445685804935],[-5.6550996,35.8277446],[-5.6766664,35.8334344],[-5.678828302098708,35.83693610206155],[-5.6897634,35.8382792],[-5.7074475,35.8295334],[-5.718851,35.8309454],[-5.7230821,35.8244417],[-5.7363525,35.8206106],[-5.7347596,35.8162108],[-5.7416897,35.8074137],[-5.7374508,35.8011489],[-5.7433641,35.7902214],[-5.74902,35.7648118],[-5.7462302,35.7554827],[-5.7664102,35.7341347],[-5.7679949,35.7187492],[-5.7544358,35.7001759],[-5.7288153,35.7007336],[-5.7226334,35.6872801],[-5.7282145,35.6780548],[-5.7158091,35.6489895],[-5.7207915,35.6393814],[-5.7146375,35.6142413],[-5.6596356,35.5893827],[-5.5873463,35.6210756],[-5.5753815,35.622485],[-5.5681202,35.6271594],[-5.5696737,35.6444314],[-5.5502674,35.6456242],[-5.5339424,35.6347077],[-5.5190878,35.6332354],[-5.5095606,35.6273753],[-5.5028658,35.6269567],[-5.5002909,35.62298],[-5.4965337,35.6494677],[-5.503207,35.659249],[-5.4952248,35.6764374],[-5.4743464,35.6813701],[-5.4638536,35.6887773],[-5.461238,35.6962073],[-5.4553586,35.6966604],[-5.450595,35.7405274],[-5.4564314,35.7454038],[-5.4600363,35.7745172],[-5.4583197,35.7852405],[-5.4502087,35.7922377],[-5.4227858,35.7881648],[-5.4048472,35.7936858],[-5.3989656,35.8053202],[-5.4007681,35.8116892],[-5.3920155,35.8250572],[-5.3828295,35.8315586],[-5.3771095,35.8438165],[-5.399434,35.8599564],[-5.4057254,35.8809995],[-5.4034938,35.8907662],[-5.4193768,35.8973891],[-5.4222674,35.9095841]]]},"properties":{"shapeName":"Fahs-Anjra Province","shapeISO":"","shapeID":"96644757B56432502406176","shapeGroup":"MAR","shapeType":"ADM2"}},
{"type":"Feature","geometry":{"type":"Polygon","coordinates":[[[-4.7905702,34.8427522],[-4.7921752,34.8235366],[-4.78757,34.80136],[-4.7874621,34.7727879],[-4.7784229,34.7502693],[-4.7238619,34.7190422],[-4.6662888,34.718633],[-4.6590577,34.7230962],[-4.6278154,34.7237276],[-4.5885478,34.7151171],[-4.57782,34.69955],[-4.572991,34.6827026],[-4.5408002,34.7017217],[-4.5187675,34.6973854],[-4.5056826,34.701136],[-4.4927093,34.6922021],[-4.4340927,34.6680215],[-4.436938,34.6719217],[-4.4311219,34.6836796],[-4.4209519,34.6917453],[-4.4161526,34.7107957],[-4.3808161,34.7056731],[-4.35435,34.71251],[-4.3425543,34.7111811],[-4.3150284,34.7227197],[-4.3123719,34.731876],[-4.2973859,34.7392716],[-4.2936437,34.7515044],[-4.3044283,34.761814],[-4.26098,34.79387],[-4.24805,34.80668],[-4.21177,34.76723],[-4.170591,34.7513766],[-4.1548024,34.7579136],[-4.1433998,34.744042],[-4.0993773,34.764154],[-4.05896,34.79801],[-4.03444,34.8261034],[-4.0136988,34.8237027],[-3.9416161,34.8403683],[-3.9358568,34.8392218],[-3.9339702,34.8418849],[-3.9279604,34.8414443],[-3.9289282,34.8463277],[-3.9194761,34.8516475],[-3.9041748,34.8502335],[-3.82946,34.86818],[-3.82012,34.88753],[-3.8292409,34.9191881],[-3.8194776,34.9296139],[-3.8259128,34.9342828],[-3.8130017,34.9598493],[-3.8061693,34.9849045],[-3.8112489,34.99674],[-3.8096228,35.0047688],[-3.8160065,35.0118596],[-3.8174971,35.024375],[-3.8167744,35.042978],[-3.8094271,35.0585944],[-3.8118661,35.076401],[-3.8094716,35.0789737],[-3.81495,35.09827],[-3.81397,35.11749],[-3.80607,35.15109],[-3.8125669,35.1598778],[-3.8054704,35.1654551],[-3.8026885,35.1745],[-3.813722,35.1841537],[-3.8238873,35.1993642],[-3.838779,35.196871],[-3.8553325,35.1979323],[-3.8839399,35.204806],[-3.9068771,35.2137944],[-3.9102582,35.219886],[-3.9145262,35.220791],[-3.9142934,35.2254311],[-3.918822,35.2293736],[-3.9171169,35.2315735],[-3.9231374,35.2327723],[-3.9206014,35.2356503],[-3.9226447,35.2377131],[-3.9189218,35.2396869],[-3.9262383,35.2428143],[-3.9255002,35.2453686],[-3.9223609,35.2451605],[-3.9198396,35.2463682],[-3.9233692,35.2457437],[-3.9211123,35.2480706],[-3.9246357,35.2491834],[-3.9204163,35.2497395],[-3.9178159,35.2465184],[-3.9203029,35.2504244],[-3.9143846,35.2542394],[-3.9294208,35.2619673],[-3.9422632,35.2580775],[-3.9509907,35.2508273],[-3.9811174,35.2359902],[-3.9921031,35.2343772],[-3.9939718,35.2370417],[-4.0083192,35.232169],[-4.0180803,35.2363274],[-4.0159361,35.2402],[-4.0302052,35.2370634],[-4.0333932,35.2336279],[-4.0453329,35.236609],[-4.0440341,35.2330226],[-4.0519701,35.2290993],[-4.0614457,35.2295897],[-4.0696859,35.2238362],[-4.0794046,35.2229119],[-4.0828169,35.2198528],[-4.0895855,35.2205376],[-4.1160828,35.2042647],[-4.1224433,35.2056514],[-4.1363254,35.1997925],[-4.1492156,35.1998113],[-4.1538403,35.1970571],[-4.1651079,35.2018521],[-4.1760704,35.1979439],[-4.1897883,35.1982715],[-4.2074107,35.1881961],[-4.2140693,35.1890366],[-4.2188612,35.1838333],[-4.2395085,35.184591],[-4.248967,35.1883855],[-4.2827589,35.1779213],[-4.28752,35.1813083],[-4.2895947,35.1733536],[-4.297895064582726,35.170981660643605],[-4.3001168,35.167329],[-4.3070271,35.1689249],[-4.3145052,35.1669166],[-4.3144638,35.1643475],[-4.3204001,35.163769],[-4.3243799,35.1583292],[-4.3372064,35.1581884],[-4.3555646,35.1473016],[-4.3657034,35.1486789],[-4.3655535,35.1522025],[-4.3735891,35.1482841],[-4.376907,35.1543449],[-4.391257,35.1534681],[-4.4035384,35.1580803],[-4.4300749,35.1546864],[-4.4676624,35.1652603],[-4.4835157,35.1460663],[-4.4676198,35.1364999],[-4.4828928,35.1147],[-4.4942224,35.0829591],[-4.4703615,35.0793067],[-4.476198,35.0578103],[-4.4899309,35.0299832],[-4.5144677,35.0016273],[-4.5296983,34.9948459],[-4.5422876,34.9802079],[-4.5651186,34.962062],[-4.58149,34.9533],[-4.6099222,34.9470076],[-4.637388,34.9467262],[-4.655853,34.9597856],[-4.6816515,34.9363158],[-4.6882026,34.9400924],[-4.6921529,34.9363932],[-4.6881446,34.9114704],[-4.7274207,34.9080619],[-4.7368471,34.899029],[-4.7496595,34.9002151],[-4.7558343,34.8823051],[-4.7632157,34.8744189],[-4.7629346,34.8635424],[-4.7694148,34.8546454],[-4.7766348,34.8520394],[-4.7917466,34.8619365],[-4.793652,34.8576104],[-4.7905702,34.8427522]]]},"properties":{"shapeName":"Al Hoceima Province","shapeISO":"","shapeID":"96644757B99920267922653","shapeGroup":"MAR","shapeType":"ADM2"}},
{"type":"Feature","geometry":{"type":"Polygon","coordinates":[[[-6.7615236,33.5484505],[-6.7675189,33.549756],[-6.7735485,33.5622767],[-6.7963752,33.5618654],[-6.810254,33.5709411],[-6.8269266,33.5685668],[-6.8534182,33.5720817],[-6.8623361,33.5684059],[-6.8929776,33.5742807],[-6.9079465,33.5719172],[-6.917036,33.5831513],[-6.9257778,33.5841094],[-6.9368886,33.5799764],[-6.9494242,33.5649945],[-6.9462763,33.5456875],[-6.9507545,33.5421697],[-6.9584793,33.5443158],[-6.9662899,33.5572629],[-6.9806236,33.5686347],[-6.9724268,33.5739983],[-6.977405,33.5737122],[-6.977877,33.5777525],[-6.9847864,33.5812206],[-6.980924,33.5827223],[-6.9876188,33.5846171],[-6.9879621,33.5918743],[-6.9922108,33.5910164],[-6.9921678,33.6009182],[-6.9883913,33.6029557],[-6.9919962,33.6097825],[-6.9980043,33.608603],[-7.0039523,33.6150414],[-7.0042956,33.6241901],[-7.0022271,33.6294716],[-6.9977743,33.6308877],[-7.005317,33.6516231],[-7.0133955,33.6549215],[-7.0151102,33.671776],[-7.0188782,33.678626],[-7.0291865,33.6826328],[-7.0259163,33.6887677],[-7.0281565,33.6923456],[-7.0214531,33.7030498],[-7.0303795,33.7340339],[-7.0372546,33.7436052],[-7.0391343,33.7620098],[-7.0434258,33.7698586],[-7.0506442,33.7695803],[-7.0521805,33.7752809],[-7.0624888,33.7831356],[-7.0602572,33.7976873],[-7.0662568,33.8002479],[-7.0820582,33.7921237],[-7.099396,33.7952622],[-7.11081,33.81592],[-7.1260185,33.8317562],[-7.1276251,33.8286885],[-7.1343934,33.8291475],[-7.1409063,33.8235992],[-7.1451046,33.8240081],[-7.1442368,33.8265933],[-7.1454003,33.8251768],[-7.1449995,33.8222299],[-7.1425493,33.8216167],[-7.1450785,33.8194947],[-7.1472702,33.8282492],[-7.1515703,33.8268564],[-7.148032,33.8235288],[-7.1531102,33.8194091],[-7.1660712,33.81653],[-7.1691884,33.8209217],[-7.1901599,33.8046097],[-7.2181466,33.8010374],[-7.2280386,33.804123],[-7.2293277,33.7967784],[-7.238864,33.7962613],[-7.2481788,33.7869183],[-7.2519853,33.7876749],[-7.2718922,33.7772857],[-7.2928256,33.7584024],[-7.2996234,33.7569543],[-7.2978642,33.752561],[-7.3024476,33.7541662],[-7.3139847,33.7463571],[-7.315603,33.7422671],[-7.3308027,33.7357912],[-7.3332282,33.7313489],[-7.3418056,33.7301306],[-7.3452979,33.725968],[-7.3427735,33.7212303],[-7.3391623,33.7140951],[-7.3327265,33.7099262],[-7.3297503,33.6978665],[-7.32017,33.691568],[-7.3158409,33.6939023],[-7.3145067,33.6855195],[-7.3098923,33.6859337],[-7.3075555,33.6797276],[-7.3011944,33.6779692],[-7.2991457,33.6696482],[-7.2890633,33.6697946],[-7.287234,33.6624672],[-7.2761677,33.6563746],[-7.2892279,33.6097682],[-7.3408808,33.5695573],[-7.3421834,33.5401709],[-7.3309128,33.5270549],[-7.3357128,33.523793],[-7.335038,33.5207323],[-7.3467421,33.5163436],[-7.3451193,33.5119247],[-7.3487961,33.5068315],[-7.346571,33.5028012],[-7.3400827,33.5070524],[-7.3321573,33.5027456],[-7.3549362,33.4981957],[-7.3662917,33.4998995],[-7.3801397,33.5099501],[-7.3777747,33.4813051],[-7.3729682,33.4728358],[-7.3533988,33.4679027],[-7.337091,33.4468929],[-7.3431592,33.4164862],[-7.3537422,33.4066134],[-7.3156057,33.3918212],[-7.3030744,33.4055077],[-7.2976671,33.4029998],[-7.3001562,33.4003486],[-7.2908006,33.3940427],[-7.2963003,33.3776762],[-7.2849277,33.3423194],[-7.2681135,33.3116968],[-7.2505117,33.2883367],[-7.2282558,33.2909447],[-7.2144925,33.281895],[-7.2235245,33.2202025],[-7.2260565,33.2151258],[-7.2243399,33.2105444],[-7.2140402,33.2000808],[-7.2040838,33.1956135],[-7.157829,33.1949372],[-7.1342428,33.1963809],[-7.0906071,33.2146375],[-7.04033,33.21469],[-6.9998068,33.2282369],[-6.9623846,33.2316687],[-6.9150576,33.2309508],[-6.8798663,33.2257049],[-6.861276,33.2278779],[-6.8412861,33.2243454],[-6.8050741,33.2356819],[-6.7987055,33.2494862],[-6.7974266,33.2755885],[-6.8089537,33.3682434],[-6.8090223,33.3970762],[-6.8050312,33.4150605],[-6.7964931,33.4211978],[-6.7963322,33.4272349],[-6.8097969,33.4432703],[-6.8245662,33.4528185],[-6.8282312,33.4629192],[-6.8275789,33.4786634],[-6.8240941,33.4854406],[-6.8094214,33.4940876],[-6.7983063,33.4987472],[-6.7891546,33.4965445],[-6.7820736,33.5026533],[-6.7724283,33.513322],[-6.756936,33.5427205],[-6.7615236,33.5484505]]]},"properties":{"shapeName":"Province de Benslimane إقليم بن سليمان","shapeISO":"","shapeID":"96644757B34372354169334","shapeGroup":"MAR","shapeType":"ADM2"}},
{"type":"Feature","geometry":{"type":"Polygon","coordinates":[[[-13.245522600000044,27.47232320000002],[-13.2389531,27.4692906],[-13.2222162,27.4529163],[-13.1654821,27.4110936],[-13.1397329,27.3876995],[-13.1208501,27.3659775],[-13.0453191,27.3153523],[-13.0135618,27.2988027],[-12.9911599,27.2997942],[-12.8560624,27.326257],[-12.6856027,27.3868612],[-12.6493841,27.4086412],[-12.7149587,27.3006342],[-12.7187352,27.2156367],[-12.7072339,27.1699829],[-12.6749616,27.1389766],[-12.5896459,27.0954309],[-12.5350576,27.0648625],[-12.5010686,27.0423894],[-12.2996154,26.8616998],[-12.2583403,26.9070115],[-12.2236647,26.9917847],[-12.2094082,27.0169289],[-12.1900191,27.0633484],[-12.1562018,27.1124074],[-12.1369757,27.1507532],[-12.1223845,27.2043541],[-12.1275588,27.2315278],[-12.114916,27.2931448],[-12.0973979,27.327959],[-12.0692455,27.3980881],[-12.0331966,27.4524685],[-11.8941509,27.5691305],[-11.8704702,27.5852897],[-11.8062345,27.6624165],[-11.7866222,27.6835176],[-11.763008,27.7029938],[-11.5908746,27.7977601],[-11.5379171,27.8044793],[-11.5070438,27.8037277],[-11.4854144,27.807053],[-11.5514259,27.8362409],[-11.5850521,27.8658816],[-11.6362072,27.9521888],[-11.6655613,27.9922207],[-11.6990352,28.0587736],[-11.7115665,28.1234762],[-11.74285,28.14766],[-11.772163,28.1813612],[-11.78193046677838,28.20960916691394],[-11.786465738435895,28.211185809016243],[-11.8008572,28.2066519],[-11.8703782,28.1800152],[-11.8703253,28.1765065],[-11.8847632,28.1754703],[-11.9373268,28.1560989],[-11.9819194,28.1323838],[-12.0298472,28.1128444],[-12.0462324,28.1036486],[-12.0499953,28.0970835],[-12.082537,28.086784],[-12.229031,28.0560572],[-12.5200111,28.0074381],[-12.540715036165135,28.00074660436625],[-12.543581,28.0001059],[-12.559584417139595,27.996587301787724],[-12.560053600181725,27.99663817686403],[-12.564168557519668,27.99596948369414],[-12.564377011290459,27.995918355252716],[-12.570093965054259,27.99503572902713],[-12.571175666075725,27.99488236156627],[-12.613984579873012,27.98887154919141],[-12.615175,27.988635],[-12.627587158957208,27.9871310990783],[-12.628245,27.987061],[-12.629988,27.986834],[-12.630278,27.986839],[-12.632021,27.986612],[-12.632311,27.986617],[-12.635797,27.986162],[-12.642495471479917,27.98532904969151],[-12.643005904665223,27.985257084563187],[-12.646255,27.984799],[-12.651779,27.983865],[-12.653233,27.983632],[-12.657593,27.982935],[-12.658899,27.982829],[-12.660205,27.982723],[-12.661658,27.98249],[-12.663401,27.982263],[-12.667177,27.981813],[-12.678922779416641,27.981008768338604],[-12.679361,27.98099],[-12.68719,27.980608],[-12.689513,27.98039],[-12.691545,27.980167],[-12.693867,27.979948],[-12.695899432098763,27.9797250074499],[-12.697932,27.979502],[-12.700254,27.979284],[-12.702286,27.979061],[-12.712727,27.978463],[-12.713307,27.978473],[-12.715339,27.97825],[-12.715629,27.978254],[-12.728145,27.975376],[-12.730200771997797,27.975014714583125],[-12.730762,27.974905],[-12.732060924907369,27.974736317304206],[-12.73248091314036,27.974675592627634],[-12.734247,27.974448],[-12.766066162479408,27.971161064730914],[-12.766516071356419,27.971118223907094],[-12.77460083991885,27.97057898311011],[-12.776840457270495,27.970513911268817],[-12.778353400888172,27.970411248141573],[-12.779565626239382,27.970300693672172],[-12.812932014211249,27.966778567540977],[-12.813773,27.966734],[-12.8158,27.966766],[-12.817542,27.966537],[-12.817832,27.966541],[-12.819285,27.966307],[-12.821317,27.966082],[-12.825381,27.965632],[-12.826255,27.965389],[-12.827418,27.96515],[-12.838504,27.96121],[-12.838893165359195,27.960765040878037],[-12.840881705366815,27.95960983363371],[-12.841073205181548,27.95955659055023],[-12.841524068955685,27.959457232788303],[-12.843617103666922,27.959018053618472],[-12.844051,27.958982],[-12.845701896855767,27.958777462963567],[-12.845893980245044,27.95875374103865],[-12.851941151008557,27.958641783426934],[-12.852356735262275,27.958597598411934],[-12.854201,27.958369],[-12.85449,27.958374],[-12.857783398847145,27.95782494403566],[-12.858940665259428,27.95741449939893],[-12.860891,27.956931],[-12.868733,27.955766],[-12.869892,27.955784],[-12.873666,27.955328],[-12.875171233790754,27.955351681728867],[-12.8796015,27.95542],[-12.881194,27.955445],[-12.887719200749999,27.95477355091485],[-12.915333900000032,27.95405880000004],[-12.921072400000018,27.948234699999986],[-12.9317508,27.944114299999946],[-12.935545852394025,27.94523089673738],[-12.933761800000028,27.9443511],[-12.934569,27.943526],[-12.934896035569494,27.943245119639194],[-12.9355259,27.940663],[-12.932705,27.943486200000024],[-12.9319064,27.9432395],[-12.9305719,27.9422249],[-12.930964600000046,27.9410942],[-12.931265259006448,27.940109052321183],[-12.93108643331035,27.93992546358497],[-12.930965560510739,27.93979256600519],[-12.931449890046418,27.939264758781192],[-12.931803285815597,27.93892036239985],[-12.93243768628257,27.93912977406573],[-12.933157173033416,27.939946079779972],[-12.933143011007004,27.940029860148897],[-12.933316848775656,27.940250080854266],[-12.933371663868847,27.94025541683679],[-12.933388588361456,27.94025142729486],[-12.932532086832644,27.938363352723343],[-12.932812298157764,27.93809811772779],[-12.934507800000024,27.936697600000016],[-12.934585,27.9363692],[-12.934944210928945,27.935654957872288],[-12.935387793716853,27.935267212757054],[-12.936499139089513,27.9319360097237],[-12.936616398428953,27.931730900995944],[-12.936699057826962,27.931594472370367],[-12.937045281355726,27.931052328516053],[-12.93842238681784,27.9297449688688],[-12.93852209952286,27.929686530947585],[-12.940145484383532,27.92922989107616],[-12.940312246844108,27.929158788588726],[-12.940784,27.92883],[-12.940970339956355,27.928721879738184],[-12.94147168132826,27.928430985818046],[-12.941693642154934,27.928366852335508],[-12.950398,27.92576],[-12.952918764377344,27.924150718433765],[-12.953145454937912,27.923788942532205],[-12.954191454742789,27.923886770800735],[-12.954844664928554,27.923896443212172],[-12.960908500000041,27.9180731],[-12.9707492,27.8977071],[-12.9794936,27.8937222],[-12.9820154,27.8830219],[-12.988628200000036,27.877841699999962],[-12.9856544,27.8739086],[-12.989774038863874,27.85801996169933],[-12.989992543913349,27.857647548589327],[-12.996357,27.851593],[-12.999835,27.843413],[-13.001520782546226,27.830416272629343],[-13.00392838454383,27.825466087450376],[-13.004452410140672,27.824817875679813],[-13.005217652321761,27.823943927238197],[-13.007164424805246,27.816388574673546],[-13.007291396619848,27.815427700676874],[-13.007332,27.813172],[-13.007380113873719,27.812658543887707],[-13.00827,27.809328],[-13.008575777506376,27.808418236172244],[-13.011041734605673,27.80591234319585],[-13.01120653967864,27.805787107011227],[-13.012142108323772,27.805187507765595],[-13.012347717943857,27.805057769932674],[-13.013711,27.804391],[-13.015286303874731,27.803793473196233],[-13.015694766193882,27.803647249359088],[-13.017498769044101,27.80284430125911],[-13.017638485980338,27.80274515868564],[-13.018473321146404,27.802194313374457],[-13.022243857617545,27.800035736105162],[-13.023170330318763,27.799369521785948],[-13.024412143657084,27.798500521019477],[-13.025261,27.797484],[-13.026022657837068,27.796157891586336],[-13.026695672319217,27.795360679258764],[-13.027618429732575,27.79446946738261],[-13.028188409839387,27.793667542004634],[-13.028521,27.793158],[-13.034636627998193,27.780385413536273],[-13.03510338859068,27.77973519606165],[-13.03567312803155,27.778896474857255],[-13.03575243795791,27.77871971146142],[-13.038528378802923,27.77213380667643],[-13.038803863411259,27.771620617753396],[-13.040817679270251,27.766897314000595],[-13.040870670441626,27.766757337041014],[-13.043554181352372,27.760706898703837],[-13.043812909567816,27.760355853556696],[-13.045334,27.758675],[-13.046016406607006,27.758005400079934],[-13.046532853718555,27.757405566926412],[-13.047105,27.756642],[-13.047696,27.755879],[-13.048328670154497,27.754768588519294],[-13.048889,27.753838],[-13.049519992831002,27.753117882993422],[-13.049910142946807,27.752566822047704],[-13.056090516088288,27.747186863995],[-13.056342548051648,27.74694314773405],[-13.058144,27.745481],[-13.060493,27.743456],[-13.064598,27.74017],[-13.066618125404947,27.738706674975226],[-13.066706437509946,27.738642829709633],[-13.074526,27.734521],[-13.076852,27.733782],[-13.079466,27.733046],[-13.08092,27.732552],[-13.082374,27.732058],[-13.083828,27.731564],[-13.084699,27.731319],[-13.088767,27.730089],[-13.112150100000015,27.721217],[-13.121315481673363,27.713624143062866],[-13.121632935195867,27.713404273397106],[-13.139011200000024,27.7040353],[-13.147622792841634,27.70155402252063],[-13.150613900531312,27.700737591473228],[-13.160499987320247,27.696612968969532],[-13.160515951427705,27.696600834100664],[-13.1647991,27.6912399],[-13.1669836,27.6793559],[-13.167378300000028,27.6781349],[-13.1684821,27.6758161],[-13.1701086,27.6733901],[-13.1719466,27.667829599999983],[-13.185388800000037,27.64237320000003],[-13.197109,27.6224744],[-13.197536800000016,27.620771599999983],[-13.197649328660006,27.61985508898899],[-13.197625987327672,27.61845219193482],[-13.20308230000002,27.59683639999995],[-13.203201,27.5947985],[-13.204075620118001,27.58632808671784],[-13.205887300000025,27.579509],[-13.206332249151593,27.57797843257233],[-13.20672738177981,27.576609678086932],[-13.207213603675001,27.57516386317176],[-13.208506500000023,27.57212449999995],[-13.218581100000044,27.551565699999948],[-13.2188812,27.550354],[-13.2187626,27.5484978],[-13.22802468504139,27.512043516159423],[-13.228450426894035,27.510609486981384],[-13.228754918133516,27.509692252799386],[-13.228974111331677,27.5090725412835],[-13.229363410789503,27.507685985479995],[-13.229468595418687,27.507278367007537],[-13.245522600000044,27.47232320000002]]]},"properties":{"shapeName":"Tarfaya Province","shapeISO":"","shapeID":"96644757B75888110493475","shapeGroup":"MAR","shapeType":"ADM2"}},
{"type":"Feature","geometry":{"type":"Polygon","coordinates":[[[-3.2517668,31.7136199],[-3.00062,31.758667],[-2.8206956,31.7936425],[-2.8219199,31.8144025],[-2.8248768,31.819537],[-2.83252,31.8267606],[-2.8398929,31.8270815],[-2.8441458,31.8320658],[-2.8428841,31.8449611],[-2.837069,31.8564293],[-2.8379788,31.8647107],[-2.8423948,31.8687344],[-2.8423219,31.8836179],[-2.8519821,31.8932777],[-2.855072,31.9033519],[-2.8629255,31.9138712],[-2.8836536,31.9348643],[-2.8818941,31.9552318],[-2.8851986,31.966122],[-2.8994894,31.9777353],[-2.9165397,32.0124664],[-2.9305558,32.0283945],[-2.927397344867192,32.049382661676056],[-2.926754754644648,32.05060494153018],[-2.9156034,32.0750567],[-2.873435,32.111359],[-2.819822,32.115259],[-2.728558,32.110846],[-2.649069,32.117034],[-2.600034,32.112911],[-2.5691826,32.1258954],[-2.5424404,32.1450817],[-2.4752476,32.1509761],[-2.4485994,32.156086],[-2.432298772395761,32.152955800384376],[-2.4191805,32.1534718],[-2.4064883,32.1576759],[-2.3719468,32.1563343],[-2.3670834,32.1541535],[-2.3607545,32.1570896],[-2.3522079,32.153589],[-2.3143222,32.1583208],[-2.2999301,32.1513008],[-2.2870994,32.1527042],[-2.286421,32.162815],[-2.277609,32.168605],[-2.259353,32.162414],[-2.245687,32.162475],[-2.23161,32.158977],[-2.190332,32.14311],[-2.171579,32.142652],[-2.132496,32.14649],[-2.102408,32.153593],[-2.087724,32.160413],[-2.014916,32.182183],[-1.988639,32.174108],[-1.9799,32.167631],[-1.97652,32.160986],[-1.968579,32.157321],[-1.944496,32.158522],[-1.926779,32.151053],[-1.920746,32.16236],[-1.9033993,32.1643566],[-1.8831432,32.1518132],[-1.8745173,32.1516061],[-1.874158,32.146835],[-1.8683804,32.1440792],[-1.8559757,32.1494551],[-1.8509246,32.1466373],[-1.843355,32.147465],[-1.8432577,32.1447769],[-1.8381658,32.1433615],[-1.829958,32.146374],[-1.8231905,32.1416446],[-1.8015612,32.1363518],[-1.7836547,32.1358703],[-1.7488611,32.1210823],[-1.7265237,32.121055],[-1.7121256,32.1140854],[-1.6967855,32.1187361],[-1.6619554,32.1093999],[-1.6406093,32.1100651],[-1.626964,32.103523],[-1.580311,32.09224],[-1.504776,32.103871],[-1.483352,32.095106],[-1.382336,32.086452],[-1.3789773,32.0838836],[-1.369129,32.09006],[-1.357251,32.091209],[-1.3382,32.083187],[-1.2807018,32.0845588],[-1.272606,32.086796],[-1.261346,32.077801],[-1.2396084,32.0770836],[-1.232816,32.0806341],[-1.2296892,32.0763672],[-1.2302545,32.0792723],[-1.2038013,32.0845634],[-1.1829058,32.1033745],[-1.1720225,32.1067099],[-1.1673512,32.1051467],[-1.1645424,32.1097052],[-1.1523608,32.1110738],[-1.1554894,32.1189178],[-1.152878,32.1281259],[-1.1647999,32.1348564],[-1.1724774,32.1514607],[-1.183153,32.163625],[-1.191908,32.168782],[-1.217188,32.175831],[-1.228378,32.174683],[-1.250043,32.165463],[-1.256093,32.166897],[-1.264934,32.161968],[-1.276343,32.163799],[-1.2877459,32.158542],[-1.2990777,32.165975],[-1.2993352,32.1685634],[-1.2822034,32.1772252],[-1.2726204,32.1884558],[-1.2614002,32.1913867],[-1.2567632,32.1983359],[-1.2411205,32.2057076],[-1.2481608,32.2506858],[-1.2407557,32.2609329],[-1.2425775,32.2690815],[-1.2348334,32.2895524],[-1.2350845,32.3098862],[-1.2374942,32.3132811],[-1.2453477,32.3147881],[-1.2481418,32.3247292],[-1.2454526,32.3285305],[-1.228141,32.3366984],[-1.2212102,32.3442612],[-1.2058238,32.3949235],[-1.1889231,32.4070864],[-1.155039,32.41784],[-1.122403,32.414746],[-1.120564,32.419785],[-1.117,32.422768],[-1.111127,32.422364],[-1.10385,32.432102],[-1.068143,32.450206],[-1.059503,32.463385],[-1.050959,32.468367],[-1.046988,32.476908],[-1.0205301,32.4936803],[-1.0162557,32.5047939],[-1.0006624,32.5058588],[-0.999014,32.516899],[-1.010086,32.5323876],[-1.044903,32.547377],[-1.105634,32.586907],[-1.1231372,32.5947181],[-1.1287591,32.6015541],[-1.271116,32.695935],[-1.3564089,32.7318035],[-1.376679,32.7445971],[-1.3989913,32.7626626],[-1.543783,32.957761],[-1.510596,32.96951],[-1.496454,32.967103],[-1.485929,32.975354],[-1.472287,33.003658],[-1.477174,33.014029],[-1.476728,33.021705],[-1.461762,33.042215],[-1.475468,33.07653],[-1.484217,33.080829],[-1.487815,33.086101],[-1.514625,33.093951],[-1.5178,33.09899],[-1.534599,33.107526],[-1.539161,33.11767],[-1.576055,33.148891],[-1.5743841,33.1548139],[-1.5803547,33.1695227],[-1.5908099,33.1866543],[-1.600287,33.195245],[-1.6002223,33.2048382],[-1.6067272,33.2129216],[-1.6289305,33.2235219],[-1.6416732,33.2459953],[-1.6553299,33.2559034],[-1.6702666,33.2840801],[-1.6585411,33.3014403],[-1.6616986,33.3184223],[-1.6585346,33.3390025],[-1.6637671,33.35162],[-1.6635493,33.3781218],[-1.6488132,33.40837],[-1.6460162,33.4230119],[-1.6279322,33.4317861],[-1.6288072,33.4383072],[-1.6212669,33.4481823],[-1.6212852,33.4570872],[-1.6244491,33.4612333],[-1.6175773,33.473391],[-1.6209923,33.4774646],[-1.6217658,33.4877123],[-1.60618,33.4982192],[-1.595433,33.5214349],[-1.5881567,33.5290641],[-1.5981313,33.5420063],[-1.6006568,33.5466544],[-1.5988844,33.5507604],[-1.6033605,33.5563969],[-1.5973438,33.5579883],[-1.5930222,33.564858],[-1.5951336,33.5672628],[-1.5931231,33.5725067],[-1.6002449,33.5734077],[-1.6012426,33.5758606],[-1.5964554,33.5862128],[-1.599687,33.5927228],[-1.5971871,33.5968337],[-1.5990153,33.6019185],[-1.5947088,33.6054857],[-1.599553,33.615429],[-1.625005,33.625058],[-1.631342,33.631416],[-1.6461832,33.6697143],[-1.73628,33.64692],[-1.78285,33.63941],[-1.8478,33.63842],[-2.05214,33.65882],[-2.1247094,33.6885695],[-2.2135656,33.6932293],[-2.2582319,33.6855807],[-2.295079,33.6727457],[-2.32124,33.63998],[-2.451677,33.6628483],[-2.567969,33.6775812],[-2.6277071,33.6944753],[-2.6579968,33.6957464],[-2.7746836,33.6815274],[-2.7985875,33.6619268],[-2.8189036,33.6257783],[-2.8398334,33.5985801],[-2.8550898,33.5390645],[-2.88912,33.49687],[-2.93993,33.46113],[-3.00575,33.37593],[-3.04644,33.348],[-2.9992,33.31764],[-2.93543,33.2557],[-2.90572,33.21653],[-2.899,33.19964],[-2.90695,33.17701],[-2.9415,33.15244],[-2.9785,33.13258],[-3.02867,33.1138],[-3.34091,33.05967],[-3.43584,33.05657],[-3.5146061,33.085152],[-3.5596544,33.0976211],[-3.5675508,33.1080968],[-3.5756189,33.1084419],[-3.6035139,33.0945255],[-3.6169893,33.0783055],[-3.6496925,33.0574277],[-3.6827459,33.0269428],[-3.7129583,32.9793921],[-3.7274148,32.9477105],[-3.7498552,32.9255956],[-3.7988688,32.8957498],[-3.83034,32.86649],[-3.86818,32.82388],[-3.91125,32.76307],[-3.94745,32.71852],[-3.97854,32.68849],[-4.01593,32.64076],[-4.0148976,32.619538],[-4.0181592,32.608444],[-4.00295,32.57946],[-3.963927,32.5551637],[-3.92072,32.53419],[-3.9395281,32.5074489],[-3.9326102,32.4790269],[-3.91602,32.45019],[-3.85485,32.40252],[-3.821,32.34537],[-3.81043,32.31591],[-3.80774,32.28171],[-3.8179,32.26418],[-3.8134143,32.2566468],[-3.7880351,32.2610871],[-3.7729452,32.2637271],[-3.753732,32.2611324],[-3.7467625,32.2432032],[-3.7538178,32.2021852],[-3.673579,32.1968941],[-3.60069,32.20509],[-3.58301,32.19833],[-3.61658,32.17216],[-3.63614,32.15274],[-3.64679,32.13662],[-3.63447,32.12134],[-3.61543,32.10945],[-3.56595,32.12709],[-3.54222,32.14263],[-3.51086,32.14723],[-3.48375,32.14372],[-3.37695,32.10942],[-3.33347,32.10606],[-3.3094536,32.1257979],[-3.267903,32.1473039],[-3.1929857,32.17684],[-3.2620665,32.0923733],[-3.2721945,32.0107505],[-3.2699629,31.9712879],[-3.2444841,31.9058764],[-3.193329,31.8125352],[-3.1844884,31.8145336],[-3.182171,31.8312124],[-3.112734,31.8401377],[-3.1564218,31.796732],[-3.1965005,31.772174],[-3.2560584,31.7281779],[-3.2517668,31.7136199]]]},"properties":{"shapeName":"Province de Figuig إقليم الناظور","shapeISO":"","shapeID":"96644757B25874170222857","shapeGroup":"MAR","shapeType":"ADM2"}},
{"type":"Feature","geometry":{"type":"Polygon","coordinates":[[[-5.7933786,34.2110289],[-5.7679728,34.1628874],[-5.7636984,34.1630224],[-5.7625826,34.1671414],[-5.7509783,34.1670775],[-5.7514246,34.1596844],[-5.7440432,34.1592369],[-5.730409,34.1625501],[-5.7078268,34.1736846],[-5.7013348,34.1739571],[-5.70658,34.14487],[-5.70455,34.12094],[-5.68403,34.11853],[-5.6483259,34.1194142],[-5.6419088,34.1255772],[-5.6268884,34.1218612],[-5.6112629,34.1227671],[-5.6044694,34.1201452],[-5.5944873,34.1074039],[-5.58198,34.10783],[-5.5421264,34.1292023],[-5.5345733,34.1371594],[-5.5314834,34.1598826],[-5.5035197,34.1511392],[-5.4908855,34.157205],[-5.4690029,34.1474314],[-5.4688748,34.1560804],[-5.4641584,34.1651038],[-5.4564508,34.1650718],[-5.443112,34.1845365],[-5.4640976,34.1913382],[-5.473715,34.212063],[-5.4639989,34.2261901],[-5.4509097,34.2347164],[-5.4361984,34.2334994],[-5.4296409,34.2502551],[-5.4227394,34.2480634],[-5.42113,34.2499666],[-5.4225462,34.2567417],[-5.4298848,34.261672],[-5.4317471,34.272334],[-5.4355612,34.2794061],[-5.4387305,34.2797625],[-5.4411927,34.2927588],[-5.4460636,34.2932711],[-5.4473564,34.2978526],[-5.4430467,34.3008378],[-5.4595337,34.3104092],[-5.4628542,34.319105],[-5.4669827,34.3187701],[-5.4718922,34.3136021],[-5.4823625,34.3258844],[-5.4880498,34.3219255],[-5.4876615,34.3133429],[-5.5003118,34.3185556],[-5.5047697,34.3237942],[-5.5044446,34.3331256],[-5.5006906,34.3379646],[-5.492424,34.3404486],[-5.4930935,34.3441409],[-5.5171411,34.3564877],[-5.520055,34.3597386],[-5.5187354,34.3645951],[-5.5271318,34.3651566],[-5.5327484,34.3622956],[-5.5288655,34.3754605],[-5.51539,34.3780107],[-5.509987,34.3764877],[-5.5067211,34.3713516],[-5.495649,34.3708557],[-5.4700757,34.3826505],[-5.4556211,34.3942123],[-5.4171525,34.4018268],[-5.3938795,34.4135217],[-5.3896524,34.4263795],[-5.3796102,34.440007],[-5.3774644,34.4414581],[-5.3717138,34.437848],[-5.3607274,34.4407502],[-5.3436471,34.45572],[-5.3406431,34.4631509],[-5.3455354,34.4685997],[-5.3352357,34.4805222],[-5.3445913,34.4828216],[-5.3425313,34.4884461],[-5.331545,34.5035134],[-5.3151513,34.5158977],[-5.3439046,34.5273468],[-5.3893949,34.5371399],[-5.3924848,34.5353369],[-5.3876783,34.5301399],[-5.3869916,34.5226797],[-5.3948549,34.5219076],[-5.4089235,34.5336205],[-5.419706,34.5372548],[-5.4277333,34.5367298],[-5.4313232,34.5438211],[-5.4293491,34.5503604],[-5.4352714,34.5582776],[-5.4306365,34.5622006],[-5.429392,34.573615],[-5.4127408,34.5866531],[-5.4155732,34.5899035],[-5.4137186,34.5948737],[-5.4220442,34.6082829],[-5.4438974,34.6202107],[-5.4448177,34.6236236],[-5.4569026,34.6223328],[-5.4614946,34.6284422],[-5.4892608,34.6312672],[-5.4941961,34.6385411],[-5.5057403,34.6445787],[-5.5141517,34.6450024],[-5.5215074,34.6389136],[-5.5283996,34.6386117],[-5.540845,34.6681246],[-5.5520889,34.6678775],[-5.5491038,34.6728123],[-5.5518314,34.6936398],[-5.575821,34.6932869],[-5.5795976,34.7077545],[-5.5881807,34.7147395],[-5.5900861,34.7216004],[-5.6034757,34.7165915],[-5.604746,34.722641],[-5.608265,34.7208773],[-5.6342889,34.7260448],[-5.6292936,34.7362552],[-5.6442281,34.740064],[-5.6666299,34.7343508],[-5.668348,34.7263942],[-5.6730236,34.7252091],[-5.6825043,34.7126934],[-5.7050778,34.7112823],[-5.7145792,34.7047486],[-5.7105838,34.7186445],[-5.7171241,34.7204047],[-5.7193436,34.7270628],[-5.7285053,34.7304747],[-5.7441694,34.7265527],[-5.7509586,34.7298046],[-5.7538468,34.7353348],[-5.7606188,34.7369359],[-5.7762314,34.7348445],[-5.7948575,34.7507528],[-5.7863594,34.7618552],[-5.7815529,34.77786],[-5.7879924,34.7936484],[-5.7838296,34.8038681],[-5.7862757,34.8062643],[-5.7841493,34.8249573],[-5.7908641,34.8352271],[-5.8086783,34.8343077],[-5.8168322,34.8281079],[-5.8243853,34.8348009],[-5.8291446,34.851922],[-5.85949,34.8428318],[-5.8634769,34.8296614],[-5.8736907,34.8259977],[-5.8885008,34.8306442],[-5.8999884,34.829316],[-5.8826155,34.7936531],[-5.8900227,34.7673509],[-5.8722429,34.7251624],[-5.8715605,34.6884539],[-5.8805372,34.6590724],[-5.8761383,34.654395],[-5.8840348,34.6510059],[-5.8835198,34.6488877],[-5.8735634,34.6431682],[-5.8645512,34.6523475],[-5.8613969,34.6517297],[-5.8593155,34.6499468],[-5.8616329,34.6456396],[-5.8480717,34.6323636],[-5.8482434,34.6257954],[-5.8603455,34.6274199],[-5.8896794,34.6194451],[-5.9224624,34.6224787],[-5.9219475,34.6320275],[-5.9331913,34.6432488],[-5.9557948,34.6511465],[-5.9717293,34.651376],[-5.972845,34.6550122],[-5.9779391,34.654465],[-5.9768233,34.6511465],[-5.9804282,34.6483928],[-5.9923587,34.645233],[-5.9951911,34.6383904],[-6.0066924,34.6414728],[-6.0176787,34.6299618],[-6.0211978,34.6200737],[-6.0148163,34.6084714],[-6.0228286,34.6088423],[-6.0362739,34.6144758],[-6.0498266,34.6266777],[-6.0566229,34.6022856],[-6.0762951,34.6015893],[-6.0779038,34.5972376],[-6.086865,34.5930289],[-6.0915308,34.5970031],[-6.0887971,34.6067623],[-6.0915201,34.6088957],[-6.1059214,34.6019655],[-6.1210911,34.6079217],[-6.1320007,34.6000616],[-6.1341205,34.603661],[-6.1275386,34.6157125],[-6.1351564,34.6169862],[-6.1433688,34.6103558],[-6.1421854,34.5950967],[-6.1446026,34.59142],[-6.1698304,34.5982029],[-6.1797824,34.5761826],[-6.1860785,34.5851286],[-6.1930726,34.5850351],[-6.1955118,34.5793775],[-6.1919798,34.5668086],[-6.2028818,34.5572691],[-6.2079787,34.5583851],[-6.2127872,34.5722007],[-6.2213112,34.5710345],[-6.2225964,34.5634825],[-6.2167301,34.5529561],[-6.2106277,34.5486142],[-6.2022611,34.5481677],[-6.206816,34.5409738],[-6.214763,34.5402248],[-6.2219931,34.5538922],[-6.2337432,34.5596883],[-6.238945,34.5583851],[-6.2400204,34.5506232],[-6.2346787,34.5427957],[-6.2517355,34.5364655],[-6.2536763,34.5324972],[-6.2426869,34.5110247],[-6.2504328,34.5117091],[-6.2752449,34.5315786],[-6.2826215,34.5293841],[-6.2858965,34.5239928],[-6.278214,34.51009],[-6.2803559,34.5045966],[-6.287492,34.5095586],[-6.2957538,34.5102971],[-6.2923988,34.517726],[-6.2938304,34.5230654],[-6.300147,34.524632],[-6.3059936,34.5212196],[-6.3069006,34.5037771],[-6.3157812,34.5036814],[-6.3209578,34.4999791],[-6.3207304,34.4912535],[-6.3167092,34.4907477],[-6.3126752,34.4957349],[-6.3001439,34.490111],[-6.276101,34.4898781],[-6.2760119,34.4849578],[-6.261233,34.4790289],[-6.26063,34.4741353],[-6.2544674,34.4717348],[-6.2588035,34.4520882],[-6.2569153,34.4480892],[-6.2338483,34.4614566],[-6.2054941,34.4665495],[-6.1882829,34.4597051],[-6.176419,34.4608794],[-6.1694452,34.4537492],[-6.165688,34.4374186],[-6.1527297,34.4317177],[-6.1370763,34.4366908],[-6.1361858,34.4398939],[-6.1294782,34.4367726],[-6.1259612,34.4380446],[-6.1216032,34.4290917],[-6.1066043,34.4181442],[-6.1007807,34.4197439],[-6.0926804,34.4153806],[-6.0926783,34.4102314],[-6.0974097,34.4089037],[-6.0944716,34.4086634],[-6.0898265,34.3995891],[-6.067723,34.3945452],[-6.0602021,34.3899061],[-6.0624873,34.3869666],[-6.0455572,34.3800249],[-6.0453748,34.3755798],[-6.0376501,34.3708599],[-6.0372981,34.3607351],[-6.0312235,34.356114],[-6.028007,34.3590169],[-5.9990584,34.3604539],[-5.9951531,34.3673264],[-5.9872052,34.3651372],[-5.979223,34.3664302],[-5.9753177,34.3598942],[-5.9684941,34.3584948],[-5.9614002,34.3669899],[-5.9578297,34.3642339],[-5.958173,34.3585125],[-5.9497616,34.3525605],[-5.9509847,34.3509484],[-5.9528086,34.3531451],[-5.9541175,34.3499563],[-5.9499976,34.3365091],[-5.9436032,34.3316364],[-5.9022114,34.3461296],[-5.889208,34.3472989],[-5.8754837,34.3548209],[-5.8696257,34.3525091],[-5.8690485,34.3469796],[-5.8635554,34.3449245],[-5.8557984,34.3711415],[-5.8608624,34.3729126],[-5.8576738,34.3820083],[-5.8689606,34.3938901],[-5.8843243,34.4040175],[-5.9013609,34.423243],[-5.9025325,34.4306838],[-5.914523,34.4385309],[-5.9068712,34.4394264],[-5.9068283,34.4447564],[-5.9123,34.4470887],[-5.9071799,34.4704192],[-5.8854319,34.4690086],[-5.8819277,34.4841783],[-5.8770139,34.4857215],[-5.8756835,34.481366],[-5.885836,34.4604512],[-5.8816577,34.4567979],[-5.8630605,34.4620197],[-5.8584887,34.4667371],[-5.8671649,34.4702629],[-5.8682626,34.474099],[-5.8448752,34.4871354],[-5.8387951,34.4889168],[-5.8274034,34.4847687],[-5.820022,34.4793917],[-5.8289651,34.4625973],[-5.8209593,34.4592968],[-5.8023409,34.4625508],[-5.7935862,34.4590124],[-5.7949594,34.4536337],[-5.8088305,34.4523827],[-5.8120379,34.4495888],[-5.7989077,34.4458481],[-5.8004526,34.4353718],[-5.7950521,34.4275096],[-5.7979161,34.418233],[-5.7807848,34.4168342],[-5.7664825,34.4224999],[-5.7520441,34.4149818],[-5.7489542,34.4066261],[-5.7355424,34.4086738],[-5.7335683,34.4033352],[-5.7367945,34.4017427],[-5.7387182,34.4043178],[-5.7432894,34.4001109],[-5.755649,34.3992611],[-5.7569367,34.4053576],[-5.7653985,34.4041891],[-5.7607776,34.4009899],[-5.7617003,34.3952844],[-5.7574581,34.3979668],[-5.751465,34.3902557],[-5.7479889,34.3927214],[-5.743811,34.3872366],[-5.7372171,34.3905018],[-5.7340199,34.3858837],[-5.7264885,34.3936142],[-5.7244066,34.3824041],[-5.7163938,34.3816007],[-5.7181629,34.388388],[-5.7109746,34.3856132],[-5.7037648,34.3950006],[-5.7002024,34.3906205],[-5.6962923,34.3918454],[-5.7039601,34.3772315],[-5.6946045,34.3644086],[-5.6843048,34.3609368],[-5.6895448,34.3560833],[-5.6988145,34.3353408],[-5.7066976,34.3304775],[-5.729799,34.3325932],[-5.7378671,34.342728],[-5.7468793,34.3413106],[-5.746021,34.3342943],[-5.7544324,34.3352156],[-5.7603547,34.3540662],[-5.7831626,34.3533312],[-5.7757812,34.3412063],[-5.7790341,34.3317588],[-5.7770686,34.3284523],[-5.7799971,34.3275006],[-5.7889527,34.2965703],[-5.7959908,34.3022693],[-5.8000099,34.272758],[-5.8042971,34.26453],[-5.8000249,34.2614513],[-5.8006822,34.2568021],[-5.7907388,34.2551598],[-5.7933786,34.2110289]]]},"properties":{"shapeName":"Province de Sidi Kacem إقليم سيدي قاسم","shapeISO":"","shapeID":"96644757B9718685225615","shapeGroup":"MAR","shapeType":"ADM2"}},
{"type":"Feature","geometry":{"type":"Polygon","coordinates":[[[-7.3801397,33.5099501],[-7.3850092,33.5177516],[-7.3788272,33.5237462],[-7.3954505,33.5345215],[-7.3926503,33.5372294],[-7.4029392,33.5429499],[-7.4009866,33.5439872],[-7.4130356,33.5573905],[-7.4156019,33.5563212],[-7.4167906,33.5617248],[-7.4299142,33.5551624],[-7.4348022,33.5545187],[-7.4343962,33.5587224],[-7.4527639,33.5566661],[-7.4735993,33.5734552],[-7.470488,33.5748139],[-7.4781055,33.5807849],[-7.4840492,33.5651952],[-7.4967522,33.562084],[-7.514927,33.5684262],[-7.5146228,33.5650717],[-7.5432053,33.5513676],[-7.5469105,33.5476171],[-7.5343665,33.5324301],[-7.5442371,33.5315948],[-7.558164,33.5203947],[-7.5474588,33.5107243],[-7.5429527,33.5021183],[-7.5723711,33.4843668],[-7.5812503,33.4842165],[-7.5993606,33.4731199],[-7.586619,33.4628167],[-7.5957171,33.4557993],[-7.5906102,33.4520755],[-7.5842587,33.4530781],[-7.5673071,33.4417269],[-7.5632087,33.4422333],[-7.5587799,33.4381258],[-7.5638997,33.4342544],[-7.5613119,33.4312389],[-7.5331873,33.412565],[-7.5235115,33.4107685],[-7.5176519,33.418189],[-7.50912,33.41797],[-7.48747,33.42591],[-7.4571735,33.4511553],[-7.4358446,33.4514543],[-7.3533988,33.4679027],[-7.3729682,33.4728358],[-7.3777747,33.4813051],[-7.3801397,33.5099501]]]},"properties":{"shapeName":"Médiouna Province","shapeISO":"","shapeID":"96644757B92138134403299","shapeGroup":"MAR","shapeType":"ADM2"}},
{"type":"Feature","geometry":{"type":"Polygon","coordinates":[[[-2.3277319,34.5911078],[-2.3270453,34.5709008],[-2.3071669,34.5416503],[-2.3273886,34.5218378],[-2.3359717,34.5065615],[-2.3395765,34.4716137],[-2.3390616,34.4629806],[-2.3356627,34.4592441],[-2.351507,34.4384174],[-2.3483313,34.4318339],[-2.3440741,34.4313561],[-2.3353708,34.4093187],[-2.3349417,34.4005375],[-2.3158358,34.404521],[-2.3163164,34.4122928],[-2.3016394,34.4134257],[-2.2843016,34.4101684],[-2.2582091,34.4295685],[-2.2323225,34.4250552],[-2.2191904,34.4262588],[-2.2015608,34.4216391],[-2.2017186,34.4399696],[-2.1934102,34.4482016],[-2.1885092,34.4440114],[-2.1776946,34.4440821],[-2.1344412,34.4488933],[-2.088261,34.4610719],[-2.0582236,34.4856194],[-2.0528877,34.4834957],[-2.0494009,34.4999433],[-2.0580429,34.510354],[-2.0536745,34.5178033],[-2.0234965,34.5084854],[-2.0117802,34.5112357],[-2.0262087,34.5366834],[-2.0255221,34.5439656],[-1.9775427,34.5600125],[-1.9702471,34.5562662],[-1.9612349,34.5659498],[-1.955776,34.5670984],[-1.941923,34.5566903],[-1.9160364,34.556708],[-1.8974112,34.5507701],[-1.8960036,34.5461573],[-1.8851031,34.5456624],[-1.8789232,34.552661],[-1.8581007,34.5599595],[-1.8469942,34.5711799],[-1.8193125,34.5798045],[-1.7972623,34.5776115],[-1.7992793,34.5840554],[-1.806832049527976,34.589926958894935],[-1.807307026810459,34.590959473118566],[-1.807938331282713,34.59146799328392],[-1.808151745167056,34.59163090063438],[-1.810349953728899,34.59330888111685],[-1.81238122054587,34.59530469660981],[-1.812649133758551,34.59637279440784],[-1.812824283820028,34.597213911181136],[-1.812931931679543,34.59773086458389],[-1.813047139679394,34.59828412377346],[-1.81420978895385,34.60026025921373],[-1.814480397015764,34.60056675704138],[-1.814978205054288,34.6011305875545],[-1.816107006301074,34.60290379335003],[-1.818578060999002,34.60497176617093],[-1.819037423656692,34.605082807422676],[-1.820384055904359,34.605741874903885],[-1.82184126516686,34.60655764280947],[-1.821850999068989,34.606811310511155],[-1.821863104176128,34.60712677235536],[-1.821907388642888,34.60828083562377],[-1.822425889958193,34.609126686965276],[-1.823446,34.60982159999995],[-1.824087215588769,34.61010749074569],[-1.831223943080676,34.61219251956498],[-1.8323231,34.6119777],[-1.834918226127527,34.61292510763341],[-1.836463391671575,34.614107538646245],[-1.840404947034916,34.61707709051234],[-1.840610315417749,34.61709413222793],[-1.841171500000019,34.61714069999997],[-1.841667151771912,34.61705654719285],[-1.846549580828786,34.61571618310442],[-1.846597389741614,34.615701454773955],[-1.8532747,34.6152679],[-1.853826400000017,34.6162286],[-1.843777096826052,34.62349592262413],[-1.8439188,34.624013],[-1.8360514,34.6290766],[-1.821201404090292,34.65076452858644],[-1.819593420283919,34.65213346171019],[-1.8159654,34.6591489],[-1.8155534,34.6597741],[-1.815076,34.660152],[-1.811852904386694,34.66161116333655],[-1.81156211522994,34.66198368857023],[-1.7897412,34.6875183],[-1.7751296,34.6991042],[-1.7712238,34.7246084],[-1.7388849,34.7430184],[-1.7521951,34.7516493],[-1.8059354,34.7730272],[-1.8128919,34.7769317],[-1.814831,34.7826594],[-1.8221944,34.7820639],[-1.8420371,34.788082],[-1.8592247,34.8022594],[-1.8885832,34.8062287],[-1.8909021,34.82825839999995],[-1.8912127,34.8289991],[-1.892072256816416,34.8327869949199],[-1.892076700000015,34.83281822494229],[-1.8941661,34.8419783],[-1.9298918,34.8576885],[-1.9325905,34.8611111],[-1.9408272,34.8617007],[-1.9614993,34.8763925],[-1.972724,34.8787907],[-1.9733874,34.9357792],[-1.9922259,34.9302056],[-2.0120538,34.9319549],[-2.0364331,34.9244876],[-2.0458712,34.9268328],[-2.0563729,34.9360524],[-2.0698515,34.9185222],[-2.0565048,34.9072961],[-2.0760248,34.9069195],[-2.0740078,34.9026785],[-2.1111317,34.8954595],[-2.1170433,34.8874038],[-2.1211031,34.8534933],[-2.1500109,34.8365028],[-2.2358072,34.8840278],[-2.2736329,34.8262548],[-2.2924555,34.8128181],[-2.2696245,34.8085899],[-2.2545183,34.7874455],[-2.2752894,34.7591034],[-2.281555,34.7042282],[-2.2570074,34.6421778],[-2.230457,34.6128465],[-2.237438,34.6117374],[-2.2360132,34.607022],[-2.2609556,34.5995157],[-2.3257578,34.5976788],[-2.3277319,34.5911078]]]},"properties":{"shapeName":"Préfecture d'Oujda-Angad عمالة وجدة - أنجاد","shapeISO":"","shapeID":"96644757B53695376753874","shapeGroup":"MAR","shapeType":"ADM2"}},
{"type":"Feature","geometry":{"type":"Polygon","coordinates":[[[-6.8050741,33.2356819],[-6.8412861,33.2243454],[-6.8691291,33.2016726],[-6.8925437,33.1414877],[-6.8951551,33.105753],[-6.9137911,33.101644],[-6.9031009,33.0767305],[-6.932191,33.056968],[-6.922548,33.0487092],[-6.9444219,33.008908],[-6.9428641,32.9917508],[-6.9688064,32.9526171],[-6.9812948,32.9497794],[-7.0025462,32.9561225],[-7.0082625,32.9474312],[-6.9987225,32.9383662],[-7.0060545,32.9223245],[-6.9998747,32.8478002],[-7.0128373,32.8108518],[-7.0289241,32.788591],[-7.0344066,32.7701298],[-7.0224077,32.7704241],[-7.0457536,32.7335808],[-7.0461399,32.7230497],[-7.0559243,32.6987064],[-7.0502252,32.6967291],[-7.0429725,32.6843426],[-7.030012,32.6767101],[-7.0130819,32.6558213],[-6.9929675,32.6433948],[-6.9864937,32.6356883],[-6.9774365,32.6268463],[-6.96013,32.62189],[-6.93663,32.61867],[-6.91025,32.62275],[-6.8773606,32.6342576],[-6.8584788,32.6537677],[-6.8499494,32.6761073],[-6.8450399,32.6625384],[-6.8209,32.6656544],[-6.79816,32.6651],[-6.7696722,32.6763012],[-6.7518366,32.6701745],[-6.724345,32.6659838],[-6.6733701,32.6683971],[-6.6754301,32.6552605],[-6.6487968,32.6602032],[-6.6561353,32.6827526],[-6.6142757,32.6865596],[-6.6284292,32.712475],[-6.6210563,32.7147065],[-6.6019891,32.7106984],[-6.5529368,32.7087376],[-6.4810064,32.6904387],[-6.4076641,32.6891457],[-6.406677,32.6847464],[-6.3215747,32.6727173],[-6.3203863,32.6650097],[-6.2861965,32.689218],[-6.254113,32.6936748],[-6.2383545,32.6903232],[-6.2032411,32.6937759],[-6.1638105,32.7025012],[-6.0662897,32.735957],[-6.0493725,32.7603855],[-6.0469435,32.7790562],[-6.0516126,32.8153325],[-6.0674039,32.8180403],[-6.0621683,32.8491813],[-6.0634386,32.8912527],[-6.086055,32.9124394],[-6.1569769,32.8712215],[-6.1665899,32.8950508],[-6.178692,32.9116576],[-6.1491748,32.9625322],[-6.1192558,32.9485],[-6.10181,32.97281],[-6.0994375,32.9889908],[-6.1323,33.0035887],[-6.1513373,33.0200104],[-6.1695983,33.0257417],[-6.171229,33.0338695],[-6.1859318,33.0499106],[-6.1953475,33.0530257],[-6.2144877,33.0707177],[-6.2323362,33.0793412],[-6.2418033,33.0900528],[-6.2672092,33.109337],[-6.2709105,33.1188817],[-6.274421,33.1123182],[-6.2868407,33.1164663],[-6.2887977,33.1234284],[-6.2977498,33.124255],[-6.31683,33.1345264],[-6.3179186,33.1485557],[-6.325074,33.1469093],[-6.3366269,33.1540782],[-6.3451155,33.1516666],[-6.3812502,33.1593696],[-6.3976438,33.1702978],[-6.4082869,33.1887994],[-6.4232214,33.1965925],[-6.4270838,33.2120582],[-6.4176424,33.2227752],[-6.4308174,33.2252559],[-6.4608152,33.2180362],[-6.4726849,33.1967083],[-6.494679,33.1860851],[-6.5096865,33.1873385],[-6.5202694,33.1753492],[-6.5243507,33.1569597],[-6.531745,33.1489439],[-6.5412,33.14883],[-6.5599348,33.175243],[-6.5750023,33.1769923],[-6.5714833,33.1816042],[-6.59262,33.19133],[-6.6131125,33.1937671],[-6.6646897,33.2124174],[-6.735491,33.2145063],[-6.75755,33.21278],[-6.7797968,33.2151454],[-6.7960276,33.2239075],[-6.8050741,33.2356819]]]},"properties":{"shapeName":"Province de Khouribga إقليم خريبكة","shapeISO":"","shapeID":"96644757B15248572972708","shapeGroup":"MAR","shapeType":"ADM2"}},
{"type":"Feature","geometry":{"type":"Polygon","coordinates":[[[-11.4854144,27.807053],[-11.4051896,27.8043032],[-11.3609009,27.7961034],[-11.2282067,27.7584371],[-11.1897546,27.7383836],[-11.0417138,27.7535304],[-10.927044,27.7609739],[-10.9015351,27.7575257],[-10.8706309,27.773942],[-10.7863538,27.786411],[-10.7533948,27.782675],[-10.7187157,27.7678549],[-10.6337434,27.7809169],[-10.6083375,27.7810688],[-10.4777032,27.7939774],[-10.4164201,27.8047587],[-10.3053551,27.8125023],[-10.2758294,27.8139371],[-10.2483636,27.8095036],[-10.2322274,27.8029783],[-10.2123318,27.7990607],[-10.2227174,27.83573],[-10.2416044,27.8850012],[-10.2728554,27.9190287],[-10.2981214,27.9373202],[-10.3230037,27.9856801],[-10.3438777,28.0553047],[-10.35233,28.09929],[-10.4023284,28.2287191],[-10.4234556,28.2676198],[-10.4506983,28.2980462],[-10.5172471,28.3564031],[-10.5403356,28.3827831],[-10.590289,28.3905493],[-10.6296853,28.4069445],[-10.6738023,28.4114251],[-10.7406126,28.4229309],[-10.8047753,28.4454644],[-10.8397642,28.4489208],[-10.8851775,28.4918245],[-10.9145917,28.5138267],[-10.9543471,28.5284254],[-10.9511113,28.5394232],[-10.9672603,28.5439773],[-11.0049142,28.5321128],[-11.0565428,28.5568297],[-11.0752238,28.5709868],[-11.0826782,28.611755],[-11.1117448,28.666403],[-11.1245907,28.6818409],[-11.1381463,28.673497],[-11.1693855,28.6416719],[-11.2125444,28.6147443],[-11.2397795,28.579839],[-11.2706616,28.5528394],[-11.3197463,28.5183749],[-11.3349066,28.4994663],[-11.3423863,28.494463],[-11.3453276,28.4880503],[-11.3526629,28.4827676],[-11.3576153,28.4836519],[-11.3533892,28.4801922],[-11.3586142,28.4737535],[-11.3509602,28.4804267],[-11.3483016,28.4784199],[-11.3533635,28.4748702],[-11.3536821,28.4667982],[-11.3675835,28.4525827],[-11.3818522,28.4465354],[-11.4068096,28.4052113],[-11.4187561,28.3934285],[-11.4265456,28.3907184],[-11.4325233,28.3810936],[-11.4425098,28.376805],[-11.4520503,28.3493433],[-11.4642152,28.3371994],[-11.4924375,28.3229689],[-11.5062015,28.3099981],[-11.5365298,28.29602],[-11.6182535,28.2651342],[-11.662083,28.2517191],[-11.6781645,28.2496001],[-11.7398527,28.2271708],[-11.743318111579892,28.22813448360847],[-11.7680937,28.2191459],[-11.78193046677838,28.20960916691394],[-11.772163,28.1813612],[-11.74285,28.14766],[-11.7115665,28.1234762],[-11.6990352,28.0587736],[-11.6655613,27.9922207],[-11.6362072,27.9521888],[-11.5850521,27.8658816],[-11.5514259,27.8362409],[-11.4854144,27.807053]]]},"properties":{"shapeName":"Province de Tan-Tan إقليم طانطان","shapeISO":"","shapeID":"96644757B8060198419886","shapeGroup":"MAR","shapeType":"ADM2"}},
{"type":"Feature","geometry":{"type":"Polygon","coordinates":[[[-8.9948005,29.8102947],[-9.01467,29.80789],[-9.03916,29.7974],[-9.05137,29.78133],[-9.0937196,29.7504714],[-9.0996247,29.7415996],[-9.1012512,29.7289968],[-9.0942603,29.6970503],[-9.1054054,29.698493],[-9.1070233,29.6870479],[-9.1091207,29.6902328],[-9.1342746,29.7013745],[-9.1663753,29.6987315],[-9.1689894,29.7155913],[-9.1640031,29.7161437],[-9.158908,29.7210959],[-9.1920993,29.7251884],[-9.2143552,29.7424086],[-9.1942698,29.7436165],[-9.2075042,29.7600059],[-9.2393319,29.7581616],[-9.2442414,29.7430718],[-9.2531764,29.7421365],[-9.2698276,29.7674044],[-9.2473142,29.783932],[-9.2633044,29.8053837],[-9.2983827,29.8030228],[-9.3524061,29.8095549],[-9.3451406,29.8155945],[-9.3503891,29.832345],[-9.3629333,29.8386327],[-9.3793484,29.8409481],[-9.3926478,29.8393362],[-9.4131309,29.830924],[-9.4191472,29.8233831],[-9.4247992,29.853205],[-9.4318416,29.863001],[-9.448703,29.8672065],[-9.4587152,29.8578687],[-9.4726877,29.8698078],[-9.4800772,29.8820755],[-9.4942328,29.8906909],[-9.5047341,29.8884324],[-9.5442018,29.8949021],[-9.5448026,29.9293629],[-9.6017084,29.9279496],[-9.6073732,29.8965465],[-9.6401348,29.9036598],[-9.6642789,29.8996196],[-9.7421274,29.9096342],[-9.7672757,29.9075123],[-9.7837116,29.8819036],[-9.7911525,29.8751481],[-9.7874285,29.8709002],[-9.7894144,29.8643382],[-9.8265728,29.8207234],[-9.8305884,29.809003],[-9.8949491,29.7505527],[-9.9610932,29.6990288],[-9.9695296,29.6864899],[-9.982421,29.6756925],[-9.9852342,29.6608941],[-10.0089138,29.6369974],[-10.0098068,29.630643],[-10.0054132,29.6298382],[-10.0033104,29.6180495],[-9.9927647,29.6009377],[-9.9994051,29.5875643],[-9.988717,29.5790216],[-9.9930514,29.5620758],[-9.9916395,29.5525528],[-10.0026259,29.5371707],[-9.9930986,29.5069225],[-9.9662336,29.516334],[-9.9308714,29.5362746],[-9.9027189,29.5373201],[-9.8891577,29.5585257],[-9.883922,29.5325407],[-9.8929342,29.5052044],[-9.9058947,29.4952689],[-9.9142202,29.4813725],[-9.9045214,29.4723314],[-9.8947367,29.4706127],[-9.8848661,29.4580581],[-9.885467,29.4416153],[-9.8806604,29.4371304],[-9.8719057,29.4389244],[-9.8623785,29.4283096],[-9.8463217,29.4208359],[-9.8300997,29.4239011],[-9.8120752,29.4226302],[-9.7831503,29.4283866],[-9.7729364,29.4434862],[-9.7444407,29.4537257],[-9.7377845,29.4655073],[-9.7319437,29.4639903],[-9.7305361,29.468149],[-9.7110525,29.4668786],[-9.7073618,29.4472981],[-9.6989504,29.4498393],[-9.6812693,29.4408701],[-9.6688238,29.4409448],[-9.657241,29.431829],[-9.6618715,29.4165744],[-9.6598974,29.3999005],[-9.6558805,29.4043459],[-9.638444,29.4025962],[-9.6410147,29.4063312],[-9.6394697,29.4142567],[-9.6326934,29.4259981],[-9.6384398,29.4332456],[-9.6416198,29.457242],[-9.6531168,29.4685226],[-9.645907,29.4695688],[-9.6392981,29.4658324],[-9.6239387,29.4483482],[-9.6213594,29.4405711],[-9.6146647,29.4369084],[-9.596902,29.4363889],[-9.5919195,29.4410943],[-9.5883146,29.4537257],[-9.586259,29.4778667],[-9.5623981,29.4867542],[-9.5434295,29.4558221],[-9.5268641,29.4486434],[-9.5283233,29.4347406],[-9.5003425,29.4224807],[-9.4904719,29.4597082],[-9.4793998,29.4412438],[-9.4594871,29.4480492],[-9.4447242,29.4459527],[-9.4254981,29.4319],[-9.4190608,29.4424435],[-9.4206058,29.4563415],[-9.4097053,29.4609787],[-9.4065295,29.4514835],[-9.3996631,29.464491],[-9.384471,29.4644163],[-9.3671332,29.5014006],[-9.3522845,29.5043849],[-9.3417267,29.502564],[-9.3289386,29.5087175],[-9.3125449,29.5063309],[-9.3043052,29.4987076],[-9.2782985,29.4978858],[-9.2684279,29.4875761],[-9.2473136,29.4761482],[-9.2174443,29.4534981],[-9.209977,29.4457251],[-9.2061146,29.4321209],[-9.157792,29.3857633],[-9.16961,29.35958],[-9.1395744,29.2671938],[-9.1299828,29.2578565],[-9.132193,29.2985464],[-9.1369995,29.3173585],[-9.1314205,29.3580246],[-9.1235498,29.3806814],[-9.1254982,29.4150234],[-9.1215499,29.4202569],[-9.0203556,29.4248733],[-8.9785002,29.421225],[-8.956519,29.4237145],[-8.8894899,29.4400534],[-8.8410814,29.4655316],[-8.8153408,29.4646424],[-8.773155,29.3937817],[-8.7652972,29.3858172],[-8.7471054,29.3777959],[-8.7424362,29.3615496],[-8.74944,29.3612129],[-8.7451141,29.355666],[-8.7380159,29.3586957],[-8.7274802,29.3702303],[-8.7085074,29.4010577],[-8.6796983,29.4234806],[-8.6560905,29.4267924],[-8.6228741,29.3980965],[-8.5990131,29.4146474],[-8.6128319,29.4414587],[-8.6271656,29.454673],[-8.6641586,29.5015146],[-8.6772907,29.5100825],[-8.6985767,29.5372681],[-8.7024434,29.5579997],[-8.69183,29.58006],[-8.70193,29.59857],[-8.70829,29.62628],[-8.689622,29.6417854],[-8.6857767,29.7113244],[-8.6746059,29.7556662],[-8.6780434,29.7771239],[-8.6957975,29.7668799],[-8.6989412,29.7941144],[-8.7193408,29.7771425],[-8.725658,29.7593099],[-8.7453763,29.7387382],[-8.7588517,29.7302344],[-8.7687502,29.7174736],[-8.8354406,29.7277226],[-8.8361015,29.7339759],[-8.86112,29.75773],[-8.8979,29.775],[-8.9474676,29.8043463],[-8.9948005,29.8102947]]]},"properties":{"shapeName":"Tiznit Province","shapeISO":"","shapeID":"96644757B52167870329218","shapeGroup":"MAR","shapeType":"ADM2"}},
{"type":"Feature","geometry":{"type":"Polygon","coordinates":[[[-8.6614318,30.9014746],[-8.6527886,30.9122007],[-8.6036162,30.9215671],[-8.5993032,30.933745],[-8.6055131,30.9414124],[-8.6301078,30.9476549],[-8.6346569,30.9535142],[-8.5801544,30.9502791],[-8.5225577,30.958225],[-8.4687976,30.9544196],[-8.4533953,30.9667663],[-8.4469494,30.9886257],[-8.4463529,31.0058382],[-8.4227842,31.0460302],[-8.4242816,31.0684193],[-8.4110636,31.0903436],[-8.4286589,31.1300077],[-8.419475,31.1661301],[-8.4490137,31.1791543],[-8.4239382,31.2031601],[-8.4064288,31.2473413],[-8.4076304,31.2857881],[-8.4173336,31.3072589],[-8.4327788,31.3122527],[-8.4394779,31.3364299],[-8.4166426,31.3155781],[-8.3866019,31.3249672],[-8.3751907,31.3212351],[-8.366475,31.3115377],[-8.3529996,31.3101188],[-8.3343443,31.3157138],[-8.322594,31.3342196],[-8.2903655,31.3558973],[-8.261821,31.3632786],[-8.2655728,31.3876022],[-8.2650246,31.4098682],[-8.2695286,31.4218407],[-8.2828187,31.4354425],[-8.2831209,31.4512967],[-8.2925065,31.481349],[-8.305115,31.4934331],[-8.3158402,31.4974423],[-8.3391987,31.5169066],[-8.3641517,31.5288628],[-8.3806614,31.5323123],[-8.4121612,31.5323014],[-8.4088482,31.5412042],[-8.414307,31.5537596],[-8.4139637,31.5624008],[-8.4021576,31.5714287],[-8.385897,31.571809],[-8.3809197,31.5827614],[-8.3862446,31.5921213],[-8.3821975,31.6031578],[-8.402871,31.6118713],[-8.3996481,31.6256889],[-8.4026135,31.6286816],[-8.4241957,31.6316816],[-8.4260453,31.6474618],[-8.4040254,31.6528722],[-8.3810228,31.6782946],[-8.3664316,31.684503],[-8.3915414,31.7053128],[-8.4089522,31.7301063],[-8.415114,31.7246721],[-8.4236542,31.7303709],[-8.4301183,31.7298691],[-8.4344581,31.7210764],[-8.4385565,31.7200817],[-8.4512863,31.7254751],[-8.4722022,31.7227191],[-8.472583,31.7262234],[-8.4799967,31.7316165],[-8.4868416,31.7349193],[-8.4944055,31.7342806],[-8.509458,31.7269809],[-8.5227403,31.7285961],[-8.5246286,31.7223541],[-8.5294995,31.7220347],[-8.5344348,31.7160295],[-8.5508606,31.7210582],[-8.5786698,31.7229564],[-8.5863194,31.732821],[-8.5978422,31.7242067],[-8.6157272,31.7244713],[-8.6204586,31.7303116],[-8.6228625,31.7455217],[-8.6439051,31.7503621],[-8.6520659,31.7480398],[-8.6587607,31.7542435],[-8.672633,31.7504027],[-8.6753903,31.7537965],[-8.6836408,31.7557305],[-8.7007319,31.7530119],[-8.7059353,31.7494265],[-8.7193249,31.7556941],[-8.7232731,31.7517621],[-8.7297319,31.7526196],[-8.7383584,31.7495468],[-8.7480246,31.7407772],[-8.7577664,31.7449104],[-8.7745892,31.7400655],[-8.7815629,31.7458866],[-8.7831186,31.7514154],[-8.7929999,31.7571902],[-8.8049836,31.7544566],[-8.8100326,31.7438114],[-8.8192851,31.738357],[-8.8163458,31.7250188],[-8.8190495,31.7215053],[-8.8237809,31.7225822],[-8.8363014,31.7404305],[-8.8438438,31.7375385],[-8.8469015,31.7241884],[-8.8534461,31.7210308],[-8.8633381,31.7258858],[-8.8586711,31.7332408],[-8.8615357,31.7392904],[-8.8681124,31.7392995],[-8.8763951,31.7331769],[-8.8860556,31.7334299],[-8.8960292,31.7381309],[-8.889979,31.7453208],[-8.8948104,31.7481746],[-8.9042518,31.7445251],[-8.9081154,31.7368069],[-8.9178776,31.7347813],[-8.9229404,31.7398357],[-8.9232425,31.7449107],[-8.9188009,31.7470264],[-8.918394,31.7511847],[-8.9306675,31.7665469],[-8.9351744,31.7668776],[-8.9412061,31.7575244],[-8.949227,31.7540134],[-8.9562823,31.7569619],[-8.9609273,31.7688776],[-8.971543,31.7686089],[-8.9822218,31.7809382],[-8.9856142,31.7682798],[-8.9795674,31.7359366],[-8.9724821,31.7179702],[-8.9726151,31.6922411],[-8.9764303,31.6766876],[-9.0011708,31.6632586],[-9.020439,31.6705325],[-9.0293139,31.6655212],[-9.035498,31.6686368],[-9.0472224,31.662084],[-9.0693474,31.6581261],[-9.0747805,31.663072],[-9.0798274,31.6602411],[-9.0773125,31.6512839],[-9.0919368,31.6448981],[-9.09849,31.6328245],[-9.121941,31.6129569],[-9.13193,31.60047],[-9.17177,31.52604],[-9.18407,31.48603],[-9.17968,31.47128],[-9.16608,31.45742],[-9.14646,31.42512],[-9.14315,31.41037],[-9.1528296,31.3654051],[-9.1868357,31.3591461],[-9.1963758,31.3728838],[-9.2158336,31.3694908],[-9.2104435,31.3571745],[-9.2373213,31.3541914],[-9.2515607,31.3554521],[-9.2843094,31.3464106],[-9.297656,31.3227126],[-9.2779,31.29018],[-9.2734555,31.2761435],[-9.2751426,31.2541287],[-9.2653536,31.2508231],[-9.2637314,31.2446336],[-9.2642464,31.2134485],[-9.28061,31.2104278],[-9.2839102,31.2035014],[-9.2754044,31.175299],[-9.2912101,31.1513706],[-9.2630233,31.1318518],[-9.3208129,31.12911],[-9.3239629,31.1114752],[-9.3179977,31.1056219],[-9.3172381,31.0955092],[-9.321339,31.0861817],[-9.3129,31.06185],[-9.298407,31.0490084],[-9.2537665,31.0314544],[-9.234858,31.0422358],[-9.2147436,31.035139],[-9.2007918,31.0143238],[-9.1813855,31.000464],[-9.1438861,30.9628619],[-9.1042666,30.9165269],[-9.165215,30.9297509],[-9.1683864,30.8276848],[-9.1515894,30.8218878],[-9.1328716,30.8278938],[-9.0780344,30.8264676],[-9.0212402,30.819259],[-8.9968814,30.8254044],[-8.9918668,30.8736124],[-8.9860925,30.8900741],[-8.9548137,30.9043586],[-8.9164195,30.9149242],[-8.8415088,30.9682713],[-8.8262018,30.974928],[-8.8191551,30.9734746],[-8.8057612,30.9634914],[-8.7913846,30.9418433],[-8.782103,30.9373992],[-8.7878966,30.9266501],[-8.7751936,30.9177776],[-8.7699644,30.8987651],[-8.7612032,30.8886875],[-8.764512,30.8728389],[-8.7602205,30.8379133],[-8.7417669,30.8107156],[-8.7282056,30.8140328],[-8.7253732,30.8194138],[-8.727519,30.8562619],[-8.7060999,30.8659984],[-8.6694502,30.8978794],[-8.6614318,30.9014746]]]},"properties":{"shapeName":"Chichaoua Province","shapeISO":"","shapeID":"96644757B46616002618727","shapeGroup":"MAR","shapeType":"ADM2"}},
{"type":"Feature","geometry":{"type":"Polygon","coordinates":[[[-8.0425652,32.7785382],[-8.0860896,32.7878997],[-8.1043501,32.7828017],[-8.1130619,32.7758019],[-8.1290694,32.8059622],[-8.1393497,32.8103194],[-8.1545166,32.809604],[-8.1561474,32.8152307],[-8.1649021,32.8175389],[-8.1651596,32.8105418],[-8.2004789,32.8083777],[-8.2082895,32.8130306],[-8.2113365,32.81166],[-8.2119373,32.8157356],[-8.2264856,32.8145454],[-8.232408,32.8420605],[-8.2360558,32.8439714],[-8.2343391,32.848983],[-8.2403494,32.8570946],[-8.2543184,32.8669429],[-8.2586314,32.8658183],[-8.2661802,32.8567341],[-8.2744629,32.8607717],[-8.2869941,32.8491633],[-8.2933456,32.8545711],[-8.3008858,32.873449],[-8.3336002,32.8777128],[-8.3302528,32.8809565],[-8.3470756,32.8860741],[-8.3603365,32.8749015],[-8.3739406,32.880524],[-8.3871156,32.8674043],[-8.3921834,32.871226],[-8.3982773,32.8660715],[-8.3905612,32.8600714],[-8.4012814,32.851796],[-8.4044142,32.8546801],[-8.4143706,32.8552569],[-8.4164735,32.8402946],[-8.4208937,32.8397898],[-8.4266015,32.8341286],[-8.431408,32.8206054],[-8.4437247,32.8110116],[-8.4480162,32.8107952],[-8.4569855,32.799541],[-8.4690447,32.7938051],[-8.4929915,32.7931918],[-8.4979697,32.7987113],[-8.503892,32.7931558],[-8.5182686,32.7920013],[-8.5291262,32.7829096],[-8.5484811,32.7915684],[-8.556635,32.7805662],[-8.5890358,32.7592838],[-8.5964604,32.7467157],[-8.6348224,32.7412291],[-8.6482979,32.7426008],[-8.65834,32.7344426],[-8.6611424,32.727457],[-8.6758495,32.739352],[-8.6818276,32.7402364],[-8.6985646,32.755396],[-8.7228896,32.7296782],[-8.713019,32.7254181],[-8.7365367,32.7005033],[-8.7518145,32.7057035],[-8.7659766,32.7145142],[-8.8008238,32.7378369],[-8.8053116,32.7442858],[-8.8273005,32.7191702],[-8.8415913,32.714043],[-8.8706235,32.6956974],[-8.8768462,32.6975212],[-8.8859142,32.6926103],[-8.8969521,32.7160289],[-8.9145903,32.7410478],[-8.9230875,32.7767767],[-8.9336447,32.7955016],[-8.950437887419636,32.80604775315116],[-9.0387059,32.7433276],[-9.0333935,32.7397571],[-9.0209201,32.754094],[-9.0130645,32.7552227],[-9.0088228,32.7632013],[-9.0013631,32.7654816],[-8.9978537,32.7706067],[-8.9952788,32.7711611],[-8.9986873,32.7684407],[-8.9948619,32.7684673],[-8.9911589,32.7727055],[-8.9813844,32.7764839],[-8.9911047,32.7721105],[-8.9941587,32.7677816],[-9.0022622,32.7642393],[-9.0116376,32.7538285],[-9.020462,32.7531398],[-9.0226201,32.7473053],[-9.0383894,32.7342282],[-9.043161,32.7343279],[-9.0423977,32.7405531],[-9.0593229,32.7210063],[-9.0487378,32.7219219],[-8.9801934,32.6741352],[-9.0037,32.65587],[-9.0184053,32.6086181],[-9.00688,32.6099],[-8.9946559,32.580568],[-8.9714816,32.5684421],[-8.95032,32.54432],[-8.9312657,32.529746],[-8.932493,32.5226684],[-8.8879426,32.5028765],[-8.8701113,32.5012116],[-8.8521217,32.4942435],[-8.8404552,32.494969],[-8.8360837,32.5001294],[-8.8258282,32.4994372],[-8.8030168,32.5119909],[-8.7911722,32.5093562],[-8.7792589,32.5138257],[-8.7651741,32.5075973],[-8.7541963,32.5085383],[-8.7457635,32.5173214],[-8.7472054,32.5056357],[-8.7436767,32.5047764],[-8.7405009,32.5075234],[-8.7333438,32.5073802],[-8.7143483,32.5227912],[-8.6891055,32.5253314],[-8.6630945,32.5132089],[-8.6298241,32.4793756],[-8.62247,32.44886],[-8.61103,32.4198],[-8.5767,32.35099],[-8.5482107,32.3321146],[-8.5558613,32.2972445],[-8.5426231,32.2966291],[-8.5330187,32.3164844],[-8.517067,32.3166947],[-8.5067459,32.3311536],[-8.4806362,32.3286443],[-8.4705554,32.3419265],[-8.4386956,32.3477032],[-8.4357945,32.3578614],[-8.3783223,32.3664019],[-8.3664219,32.3629039],[-8.35195,32.3863],[-8.31517,32.4186],[-8.2927,32.42988],[-8.26586,32.43789],[-8.1947412,32.4662953],[-8.1516971,32.4889587],[-8.1366541,32.4904359],[-8.11776,32.50209],[-8.09132,32.52801],[-8.0757004,32.5514036],[-8.05541,32.57267],[-8.05418,32.59197],[-8.06978,32.63354],[-8.07441,32.67682],[-8.0594,32.70654],[-8.04924,32.74643],[-8.04744,32.76801],[-8.0425652,32.7785382]]]},"properties":{"shapeName":"Province de Sidi Bennour إقليم سيدي بنور","shapeISO":"","shapeID":"96644757B30309850889145","shapeGroup":"MAR","shapeType":"ADM2"}},
{"type":"Feature","geometry":{"type":"Polygon","coordinates":[[[-10.4202352,29.131852],[-10.4240045,29.1286229],[-10.425152,29.1204198],[-10.4375594,29.1050441],[-10.4403354,29.0959565],[-10.4574719,29.0852913],[-10.4671196,29.0698217],[-10.4791799,29.0611732],[-10.4836025,29.0533861],[-10.5039687,29.0370077],[-10.5065238,29.0315781],[-10.5317232,29.0139323],[-10.6205507,28.9612809],[-10.7035002,28.9171984],[-10.8443001,28.8484415],[-10.9743224,28.791232],[-11.0101384,28.7716037],[-11.0449122,28.7604811],[-11.07346,28.7423903],[-11.0746775,28.7318761],[-11.0905225,28.7144025],[-11.0951337,28.7043019],[-11.1137851,28.6877334],[-11.1245907,28.6818409],[-11.1117448,28.666403],[-11.0826782,28.611755],[-11.0752238,28.5709868],[-11.0565428,28.5568297],[-11.0049142,28.5321128],[-10.9672603,28.5439773],[-10.9511113,28.5394232],[-10.9543471,28.5284254],[-10.9145917,28.5138267],[-10.8851775,28.4918245],[-10.8397642,28.4489208],[-10.8047753,28.4454644],[-10.7406126,28.4229309],[-10.7313947,28.4354895],[-10.7189492,28.4695235],[-10.7086521,28.524757],[-10.6321916,28.5570823],[-10.5606074,28.5835685],[-10.5295367,28.6061205],[-10.50456,28.6136028],[-10.4858489,28.6038825],[-10.477695,28.5904571],[-10.4497155,28.4988699],[-10.4267129,28.4583561],[-10.3710088,28.4563187],[-10.2099904,28.4622044],[-10.1148728,28.4959281],[-10.0705842,28.5075101],[-10.0352391,28.5119186],[-9.996787,28.5217191],[-9.9560002,28.525418],[-9.8753194,28.5577645],[-9.7851972,28.6008777],[-9.767516,28.6059265],[-9.7062329,28.6450278],[-9.6459798,28.6719909],[-9.629157,28.6821567],[-9.6050385,28.6902134],[-9.5567159,28.6998505],[-9.526761,28.7120461],[-9.427884,28.732369],[-9.3726949,28.7564503],[-9.3540009,28.7732249],[-9.3367318,28.7942919],[-9.3262776,28.813843],[-9.2691831,28.7788711],[-9.1711816,28.6936919],[-9.1199235,28.6782938],[-9.0429677,28.6606906],[-8.9950055,28.6439582],[-8.9705266,28.6449751],[-8.9678143,28.6618617],[-8.9731873,28.6855677],[-9.0011939,28.7140259],[-9.0659532,28.7175036],[-9.1344289,28.726822],[-9.1798127,28.7797359],[-9.2059739,28.7954274],[-9.2020857,28.8428524],[-9.1810958,28.8539789],[-9.2155569,28.8598462],[-9.2264788,28.8954409],[-9.2377257,28.940716],[-9.2228696,28.9565947],[-9.2242644,28.9774443],[-9.2492754,28.9857672],[-9.2340491,29.0269364],[-9.2344053,29.0421403],[-9.2457686,29.0707485],[-9.1758166,29.09066],[-9.2091189,29.0525288],[-9.206029,29.0416825],[-9.195386,29.0377804],[-9.1461192,29.0714199],[-9.1383945,29.0821505],[-9.1611396,29.1037323],[-9.159938,29.1114263],[-9.1289531,29.1290883],[-9.091312,29.1551651],[-9.0855869,29.1619975],[-9.0855869,29.1848963],[-9.0958007,29.2184277],[-9.1102203,29.2361537],[-9.1112503,29.2438453],[-9.1299828,29.2578565],[-9.1395744,29.2671938],[-9.16961,29.35958],[-9.19868,29.3311],[-9.2139638,29.3253359],[-9.2803584,29.3306522],[-9.300357,29.3372967],[-9.3437015,29.2847874],[-9.3740512,29.26853],[-9.4012896,29.2663998],[-9.4232365,29.2806138],[-9.4335533,29.2915435],[-9.4484707,29.2993207],[-9.446385,29.3069927],[-9.4626027,29.3179793],[-9.4815327,29.3133693],[-9.520856,29.3176276],[-9.5161868,29.2919327],[-9.5265809,29.2519554],[-9.5645653,29.2371382],[-9.6133386,29.2275623],[-9.6528679,29.2332211],[-9.6713344,29.2483009],[-9.6948391,29.2932539],[-9.6962896,29.3164152],[-9.716035,29.3148474],[-9.7340571,29.2999453],[-9.7576391,29.303815],[-9.7632138,29.2968839],[-9.7575017,29.2866772],[-9.7687906,29.2642448],[-9.7761334,29.2547519],[-9.7942802,29.2469824],[-9.803816,29.2344115],[-9.7901861,29.1782224],[-9.7817875,29.1623565],[-9.8104292,29.1689407],[-9.8307968,29.1660852],[-9.8316039,29.1131301],[-9.9036609,29.151385],[-9.956376,29.1702729],[-9.9647166,29.1495523],[-9.9853417,29.1422958],[-10.0235213,29.1372055],[-10.09867,29.0729291],[-10.0879802,29.0461938],[-10.1551433,29.0286496],[-10.1663012,29.0483217],[-10.18012,29.0454628],[-10.2050581,29.0550895],[-10.1912565,29.0799324],[-10.1963414,29.0828046],[-10.2182712,29.1141536],[-10.2342786,29.1064298],[-10.2413167,29.1063548],[-10.2501015,29.1079483],[-10.2506165,29.1157733],[-10.2584013,29.120501],[-10.2897038,29.121457],[-10.3099298,29.1115253],[-10.3377689,29.0895852],[-10.3559135,29.1108092],[-10.4085578,29.1355],[-10.4202352,29.131852]]]},"properties":{"shapeName":"Guelmim Province","shapeISO":"","shapeID":"96644757B36466177595872","shapeGroup":"MAR","shapeType":"ADM2"}},
{"type":"Feature","geometry":{"type":"Polygon","coordinates":[[[-9.2465,30.80236],[-9.2721855,30.8319287],[-9.2966473,30.8439411],[-9.3351853,30.8881937],[-9.3459141,30.8744408],[-9.346109,30.8551353],[-9.385482,30.8659871],[-9.4063518,30.8614965],[-9.4142353,30.8492468],[-9.4431603,30.8384731],[-9.4929893,30.8574847],[-9.5121553,30.8693981],[-9.5227081,30.862469],[-9.5333254,30.8638468],[-9.5387842,30.8675526],[-9.5340464,30.8821683],[-9.54302,30.8845144],[-9.5696378,30.8414367],[-9.5757661,30.8400549],[-9.5811906,30.84308],[-9.5931022,30.8577241],[-9.6044447,30.8567221],[-9.6386439,30.799941],[-9.6481325,30.8014966],[-9.6541192,30.8070036],[-9.6881,30.78595],[-9.7155944,30.7914406],[-9.738774,30.8436058],[-9.734195,30.8731406],[-9.7668793,30.8842824],[-9.7689821,30.8924215],[-9.7658407,30.9142096],[-9.7709906,30.9277285],[-9.7951133,30.9352676],[-9.8179039,30.938131],[-9.8169812,30.9240748],[-9.8208725,30.9138705],[-9.8081261,30.8893819],[-9.8124477,30.8850357],[-9.8129949,30.8740703],[-9.8270953,30.847679],[-9.8222715,30.8442486],[-9.8217564,30.8375407],[-9.8163697,30.8412874],[-9.8092763,30.8373493],[-9.8052685,30.8285138],[-9.8052251,30.818389],[-9.8164034,30.7893001],[-9.8288945,30.7773666],[-9.8298994,30.7620466],[-9.8516847,30.7323957],[-9.8503677,30.7204657],[-9.8729756,30.7001891],[-9.8774065,30.6905533],[-9.8874916,30.6599233],[-9.8895845,30.6293599],[-9.8815174,30.6249115],[-9.8725879,30.6239431],[-9.860732211859775,30.623654039478975],[-9.8397517,30.6286435],[-9.827179,30.6272541],[-9.8037352,30.6151912],[-9.7877396,30.6114984],[-9.7517141,30.574876],[-9.7470282,30.5730252],[-9.7398196,30.55125],[-9.7270882,30.5451136],[-9.7162846,30.5464644],[-9.703873963218184,30.542018951913334],[-9.7006759,30.5365068],[-9.6906922,30.5209196],[-9.6888097,30.5066292],[-9.6787107,30.4993161],[-9.6747674,30.4792185],[-9.6717357,30.4784113],[-9.6611997,30.445983],[-9.6494404,30.4366199],[-9.6475749,30.4318298],[-9.6504154,30.4255978],[-9.6404467,30.4158591],[-9.6485768,30.4240076],[-9.6476194,30.4288981],[-9.6449013,30.4297641],[-9.6407899,30.4248695],[-9.6384469,30.42654],[-9.6366669,30.424472],[-9.639975,30.4218184],[-9.633037,30.4233654],[-9.6380023,30.420856],[-9.632376,30.4202485],[-9.6311709,30.4161691],[-9.6323757,30.4237988],[-9.6292168,30.4239379],[-9.6301452,30.421589],[-9.6209078,30.4247069],[-9.6212875,30.4215285],[-9.6292932,30.4180567],[-9.6200562,30.4208492],[-9.6172735,30.4189867],[-9.6183705,30.4233906],[-9.6171776,30.4205682],[-9.6154547,30.4227289],[-9.6111465,30.4211822],[-9.6057527,30.4149021],[-9.6002586,30.3972451],[-9.6059098,30.3711659],[-9.6041201,30.3645456],[-9.5702891,30.3618526],[-9.5581401,30.371369],[-9.5568962,30.3753444],[-9.5628645,30.3801027],[-9.5442102,30.3783516],[-9.5421784,30.3957838],[-9.5335318,30.3938497],[-9.5271941,30.4001245],[-9.5064428,30.384254],[-9.5193319,30.3801923],[-9.51872,30.3691083],[-9.5246477,30.3597072],[-9.5040071,30.3507233],[-9.4899936,30.3604941],[-9.4559406,30.3703602],[-9.449396,30.3698326],[-9.4214311,30.3851933],[-9.4146559,30.3787237],[-9.401601,30.3739495],[-9.3902207,30.3789088],[-9.3796498,30.377202],[-9.3636961,30.3882086],[-9.3475492,30.3905519],[-9.336757,30.3869453],[-9.3300586,30.4104309],[-9.3075109,30.4388772],[-9.3128583,30.4728593],[-9.2863366,30.4878954],[-9.2730093,30.4841712],[-9.2666396,30.4867217],[-9.2842754,30.5176127],[-9.2881472,30.5417532],[-9.2981279,30.5528075],[-9.3129551,30.5595593],[-9.3265164,30.5698505],[-9.3235809,30.5962038],[-9.3270056,30.6228379],[-9.3153584,30.6391302],[-9.3114119,30.6706962],[-9.3058758,30.6837438],[-9.2484963,30.7153669],[-9.2265236,30.7090207],[-9.2218029,30.7139132],[-9.2419731,30.7320456],[-9.2469513,30.7521552],[-9.2443764,30.78153],[-9.2465,30.80236]]]},"properties":{"shapeName":"Agadir Ida-Outanane Prefecture","shapeISO":"","shapeID":"96644757B63187791317705","shapeGroup":"MAR","shapeType":"ADM2"}},
{"type":"Feature","geometry":{"type":"Polygon","coordinates":[[[-7.73605,31.67034],[-7.7447229,31.5688472],[-7.7884912,31.5780975],[-7.7939285,31.5816466],[-7.7979622,31.5784399],[-7.7947986,31.5710849],[-7.8193108,31.5692366],[-7.8234457,31.5767173],[-7.8419602,31.5735659],[-7.8658211,31.5772221],[-7.8995183,31.5909607],[-7.9042376,31.587533],[-7.8847385,31.5540164],[-7.8890579,31.5441986],[-7.8987632,31.5468831],[-7.9027764,31.5576209],[-7.8993453,31.5713313],[-7.9032506,31.5723697],[-7.920509,31.5542492],[-7.9236783,31.5369755],[-7.9119624,31.5166219],[-7.9150094,31.5051647],[-7.9135844,31.4902111],[-7.9790397,31.5028588],[-7.9844945,31.5215915],[-8.0362418,31.5320207],[-8.0454128,31.5489844],[-8.0485628,31.5456636],[-8.0468119,31.5378914],[-8.0551203,31.5433997],[-8.0620855,31.5247156],[-8.0944994,31.5517456],[-8.1072066,31.5418635],[-8.1229051,31.5379426],[-8.1338184,31.5315964],[-8.1448224,31.5345089],[-8.1821792,31.5044416],[-8.1732666,31.4949965],[-8.1604435,31.4952893],[-8.150779,31.4894342],[-8.1339569,31.435518],[-8.147089,31.4332038],[-8.1555519,31.439575],[-8.1657056,31.4314608],[-8.175795,31.4174679],[-8.1950726,31.4143512],[-8.2045784,31.4097766],[-8.2189325,31.3957349],[-8.2270949,31.3734966],[-8.2341159,31.3781865],[-8.2507499,31.375761],[-8.261821,31.3632786],[-8.2903655,31.3558973],[-8.322594,31.3342196],[-8.3343443,31.3157138],[-8.3529996,31.3101188],[-8.366475,31.3115377],[-8.3751907,31.3212351],[-8.3866019,31.3249672],[-8.4166426,31.3155781],[-8.4394779,31.3364299],[-8.4327788,31.3122527],[-8.4173336,31.3072589],[-8.4076304,31.2857881],[-8.4064288,31.2473413],[-8.4239382,31.2031601],[-8.4490137,31.1791543],[-8.419475,31.1661301],[-8.4286589,31.1300077],[-8.4110636,31.0903436],[-8.4242816,31.0684193],[-8.4227842,31.0460302],[-8.4463529,31.0058382],[-8.4469494,30.9886257],[-8.4533953,30.9667663],[-8.4687976,30.9544196],[-8.5225577,30.958225],[-8.5801544,30.9502791],[-8.6346569,30.9535142],[-8.6301078,30.9476549],[-8.6055131,30.9414124],[-8.5993032,30.933745],[-8.6036162,30.9215671],[-8.6527886,30.9122007],[-8.6614318,30.9014746],[-8.6465015,30.8884455],[-8.6042919,30.8806033],[-8.5684533,30.8822423],[-8.5383696,30.873885],[-8.5092086,30.870091],[-8.4841332,30.8714097],[-8.44751,30.86429],[-8.414111,30.8722174],[-8.405279,30.8709724],[-8.3966144,30.8645849],[-8.3649601,30.8632956],[-8.3490385,30.8648465],[-8.3224438,30.8766964],[-8.25028,30.88956],[-8.2215943,30.914162],[-8.1362357,30.9387722],[-8.10782,30.92808],[-8.05989,30.92522],[-8.0145621,30.9089042],[-7.97854,30.92239],[-7.96334,30.93649],[-7.94699,30.95978],[-7.93764,30.98223],[-7.92827,31.00791],[-7.9271142,31.0319308],[-7.9163491,31.0368328],[-7.9031195,31.0802613],[-7.886949,31.1067577],[-7.8096842,31.1453461],[-7.824935,31.166586],[-7.7932562,31.154282],[-7.7834715,31.1625817],[-7.7698245,31.1428962],[-7.7317929,31.1346279],[-7.7121806,31.1313108],[-7.7003445,31.1437741],[-7.6968684,31.1626184],[-7.6786766,31.1739136],[-7.6625404,31.1779599],[-7.6501408,31.1913549],[-7.5991102,31.2090152],[-7.5873471,31.2293805],[-7.5840898,31.2451184],[-7.4987741,31.2507576],[-7.477777,31.270408],[-7.4472148,31.2771406],[-7.4361047,31.2842024],[-7.4358336,31.2912845],[-7.3864822,31.2866785],[-7.3517104,31.2955464],[-7.3055965,31.3181848],[-7.2528449,31.3488881],[-7.2339107,31.3747157],[-7.2392236,31.3926971],[-7.2178689,31.4138687],[-7.1845237,31.428957],[-7.1821462,31.4419559],[-7.173606,31.4537888],[-7.1704646,31.4668501],[-7.1570836,31.4675236],[-7.1485606,31.4825301],[-7.1396342,31.5291336],[-7.1307508,31.5367785],[-7.1341411,31.5577237],[-7.1934833,31.5595396],[-7.2089242,31.5773502],[-7.2221519,31.6084637],[-7.2637282,31.6214669],[-7.2678653,31.6326961],[-7.2631017,31.6624635],[-7.2697407,31.6733372],[-7.3166729,31.670284],[-7.3177029,31.6813138],[-7.3321918,31.6829992],[-7.3451472,31.6784104],[-7.3597213,31.6936349],[-7.3674632,31.6883509],[-7.3627168,31.6773914],[-7.3746429,31.6730087],[-7.3846422,31.6781401],[-7.3919335,31.675653],[-7.4125458,31.6779502],[-7.4159235,31.6738293],[-7.441162,31.6609649],[-7.4589962,31.6594638],[-7.4648338,31.6458678],[-7.46619,31.6312895],[-7.4727989,31.6296891],[-7.481382,31.6319984],[-7.4946857,31.6426381],[-7.4979344,31.6368361],[-7.5428539,31.6282055],[-7.5700108,31.6186861],[-7.579744,31.6264406],[-7.6068491,31.6191169],[-7.6174108,31.639328],[-7.6392382,31.6618082],[-7.68025,31.65987],[-7.73605,31.67034]]]},"properties":{"shapeName":"Al Haouz Province","shapeISO":"","shapeID":"96644757B698999344864","shapeGroup":"MAR","shapeType":"ADM2"}},
{"type":"Feature","geometry":{"type":"Polygon","coordinates":[[[-9.3075109,30.4388772],[-9.3300586,30.4104309],[-9.336757,30.3869453],[-9.3475492,30.3905519],[-9.3636961,30.3882086],[-9.3796498,30.377202],[-9.3902207,30.3789088],[-9.401601,30.3739495],[-9.4146559,30.3787237],[-9.4214311,30.3851933],[-9.449396,30.3698326],[-9.4559406,30.3703602],[-9.4899936,30.3604941],[-9.5040071,30.3507233],[-9.5246477,30.3597072],[-9.51872,30.3691083],[-9.5193319,30.3801923],[-9.5064428,30.384254],[-9.5271941,30.4001245],[-9.5335318,30.3938497],[-9.5421784,30.3957838],[-9.5442102,30.3783516],[-9.5628645,30.3801027],[-9.5568962,30.3753444],[-9.5581401,30.371369],[-9.5702891,30.3618526],[-9.6041201,30.3645456],[-9.6181597,30.3149561],[-9.6200944,30.2949351],[-9.5308114,30.2789343],[-9.5045901,30.2817138],[-9.4675971,30.26144],[-9.4522441,30.2811116],[-9.4378138,30.2880509],[-9.43761,30.3037156],[-9.456997,30.3177664],[-9.4488967,30.3288333],[-9.4419337,30.3272868],[-9.4397021,30.3208783],[-9.4281579,30.3157289],[-9.4111634,30.3135431],[-9.3653298,30.3123946],[-9.3621648,30.3238326],[-9.330828,30.3140821],[-9.3113834,30.313431],[-9.3008305,30.3213052],[-9.292844,30.3215812],[-9.2879988,30.3258617],[-9.2809135,30.3245448],[-9.2767936,30.3280268],[-9.2951249,30.3593263],[-9.3035063,30.3589078],[-9.3134289,30.3873888],[-9.3040605,30.3914313],[-9.3087683,30.3976057],[-9.302331,30.4115968],[-9.3075109,30.4388772]]]},"properties":{"shapeName":"Inezgane-Ait Melloul Prefecture","shapeISO":"","shapeID":"96644757B99662254658575","shapeGroup":"MAR","shapeType":"ADM2"}},
{"type":"Feature","geometry":{"type":"Polygon","coordinates":[[[-5.7813074,34.9278928],[-5.77571,34.92459],[-5.76985,34.93558],[-5.7559947,34.9247007],[-5.7320479,34.9281489],[-5.7046679,34.9419403],[-5.6994323,34.960161],[-5.6883601,34.9655772],[-5.6864718,34.9792217],[-5.6788329,34.9852695],[-5.6360034,34.9932857],[-5.6413249,35.0119871],[-5.6323127,35.0373608],[-5.6219271,35.016697],[-5.615919,35.0124089],[-5.6059026,35.0146391],[-5.6074475,35.0219495],[-5.6030015,35.0255184],[-5.5786513,35.0205437],[-5.5737161,35.0155881],[-5.5855178,35.0057813],[-5.5825566,35.0009303],[-5.565648,34.9965359],[-5.5641459,35.0070116],[-5.5537347,35.0093861],[-5.5494689,35.0073983],[-5.5491856,34.9976451],[-5.5332469,34.9892935],[-5.5007771,35.0059061],[-5.5001162,35.019876],[-5.4936961,35.0243235],[-5.4909324,35.038747],[-5.4988288,35.0428931],[-5.5003647,35.0498549],[-5.5308445,35.0805695],[-5.5246561,35.0906868],[-5.53408,35.10678],[-5.5153005,35.1224283],[-5.5358999,35.1325053],[-5.539419,35.1524626],[-5.5393331,35.1846395],[-5.5467146,35.2081607],[-5.5287,35.2175],[-5.4967367,35.2285567],[-5.4905028,35.2500981],[-5.4875163,35.2642951],[-5.4663696,35.2848618],[-5.459016,35.2980833],[-5.46825,35.32339],[-5.4808278,35.3400262],[-5.4854476,35.3645365],[-5.4659876,35.3555488],[-5.4589699,35.3645347],[-5.4799695,35.3711733],[-5.4819693,35.3861459],[-5.5102387,35.3925267],[-5.512047,35.389193],[-5.5292131,35.3912921],[-5.555649,35.4010874],[-5.5781023,35.396001],[-5.5845868,35.3980195],[-5.587136,35.3916315],[-5.6014311,35.3854144],[-5.6103146,35.3712746],[-5.6218245,35.3607792],[-5.6504152,35.3840007],[-5.7008815,35.3734998],[-5.7163697,35.3795813],[-5.728386,35.3801797],[-5.7734235,35.4008913],[-5.7828606,35.4025844],[-5.7819443,35.4109441],[-5.7956772,35.4169564],[-5.8068352,35.4270423],[-5.8161049,35.4605818],[-5.8207398,35.466849],[-5.8423405,35.4540649],[-5.8575563,35.451481],[-5.8635065,35.4456671],[-5.8714029,35.4435065],[-5.8819322,35.4422338],[-5.8937318,35.4451584],[-5.8944635,35.4365136],[-5.9064648,35.4249549],[-5.9154062,35.4289257],[-5.920041,35.4279816],[-5.9294824,35.4194836],[-5.9339027,35.4271073],[-5.9404258,35.4237502],[-5.9421424,35.4265129],[-5.9489939,35.4234162],[-5.9471869,35.4162857],[-5.957006,35.4118823],[-5.958152,35.39379],[-5.9251587,35.3806454],[-5.9183738,35.3626516],[-5.9226911,35.3447098],[-5.9167859,35.3329191],[-5.93303,35.30553],[-5.9603621,35.2991479],[-5.9727947,35.3220231],[-5.989566,35.3225098],[-5.9953643,35.3344468],[-6.0527203,35.3187071],[-6.1069403,35.3161633],[-6.1456747,35.2157795],[-6.1509898,35.2038526],[-6.1562852,35.203608],[-6.1475254,35.2034651],[-6.1469025,35.1998543],[-6.1547079,35.2015442],[-6.1524525,35.2002854],[-6.155926,35.1963985],[-6.1693318,35.1933734],[-6.1811486,35.1592394],[-6.1851019,35.1580344],[-6.1835251,35.1538875],[-6.1869422,35.1454899],[-6.2142793,35.0877579],[-6.2232489,35.0525631],[-6.2434003,35.0013874],[-6.2188588,34.9949186],[-6.2140523,34.9969577],[-6.1858569,34.988875],[-6.1385213,34.997028],[-6.1267668,35.0104563],[-6.1002108,35.0155177],[-6.0747963,35.0077954],[-6.057995,34.9981635],[-6.0668398,34.9905486],[-6.05377,34.97648],[-6.0263844,34.9764795],[-6.0070038,34.9918448],[-5.9620371,34.9699809],[-5.9367257,34.9503834],[-5.9194479,34.9409629],[-5.8783127,34.933984],[-5.8332194,34.9436358],[-5.7813074,34.9278928]]]},"properties":{"shapeName":"Larache Province","shapeISO":"","shapeID":"96644757B18768670389586","shapeGroup":"MAR","shapeType":"ADM2"}},
{"type":"Feature","geometry":{"type":"Polygon","coordinates":[[[-7.558164,33.5203947],[-7.5665931,33.5286114],[-7.5803641,33.519983],[-7.6110186,33.5103268],[-7.6299378,33.4999592],[-7.6676132,33.4940999],[-7.6731535,33.4959233],[-7.6707331,33.5070599],[-7.6870388,33.5090995],[-7.6974715,33.5151068],[-7.7016665,33.5306671],[-7.7088655,33.5338111],[-7.7315999,33.5539496],[-7.7399255,33.5497034],[-7.746445,33.5557435],[-7.7861653,33.5368767],[-7.7922679,33.536337],[-7.7947114,33.5398667],[-7.7950891,33.5332069],[-7.8096915,33.5276244],[-7.8169425,33.5272987],[-7.8166546,33.531072],[-7.8238,33.5370639],[-7.8534555,33.5179641],[-7.8634967,33.5149366],[-7.8709221,33.5163357],[-7.8702354,33.512522],[-7.8748193,33.5124625],[-7.881189,33.5067422],[-7.8652825,33.4988021],[-7.8619762,33.4913485],[-7.8494707,33.4819209],[-7.8442608,33.4831987],[-7.8204985,33.4751341],[-7.7977132,33.4623475],[-7.7581125,33.4750017],[-7.7545205,33.4626294],[-7.7574774,33.4346313],[-7.7542587,33.4033498],[-7.7562457,33.3655232],[-7.7507869,33.3552001],[-7.7248188,33.324478],[-7.6256414,33.2682224],[-7.6001071,33.2919516],[-7.5959529,33.2893544],[-7.5862564,33.2892876],[-7.5750452,33.2975317],[-7.5709979,33.3326152],[-7.5607386,33.3501017],[-7.5461178,33.362147],[-7.5362772,33.3900297],[-7.5331873,33.412565],[-7.5613119,33.4312389],[-7.5638997,33.4342544],[-7.5587799,33.4381258],[-7.5632087,33.4422333],[-7.5673071,33.4417269],[-7.5842587,33.4530781],[-7.5906102,33.4520755],[-7.5957171,33.4557993],[-7.586619,33.4628167],[-7.5993606,33.4731199],[-7.5812503,33.4842165],[-7.5723711,33.4843668],[-7.5429527,33.5021183],[-7.5474588,33.5107243],[-7.558164,33.5203947]]]},"properties":{"shapeName":"Nouaceur Province","shapeISO":"","shapeID":"96644757B89345886069248","shapeGroup":"MAR","shapeType":"ADM2"}},
{"type":"Feature","geometry":{"type":"Polygon","coordinates":[[[-7.6258815,30.2122042],[-7.604986,30.2136208],[-7.5905664,30.2072419],[-7.5723231,30.2103498],[-7.5377634,30.2256247],[-7.5099199,30.2056694],[-7.4904535,30.1979139],[-7.4701846,30.2131239],[-7.4224627,30.1869453],[-7.3692949,30.189312],[-7.3532832,30.158782],[-7.3314332,30.1268587],[-7.3203138,30.1147983],[-7.3015169,30.1034455],[-7.2881531,30.1220072],[-7.2946419,30.1369284],[-7.2924789,30.1477726],[-7.2984871,30.1645005],[-7.2942299,30.1933484],[-7.2954573,30.2132505],[-7.2790378,30.2289513],[-7.2317966,30.2948422],[-7.1795343,30.351342],[-7.1706852,30.3702495],[-7.1596989,30.3766178],[-7.1207403,30.361933],[-7.0497497,30.3454238],[-7.0224642,30.3346421],[-6.9245485,30.3551897],[-6.8986405,30.3475608],[-6.8827232,30.3318271],[-6.8561629,30.3610369],[-6.8607148,30.4012875],[-6.8547281,30.4382247],[-6.8612405,30.4573817],[-6.8753796,30.4511161],[-6.8917733,30.4801201],[-6.8918887,30.4957108],[-6.9062396,30.5329986],[-6.9794044,30.5683693],[-6.9382486,30.6105066],[-6.9338069,30.6210658],[-6.9761858,30.6692007],[-6.9781599,30.6852416],[-6.9676885,30.7006784],[-6.9211683,30.7318875],[-6.8846436,30.7700181],[-6.818039,30.8139619],[-6.7853718,30.85177],[-6.7426835,30.8872424],[-6.7208786,30.8889739],[-6.6825982,30.8870588],[-6.654274,30.8692318],[-6.633503,30.8514015],[-6.6271515,30.8161733],[-6.5880127,30.8539068],[-6.5008088,30.8870588],[-6.4090901,30.9126148],[-6.3174744,30.9437588],[-6.2525316,30.957518],[-6.2560241,31.0205774],[-6.2682979,31.082932],[-6.2731902,31.2128735],[-6.2840049,31.217131],[-6.2884681,31.2336123],[-6.2858073,31.2461942],[-6.292073,31.2774675],[-6.2846057,31.2956398],[-6.2700008,31.3075789],[-6.3118999,31.3499707],[-6.3691232,31.4222642],[-6.4026229,31.4488734],[-6.4188234,31.4694211],[-6.4261405,31.4826962],[-6.4175317,31.5150909],[-6.4471512,31.5513354],[-6.4497259,31.5476272],[-6.4563777,31.5460765],[-6.4751532,31.5488853],[-6.4807751,31.5555265],[-6.4838865,31.5434121],[-6.4951303,31.5358208],[-6.5315976,31.5235098],[-6.5633237,31.507854],[-6.6329293,31.461488],[-6.6621504,31.4616637],[-6.7010145,31.4694789],[-6.7033479,31.4183529],[-6.7129609,31.3757247],[-6.7187416,31.3577365],[-6.7330453,31.3488162],[-6.8092,31.34334],[-6.9237439,31.3450118],[-6.972582,31.3511824],[-6.9959279,31.3492986],[-7.0089913,31.338992],[-7.0343371,31.3871946],[-7.0391437,31.3902719],[-7.060773,31.3703408],[-7.1024867,31.3649176],[-7.115533,31.3682888],[-7.1268455,31.3664713],[-7.1387073,31.3807465],[-7.1556588,31.4282979],[-7.1737348,31.4168939],[-7.1845237,31.428957],[-7.2178689,31.4138687],[-7.2392236,31.3926971],[-7.2339107,31.3747157],[-7.2528449,31.3488881],[-7.3055965,31.3181848],[-7.3517104,31.2955464],[-7.3864822,31.2866785],[-7.4358336,31.2912845],[-7.4361047,31.2842024],[-7.4472148,31.2771406],[-7.477777,31.270408],[-7.4987741,31.2507576],[-7.5840898,31.2451184],[-7.5873471,31.2293805],[-7.5991102,31.2090152],[-7.6501408,31.1913549],[-7.6625404,31.1779599],[-7.6786766,31.1739136],[-7.6968684,31.1626184],[-7.7003445,31.1437741],[-7.7121806,31.1313108],[-7.7317929,31.1346279],[-7.7440051,31.1271956],[-7.7523821,31.1053202],[-7.7386836,31.0789557],[-7.7271994,31.0662008],[-7.7303322,31.0560177],[-7.7144364,31.0379943],[-7.7207859,31.0198655],[-7.7203759,30.9905406],[-7.7240494,30.959732],[-7.7301881,30.9398539],[-7.7316473,30.9056395],[-7.735795,30.8878879],[-7.73369,30.861023],[-7.708885,30.8511238],[-7.6671437,30.8601404],[-7.6301506,30.8626417],[-7.6686028,30.8380747],[-7.6795033,30.8176256],[-7.6678303,30.7911558],[-7.6706627,30.7727505],[-7.6764992,30.7651507],[-7.6830224,30.7672378],[-7.6819924,30.760637],[-7.6862839,30.7537996],[-7.6967553,30.753807],[-7.7098463,30.7409057],[-7.5707386,30.7294224],[-7.5588211,30.6820814],[-7.5568427,30.651085],[-7.5697173,30.6437673],[-7.5550145,30.5976846],[-7.5225113,30.5461283],[-7.5157864,30.5432565],[-7.5443681,30.5279351],[-7.5708039,30.5253363],[-7.6114576,30.4812981],[-7.6331351,30.4745997],[-7.6654229,30.4583415],[-7.6776975,30.4560198],[-7.6863878,30.449701],[-7.6925333,30.4241703],[-7.6909883,30.4110101],[-7.6792939,30.3785499],[-7.6542528,30.3872129],[-7.6367433,30.3967118],[-7.6281569,30.4054765],[-7.608356,30.3166082],[-7.5795801,30.2816122],[-7.5777305,30.2667797],[-7.5839961,30.2558818],[-7.5818503,30.2475037],[-7.6066554,30.231932],[-7.6288469,30.2272674],[-7.6258815,30.2122042]]]},"properties":{"shapeName":"Ouarzazate Province","shapeISO":"","shapeID":"96644757B41522516415054","shapeGroup":"MAR","shapeType":"ADM2"}},
{"type":"Feature","geometry":{"type":"Polygon","coordinates":[[[-4.9817246,33.9019881],[-4.9559492,33.9022301],[-4.9635452,33.8706299],[-4.9643176,33.847929],[-4.9473661,33.8460756],[-4.941594,33.8525837],[-4.9517005,33.8632181],[-4.9299425,33.8731242],[-4.93447,33.8762098],[-4.9249643,33.8894418],[-4.9226468,33.9032631],[-4.9265092,33.9099592],[-4.9125617,33.9244181],[-4.9014467,33.9311481],[-4.8870271,33.9316822],[-4.8814052,33.9440014],[-4.8381465,33.9514419],[-4.8222271,33.9516198],[-4.8134294,33.9626547],[-4.8079792,33.9761082],[-4.8034302,33.9766776],[-4.8011986,33.9815887],[-4.7982374,33.980699],[-4.7980657,33.9875313],[-4.7902193,33.9931627],[-4.7910276,33.9987394],[-4.8025719,34.0089856],[-4.8016277,34.01329],[-4.8100584,34.0112481],[-4.8125282,34.0133256],[-4.8169914,34.024139],[-4.8298639,34.0199419],[-4.8493474,34.0279092],[-4.8567289,34.0356979],[-4.878444,34.0376895],[-4.9115532,34.0491612],[-4.9317479,34.0477857],[-4.9410219,34.0440555],[-4.9377101,34.0540823],[-4.9417442,34.0652816],[-4.9395126,34.0744888],[-4.9492758,34.0647341],[-4.9586528,34.0728536],[-4.9701206,34.0691074],[-4.9830716,34.075022],[-5.0153011,34.0741333],[-5.0444406,34.0649261],[-5.0576585,34.0567489],[-5.0542562,34.0453732],[-5.0633649,34.0429914],[-5.0636452,34.0351858],[-5.0735372,34.0268777],[-5.0776142,34.0265221],[-5.0778287,34.0208667],[-5.0689238,34.0161215],[-5.0705331,34.0133256],[-5.0651043,34.0072282],[-5.070576,34.003329],[-5.0694173,33.9939362],[-5.06504,33.9862503],[-5.0523799,33.9764285],[-5.0458997,33.9808058],[-5.0455778,33.9864496],[-5.0223392,33.9811616],[-5.0217169,33.9890472],[-5.019142,33.9891539],[-5.0127912,33.9887354],[-5.0095062,33.9838009],[-5.0041503,33.9839699],[-5.0055593,33.9672818],[-4.9950021,33.9230649],[-4.9817246,33.9019881]]]},"properties":{"shapeName":"Préfecture de Fès عمالة فاس","shapeISO":"","shapeID":"96644757B2759448404756","shapeGroup":"MAR","shapeType":"ADM2"}},
{"type":"Feature","geometry":{"type":"Polygon","coordinates":[[[-8.2350034,32.0799551],[-8.2454404,32.0718968],[-8.2372307,32.0640233],[-8.2329692,32.0522463],[-8.2372607,32.0461354],[-8.24221,32.04198],[-8.27712,32.03497],[-8.31204,32.02243],[-8.32411,32.00184],[-8.3408455,31.9831651],[-8.3639683,31.942092],[-8.3757914,31.9290902],[-8.3722724,31.9226395],[-8.3786925,31.9071467],[-8.3783964,31.8952366],[-8.3892282,31.883314],[-8.39868,31.86493],[-8.41068,31.85446],[-8.41999,31.83475],[-8.42606,31.80765],[-8.4066,31.77709],[-8.40124,31.75771],[-8.4000337,31.7442984],[-8.4097933,31.7336992],[-8.4089522,31.7301063],[-8.3915414,31.7053128],[-8.3664316,31.684503],[-8.3810228,31.6782946],[-8.4040254,31.6528722],[-8.4260453,31.6474618],[-8.4241957,31.6316816],[-8.4026135,31.6286816],[-8.3996481,31.6256889],[-8.402871,31.6118713],[-8.3821975,31.6031578],[-8.3862446,31.5921213],[-8.3809197,31.5827614],[-8.385897,31.571809],[-8.4021576,31.5714287],[-8.4139637,31.5624008],[-8.414307,31.5537596],[-8.4088482,31.5412042],[-8.4121612,31.5323014],[-8.3806614,31.5323123],[-8.3641517,31.5288628],[-8.3391987,31.5169066],[-8.3158402,31.4974423],[-8.305115,31.4934331],[-8.2925065,31.481349],[-8.2831209,31.4512967],[-8.2828187,31.4354425],[-8.2695286,31.4218407],[-8.2650246,31.4098682],[-8.2655728,31.3876022],[-8.261821,31.3632786],[-8.2507499,31.375761],[-8.2341159,31.3781865],[-8.2270949,31.3734966],[-8.2189325,31.3957349],[-8.2045784,31.4097766],[-8.1950726,31.4143512],[-8.175795,31.4174679],[-8.1657056,31.4314608],[-8.1555519,31.439575],[-8.147089,31.4332038],[-8.1339569,31.435518],[-8.150779,31.4894342],[-8.1604435,31.4952893],[-8.1732666,31.4949965],[-8.1821792,31.5044416],[-8.1448224,31.5345089],[-8.1338184,31.5315964],[-8.1229051,31.5379426],[-8.1072066,31.5418635],[-8.0944994,31.5517456],[-8.0620855,31.5247156],[-8.0551203,31.5433997],[-8.0468119,31.5378914],[-8.0485628,31.5456636],[-8.0454128,31.5489844],[-8.0362418,31.5320207],[-7.9844945,31.5215915],[-7.9790397,31.5028588],[-7.9135844,31.4902111],[-7.9150094,31.5051647],[-7.9119624,31.5166219],[-7.9236783,31.5369755],[-7.920509,31.5542492],[-7.9032506,31.5723697],[-7.8993453,31.5713313],[-7.9027764,31.5576209],[-7.8987632,31.5468831],[-7.8890579,31.5441986],[-7.8847385,31.5540164],[-7.9042376,31.587533],[-7.8995183,31.5909607],[-7.8658211,31.5772221],[-7.8419602,31.5735659],[-7.8234457,31.5767173],[-7.8193108,31.5692366],[-7.7947986,31.5710849],[-7.7979622,31.5784399],[-7.7939285,31.5816466],[-7.7884912,31.5780975],[-7.7447229,31.5688472],[-7.73605,31.67034],[-7.7595986,31.6863627],[-7.8045481,31.6781311],[-7.816736,31.691906],[-7.8946703,31.6915299],[-7.9043692,31.6887984],[-7.906606,31.695023],[-7.8960436,31.706106],[-7.9055566,31.7188404],[-7.911845,31.7346126],[-7.9328821,31.7275242],[-7.9497479,31.767135],[-7.9833849,31.7609248],[-7.985153,31.7444523],[-8.0025595,31.7463865],[-8.0112885,31.7261298],[-8.0249456,31.7362213],[-8.0191591,31.7572467],[-8.0090569,31.7735345],[-8.0090998,31.8280837],[-8.0329693,31.8779215],[-8.0531996,31.8783078],[-8.0378953,31.9211377],[-8.050448,31.9638076],[-8.0432769,32.0210387],[-8.0475298,32.0389279],[-8.05151,32.04356],[-8.09394,32.05463],[-8.11739,32.05167],[-8.2077564,32.0544032],[-8.2350034,32.0799551]]]},"properties":{"shapeName":"Préfecture de Marrakech عمالة مراكش","shapeISO":"","shapeID":"96644757B80339347175881","shapeGroup":"MAR","shapeType":"ADM2"}},
{"type":"Feature","geometry":{"type":"Polygon","coordinates":[[[-7.3427735,33.7212303],[-7.3473673,33.7183894],[-7.3507997,33.7196115],[-7.3575662,33.7125814],[-7.3670025,33.7125023],[-7.3720751,33.7090537],[-7.3884783,33.7088183],[-7.3931238,33.7134695],[-7.3991119,33.7116669],[-7.3972186,33.71465],[-7.3917303,33.7148083],[-7.3969145,33.7210338],[-7.3908463,33.724182],[-7.3959532,33.7238536],[-7.3875246,33.7337901],[-7.3992148,33.721198],[-7.4031055,33.7120309],[-7.411995,33.704534],[-7.4034952,33.7068766],[-7.4150688,33.7034902],[-7.4169512,33.6990143],[-7.436019,33.6883953],[-7.4386454,33.6841173],[-7.436821,33.6898557],[-7.4447715,33.678826],[-7.5017516,33.6408747],[-7.4836904,33.6250524],[-7.4796338,33.6273363],[-7.4768845,33.621381],[-7.4730661,33.6198646],[-7.4664314,33.6246229],[-7.4574165,33.6198754],[-7.4781055,33.5807849],[-7.470488,33.5748139],[-7.4735993,33.5734552],[-7.4527639,33.5566661],[-7.4343962,33.5587224],[-7.4348022,33.5545187],[-7.4299142,33.5551624],[-7.4167906,33.5617248],[-7.4156019,33.5563212],[-7.4130356,33.5573905],[-7.4009866,33.5439872],[-7.4029392,33.5429499],[-7.3926503,33.5372294],[-7.3954505,33.5345215],[-7.3788272,33.5237462],[-7.3850092,33.5177516],[-7.3801397,33.5099501],[-7.3662917,33.4998995],[-7.3549362,33.4981957],[-7.3321573,33.5027456],[-7.3400827,33.5070524],[-7.346571,33.5028012],[-7.3487961,33.5068315],[-7.3451193,33.5119247],[-7.3467421,33.5163436],[-7.335038,33.5207323],[-7.3357128,33.523793],[-7.3309128,33.5270549],[-7.3421834,33.5401709],[-7.3408808,33.5695573],[-7.2892279,33.6097682],[-7.2761677,33.6563746],[-7.287234,33.6624672],[-7.2890633,33.6697946],[-7.2991457,33.6696482],[-7.3011944,33.6779692],[-7.3075555,33.6797276],[-7.3098923,33.6859337],[-7.3145067,33.6855195],[-7.3158409,33.6939023],[-7.32017,33.691568],[-7.3297503,33.6978665],[-7.3327265,33.7099262],[-7.3391623,33.7140951],[-7.3427735,33.7212303]]]},"properties":{"shapeName":"Prefecture of Mohammédia","shapeISO":"","shapeID":"96644757B27397508075839","shapeGroup":"MAR","shapeType":"ADM2"}},
{"type":"Feature","geometry":{"type":"Polygon","coordinates":[[[-9.1683864,30.8276848],[-9.165215,30.9297509],[-9.1042666,30.9165269],[-9.1438861,30.9628619],[-9.1813855,31.000464],[-9.2007918,31.0143238],[-9.2147436,31.035139],[-9.234858,31.0422358],[-9.2537665,31.0314544],[-9.298407,31.0490084],[-9.3129,31.06185],[-9.321339,31.0861817],[-9.3172381,31.0955092],[-9.3179977,31.1056219],[-9.3239629,31.1114752],[-9.3208129,31.12911],[-9.2630233,31.1318518],[-9.2912101,31.1513706],[-9.2754044,31.175299],[-9.2839102,31.2035014],[-9.28061,31.2104278],[-9.2642464,31.2134485],[-9.2637314,31.2446336],[-9.2653536,31.2508231],[-9.2751426,31.2541287],[-9.2734555,31.2761435],[-9.2779,31.29018],[-9.297656,31.3227126],[-9.2843094,31.3464106],[-9.2515607,31.3554521],[-9.2373213,31.3541914],[-9.2104435,31.3571745],[-9.2158336,31.3694908],[-9.1963758,31.3728838],[-9.1868357,31.3591461],[-9.1528296,31.3654051],[-9.14315,31.41037],[-9.14646,31.42512],[-9.16608,31.45742],[-9.17968,31.47128],[-9.18407,31.48603],[-9.17177,31.52604],[-9.13193,31.60047],[-9.121941,31.6129569],[-9.09849,31.6328245],[-9.0919368,31.6448981],[-9.0773125,31.6512839],[-9.0798274,31.6602411],[-9.0747805,31.663072],[-9.0693474,31.6581261],[-9.0472224,31.662084],[-9.035498,31.6686368],[-9.0293139,31.6655212],[-9.020439,31.6705325],[-9.0011708,31.6632586],[-8.9764303,31.6766876],[-8.9726151,31.6922411],[-8.9724821,31.7179702],[-8.9795674,31.7359366],[-8.9856142,31.7682798],[-8.9822218,31.7809382],[-8.9909369,31.7828715],[-9.0011367,31.7761496],[-9.0042351,31.7770437],[-9.0109562,31.7923655],[-9.0019836,31.7984081],[-9.0113057,31.8005521],[-9.0175483,31.7964799],[-9.0198419,31.7906967],[-9.0282045,31.7937207],[-9.0290628,31.7995685],[-9.0242697,31.8031636],[-9.0266463,31.8096099],[-9.0346022,31.8120759],[-9.0423932,31.8204834],[-9.0275831,31.8351923],[-9.0166826,31.8608818],[-9.0183134,31.8805587],[-9.0299006,31.9081263],[-9.1039746,31.9009073],[-9.1213597,31.8911411],[-9.1556062,31.9179406],[-9.1906165,31.9401583],[-9.213662,31.9240419],[-9.2259659,31.9009495],[-9.25326,31.8949487],[-9.2624536,31.8890322],[-9.30978,31.88921],[-9.3242677,31.8822572],[-9.336696,31.86191],[-9.3494934,31.864538],[-9.3705219,31.8756248],[-9.3829674,31.885634],[-9.3916792,31.9052923],[-9.4080128,31.8857592],[-9.4159306,31.8870965],[-9.4181021,31.90452],[-9.4254321,31.9066949],[-9.43717,31.90237],[-9.461118,31.92196],[-9.4955226,31.8831622],[-9.5246106,31.8581907],[-9.5266961,31.8499522],[-9.5320519,31.8443089],[-9.5841833,31.7980152],[-9.5862331,31.7890126],[-9.648095,31.7200049],[-9.6760758,31.6985814],[-9.675596,31.635486],[-9.6878196,31.6038882],[-9.7354126,31.5438421],[-9.7618959,31.519353],[-9.77242,31.5154494],[-9.7753899,31.5058478],[-9.7739507,31.5097697],[-9.7744764,31.5072798],[-9.7687703,31.5099975],[-9.7644848,31.501812],[-9.7666113,31.4949184],[-9.7748549,31.488352],[-9.7797509,31.4736113],[-9.7984724,31.4465467],[-9.8325219,31.4144958],[-9.8425109,31.3910691],[-9.8324952,31.3856237],[-9.8184199,31.3853133],[-9.8114784,31.3799042],[-9.8028148,31.367171],[-9.7985099,31.3526449],[-9.7981673,31.3314581],[-9.7948674,31.3285329],[-9.8000377,31.2782907],[-9.820578,31.2340285],[-9.8163391,31.224935],[-9.8206124,31.2191337],[-9.8190361,31.2158714],[-9.8236808,31.2118703],[-9.8217131,31.1990911],[-9.8166191,31.1972061],[-9.8162339,31.1900833],[-9.8255369,31.1702594],[-9.8323626,31.1649138],[-9.8298049,31.1641168],[-9.8297812,31.158501],[-9.8380234,31.146578],[-9.838515,31.134489],[-9.8340577,31.1262243],[-9.8408739,31.1139021],[-9.8418823,31.1044584],[-9.8392642,31.1007982],[-9.823441,31.0967533],[-9.8174673,31.084963],[-9.8191559,31.0711175],[-9.8247655,31.0584562],[-9.8170348,31.0523403],[-9.8170783,31.0266448],[-9.8079346,31.0087814],[-9.8148917,30.9901135],[-9.8230451,30.979847],[-9.8266595,30.9638054],[-9.8201199,30.9538488],[-9.8179039,30.938131],[-9.7951133,30.9352676],[-9.7709906,30.9277285],[-9.7658407,30.9142096],[-9.7689821,30.8924215],[-9.7668793,30.8842824],[-9.734195,30.8731406],[-9.738774,30.8436058],[-9.7155944,30.7914406],[-9.6881,30.78595],[-9.6541192,30.8070036],[-9.6481325,30.8014966],[-9.6386439,30.799941],[-9.6044447,30.8567221],[-9.5931022,30.8577241],[-9.5811906,30.84308],[-9.5757661,30.8400549],[-9.5696378,30.8414367],[-9.54302,30.8845144],[-9.5340464,30.8821683],[-9.5387842,30.8675526],[-9.5333254,30.8638468],[-9.5227081,30.862469],[-9.5121553,30.8693981],[-9.4929893,30.8574847],[-9.4431603,30.8384731],[-9.4142353,30.8492468],[-9.4063518,30.8614965],[-9.385482,30.8659871],[-9.346109,30.8551353],[-9.3459141,30.8744408],[-9.3351853,30.8881937],[-9.2966473,30.8439411],[-9.2721855,30.8319287],[-9.2465,30.80236],[-9.19173,30.8175158],[-9.1683864,30.8276848]]]},"properties":{"shapeName":"Essaouira Province","shapeISO":"","shapeID":"96644757B53936679900609","shapeGroup":"MAR","shapeType":"ADM2"}},
{"type":"Feature","geometry":{"type":"Polygon","coordinates":[[[-6.7941945,33.9361762],[-6.782362,33.9473882],[-6.7756828,33.9627512],[-6.7631048,33.9737806],[-6.761479,33.9797257],[-6.7679204,33.9914092],[-6.7727359,33.9923079],[-6.7783256,33.9991374],[-6.7847019,33.9965957],[-6.7900904,33.9899405],[-6.7958257,33.9936379],[-6.8037163,33.9941],[-6.81183,34.0070125],[-6.8071378,34.0167462],[-6.8086616,34.0238529],[-6.8151678,34.0272206],[-6.8239256,34.0273805],[-6.8340045,34.0296857],[-6.8356204,34.035205],[-6.8387743,34.0338534],[-6.8402008,34.0378162],[-6.8395386,34.0328436],[-6.8524968,34.025939],[-6.9174353,33.9620771],[-6.8942863,33.9448192],[-6.8813919,33.944161],[-6.8773128,33.9401397],[-6.882087,33.9373232],[-6.8244256,33.8956294],[-6.8040397,33.9174897],[-6.8068292,33.9286483],[-6.7941945,33.9361762]]]},"properties":{"shapeName":"Prefecture of Rabat","shapeISO":"","shapeID":"96644757B91545835536411","shapeGroup":"MAR","shapeType":"ADM2"}},
{"type":"Feature","geometry":{"type":"Polygon","coordinates":[[[-7.1845237,31.428957],[-7.1737348,31.4168939],[-7.1556588,31.4282979],[-7.1387073,31.3807465],[-7.1268455,31.3664713],[-7.115533,31.3682888],[-7.1024867,31.3649176],[-7.060773,31.3703408],[-7.0391437,31.3902719],[-7.0343371,31.3871946],[-7.0089913,31.338992],[-6.9959279,31.3492986],[-6.972582,31.3511824],[-6.9237439,31.3450118],[-6.8092,31.34334],[-6.7330453,31.3488162],[-6.7187416,31.3577365],[-6.7129609,31.3757247],[-6.7033479,31.4183529],[-6.7010145,31.4694789],[-6.6621504,31.4616637],[-6.6329293,31.461488],[-6.5633237,31.507854],[-6.5315976,31.5235098],[-6.4951303,31.5358208],[-6.4838865,31.5434121],[-6.4807751,31.5555265],[-6.4751532,31.5488853],[-6.4563777,31.5460765],[-6.4497259,31.5476272],[-6.4471512,31.5513354],[-6.4234617,31.5788002],[-6.39646,31.59114],[-6.26135,31.63622],[-6.12259,31.69121],[-6.06029,31.70571],[-6.0177058,31.7202051],[-5.98005,31.73997],[-5.96616,31.75111],[-5.9206151,31.8211164],[-5.8943586,31.8320979],[-5.8554,31.8393096],[-5.8172912,31.8575659],[-5.825385,31.8683693],[-5.8239602,31.8937325],[-5.7985801,31.9280492],[-5.8026742,31.9388952],[-5.8258742,31.9637366],[-5.8881787,31.983417],[-5.8753041,32.0628384],[-5.8667211,32.0865917],[-5.8682746,32.0980516],[-5.8579578,32.1179794],[-5.8436927,32.1323428],[-5.8421907,32.1529244],[-5.8916206,32.1346323],[-5.9104947,32.154741],[-5.9716146,32.1582166],[-5.9671857,32.1954922],[-5.91137,32.1936327],[-5.8807458,32.2097903],[-5.8692333,32.2324903],[-5.8652389,32.2350023],[-5.8986265,32.2750613],[-5.9142348,32.3071059],[-5.922942,32.3427158],[-5.9331111,32.3681703],[-5.9569789,32.3960572],[-5.9752952,32.4028549],[-6.0086576,32.3872006],[-6.0417067,32.3626847],[-6.0852229,32.349217],[-6.1076247,32.3379483],[-6.1136328,32.3094583],[-6.1233317,32.2843699],[-6.15735,32.28001],[-6.1848122,32.2869821],[-6.2071805,32.281399],[-6.2566855,32.2968012],[-6.2828046,32.286795],[-6.3009149,32.2865846],[-6.296795,32.2770134],[-6.3128638,32.2716585],[-6.3282704,32.2724495],[-6.3592553,32.2655768],[-6.377623,32.2540508],[-6.3937592,32.234857],[-6.4161353,32.2249536],[-6.4154367,32.1906053],[-6.420329,32.1871658],[-6.4739014,32.2555543],[-6.4880098,32.2537415],[-6.5136356,32.2183374],[-6.5525303,32.2329474],[-6.5689406,32.2197207],[-6.5739016,32.2242299],[-6.5892342,32.2285726],[-6.5975769,32.2283039],[-6.6186956,32.2188428],[-6.6289916,32.242576],[-6.6440929,32.2493102],[-6.6564225,32.2508709],[-6.6873677,32.2407295],[-6.6910756,32.2515639],[-6.699693,32.2503262],[-6.6991103,32.242178],[-6.7471627,32.2301517],[-6.7552817,32.2414688],[-6.7697442,32.2274902],[-6.7604483,32.1930317],[-6.7739494,32.1952543],[-6.8067371,32.1866635],[-6.8277458,32.1936383],[-6.8655542,32.1869829],[-6.9215159,32.181582],[-6.950312,32.1863255],[-6.9953003,32.1741488],[-7.0137925,32.162564],[-7.018466,32.1668762],[-7.0740542,32.1862874],[-7.1104721,32.1910325],[-7.1242072,32.161917],[-7.1226622,32.153419],[-7.1309476,32.1291114],[-7.1275546,32.101604],[-7.1181416,32.0856494],[-7.1174206,32.04595],[-7.1102194,32.0203304],[-7.0881905,32.0058381],[-7.0817017,31.9967833],[-7.057536,31.9825689],[-7.052987,31.9725361],[-7.0690631,31.9654041],[-7.0629692,31.9409755],[-7.0679216,31.9075153],[-7.0516137,31.9042584],[-7.0553903,31.8934847],[-7.0291261,31.8597311],[-7.0205148,31.8606852],[-7.0237248,31.8461735],[-7.0127857,31.8467605],[-7.0080006,31.8285713],[-7.0020698,31.8213088],[-7.018472,31.8201737],[-7.0348056,31.827605],[-7.0335224,31.8212786],[-7.0433022,31.7875449],[-7.0243035,31.7743607],[-7.04889,31.76073],[-7.1032277,31.759851],[-7.1690993,31.7436486],[-7.1843772,31.7509475],[-7.1872954,31.7554725],[-7.1981101,31.7582457],[-7.1979384,31.7621866],[-7.2174619,31.7618068],[-7.2293237,31.7730373],[-7.2294524,31.7618579],[-7.2417605,31.7637626],[-7.2480605,31.7604422],[-7.2579654,31.763551],[-7.2655957,31.7614784],[-7.2653725,31.7393126],[-7.2721188,31.7395754],[-7.2738011,31.7476847],[-7.2820409,31.7473928],[-7.2850872,31.7337164],[-7.3185612,31.7130079],[-7.3070599,31.7041726],[-7.3025967,31.6952634],[-7.3211361,31.6934377],[-7.3177029,31.6813138],[-7.3166729,31.670284],[-7.2697407,31.6733372],[-7.2631017,31.6624635],[-7.2678653,31.6326961],[-7.2637282,31.6214669],[-7.2221519,31.6084637],[-7.2089242,31.5773502],[-7.1934833,31.5595396],[-7.1341411,31.5577237],[-7.1307508,31.5367785],[-7.1396342,31.5291336],[-7.1485606,31.4825301],[-7.1570836,31.4675236],[-7.1704646,31.4668501],[-7.173606,31.4537888],[-7.1821462,31.4419559],[-7.1845237,31.428957]]]},"properties":{"shapeName":"Province d'Azilal إقليم أزيلال","shapeISO":"","shapeID":"96644757B10773066300421","shapeGroup":"MAR","shapeType":"ADM2"}},
{"type":"Feature","geometry":{"type":"Polygon","coordinates":[[[-6.6487968,32.6602032],[-6.629648,32.6434229],[-6.5788362,32.6232564],[-6.5840719,32.614509],[-6.5843294,32.6073513],[-6.5298612,32.5740572],[-6.4810751,32.5326319],[-6.4469488,32.5202281],[-6.4234312,32.4853377],[-6.4345548,32.4624128],[-6.4423654,32.4559672],[-6.4427088,32.4539393],[-6.4256284,32.4532875],[-6.4303081,32.4303977],[-6.4431827,32.4310497],[-6.443526,32.4184073],[-6.4384191,32.4136252],[-6.4423673,32.4073935],[-6.4401786,32.4081906],[-6.4376037,32.4040239],[-6.4602435,32.3935007],[-6.4653075,32.3971968],[-6.4768947,32.3874851],[-6.4917515,32.3831819],[-6.4982665,32.3887897],[-6.5016998,32.3879925],[-6.5016998,32.3845134],[-6.5071071,32.384006],[-6.5122569,32.3908916],[-6.5130294,32.4008928],[-6.5295947,32.3916888],[-6.541096,32.3976316],[-6.5457309,32.3936456],[-6.5362037,32.3806718],[-6.4900096,32.3596705],[-6.4898551,32.3566762],[-6.5282901,32.3590905],[-6.5333327,32.3486097],[-6.5433877,32.3444548],[-6.5595325,32.344734],[-6.5707935,32.3479753],[-6.5725101,32.3270172],[-6.5902041,32.3206998],[-6.5704501,32.3151218],[-6.5691627,32.3212148],[-6.5658153,32.3209972],[-6.5664161,32.3011936],[-6.546675,32.2824742],[-6.532513,32.2619364],[-6.5350021,32.2608477],[-6.5299381,32.2517746],[-6.5471042,32.2470563],[-6.5525303,32.2329474],[-6.5136356,32.2183374],[-6.4880098,32.2537415],[-6.4739014,32.2555543],[-6.420329,32.1871658],[-6.4154367,32.1906053],[-6.4161353,32.2249536],[-6.3937592,32.234857],[-6.377623,32.2540508],[-6.3592553,32.2655768],[-6.3282704,32.2724495],[-6.3128638,32.2716585],[-6.296795,32.2770134],[-6.3009149,32.2865846],[-6.2828046,32.286795],[-6.2566855,32.2968012],[-6.2071805,32.281399],[-6.1848122,32.2869821],[-6.15735,32.28001],[-6.1233317,32.2843699],[-6.1136328,32.3094583],[-6.1076247,32.3379483],[-6.0852229,32.349217],[-6.0417067,32.3626847],[-6.0086576,32.3872006],[-5.9752952,32.4028549],[-5.9569789,32.3960572],[-5.9331111,32.3681703],[-5.922942,32.3427158],[-5.9142348,32.3071059],[-5.8986265,32.2750613],[-5.8652389,32.2350023],[-5.8692333,32.2324903],[-5.8807458,32.2097903],[-5.91137,32.1936327],[-5.9671857,32.1954922],[-5.9716146,32.1582166],[-5.9104947,32.154741],[-5.8916206,32.1346323],[-5.8421907,32.1529244],[-5.8436927,32.1323428],[-5.802674,32.1275041],[-5.7470731,32.1445891],[-5.7184056,32.1767633],[-5.6884687,32.1985835],[-5.6779536,32.2138207],[-5.5872056,32.2213939],[-5.563173,32.2399336],[-5.5371964,32.2382239],[-5.5088422,32.2259902],[-5.4578759,32.214038],[-5.4469893,32.217174],[-5.4472468,32.2250706],[-5.4554866,32.2432937],[-5.4833669,32.2597025],[-5.4997992,32.2736045],[-5.5076741,32.2944879],[-5.5088371,32.3023995],[-5.4829696,32.3297166],[-5.4739684,32.3463998],[-5.5339426,32.3619124],[-5.5267672,32.3675346],[-5.5247201,32.3908715],[-5.5363266,32.4205077],[-5.5279152,32.4364242],[-5.5358974,32.4539856],[-5.5565054,32.4749794],[-5.5704099,32.4994249],[-5.578478,32.5314407],[-5.5758173,32.5603887],[-5.5874044,32.5762732],[-5.6065489,32.594628],[-5.6300623,32.6022711],[-5.6582147,32.6044475],[-5.6802131,32.6027989],[-5.6918518,32.6054561],[-5.7148587,32.6118837],[-5.7352907,32.6264724],[-5.7583791,32.6220953],[-5.7595808,32.6122561],[-5.7699706,32.5948558],[-5.779751,32.6115765],[-5.7910426,32.6219733],[-5.801502,32.6568142],[-5.8492153,32.6956901],[-5.8762176,32.7122294],[-5.879874,32.7215017],[-5.8997294,32.7323064],[-5.9065959,32.7559023],[-5.9091104,32.75291],[-5.9524037,32.7570139],[-5.9668662,32.7623335],[-5.9982716,32.7602187],[-6.0469435,32.7790562],[-6.0493725,32.7603855],[-6.0662897,32.735957],[-6.1638105,32.7025012],[-6.2032411,32.6937759],[-6.2383545,32.6903232],[-6.254113,32.6936748],[-6.2861965,32.689218],[-6.3203863,32.6650097],[-6.3215747,32.6727173],[-6.406677,32.6847464],[-6.4076641,32.6891457],[-6.4810064,32.6904387],[-6.5529368,32.7087376],[-6.6019891,32.7106984],[-6.6210563,32.7147065],[-6.6284292,32.712475],[-6.6142757,32.6865596],[-6.6561353,32.6827526],[-6.6487968,32.6602032]]]},"properties":{"shapeName":"Province de Beni Mellal إقليم بني ملال","shapeISO":"","shapeID":"96644757B40957387644980","shapeGroup":"MAR","shapeType":"ADM2"}},
{"type":"Feature","geometry":{"type":"Polygon","coordinates":[[[-8.9705266,28.6449751],[-8.9950055,28.6439582],[-9.0429677,28.6606906],[-9.1199235,28.6782938],[-9.1711816,28.6936919],[-9.2691831,28.7788711],[-9.3262776,28.813843],[-9.3367318,28.7942919],[-9.3540009,28.7732249],[-9.3726949,28.7564503],[-9.427884,28.732369],[-9.526761,28.7120461],[-9.5567159,28.6998505],[-9.6050385,28.6902134],[-9.629157,28.6821567],[-9.6459798,28.6719909],[-9.7062329,28.6450278],[-9.767516,28.6059265],[-9.7851972,28.6008777],[-9.8753194,28.5577645],[-9.9560002,28.525418],[-9.996787,28.5217191],[-10.0352391,28.5119186],[-10.0705842,28.5075101],[-10.1148728,28.4959281],[-10.2099904,28.4622044],[-10.3710088,28.4563187],[-10.4267129,28.4583561],[-10.4497155,28.4988699],[-10.477695,28.5904571],[-10.4858489,28.6038825],[-10.50456,28.6136028],[-10.5295367,28.6061205],[-10.5606074,28.5835685],[-10.6321916,28.5570823],[-10.7086521,28.524757],[-10.7189492,28.4695235],[-10.7313947,28.4354895],[-10.7406126,28.4229309],[-10.6738023,28.4114251],[-10.6296853,28.4069445],[-10.590289,28.3905493],[-10.5403356,28.3827831],[-10.5172471,28.3564031],[-10.4506983,28.2980462],[-10.4234556,28.2676198],[-10.4023284,28.2287191],[-10.35233,28.09929],[-10.3438777,28.0553047],[-10.3230037,27.9856801],[-10.2981214,27.9373202],[-10.2728554,27.9190287],[-10.2416044,27.8850012],[-10.2227174,27.83573],[-10.2123318,27.7990607],[-10.1370583,27.7140258],[-10.1115409,27.700553],[-10.092023,27.7104773],[-10.0583173,27.7097706],[-10.0404387,27.6876713],[-10.032714,27.6708811],[-10.0173846,27.6543011],[-9.9853183,27.6382053],[-9.9659205,27.6347227],[-9.9375878,27.6400758],[-9.9157868,27.6482189],[-9.8993073,27.6734807],[-9.8802529,27.6720745],[-9.8617135,27.6618882],[-9.8162232,27.6129353],[-9.8141633,27.5911663],[-9.7981988,27.568967],[-9.7631798,27.5364967],[-9.7194062,27.5068641],[-9.6072856,27.4456706],[-9.5441399,27.4022907],[-9.4490395,27.415023],[-9.4068108,27.423739],[-9.2887078,27.4721138],[-9.172124,27.4094762],[-9.0610323,27.3139046],[-8.9719926,27.2782892],[-8.8745576,27.1831892],[-8.8091546,27.1604344],[-8.7542229,27.1471458],[-8.667599,27.1361285],[-8.667496,27.832437],[-8.6688733,28.3110599],[-8.77205,28.42068],[-8.88316,28.54494],[-8.9183072,28.598195],[-8.9705266,28.6449751]]]},"properties":{"shapeName":"Assa-Zag Province","shapeISO":"","shapeID":"96644757B62254917052717","shapeGroup":"MAR","shapeType":"ADM2"}},
{"type":"Feature","geometry":{"type":"Polygon","coordinates":[[[-3.04644,33.348],[-3.2572802,33.5166646],[-3.2450923,33.5276411],[-3.2279261,33.5346599],[-3.2269344,33.5536489],[-3.2136694,33.5652193],[-3.1904638,33.570362],[-3.1750142,33.5911703],[-3.1525266,33.6030595],[-3.1204431,33.6334507],[-3.1233942,33.6601708],[-3.0910188,33.6901991],[-3.0584218,33.7063472],[-3.0323774,33.7314658],[-3.045076,33.7654364],[-3.0942785,33.7616582],[-3.1530253,33.7644981],[-3.1906663,33.760174],[-3.2345,33.76371],[-3.27656,33.77573],[-3.30198,33.7778],[-3.33089,33.78691],[-3.36391,33.8123],[-3.37947,33.8323],[-3.42027,33.8479],[-3.42947,33.86255],[-3.46644,33.87751],[-3.49325,33.9058],[-3.51639,33.90957],[-3.5322767,33.8947395],[-3.5424047,33.8679615],[-3.6508131,33.7407867],[-3.693162,33.7279671],[-3.71155,33.70144],[-3.73661,33.67767],[-3.8028433,33.6567816],[-3.8573339,33.5933579],[-3.8225639,33.5700043],[-3.8088309,33.5707194],[-3.79442,33.5574811],[-3.8376786,33.5114923],[-3.8433349,33.5094169],[-3.8472831,33.5209811],[-3.8475749,33.5423092],[-3.8744485,33.5707123],[-3.8888681,33.5708696],[-3.899142,33.5502138],[-3.9302213,33.5457501],[-3.9342897,33.5282008],[-3.9467265,33.514641],[-3.98348,33.51314],[-4.01008,33.52387],[-4.03089,33.51689],[-4.05811,33.52625],[-4.09216,33.55519],[-4.10959,33.5614],[-4.11055,33.57615],[-4.10064,33.58679],[-4.09265,33.60348],[-4.08504,33.62387],[-4.08543,33.63905],[-4.10817,33.63857],[-4.1129295,33.6468462],[-4.1196758,33.6492612],[-4.1231348,33.6637856],[-4.2323645,33.6083105],[-4.2877854,33.6311393],[-4.2773055,33.6025059],[-4.2775442,33.5699088],[-4.2837985,33.5313456],[-4.3013364,33.5216941],[-4.3765257,33.5442821],[-4.387452,33.5413955],[-4.4001932,33.5427757],[-4.4193896,33.5296752],[-4.4420832,33.5418662],[-4.4870457,33.5577391],[-4.4900025,33.5631928],[-4.5165414,33.5801916],[-4.5252618,33.6037248],[-4.515606,33.6423348],[-4.5385038,33.6473749],[-4.563727,33.6440568],[-4.6115454,33.6001409],[-4.6386679,33.597174],[-4.662928,33.6195626],[-4.6770943,33.625509],[-4.7025,33.54678],[-4.7274512,33.5444107],[-4.7527069,33.5537815],[-4.77849,33.52876],[-4.8166035,33.5158058],[-4.8601973,33.5127737],[-4.8816207,33.5102475],[-4.9014476,33.4940241],[-4.9619153,33.4725033],[-5.0023137,33.4512861],[-5.0214217,33.4328678],[-5.0238293,33.4271624],[-5.0044573,33.3925101],[-4.961396,33.35655],[-4.90079,33.27321],[-4.87158,33.20187],[-4.86137,33.16702],[-4.84764,33.13758],[-4.82628,33.10649],[-4.82774,33.0979459],[-4.8214486,33.0726609],[-4.8083165,33.0476133],[-4.7745851,33.018021],[-4.7664312,33.0003833],[-4.7550157,32.9599481],[-4.7729543,32.927099],[-4.7697871,32.9122497],[-4.7138341,32.892371],[-4.6564671,32.8805457],[-4.6230017,32.8796808],[-4.5580922,32.8962724],[-4.5237428,32.8954797],[-4.4774999,32.8827171],[-4.4872261,32.8675522],[-4.4640905,32.842349],[-4.4053291,32.810641],[-4.3713375,32.7868739],[-4.3242036,32.7504163],[-4.2850262,32.7147526],[-4.24227,32.65712],[-4.21682,32.61378],[-4.17408,32.60105],[-4.1035802,32.6230398],[-4.05787,32.60056],[-4.0181592,32.608444],[-4.0148976,32.619538],[-4.01593,32.64076],[-3.97854,32.68849],[-3.94745,32.71852],[-3.91125,32.76307],[-3.86818,32.82388],[-3.83034,32.86649],[-3.7988688,32.8957498],[-3.7498552,32.9255956],[-3.7274148,32.9477105],[-3.7129583,32.9793921],[-3.6827459,33.0269428],[-3.6496925,33.0574277],[-3.6169893,33.0783055],[-3.6035139,33.0945255],[-3.5756189,33.1084419],[-3.5675508,33.1080968],[-3.5596544,33.0976211],[-3.5146061,33.085152],[-3.43584,33.05657],[-3.34091,33.05967],[-3.02867,33.1138],[-2.9785,33.13258],[-2.9415,33.15244],[-2.90695,33.17701],[-2.899,33.19964],[-2.90572,33.21653],[-2.93543,33.2557],[-2.9992,33.31764],[-3.04644,33.348]]]},"properties":{"shapeName":"Province de Boulemane إقليم بولمان","shapeISO":"","shapeID":"96644757B81090244987905","shapeGroup":"MAR","shapeType":"ADM2"}},
{"type":"Feature","geometry":{"type":"Polygon","coordinates":[[[-7.1330398,32.3192664],[-7.1259737,32.3146422],[-7.1222938,32.3235965],[-7.1168907,32.3256328],[-7.1004734,32.3052952],[-7.11618,32.23195],[-7.10502,32.21333],[-7.1104721,32.1910325],[-7.0740542,32.1862874],[-7.018466,32.1668762],[-7.0137925,32.162564],[-6.9953003,32.1741488],[-6.950312,32.1863255],[-6.9215159,32.181582],[-6.8655542,32.1869829],[-6.8277458,32.1936383],[-6.8067371,32.1866635],[-6.7739494,32.1952543],[-6.7604483,32.1930317],[-6.7697442,32.2274902],[-6.7552817,32.2414688],[-6.7471627,32.2301517],[-6.6991103,32.242178],[-6.699693,32.2503262],[-6.6910756,32.2515639],[-6.6873677,32.2407295],[-6.6564225,32.2508709],[-6.6440929,32.2493102],[-6.6289916,32.242576],[-6.6186956,32.2188428],[-6.5975769,32.2283039],[-6.5892342,32.2285726],[-6.5739016,32.2242299],[-6.5689406,32.2197207],[-6.5525303,32.2329474],[-6.5471042,32.2470563],[-6.5299381,32.2517746],[-6.5350021,32.2608477],[-6.532513,32.2619364],[-6.546675,32.2824742],[-6.5664161,32.3011936],[-6.5658153,32.3209972],[-6.5691627,32.3212148],[-6.5704501,32.3151218],[-6.5902041,32.3206998],[-6.5725101,32.3270172],[-6.5707935,32.3479753],[-6.5595325,32.344734],[-6.5433877,32.3444548],[-6.5333327,32.3486097],[-6.5282901,32.3590905],[-6.4898551,32.3566762],[-6.4900096,32.3596705],[-6.5362037,32.3806718],[-6.5457309,32.3936456],[-6.541096,32.3976316],[-6.5295947,32.3916888],[-6.5130294,32.4008928],[-6.5122569,32.3908916],[-6.5071071,32.384006],[-6.5016998,32.3845134],[-6.5016998,32.3879925],[-6.4982665,32.3887897],[-6.4917515,32.3831819],[-6.4768947,32.3874851],[-6.4653075,32.3971968],[-6.4602435,32.3935007],[-6.4376037,32.4040239],[-6.4401786,32.4081906],[-6.4423673,32.4073935],[-6.4384191,32.4136252],[-6.443526,32.4184073],[-6.4431827,32.4310497],[-6.4303081,32.4303977],[-6.4256284,32.4532875],[-6.4427088,32.4539393],[-6.4423654,32.4559672],[-6.4345548,32.4624128],[-6.4234312,32.4853377],[-6.4469488,32.5202281],[-6.4810751,32.5326319],[-6.5298612,32.5740572],[-6.5843294,32.6073513],[-6.5840719,32.614509],[-6.5788362,32.6232564],[-6.629648,32.6434229],[-6.6487968,32.6602032],[-6.6754301,32.6552605],[-6.6733701,32.6683971],[-6.724345,32.6659838],[-6.7518366,32.6701745],[-6.7696722,32.6763012],[-6.79816,32.6651],[-6.8209,32.6656544],[-6.8450399,32.6625384],[-6.8499494,32.6761073],[-6.8584788,32.6537677],[-6.8773606,32.6342576],[-6.91025,32.62275],[-6.93663,32.61867],[-6.96013,32.62189],[-6.9774365,32.6268463],[-6.9864937,32.6356883],[-6.99629,32.56049],[-7.0151247,32.556614],[-6.9946872,32.5202264],[-6.9960605,32.5104049],[-6.9922067,32.4994603],[-7.0055447,32.4571677],[-7.0344439,32.3980727],[-7.0348988,32.3847588],[-7.0406752,32.3736467],[-7.1055259,32.3529798],[-7.1330398,32.3192664]]]},"properties":{"shapeName":"Province de Fquih Ben Saleh إقليم الفقيه بن صالح","shapeISO":"","shapeID":"96644757B50122508033550","shapeGroup":"MAR","shapeType":"ADM2"}},
{"type":"Feature","geometry":{"type":"Polygon","coordinates":[[[-3.2608567,34.7572246],[-3.2774048,34.752863],[-3.31565,34.70448],[-3.36104,34.66381],[-3.38597,34.64838],[-3.46359,34.61093],[-3.47755,34.59088],[-3.4785,34.56292],[-3.48908,34.54318],[-3.5067,34.53798],[-3.5317316,34.5445379],[-3.5736771,34.5942023],[-3.5717588,34.6138774],[-3.5977,34.60431],[-3.62618,34.61608],[-3.64096,34.63323],[-3.6696465,34.6245908],[-3.6931277,34.6244867],[-3.7161238,34.6303116],[-3.7184413,34.6385743],[-3.7234624,34.6399866],[-3.7325239,34.6350098],[-3.7342341,34.6262153],[-3.7430318,34.6201411],[-3.7523873,34.617457],[-3.7716198,34.6223324],[-3.7735446,34.6199292],[-3.7701147,34.6089818],[-3.7581842,34.5906833],[-3.7691705,34.5749604],[-3.757283,34.5614963],[-3.755266,34.5540743],[-3.7457817,34.5466869],[-3.7544935,34.5412078],[-3.7535923,34.5328294],[-3.7619178,34.5300364],[-3.7759147,34.4984885],[-3.796042,34.4789877],[-3.7956085,34.4751493],[-3.8435192,34.4560393],[-3.8508792,34.4460633],[-3.8411803,34.4404006],[-3.8557715,34.4113734],[-3.8344855,34.4130728],[-3.8459096,34.404593],[-3.8444505,34.3950323],[-3.8384337,34.3939522],[-3.8595481,34.3711434],[-3.8491712,34.366131],[-3.843163,34.3714445],[-3.8402362,34.368593],[-3.844296,34.3561939],[-3.8437112,34.3431184],[-3.8341625,34.3380459],[-3.8496979,34.3168169],[-3.8624867,34.306998],[-3.8874848,34.3019339],[-3.8947161,34.3066435],[-3.9060672,34.3064716],[-3.9171823,34.3013312],[-3.9094575,34.2837099],[-3.9095004,34.2749155],[-3.9143713,34.2728533],[-3.9083846,34.2602699],[-3.8887079,34.2595889],[-3.8831504,34.2500542],[-3.8889011,34.2411144],[-3.8780006,34.2313931],[-3.8841804,34.2272772],[-3.8915403,34.2292216],[-3.8956602,34.2251766],[-3.8530238,34.2169155],[-3.8393767,34.2109108],[-3.8281115,34.2134199],[-3.8155158,34.2098887],[-3.8313945,34.1525879],[-3.831888,34.136065],[-3.8381751,34.1272055],[-3.8303645,34.1176346],[-3.8371451,34.1020003],[-3.8376601,34.0725006],[-3.8415011,34.0546109],[-3.852938,34.0295477],[-3.8525433,34.0231999],[-3.8458784,34.0221069],[-3.8248714,34.0077785],[-3.8668426,33.9897755],[-3.8663276,33.9845091],[-3.8702543,33.9816907],[-3.8772066,33.9833988],[-3.8855537,33.97305],[-3.8923987,33.9729361],[-3.9065822,33.9217141],[-3.9113887,33.9169421],[-3.9017757,33.8924367],[-3.9058955,33.8746944],[-3.9276965,33.8316754],[-3.9549049,33.8103209],[-3.9758475,33.7820753],[-3.9660628,33.7806485],[-3.9684232,33.7693386],[-3.9593638,33.7344791],[-3.9893873,33.7202307],[-4.0096434,33.7196596],[-4.1034006,33.6823937],[-4.0801405,33.6750012],[-4.0877794,33.6636077],[-4.1231348,33.6637856],[-4.1196758,33.6492612],[-4.1129295,33.6468462],[-4.10817,33.63857],[-4.08543,33.63905],[-4.08504,33.62387],[-4.09265,33.60348],[-4.10064,33.58679],[-4.11055,33.57615],[-4.10959,33.5614],[-4.09216,33.55519],[-4.05811,33.52625],[-4.03089,33.51689],[-4.01008,33.52387],[-3.98348,33.51314],[-3.9467265,33.514641],[-3.9342897,33.5282008],[-3.9302213,33.5457501],[-3.899142,33.5502138],[-3.8888681,33.5708696],[-3.8744485,33.5707123],[-3.8475749,33.5423092],[-3.8472831,33.5209811],[-3.8433349,33.5094169],[-3.8376786,33.5114923],[-3.79442,33.5574811],[-3.8088309,33.5707194],[-3.8225639,33.5700043],[-3.8573339,33.5933579],[-3.8028433,33.6567816],[-3.73661,33.67767],[-3.71155,33.70144],[-3.693162,33.7279671],[-3.6508131,33.7407867],[-3.5424047,33.8679615],[-3.5322767,33.8947395],[-3.51639,33.90957],[-3.49325,33.9058],[-3.46644,33.87751],[-3.42947,33.86255],[-3.42027,33.8479],[-3.37947,33.8323],[-3.36391,33.8123],[-3.33089,33.78691],[-3.30198,33.7778],[-3.27656,33.77573],[-3.2345,33.76371],[-3.1906663,33.760174],[-3.1530253,33.7644981],[-3.0942785,33.7616582],[-3.1099,33.79797],[-3.14776,33.85443],[-3.16284,33.88225],[-3.23174,33.94148],[-3.23407,33.96916],[-3.21808,33.99647],[-3.18969,34.01632],[-3.1533,34.03992],[-3.1016,34.05821],[-3.08309,34.07022],[-3.0561,34.12273],[-3.09671,34.18159],[-3.10468,34.19804],[-3.11183,34.2287],[-3.1121204,34.2602557],[-3.115352,34.2745201],[-3.1955264,34.3283074],[-3.2218259,34.3715318],[-3.2027221,34.3869691],[-3.2148736,34.4034304],[-3.1712201,34.4321914],[-3.1202689,34.4597642],[-3.1044632,34.461675],[-3.1007596,34.4948443],[-3.0619255,34.501101],[-3.069749,34.5233051],[-3.0479995,34.5595354],[-3.0340284,34.5618565],[-3.0606252,34.5952306],[-3.0588055,34.6203374],[-3.012826,34.6142698],[-2.9638179,34.5904465],[-2.9352846,34.6060839],[-2.9538089,34.6260867],[-2.9759274,34.6384952],[-2.9872614,34.6499733],[-2.94182,34.65935],[-2.9378452,34.6637159],[-2.95568,34.68066],[-3.01296,34.70676],[-3.03023,34.70848],[-3.0865,34.73312],[-3.12889,34.74654],[-3.15171,34.75906],[-3.1819119,34.7687627],[-3.2165295,34.768241],[-3.2608567,34.7572246]]]},"properties":{"shapeName":"Province de Guercif إقليم جرسيف","shapeISO":"","shapeID":"96644757B63064605054668","shapeGroup":"MAR","shapeType":"ADM2"}},
{"type":"Feature","geometry":{"type":"Polygon","coordinates":[[[-1.6461832,33.6697143],[-1.6465488,33.6758499],[-1.6582448,33.6817136],[-1.6722441,33.6793985],[-1.6778026,33.6756966],[-1.7019392,33.6756293],[-1.7082542,33.6779738],[-1.7115029,33.687023],[-1.7324754,33.701108],[-1.7301517,33.7341771],[-1.70743,33.7491074],[-1.6765523,33.7590267],[-1.67132,33.773102],[-1.6987466,33.8696876],[-1.6647104,34.0177473],[-1.6478933,34.1053791],[-1.6919549,34.1940201],[-1.7067181,34.230231],[-1.7060183,34.250867],[-1.7118312,34.2615668],[-1.7083103,34.2737908],[-1.7108938,34.2885002],[-1.7053325,34.30687],[-1.7341934,34.3453377],[-1.7685712,34.3718138],[-1.7819683,34.3941993],[-1.6867785,34.4903324],[-1.6874952,34.4930104],[-1.7038798,34.4962863],[-1.7202174,34.5049484],[-1.727012,34.5071145],[-1.7347561,34.5045355],[-1.7413651,34.5078191],[-1.7430506,34.5134171],[-1.7559681,34.5206271],[-1.7541324,34.5268721],[-1.7564713,34.5289086],[-1.7609345,34.5275386],[-1.767743,34.541541],[-1.7901169,34.5609018],[-1.7890665,34.5696237],[-1.7972623,34.5776115],[-1.8193125,34.5798045],[-1.8469942,34.5711799],[-1.8581007,34.5599595],[-1.8789232,34.552661],[-1.8851031,34.5456624],[-1.8960036,34.5461573],[-1.8974112,34.5507701],[-1.9160364,34.556708],[-1.941923,34.5566903],[-1.955776,34.5670984],[-1.9612349,34.5659498],[-1.9702471,34.5562662],[-1.9775427,34.5600125],[-2.0255221,34.5439656],[-2.0262087,34.5366834],[-2.0117802,34.5112357],[-2.0234965,34.5084854],[-2.0536745,34.5178033],[-2.0580429,34.510354],[-2.0494009,34.4999433],[-2.0528877,34.4834957],[-2.0582236,34.4856194],[-2.088261,34.4610719],[-2.1344412,34.4488933],[-2.1776946,34.4440821],[-2.1885092,34.4440114],[-2.1934102,34.4482016],[-2.2017186,34.4399696],[-2.2015608,34.4216391],[-2.2191904,34.4262588],[-2.2323225,34.4250552],[-2.2582091,34.4295685],[-2.2843016,34.4101684],[-2.3016394,34.4134257],[-2.3163164,34.4122928],[-2.3158358,34.404521],[-2.3064459,34.3835391],[-2.2770403,34.3526675],[-2.2753752,34.339894],[-2.2803534,34.3386892],[-2.271427,34.3231668],[-2.2875632,34.3138803],[-2.3010386,34.3301841],[-2.3299635,34.3214655],[-2.3411215,34.2893478],[-2.4147588,34.2912574],[-2.4681112,34.2894384],[-2.4765738,34.2754219],[-2.5157011,34.2647372],[-2.5308901,34.2330579],[-2.5268711,34.2133124],[-2.5117014,34.1957785],[-2.5012816,34.1742473],[-2.4866903,34.1264437],[-2.444718,34.0748293],[-2.4540264,34.0275456],[-2.5012816,33.9995941],[-2.63813,33.964994],[-2.6435888,33.8570572],[-2.6659563,33.8306809],[-2.666597,33.7705523],[-2.6587092,33.7273756],[-2.6579968,33.6957464],[-2.6277071,33.6944753],[-2.567969,33.6775812],[-2.451677,33.6628483],[-2.32124,33.63998],[-2.295079,33.6727457],[-2.2582319,33.6855807],[-2.2135656,33.6932293],[-2.1247094,33.6885695],[-2.05214,33.65882],[-1.8478,33.63842],[-1.78285,33.63941],[-1.73628,33.64692],[-1.6461832,33.6697143]]]},"properties":{"shapeName":"Province de Jerada إقليم جرادة","shapeISO":"","shapeID":"96644757B21390270390615","shapeGroup":"MAR","shapeType":"ADM2"}},
{"type":"Feature","geometry":{"type":"Polygon","coordinates":[[[-6.4176424,33.2227752],[-6.4270838,33.2120582],[-6.4232214,33.1965925],[-6.4082869,33.1887994],[-6.3976438,33.1702978],[-6.3812502,33.1593696],[-6.3451155,33.1516666],[-6.3366269,33.1540782],[-6.325074,33.1469093],[-6.3179186,33.1485557],[-6.31683,33.1345264],[-6.2977498,33.124255],[-6.2887977,33.1234284],[-6.2868407,33.1164663],[-6.274421,33.1123182],[-6.2709105,33.1188817],[-6.2672092,33.109337],[-6.2418033,33.0900528],[-6.2323362,33.0793412],[-6.2144877,33.0707177],[-6.1953475,33.0530257],[-6.1859318,33.0499106],[-6.171229,33.0338695],[-6.1695983,33.0257417],[-6.1513373,33.0200104],[-6.1323,33.0035887],[-6.0994375,32.9889908],[-6.10181,32.97281],[-6.1192558,32.9485],[-6.1491748,32.9625322],[-6.178692,32.9116576],[-6.1665899,32.8950508],[-6.1569769,32.8712215],[-6.086055,32.9124394],[-6.0634386,32.8912527],[-6.0621683,32.8491813],[-6.0674039,32.8180403],[-6.0516126,32.8153325],[-6.0469435,32.7790562],[-5.9982716,32.7602187],[-5.9668662,32.7623335],[-5.9524037,32.7570139],[-5.9091104,32.75291],[-5.9065959,32.7559023],[-5.8997294,32.7323064],[-5.879874,32.7215017],[-5.8762176,32.7122294],[-5.8492153,32.6956901],[-5.801502,32.6568142],[-5.7910426,32.6219733],[-5.779751,32.6115765],[-5.7699706,32.5948558],[-5.7595808,32.6122561],[-5.7583791,32.6220953],[-5.7352907,32.6264724],[-5.7148587,32.6118837],[-5.6918518,32.6054561],[-5.6802131,32.6027989],[-5.6582147,32.6044475],[-5.6300623,32.6022711],[-5.6065489,32.594628],[-5.5874044,32.5762732],[-5.5758173,32.5603887],[-5.578478,32.5314407],[-5.5704099,32.4994249],[-5.5565054,32.4749794],[-5.5358974,32.4539856],[-5.4634627,32.4545921],[-5.4104194,32.4656725],[-5.4028663,32.4705967],[-5.3961715,32.482544],[-5.3938541,32.498616],[-5.4048404,32.5152967],[-5.3979809,32.5247565],[-5.3891355,32.5209835],[-5.3549697,32.5154873],[-5.3481943,32.5550643],[-5.3390962,32.5737272],[-5.3408987,32.5935433],[-5.3463918,32.6023651],[-5.3222734,32.6174759],[-5.3238184,32.6301264],[-5.3131754,32.6669114],[-5.3174669,32.6927024],[-5.3214151,32.6989865],[-5.3212434,32.711918],[-5.3146345,32.7192803],[-5.3136903,32.7316999],[-5.3130037,32.7449119],[-5.3179819,32.7641848],[-5.3167802,32.7776048],[-5.3112871,32.7869136],[-5.299105,32.7952125],[-5.308718,32.8014893],[-5.3116277,32.8070948],[-5.2970365,32.8210169],[-5.2876895,32.8397181],[-5.2624467,32.8541902],[-5.2492847,32.8565071],[-5.2545485,32.8693676],[-5.2742913,32.8609964],[-5.2486942,32.9046392],[-5.2412251,32.9239398],[-5.273259,32.9666113],[-5.3059819,32.9854906],[-5.3064521,32.9922736],[-5.2881445,33.003882],[-5.290644,33.0298539],[-5.3193029,33.0350096],[-5.3297012,33.0832351],[-5.2988794,33.0975272],[-5.2836745,33.1296085],[-5.279662,33.1615523],[-5.2819837,33.1686581],[-5.2885154,33.1742691],[-5.2970856,33.1756987],[-5.3674238,33.15298],[-5.4182013,33.1564471],[-5.447727,33.1646922],[-5.4860075,33.194034],[-5.4893034,33.2349646],[-5.5124434,33.2563989],[-5.5001696,33.3033514],[-5.5010546,33.3091175],[-5.5071516,33.3101392],[-5.506389,33.324947],[-5.5165976,33.3193218],[-5.5199818,33.3240455],[-5.5182036,33.32873],[-5.5247353,33.3391674],[-5.5430849,33.3436107],[-5.5388056,33.3494535],[-5.5515316,33.3575221],[-5.5524423,33.3630227],[-5.5725687,33.369214],[-5.57017,33.37526],[-5.5806788,33.3872662],[-5.583288,33.3825792],[-5.5918711,33.3825075],[-5.5965918,33.3887426],[-5.6069773,33.3822208],[-5.6134661,33.3865496],[-5.616762,33.3822925],[-5.6215685,33.3837975],[-5.6251734,33.3898892],[-5.6288641,33.3861626],[-5.6347521,33.3866213],[-5.6567248,33.3912795],[-5.6543558,33.3943322],[-5.6592997,33.3920677],[-5.666458,33.3939847],[-5.6792124,33.3961166],[-5.72314,33.41226],[-5.7369593,33.4215159],[-5.7480529,33.4169023],[-5.7548292,33.4247252],[-5.754546,33.4284645],[-5.7624639,33.4310217],[-5.7737806,33.4409168],[-5.7704461,33.4456795],[-5.7826513,33.4540727],[-5.7856768,33.4605927],[-5.7816427,33.4653901],[-5.7867581,33.4701993],[-5.8066881,33.4325796],[-5.8162153,33.4269817],[-5.8162153,33.4195136],[-5.8061088,33.3989112],[-5.8075379,33.3750696],[-5.8170565,33.3610092],[-5.7957476,33.3425439],[-5.7943743,33.3361693],[-5.7837356,33.338152],[-5.7741697,33.3340754],[-5.7881172,33.3277288],[-5.8121369,33.3090594],[-5.8264487,33.3053566],[-5.8322927,33.3109311],[-5.8590687,33.3099968],[-5.8640293,33.3136146],[-5.8657452,33.3108396],[-5.8686169,33.3127521],[-5.8796069,33.3104836],[-5.8869422,33.3152858],[-5.910699,33.3139732],[-5.9168967,33.3187949],[-5.9111439,33.3291743],[-5.9172936,33.3288176],[-5.923806,33.3177531],[-5.9260484,33.3259364],[-5.9355026,33.3320805],[-5.9477682,33.3192028],[-5.963324,33.3320329],[-5.9756607,33.319704],[-5.9920938,33.3219879],[-5.9948404,33.3069218],[-6.042382,33.3046873],[-6.0699594,33.3056988],[-6.0812633,33.309436],[-6.0908764,33.3150379],[-6.0941465,33.329346],[-6.1029442,33.3366533],[-6.1293114,33.3421101],[-6.1418581,33.3360682],[-6.1565351,33.3367171],[-6.1633565,33.338067],[-6.1777654,33.3480265],[-6.2031519,33.3424966],[-6.2088532,33.3453073],[-6.2136769,33.3503244],[-6.2080659,33.3664076],[-6.2148296,33.3681884],[-6.2093279,33.3756788],[-6.2081992,33.3883716],[-6.2124264,33.4005323],[-6.2061393,33.4304468],[-6.1972987,33.439085],[-6.2026083,33.4396435],[-6.213628,33.4471351],[-6.2374031,33.4459391],[-6.2512218,33.45121],[-6.2626159,33.447776],[-6.2791254,33.4515251],[-6.2950179,33.4624498],[-6.315201,33.464043],[-6.3312127,33.4780331],[-6.3449842,33.4788492],[-6.3527734,33.4826112],[-6.3602149,33.4802345],[-6.3605229,33.4184407],[-6.3733632,33.4093276],[-6.3777491,33.3894717],[-6.4033996,33.369837],[-6.3918597,33.3474304],[-6.4118111,33.3226263],[-6.397031,33.2950925],[-6.3814742,33.2748804],[-6.38381,33.256],[-6.4070423,33.2267386],[-6.4176424,33.2227752]]]},"properties":{"shapeName":"Province de Khénifra إقليم خنيفرة","shapeISO":"","shapeID":"96644757B52871738396395","shapeGroup":"MAR","shapeType":"ADM2"}},
{"type":"Feature","geometry":{"type":"Polygon","coordinates":[[[-5.7867581,33.4701993],[-5.7816427,33.4653901],[-5.7856768,33.4605927],[-5.7826513,33.4540727],[-5.7704461,33.4456795],[-5.7737806,33.4409168],[-5.7624639,33.4310217],[-5.754546,33.4284645],[-5.7548292,33.4247252],[-5.7480529,33.4169023],[-5.7369593,33.4215159],[-5.72314,33.41226],[-5.6792124,33.3961166],[-5.666458,33.3939847],[-5.6264609,33.4324149],[-5.6157835,33.4513193],[-5.5884894,33.466303],[-5.5813182,33.4931921],[-5.5715335,33.5116592],[-5.53714,33.50757],[-5.51572,33.51981],[-5.4890974,33.5211104],[-5.459403,33.558425],[-5.4547222,33.5801826],[-5.4641636,33.5904593],[-5.4655369,33.5968814],[-5.4584473,33.6130158],[-5.4463022,33.6185785],[-5.4381483,33.618507],[-5.4052408,33.5980878],[-5.3818949,33.5936159],[-5.3588064,33.5829803],[-5.2104767,33.5482274],[-5.1590383,33.520765],[-5.1607378,33.532181],[-5.1474812,33.5433272],[-5.1736682,33.5927381],[-5.2206047,33.6374224],[-5.2180727,33.6684551],[-5.2218063,33.6850939],[-5.2401741,33.7069776],[-5.255452,33.7106547],[-5.2674253,33.7420178],[-5.2464397,33.7551172],[-5.2396162,33.7770402],[-5.2240808,33.8002913],[-5.2156094,33.8225557],[-5.2131803,33.8422336],[-5.2007778,33.8468744],[-5.1987179,33.8354859],[-5.19077,33.8349583],[-5.1971429,33.8193184],[-5.1974433,33.7987543],[-5.1910189,33.790951],[-5.1707929,33.7798511],[-5.1573732,33.7612683],[-5.0938839,33.8086105],[-5.079275,33.808753],[-5.0598949,33.8232863],[-5.0631007,33.8285448],[-5.0897807,33.8340275],[-5.0944284,33.845434],[-5.0923427,33.8778096],[-5.1350573,33.8848644],[-5.1361893,33.9054287],[-5.1312455,33.9229082],[-5.1383694,33.9193328],[-5.1512054,33.9372652],[-5.1552823,33.9512639],[-5.1881855,33.9802684],[-5.1839739,33.9913104],[-5.1882096,33.9975174],[-5.1956748,33.9949681],[-5.2394488,33.9814816],[-5.2793387,33.9609726],[-5.297597,33.9768553],[-5.3010302,33.9722643],[-5.3095704,33.9714101],[-5.3130465,33.9654663],[-5.3306418,33.9677086],[-5.3342038,33.9614086],[-5.3205138,33.9536487],[-5.3167801,33.9437875],[-5.3212691,33.9334532],[-5.3309422,33.9368804],[-5.3516274,33.9284417],[-5.3613692,33.9202513],[-5.3966885,33.9196103],[-5.4172879,33.909211],[-5.418747,33.8919709],[-5.4044562,33.8739434],[-5.3978472,33.8545935],[-5.4084902,33.8485703],[-5.425478,33.8233229],[-5.4236823,33.80825],[-5.4290896,33.8069306],[-5.4351836,33.7997272],[-5.4449254,33.7813949],[-5.4503563,33.7798878],[-5.4532509,33.7737969],[-5.4766827,33.7524618],[-5.4787977,33.7440601],[-5.4835063,33.7431127],[-5.4928854,33.7476357],[-5.5005007,33.7606326],[-5.4990379,33.7705833],[-5.5168944,33.7706219],[-5.5190209,33.765119],[-5.5246192,33.7623451],[-5.5477934,33.7566722],[-5.5620413,33.7561727],[-5.5717638,33.7936911],[-5.5731135,33.8142404],[-5.5834561,33.8187686],[-5.5950432,33.829072],[-5.6022766,33.8235016],[-5.6157714,33.8239739],[-5.652788,33.8476347],[-5.6613474,33.848],[-5.6682568,33.823047],[-5.6660252,33.8084639],[-5.6901243,33.8039619],[-5.6960638,33.8075904],[-5.7159551,33.8339988],[-5.7448028,33.8456014],[-5.7674663,33.850783],[-5.7532313,33.8374494],[-5.7633602,33.8148723],[-5.7340705,33.8045101],[-5.7145869,33.7856866],[-5.7204412,33.7695435],[-5.7322859,33.7529103],[-5.7417094,33.706278],[-5.7631885,33.6912251],[-5.7854565,33.6672157],[-5.777603,33.6520988],[-5.7917702,33.6108784],[-5.8043057,33.6063178],[-5.7861053,33.5723665],[-5.7804405,33.554236],[-5.7834446,33.53593],[-5.77972,33.51494],[-5.814609,33.498838],[-5.8168192,33.4934581],[-5.823985,33.4905574],[-5.8163864,33.4890422],[-5.8129353,33.4824558],[-5.8008278,33.4764745],[-5.7930838,33.4803699],[-5.78744,33.4782648],[-5.7867581,33.4701993]]]},"properties":{"shapeName":"Province d'El Hajeb إقليم الحاجب","shapeISO":"","shapeID":"96644757B90056368806308","shapeGroup":"MAR","shapeType":"ADM2"}},
{"type":"Feature","geometry":{"type":"Polygon","coordinates":[[[-7.579744,31.6264406],[-7.5700108,31.6186861],[-7.5428539,31.6282055],[-7.4979344,31.6368361],[-7.4946857,31.6426381],[-7.481382,31.6319984],[-7.4727989,31.6296891],[-7.46619,31.6312895],[-7.4648338,31.6458678],[-7.4589962,31.6594638],[-7.441162,31.6609649],[-7.4159235,31.6738293],[-7.4125458,31.6779502],[-7.3919335,31.675653],[-7.3846422,31.6781401],[-7.3746429,31.6730087],[-7.3627168,31.6773914],[-7.3674632,31.6883509],[-7.3597213,31.6936349],[-7.3451472,31.6784104],[-7.3321918,31.6829992],[-7.3177029,31.6813138],[-7.3211361,31.6934377],[-7.3025967,31.6952634],[-7.3070599,31.7041726],[-7.3185612,31.7130079],[-7.2850872,31.7337164],[-7.2820409,31.7473928],[-7.2738011,31.7476847],[-7.2721188,31.7395754],[-7.2653725,31.7393126],[-7.2655957,31.7614784],[-7.2579654,31.763551],[-7.2480605,31.7604422],[-7.2417605,31.7637626],[-7.2294524,31.7618579],[-7.2293237,31.7730373],[-7.2174619,31.7618068],[-7.1979384,31.7621866],[-7.1981101,31.7582457],[-7.1872954,31.7554725],[-7.1843772,31.7509475],[-7.1690993,31.7436486],[-7.1032277,31.759851],[-7.04889,31.76073],[-7.0243035,31.7743607],[-7.0433022,31.7875449],[-7.0335224,31.8212786],[-7.0348056,31.827605],[-7.018472,31.8201737],[-7.0020698,31.8213088],[-7.0080006,31.8285713],[-7.0127857,31.8467605],[-7.0237248,31.8461735],[-7.0205148,31.8606852],[-7.0291261,31.8597311],[-7.0553903,31.8934847],[-7.0516137,31.9042584],[-7.0679216,31.9075153],[-7.0629692,31.9409755],[-7.0690631,31.9654041],[-7.052987,31.9725361],[-7.057536,31.9825689],[-7.0817017,31.9967833],[-7.0881905,32.0058381],[-7.1102194,32.0203304],[-7.1174206,32.04595],[-7.1181416,32.0856494],[-7.1275546,32.101604],[-7.1309476,32.1291114],[-7.1226622,32.153419],[-7.1242072,32.161917],[-7.1104721,32.1910325],[-7.10502,32.21333],[-7.11618,32.23195],[-7.1004734,32.3052952],[-7.1168907,32.3256328],[-7.1222938,32.3235965],[-7.1259737,32.3146422],[-7.1330398,32.3192664],[-7.141419,32.3240136],[-7.1406315,32.3309563],[-7.1444896,32.335547],[-7.1540361,32.3276962],[-7.1622136,32.3270127],[-7.1646083,32.3329525],[-7.1773005,32.3358189],[-7.1901601,32.3302745],[-7.196651,32.3466039],[-7.2056976,32.3495932],[-7.2213595,32.3673799],[-7.2326999,32.3654243],[-7.2402474,32.3737814],[-7.2567752,32.3736264],[-7.2611364,32.3787685],[-7.2590787,32.3894207],[-7.2720337,32.3925299],[-7.2828849,32.4024223],[-7.2954226,32.4037149],[-7.3056557,32.3969218],[-7.3142005,32.4012468],[-7.3142241,32.4077216],[-7.3187924,32.4115259],[-7.3240624,32.4073865],[-7.3376451,32.4057941],[-7.337555,32.4179492],[-7.342516,32.4256726],[-7.3724323,32.4620671],[-7.3772603,32.4644786],[-7.3898002,32.461571],[-7.4143149,32.4464602],[-7.4275285,32.4464204],[-7.4418951,32.4566101],[-7.4662839,32.4578413],[-7.4657389,32.4458183],[-7.4693738,32.4408674],[-7.481536,32.4422364],[-7.4814244,32.4578014],[-7.4889499,32.4672844],[-7.5017754,32.4683406],[-7.5057422,32.4631149],[-7.5019876,32.4543429],[-7.5206558,32.4473391],[-7.5457401,32.4456807],[-7.5518142,32.4530413],[-7.5691462,32.4552557],[-7.5806538,32.4158357],[-7.5969745,32.4066224],[-7.6305901,32.3683099],[-7.6652485,32.3378135],[-7.6910707,32.3085654],[-7.7275154,32.2891677],[-7.718074,32.2820568],[-7.7300903,32.2700104],[-7.7429649,32.2479454],[-7.7426163,32.2358305],[-7.7505814,32.2122648],[-7.7562676,32.204752],[-7.7595619,32.204836],[-7.7627822,32.1938648],[-7.7564307,32.1712546],[-7.731321,32.1532605],[-7.7189399,32.1291792],[-7.7098375,32.1318177],[-7.6974951,32.1144155],[-7.6981903,32.1027432],[-7.6869079,32.0871572],[-7.6669479,32.0676918],[-7.6162563,31.9898033],[-7.6128806,31.9908654],[-7.6033131,31.9726254],[-7.5928761,31.9639132],[-7.5860611,31.9450261],[-7.5745083,31.9332521],[-7.5645176,31.9104972],[-7.5493256,31.8873978],[-7.5478664,31.8659693],[-7.5607582,31.8576953],[-7.5403133,31.834838],[-7.573444,31.8139077],[-7.5573615,31.8137674],[-7.5521001,31.8097485],[-7.5433539,31.8008349],[-7.5419441,31.792608],[-7.5360218,31.7845828],[-7.5775639,31.7494829],[-7.5834003,31.7382423],[-7.5792805,31.7309424],[-7.5920692,31.7297744],[-7.5856319,31.711522],[-7.5893227,31.7058996],[-7.5993649,31.7121792],[-7.6064888,31.7111569],[-7.6102654,31.7024675],[-7.5995365,31.6853784],[-7.5892368,31.6805578],[-7.5855461,31.6709159],[-7.5920692,31.6615652],[-7.5890137,31.6578648],[-7.5933567,31.655063],[-7.5899235,31.6370152],[-7.570221,31.631063],[-7.579744,31.6264406]]]},"properties":{"shapeName":"Province d'El Kelâat Es-Sraghna إقليم قلعة السراغنة","shapeISO":"","shapeID":"96644757B21870556317795","shapeGroup":"MAR","shapeType":"ADM2"}},
{"type":"Feature","geometry":{"type":"Polygon","coordinates":[[[-3.7880351,32.2610871],[-3.8134143,32.2566468],[-3.8179,32.26418],[-3.80774,32.28171],[-3.81043,32.31591],[-3.821,32.34537],[-3.85485,32.40252],[-3.91602,32.45019],[-3.9326102,32.4790269],[-3.9395281,32.5074489],[-3.92072,32.53419],[-3.963927,32.5551637],[-4.00295,32.57946],[-4.0181592,32.608444],[-4.05787,32.60056],[-4.1035802,32.6230398],[-4.17408,32.60105],[-4.21682,32.61378],[-4.24227,32.65712],[-4.2850262,32.7147526],[-4.3242036,32.7504163],[-4.3713375,32.7868739],[-4.4053291,32.810641],[-4.4640905,32.842349],[-4.4872261,32.8675522],[-4.4774999,32.8827171],[-4.5237428,32.8954797],[-4.5580922,32.8962724],[-4.6230017,32.8796808],[-4.6564671,32.8805457],[-4.7138341,32.892371],[-4.7697871,32.9122497],[-4.7729543,32.927099],[-4.7550157,32.9599481],[-4.7664312,33.0003833],[-4.7745851,33.018021],[-4.8083165,33.0476133],[-4.8214486,33.0726609],[-4.82774,33.0979459],[-4.8456443,33.075919],[-4.8633412,33.0743338],[-4.8927682,33.0791957],[-4.980307,33.0805046],[-4.9964474,33.0831583],[-5.0171927,33.0736254],[-5.0363587,33.0576965],[-5.0437401,33.0462722],[-5.0552414,33.0407826],[-5.0717209,33.0237323],[-5.05685,32.98089],[-5.09285,32.95953],[-5.12747,32.94548],[-5.13289,32.91759],[-5.1418608,32.9088613],[-5.1687067,32.9046727],[-5.1902245,32.9155209],[-5.2298353,32.8836175],[-5.2545485,32.8693676],[-5.2492847,32.8565071],[-5.2624467,32.8541902],[-5.2876895,32.8397181],[-5.2970365,32.8210169],[-5.3116277,32.8070948],[-5.308718,32.8014893],[-5.299105,32.7952125],[-5.3112871,32.7869136],[-5.3167802,32.7776048],[-5.3179819,32.7641848],[-5.3130037,32.7449119],[-5.3136903,32.7316999],[-5.3146345,32.7192803],[-5.3212434,32.711918],[-5.3214151,32.6989865],[-5.3174669,32.6927024],[-5.3131754,32.6669114],[-5.3238184,32.6301264],[-5.3222734,32.6174759],[-5.3463918,32.6023651],[-5.3408987,32.5935433],[-5.3390962,32.5737272],[-5.3481943,32.5550643],[-5.3549697,32.5154873],[-5.3891355,32.5209835],[-5.3979809,32.5247565],[-5.4048404,32.5152967],[-5.3938541,32.498616],[-5.3961715,32.482544],[-5.4028663,32.4705967],[-5.4104194,32.4656725],[-5.4634627,32.4545921],[-5.5358974,32.4539856],[-5.5279152,32.4364242],[-5.5363266,32.4205077],[-5.5247201,32.3908715],[-5.5267672,32.3675346],[-5.5339426,32.3619124],[-5.4739684,32.3463998],[-5.4829696,32.3297166],[-5.5088371,32.3023995],[-5.5076741,32.2944879],[-5.4997992,32.2736045],[-5.4833669,32.2597025],[-5.4554866,32.2432937],[-5.4472468,32.2250706],[-5.4469893,32.217174],[-5.4578759,32.214038],[-5.5088422,32.2259902],[-5.5371964,32.2382239],[-5.563173,32.2399336],[-5.5872056,32.2213939],[-5.6779536,32.2138207],[-5.6884687,32.1985835],[-5.7184056,32.1767633],[-5.7470731,32.1445891],[-5.802674,32.1275041],[-5.8436927,32.1323428],[-5.8579578,32.1179794],[-5.8682746,32.0980516],[-5.8667211,32.0865917],[-5.8753041,32.0628384],[-5.8881787,31.983417],[-5.8258742,31.9637366],[-5.8026742,31.9388952],[-5.7985801,31.9280492],[-5.8239602,31.8937325],[-5.825385,31.8683693],[-5.6861161,31.9779349],[-5.6473121,32.0178821],[-5.6355533,32.0248391],[-5.6250819,32.0111721],[-5.5986389,31.9628192],[-5.564916,31.9353336],[-5.5329613,31.9181272],[-5.50783,31.890774],[-5.5047598,31.8769411],[-5.4900763,31.8932973],[-5.4636405,31.8992727],[-5.4361747,31.8966494],[-5.4226649,31.8863632],[-5.4142535,31.8742645],[-5.3958857,31.8918289],[-5.3808997,31.9123881],[-5.3743422,31.9308813],[-5.3526614,31.9667969],[-5.352889,31.9730966],[-5.3424477,31.9661466],[-5.3229641,31.9675301],[-5.3028797,32.0406066],[-5.2940392,32.053629],[-5.2345585,32.0853407],[-5.1950764,32.0897039],[-5.1702628,32.0997601],[-5.1427111,32.1140827],[-5.1368832,32.1252557],[-5.1254677,32.1341233],[-5.0696778,32.160939],[-5.0294146,32.1707694],[-5.032762,32.1533311],[-5.0214409,32.1344867],[-4.9556002,32.1608881],[-4.9260632,32.1663885],[-4.9066424,32.1750595],[-4.8731126,32.2001019],[-4.859218,32.1952977],[-4.827628,32.1690806],[-4.8032564,32.1130399],[-4.7810256,32.0919746],[-4.7378184,32.0594432],[-4.6724498,32.0523216],[-4.61048,32.0681136],[-4.5604407,32.0720303],[-4.541043,32.0709393],[-4.5147788,32.0770486],[-4.4164169,32.1235459],[-4.3800933,32.1582307],[-4.3696413,32.164425],[-4.3520031,32.1688933],[-4.3293438,32.1693293],[-4.3069849,32.1748871],[-4.2358548,32.1968827],[-4.1910617,32.2171989],[-4.1771176,32.1896887],[-4.1391847,32.1326685],[-4.1271684,32.1209658],[-4.082794,32.1091889],[-4.0573838,32.1085164],[-4.0303514,32.1251092],[-4.0342138,32.1296158],[-4.0329263,32.1377562],[-3.9679482,32.1664417],[-3.9344785,32.1772124],[-3.8745687,32.1756868],[-3.8361166,32.1692208],[-3.8121698,32.1777935],[-3.7958577,32.1888897],[-3.7880351,32.2610871]]]},"properties":{"shapeName":"Province de Midelt إقليم ميدلت","shapeISO":"","shapeID":"96644757B71822601453569","shapeGroup":"MAR","shapeType":"ADM2"}},
{"type":"Feature","geometry":{"type":"Polygon","coordinates":[[[-4.8169914,34.024139],[-4.8125282,34.0133256],[-4.8100584,34.0112481],[-4.8016277,34.01329],[-4.8025719,34.0089856],[-4.7910276,33.9987394],[-4.7902193,33.9931627],[-4.7980657,33.9875313],[-4.7982374,33.980699],[-4.8011986,33.9815887],[-4.8034302,33.9766776],[-4.8079792,33.9761082],[-4.8134294,33.9626547],[-4.8222271,33.9516198],[-4.8381465,33.9514419],[-4.8814052,33.9440014],[-4.8870271,33.9316822],[-4.9014467,33.9311481],[-4.9125617,33.9244181],[-4.9265092,33.9099592],[-4.9226468,33.9032631],[-4.9249643,33.8894418],[-4.93447,33.8762098],[-4.9299425,33.8731242],[-4.9517005,33.8632181],[-4.941594,33.8525837],[-4.9473661,33.8460756],[-4.9643176,33.847929],[-4.9635452,33.8706299],[-4.9559492,33.9022301],[-4.9817246,33.9019881],[-5.0240558,33.9148028],[-5.0323385,33.9196462],[-5.0550836,33.9150165],[-5.0725501,33.9189696],[-5.0845879,33.9128298],[-5.125615,33.9183143],[-5.1312455,33.9229082],[-5.1361893,33.9054287],[-5.1350573,33.8848644],[-5.0923427,33.8778096],[-5.0944284,33.845434],[-5.0897807,33.8340275],[-5.0631007,33.8285448],[-5.0598949,33.8232863],[-5.079275,33.808753],[-5.0938839,33.8086105],[-5.1573732,33.7612683],[-5.1601146,33.7581853],[-5.1586684,33.732271],[-5.1482485,33.7183114],[-5.11042,33.70946],[-5.0863,33.68754],[-5.06068,33.67614],[-5.0470851,33.658511],[-4.9914064,33.6582599],[-4.9699917,33.6551736],[-4.9097171,33.6101125],[-4.8908257,33.5877143],[-4.8601973,33.5127737],[-4.8166035,33.5158058],[-4.77849,33.52876],[-4.7527069,33.5537815],[-4.7274512,33.5444107],[-4.7025,33.54678],[-4.6770943,33.625509],[-4.662928,33.6195626],[-4.6386679,33.597174],[-4.6115454,33.6001409],[-4.563727,33.6440568],[-4.5385038,33.6473749],[-4.515606,33.6423348],[-4.5252618,33.6037248],[-4.5165414,33.5801916],[-4.4900025,33.5631928],[-4.4870457,33.5577391],[-4.4420832,33.5418662],[-4.4193896,33.5296752],[-4.4001932,33.5427757],[-4.387452,33.5413955],[-4.3765257,33.5442821],[-4.3013364,33.5216941],[-4.2837985,33.5313456],[-4.2775442,33.5699088],[-4.2773055,33.6025059],[-4.2877854,33.6311393],[-4.2323645,33.6083105],[-4.1231348,33.6637856],[-4.0877794,33.6636077],[-4.0801405,33.6750012],[-4.1034006,33.6823937],[-4.1207384,33.6879894],[-4.1521009,33.7274205],[-4.1551754,33.7628335],[-4.1704017,33.7822791],[-4.1929151,33.835417],[-4.2189632,33.8557774],[-4.2178044,33.8726489],[-4.1732176,33.9030426],[-4.1764748,33.9128996],[-4.1926582,33.9198175],[-4.2520525,33.9053817],[-4.3168546,33.8644325],[-4.3599714,33.8848677],[-4.3630656,33.8909346],[-4.387699,33.8939377],[-4.3881281,33.8845399],[-4.4116801,33.8860184],[-4.4185122,33.8980877],[-4.439,33.9029249],[-4.4447412,33.9085381],[-4.4656838,33.8966876],[-4.4789104,33.8935742],[-4.5288767,33.9250657],[-4.5830745,33.9462763],[-4.5566702,33.9901009],[-4.5669527,34.0171536],[-4.5649271,34.031989],[-4.5584497,34.0391405],[-4.5635437,34.0424477],[-4.5766543,34.0435002],[-4.6038884,34.0391867],[-4.63562,34.0436105],[-4.664133,34.0430593],[-4.6976928,34.0527916],[-4.7557705,34.0829166],[-4.7814146,34.0693343],[-4.7835174,34.0628285],[-4.8015848,34.0533],[-4.8038164,34.0449084],[-4.7980421,34.03956],[-4.8113266,34.0351645],[-4.8169914,34.024139]]]},"properties":{"shapeName":"Province de Sefrou إقليم صفرو","shapeISO":"","shapeID":"96644757B1478822582790","shapeGroup":"MAR","shapeType":"ADM2"}},
{"type":"Feature","geometry":{"type":"Polygon","coordinates":[[[-12.000541,25.9963352],[-12.000556,26],[-11.5985429,25.9983993],[-11.1657421,25.9992807],[-10.333889,25.999444],[-9.4,25.999444],[-8.666944,26.000278],[-8.666667,26.599722],[-8.667599,27.1361285],[-8.7542229,27.1471458],[-8.8091546,27.1604344],[-8.8745576,27.1831892],[-8.9719926,27.2782892],[-9.0610323,27.3139046],[-9.172124,27.4094762],[-9.2887078,27.4721138],[-9.4068108,27.423739],[-9.4490395,27.415023],[-9.5441399,27.4022907],[-9.6072856,27.4456706],[-9.7194062,27.5068641],[-9.7631798,27.5364967],[-9.7981988,27.568967],[-9.8141633,27.5911663],[-9.8162232,27.6129353],[-9.8617135,27.6618882],[-9.8802529,27.6720745],[-9.8993073,27.6734807],[-9.9157868,27.6482189],[-9.9375878,27.6400758],[-9.9659205,27.6347227],[-9.9853183,27.6382053],[-10.0173846,27.6543011],[-10.032714,27.6708811],[-10.0404387,27.6876713],[-10.0583173,27.7097706],[-10.092023,27.7104773],[-10.1115409,27.700553],[-10.1370583,27.7140258],[-10.2123318,27.7990607],[-10.2322274,27.8029783],[-10.2483636,27.8095036],[-10.2758294,27.8139371],[-10.3053551,27.8125023],[-10.4164201,27.8047587],[-10.4777032,27.7939774],[-10.6083375,27.7810688],[-10.6337434,27.7809169],[-10.7187157,27.7678549],[-10.7533948,27.782675],[-10.7863538,27.786411],[-10.8706309,27.773942],[-10.9015351,27.7575257],[-10.927044,27.7609739],[-11.0417138,27.7535304],[-11.1897546,27.7383836],[-11.2282067,27.7584371],[-11.3609009,27.7961034],[-11.4051896,27.8043032],[-11.4854144,27.807053],[-11.5070438,27.8037277],[-11.5379171,27.8044793],[-11.5908746,27.7977601],[-11.763008,27.7029938],[-11.7866222,27.6835176],[-11.8062345,27.6624165],[-11.8704702,27.5852897],[-11.8941509,27.5691305],[-12.0331966,27.4524685],[-12.0692455,27.3980881],[-12.0973979,27.327959],[-12.114916,27.2931448],[-12.1275588,27.2315278],[-12.1223845,27.2043541],[-12.1369757,27.1507532],[-12.1562018,27.1124074],[-12.1900191,27.0633484],[-12.2094082,27.0169289],[-12.2236647,26.9917847],[-12.2583403,26.9070115],[-12.2996154,26.8616998],[-12.3565306,26.8007257],[-12.4190153,26.7498447],[-12.4979787,26.6135119],[-12.5339403,26.5746726],[-12.5477161,26.5384271],[-12.5473986,26.4997429],[-12.570249,26.4271733],[-12.5272102,26.2370069],[-12.5163697,26.1359011],[-12.5726747,26.0516191],[-12.5477414,26.0479416],[-12.5167398,26.0617025],[-12.4815321,26.0397799],[-12.4702024,26.0161795],[-12.4445929,25.993943],[-12.000541,25.9963352]]]},"properties":{"shapeName":"Province d'Es-Semara إقليم السمارة","shapeISO":"","shapeID":"96644757B70524131405695","shapeGroup":"MAR","shapeType":"ADM2"}},
{"type":"Feature","geometry":{"type":"Polygon","coordinates":[[[-2.9378452,34.6637159],[-2.94182,34.65935],[-2.9872614,34.6499733],[-2.9759274,34.6384952],[-2.9538089,34.6260867],[-2.9352846,34.6060839],[-2.9638179,34.5904465],[-3.012826,34.6142698],[-3.0588055,34.6203374],[-3.0606252,34.5952306],[-3.0340284,34.5618565],[-3.0479995,34.5595354],[-3.069749,34.5233051],[-3.0619255,34.501101],[-3.1007596,34.4948443],[-3.1044632,34.461675],[-3.1202689,34.4597642],[-3.1712201,34.4321914],[-3.2148736,34.4034304],[-3.2027221,34.3869691],[-3.2218259,34.3715318],[-3.1955264,34.3283074],[-3.115352,34.2745201],[-3.1121204,34.2602557],[-3.11183,34.2287],[-3.10468,34.19804],[-3.09671,34.18159],[-3.0561,34.12273],[-3.08309,34.07022],[-3.1016,34.05821],[-3.1533,34.03992],[-3.18969,34.01632],[-3.21808,33.99647],[-3.23407,33.96916],[-3.23174,33.94148],[-3.16284,33.88225],[-3.14776,33.85443],[-3.1099,33.79797],[-3.0942785,33.7616582],[-3.045076,33.7654364],[-3.0323774,33.7314658],[-3.0584218,33.7063472],[-3.0910188,33.6901991],[-3.1233942,33.6601708],[-3.1204431,33.6334507],[-3.1525266,33.6030595],[-3.1750142,33.5911703],[-3.1904638,33.570362],[-3.2136694,33.5652193],[-3.2269344,33.5536489],[-3.2279261,33.5346599],[-3.2450923,33.5276411],[-3.2572802,33.5166646],[-3.04644,33.348],[-3.00575,33.37593],[-2.93993,33.46113],[-2.88912,33.49687],[-2.8550898,33.5390645],[-2.8398334,33.5985801],[-2.8189036,33.6257783],[-2.7985875,33.6619268],[-2.7746836,33.6815274],[-2.6579968,33.6957464],[-2.6587092,33.7273756],[-2.666597,33.7705523],[-2.6659563,33.8306809],[-2.6435888,33.8570572],[-2.63813,33.964994],[-2.5012816,33.9995941],[-2.4540264,34.0275456],[-2.444718,34.0748293],[-2.4866903,34.1264437],[-2.5012816,34.1742473],[-2.5117014,34.1957785],[-2.5268711,34.2133124],[-2.5308901,34.2330579],[-2.5157011,34.2647372],[-2.4765738,34.2754219],[-2.4681112,34.2894384],[-2.4147588,34.2912574],[-2.3411215,34.2893478],[-2.3299635,34.3214655],[-2.3010386,34.3301841],[-2.2875632,34.3138803],[-2.271427,34.3231668],[-2.2803534,34.3386892],[-2.2753752,34.339894],[-2.2770403,34.3526675],[-2.3064459,34.3835391],[-2.3158358,34.404521],[-2.3349417,34.4005375],[-2.3353708,34.4093187],[-2.3440741,34.4313561],[-2.3483313,34.4318339],[-2.351507,34.4384174],[-2.3356627,34.4592441],[-2.3390616,34.4629806],[-2.3395765,34.4716137],[-2.3359717,34.5065615],[-2.3273886,34.5218378],[-2.3071669,34.5416503],[-2.3270453,34.5709008],[-2.3277319,34.5911078],[-2.3531378,34.5881402],[-2.3755739,34.6087175],[-2.3975466,34.5968486],[-2.415365,34.6089117],[-2.4598597,34.5957888],[-2.4626578,34.604885],[-2.4787939,34.6082053],[-2.4619711,34.6405537],[-2.442745,34.6888408],[-2.471898,34.7397143],[-2.4931277,34.7316686],[-2.5079426,34.7399753],[-2.5284776,34.7459561],[-2.5512742,34.7440378],[-2.56923,34.7378241],[-2.5749807,34.7285485],[-2.5998716,34.7208662],[-2.6448297,34.7240196],[-2.6812391,34.7208133],[-2.7231502,34.7266826],[-2.728579,34.7249437],[-2.756233,34.7271011],[-2.7639192,34.7277889],[-2.7752488,34.7347722],[-2.7836602,34.7357597],[-2.7859305,34.7328148],[-2.7963632,34.73844],[-2.8033096,34.7386928],[-2.808431,34.7328632],[-2.816027,34.7309939],[-2.8206758,34.7228322],[-2.8329622,34.7168809],[-2.8398592,34.7078711],[-2.8466896,34.7071441],[-2.8588643,34.6963719],[-2.8678218,34.6948908],[-2.8948107,34.6809881],[-2.9146929,34.6769432],[-2.9378452,34.6637159]]]},"properties":{"shapeName":"Province de Taourirt إقليم تاوريرت","shapeISO":"","shapeID":"96644757B4563753155162","shapeGroup":"MAR","shapeType":"ADM2"}},
{"type":"Feature","geometry":{"type":"Polygon","coordinates":[[[-4.9260632,32.1663885],[-4.9556002,32.1608881],[-5.0214409,32.1344867],[-5.032762,32.1533311],[-5.0294146,32.1707694],[-5.0696778,32.160939],[-5.1254677,32.1341233],[-5.1368832,32.1252557],[-5.1427111,32.1140827],[-5.1702628,32.0997601],[-5.1950764,32.0897039],[-5.2345585,32.0853407],[-5.2940392,32.053629],[-5.3028797,32.0406066],[-5.3229641,31.9675301],[-5.3424477,31.9661466],[-5.352889,31.9730966],[-5.3526614,31.9667969],[-5.3743422,31.9308813],[-5.3808997,31.9123881],[-5.3958857,31.8918289],[-5.4142535,31.8742645],[-5.4226649,31.8863632],[-5.4361747,31.8966494],[-5.4636405,31.8992727],[-5.4900763,31.8932973],[-5.5047598,31.8769411],[-5.50783,31.890774],[-5.5329613,31.9181272],[-5.564916,31.9353336],[-5.5986389,31.9628192],[-5.6250819,32.0111721],[-5.6355533,32.0248391],[-5.6473121,32.0178821],[-5.6861161,31.9779349],[-5.825385,31.8683693],[-5.8172912,31.8575659],[-5.8554,31.8393096],[-5.8943586,31.8320979],[-5.9206151,31.8211164],[-5.96616,31.75111],[-5.98005,31.73997],[-6.0177058,31.7202051],[-6.06029,31.70571],[-6.12259,31.69121],[-6.26135,31.63622],[-6.39646,31.59114],[-6.4234617,31.5788002],[-6.4471512,31.5513354],[-6.4175317,31.5150909],[-6.4261405,31.4826962],[-6.4188234,31.4694211],[-6.4026229,31.4488734],[-6.3691232,31.4222642],[-6.3118999,31.3499707],[-6.2700008,31.3075789],[-6.2846057,31.2956398],[-6.292073,31.2774675],[-6.2858073,31.2461942],[-6.2884681,31.2336123],[-6.2840049,31.217131],[-6.2731902,31.2128735],[-6.2682979,31.082932],[-6.2560241,31.0205774],[-6.2525316,30.957518],[-6.2321587,30.9617191],[-6.0805302,31.0438958],[-6.0476571,31.069998],[-6.0036817,31.0971146],[-5.9880605,31.0932192],[-5.9696069,31.0835903],[-5.9618822,31.0916022],[-5.9540158,31.1074843],[-5.9460035,31.1137233],[-5.9212284,31.1229156],[-5.8998266,31.1412755],[-5.8714166,31.1511189],[-5.8515083,31.1483639],[-5.8407751,31.1288596],[-5.8158842,31.1029206],[-5.7901349,31.0792533],[-5.7618108,31.0594035],[-5.7028451,31.0313899],[-5.6548658,31.0177827],[-5.6220785,31.0130014],[-5.5571905,31.0253589],[-5.5110135,31.016238],[-5.4131709,31.0227845],[-5.363904,31.0211663],[-5.3494975,31.0245641],[-5.3060746,30.9911963],[-5.2881102,30.9864062],[-5.3032937,30.97489],[-5.3210606,30.9469656],[-5.32071,30.9135662],[-5.3689897,30.9067029],[-5.3741224,30.8945215],[-5.3494718,30.8878042],[-5.3715046,30.8139707],[-5.3551979,30.7841746],[-5.3302887,30.8023158],[-5.27546,30.759296],[-5.3134358,30.747059],[-5.3305805,30.7371628],[-5.3319152,30.7118664],[-5.2946003,30.688951],[-5.1887207,30.6511493],[-5.1875191,30.6338103],[-5.192154,30.612834],[-5.2173882,30.5849151],[-5.2433091,30.5450952],[-5.2369607,30.4803456],[-5.2159991,30.4639265],[-5.1813424,30.4817436],[-5.1209648,30.5349343],[-5.0960739,30.5518622],[-5.0392969,30.6092549],[-4.9881847,30.6545494],[-4.9464281,30.6811785],[-4.9187906,30.7040588],[-4.8603056,30.735787],[-4.8314579,30.755763],[-4.7919758,30.803112],[-4.7597034,30.8298844],[-4.7013557,30.8683566],[-4.7003258,30.9088238],[-4.7109258,31.04489],[-4.7096384,31.0611622],[-4.6755464,31.0961532],[-4.6411112,31.1386544],[-4.5947368,31.1729559],[-4.5792361,31.1901943],[-4.5682498,31.1970959],[-4.5569202,31.2123658],[-4.5553752,31.2597711],[-4.5316859,31.3103095],[-4.5308276,31.3219684],[-4.6020671,31.3234348],[-4.6196624,31.3080363],[-4.6600887,31.3171291],[-4.6758815,31.3100895],[-4.7516185,31.3286368],[-4.8068591,31.3314264],[-4.8820468,31.3195488],[-4.9131175,31.3174224],[-4.9513122,31.3095762],[-4.9932874,31.2949046],[-5.0604928,31.2649026],[-5.1273549,31.2466327],[-5.1387704,31.2464126],[-5.2064683,31.261292],[-5.2367649,31.2636827],[-5.2302273,31.2778912],[-5.227309,31.305766],[-5.2073963,31.3354361],[-5.1829603,31.3831642],[-5.1752656,31.4443683],[-5.1960538,31.4321827],[-5.1888445,31.4532703],[-5.2120746,31.4735433],[-5.2756151,31.4734116],[-5.3104188,31.4820521],[-5.3158175,31.4947033],[-5.3301427,31.5104408],[-5.3822677,31.5324161],[-5.4175484,31.5539292],[-5.4514043,31.5637076],[-5.4613789,31.6152072],[-5.5221098,31.6284172],[-5.4805148,31.6809086],[-5.4634345,31.6953696],[-5.4360375,31.7070512],[-5.3879122,31.7340721],[-5.366609,31.7470941],[-5.3552107,31.759724],[-5.3195309,31.7721806],[-5.2882799,31.7875976],[-5.2333569,31.8310477],[-5.2172207,31.8392146],[-5.2082085,31.8476725],[-5.1964497,31.8678661],[-5.1901755,31.8715326],[-5.1465735,31.8513725],[-5.1313514,31.8509825],[-5.1039199,31.8606931],[-5.0991864,31.8686971],[-5.1011648,31.8755269],[-5.1158547,31.8906789],[-5.1152453,31.8939072],[-5.1030659,31.8981118],[-5.0677895,31.9320627],[-5.0533699,31.9539856],[-5.0551638,31.9685713],[-5.0595412,31.9741778],[-5.0740551,31.9854407],[-5.1159405,31.9933028],[-5.1184296,31.9951954],[-5.1134428,32.0046797],[-5.0850415,32.0110627],[-5.0692486,32.0249626],[-5.0626396,32.0261269],[-5.0590262,32.0238201],[-5.0710511,32.0144105],[-5.0662445,32.0115722],[-5.0248741,32.0257631],[-5.0251316,32.0314388],[-5.0365385,32.0471035],[-5.0363755,32.0548657],[-5.0016999,32.0686134],[-4.9888253,32.0780684],[-4.9528536,32.1186626],[-4.9268555,32.1593404],[-4.9260632,32.1663885]]]},"properties":{"shapeName":"Province de Tinghir إقليم تنغير","shapeISO":"","shapeID":"96644757B39685617616684","shapeGroup":"MAR","shapeType":"ADM2"}},
{"type":"Feature","geometry":{"type":"Polygon","coordinates":[[[-4.8601973,33.5127737],[-4.8908257,33.5877143],[-4.9097171,33.6101125],[-4.9699917,33.6551736],[-4.9914064,33.6582599],[-5.0470851,33.658511],[-5.06068,33.67614],[-5.0863,33.68754],[-5.11042,33.70946],[-5.1482485,33.7183114],[-5.1586684,33.732271],[-5.1601146,33.7581853],[-5.1573732,33.7612683],[-5.1707929,33.7798511],[-5.1910189,33.790951],[-5.1974433,33.7987543],[-5.1971429,33.8193184],[-5.19077,33.8349583],[-5.1987179,33.8354859],[-5.2007778,33.8468744],[-5.2131803,33.8422336],[-5.2156094,33.8225557],[-5.2240808,33.8002913],[-5.2396162,33.7770402],[-5.2464397,33.7551172],[-5.2674253,33.7420178],[-5.255452,33.7106547],[-5.2401741,33.7069776],[-5.2218063,33.6850939],[-5.2180727,33.6684551],[-5.2206047,33.6374224],[-5.1736682,33.5927381],[-5.1474812,33.5433272],[-5.1607378,33.532181],[-5.1590383,33.520765],[-5.2104767,33.5482274],[-5.3588064,33.5829803],[-5.3818949,33.5936159],[-5.4052408,33.5980878],[-5.4381483,33.618507],[-5.4463022,33.6185785],[-5.4584473,33.6130158],[-5.4655369,33.5968814],[-5.4641636,33.5904593],[-5.4547222,33.5801826],[-5.459403,33.558425],[-5.4890974,33.5211104],[-5.51572,33.51981],[-5.53714,33.50757],[-5.5715335,33.5116592],[-5.5813182,33.4931921],[-5.5884894,33.466303],[-5.6157835,33.4513193],[-5.6264609,33.4324149],[-5.666458,33.3939847],[-5.6592997,33.3920677],[-5.6543558,33.3943322],[-5.6567248,33.3912795],[-5.6347521,33.3866213],[-5.6288641,33.3861626],[-5.6251734,33.3898892],[-5.6215685,33.3837975],[-5.616762,33.3822925],[-5.6134661,33.3865496],[-5.6069773,33.3822208],[-5.5965918,33.3887426],[-5.5918711,33.3825075],[-5.583288,33.3825792],[-5.5806788,33.3872662],[-5.57017,33.37526],[-5.5725687,33.369214],[-5.5524423,33.3630227],[-5.5515316,33.3575221],[-5.5388056,33.3494535],[-5.5430849,33.3436107],[-5.5247353,33.3391674],[-5.5182036,33.32873],[-5.5199818,33.3240455],[-5.5165976,33.3193218],[-5.506389,33.324947],[-5.5071516,33.3101392],[-5.5010546,33.3091175],[-5.5001696,33.3033514],[-5.5124434,33.2563989],[-5.4893034,33.2349646],[-5.4860075,33.194034],[-5.447727,33.1646922],[-5.4182013,33.1564471],[-5.3674238,33.15298],[-5.2970856,33.1756987],[-5.2885154,33.1742691],[-5.2819837,33.1686581],[-5.279662,33.1615523],[-5.2836745,33.1296085],[-5.2988794,33.0975272],[-5.3297012,33.0832351],[-5.3193029,33.0350096],[-5.290644,33.0298539],[-5.2881445,33.003882],[-5.3064521,32.9922736],[-5.3059819,32.9854906],[-5.273259,32.9666113],[-5.2412251,32.9239398],[-5.2486942,32.9046392],[-5.2742913,32.8609964],[-5.2545485,32.8693676],[-5.2298353,32.8836175],[-5.1902245,32.9155209],[-5.1687067,32.9046727],[-5.1418608,32.9088613],[-5.13289,32.91759],[-5.12747,32.94548],[-5.09285,32.95953],[-5.05685,32.98089],[-5.0717209,33.0237323],[-5.0552414,33.0407826],[-5.0437401,33.0462722],[-5.0363587,33.0576965],[-5.0171927,33.0736254],[-4.9964474,33.0831583],[-4.980307,33.0805046],[-4.8927682,33.0791957],[-4.8633412,33.0743338],[-4.8456443,33.075919],[-4.82774,33.0979459],[-4.82628,33.10649],[-4.84764,33.13758],[-4.86137,33.16702],[-4.87158,33.20187],[-4.90079,33.27321],[-4.961396,33.35655],[-5.0044573,33.3925101],[-5.0238293,33.4271624],[-5.0214217,33.4328678],[-5.0023137,33.4512861],[-4.9619153,33.4725033],[-4.9014476,33.4940241],[-4.8816207,33.5102475],[-4.8601973,33.5127737]]]},"properties":{"shapeName":"Province d'Ifrane ⵜⴰⵙⴳⴰ ⵏ ⵉⴼⵔⴰⵏ إقليم إفران","shapeISO":"","shapeID":"96644757B64717664824106","shapeGroup":"MAR","shapeType":"ADM2"}},
{"type":"Feature","geometry":{"type":"Polygon","coordinates":[[[-5.0803356,35.4352093],[-5.1064776,35.4772141],[-5.1107787,35.4767712],[-5.1255451,35.4891433],[-5.1531636,35.5045778],[-5.1731594,35.5313801],[-5.1852502,35.5362477],[-5.1932167,35.5352758],[-5.2001563,35.5414008],[-5.2134809,35.538019],[-5.2259297,35.5503306],[-5.233004,35.5468051],[-5.2396805,35.5495072],[-5.2663568,35.6070511],[-5.2965091,35.605495],[-5.3051566,35.5963353],[-5.3177951,35.6065243],[-5.3347633,35.6054548],[-5.3193245,35.6549597],[-5.3181385,35.6661275],[-5.3213684,35.6723759],[-5.3655385,35.6789091],[-5.3700017,35.6689385],[-5.3863095,35.6715533],[-5.4015444,35.6652777],[-5.4326516,35.6646867],[-5.4323415,35.6609644],[-5.4423531,35.6696052],[-5.450507,35.6960627],[-5.4553586,35.6966604],[-5.461238,35.6962073],[-5.4638536,35.6887773],[-5.4743464,35.6813701],[-5.4952248,35.6764374],[-5.503207,35.659249],[-5.4965337,35.6494677],[-5.5002909,35.62298],[-5.5028658,35.6269567],[-5.5095606,35.6273753],[-5.5190878,35.6332354],[-5.5339424,35.6347077],[-5.5502674,35.6456242],[-5.5696737,35.6444314],[-5.5681202,35.6271594],[-5.5753815,35.622485],[-5.5873463,35.6210756],[-5.6596356,35.5893827],[-5.7146375,35.6142413],[-5.7033855,35.5351313],[-5.7160648,35.5242486],[-5.7579504,35.5241646],[-5.7703979,35.5134304],[-5.7834265,35.5127708],[-5.7810661,35.5084425],[-5.80449,35.49353],[-5.8212562,35.4774379],[-5.8402419,35.4686236],[-5.8423405,35.4540649],[-5.8207398,35.466849],[-5.8161049,35.4605818],[-5.8068352,35.4270423],[-5.7956772,35.4169564],[-5.7819443,35.4109441],[-5.7828606,35.4025844],[-5.7734235,35.4008913],[-5.728386,35.3801797],[-5.7163697,35.3795813],[-5.7008815,35.3734998],[-5.6504152,35.3840007],[-5.6218245,35.3607792],[-5.6103146,35.3712746],[-5.6014311,35.3854144],[-5.587136,35.3916315],[-5.5845868,35.3980195],[-5.5781023,35.396001],[-5.555649,35.4010874],[-5.5292131,35.3912921],[-5.512047,35.389193],[-5.5102387,35.3925267],[-5.4819693,35.3861459],[-5.4799695,35.3711733],[-5.4589699,35.3645347],[-5.4659876,35.3555488],[-5.4854476,35.3645365],[-5.4808278,35.3400262],[-5.46825,35.32339],[-5.459016,35.2980833],[-5.4663696,35.2848618],[-5.4875163,35.2642951],[-5.4905028,35.2500981],[-5.4697832,35.2587787],[-5.4424311,35.2374577],[-5.4387082,35.2063835],[-5.420186,35.2110172],[-5.39949,35.21051],[-5.3788499,35.215209],[-5.3586668,35.2246487],[-5.3565211,35.2220316],[-5.349955,35.2230799],[-5.3465647,35.2346833],[-5.3250641,35.2326852],[-5.3256649,35.2387844],[-5.3166527,35.2369967],[-5.3008142,35.2244829],[-5.26908,35.22169],[-5.25264,35.22485],[-5.22688,35.25201],[-5.2047843,35.2621687],[-5.2158907,35.2831346],[-5.2144514,35.2982103],[-5.2020574,35.2980141],[-5.2056353,35.3065136],[-5.2019445,35.3095254],[-5.2041732,35.3117535],[-5.1901956,35.3276544],[-5.1926375,35.3345246],[-5.1909445,35.3431305],[-5.1862249,35.3449963],[-5.1871562,35.3517827],[-5.1827423,35.3536693],[-5.1797404,35.3519332],[-5.1760368,35.3559286],[-5.1792683,35.3591197],[-5.1736271,35.37328],[-5.1692948,35.3752396],[-5.16048,35.3724997],[-5.1469059,35.378325],[-5.1596828,35.3853491],[-5.159611,35.3909391],[-5.1527992,35.3928502],[-5.146393,35.3906216],[-5.1385309,35.3952378],[-5.1304682,35.4074881],[-5.1229741,35.4091181],[-5.12543,35.4179057],[-5.1173994,35.4198756],[-5.1155133,35.4235783],[-5.104763,35.4236132],[-5.1019692,35.4330759],[-5.0908928,35.432283],[-5.0942648,35.4278892],[-5.0888843,35.4232565],[-5.0798345,35.4278795],[-5.0803356,35.4352093]]]},"properties":{"shapeName":"Tetouan Province","shapeISO":"","shapeID":"96644757B84561517472973","shapeGroup":"MAR","shapeType":"ADM2"}},
{"type":"Feature","geometry":{"type":"Polygon","coordinates":[[[-6.4485081,29.5656416],[-6.4091461,29.5630809],[-6.399953592957635,29.560701323795847],[-6.3903063,29.5498285],[-6.3864899,29.5527025],[-6.38671,29.5617595],[-6.3738697,29.5681574],[-6.345473,29.566635],[-6.317152,29.569982],[-6.303351,29.566899],[-6.289677,29.570458],[-6.247456,29.565404],[-6.213434,29.575885],[-6.185604,29.576848],[-6.165324,29.582295],[-6.137993,29.57641],[-6.125154,29.57093],[-6.103861,29.570347],[-6.069839,29.562125],[-6.048926,29.56565],[-6.0289998,29.5641445],[-6.00522,29.577822],[-5.957303,29.590021],[-5.9290341,29.5942034],[-5.8788389,29.5944443],[-5.8680082,29.5982375],[-5.8619945,29.6047091],[-5.799863,29.614681],[-5.745759,29.600687],[-5.733134,29.594984],[-5.723236,29.586196],[-5.724356,29.573966],[-5.744158,29.548108],[-5.750733,29.530241],[-5.749243,29.518265],[-5.742935,29.515772],[-5.714535,29.519831],[-5.6966879,29.530544],[-5.688768,29.539539],[-5.6858283,29.5411868],[-5.678133,29.530886],[-5.6769101,29.5247312],[-5.668735,29.522092],[-5.662429,29.511527],[-5.650809,29.504543],[-5.629668,29.501465],[-5.619366,29.492889],[-5.605985,29.488856],[-5.577996,29.489568],[-5.571877,29.486532],[-5.570349,29.480305],[-5.565482,29.476586],[-5.55833,29.478686],[-5.553592,29.483029],[-5.553345,29.489355],[-5.54208,29.512175],[-5.444968,29.633543],[-5.3745958,29.7121149],[-5.3613561,29.732072],[-5.3231336,29.7774154],[-5.3170334,29.7946817],[-5.3227986,29.8187995],[-5.2973581,29.8506787],[-5.2888626,29.8811419],[-5.2821493,29.8853601],[-5.270706,29.9048714],[-5.2493604,29.9155086],[-5.24824,29.921786],[-5.231275,29.939373],[-5.138751,30.001193],[-5.1305522,30.0018816],[-5.1384399,30.1400248],[-5.1380751,30.1860567],[-5.1340153,30.2093687],[-5.0990908,30.2789233],[-5.0771053,30.311876],[-5.0364216,30.3633301],[-5.0714405,30.3938002],[-5.1173942,30.4271287],[-5.1457355,30.4196054],[-5.1667,30.4253],[-5.2159991,30.4639265],[-5.2369607,30.4803456],[-5.2433091,30.5450952],[-5.2173882,30.5849151],[-5.192154,30.612834],[-5.1875191,30.6338103],[-5.1887207,30.6511493],[-5.2946003,30.688951],[-5.3319152,30.7118664],[-5.3305805,30.7371628],[-5.3134358,30.747059],[-5.27546,30.759296],[-5.3302887,30.8023158],[-5.3551979,30.7841746],[-5.3715046,30.8139707],[-5.3494718,30.8878042],[-5.3741224,30.8945215],[-5.3689897,30.9067029],[-5.32071,30.9135662],[-5.3210606,30.9469656],[-5.3032937,30.97489],[-5.2881102,30.9864062],[-5.3060746,30.9911963],[-5.3494975,31.0245641],[-5.363904,31.0211663],[-5.4131709,31.0227845],[-5.5110135,31.016238],[-5.5571905,31.0253589],[-5.6220785,31.0130014],[-5.6548658,31.0177827],[-5.7028451,31.0313899],[-5.7618108,31.0594035],[-5.7901349,31.0792533],[-5.8158842,31.1029206],[-5.8407751,31.1288596],[-5.8515083,31.1483639],[-5.8714166,31.1511189],[-5.8998266,31.1412755],[-5.9212284,31.1229156],[-5.9460035,31.1137233],[-5.9540158,31.1074843],[-5.9618822,31.0916022],[-5.9696069,31.0835903],[-5.9880605,31.0932192],[-6.0036817,31.0971146],[-6.0476571,31.069998],[-6.0805302,31.0438958],[-6.2321587,30.9617191],[-6.2525316,30.957518],[-6.3174744,30.9437588],[-6.4090901,30.9126148],[-6.5008088,30.8870588],[-6.5880127,30.8539068],[-6.6271515,30.8161733],[-6.633503,30.8514015],[-6.654274,30.8692318],[-6.6825982,30.8870588],[-6.7208786,30.8889739],[-6.7426835,30.8872424],[-6.7853718,30.85177],[-6.818039,30.8139619],[-6.8846436,30.7700181],[-6.9211683,30.7318875],[-6.9676885,30.7006784],[-6.9781599,30.6852416],[-6.9761858,30.6692007],[-6.9338069,30.6210658],[-6.9382486,30.6105066],[-6.9794044,30.5683693],[-6.9062396,30.5329986],[-6.8918887,30.4957108],[-6.8917733,30.4801201],[-6.8753796,30.4511161],[-6.8612405,30.4573817],[-6.8325108,30.4603338],[-6.8109293,30.4232877],[-6.7347031,30.4366312],[-6.6893716,30.4474905],[-6.6711884,30.4610193],[-6.6573353,30.4616186],[-6.6390877,30.4390511],[-6.6441002,30.4272732],[-6.6382294,30.4155049],[-6.614193,30.4135901],[-6.5486,30.34186],[-6.5122207,30.3159094],[-6.5107445,30.2906549],[-6.5570072,30.2593669],[-6.5896915,30.2292851],[-6.5027794,30.148641],[-6.4883077,30.1283446],[-6.5078342,30.0750961],[-6.479127,30.0260088],[-6.3979709,30.0465703],[-6.3878547,30.0397705],[-6.3652898,30.0393841],[-6.3536511,30.0307573],[-6.3570844,30.0118217],[-6.4004858,29.9994848],[-6.431762,29.9729767],[-6.429921,29.9586555],[-6.4223679,29.9451206],[-6.4194496,29.9218393],[-6.4209946,29.9024216],[-6.4064033,29.8482404],[-6.4039143,29.7906034],[-6.3902672,29.7451554],[-6.4127076,29.7239257],[-6.4249428,29.6991724],[-6.4218057,29.6806548],[-6.4060128,29.6629877],[-6.4054592,29.6468504],[-6.4205182,29.6282896],[-6.4485081,29.5656416]]]},"properties":{"shapeName":"Zagora Province","shapeISO":"","shapeID":"96644757B83322507681707","shapeGroup":"MAR","shapeType":"ADM2"}},
{"type":"Feature","geometry":{"type":"Polygon","coordinates":[[[-12.5726747,26.0516191],[-12.5163697,26.1359011],[-12.5272102,26.2370069],[-12.570249,26.4271733],[-12.5473986,26.4997429],[-12.5477161,26.5384271],[-12.5339403,26.5746726],[-12.4979787,26.6135119],[-12.4190153,26.7498447],[-12.3565306,26.8007257],[-12.2996154,26.8616998],[-12.5010686,27.0423894],[-12.5350576,27.0648625],[-12.5896459,27.0954309],[-12.6749616,27.1389766],[-12.7072339,27.1699829],[-12.7187352,27.2156367],[-12.7149587,27.3006342],[-12.6493841,27.4086412],[-12.6856027,27.3868612],[-12.8560624,27.326257],[-12.9911599,27.2997942],[-13.0135618,27.2988027],[-13.0453191,27.3153523],[-13.1208501,27.3659775],[-13.1397329,27.3876995],[-13.1654821,27.4110936],[-13.2222162,27.4529163],[-13.2389531,27.4692906],[-13.245522600000044,27.47232320000002],[-13.257394727158296,27.444657182552824],[-13.257638478280782,27.444098898349957],[-13.259362676441473,27.439369171619425],[-13.259400935223402,27.43923337009803],[-13.26081,27.434106],[-13.276318,27.391599],[-13.27725,27.387237],[-13.277874,27.384158],[-13.284419,27.370863],[-13.285311,27.369073],[-13.286137982820385,27.367449443979886],[-13.286239326643585,27.36725152520261],[-13.286803,27.365747],[-13.287403,27.364211],[-13.296393,27.350945],[-13.30113554507399,27.343645176859233],[-13.301203432267101,27.343208059948033],[-13.30107557505306,27.339810973427976],[-13.301062,27.337626],[-13.302,27.332749],[-13.305165030739932,27.32254975669639],[-13.305197198075387,27.322499209004363],[-13.31579807939932,27.304551429762416],[-13.315890421688543,27.304363831513605],[-13.32614991883747,27.286302261955072],[-13.326204804471882,27.286224331296594],[-13.328184267414684,27.28332995904823],[-13.328324164409828,27.28314196875779],[-13.33682766460045,27.2723127097938],[-13.337412957691992,27.271694722840927],[-13.343326525975225,27.265822481461548],[-13.343889810856567,27.265340864552222],[-13.344750093766873,27.264154359956883],[-13.344838713303826,27.264018116222815],[-13.345573525613581,27.262698746460572],[-13.345999708010691,27.26202115964596],[-13.347919178254681,27.259395232810384],[-13.348477990521666,27.25883267959474],[-13.349160923939092,27.2579983745511],[-13.34965929934051,27.25728299303942],[-13.350528603545206,27.25525516547586],[-13.350602452729785,27.255065479276002],[-13.351024554956954,27.254187849715876],[-13.351285692265709,27.253851968427583],[-13.351967791903725,27.253142376139188],[-13.353021,27.252072],[-13.353433288301652,27.25160963619612],[-13.354191671892192,27.25049950473914],[-13.354131062803036,27.249725611823877],[-13.354495606869783,27.249002132605305],[-13.354723319007398,27.24863716900195],[-13.355577207531883,27.247350906161373],[-13.35591434364748,27.246922215189752],[-13.3575641386604,27.24544383678429],[-13.357583219047893,27.24542613571346],[-13.358940656463284,27.24416682712216],[-13.359077912513246,27.24402992026789],[-13.362686362219396,27.239340140880657],[-13.363736,27.237792],[-13.374667802276203,27.214862285204845],[-13.374796165338871,27.21451090131486],[-13.387487862805898,27.195840301566477],[-13.388473702168428,27.19480879780841],[-13.399591,27.175695],[-13.406943094406039,27.164964547455632],[-13.407637500000043,27.1642722],[-13.415644300000036,27.119957200000023],[-13.4186737,27.1085718],[-13.424182480157862,27.097101378057996],[-13.424527327293152,27.096911210486567],[-13.432851600000024,27.0963269],[-13.4326956,27.0959429],[-13.43167170000001,27.09601629999996],[-13.433056488619188,27.089043111607126],[-13.432863876985142,27.08909879734687],[-13.43280114039663,27.0891886546541],[-13.432847473376457,27.089341905149297],[-13.431660362215698,27.09056066275346],[-13.4304508,27.0954029],[-13.4261002,27.0956823],[-13.4261744,27.089756],[-13.4283855,27.0896218],[-13.4260761,27.0892732],[-13.424450700000019,27.096016599999984],[-13.423905119790932,27.095945107865077],[-13.423159196583315,27.095558809191253],[-13.422834887438137,27.095221128057624],[-13.42278852237144,27.095154686966882],[-13.4178171,27.0873137],[-13.418649071626014,27.081523502122952],[-13.418682977600778,27.081522105302618],[-13.420576,27.07558849999996],[-13.4307684,27.0584691],[-13.431389800000044,27.057922699999963],[-13.434497300000032,27.0589376],[-13.4377942,27.0599284],[-13.4383602,27.059516],[-13.437758600000045,27.059086],[-13.4357953,27.0588075],[-13.4305784,27.0570662],[-13.431845,27.0503543],[-13.455516,26.999072],[-13.456315100000023,26.9974254],[-13.457270547457036,26.996042252510204],[-13.4630367,26.9842347],[-13.463805,26.980897],[-13.464998,26.977566],[-13.465586,26.976543],[-13.467652,26.972449],[-13.46852262939627,26.970704507663566],[-13.468573925264272,26.970590448240817],[-13.470300627573156,26.966655107355383],[-13.47055725389776,26.96593666780707],[-13.471967809955228,26.96313809566744],[-13.473262,26.960934],[-13.479201496268022,26.937888642180845],[-13.479559,26.9373759],[-13.480038267653445,26.936719404628008],[-13.48054418657915,26.935752540030673],[-13.4860673,26.9235971],[-13.487013,26.9211807],[-13.4873311,26.9206005],[-13.488411,26.9176584],[-13.488793,26.915822],[-13.487796686219617,26.91148514748523],[-13.488004,26.910411],[-13.4878954,26.9080461],[-13.4911125,26.8976053],[-13.49184420000002,26.8950707],[-13.493696,26.891364799999963],[-13.494603,26.888871],[-13.495194,26.887592],[-13.49640260391542,26.882999448434646],[-13.496408361697672,26.882964342155958],[-13.503185781557754,26.865706647072486],[-13.50327496313734,26.86551349435557],[-13.503773695394123,26.86423152568878],[-13.503983610329875,26.863737837921857],[-13.506184,26.859151],[-13.506416092241942,26.858639013320023],[-13.508692,26.853775],[-13.511934,26.84712],[-13.515120943264254,26.840826148201714],[-13.515312602141734,26.84046743038892],[-13.518267,26.834323],[-13.518471094026836,26.8338106608345],[-13.520616347028259,26.830153409418415],[-13.520620391946089,26.829841141761893],[-13.520683612607272,26.82910548748321],[-13.520817174060943,26.828947451296802],[-13.522163489479162,26.827393435551606],[-13.522359493707032,26.827162343139825],[-13.523709790170956,26.824451445651633],[-13.524046831450516,26.82391772693638],[-13.524735246361548,26.823221044786628],[-13.525157310204179,26.822303954409122],[-13.525499185179264,26.820844718563812],[-13.525739815944444,26.820448710676175],[-13.526628646603207,26.81973597466667],[-13.526726026657983,26.818975910744115],[-13.526944,26.817563],[-13.526855570419128,26.817481469180755],[-13.5268212,26.817168400000014],[-13.527447752264864,26.816209067254167],[-13.528200407244846,26.815736496855514],[-13.5283069568579,26.80762978097878],[-13.528480586564502,26.80715967629908],[-13.52901360630885,26.80598345237308],[-13.529252,26.805367],[-13.529637435862503,26.804150002538634],[-13.52984187135538,26.803829472522878],[-13.530742971155547,26.80243036729786],[-13.530777751287873,26.80222864253034],[-13.530966211948712,26.80113557069747],[-13.531244351794543,26.80056800911788],[-13.533100730438544,26.79761026190018],[-13.533506031453264,26.797115525445637],[-13.5347261,26.795765399999972],[-13.536185200000013,26.793489],[-13.537896,26.790792],[-13.537905783107291,26.790788978998382],[-13.541942657002728,26.7827635],[-13.54201614447021,26.782653806782598],[-13.543389,26.7809173],[-13.543591639380043,26.78058605727746],[-13.543582476827893,26.78053644228997],[-13.544684800000013,26.778817499999953],[-13.545774117092986,26.777898962842063],[-13.54590308271126,26.77778787189673],[-13.546171139109585,26.777512724814848],[-13.546221202658355,26.77744196089209],[-13.547175188457713,26.773212240908],[-13.547259618904146,26.773190095880818],[-13.548973117558933,26.769912991756396],[-13.549071173297662,26.769760544243294],[-13.54918742721491,26.769543432298782],[-13.54927754220695,26.76937513654054],[-13.549707,26.7686747],[-13.550056400000017,26.76818480000003],[-13.551982831386962,26.76619138593963],[-13.55205798672052,26.76595517773652],[-13.551838,26.765207],[-13.5529624621015,26.763961261703447],[-13.553007412441124,26.7639183094672],[-13.553267828526428,26.763482310453917],[-13.553388800864964,26.76332863545097],[-13.55517060000004,26.761390399999986],[-13.556119224630532,26.759967476229974],[-13.556622092828725,26.759877849687964],[-13.556765922398224,26.759786620241833],[-13.55667804497564,26.75936699072954],[-13.55641760000001,26.759051899999942],[-13.556593266098231,26.7585872822963],[-13.556604782035137,26.75857560711096],[-13.557144284440135,26.758187560409866],[-13.55718396854055,26.7576687237306],[-13.557323076160728,26.75758629140581],[-13.557331897963483,26.757507715813823],[-13.557274869255593,26.757398757319063],[-13.557150122924106,26.757160418190807],[-13.55715128885901,26.75707215962777],[-13.557330100000016,26.75662409999997],[-13.5580223,26.75652],[-13.558077991448254,26.756178452092506],[-13.558135200000017,26.75582759999997],[-13.558393,26.754192],[-13.558738500000018,26.753576],[-13.559774738232662,26.7525785472144],[-13.559907241463636,26.752563599770582],[-13.5613145,26.750434499999965],[-13.561215596701505,26.749972494883263],[-13.5609615,26.749868300000013],[-13.56107609144605,26.749487417637564],[-13.56120068815226,26.74931193928691],[-13.561380969410362,26.749180957162967],[-13.561469301032965,26.749147923848305],[-13.561730502355783,26.74837250399448],[-13.561771872109095,26.74829212847376],[-13.562145904882309,26.74822322133713],[-13.56222575237231,26.748208511230654],[-13.562374561373343,26.748145792786794],[-13.562383325079994,26.74807323925781],[-13.5624298,26.7467093],[-13.562455835380343,26.746698910881882],[-13.562969104327287,26.745726736252735],[-13.562978970823387,26.74569950053989],[-13.56329027425027,26.74551454963193],[-13.563299036489857,26.745447470973737],[-13.5633894,26.7447557],[-13.563572464356819,26.74427465301645],[-13.563684613986133,26.744136663882024],[-13.56429,26.743594],[-13.566178900000043,26.741233699999945],[-13.567216714713766,26.74054859292585],[-13.567056,26.740149],[-13.567080450003584,26.74000303840154],[-13.567115176836552,26.73997039943951],[-13.56789394513511,26.739808281937123],[-13.567943363995504,26.73967412268122],[-13.568431700000012,26.738720500000014],[-13.570148655393094,26.73630284305997],[-13.570642813847966,26.736086165518284],[-13.570706145537876,26.736010362260455],[-13.570793865117327,26.735710361298736],[-13.57089136475999,26.73546467442882],[-13.571324264744895,26.734959928937997],[-13.57144353885797,26.734907153919508],[-13.571529021620439,26.734894978459046],[-13.572042809427677,26.734842183170702],[-13.571926100000038,26.7345114],[-13.572077171357595,26.734302257860488],[-13.572113004532351,26.734271573130343],[-13.572171027794795,26.7342702091115],[-13.572375600000015,26.7342654],[-13.572533499028268,26.73389478090129],[-13.572722521344645,26.733451109516416],[-13.573396,26.7326928],[-13.574513405458806,26.73124679034158],[-13.575249151336628,26.730665642790207],[-13.575615225990994,26.730465412330297],[-13.581941131856663,26.72427976600884],[-13.582467545003787,26.723918983466376],[-13.582648140879545,26.72377031128892],[-13.582681417352145,26.723731751917935],[-13.583052913402247,26.723267716377745],[-13.583856818671709,26.722349264105972],[-13.585599606182562,26.721897397728185],[-13.586029393735561,26.720085614812096],[-13.58622,26.719759],[-13.588471435722246,26.7188634610069],[-13.588527272206825,26.718617276817792],[-13.588527410434388,26.71859424307319],[-13.588128419656194,26.7178000908882],[-13.58911804627187,26.717125369376827],[-13.589230748797947,26.71676381032689],[-13.589305160306004,26.716702410294225],[-13.590126242227303,26.716612672931973],[-13.591181700000039,26.71522519999996],[-13.59116516226054,26.714705350929698],[-13.591766035850451,26.71453990281377],[-13.592160059879461,26.71432420366029],[-13.593821571670302,26.713433699795875],[-13.594083080021791,26.71281486726575],[-13.594411525121792,26.711980691652016],[-13.594463936828323,26.711714840166923],[-13.595327419880851,26.71136893234338],[-13.595360518253843,26.711317187571858],[-13.596036535892587,26.70933616576933],[-13.596093,26.709052],[-13.596946360838764,26.708802587761028],[-13.597193425242576,26.708477645670392],[-13.598357923050326,26.70754336171546],[-13.598861218235498,26.707394092021964],[-13.60019419256457,26.706005070079208],[-13.600290769405472,26.705406201897897],[-13.602510078621073,26.7037533304596],[-13.602645522740028,26.703567572229108],[-13.60425117726571,26.70196885361731],[-13.604370301907238,26.701835627477323],[-13.605188426943586,26.70104247041033],[-13.605543856262182,26.700700350837387],[-13.607009980152046,26.699228703059006],[-13.607306062349007,26.698908479684103],[-13.608305775040229,26.698001583774],[-13.608738818351647,26.697688041237445],[-13.610671709869422,26.69581649434416],[-13.610721005659933,26.69573076466085],[-13.611155697823403,26.694792436626336],[-13.611309704324835,26.694390473469756],[-13.613532008122249,26.69254092703033],[-13.61362878868752,26.69248462268868],[-13.615252988850663,26.69127694237783],[-13.615394239210517,26.691107061900233],[-13.61674155217802,26.689972485425596],[-13.616836176489073,26.689852376407487],[-13.616869657439885,26.689737871555664],[-13.61691724263532,26.689575130187205],[-13.61912,26.688051],[-13.619445673042225,26.687797158195693],[-13.621884836998653,26.68578120280519],[-13.62211227589839,26.68548273959733],[-13.622181094568283,26.685231451641712],[-13.622233204737473,26.68511216578906],[-13.62302404846695,26.685006239357016],[-13.623147504452904,26.684923501701853],[-13.623457,26.684621],[-13.623614567817395,26.684427077916318],[-13.623877479824849,26.684163770478154],[-13.624151158850246,26.68394252082116],[-13.624724942050168,26.683531677187762],[-13.625108610671006,26.683101608958083],[-13.625914200000029,26.682621399999974],[-13.6264785,26.6823093],[-13.6218271,26.6755367],[-13.6120596,26.6647951],[-13.5863962,26.6403244],[-13.5394468,26.599426],[-13.4608602,26.5541751],[-13.3471003,26.5178924],[-13.1666326,26.435494],[-13.0668631,26.3983281],[-12.9855728,26.3186369],[-12.8804731,26.2373588],[-12.8176107,26.1999522],[-12.718914,26.1495213],[-12.6857576,26.1378406],[-12.6382074,26.0720725],[-12.5726747,26.0516191]]]},"properties":{"shapeName":"Laayoune Province","shapeISO":"","shapeID":"96644757B90795389022281","shapeGroup":"MAR","shapeType":"ADM2"}},
{"type":"Feature","geometry":{"type":"Polygon","coordinates":[[[-5.7674663,33.850783],[-5.7448028,33.8456014],[-5.7159551,33.8339988],[-5.6960638,33.8075904],[-5.6901243,33.8039619],[-5.6660252,33.8084639],[-5.6682568,33.823047],[-5.6613474,33.848],[-5.652788,33.8476347],[-5.6157714,33.8239739],[-5.6022766,33.8235016],[-5.5950432,33.829072],[-5.5834561,33.8187686],[-5.5731135,33.8142404],[-5.5717638,33.7936911],[-5.5620413,33.7561727],[-5.5477934,33.7566722],[-5.5246192,33.7623451],[-5.5190209,33.765119],[-5.5168944,33.7706219],[-5.4990379,33.7705833],[-5.5005007,33.7606326],[-5.4928854,33.7476357],[-5.4835063,33.7431127],[-5.4787977,33.7440601],[-5.4766827,33.7524618],[-5.4532509,33.7737969],[-5.4503563,33.7798878],[-5.4449254,33.7813949],[-5.4351836,33.7997272],[-5.4290896,33.8069306],[-5.4236823,33.80825],[-5.425478,33.8233229],[-5.4084902,33.8485703],[-5.3978472,33.8545935],[-5.4044562,33.8739434],[-5.418747,33.8919709],[-5.4172879,33.909211],[-5.3966885,33.9196103],[-5.3613692,33.9202513],[-5.3516274,33.9284417],[-5.3309422,33.9368804],[-5.3212691,33.9334532],[-5.3167801,33.9437875],[-5.3205138,33.9536487],[-5.3342038,33.9614086],[-5.3306418,33.9677086],[-5.3130465,33.9654663],[-5.3095704,33.9714101],[-5.3010302,33.9722643],[-5.297597,33.9768553],[-5.2793387,33.9609726],[-5.2394488,33.9814816],[-5.1956748,33.9949681],[-5.2003268,34.0060792],[-5.2331527,34.0296521],[-5.2336377,34.0496058],[-5.2537349,34.0501854],[-5.240517,34.0599098],[-5.2426799,34.078463],[-5.2307323,34.0959034],[-5.2402305,34.0996776],[-5.2486452,34.1079003],[-5.2555803,34.1105617],[-5.2696007,34.1097942],[-5.2793726,34.1053845],[-5.2750896,34.0899612],[-5.2768148,34.0802581],[-5.30837,34.0682323],[-5.3307689,34.0667466],[-5.3390759,34.0804108],[-5.3371018,34.0878038],[-5.3518003,34.0893462],[-5.3551262,34.099887],[-5.3388399,34.1110945],[-5.3422731,34.1196217],[-5.3356225,34.1349077],[-5.3387087,34.1412121],[-5.3367056,34.1435705],[-5.3416993,34.1439834],[-5.3367625,34.1479711],[-5.3443767,34.1507169],[-5.34784,34.1586813],[-5.3525167,34.1611103],[-5.3498093,34.1671837],[-5.353029,34.1709435],[-5.3454668,34.1755859],[-5.3398095,34.1740898],[-5.3385172,34.168529],[-5.3365061,34.1743694],[-5.3387135,34.1769928],[-5.3365254,34.1771716],[-5.3401286,34.1800106],[-5.3359251,34.1808799],[-5.3418439,34.1831037],[-5.3448772,34.190651],[-5.338228,34.1903674],[-5.3457063,34.1957236],[-5.3470367,34.2070107],[-5.3516501,34.2034659],[-5.3523582,34.2093531],[-5.3573149,34.2090159],[-5.3540963,34.2121789],[-5.3559416,34.2137715],[-5.3608983,34.2161137],[-5.3638166,34.2132206],[-5.3708118,34.2136819],[-5.3728717,34.2188276],[-5.3833431,34.2197148],[-5.3865188,34.2224117],[-5.3811115,34.226244],[-5.386905,34.2287278],[-5.3845018,34.2316727],[-5.3929561,34.2281246],[-5.3976768,34.2389815],[-5.3981918,34.2362142],[-5.4034918,34.2344988],[-5.403642,34.2373141],[-5.4093712,34.2374081],[-5.4047364,34.2413106],[-5.4101652,34.2403652],[-5.4103368,34.2434871],[-5.4179328,34.247212],[-5.416345,34.2522847],[-5.4191345,34.2571443],[-5.4225462,34.2567417],[-5.42113,34.2499666],[-5.4227394,34.2480634],[-5.4296409,34.2502551],[-5.4361984,34.2334994],[-5.4509097,34.2347164],[-5.4639989,34.2261901],[-5.473715,34.212063],[-5.4640976,34.1913382],[-5.443112,34.1845365],[-5.4564508,34.1650718],[-5.4641584,34.1651038],[-5.4688748,34.1560804],[-5.4690029,34.1474314],[-5.4908855,34.157205],[-5.5035197,34.1511392],[-5.5314834,34.1598826],[-5.5345733,34.1371594],[-5.5421264,34.1292023],[-5.58198,34.10783],[-5.5944873,34.1074039],[-5.6044694,34.1201452],[-5.6112629,34.1227671],[-5.6268884,34.1218612],[-5.6419088,34.1255772],[-5.6483259,34.1194142],[-5.68403,34.11853],[-5.70455,34.12094],[-5.70658,34.14487],[-5.7013348,34.1739571],[-5.7078268,34.1736846],[-5.730409,34.1625501],[-5.7440432,34.1592369],[-5.7514246,34.1596844],[-5.7509783,34.1670775],[-5.7625826,34.1671414],[-5.7636984,34.1630224],[-5.7679728,34.1628874],[-5.7933786,34.2110289],[-5.7951725,34.1906056],[-5.8294833,34.1885857],[-5.8244236,34.1718071],[-5.8143929,34.1577466],[-5.8560037,34.1426561],[-5.87987,34.12023],[-5.883109,34.1031929],[-5.85425,34.06446],[-5.8319668,34.0498556],[-5.8122987,34.0456633],[-5.798701,34.024232],[-5.8102281,34.0201949],[-5.8134038,34.0135004],[-5.7965174,33.9944055],[-5.77614,33.98107],[-5.76775,33.96477],[-5.7525768,33.946231],[-5.7570486,33.9410473],[-5.7528858,33.9379498],[-5.7629258,33.9278892],[-5.7740001,33.9286921],[-5.7736482,33.9178968],[-5.7778862,33.9165513],[-5.7815468,33.9040405],[-5.7779805,33.8958568],[-5.7991057,33.8931822],[-5.7979706,33.8870583],[-5.8074742,33.8749055],[-5.8023673,33.865748],[-5.7900076,33.8556628],[-5.7858449,33.8581575],[-5.7825639,33.8530533],[-5.7674663,33.850783]]]},"properties":{"shapeName":"Prefecture de Meknès عمالة مكناس","shapeISO":"","shapeID":"96644757B60043813814440","shapeGroup":"MAR","shapeType":"ADM2"}},
{"type":"Feature","geometry":{"type":"Polygon","coordinates":[[[-5.7363525,35.8206106],[-5.7502154,35.8178794],[-5.7495799,35.8017763],[-5.7689132,35.782347],[-5.7847192,35.7764372],[-5.7955981,35.7782166],[-5.799294626961549,35.781656077720534],[-5.796435639453728,35.78345779181518],[-5.802401833597608,35.78089245095242],[-5.803438,35.78072009999998],[-5.7970407,35.7865497],[-5.7949305,35.7834174],[-5.7952256,35.785241],[-5.7978271,35.7883851],[-5.8058721,35.7849318],[-5.8077661,35.7873553],[-5.8023442,35.7871192],[-5.8026751,35.7910587],[-5.7931924,35.791275],[-5.8023127,35.7916662],[-5.8075326,35.7893281],[-5.8115209,35.7912394],[-5.8098364,35.7932615],[-5.8130494,35.7907451],[-5.8255877,35.7952427],[-5.835823,35.7947179],[-5.8479768,35.8011194],[-5.8508961,35.7974039],[-5.8629508,35.7958941],[-5.8896983,35.8012582],[-5.9075583,35.8011198],[-5.9304544,35.7871522],[-5.9306104,35.7795413],[-5.9398728,35.7600233],[-5.9378665,35.7571844],[-5.9686486,35.6713029],[-6.0187319,35.4977225],[-6.0281175,35.4751321],[-6.0340872,35.4736524],[-6.0314458,35.471375],[-6.0376873,35.4692624],[-6.0364283,35.4673599],[-6.039531,35.468957],[-6.0342846,35.4727957],[-6.0398242,35.469227],[-6.050141,35.4553591],[-6.0595774,35.4376088],[-6.0635464,35.4203839],[-6.075383,35.4008834],[-6.081541,35.3961466],[-6.0891755,35.3649489],[-6.1069403,35.3161633],[-6.0527203,35.3187071],[-5.9953643,35.3344468],[-5.989566,35.3225098],[-5.9727947,35.3220231],[-5.9603621,35.2991479],[-5.93303,35.30553],[-5.9167859,35.3329191],[-5.9226911,35.3447098],[-5.9183738,35.3626516],[-5.9251587,35.3806454],[-5.958152,35.39379],[-5.957006,35.4118823],[-5.9471869,35.4162857],[-5.9489939,35.4234162],[-5.9421424,35.4265129],[-5.9404258,35.4237502],[-5.9339027,35.4271073],[-5.9294824,35.4194836],[-5.920041,35.4279816],[-5.9154062,35.4289257],[-5.9064648,35.4249549],[-5.8944635,35.4365136],[-5.8937318,35.4451584],[-5.8819322,35.4422338],[-5.8714029,35.4435065],[-5.8635065,35.4456671],[-5.8575563,35.451481],[-5.8423405,35.4540649],[-5.8402419,35.4686236],[-5.8212562,35.4774379],[-5.80449,35.49353],[-5.7810661,35.5084425],[-5.7834265,35.5127708],[-5.7703979,35.5134304],[-5.7579504,35.5241646],[-5.7160648,35.5242486],[-5.7033855,35.5351313],[-5.7146375,35.6142413],[-5.7207915,35.6393814],[-5.7158091,35.6489895],[-5.7282145,35.6780548],[-5.7226334,35.6872801],[-5.7288153,35.7007336],[-5.7544358,35.7001759],[-5.7679949,35.7187492],[-5.7664102,35.7341347],[-5.7462302,35.7554827],[-5.74902,35.7648118],[-5.7433641,35.7902214],[-5.7374508,35.8011489],[-5.7416897,35.8074137],[-5.7347596,35.8162108],[-5.7363525,35.8206106]]]},"properties":{"shapeName":"Prefecture of Tangier - Assilah","shapeISO":"","shapeID":"96644757B99361415702964","shapeGroup":"MAR","shapeType":"ADM2"}},
{"type":"Feature","geometry":{"type":"Polygon","coordinates":[[[-2.8033096,34.7386928],[-2.7963632,34.73844],[-2.7859305,34.7328148],[-2.7836602,34.7357597],[-2.7752488,34.7347722],[-2.7639192,34.7277889],[-2.756233,34.7271011],[-2.728579,34.7249437],[-2.7231502,34.7266826],[-2.6812391,34.7208133],[-2.6448297,34.7240196],[-2.5998716,34.7208662],[-2.5749807,34.7285485],[-2.56923,34.7378241],[-2.5512742,34.7440378],[-2.5284776,34.7459561],[-2.5079426,34.7399753],[-2.4931277,34.7316686],[-2.471898,34.7397143],[-2.442745,34.6888408],[-2.4619711,34.6405537],[-2.4787939,34.6082053],[-2.4626578,34.604885],[-2.4598597,34.5957888],[-2.415365,34.6089117],[-2.3975466,34.5968486],[-2.3755739,34.6087175],[-2.3531378,34.5881402],[-2.3277319,34.5911078],[-2.3257578,34.5976788],[-2.2609556,34.5995157],[-2.2360132,34.607022],[-2.237438,34.6117374],[-2.230457,34.6128465],[-2.2570074,34.6421778],[-2.281555,34.7042282],[-2.2752894,34.7591034],[-2.2545183,34.7874455],[-2.2696245,34.8085899],[-2.2924555,34.8128181],[-2.2736329,34.8262548],[-2.2358072,34.8840278],[-2.1500109,34.8365028],[-2.1211031,34.8534933],[-2.1170433,34.8874038],[-2.1111317,34.8954595],[-2.0740078,34.9026785],[-2.0760248,34.9069195],[-2.0565048,34.9072961],[-2.0698515,34.9185222],[-2.0563729,34.9360524],[-2.0844357,34.9504727],[-2.0982171,34.9648053],[-2.1043825,34.9667168],[-2.1104423,34.9760365],[-2.1134947,34.9753948],[-2.1220402,34.9827615],[-2.1220134,34.9900704],[-2.1274494,34.9961646],[-2.1338312,34.9959284],[-2.1370231,35.0005309],[-2.1442638,34.9988911],[-2.1570955,35.0057811],[-2.1597991,35.0045859],[-2.1597991,35.0082768],[-2.1657072,35.0053984],[-2.172095,35.0154527],[-2.1790796,35.0148206],[-2.1828736,35.0236976],[-2.18787,35.0241668],[-2.1839916,35.0312298],[-2.1907494,35.0306826],[-2.1949412,35.0367381],[-2.2029952,35.0374402],[-2.2026892,35.0404536],[-2.2082778,35.0410204],[-2.2096728,35.0443],[-2.2135292,35.0443128],[-2.2130872,35.0471104],[-2.2183682,35.0479882],[-2.210827,35.0584999],[-2.2145923,35.0692111],[-2.2117611,35.0852573],[-2.2659625,35.0991901],[-2.2925504,35.1103752],[-2.2926414,35.1134659],[-2.2953826,35.1162316],[-2.2927611,35.1131351],[-2.2925337,35.1092811],[-2.2948045,35.1079954],[-2.2976517,35.1110439],[-2.2935289,35.1122634],[-2.2993142,35.1149959],[-2.297714,35.1175098],[-2.2933307,35.1172053],[-2.2977993,35.1177981],[-2.302859,35.1138817],[-2.3436423,35.1240717],[-2.3476594,35.111716],[-2.3647762,35.1093467],[-2.3681647,35.1065919],[-2.3691852,35.0965628],[-2.3751888,35.0945784],[-2.3892479,35.0972084],[-2.3925188,35.0888341],[-2.4054329,35.0863527],[-2.4110449,35.0818866],[-2.4085378,35.0789962],[-2.3971062,35.0794038],[-2.393297,35.0742019],[-2.397923,35.0724287],[-2.3983835,35.0658332],[-2.4051064,35.0559407],[-2.4230751,35.0535742],[-2.4333375,35.0464724],[-2.4268895,35.0391244],[-2.4275716,35.0336342],[-2.4328631,35.0320221],[-2.4275845,35.024695],[-2.4418625,35.0170817],[-2.4442872,35.0101575],[-2.4519604,35.0093182],[-2.4574321,35.0041159],[-2.4537174,34.9982136],[-2.4489538,34.9970886],[-2.4511071,34.9914517],[-2.4458854,34.9870072],[-2.4556593,34.9783574],[-2.4553696,34.9715618],[-2.4670641,34.9651612],[-2.4705906,34.9583175],[-2.4832002,34.9581095],[-2.4868588,34.9552253],[-2.485625,34.9504328],[-2.4977056,34.9501778],[-2.5020937,34.9451739],[-2.5098904,34.9482313],[-2.511063,34.9416033],[-2.5200109,34.9433007],[-2.5316485,34.9407735],[-2.5369088,34.9480409],[-2.5489755,34.9500868],[-2.5530664,34.9415417],[-2.5588782,34.9384164],[-2.5590499,34.9306236],[-2.5682338,34.9291634],[-2.5783833,34.9235337],[-2.5885467,34.9292716],[-2.5986608,34.9272282],[-2.6007422,34.9188185],[-2.6195721,34.9206185],[-2.6261075,34.91323],[-2.6315339,34.9133816],[-2.6473394,34.8973984],[-2.6446882,34.8903486],[-2.648975,34.8855845],[-2.649922,34.8777855],[-2.6536461,34.8754084],[-2.6574218,34.8772919],[-2.6555714,34.8876307],[-2.6679766,34.8857795],[-2.672509,34.8825714],[-2.6670346,34.8748502],[-2.6663623,34.8609129],[-2.669928,34.8611167],[-2.6723613,34.8653387],[-2.6907744,34.8624526],[-2.6944131,34.8540448],[-2.7021297,34.862708],[-2.7039321,34.8539395],[-2.7118285,34.8520025],[-2.7099327,34.8450142],[-2.7155836,34.8365934],[-2.723995,34.8401509],[-2.7334579,34.8354838],[-2.7370198,34.8303761],[-2.7424057,34.8299357],[-2.7414541,34.8238615],[-2.7686914,34.8023483],[-2.767361,34.7970094],[-2.7777036,34.7835109],[-2.7774461,34.7713322],[-2.7839048,34.7627831],[-2.7964715,34.7619749],[-2.7908711,34.7511153],[-2.7988104,34.7462492],[-2.8033096,34.7386928]]]},"properties":{"shapeName":"Province de Berkane إقليم بركان","shapeISO":"","shapeID":"96644757B69343874835814","shapeGroup":"MAR","shapeType":"ADM2"}},
{"type":"Feature","geometry":{"type":"Polygon","coordinates":[[[-3.1962672,35.2268111],[-3.2086876,35.2232112],[-3.2112043,35.2275758],[-3.2174668,35.2270505],[-3.2262166,35.2216466],[-3.2384362,35.2221284],[-3.2390342,35.2190892],[-3.2478144,35.2188123],[-3.2590759,35.2128345],[-3.298507,35.2063189],[-3.3350554,35.1855359],[-3.4258699,35.1924462],[-3.446254,35.198926],[-3.4506768,35.2061052],[-3.4747397,35.1981751],[-3.4885225,35.1994053],[-3.5378001,35.2182133],[-3.5591084,35.2218093],[-3.5673795,35.2199708],[-3.5866658,35.2257929],[-3.6635486,35.2679896],[-3.6758407,35.2788324],[-3.6782611,35.2857391],[-3.6851951,35.2837108],[-3.7060359,35.2882963],[-3.7146763,35.2834706],[-3.7203399,35.2860068],[-3.7303385,35.2826061],[-3.7431061,35.2736627],[-3.7502387,35.2740896],[-3.758163,35.2647029],[-3.7647838,35.2324977],[-3.7709936,35.2225728],[-3.7897974,35.2091222],[-3.8238873,35.1993642],[-3.813722,35.1841537],[-3.8026885,35.1745],[-3.8054704,35.1654551],[-3.8125669,35.1598778],[-3.80607,35.15109],[-3.81397,35.11749],[-3.81495,35.09827],[-3.8094716,35.0789737],[-3.8118661,35.076401],[-3.8094271,35.0585944],[-3.8167744,35.042978],[-3.8174971,35.024375],[-3.8160065,35.0118596],[-3.8096228,35.0047688],[-3.8112489,34.99674],[-3.8061693,34.9849045],[-3.8130017,34.9598493],[-3.8259128,34.9342828],[-3.8194776,34.9296139],[-3.8292409,34.9191881],[-3.82012,34.88753],[-3.7923,34.8818],[-3.77013,34.88731],[-3.75977,34.88137],[-3.76358,34.86181],[-3.75221,34.84299],[-3.69529,34.84796],[-3.66847,34.84592],[-3.62683,34.8483],[-3.60463,34.84369],[-3.593,34.83035],[-3.59295,34.78905],[-3.6197489,34.7410211],[-3.6125798,34.722466],[-3.59144,34.70134],[-3.61501,34.68996],[-3.63434,34.67379],[-3.64243,34.65853],[-3.64096,34.63323],[-3.62618,34.61608],[-3.5977,34.60431],[-3.5717588,34.6138774],[-3.5736771,34.5942023],[-3.5317316,34.5445379],[-3.5067,34.53798],[-3.48908,34.54318],[-3.4785,34.56292],[-3.47755,34.59088],[-3.46359,34.61093],[-3.38597,34.64838],[-3.36104,34.66381],[-3.31565,34.70448],[-3.2774048,34.752863],[-3.2608567,34.7572246],[-3.2675772,34.8050701],[-3.228417,34.818248],[-3.264381,34.8683675],[-3.2705771,34.868962],[-3.2668006,34.8714267],[-3.2575045,34.9087543],[-3.2605134,34.9329295],[-3.2565652,34.9514935],[-3.2013117,34.9610852],[-3.2056676,34.9903351],[-3.2265502,34.9954997],[-3.2436047,35.007009],[-3.2531967,35.0317455],[-3.2319166,35.04854],[-3.2247516,35.0487374],[-3.2084809,35.0582593],[-3.2197739,35.078713],[-3.225619,35.0776173],[-3.2278163,35.0978057],[-3.2209841,35.0986414],[-3.2213232,35.1095253],[-3.2148108,35.1210624],[-3.2008247,35.1343317],[-3.2037837,35.1466356],[-3.1942779,35.1657913],[-3.1939775,35.1732706],[-3.1697042,35.1804388],[-3.1695261,35.1882289],[-3.1757928,35.1971396],[-3.1696559,35.202953],[-3.1691731,35.2075721],[-3.1841018,35.2137581],[-3.1962672,35.2268111]]]},"properties":{"shapeName":"Province de Driouch إقليم الدريوش","shapeISO":"","shapeID":"96644757B88930410593624","shapeGroup":"MAR","shapeType":"ADM2"}},
{"type":"Feature","geometry":{"type":"Polygon","coordinates":[[[-4.7557705,34.0829166],[-4.6976928,34.0527916],[-4.664133,34.0430593],[-4.63562,34.0436105],[-4.6038884,34.0391867],[-4.5766543,34.0435002],[-4.5635437,34.0424477],[-4.5584668,34.0481087],[-4.5627584,34.0490332],[-4.5691098,34.0712184],[-4.5806111,34.0700809],[-4.5924129,34.1036803],[-4.5736632,34.1042027],[-4.5704174,34.1121851],[-4.5626229,34.1127118],[-4.5535463,34.1197822],[-4.5315414,34.1186276],[-4.5351678,34.136097],[-4.5321744,34.1389564],[-4.5255412,34.1314878],[-4.5211746,34.14075],[-4.5103599,34.1322516],[-4.5067658,34.1379071],[-4.4961228,34.1384932],[-4.4934191,34.1462464],[-4.4780447,34.152123],[-4.4768109,34.1436523],[-4.4705238,34.1401981],[-4.4692792,34.1492032],[-4.4638826,34.1525394],[-4.4606372,34.152317],[-4.4610609,34.1460937],[-4.4575097,34.1455792],[-4.4514201,34.152123],[-4.4415039,34.1452252],[-4.4395931,34.147052],[-4.4474998,34.1578481],[-4.4475656,34.1601925],[-4.4419981,34.161501],[-4.4334667,34.1567392],[-4.4272032,34.1583213],[-4.4252505,34.1525322],[-4.413489,34.1526707],[-4.4063663,34.1618401],[-4.4011563,34.1630048],[-4.3978797,34.1705238],[-4.4011671,34.1858773],[-4.3913094,34.1863725],[-4.3805183,34.1998171],[-4.3744995,34.1965232],[-4.3672403,34.2076415],[-4.3415426,34.2265864],[-4.3133519,34.2388244],[-4.3128666,34.2429461],[-4.3197288,34.2518431],[-4.3526327,34.2747482],[-4.3787417,34.2817605],[-4.3929896,34.2775762],[-4.3974528,34.289065],[-4.4021734,34.2928942],[-4.4126448,34.2942415],[-4.4310512,34.3021582],[-4.4655637,34.2917809],[-4.4582166,34.3177731],[-4.4597106,34.3301782],[-4.4357939,34.3429993],[-4.4570138,34.4257484],[-4.4482977,34.4394326],[-4.4440491,34.4677743],[-4.4264255,34.4725542],[-4.3868705,34.5097531],[-4.3907542,34.5170619],[-4.3892161,34.5265962],[-4.3757407,34.5306621],[-4.3421938,34.5342717],[-4.3271734,34.5465171],[-4.3255169,34.5667054],[-4.341314,34.609229],[-4.3185759,34.6130492],[-4.3029976,34.6079083],[-4.2840934,34.6071895],[-4.2767055,34.6090209],[-4.2730684,34.6136673],[-4.2673435,34.6132081],[-4.2668071,34.6084151],[-4.2392791,34.6047363],[-4.2294707,34.6066914],[-4.2298298,34.6138357],[-4.2116287,34.6123834],[-4.2077294,34.616702],[-4.2025724,34.6173708],[-4.2011101,34.622871],[-4.1871627,34.6267291],[-4.1363573,34.6087083],[-4.0817089,34.6168354],[-4.0915966,34.6332566],[-4.1088851,34.6508926],[-4.1155005,34.6700002],[-4.1105902,34.6902622],[-4.1447989,34.7285139],[-4.1433998,34.744042],[-4.1548024,34.7579136],[-4.170591,34.7513766],[-4.21177,34.76723],[-4.24805,34.80668],[-4.26098,34.79387],[-4.3044283,34.761814],[-4.2936437,34.7515044],[-4.2973859,34.7392716],[-4.3123719,34.731876],[-4.3150284,34.7227197],[-4.3425543,34.7111811],[-4.35435,34.71251],[-4.3808161,34.7056731],[-4.4161526,34.7107957],[-4.4209519,34.6917453],[-4.4311219,34.6836796],[-4.436938,34.6719217],[-4.4340927,34.6680215],[-4.4927093,34.6922021],[-4.5056826,34.701136],[-4.5187675,34.6973854],[-4.5408002,34.7017217],[-4.572991,34.6827026],[-4.57782,34.69955],[-4.5885478,34.7151171],[-4.6278154,34.7237276],[-4.6590577,34.7230962],[-4.6662888,34.718633],[-4.7238619,34.7190422],[-4.7784229,34.7502693],[-4.7874621,34.7727879],[-4.78757,34.80136],[-4.7921752,34.8235366],[-4.7905702,34.8427522],[-4.8069553,34.8349608],[-4.8630499,34.8251994],[-4.8749246,34.8256133],[-4.884938,34.8332957],[-4.9082153,34.8236257],[-4.9211156,34.8144725],[-4.9508989,34.8077205],[-4.975482,34.7942132],[-4.9777952,34.7902818],[-4.9874318,34.7936264],[-5.0173975,34.7915453],[-5.0147989,34.7977708],[-5.0208071,34.8007979],[-5.080044,34.7824071],[-5.0838506,34.774617],[-5.0901892,34.7798164],[-5.1121275,34.7762844],[-5.1246159,34.7673974],[-5.1449363,34.7652856],[-5.18109,34.73905],[-5.1852313,34.719999],[-5.1818796,34.7090704],[-5.1856047,34.7063257],[-5.1807611,34.6925698],[-5.1852243,34.6860557],[-5.1886688,34.6696653],[-5.1831454,34.6591977],[-5.18064,34.61428],[-5.1821328,34.6068825],[-5.1962091,34.597345],[-5.1826478,34.5938829],[-5.1814462,34.5903501],[-5.1977079,34.5584336],[-5.258608,34.5560382],[-5.2671052,34.5421469],[-5.2643586,34.5365615],[-5.2561876,34.5325136],[-5.2808191,34.5147803],[-5.3151513,34.5158977],[-5.331545,34.5035134],[-5.3425313,34.4884461],[-5.3445913,34.4828216],[-5.3352357,34.4805222],[-5.3455354,34.4685997],[-5.3406431,34.4631509],[-5.3436471,34.45572],[-5.3607274,34.4407502],[-5.3717138,34.437848],[-5.3774644,34.4414581],[-5.3796102,34.440007],[-5.3896524,34.4263795],[-5.3938795,34.4135217],[-5.4171525,34.4018268],[-5.4556211,34.3942123],[-5.4700757,34.3826505],[-5.495649,34.3708557],[-5.5067211,34.3713516],[-5.509987,34.3764877],[-5.51539,34.3780107],[-5.5288655,34.3754605],[-5.5327484,34.3622956],[-5.5271318,34.3651566],[-5.5187354,34.3645951],[-5.520055,34.3597386],[-5.5171411,34.3564877],[-5.4930935,34.3441409],[-5.492424,34.3404486],[-5.5006906,34.3379646],[-5.5044446,34.3331256],[-5.5047697,34.3237942],[-5.5003118,34.3185556],[-5.4876615,34.3133429],[-5.4880498,34.3219255],[-5.4823625,34.3258844],[-5.4718922,34.3136021],[-5.4669827,34.3187701],[-5.4628542,34.319105],[-5.4595337,34.3104092],[-5.4430467,34.3008378],[-5.4473564,34.2978526],[-5.4460636,34.2932711],[-5.4411927,34.2927588],[-5.4387305,34.2797625],[-5.4355612,34.2794061],[-5.4317471,34.272334],[-5.4182094,34.2678388],[-5.4072907,34.2768644],[-5.4090438,34.2677306],[-5.3979772,34.2621792],[-5.3903477,34.2698754],[-5.3804911,34.2745035],[-5.3748467,34.2663909],[-5.3611932,34.2675205],[-5.362766,34.2577304],[-5.355421,34.2536513],[-5.3504643,34.2583033],[-5.3263244,34.261163],[-5.3258159,34.2703533],[-5.3152405,34.2817412],[-5.3165676,34.2741284],[-5.3061757,34.2650893],[-5.2957108,34.2659298],[-5.2916338,34.2685348],[-5.2907852,34.2759034],[-5.2875987,34.276625],[-5.2882997,34.2665545],[-5.2816689,34.2663271],[-5.272603,34.2703054],[-5.2716696,34.2755682],[-5.2552609,34.2751569],[-5.2574389,34.2804761],[-5.2446394,34.2874935],[-5.2427955,34.2784916],[-5.2406997,34.2824069],[-5.2328698,34.278118],[-5.2256708,34.2799744],[-5.2308131,34.2897335],[-5.2266096,34.2936106],[-5.2284689,34.3028868],[-5.216267,34.2994356],[-5.2109959,34.3059312],[-5.1982887,34.3084649],[-5.1883087,34.3186611],[-5.1823864,34.311026],[-5.1783545,34.3146762],[-5.1608182,34.311976],[-5.1544914,34.3023285],[-5.1508844,34.3023507],[-5.1456176,34.3097419],[-5.1333127,34.306618],[-5.1342568,34.2984261],[-5.1248154,34.2986105],[-5.109235,34.289761],[-5.1222427,34.2799655],[-5.1127541,34.2769601],[-5.1043942,34.2667855],[-5.0980577,34.2684116],[-5.0921118,34.2755346],[-5.0978582,34.2853873],[-5.0878632,34.2942674],[-5.0700319,34.296618],[-5.0658712,34.2898514],[-5.0646846,34.2781765],[-5.0487501,34.2863978],[-5.0460207,34.2885714],[-5.0519944,34.302869],[-5.0370385,34.2988267],[-5.0285628,34.2920053],[-5.0099268,34.2944659],[-5.0100273,34.2843086],[-5.004135,34.2841526],[-4.999586,34.2918823],[-4.995951,34.2923219],[-4.9960025,34.286546],[-4.9923461,34.2858457],[-4.9732178,34.2905628],[-4.9597779,34.2906871],[-4.9585793,34.284764],[-4.9399768,34.2775726],[-4.945706,34.2686056],[-4.9527527,34.2667233],[-4.9573897,34.2612498],[-4.951285,34.2537522],[-4.9395906,34.2609022],[-4.9357732,34.2466709],[-4.9284755,34.2466168],[-4.9242548,34.2568879],[-4.9141836,34.2624823],[-4.9103041,34.259761],[-4.8936443,34.2584681],[-4.8879226,34.254185],[-4.8894805,34.2475045],[-4.8949565,34.248097],[-4.9059889,34.2435473],[-4.9049879,34.2301274],[-4.9118758,34.2278547],[-4.909405,34.222408],[-4.8949672,34.2229243],[-4.8883217,34.2182437],[-4.8890685,34.2145512],[-4.9000806,34.2084026],[-4.9004689,34.2061312],[-4.8918966,34.2020034],[-4.8824638,34.2040655],[-4.8823072,34.2108799],[-4.8690635,34.2154721],[-4.8616306,34.2149398],[-4.8563013,34.2222713],[-4.8419397,34.2275389],[-4.8378906,34.2304325],[-4.8372619,34.239141],[-4.8199091,34.2273456],[-4.8231278,34.2224488],[-4.8221407,34.2161322],[-4.835533,34.2051695],[-4.8164657,34.2060213],[-4.8001965,34.1995403],[-4.8021,34.18192],[-4.7847723,34.1709922],[-4.7638683,34.1655382],[-4.7578344,34.1467803],[-4.76063,34.11987],[-4.7483676,34.0926515],[-4.7557705,34.0829166]]]},"properties":{"shapeName":"Province de Taounate إقليم تاونات","shapeISO":"","shapeID":"96644757B36967765471663","shapeGroup":"MAR","shapeType":"ADM2"}},
{"type":"Feature","geometry":{"type":"Polygon","coordinates":[[[-6.5573988,34.0975626],[-6.5585404,34.1058762],[-6.5851339,34.1134091],[-6.575449,34.1243874],[-6.6317196,34.1245917],[-6.6835571,34.1616072],[-6.7013647,34.1443953],[-6.7307041,34.1587657],[-6.7925439,34.0810452],[-6.8045551,34.0699389],[-6.8079993,34.0714296],[-6.8082807,34.065031],[-6.8158536,34.0631219],[-6.8304327,34.0467364],[-6.8335457,34.0419324],[-6.8339129,34.0393754],[-6.8382785,34.0396714],[-6.8338724,34.039098],[-6.833435,34.0411482],[-6.8332858,34.0387761],[-6.8357408,34.0388136],[-6.832243,34.0382996],[-6.8333409,34.0351964],[-6.8355313,34.0367215],[-6.8329544,34.0308783],[-6.8239256,34.0273805],[-6.8151678,34.0272206],[-6.8086616,34.0238529],[-6.8071378,34.0167462],[-6.81183,34.0070125],[-6.8037163,33.9941],[-6.7958257,33.9936379],[-6.7900904,33.9899405],[-6.7847019,33.9965957],[-6.7783256,33.9991374],[-6.7727359,33.9923079],[-6.7679204,33.9914092],[-6.761479,33.9797257],[-6.7631048,33.9737806],[-6.7756828,33.9627512],[-6.782362,33.9473882],[-6.7941945,33.9361762],[-6.7834544,33.9344851],[-6.7799761,33.9375954],[-6.7730096,33.9377795],[-6.7675306,33.9343197],[-6.7560988,33.9424702],[-6.7501153,33.9376049],[-6.7452306,33.9226032],[-6.7482907,33.9104038],[-6.755176,33.9095946],[-6.755326,33.9068557],[-6.7659391,33.9015488],[-6.764064,33.8940782],[-6.7478981,33.8807092],[-6.7386237,33.8865753],[-6.7224875,33.8816232],[-6.7127328,33.873676],[-6.7025533,33.8773121],[-6.6943994,33.8768133],[-6.6869407,33.8676363],[-6.6718903,33.8611347],[-6.6681138,33.8547555],[-6.6540161,33.8574997],[-6.6507545,33.8542744],[-6.6498747,33.8437067],[-6.644476,33.8456118],[-6.6433516,33.8529735],[-6.6376439,33.8538111],[-6.6355839,33.8479838],[-6.6409999,33.8441148],[-6.6401759,33.8416215],[-6.6310349,33.8383956],[-6.6206065,33.8388233],[-6.6151133,33.8303748],[-6.5988055,33.8287706],[-6.593484,33.8252055],[-6.595737,33.8148125],[-6.5916386,33.8099097],[-6.5857378,33.8096957],[-6.5828281,33.8047195],[-6.586293,33.800039],[-6.5847164,33.7959823],[-6.5748879,33.7890642],[-6.568751,33.7903482],[-6.5688368,33.7944854],[-6.5665623,33.7951273],[-6.5653585,33.7913593],[-6.549909,33.7983495],[-6.5495228,33.7916446],[-6.5450596,33.787222],[-6.5386265,33.7867815],[-6.5195721,33.794414],[-6.5191001,33.8016892],[-6.5118431,33.8148241],[-6.5172933,33.8205645],[-6.5139502,33.8342774],[-6.5160059,33.8374625],[-6.5078992,33.842975],[-6.5029639,33.8392323],[-6.4959215,33.8251993],[-6.4829611,33.8263758],[-6.4763564,33.8327089],[-6.4731628,33.8498791],[-6.4761976,33.8620621],[-6.4903768,33.8663882],[-6.5070108,33.8656969],[-6.5203746,33.8747547],[-6.5407594,33.9053846],[-6.5512356,33.90004],[-6.5615953,33.9025939],[-6.529765,33.9340541],[-6.5333141,33.9572803],[-6.5726584,33.9976665],[-6.568609,34.0190045],[-6.6011413,34.0229028],[-6.5518027,34.0651107],[-6.5573988,34.0975626]]]},"properties":{"shapeName":"Prefecture of Salé","shapeISO":"","shapeID":"96644757B6720908192283","shapeGroup":"MAR","shapeType":"ADM2"}},
{"type":"Feature","geometry":{"type":"Polygon","coordinates":[[[-17.0284688,21.3433505],[-17.0287666,21.3422782],[-17.0297139,21.340815],[-17.0304116,21.3386359],[-17.0324959,21.3209535],[-17.030021145945636,21.29858829556348],[-17.029107800000016,21.297553499999978],[-17.0276926,21.2913253],[-17.0357929,21.2740238],[-17.0352779,21.2592629],[-17.0434533,21.2338179],[-17.0484958,21.2052196],[-17.050891,21.176154],[-17.043892,21.1625997],[-17.0510828,21.1441179],[-17.0534329,21.118629],[-17.0648881,21.0788962],[-17.062041,21.0699041],[-17.0648358,21.0508437],[-17.0628103,21.029795],[-17.065682,21.0189845],[-17.0634756,21.0015824],[-17.070716,20.9802037],[-17.0845554,20.9587467],[-17.0876561,20.9400741],[-17.0952649,20.9225281],[-17.0913645,20.911868],[-17.0858638,20.9091565],[-17.0852823,20.9022529],[-17.081892,20.9015889],[-17.0780081,20.8859655],[-17.0871969,20.8647417],[-17.1030142,20.8494023],[-17.1048262,20.8439906],[-17.1024081,20.8347058],[-17.0954478,20.8262302],[-17.0864013,20.8285671],[-17.0820467,20.8251196],[-17.0688578,20.8024115],[-17.0673303,20.7931725],[-17.0617206,20.7898363],[-17.0584831,20.7794464],[-17.0500178,20.7697826],[-17.0675,20.850556],[-17.0683278,20.9154919],[-17.064444,20.935278],[-17.040556,20.993333],[-17.0375,21.010556],[-17.038056,21.043333],[-17.035,21.053611],[-17.010556,21.091667],[-16.9956008,21.1280729],[-16.960556,21.300556],[-16.95003623280133,21.33013014240335],[-16.9479368,21.3341692],[-16.513056,21.339722],[-16.036111,21.339444],[-15.482222,21.337778],[-15.0405656,21.3370952],[-14.687222,21.338611],[-14.028889,21.3425],[-13.56,21.341111],[-12.9996371,21.3367176],[-13.043889,21.985],[-13.0756291,22.4573062],[-13.083986,22.5366741],[-13.1502902,22.7575125],[-13.356679300000014,22.848150899999965],[-13.779653,23.042903900000034],[-14.081674300000042,23.16855560000002],[-14.2046439,23.2093214],[-14.316910400000022,23.23266919999998],[-14.360624,23.236873],[-14.439983,23.2063238],[-14.489078200000023,23.203010500000044],[-14.5470997,23.2067971],[-14.6197125,23.2351931],[-14.6423718,23.2720988],[-14.656017400000039,23.32021950000003],[-14.7201037,23.3679622],[-14.7717738,23.3752029],[-14.874504500000025,23.3686083],[-15.0279011,23.3697271],[-15.1159548,23.221181099999978],[-15.131953700000018,23.115309200000024],[-15.1290011,22.9265026],[-15.1449999,22.8401915],[-15.162166100000025,22.784034200000015],[-15.1755213,22.7161446],[-15.192515800000024,22.6650687],[-15.27134270000003,22.51831569999998],[-15.29607050000001,22.4615903],[-15.31767410000004,22.37205769999997],[-15.2770467,22.290142499999966],[-15.2214456,22.2027804],[-15.2203212,22.1645438],[-15.2718577,22.129195699999983],[-15.3341672,22.1141163],[-15.400085100000034,22.11363919999998],[-15.499768900000017,22.13249930000003],[-15.5813595,22.1552999],[-15.6584355,22.1669054],[-15.720576900000012,22.182484],[-15.7701871,22.1678593],[-15.8028027,22.1169789],[-15.8452031,22.0667164],[-15.910606100000031,21.947351100000013],[-16.0001618,22.0831968],[-16.2173134,22.2649262],[-16.3005692,22.3060973],[-16.3836533,22.3559089],[-16.464176900000034,22.385970400000033],[-16.4668311,22.3826606],[-16.466874746760094,22.382488160161593],[-16.468717192704787,22.377809397762196],[-16.46873552194725,22.377704299749702],[-16.471529800000013,22.372119899999966],[-16.4721899,22.3710618],[-16.4731467,22.3694485],[-16.4739667,22.3684115],[-16.4744167,22.3675997],[-16.4750202,22.3671547],[-16.475123539052866,22.367085187767877],[-16.4750923,22.3670424],[-16.4757457,22.3661759],[-16.4757095,22.3658597],[-16.48358817219715,22.3557167695263],[-16.48753972347718,22.352809860504653],[-16.49024372340648,22.350546995372845],[-16.492574146321655,22.34959894384694],[-16.4946108,22.3475173],[-16.49402306189602,22.346922743599396],[-16.4938385,22.346701],[-16.4937205,22.3463145],[-16.493573,22.34590959999998],[-16.4934925,22.345567799999944],[-16.4929963,22.3447025],[-16.4943616,22.3408691],[-16.4944152,22.3406904],[-16.4946421260681,22.338995450016874],[-16.494640207255387,22.338966799509386],[-16.4946094,22.3387752],[-16.494779700000013,22.336456699999975],[-16.4953996,22.335543],[-16.4957574,22.33361629999997],[-16.4953492,22.3327965],[-16.494831,22.33125850000002],[-16.4949305,22.3306408],[-16.493245800000018,22.327957199999982],[-16.493826,22.326611599999936],[-16.4942949,22.325574],[-16.494684943804945,22.325121715612518],[-16.494714716539267,22.325087191944327],[-16.497733787133857,22.321841836856194],[-16.49795155140243,22.321637588701805],[-16.5009169,22.319045],[-16.51122259491342,22.311790947379183],[-16.513178071661923,22.310580196002118],[-16.5350676,22.2972062],[-16.5491162,22.2902303],[-16.551402071565153,22.28928098823253],[-16.56248441394032,22.285040225469444],[-16.562625414207872,22.284985210817055],[-16.57702312348267,22.279959838850903],[-16.578442993609567,22.279512492085523],[-16.58226325626206,22.278208539012724],[-16.5837081,22.2777966],[-16.6149692,22.2692357],[-16.6367469,22.2684384],[-16.63687910000002,22.2687759],[-16.6370728,22.2696546],[-16.6379043,22.2718111],[-16.6412125,22.27631229999998],[-16.642254,22.277456299999955],[-16.643603690171645,22.278148903283178],[-16.64380301430072,22.278166205523338],[-16.6464222,22.2797596],[-16.64698460000002,22.280422499999975],[-16.6479027,22.283552],[-16.6478161,22.2838277],[-16.6490078,22.286768499999955],[-16.6492224,22.28692229999998],[-16.6512233,22.2893297],[-16.6515345,22.2894836],[-16.6515766,22.289580600000015],[-16.6515658,22.28994789999994],[-16.65170824101237,22.290299561092905],[-16.6517919,22.2905061],[-16.6519789,22.2914469],[-16.6520057,22.2918936],[-16.6541523,22.2936579],[-16.6545117,22.2936529],[-16.659506,22.2940301],[-16.6596776,22.2939755],[-16.6619361,22.2941691],[-16.662333,22.294094699999945],[-16.6630787,22.29422870000002],[-16.6634327,22.2942882],[-16.6651279,22.2938862],[-16.6655785,22.2937423],[-16.6660667,22.2936877],[-16.6665709,22.293504],[-16.6686362,22.2936579],[-16.668861500000016,22.293151599999984],[-16.6716907,22.2939177],[-16.6716044,22.2945587],[-16.6716725,22.2955638],[-16.6718058,22.29584950000001],[-16.6736037,22.296283499999948],[-16.6741562,22.2963282],[-16.6746068,22.2963232],[-16.674966200000014,22.296214],[-16.67518620000001,22.296164399999952],[-16.6809637,22.2953752],[-16.6886455,22.289429],[-16.6888708,22.2894587],[-16.6961128,22.2839739],[-16.6965205,22.2835172],[-16.69742170000001,22.28206279999998],[-16.697414054399147,22.281847499873365],[-16.697770668857036,22.281625744896687],[-16.6982263,22.2815962],[-16.699251,22.2811743],[-16.6997391,22.2806729],[-16.7049104,22.2736786],[-16.705182946706927,22.273397940808405],[-16.705317268092763,22.273332974909433],[-16.7059833,22.2732517],[-16.707388800000018,22.271141900000014],[-16.707024,22.2702335],[-16.7070079,22.2695732],[-16.7071045,22.2693002],[-16.7071635,22.2688732],[-16.707142,22.2686647],[-16.709502400000016,22.265437899999952],[-16.70949160000001,22.265174799999944],[-16.7150277,22.2582293],[-16.7152208,22.2579265],[-16.715295900000022,22.257852],[-16.715462200000015,22.257196700000016],[-16.7165029,22.2554044],[-16.7167121,22.2552654],[-16.7168248,22.2551512],[-16.7169643,22.2548334],[-16.7179084,22.2540788],[-16.7180801,22.2541483],[-16.718477,22.2540142],[-16.7188257,22.2537313],[-16.719053439549157,22.25315316564928],[-16.723205,22.2500076],[-16.728727479869416,22.245394153540833],[-16.728945945319964,22.245225955240873],[-16.729275841993598,22.244928617113317],[-16.73002589590109,22.244350915917515],[-16.731584060847844,22.24286140407743],[-16.732190317230717,22.24202001328075],[-16.732571553219984,22.241731036016144],[-16.732982156496075,22.241374285349004],[-16.733113403772958,22.241193195266764],[-16.73327345541395,22.241018674560987],[-16.733596518684575,22.240775132472535],[-16.733756787397276,22.24080039554559],[-16.735481616301513,22.239717420096984],[-16.73575871075636,22.239614855332036],[-16.736795229800823,22.238492378259945],[-16.737285816834397,22.238162013681585],[-16.737603126915317,22.237959725340865],[-16.738072399554067,22.237711020236596],[-16.738100039752414,22.237677345596232],[-16.738226267084816,22.237523560157765],[-16.738603349873244,22.237241606678793],[-16.738824170295548,22.237078145242585],[-16.74029901078999,22.23612601874241],[-16.740434537710875,22.236048031453382],[-16.74070169199718,22.235849296036974],[-16.740977878769243,22.235542135592357],[-16.74142957692812,22.235173268319986],[-16.74159762115741,22.235068981605803],[-16.74239804806012,22.23468309435448],[-16.742528336464915,22.234605262396155],[-16.74311653961086,22.23425094265519],[-16.743859985571525,22.233952651803058],[-16.744500698755456,22.233683096385782],[-16.744925,22.233421],[-16.745528800698,22.232972224802378],[-16.746200065124967,22.23261188544017],[-16.746787588405105,22.231907063832402],[-16.74712337367672,22.231587105270265],[-16.748187827310133,22.230905343747587],[-16.74875943945348,22.230489616934687],[-16.749856,22.229765],[-16.750010296221763,22.229618051217372],[-16.75026939135812,22.229492545244632],[-16.750388481302586,22.22948198023447],[-16.751132586217317,22.229415967305922],[-16.75140685118574,22.229391636014274],[-16.751619486051812,22.229372772209],[-16.751829224229127,22.229190302990755],[-16.7531201,22.2279975],[-16.755087034168366,22.22667396065743],[-16.75514315799493,22.22660512071346],[-16.75581656188634,22.226132690294556],[-16.756744038672196,22.22556276842631],[-16.757812,22.224789],[-16.76217447354002,22.22404900555899],[-16.762481983540255,22.224039391961],[-16.762226969580908,22.22359514145246],[-16.762348259399573,22.22335927085315],[-16.76253410000001,22.22303510000001],[-16.762768,22.223191],[-16.763376377787115,22.22374947087542],[-16.763428119656044,22.222669749802154],[-16.763738519075677,22.22238414442781],[-16.764141560137027,22.222475656166377],[-16.764122182238523,22.222366704556485],[-16.76392829216708,22.222166887292307],[-16.76323358343202,22.221129036042303],[-16.762934133306118,22.220975358453305],[-16.762909765050523,22.220878797049124],[-16.76397956245596,22.219188306736438],[-16.766774875705128,22.21734542196366],[-16.76710766854603,22.217223095820483],[-16.76763159787638,22.217257104274303],[-16.7686168,22.2172661],[-16.768767161912663,22.21609129414277],[-16.76863149913035,22.21559203867647],[-16.768475,22.215407],[-16.7682112,22.2151435],[-16.76811755240662,22.21492181211302],[-16.768019348624925,22.214511829852125],[-16.767635,22.214516],[-16.767631681374912,22.214231151346716],[-16.76773163759286,22.213975852858404],[-16.76810361817804,22.21388471423944],[-16.769447441563585,22.212142740994945],[-16.769659502746155,22.21184843974109],[-16.7697577979488,22.211816800972773],[-16.769970627035242,22.211958696796753],[-16.770353175864162,22.212213746903927],[-16.77046198723305,22.21220981149979],[-16.770467622650305,22.21219859664625],[-16.769953910191163,22.21136857091155],[-16.7701168069336,22.211297514617172],[-16.770384662726904,22.21135178473966],[-16.770512357595493,22.211377656930342],[-16.770225069861898,22.210648024290872],[-16.770493025566253,22.21048408778763],[-16.77074670099456,22.210134777930413],[-16.771107352189365,22.20931879658895],[-16.771948953094657,22.20947727034932],[-16.77184057847267,22.209069991573905],[-16.772062909037295,22.208091837964684],[-16.772303020817308,22.207742565888278],[-16.772547765467063,22.207384877363193],[-16.772847400535547,22.207370108689762],[-16.77294994399709,22.20691758546527],[-16.772952056984476,22.20689609163189],[-16.773718655838376,22.206348801983424],[-16.77400857058304,22.2061778260114],[-16.775448386669307,22.205596335828993],[-16.77685030733464,22.205331425975917],[-16.777039980745663,22.205642274107774],[-16.777192644035974,22.205850404985497],[-16.777805270576785,22.20565624811224],[-16.778718839133173,22.204769863515207],[-16.779200362857644,22.204544928807564],[-16.779776618569127,22.203910878441913],[-16.780848308190084,22.203347692495147],[-16.78189180000002,22.2026383],[-16.781831594164693,22.201945218677686],[-16.781759526035962,22.201837129308785],[-16.78178170830268,22.20135735957316],[-16.7813938,22.2016313],[-16.7788972,22.2017584],[-16.776551967946514,22.20117094342624],[-16.77646010000002,22.201290599999957],[-16.775568955099516,22.200311762940796],[-16.7753631,22.1996714],[-16.775125,22.198280399999938],[-16.774419500000022,22.19686559999994],[-16.7721054,22.1943609],[-16.7715632,22.1948653],[-16.76992710000002,22.190647299999956],[-16.769911,22.1905341],[-16.7699295,22.1900809],[-16.770013185328175,22.189573030395888],[-16.77015844947879,22.188107199110902],[-16.769209580820682,22.185540890873952],[-16.769264976048458,22.184566284430073],[-16.769373460436938,22.184357426635405],[-16.769455365944825,22.184120743739367],[-16.770129,22.182559799999947],[-16.7763115,22.1753623],[-16.788219964155466,22.16882609660844],[-16.788371154432387,22.168750913952074],[-16.7907342408075,22.16760181351043],[-16.79223102776552,22.16692434315266],[-16.793109259209118,22.166571490080393],[-16.7934362987714,22.166469376160386],[-16.7964538,22.1655272],[-16.798175547406146,22.165091090976098],[-16.7994445,22.1644814],[-16.800583736449433,22.164041244460964],[-16.801267865819653,22.1638975782948],[-16.803170948936348,22.164084978014742],[-16.806653327750105,22.16052414379932],[-16.80679160000002,22.159449699999968],[-16.807990335749803,22.157425804047804],[-16.808146880849144,22.15702984188689],[-16.80975643888246,22.154686969174445],[-16.810321888615015,22.153827514889038],[-16.81041851921933,22.15368399693201],[-16.810640866033253,22.153363061008452],[-16.81198741887055,22.15153610950773],[-16.812086,22.151173599999986],[-16.8120601162647,22.15066133888548],[-16.812057878966005,22.150617060843555],[-16.81195597173712,22.15013766277909],[-16.8119485688464,22.148533295721958],[-16.812173075070085,22.147953850160913],[-16.813085091119113,22.145383416708043],[-16.813280611507942,22.145042605284527],[-16.81334825637841,22.144557542066998],[-16.8134252,22.1440058],[-16.81407520108344,22.142421166337712],[-16.814400389554436,22.141646262673454],[-16.814967457328507,22.140838216049087],[-16.81549223783059,22.139504293262195],[-16.815628593321755,22.138653233850253],[-16.8159444,22.1375115],[-16.8161686,22.1364779],[-16.81614523418606,22.13584529532351],[-16.816120100880877,22.135644898416977],[-16.816430928741966,22.133990439793923],[-16.816998384959554,22.13268051908608],[-16.817357,22.1312966],[-16.817971147520225,22.129998529299137],[-16.81829615339508,22.129385853931268],[-16.819928,22.1265455],[-16.819981506267396,22.126131888060097],[-16.82162333097365,22.123434996291795],[-16.8221059,22.1225849],[-16.8237045,22.1186987],[-16.823770601169503,22.11806755012764],[-16.823750495041928,22.117574567360254],[-16.823710834035417,22.117343445245897],[-16.8234052,22.11685],[-16.82310560478399,22.116477943392777],[-16.823074897578056,22.116231633661766],[-16.823204600000015,22.115483299999973],[-16.8233859,22.1148541],[-16.8255649,22.11053239999996],[-16.8260284,22.1100801],[-16.82653242770853,22.109674247540664],[-16.8267062776078,22.109200055544843],[-16.827092506476983,22.108220059274384],[-16.8301268,22.1037692],[-16.8306557,22.102801],[-16.8316922,22.09811],[-16.831699252938066,22.096700030908337],[-16.837092,22.0869998],[-16.836971940151216,22.08631531800497],[-16.83701696177246,22.085944734168987],[-16.837220700000017,22.085277],[-16.83720436509792,22.085075424324806],[-16.83717268266664,22.084402357433866],[-16.837858,22.082744799999944],[-16.838054574431744,22.081599171832767],[-16.839991063577493,22.076288331150874],[-16.84010960577666,22.076153399817123],[-16.840820458596713,22.074130206753527],[-16.840924710312148,22.073829595777518],[-16.841435291013536,22.07232549727871],[-16.84118660043305,22.071853048594004],[-16.84115954602279,22.071812317983294],[-16.841361919391836,22.07150227254863],[-16.84141791194131,22.071281295847612],[-16.841374206925718,22.070732004690502],[-16.841386971044024,22.069799504882],[-16.841419705020634,22.068884529695932],[-16.841748371359714,22.06824830523632],[-16.841869737416015,22.067957800407665],[-16.843207950594415,22.066216684404132],[-16.843405900000015,22.065577299999962],[-16.843816689634767,22.064313984033102],[-16.843747917999096,22.06401108788489],[-16.844012917911535,22.06310646169721],[-16.844057590261713,22.06301383813309],[-16.84425130440518,22.062585978466277],[-16.8444759,22.06200349999994],[-16.844910912605968,22.06127374534189],[-16.84491349120091,22.061117950233424],[-16.845417737184555,22.06000621881027],[-16.845132214270304,22.059314191865],[-16.84604422642952,22.05762833072027],[-16.8463724,22.0569684],[-16.847349361729087,22.054032171601158],[-16.847297148935557,22.053787588500473],[-16.847601739577346,22.05301231632901],[-16.847687964853826,22.052896579322546],[-16.84791919894493,22.052361570637775],[-16.848071792864445,22.052254463598754],[-16.848376583559684,22.051993772054818],[-16.8486856,22.0512587],[-16.848884,22.05035369999997],[-16.848871292232598,22.04959158679363],[-16.849067499883446,22.046357617442858],[-16.84923107700265,22.045892130980775],[-16.849632056424397,22.04530908804745],[-16.85014860744023,22.044872771726794],[-16.850305945655453,22.044536516293782],[-16.850381424205136,22.04418328554807],[-16.851160638805126,22.043018177609568],[-16.851280356089564,22.042811683484423],[-16.851780262789553,22.04204372392474],[-16.852039522995963,22.04173829002233],[-16.8520934469087,22.041549822399684],[-16.852146938392096,22.04136286614604],[-16.852226325370374,22.041239751038844],[-16.8524814,22.041013],[-16.8532412,22.0399021],[-16.855091592563575,22.036872520343543],[-16.85545453838026,22.036515728034068],[-16.85863771610466,22.032211601450353],[-16.85870862211903,22.032140422895246],[-16.8609329991186,22.028080695123563],[-16.860982393726033,22.027948145558625],[-16.86137109637979,22.026844538673696],[-16.86157677264864,22.026077655556445],[-16.8625492,22.0233241],[-16.871916900000024,21.99661831551303],[-16.871913134083112,21.996498983583002],[-16.87178286250561,21.995827991433703],[-16.871610704293563,21.995290818530723],[-16.87601671097637,21.984311579509182],[-16.87605553688167,21.984258869454965],[-16.87736860277623,21.982603646639916],[-16.8790643,21.979385],[-16.87932971319139,21.97235997986462],[-16.879417051541907,21.972064169660154],[-16.880821633017668,21.96936144590717],[-16.881005449897152,21.96899125740889],[-16.8823792,21.9642807],[-16.888091592693062,21.955454590833302],[-16.88839868705278,21.95501347726443],[-16.890698643849117,21.951786559388193],[-16.891134642420198,21.951179755899798],[-16.897815470228213,21.937012978983734],[-16.897865357239574,21.936994798329945],[-16.897933252299364,21.93700533587394],[-16.898398291266865,21.937077511501958],[-16.898398018395273,21.937056678350842],[-16.898104787382735,21.9368111617811],[-16.89793021745776,21.93591276913492],[-16.89804032931594,21.935640860260786],[-16.898584180313794,21.933975028878574],[-16.89858000163806,21.933742653179756],[-16.898821439493755,21.93319635890869],[-16.898980419403443,21.93314247783105],[-16.898756470844152,21.93175399529428],[-16.898813191639768,21.931329271535983],[-16.899246937038395,21.930456975667493],[-16.899218768828046,21.930073658701566],[-16.898917718529674,21.929770945510924],[-16.89871307149204,21.92976211916491],[-16.898009377152707,21.929884502943132],[-16.897522531125304,21.92989364552076],[-16.895143253671417,21.927802100610403],[-16.8946897,21.9274943],[-16.893803568448025,21.926687331091866],[-16.894043900000018,21.923779899999985],[-16.89397877886238,21.920528159448228],[-16.89404324545312,21.920218404556852],[-16.90038126266048,21.899270613631817],[-16.900488679224214,21.898964116994414],[-16.901590760283316,21.89689163302185],[-16.901780023997155,21.896380408569517],[-16.902840825730408,21.89387304561755],[-16.90288920290037,21.89380104831986],[-16.90444792713942,21.89104763813786],[-16.90495341491417,21.89036716121259],[-16.910461329410964,21.881762070856944],[-16.910707132112996,21.881107950368396],[-16.912075756782592,21.878176411102665],[-16.912437319918645,21.87762838456331],[-16.9136389,21.8759576],[-16.922986222420302,21.864959967112995],[-16.923277912710795,21.864697409220547],[-16.924028612354416,21.864058624432744],[-16.924514900229255,21.863516531029937],[-16.9250042,21.86291760000001],[-16.926873213768072,21.861165088313943],[-16.9278536,21.8603954],[-16.92846837806976,21.85967630586415],[-16.92860642826643,21.859514965374128],[-16.9297387,21.858374],[-16.9303152,21.8579656],[-16.9305872,21.8577046],[-16.94150117076571,21.848944689444117],[-16.942621900000017,21.847986],[-16.9440595,21.8466506],[-16.9442194,21.8465331],[-16.9456592,21.8449846],[-16.947795934126347,21.84304711392535],[-16.948158264340503,21.842782612092005],[-16.948596526683808,21.84286280131571],[-16.948922170062026,21.842512703526463],[-16.950199334923486,21.840656924568425],[-16.950473670688265,21.840586183007876],[-16.95058047456108,21.83992403624504],[-16.9506585,21.839788950494537],[-16.950781200000016,21.839579],[-16.952221099121058,21.837772965696225],[-16.95210702340773,21.837476830153303],[-16.9518734,21.8372088],[-16.951866867322266,21.836784403831405],[-16.952489383327073,21.836622899138323],[-16.952235660268595,21.836147655214486],[-16.953270108283775,21.834670542605558],[-16.95320543490362,21.834372831545142],[-16.9535696,21.8338775],[-16.953794216818654,21.833572089020887],[-16.95403023268306,21.833301065700773],[-16.9544665,21.8330499],[-16.9544129,21.8324662],[-16.95493639202693,21.831808967313922],[-16.955146449529718,21.831200537594604],[-16.9552261,21.83083589999997],[-16.955545146073835,21.83009589775418],[-16.956008558843525,21.829075243454728],[-16.95720199455228,21.82790993099903],[-16.9574300689256,21.82756988802223],[-16.957444190787783,21.82747125449777],[-16.957541582405273,21.827364451763188],[-16.957675660228162,21.826881458984705],[-16.957375965450545,21.82676095042593],[-16.957185751637248,21.826684464633644],[-16.957037023012695,21.826442417444248],[-16.957271927171593,21.826300640986783],[-16.956815059326804,21.825842206192878],[-16.95687281341158,21.82577371750234],[-16.95678288656863,21.821920045414856],[-16.956694470530582,21.821577672291227],[-16.95656361787787,21.821048960458068],[-16.956528976418237,21.820872985533384],[-16.95808882124498,21.81800370630699],[-16.95814210723668,21.817968685951413],[-16.95909884704518,21.816890491810415],[-16.959291341065402,21.81650028073744],[-16.959260903410527,21.816224023405347],[-16.959208278585297,21.815949548618917],[-16.960080857853526,21.814912585674804],[-16.960087875336868,21.81406580935129],[-16.96071832169725,21.811173820377117],[-16.960527327780035,21.810850332646115],[-16.96046139425676,21.808777637139496],[-16.96058475525878,21.808256492700675],[-16.96060424109069,21.80817417387384],[-16.960608871913713,21.80794100430086],[-16.960305253122467,21.807561247510886],[-16.960232052258764,21.807429072099744],[-16.960464512469038,21.806608138531193],[-16.960677851947157,21.80614205916344],[-16.96084134558628,21.80583327913135],[-16.961029118293265,21.80525760154492],[-16.961048822655073,21.80523342067697],[-16.961163688827714,21.80513868700842],[-16.96202918106261,21.803574571431298],[-16.962225293775607,21.803220699006772],[-16.96339633135235,21.80139020418872],[-16.96342697524715,21.80137380127547],[-16.963603330477834,21.801217300011142],[-16.963627780638042,21.801064013551287],[-16.964012,21.8001616],[-16.964799500000023,21.798748],[-16.965748421473673,21.797841759964403],[-16.965795198843193,21.79744071669747],[-16.966509074912235,21.796406209601106],[-16.96699379326578,21.79631736359109],[-16.9671139531226,21.796227766443966],[-16.96700256277854,21.795955224192177],[-16.966158399010745,21.794951733369803],[-16.966190361747582,21.794880866968477],[-16.96630359999995,21.7946298],[-16.965790619295763,21.79266332645794],[-16.96549835705753,21.792131486736412],[-16.965540752931325,21.79164633164621],[-16.965676987782015,21.79146712597271],[-16.965668292534943,21.79132805670669],[-16.965645828831715,21.790446560745035],[-16.965590572775444,21.790321753996164],[-16.965509058370326,21.78858808953299],[-16.965271109646114,21.78824593368871],[-16.965103790157716,21.788005338404965],[-16.965001207768466,21.78785783114632],[-16.965151950811244,21.786966840828846],[-16.964765481430728,21.786497841440756],[-16.964612946995892,21.786242533434258],[-16.964573202582617,21.786170628347346],[-16.96463133496204,21.785872772928872],[-16.96490765322631,21.785724220440073],[-16.96496728316499,21.785290592116898],[-16.9648390483228,21.78510399835824],[-16.9647216,21.7849331],[-16.964629751761052,21.784608147264958],[-16.96458327493241,21.784443715450514],[-16.964546312441193,21.784420429810037],[-16.964752338934215,21.782978937320767],[-16.96475577623497,21.782911759198488],[-16.9643274,21.78105],[-16.96412574229214,21.778754416266406],[-16.964192426049824,21.778284346292725],[-16.9641825,21.7769204],[-16.964187892350175,21.776534282646725],[-16.964191099999955,21.776304599999975],[-16.964188496096646,21.77612777129048],[-16.964527239334622,21.77497008217249],[-16.96455006275472,21.77465594628638],[-16.964524349327146,21.774598194886313],[-16.96496999827259,21.774148400508132],[-16.96483380000002,21.773595299999982],[-16.964512255341962,21.773136991861104],[-16.964449139151576,21.772851456551223],[-16.964097716131366,21.77250732982107],[-16.963970696828447,21.772666066953803],[-16.9638913162982,21.772706280957365],[-16.960011814175473,21.76924151439446],[-16.95964140000001,21.769892899999977],[-16.9592982,21.7710635],[-16.959162800000023,21.77219979999998],[-16.95906023582084,21.772406860217863],[-16.9552603,21.7722929],[-16.9530435,21.7704862],[-16.9516826,21.768892199999957],[-16.9510232,21.7677065],[-16.9502656,21.7658129],[-16.95015640000001,21.76125389999999],[-16.9504074,21.75944989999994],[-16.9509374,21.7578989],[-16.9512024,21.7571239],[-16.952626885756434,21.75385087711476],[-16.952787561070544,21.7535016024202],[-16.9533434,21.7524659],[-16.953794515429564,21.75187018309109],[-16.95448279430673,21.75083439454031],[-16.95475827528414,21.750389690831785],[-16.956010964079944,21.747897613813883],[-16.956134032430654,21.747717833860737],[-16.960874538515345,21.741492378305022],[-16.96100543123317,21.741321808700068],[-16.9617382,21.7403031],[-16.9640452,21.7373451],[-16.96405689679345,21.737330793921906],[-16.96654642630124,21.7340931969632],[-16.9668822,21.7336781],[-16.9672132985274,21.73332219282338],[-16.96772809820752,21.732768201111675],[-16.968070876804315,21.732376418847178],[-16.968918841035503,21.731477992657645],[-16.969366966755693,21.73105210448326],[-16.970856128628427,21.729642224414892],[-16.970988665214062,21.72952591779957],[-16.973510192491776,21.727422621847904],[-16.973955306838278,21.727149817387364],[-16.975340435620563,21.726123759524075],[-16.975675713540657,21.725926294652687],[-16.976199924160458,21.725460411533582],[-16.976479873894505,21.725191537178898],[-16.98153010230378,21.71731709554506],[-16.981533359445606,21.7171760289246],[-16.981537401520814,21.717000966882317],[-16.981541609049735,21.71681873905064],[-16.981656068026236,21.715484107307926],[-16.981676597321034,21.715359562919346],[-16.981699879430874,21.71521831811949],[-16.98171503496459,21.715126374548422],[-16.981756896401663,21.714872415163523],[-16.981787236812913,21.714688350001744],[-16.98181379999994,21.714527199999957],[-16.981810597408327,21.714321433484916],[-16.981807401375782,21.714093844009792],[-16.98180014836986,21.7135605753841],[-16.98228342183008,21.711243325992633],[-16.98234343948291,21.711025131968267],[-16.982813574528084,21.708910829604978],[-16.98286617845944,21.708754099973657],[-16.98287947776686,21.7087144756434],[-16.982892499013964,21.707945736173585],[-16.981654662557503,21.702910475694843],[-16.98165200756562,21.702705244822383],[-16.98218285166881,21.70129014420208],[-16.98218080000002,21.701139199999965],[-16.98188803262176,21.699847758400008],[-16.981887310431187,21.69979200528757],[-16.98158942205654,21.698176537016998],[-16.9815918996661,21.697845703422733],[-16.98159620149095,21.697623777731923],[-16.981602637031763,21.697291776339767],[-16.981604989565664,21.69717041209862],[-16.981618475107236,21.696474710102876],[-16.9812778,21.695487199999942],[-16.981226732185046,21.694875581576582],[-16.981215321979406,21.69478961478295],[-16.981140882522062,21.69422877287795],[-16.981046962882413,21.693521163345345],[-16.981037302784944,21.693448382220126],[-16.9809629565429,21.692626227688802],[-16.98095454029013,21.691989067846865],[-16.981154279672726,21.691029928233473],[-16.981213051922822,21.690791114721918],[-16.981211364786564,21.690646583382247],[-16.98094291076582,21.690354271629445],[-16.9809139927959,21.689047003494064],[-16.980913187224008,21.688990466993932],[-16.980241938156055,21.68641427157938],[-16.980091044951145,21.686079561871185],[-16.98007571737827,21.685925860376532],[-16.980176262702678,21.685746598353756],[-16.980224381269355,21.685461556810882],[-16.9800999,21.6851571],[-16.97987589788001,21.685023978367003],[-16.979738544310077,21.6847771466903],[-16.979620890525428,21.68364252300459],[-16.97959923037281,21.683433637907772],[-16.9795821269145,21.683406957035412],[-16.978902597293757,21.682891125447394],[-16.978901892137394,21.68284564286198],[-16.978818992270757,21.682501583866532],[-16.978647516985674,21.682190860920848],[-16.979006074570304,21.681232245947776],[-16.978905083442047,21.68093448677886],[-16.978766964673607,21.680747377953914],[-16.978592817113437,21.680399549538357],[-16.978701245188894,21.680122660418522],[-16.978304406945764,21.679981472430974],[-16.97868663362953,21.679270889139943],[-16.9782988,21.6790502],[-16.97801799273609,21.678656679226176],[-16.978016589244028,21.678548329639014],[-16.978932064008003,21.67223307224711],[-16.9784058,21.6717096],[-16.97791752772963,21.671323992223332],[-16.9777695,21.6707524],[-16.978244642166125,21.670681335608123],[-16.978132732913334,21.670508628510817],[-16.97734519891327,21.670118005761708],[-16.9769520478456,21.66994357231598],[-16.9767445933607,21.66981137643117],[-16.976130121987705,21.669097988590625],[-16.97612669700094,21.668857616793037],[-16.976452742809247,21.667486123650384],[-16.9766664886491,21.66751652392438],[-16.9772234,21.667254699999972],[-16.9762638716643,21.667165452193913],[-16.976709478978,21.666376671167082],[-16.975557981963224,21.666559630808184],[-16.975536801764395,21.66634470781329],[-16.975567166309816,21.666097637809294],[-16.97547505498573,21.665689426592728],[-16.97495346250739,21.66503413415449],[-16.974676273070457,21.663444593035948],[-16.974647966183777,21.66324469535722],[-16.974518562323276,21.66301057953893],[-16.974332282317093,21.662521395265635],[-16.974103265974225,21.66151856943662],[-16.974091549377963,21.66098682927904],[-16.974758988109027,21.659549372354924],[-16.974853032666864,21.659523678794336],[-16.97534319580493,21.659389763163553],[-16.975336625544262,21.659372302746068],[-16.975199340765666,21.65929059692628],[-16.974524102327173,21.658813869012864],[-16.974186496040158,21.658452150827692],[-16.974154803407682,21.658158069861347],[-16.974041722780715,21.657268898670235],[-16.974039024115868,21.65706056174288],[-16.974161708262265,21.65590295113178],[-16.9740949,21.6546989],[-16.9743456687309,21.65425609022156],[-16.97441037932663,21.654217721992175],[-16.974384819292908,21.653652754116028],[-16.974372674926908,21.653384320328357],[-16.974359871877734,21.653101327294028],[-16.97398842478563,21.65275272263203],[-16.973944444343232,21.65268259596951],[-16.97376373912471,21.652356304921284],[-16.97445521482939,21.649999638803497],[-16.974541480410196,21.648847851540243],[-16.974590645624023,21.64836206728411],[-16.974517394851247,21.648047734127744],[-16.974468103080635,21.647174449318626],[-16.974480804458118,21.6469788921405],[-16.974505182945286,21.646603547957216],[-16.974516219793493,21.646433618759104],[-16.97465810852041,21.644866844528],[-16.974826188082435,21.644729088793675],[-16.97471893072631,21.644346984462484],[-16.97461208398596,21.644103605733424],[-16.974846222437577,21.64273101140193],[-16.974726732355734,21.64254170799651],[-16.974963539609362,21.642215873592342],[-16.9749679494401,21.642003377447107],[-16.97546252301174,21.64102576216583],[-16.97570555272538,21.639961699808175],[-16.976227994036755,21.63843642407657],[-16.97618025771483,21.63814442891139],[-16.975739459820378,21.63672409198574],[-16.97558836994078,21.63585472646329],[-16.976173669287903,21.634069980568142],[-16.97638279414288,21.633663204902767],[-16.9780217,21.6302025],[-16.979281496726557,21.628289822891556],[-16.979238709427253,21.62805444582927],[-16.979232637547486,21.62768281404431],[-16.97924215236131,21.627640607617455],[-16.97927586860077,21.62749104694075],[-16.979303089596183,21.627370298287985],[-16.9794347,21.6265831],[-16.979474237860035,21.626270744434695],[-16.979581058951183,21.62576262083984],[-16.979605900440937,21.625664203753537],[-16.9797394,21.6251649],[-16.979921596441336,21.624834758896977],[-16.979996451832104,21.62469990525271],[-16.980246831559697,21.624297229565702],[-16.980397111223215,21.623506265572747],[-16.980571493494008,21.62319082770059],[-16.98062403491647,21.623034813907417],[-16.980633071277783,21.62296463599693],[-16.980666354526804,21.622706152655006],[-16.98111031481286,21.621725311911245],[-16.981200023071104,21.621458554694573],[-16.981992028695686,21.620346423183154],[-16.9822056088438,21.62021534511387],[-16.9825653,21.6199047],[-16.982374267978724,21.619843048042476],[-16.98257595803399,21.618876721101884],[-16.982295411106225,21.61862148941267],[-16.982547212028916,21.618031822715512],[-16.98265985286877,21.617988559278775],[-16.983239295773863,21.617766005083396],[-16.982943534029467,21.617597504826215],[-16.982603637929223,21.61723607626065],[-16.98275744473279,21.617079347679095],[-16.982815162598342,21.617020533380973],[-16.982587443424464,21.61697645113827],[-16.98284353944408,21.615690303314395],[-16.982948088257306,21.615644747358925],[-16.983618305991595,21.61331992129243],[-16.983483204409612,21.61304567086288],[-16.983574584766732,21.6124815108113],[-16.983569791001347,21.612339300996176],[-16.984349917260154,21.61027609683644],[-16.984340340835864,21.61017963095453],[-16.9843141,21.60961183668033],[-16.98400958503972,21.609387611201136],[-16.98461692480886,21.607420055575304],[-16.984550521470688,21.60718402688041],[-16.98516245239596,21.60485943689533],[-16.985195956849815,21.60481806081671],[-16.98488716247077,21.60205066148977],[-16.98476770000001,21.6019171],[-16.984479188241348,21.601009967104968],[-16.98440772614048,21.60083160146613],[-16.984145445507917,21.599863903980545],[-16.983999791018455,21.599689795921307],[-16.984027027186617,21.598786967961182],[-16.983591467231435,21.59872070798486],[-16.983513565301962,21.598651236177147],[-16.983624769379286,21.59838348676171],[-16.98374024321672,21.59810545691587],[-16.983618253452377,21.59799806416165],[-16.983342600007774,21.597591840430553],[-16.983354741607766,21.597382983840664],[-16.983736428111058,21.59578949068537],[-16.983745886344455,21.595634494950367],[-16.984108469515775,21.594812622014615],[-16.9843474,21.5940925],[-16.984451119890238,21.594022592471674],[-16.9847336,21.5938322],[-16.984575366482478,21.59280797502443],[-16.98465332640633,21.592565937314177],[-16.984665354448317,21.5921788250166],[-16.984690234670428,21.59137807623639],[-16.98447531175031,21.59119190500467],[-16.984143466906737,21.590928147921538],[-16.98398190199539,21.590799732818567],[-16.983655011423128,21.590490531042224],[-16.98364415239032,21.59047795674651],[-16.983138404433813,21.590195595257345],[-16.98271463855123,21.589765162598493],[-16.98255810782829,21.58960572310693],[-16.982347114851738,21.589311467601167],[-16.9821673,21.5889858],[-16.982057175427485,21.589020059914766],[-16.98056253870404,21.587588266365543],[-16.980161036073163,21.587158102257746],[-16.98004662775728,21.586972408078555],[-16.9804582,21.5834729],[-16.980392015503124,21.582636686193975],[-16.980341067860305,21.58250325958343],[-16.9802919,21.579997],[-16.9803348,21.5793834],[-16.981268823761138,21.576212553437536],[-16.981260819469775,21.57511607073024],[-16.98114349863224,21.57479721203054],[-16.981161455136302,21.574720813239946],[-16.981262618598294,21.57302213586152],[-16.981332198513527,21.572656076973942],[-16.981547670888407,21.571522480050373],[-16.981509860293205,21.57130789554571],[-16.981495084967385,21.57124937233341],[-16.98139990669385,21.570703939821293],[-16.981406425334725,21.570671989090982],[-16.98147591011603,21.570331413570802],[-16.98149382582713,21.570243600779087],[-16.98157547107209,21.570037541385947],[-16.9817628,21.5696996],[-16.981783282565697,21.569157531832182],[-16.981799207039256,21.569046669872122],[-16.982151889508653,21.567894460435998],[-16.982237351679146,21.567242329196556],[-16.982479455893493,21.56270776353126],[-16.9824656,21.5623839],[-16.9823325,21.561853],[-16.9820364,21.5608473],[-16.981912,21.5602346],[-16.9822166,21.5594713],[-16.98250134979922,21.55894203907423],[-16.9826876,21.5583747],[-16.9833485,21.5568699],[-16.9834537,21.556386],[-16.984869781899548,21.5535049131249],[-16.985495915440048,21.552639984431444],[-16.985576458010293,21.55203620281229],[-16.98571351958506,21.551457529630436],[-16.98546854851915,21.551428122542525],[-16.9859546,21.5493321],[-16.986323632296898,21.548795981418838],[-16.98640912403378,21.548694163650335],[-16.98711905009997,21.547558860469596],[-16.987139915563823,21.547484827487096],[-16.987267844272385,21.547140648089577],[-16.987368406839973,21.546870094557733],[-16.98732683710979,21.54673737821662],[-16.98694832740757,21.546200048327616],[-16.98651160565003,21.54588974388403],[-16.986706550551446,21.54541044140556],[-16.986980630649356,21.543568277748157],[-16.98696352725689,21.543401648014587],[-16.98683165105351,21.542998310132393],[-16.98717780555867,21.54194758029769],[-16.9875113,21.541698],[-16.987662523452126,21.541024238112144],[-16.98769827833355,21.540864935596108],[-16.989218882944567,21.536180402168785],[-16.990089345455868,21.53502766761777],[-16.990273512966816,21.534778480317076],[-16.990423286704473,21.534473215015606],[-16.9907085,21.5338919],[-16.990587741073,21.533678143453262],[-16.990511266154893,21.533542774459733],[-16.990506712656135,21.533472834135715],[-16.990802482824563,21.53284323513348],[-16.990824703840453,21.532715309364725],[-16.9909081,21.5322352],[-16.991193176242582,21.5310330969238],[-16.991241355146265,21.530308534066457],[-16.991204471065622,21.530132832060428],[-16.9911249408074,21.529753979566994],[-16.991389645019268,21.528871320024724],[-16.992147989494306,21.526558833078436],[-16.99249358361003,21.5260938452454],[-16.992496308223462,21.525363194741605],[-16.992496741099362,21.525247111854455],[-16.99226884095783,21.524534656580318],[-16.992240515383543,21.524209246885984],[-16.992478928772105,21.52324794604807],[-16.9925257778135,21.523002408676156],[-16.992377604644133,21.522611868657805],[-16.992327205428168,21.522479545893344],[-16.992679214671487,21.521598572577606],[-16.99283337667314,21.521339235818694],[-16.992729597428138,21.519805252070146],[-16.9926547,21.5192675],[-16.992803393342523,21.517162215927705],[-16.992777379944123,21.51655104231089],[-16.992705341783356,21.516316222579356],[-16.99254944867789,21.515838523949228],[-16.9923526,21.51241429999995],[-16.9928454,21.5077293],[-16.993145807398164,21.50744183339073],[-16.993398,21.507094],[-16.992819385573313,21.506550524669223],[-16.992825426109913,21.506493024877766],[-16.9929205,21.506292],[-16.993131404181064,21.50628543837585],[-16.993064740944526,21.50620478605665],[-16.9931459,21.5057729],[-16.9933867087947,21.50560487895017],[-16.99256734026763,21.50369572937186],[-16.992628884166884,21.502554676435423],[-16.992639017715284,21.502531709718774],[-16.99305128398227,21.501596600493162],[-16.99301143679772,21.50126214895908],[-16.99297346917028,21.501050485613053],[-16.992964475082438,21.4983933609006],[-16.993159882815874,21.497821374115887],[-16.99324777024909,21.49758315179205],[-16.99331878325069,21.497468073443393],[-16.993786747048247,21.496757494815597],[-16.993832717385494,21.49668568084753],[-16.994008156877374,21.496354083957975],[-16.994045977933567,21.495932800697734],[-16.9941427023311,21.495638356763134],[-16.9941622527738,21.49557982398281],[-16.99421656282028,21.49543816450193],[-16.994700804422333,21.493700995046545],[-16.99474054419186,21.49349465555466],[-16.99478176228582,21.493280640207672],[-16.994845459396952,21.49296880372068],[-16.9951393,21.490859254193545],[-16.99529809965576,21.48982928636179],[-16.99539729027372,21.489558013725254],[-16.996341711109544,21.486883151340507],[-16.996502789096144,21.486398441468662],[-16.998539409246334,21.48212241493059],[-16.998869228277155,21.481436104140958],[-16.998880667292607,21.48122279216478],[-16.99887682347166,21.48113711146331],[-16.99883542174393,21.48021424613562],[-16.99883199249679,21.480179889607314],[-16.998779231648324,21.47988930252751],[-16.9987165,21.4795438],[-16.998740519149408,21.479227734316144],[-16.998809083231023,21.47899364515222],[-16.999071861340358,21.47857307368987],[-16.999160166003247,21.47827840049607],[-16.999222625603462,21.47809428582708],[-16.99929186948136,21.47787808228642],[-16.999375328609226,21.477341224837655],[-16.999405030243526,21.477169378359818],[-16.999451245747316,21.477016928739673],[-16.999481374155888,21.476917545111647],[-17.00035384819982,21.474787214702285],[-17.000464518529785,21.474669086340793],[-17.000557230754822,21.47457012627409],[-17.0006252483174,21.474497525033787],[-17.001825039066553,21.4697863],[-17.00183724516153,21.46978629999994],[-17.002446,21.467701599999934],[-17.0054138,21.4566536],[-17.00557240000002,21.45653249999995],[-17.010377100000014,21.4444676],[-17.013613212392904,21.42136401065184],[-17.013725954216348,21.421393077344387],[-17.0127075,21.4072691],[-17.0128738,21.4067247],[-17.012930196448067,21.406738307565483],[-17.0132547,21.4036681],[-17.0131366,21.403763],[-17.013116236775055,21.402974788451036],[-17.0130937,21.4029689],[-17.013319,21.3997224],[-17.013083,21.3988184],[-17.0132386,21.3984938],[-17.015156836461866,21.38959831053668],[-17.0157974,21.3880726],[-17.015933124242505,21.387953424668435],[-17.016258070213016,21.38672744806733],[-17.01635686525181,21.38662744135044],[-17.016605856179417,21.385981261750707],[-17.016637923316686,21.385860080861075],[-17.0171369,21.384964],[-17.017181,21.384890535928772],[-17.01729091793533,21.384707428921313],[-17.0173614,21.384590016236036],[-17.017588160619677,21.384357764214943],[-17.017812983591284,21.383925460527863],[-17.0178932,21.383468399999984],[-17.0188428,21.380765],[-17.0197027,21.3780743],[-17.01999875147833,21.377848007206143],[-17.0220148,21.373039],[-17.0224117,21.3720548],[-17.025132,21.3652358],[-17.0253439,21.3649734],[-17.0253949,21.362597],[-17.0264238,21.3590548],[-17.02651330000002,21.359004],[-17.0264155,21.358929],[-17.0265033,21.3559473],[-17.0264357,21.3558401],[-17.0261811,21.355484],[-17.0276299,21.3511105],[-17.0272794,21.3502076],[-17.0270523,21.3498156],[-17.0274316,21.3455787],[-17.02784010000002,21.34506869999997],[-17.0282252,21.34398559999997],[-17.028327,21.3437351],[-17.0284688,21.3433505]]]},"properties":{"shapeName":"Province d'Aousserd إقليم أوسرد","shapeISO":"","shapeID":"96644757B25593504689486","shapeGroup":"MAR","shapeType":"ADM2"}},
{"type":"Feature","geometry":{"type":"Polygon","coordinates":[[[-7.4781055,33.5807849],[-7.4574165,33.6198754],[-7.4664314,33.6246229],[-7.4730661,33.6198646],[-7.4768845,33.621381],[-7.4796338,33.6273363],[-7.4836904,33.6250524],[-7.5017516,33.6408747],[-7.5360289,33.6208728],[-7.550923,33.6198092],[-7.559292,33.6157429],[-7.5614949,33.6176064],[-7.5630141,33.6139182],[-7.5744124,33.6099224],[-7.5749501,33.6073277],[-7.5853129,33.6054761],[-7.5906601,33.6138896],[-7.585579,33.6052688],[-7.5880262,33.6039724],[-7.594485,33.6131792],[-7.5979434,33.612667],[-7.5956263,33.6056077],[-7.5996135,33.6097994],[-7.605473,33.6105052],[-7.6001284,33.6021674],[-7.6059282,33.6077658],[-7.6079873,33.6068608],[-7.6051201,33.6022712],[-7.6073424,33.6023076],[-7.6114355,33.6089464],[-7.61048,33.6027384],[-7.6141673,33.6056454],[-7.6169243,33.6013156],[-7.6185666,33.6052474],[-7.616228,33.6048746],[-7.617363,33.6062377],[-7.6109643,33.6117546],[-7.5916099,33.6206818],[-7.6126535,33.6114501],[-7.617085,33.6075971],[-7.6255606,33.6109827],[-7.6399104,33.604797],[-7.6487516,33.6071724],[-7.6523143,33.6139034],[-7.6608705,33.6034933],[-7.6725068,33.5974573],[-7.6791035,33.5989245],[-7.6800156,33.5922882],[-7.7028603,33.581674],[-7.7043111,33.5831033],[-7.7095772,33.5754587],[-7.746445,33.5557435],[-7.7399255,33.5497034],[-7.7315999,33.5539496],[-7.7088655,33.5338111],[-7.7016665,33.5306671],[-7.6974715,33.5151068],[-7.6870388,33.5090995],[-7.6707331,33.5070599],[-7.6731535,33.4959233],[-7.6676132,33.4940999],[-7.6299378,33.4999592],[-7.6110186,33.5103268],[-7.5803641,33.519983],[-7.5665931,33.5286114],[-7.558164,33.5203947],[-7.5442371,33.5315948],[-7.5343665,33.5324301],[-7.5469105,33.5476171],[-7.5432053,33.5513676],[-7.5146228,33.5650717],[-7.514927,33.5684262],[-7.4967522,33.562084],[-7.4840492,33.5651952],[-7.4781055,33.5807849]]]},"properties":{"shapeName":"Prefecture of Casablanca","shapeISO":"","shapeID":"96644757B69656421663665","shapeGroup":"MAR","shapeType":"ADM2"}},
{"type":"Feature","geometry":{"type":"Polygon","coordinates":[[[-7.2235245,33.2202025],[-7.2144925,33.281895],[-7.2282558,33.2909447],[-7.2505117,33.2883367],[-7.2681135,33.3116968],[-7.2849277,33.3423194],[-7.2963003,33.3776762],[-7.2908006,33.3940427],[-7.3001562,33.4003486],[-7.2976671,33.4029998],[-7.3030744,33.4055077],[-7.3156057,33.3918212],[-7.3537422,33.4066134],[-7.3431592,33.4164862],[-7.337091,33.4468929],[-7.3533988,33.4679027],[-7.4358446,33.4514543],[-7.4571735,33.4511553],[-7.48747,33.42591],[-7.50912,33.41797],[-7.5176519,33.418189],[-7.5235115,33.4107685],[-7.5331873,33.412565],[-7.5362772,33.3900297],[-7.5461178,33.362147],[-7.5607386,33.3501017],[-7.5709979,33.3326152],[-7.5750452,33.2975317],[-7.5862564,33.2892876],[-7.5959529,33.2893544],[-7.6001071,33.2919516],[-7.6256414,33.2682224],[-7.7248188,33.324478],[-7.7507869,33.3552001],[-7.7562457,33.3655232],[-7.7542587,33.4033498],[-7.7574774,33.4346313],[-7.7545205,33.4626294],[-7.7581125,33.4750017],[-7.7977132,33.4623475],[-7.8204985,33.4751341],[-7.8442608,33.4831987],[-7.8494707,33.4819209],[-7.8619762,33.4913485],[-7.8652825,33.4988021],[-7.881189,33.5067422],[-7.8895536,33.5056025],[-7.8959695,33.4994868],[-7.9127527,33.4943288],[-7.9303909,33.4847736],[-7.9416262,33.4814081],[-7.9587687,33.4827553],[-8.0148044,33.455666],[-8.00988,33.45327],[-8.00016,33.42329],[-7.9802175,33.4054118],[-7.9624505,33.3706595],[-7.969614,33.3434286],[-7.9764204,33.3378751],[-7.9582908,33.3184888],[-7.9539779,33.3035857],[-7.9658182,33.2989529],[-7.9574455,33.2798848],[-7.9744204,33.2613299],[-8.0055201,33.2741713],[-8.0152275,33.2545645],[-8.0022414,33.242631],[-8.0070994,33.2292457],[-8.0153134,33.2200912],[-8.0253359,33.2198653],[-8.0270636,33.2113595],[-8.036413,33.2104586],[-8.0495901,33.2146182],[-8.0629543,33.2133258],[-8.077116,33.2187148],[-8.0835748,33.2096867],[-8.0880187,33.2158336],[-8.1012151,33.2027368],[-8.0934925,33.1849547],[-8.1145758,33.1661261],[-8.1164216,33.153367],[-8.1218961,33.1521133],[-8.1241503,33.1634472],[-8.1285919,33.1642046],[-8.1315882,33.162198],[-8.1303192,33.1578502],[-8.1432678,33.1540531],[-8.1456773,33.1501652],[-8.1433852,33.1452893],[-8.1342588,33.1476819],[-8.1293978,33.1457527],[-8.1284592,33.143224],[-8.1364366,33.1335367],[-8.1269612,33.1273803],[-8.1203566,33.1408153],[-8.1050086,33.1418841],[-8.1013989,33.1281158],[-8.1061757,33.1080263],[-8.0968267,33.1105964],[-8.0915807,33.1012381],[-8.0798433,33.1026039],[-8.0757463,33.1005275],[-8.0837477,33.0983251],[-8.0863828,33.0944645],[-8.0843373,33.0844593],[-8.0924836,33.0799999],[-8.0890933,33.0752702],[-8.0842545,33.0735171],[-8.0770701,33.0852533],[-8.0645323,33.0878184],[-8.0655619,33.0754044],[-8.0606275,33.0710707],[-8.0743149,33.0656436],[-8.0609462,33.0612647],[-8.0656711,33.0403925],[-8.0611747,33.0229888],[-8.0396959,33.0279333],[-8.0351254,33.0248749],[-8.0094834,33.0249648],[-7.9326412,33.0154315],[-7.9192517,33.0082341],[-7.9111707,33.0127613],[-7.9087825,33.023526],[-7.8910998,33.0176615],[-7.880886,33.0252899],[-7.8654365,33.0284562],[-7.8620891,33.0373789],[-7.8456954,33.0590341],[-7.8451804,33.0542863],[-7.8381423,33.0486029],[-7.8344516,33.0475237],[-7.8272418,33.050977],[-7.8233794,33.0493223],[-7.7893046,33.0224833],[-7.7783183,33.0196047],[-7.7272512,33.0232749],[-7.7465524,33.032745],[-7.7460052,33.0518763],[-7.7359228,33.0622699],[-7.7050238,33.0753607],[-7.7142076,33.0970785],[-7.6913767,33.1029745],[-7.7031355,33.1164905],[-7.7191858,33.1167062],[-7.7301722,33.1274169],[-7.7330046,33.1437321],[-7.7269964,33.1466785],[-7.7282967,33.1596597],[-7.7372961,33.1685224],[-7.6984691,33.1535186],[-7.6772089,33.1637111],[-7.6700849,33.1631363],[-7.66648,33.1542264],[-7.6430482,33.1502741],[-7.6296329,33.1524407],[-7.6217622,33.1493399],[-7.5967898,33.1510646],[-7.5798811,33.1556635],[-7.5771346,33.160837],[-7.5642406,33.1618932],[-7.5737013,33.1398159],[-7.5641312,33.1238954],[-7.559625,33.1195464],[-7.5419032,33.1322909],[-7.5310155,33.1004155],[-7.5121628,33.1085831],[-7.4925934,33.0931243],[-7.4778305,33.068025],[-7.4690737,33.069212],[-7.4674858,33.0751818],[-7.4545211,33.0847757],[-7.45053,33.0954184],[-7.4357714,33.0946362],[-7.4485602,33.1161336],[-7.4462428,33.1198717],[-7.4351706,33.1136894],[-7.4235835,33.1256943],[-7.4174036,33.1269881],[-7.3964309,33.1167914],[-7.3875346,33.1255505],[-7.3485674,33.1283538],[-7.3421001,33.1313835],[-7.3357787,33.1392787],[-7.3051071,33.1473386],[-7.302133,33.1521425],[-7.3211574,33.1590515],[-7.3224749,33.1655073],[-7.3219599,33.1693152],[-7.3123168,33.176151],[-7.3211016,33.1807378],[-7.3159518,33.1851915],[-7.3089137,33.186269],[-7.3077979,33.1933082],[-7.3155226,33.2123399],[-7.2847941,33.2259813],[-7.2724345,33.2187294],[-7.2610404,33.217243],[-7.2235245,33.2202025]]]},"properties":{"shapeName":"Berrechid Province","shapeISO":"","shapeID":"96644757B26045285741175","shapeGroup":"MAR","shapeType":"ADM2"}},
{"type":"Feature","geometry":{"type":"Polygon","coordinates":[[[-7.9960669,32.8142451],[-8.0059548,32.8209315],[-7.9911254,32.8295559],[-7.9919026,32.8357527],[-8.0009557,32.8380087],[-8.0117488,32.8328065],[-8.0139303,32.8355895],[-8.00947,32.8422386],[-7.9931391,32.8476183],[-7.9904718,32.8514471],[-7.9953207,32.8557133],[-8.0171541,32.8547414],[-8.0068733,32.863318],[-8.0080304,32.8690156],[-8.0147345,32.868821],[-8.0237372,32.8560582],[-8.0318297,32.8530737],[-8.0366413,32.8456823],[-8.0444049,32.8460987],[-8.0524941,32.8404514],[-8.0598742,32.8478645],[-8.0583511,32.8505786],[-8.0426177,32.8518368],[-8.0372852,32.8557663],[-8.0481574,32.8629206],[-8.0411521,32.8700586],[-8.0414842,32.8779795],[-8.0551105,32.8765565],[-8.0579395,32.878854],[-8.0509565,32.8918889],[-8.0531697,32.8962512],[-8.0628734,32.9017132],[-8.0597197,32.9092052],[-8.0488591,32.9067173],[-8.0400436,32.9126643],[-8.0406933,32.920753],[-8.0623866,32.9256529],[-8.0793515,32.9373495],[-8.0724653,32.939704],[-8.062243,32.9359162],[-8.0535165,32.9396998],[-8.0528313,32.946802],[-8.0576787,32.9606745],[-8.0644798,32.9666376],[-8.0684379,32.9643075],[-8.073125,32.9663807],[-8.0763324,32.9740618],[-8.0732927,32.975291],[-8.0608733,32.9707247],[-8.0585498,32.9744417],[-8.0624711,32.9939394],[-8.056348,33.0010251],[-8.0653577,33.0062091],[-8.0652338,33.010268],[-8.0452316,33.010647],[-8.0475496,33.0149319],[-8.0609913,33.0164844],[-8.0611747,33.0229888],[-8.0656711,33.0403925],[-8.0609462,33.0612647],[-8.0743149,33.0656436],[-8.0606275,33.0710707],[-8.0655619,33.0754044],[-8.0645323,33.0878184],[-8.0770701,33.0852533],[-8.0842545,33.0735171],[-8.0890933,33.0752702],[-8.0924836,33.0799999],[-8.0843373,33.0844593],[-8.0863828,33.0944645],[-8.0837477,33.0983251],[-8.0757463,33.1005275],[-8.0798433,33.1026039],[-8.0915807,33.1012381],[-8.0968267,33.1105964],[-8.1061757,33.1080263],[-8.1013989,33.1281158],[-8.1050086,33.1418841],[-8.1203566,33.1408153],[-8.1269612,33.1273803],[-8.1364366,33.1335367],[-8.1284592,33.143224],[-8.1293978,33.1457527],[-8.1342588,33.1476819],[-8.1433852,33.1452893],[-8.1456773,33.1501652],[-8.1432678,33.1540531],[-8.1303192,33.1578502],[-8.1315882,33.162198],[-8.1285919,33.1642046],[-8.1241503,33.1634472],[-8.1218961,33.1521133],[-8.1164216,33.153367],[-8.1145758,33.1661261],[-8.0934925,33.1849547],[-8.1012151,33.2027368],[-8.0880187,33.2158336],[-8.0835748,33.2096867],[-8.077116,33.2187148],[-8.0629543,33.2133258],[-8.0495901,33.2146182],[-8.036413,33.2104586],[-8.0270636,33.2113595],[-8.0253359,33.2198653],[-8.0153134,33.2200912],[-8.0070994,33.2292457],[-8.0022414,33.242631],[-8.0152275,33.2545645],[-8.0055201,33.2741713],[-7.9744204,33.2613299],[-7.9574455,33.2798848],[-7.9658182,33.2989529],[-7.9539779,33.3035857],[-7.9582908,33.3184888],[-7.9764204,33.3378751],[-7.969614,33.3434286],[-7.9624505,33.3706595],[-7.9802175,33.4054118],[-8.00016,33.42329],[-8.00988,33.45327],[-8.0148044,33.455666],[-8.0923541,33.4310263],[-8.1383265,33.4107525],[-8.1819569,33.4043557],[-8.2007576,33.3911397],[-8.2177618,33.3848008],[-8.2443179,33.3813195],[-8.277338,33.3697344],[-8.302557664530879,33.36567665116814],[-8.3130487,33.3577788],[-8.3380976,33.3188599],[-8.362161,33.3045074],[-8.3938197,33.2802381],[-8.438512,33.2552128],[-8.4663302,33.245602],[-8.4846298,33.2454549],[-8.499149,33.2522638],[-8.4975457,33.2564914],[-8.5004221,33.2539003],[-8.5013754,33.2584295],[-8.495309,33.2569417],[-8.5098243,33.2647354],[-8.5192018,33.2558412],[-8.526086,33.2592504],[-8.524444,33.2561665],[-8.5447537,33.2436962],[-8.5498652,33.2355507],[-8.5559605,33.2323731],[-8.55676,33.2238273],[-8.5642032,33.21729],[-8.5749202,33.2176741],[-8.5999081,33.1901348],[-8.609344,33.1881785],[-8.6180726,33.1723],[-8.6218216,33.1723104],[-8.629674,33.1630566],[-8.613555,33.1435453],[-8.6130261,33.1396932],[-8.6195425,33.1357919],[-8.6127065,33.1332809],[-8.6240869,33.1371365],[-8.631894,33.1351318],[-8.6450065,33.1233564],[-8.6323229,33.1344625],[-8.6240711,33.1365893],[-8.6219374,33.132131],[-8.6192517,33.1339039],[-8.6188009,33.1300562],[-8.6273232,33.1304375],[-8.6228193,33.1278885],[-8.6252848,33.1249378],[-8.628507789684152,33.12896249508417],[-8.6273747,33.1260681],[-8.6306063,33.1273647],[-8.6249414,33.1245065],[-8.6262396,33.1229152],[-8.6321416,33.125458],[-8.6268021,33.1228553],[-8.6280992,33.1208537],[-8.6375189,33.125095],[-8.6289326,33.1205385],[-8.6322966,33.1113216],[-8.6371735,33.107496],[-8.6392141,33.1085394],[-8.639099,33.1057826],[-8.6402658,33.1070668],[-8.6384976,33.1101107],[-8.6402346,33.1090727],[-8.6406268,33.1064243],[-8.639437,33.1054181],[-8.6486505,33.0985846],[-8.6463799,33.0948738],[-8.6537828,33.0869817],[-8.6598016,33.0864932],[-8.6599116,33.0808128],[-8.6788453,33.0661646],[-8.6933491,33.0463276],[-8.6998974,33.0455571],[-8.6980537,33.0418118],[-8.7030894,33.0399861],[-8.7042226,33.0315712],[-8.7114226,33.0228473],[-8.7410924,32.9992612],[-8.7404898,32.9966891],[-8.7435377,32.9977237],[-8.7472233,32.9889906],[-8.7563982,32.9805251],[-8.7481642,32.9799946],[-8.7486047,32.9861654],[-8.7369812,32.9969388],[-8.7287689,32.9963792],[-8.7348851,32.9882661],[-8.7414335,32.986922],[-8.744817,32.97716],[-8.7558149,32.9707549],[-8.7582456,32.9741017],[-8.7530451,32.9797474],[-8.7570109,32.9794981],[-8.7811628,32.9569196],[-8.7854728,32.9485797],[-8.85551098347342,32.888755790694965],[-8.8997582,32.8429961],[-8.950437887419636,32.80604775315116],[-8.9336447,32.7955016],[-8.9230875,32.7767767],[-8.9145903,32.7410478],[-8.8969521,32.7160289],[-8.8859142,32.6926103],[-8.8768462,32.6975212],[-8.8706235,32.6956974],[-8.8415913,32.714043],[-8.8273005,32.7191702],[-8.8053116,32.7442858],[-8.8008238,32.7378369],[-8.7659766,32.7145142],[-8.7518145,32.7057035],[-8.7365367,32.7005033],[-8.713019,32.7254181],[-8.7228896,32.7296782],[-8.6985646,32.755396],[-8.6818276,32.7402364],[-8.6758495,32.739352],[-8.6611424,32.727457],[-8.65834,32.7344426],[-8.6482979,32.7426008],[-8.6348224,32.7412291],[-8.5964604,32.7467157],[-8.5890358,32.7592838],[-8.556635,32.7805662],[-8.5484811,32.7915684],[-8.5291262,32.7829096],[-8.5182686,32.7920013],[-8.503892,32.7931558],[-8.4979697,32.7987113],[-8.4929915,32.7931918],[-8.4690447,32.7938051],[-8.4569855,32.799541],[-8.4480162,32.8107952],[-8.4437247,32.8110116],[-8.431408,32.8206054],[-8.4266015,32.8341286],[-8.4208937,32.8397898],[-8.4164735,32.8402946],[-8.4143706,32.8552569],[-8.4044142,32.8546801],[-8.4012814,32.851796],[-8.3905612,32.8600714],[-8.3982773,32.8660715],[-8.3921834,32.871226],[-8.3871156,32.8674043],[-8.3739406,32.880524],[-8.3603365,32.8749015],[-8.3470756,32.8860741],[-8.3302528,32.8809565],[-8.3336002,32.8777128],[-8.3008858,32.873449],[-8.2933456,32.8545711],[-8.2869941,32.8491633],[-8.2744629,32.8607717],[-8.2661802,32.8567341],[-8.2586314,32.8658183],[-8.2543184,32.8669429],[-8.2403494,32.8570946],[-8.2343391,32.848983],[-8.2360558,32.8439714],[-8.232408,32.8420605],[-8.2264856,32.8145454],[-8.2119373,32.8157356],[-8.2113365,32.81166],[-8.2082895,32.8130306],[-8.2004789,32.8083777],[-8.1651596,32.8105418],[-8.1649021,32.8175389],[-8.1561474,32.8152307],[-8.1545166,32.809604],[-8.1393497,32.8103194],[-8.1290694,32.8059622],[-8.1130619,32.7758019],[-8.1043501,32.7828017],[-8.0860896,32.7878997],[-8.0425652,32.7785382],[-8.03685,32.79088],[-7.9960669,32.8142451]]]},"properties":{"shapeName":"El Jadida Province","shapeISO":"","shapeID":"96644757B5863178934624","shapeGroup":"MAR","shapeType":"ADM2"}},
{"type":"Feature","geometry":{"type":"MultiPolygon","coordinates":[[[[-17.00557240000002,21.45653249999995],[-17.010489499999988,21.444468800000017],[-17.013613212392904,21.42136401065184],[-17.010377100000014,21.4444676],[-17.00557240000002,21.45653249999995]]],[[[-16.95906023582084,21.772406860217863],[-16.95275339999995,21.769974900000012],[-16.9521894,21.768951900000012],[-16.951352399999937,21.768189899999935],[-16.950497399999982,21.76613989999996],[-16.95015640000001,21.76125389999999],[-16.9502656,21.7658129],[-16.9510232,21.7677065],[-16.9516826,21.768892199999957],[-16.9530435,21.7704862],[-16.9552603,21.7722929],[-16.95906023582084,21.772406860217863]]],[[[-16.770129,22.182559799999947],[-16.775895799999958,22.1759223],[-16.788219964155466,22.16882609660844],[-16.7763115,22.1753623],[-16.770129,22.182559799999947]]],[[[-16.5837081,22.2777966],[-16.6144234,22.269611200000018],[-16.6367469,22.2684384],[-16.6149692,22.2692357],[-16.5837081,22.2777966]]],[[[-14.904882,24.683195],[-14.939828,24.653999],[-14.986303,24.63033],[-14.991374,24.59867],[-15.00165,24.583999],[-15.002071,24.568812],[-15.013609,24.552853],[-15.050749,24.533925],[-15.144691,24.500659],[-15.168021,24.486607],[-15.184025,24.467026],[-15.222783,24.437887],[-15.227266,24.429129],[-15.251539,24.405924],[-15.278012,24.364693],[-15.297344,24.34046],[-15.311923,24.327818],[-15.327037,24.306164],[-15.370745,24.269254],[-15.395417,24.257094],[-15.415881,24.241052699999944],[-15.450842,24.210092],[-15.490527,24.165952],[-15.520219899999983,24.144288300000017],[-15.522205299999943,24.13382869999994],[-15.53336929999995,24.120404699999987],[-15.553253,24.1038167],[-15.572412600000014,24.094689],[-15.582894099999951,24.0782633],[-15.583189699999984,24.074328],[-15.579693199999962,24.07466539999994],[-15.57707,24.07028],[-15.578857,24.062165],[-15.59148040000002,24.045115599999956],[-15.628963,24.018594],[-15.654959,24.005614],[-15.660114,23.999801],[-15.747366100000022,23.959210799999987],[-15.776715,23.936833],[-15.80463,23.922275],[-15.80316520000002,23.918386299999984],[-15.807229,23.912352],[-15.843592,23.885129],[-15.875939,23.845565],[-15.9031903,23.819601399999947],[-15.915356599999981,23.799554499999932],[-15.922952299999977,23.7774068],[-15.925661100000017,23.76829770000002],[-15.9219414,23.764929899999988],[-15.924095499999975,23.757406499999934],[-15.936079299999957,23.741115799999935],[-15.956224899999967,23.726003600000013],[-15.9594972,23.7176349],[-15.9574083,23.706531899999984],[-15.960895100000023,23.69950789999995],[-15.984205699999983,23.6794059],[-15.986572,23.672437],[-16.00540479999994,23.648097499999988],[-16.006717899999963,23.64193459999997],[-16.00032249999998,23.632251599999933],[-15.993033399999952,23.63267069999997],[-15.984190699999985,23.627409299999936],[-15.98186219999997,23.64018449999994],[-15.968917599999983,23.656754699999972],[-15.967311,23.663184100000013],[-15.96014,23.669642],[-15.956780500000018,23.670382],[-15.947191699999959,23.661964899999944],[-15.948133099999957,23.6561013],[-15.93979420000002,23.661845199999988],[-15.944635599999941,23.6600592],[-15.956590099999985,23.6704287],[-15.93889250000002,23.683016499999955],[-15.929900399999948,23.6982301],[-15.9237395,23.700768099999948],[-15.92242049999994,23.71017670000002],[-15.916328099999983,23.7161481],[-15.917997800000023,23.720692299999936],[-15.913476400000022,23.73514639999994],[-15.909057,23.738808],[-15.9063773,23.767479],[-15.900467,23.770519],[-15.901754,23.77463],[-15.894769,23.79593539999998],[-15.88478,23.80518],[-15.878318700000023,23.822463299999953],[-15.8650634,23.83439779999994],[-15.8659974,23.830968],[-15.8639845,23.8312725],[-15.84608669999998,23.860956499999975],[-15.819772,23.881139],[-15.819509,23.883843],[-15.813603,23.879498],[-15.807733,23.880816],[-15.808322199999942,23.878589699999942],[-15.805202,23.878899],[-15.802146,23.882776],[-15.801292,23.880335],[-15.795339,23.891049],[-15.792398,23.890806],[-15.7846909,23.9014634],[-15.784919799999937,23.9054986],[-15.768588499999954,23.920913199999983],[-15.763943,23.921099499999944],[-15.7637466,23.913490799999938],[-15.772372599999969,23.899935699999975],[-15.771020799999942,23.88994],[-15.762827199999947,23.904122],[-15.768749499999952,23.891870499999946],[-15.767265700000017,23.888537200000016],[-15.751719599999987,23.91479529999996],[-15.738136899999962,23.903005799999978],[-15.737475499999949,23.8770672],[-15.733963399999968,23.87085889999996],[-15.73233259999995,23.874047399999988],[-15.730251199999952,23.8723011],[-15.742083,23.830566],[-15.7490371,23.819093499999934],[-15.742446,23.820653],[-15.736341,23.829564],[-15.733244,23.826232],[-15.72126,23.835041],[-15.717062,23.834803],[-15.716488,23.832232],[-15.709232,23.835869],[-15.707934,23.828667],[-15.71097,23.820931],[-15.734817,23.807434],[-15.746176899999949,23.777937699999963],[-15.762093399999983,23.762420099999982],[-15.778976,23.752903],[-15.782283,23.744649],[-15.801001100000018,23.727388400000017],[-15.792188100000022,23.73265849999997],[-15.802342,23.709538],[-15.814256,23.69223],[-15.82148570000001,23.68766640000002],[-15.828453899999957,23.675268199999945],[-15.833448149975755,23.673903804908814],[-15.832617899999963,23.67087019999994],[-15.8420539,23.660522199999946],[-15.841828,23.654757],[-15.856265,23.640263],[-15.857618,23.633563],[-15.867645,23.628745],[-15.876858,23.628408],[-15.8766965,23.617324100000015],[-15.900667199999958,23.5813922],[-15.900296799999953,23.575026499999986],[-15.906847800000019,23.56378819999996],[-15.921473099999979,23.558719],[-15.944059099999937,23.525986399999944],[-15.9580404,23.522429800000012],[-15.975347399999968,23.5092422],[-15.975918399999962,23.504010799999953],[-15.9666753,23.5017366],[-15.96568609999995,23.4905813],[-15.95745560000001,23.4862295],[-15.951690399999947,23.476686099999956],[-15.955667399999935,23.463942],[-15.972274199999976,23.43737609999994],[-15.97882849999996,23.419626400000016],[-16.005653799999937,23.380073199999952],[-16.048080099999957,23.34100240000001],[-16.0652935,23.329249599999958],[-16.0592639,23.316477499999944],[-16.061031399999965,23.30662969999995],[-16.0738961,23.290995899999945],[-16.098721,23.250046799999936],[-16.114655200000012,23.232547],[-16.11769769999995,23.22518269999996],[-16.11421779999997,23.20924409999996],[-16.1242935,23.1905697],[-16.16292889999997,23.142274799999974],[-16.188006400000017,23.1236464],[-16.19824239999998,23.1064185],[-16.2086744,23.078073899999985],[-16.18964259999995,23.091364099999968],[-16.1782903,23.090569],[-16.162458200000014,23.079855499999958],[-16.149183399999973,23.060785599999956],[-16.143297100000016,23.044071199999983],[-16.141427,23.026551399999985],[-16.147915,22.99485549999998],[-16.16905,22.959145],[-16.19281609999998,22.93365479999998],[-16.210490199999956,22.92027859999999],[-16.268560699999952,22.896631],[-16.280530899999963,22.89622280000001],[-16.283907199999987,22.90552640000001],[-16.286158099999977,22.906891199999958],[-16.288460499999964,22.904613199999947],[-16.28656689999996,22.901100699999933],[-16.29131440000002,22.883266399999936],[-16.3031736,22.8598176],[-16.302878,22.8531118],[-16.2970184,22.849660399999983],[-16.293840299999935,22.8519653],[-16.289460500000015,22.848383599999945],[-16.288415099999938,22.83386820000002],[-16.29547249999998,22.819029299999972],[-16.3161356,22.7944798],[-16.32023559999995,22.783096599999975],[-16.32927309999996,22.775917899999932],[-16.32754569999994,22.767110899999988],[-16.332807199999984,22.7621314],[-16.336637299999985,22.750346299999947],[-16.344047700000015,22.720426199999967],[-16.339805400000014,22.690980199999956],[-16.345808200000018,22.664571199999962],[-16.34303379999997,22.653701099999935],[-16.357301600000014,22.613928599999934],[-16.359877,22.5781062],[-16.369834899999987,22.562746899999976],[-16.3809656,22.552254599999944],[-16.42763759999994,22.522413799999953],[-16.4375666,22.50456379999999],[-16.4404683,22.49868749999997],[-16.440153299999967,22.48217539999995],[-16.451434299999974,22.45977149999996],[-16.450395099999966,22.44306239999998],[-16.4568846,22.41398039999998],[-16.460580600000014,22.41008640000002],[-16.45997559999996,22.39181539999995],[-16.4668311,22.3826606],[-16.464176900000034,22.385970400000033],[-16.3836533,22.3559089],[-16.3005692,22.3060973],[-16.2173134,22.2649262],[-16.0001618,22.0831968],[-15.910606100000031,21.947351100000013],[-15.8452031,22.0667164],[-15.8028027,22.1169789],[-15.7701871,22.1678593],[-15.720576900000012,22.182484],[-15.6584355,22.1669054],[-15.5813595,22.1552999],[-15.499768900000017,22.13249930000003],[-15.400085100000034,22.11363919999998],[-15.3341672,22.1141163],[-15.2718577,22.129195699999983],[-15.2203212,22.1645438],[-15.2214456,22.2027804],[-15.2770467,22.290142499999966],[-15.31767410000004,22.37205769999997],[-15.29607050000001,22.4615903],[-15.27134270000003,22.51831569999998],[-15.192515800000024,22.6650687],[-15.1755213,22.7161446],[-15.162166100000025,22.784034200000015],[-15.1449999,22.8401915],[-15.1290011,22.9265026],[-15.131953700000018,23.115309200000024],[-15.1159548,23.221181099999978],[-15.0279011,23.3697271],[-14.874504500000025,23.3686083],[-14.7717738,23.3752029],[-14.7201037,23.3679622],[-14.656017400000039,23.32021950000003],[-14.6423718,23.2720988],[-14.6197125,23.2351931],[-14.5470997,23.2067971],[-14.489078200000023,23.203010500000044],[-14.439983,23.2063238],[-14.360624,23.236873],[-14.316910400000022,23.23266919999998],[-14.2046439,23.2093214],[-14.081674300000042,23.16855560000002],[-13.779653,23.042903900000034],[-13.356679300000014,22.848150899999965],[-13.1502902,22.7575125],[-13.105278,22.893056],[-12.998333,23.024722],[-12.571389,23.291389],[-12.365833,23.318611],[-12.155833,23.416389],[-12.000278,23.454444],[-12.000833,23.833333],[-12,24.385432],[-12.113032,24.41590429999996],[-12.202156900000034,24.43219480000003],[-12.2642589,24.4385383],[-12.319344400000016,24.432861699999965],[-12.3595526,24.4196769],[-12.5394692,24.3835851],[-12.581214,24.380058799999983],[-12.6112465,24.3832515],[-12.685221100000028,24.4072646],[-12.730369300000017,24.427221799999966],[-12.8866209,24.481621700000012],[-13.0515875,24.5156748],[-13.1202521,24.5272321],[-13.295003300000037,24.51270729999997],[-13.437130400000026,24.4666855],[-13.513348,24.4335568],[-13.6889662,24.3905079],[-13.734799800000026,24.399888],[-13.811523800000032,24.428242899999987],[-13.9929699,24.4702791],[-14.075891,24.4839651],[-14.3048161,24.4731141],[-14.341966100000043,24.464748],[-14.5061062,24.41612889999998],[-14.5631665,24.4326731],[-14.59046060000004,24.45450469999997],[-14.609343400000014,24.47499679999996],[-14.621703,24.498734700000014],[-14.66376,24.525888299999977],[-14.704443800000018,24.53830340000003],[-14.7473763,24.5442997],[-14.785253400000027,24.554862799999967],[-14.8671444,24.6221086],[-14.886490700000028,24.642542100000032],[-14.898607800000025,24.67396989999997],[-14.904882,24.683195]]],[[[-14.883576602384458,24.72263837440323],[-14.884711,24.714198],[-14.88155343247783,24.710365519472013],[-14.8846644,24.7143344],[-14.883576602384458,24.72263837440323]]],[[[-14.675315929905928,25.64708058944214],[-14.67580650000004,25.63704849999995],[-14.683564299141407,25.62121925317402],[-14.675096900000035,25.637587699999976],[-14.675315929905928,25.64708058944214]]],[[[-14.495543113867999,26.11888722775484],[-14.497914800000018,26.115909299999963],[-14.497399689251944,26.114590992898805],[-14.4976976,26.115971],[-14.495543113867999,26.11888722775484]]],[[[-13.6264785,26.6823093],[-13.625914200000029,26.682621399999974],[-13.6265,26.68236789999996],[-13.627434499999964,26.6817543],[-13.62841228110197,26.68080647165455],[-13.6264785,26.6823093]]],[[[-13.434497300000032,27.0589376],[-13.4372439,27.05998860000001],[-13.438230900000043,27.0600239],[-13.438445500000036,27.059699099999946],[-13.438424100000042,27.0593551],[-13.437844699999975,27.058953800000012],[-13.431262199999967,27.0572674],[-13.434189,27.045915],[-13.455516,26.999072],[-13.431845,27.0503543],[-13.4305784,27.0570662],[-13.4357953,27.0588075],[-13.437758600000045,27.059086],[-13.4383602,27.059516],[-13.4377942,27.0599284],[-13.434497300000032,27.0589376]]],[[[-13.418682977600778,27.081522105302618],[-13.429600400000048,27.06046819999999],[-13.431858,27.058113],[-13.434497300000032,27.0589376],[-13.431389800000044,27.057922699999963],[-13.4307684,27.0584691],[-13.420576,27.07558849999996],[-13.418682977600778,27.081522105302618]]],[[[-13.42278852237144,27.095154686966882],[-13.417969500000044,27.086785300000017],[-13.418649071626014,27.081523502122952],[-13.4178171,27.0873137],[-13.42278852237144,27.095154686966882]]],[[[-13.424527327293152,27.096911210486567],[-13.432770499999975,27.096448799999955],[-13.433081600000047,27.09623859999997],[-13.433056488619188,27.089043111607126],[-13.43167170000001,27.09601629999996],[-13.4326956,27.0959429],[-13.432851600000024,27.0963269],[-13.424527327293152,27.096911210486567]]],[[[-13.407637500000043,27.1642722],[-13.418644799999964,27.1108743],[-13.424182480157862,27.097101378057996],[-13.4186737,27.1085718],[-13.415644300000036,27.119957200000023],[-13.407637500000043,27.1642722]]],[[[-13.229468595418687,27.507278367007537],[-13.244269,27.477371],[-13.257394727158296,27.444657182552824],[-13.245522600000044,27.47232320000002],[-13.229468595418687,27.507278367007537]]],[[[-13.160515951427705,27.696600834100664],[-13.165053300000036,27.69106],[-13.167143,27.684466],[-13.16691,27.681119],[-13.167539,27.67804],[-13.170378400000011,27.673215099999986],[-13.175882,27.6606763],[-13.197109,27.6224744],[-13.185388800000037,27.64237320000003],[-13.1719466,27.667829599999983],[-13.1701086,27.6733901],[-13.1684821,27.6758161],[-13.167378300000028,27.6781349],[-13.1669836,27.6793559],[-13.1647991,27.6912399],[-13.160515951427705,27.696600834100664]]],[[[-13.088767,27.730089],[-13.111744,27.721916],[-13.121315481673363,27.713624143062866],[-13.112150100000015,27.721217],[-13.088767,27.730089]]],[[[-12.954844664928554,27.923896443212172],[-12.96039,27.9206739],[-12.971045,27.897774],[-12.980522,27.894056],[-12.983705,27.886387],[-12.981935200000034,27.8839897],[-12.98892,27.878233],[-12.986296,27.871507],[-12.989774038863874,27.85801996169933],[-12.9856544,27.8739086],[-12.988628200000036,27.877841699999962],[-12.9820154,27.8830219],[-12.9794936,27.8937222],[-12.9707492,27.8977071],[-12.960908500000041,27.9180731],[-12.954844664928554,27.923896443212172]]],[[[-12.887719200749999,27.95477355091485],[-12.91713,27.954322],[-12.9210506,27.9484883],[-12.9317508,27.944114299999946],[-12.921072400000018,27.948234699999986],[-12.915333900000032,27.95405880000004],[-12.887719200749999,27.95477355091485]]],[[[-5.688768,29.539539],[-5.678133,29.530886],[-5.6858283,29.5411868],[-5.688768,29.539539]]],[[[-3.6716793,30.664066],[-3.667254400000013,30.66016239999996],[-3.6637566,30.6699081],[-3.6716793,30.664066]]],[[[-2.432298772395761,32.152955800384376],[-2.43048869999997,32.149705299999965],[-2.4191805,32.1534718],[-2.432298772395761,32.152955800384376]]]]},"properties":{"shapeName":"Oued Ed-Dahab Province","shapeISO":"","shapeID":"96644757B78111329468616","shapeGroup":"MAR","shapeType":"ADM2"}}
]}