{"type":"FeatureCollection", "features": [
{"type":"Feature","geometry":{"type":"Polygon","coordinates":[[[-7.929383644999954,12.681709137000048],[-7.943017937999953,12.71143053900005],[-8.021133010999954,12.65910819500005],[-8.044831148999954,12.68034902300005],[-8.078510188999953,12.563706544000048],[-8.041942882999953,12.56760452000005],[-8.036934214999953,12.59576038100005],[-7.987615403999953,12.52432574000005],[-7.934839380999954,12.50288964300005],[-7.912267588999954,12.60272442900005],[-7.929383644999954,12.681709137000048]]]},"properties":{"shapeName":"Bamako","shapeISO":"","shapeID":"8926073B70420899930674","shapeGroup":"MLI","shapeType":"ADM2"}},
{"type":"Feature","geometry":{"type":"Polygon","coordinates":[[[1.324475606000048,16.90639272600005],[1.032272356000048,16.61401635000005],[1.018080731000048,16.56891997500005],[1.114425106000048,16.42706185000005],[0.868880731000048,16.19223397500005],[0.883694981000048,15.97585947500005],[0.853364606000048,15.96716760000005],[0.726485106000048,16.01985222500005],[0.494632731000048,16.01282697500005],[0.307335981000048,15.83128035000005],[0.299187355000048,15.779317475000049],[-0.040526144999952,15.49109209900005],[-0.233781894999952,15.37502772400005],[-0.241997644999952,15.30438484900005],[-0.163497019999952,15.21821284900005],[-0.148891144999952,15.15138647400005],[-0.180661644999952,15.05250109900005],[0.050458480000048,14.972569099000049],[0.227628480000048,14.99347997400005],[0.396667481000048,14.959544599000049],[0.519884231000048,14.99439147400005],[0.695914231000048,14.940192099000049],[0.933261981000048,14.970601974000049],[0.993314856000048,14.99089009900005],[1.311441356000048,15.273805724000049],[1.362312981000048,15.34070897400005],[1.394476607000048,15.593268224000049],[1.470323607000048,15.79690485000005],[1.453058982000048,15.81056547500005],[1.605898232000048,15.92066047500005],[1.625590107000048,16.02865622500005],[1.720774232000048,16.09742522500005],[1.768473357000048,16.23574147500005],[1.769833482000048,16.31337822500005],[1.797684607000048,16.30861435000005],[1.747829982000048,16.56364135000005],[1.764338982000048,16.81555635100005],[1.674884607000048,16.87154535100005],[1.435731607000048,16.80372635100005],[1.324475606000048,16.90639272600005]]]},"properties":{"shapeName":"Ansongo","shapeISO":"","shapeID":"8926073B56917716124995","shapeGroup":"MLI","shapeType":"ADM2"}},
{"type":"Feature","geometry":{"type":"Polygon","coordinates":[[[1.177673356000048,17.69958510100005],[0.976507981000048,17.84506122700005],[0.705279231000048,17.95673785200005],[0.463478106000048,17.95184885200005],[0.375717606000048,18.05625935200005],[0.471172481000048,18.14653397700005],[0.275989605000048,18.41589160200005],[0.072494730000048,18.80656635200005],[-0.888484145999952,19.03658397800005],[-0.944480020999952,18.00048872700005],[-1.123738895999952,17.89029810200005],[-1.523563645999952,17.87863197700005],[-1.591943520999953,17.59759260100005],[-1.471254270999953,17.33771547600005],[-1.488494770999953,17.26173735100005],[-1.609462895999953,17.12240497600005],[-1.583018270999953,17.04383472600005],[-1.604657770999953,17.01197360100005],[-1.559447520999953,16.96433022600005],[-0.771165644999952,16.90228322600005],[-0.710127769999952,16.86021747600005],[-0.687480894999952,16.735369726000048],[-0.719473894999952,16.56137022500005],[-0.678319644999952,16.54721497500005],[-0.274613144999952,16.60350622500005],[-0.169033394999952,16.67026272500005],[-0.063148519999952,16.661525225000048],[0.024480480000048,16.70521747600005],[0.064644480000048,16.78910860100005],[0.258157105000048,16.94465572600005],[0.276414605000048,17.00232922600005],[0.427939481000048,17.02854597600005],[0.479055106000048,17.11767960100005],[0.428814731000048,17.31518797600005],[0.517689481000048,17.45906272600005],[1.177673356000048,17.69958510100005]]]},"properties":{"shapeName":"Bourem","shapeISO":"","shapeID":"8926073B86504284097699","shapeGroup":"MLI","shapeType":"ADM2"}},
{"type":"Feature","geometry":{"type":"Polygon","coordinates":[[[1.324475606000048,16.90639272600005],[1.730505982000048,17.72736822600005],[1.670171232000048,17.74302947600005],[1.177673356000048,17.69958510100005],[0.517689481000048,17.45906272600005],[0.428814731000048,17.31518797600005],[0.479055106000048,17.11767960100005],[0.427939481000048,17.02854597600005],[0.276414605000048,17.00232922600005],[0.258157105000048,16.94465572600005],[0.064644480000048,16.78910860100005],[0.024480480000048,16.70521747600005],[-0.063148519999952,16.661525225000048],[-0.169033394999952,16.67026272500005],[-0.274613144999952,16.60350622500005],[-0.678319644999952,16.54721497500005],[-0.719473894999952,16.56137022500005],[-0.757933519999952,16.35597272500005],[-0.904010145999952,16.19126872500005],[-0.869483645999952,16.077243975000048],[-0.752620769999952,15.95308247500005],[-0.692179644999952,15.818496850000049],[-0.707445019999952,15.68641722500005],[-0.756295644999952,15.563142474000049],[-0.861514395999952,15.458973224000049],[-0.856202270999952,15.398160474000049],[-0.808393145999952,15.36268522400005],[-0.707468269999952,15.350016224000049],[-0.702153144999952,15.294271974000049],[-0.739339269999952,15.22078784900005],[-0.701392894999952,15.07981897400005],[-0.445039769999952,15.078521974000049],[-0.384806269999952,14.99874884900005],[-0.247414269999952,15.07279384900005],[-0.180661644999952,15.05250109900005],[-0.148891144999952,15.15138647400005],[-0.163497019999952,15.21821284900005],[-0.241997644999952,15.30438484900005],[-0.233781894999952,15.37502772400005],[-0.040526144999952,15.49109209900005],[0.299187355000048,15.779317475000049],[0.307335981000048,15.83128035000005],[0.494632731000048,16.01282697500005],[0.726485106000048,16.01985222500005],[0.853364606000048,15.96716760000005],[0.883694981000048,15.97585947500005],[0.868880731000048,16.19223397500005],[1.114425106000048,16.42706185000005],[1.018080731000048,16.56891997500005],[1.032272356000048,16.61401635000005],[1.324475606000048,16.90639272600005]]]},"properties":{"shapeName":"Gao","shapeISO":"","shapeID":"8926073B84061132695750","shapeGroup":"MLI","shapeType":"ADM2"}},
{"type":"Feature","geometry":{"type":"Polygon","coordinates":[[[1.311441356000048,15.273805724000049],[2.595181483000048,15.34077997400005],[3.017673733000048,15.33282834900005],[3.029030233000048,15.42394284900005],[3.494562483000048,15.353324474000049],[3.535292484000048,15.39485272400005],[3.537458609000048,15.48160534900005],[3.704616234000048,15.64555197500005],[3.873261984000048,15.697203850000049],[3.934899859000048,15.91764772500005],[3.990539734000048,15.97043535000005],[3.986516984000048,16.07926735000005],[4.099208359000048,16.325458350000048],[4.199820359000048,16.39347860000005],[4.196408734000048,16.80785222600005],[4.214283734000048,16.99785285100005],[4.244670359000049,16.99793397600005],[4.242842984000048,18.00562522700005],[3.216959233000048,18.00461735200005],[2.432253107000048,17.96723060200005],[2.247452607000048,18.05950322700005],[1.979458982000048,18.06050210200005],[1.932595857000048,17.75597935200005],[1.730505982000048,17.72736822600005],[1.324475606000048,16.90639272600005],[1.435731607000048,16.80372635100005],[1.674884607000048,16.87154535100005],[1.764338982000048,16.81555635100005],[1.747829982000048,16.56364135000005],[1.797684607000048,16.30861435000005],[1.769833482000048,16.31337822500005],[1.768473357000048,16.23574147500005],[1.720774232000048,16.09742522500005],[1.625590107000048,16.02865622500005],[1.605898232000048,15.92066047500005],[1.453058982000048,15.81056547500005],[1.470323607000048,15.79690485000005],[1.394476607000048,15.593268224000049],[1.362312981000048,15.34070897400005],[1.311441356000048,15.273805724000049]]]},"properties":{"shapeName":"Menaka","shapeISO":"","shapeID":"8926073B3742503303790","shapeGroup":"MLI","shapeType":"ADM2"}},
{"type":"Feature","geometry":{"type":"Polygon","coordinates":[[[-10.195277153999953,14.606152724000049],[-10.347275028999954,14.64515522400005],[-10.474434154999953,14.608882724000049],[-10.655543279999954,14.61999247400005],[-10.769565904999954,14.627654099000049],[-10.770265654999953,14.48213934800005],[-10.855262779999954,14.33012584800005],[-10.835264029999953,14.20611309800005],[-10.863262279999953,14.15210797300005],[-10.933260779999953,14.10910484800005],[-10.926260779999954,14.01309472300005],[-10.977260529999954,13.87608259800005],[-11.048259029999954,13.835078723000048],[-11.077257279999953,13.775071973000049],[-11.183255029999954,13.75306972300005],[-11.381550904999953,13.84538434800005],[-11.442634529999953,13.78904184800005],[-11.469248779999953,13.691064473000049],[-11.441249404999954,13.68606509800005],[-11.384250529999953,13.559052098000048],[-11.262846029999954,13.466387473000049],[-11.189787154999953,13.351186347000048],[-11.114531154999954,13.30745597200005],[-10.993276654999953,13.31918159700005],[-10.993259404999954,13.13501109700005],[-10.765264029999953,12.90198909700005],[-10.743264404999953,12.819981347000049],[-10.651266279999954,12.728973722000049],[-10.622265904999953,12.71797172200005],[-10.505269404999954,12.774977222000048],[-10.256429153999953,12.83592034700005],[-10.250729028999954,12.872645972000049],[-10.224256903999953,12.86686497200005],[-10.234275403999954,12.99599859700005],[-10.311272778999953,13.03000184700005],[-10.204276153999954,13.052004972000049],[-10.246032403999953,13.16032222200005],[-10.211608153999954,13.182258472000049],[-10.202275403999954,13.25102297200005],[-10.046375903999953,13.42927709700005],[-9.881371778999954,13.46307559800005],[-9.910426153999953,13.53976747300005],[-9.963281903999954,13.57105472300005],[-10.035279528999954,13.71906872300005],[-10.136277528999953,13.83407859800005],[-10.179276778999954,14.02309747300005],[-10.171277028999954,14.049099973000049],[-9.991524653999953,14.13123847300005],[-9.902781028999954,14.237095098000049],[-9.838531278999953,14.226946223000049],[-9.822284778999954,14.25411984800005],[-10.102099903999953,14.39669997300005],[-10.147279153999953,14.553146849000049],[-10.195277153999953,14.606152724000049]]]},"properties":{"shapeName":"Bafoulabe","shapeISO":"","shapeID":"8926073B35923162225659","shapeGroup":"MLI","shapeType":"ADM2"}},
{"type":"Feature","geometry":{"type":"Polygon","coordinates":[[[-9.822284778999954,14.25411984800005],[-9.661289278999954,14.334126598000049],[-9.625290028999954,14.327125973000049],[-9.513302278999953,14.21024309800005],[-9.417558153999954,14.17367372300005],[-9.386293903999954,14.194113723000049],[-9.390296028999954,14.314126098000049],[-9.272297527999953,14.33412709800005],[-9.200297902999953,14.170112598000049],[-9.116300652999954,14.134109348000049],[-8.986366152999953,14.133286223000049],[-9.015041652999953,14.18746747300005],[-8.970868652999954,14.27229897300005],[-8.971444277999954,14.36256922300005],[-8.931296527999953,14.38395259800005],[-8.927288527999954,14.35252272300005],[-8.879420402999953,14.33707097300005],[-8.879641902999953,14.30794847300005],[-8.799326027999953,14.29037359800005],[-8.722309152999953,14.285124098000049],[-8.650309652999953,14.311126723000049],[-8.571312527999954,14.41013622300005],[-8.472314402999954,14.298124723000049],[-8.162314651999953,14.31712797300005],[-8.132315776999953,14.33712984800005],[-8.160314776999954,14.43113872300005],[-8.150315651999954,14.485142848000049],[-8.237315776999953,14.51714684800005],[-8.361312277999954,14.62215759900005],[-8.471457027999953,14.67746472400005],[-8.475310777999953,14.87318022400005],[-8.507309277999953,14.960188474000049],[-8.677306652999953,14.97918997400005],[-8.802308152999954,14.79217209900005],[-8.915304652999954,14.71816397400005],[-8.969303527999953,14.71116322400005],[-9.001303902999954,14.723164349000049],[-9.016302652999954,14.77317009900005],[-9.037302402999954,14.946186474000049],[-9.189300402999953,15.105200224000049],[-9.323072527999953,15.14695297400005],[-9.380305403999953,15.200426974000049],[-9.415149653999954,15.19708059900005],[-9.454405778999954,15.17996997400005],[-9.453889778999953,15.137309974000049],[-9.511324528999953,15.11723184900005],[-9.527026028999954,15.05639622400005],[-9.461294153999953,14.83117397400005],[-9.474292778999953,14.747166974000049],[-9.761854653999954,14.694614724000049],[-9.812286653999953,14.80717222400005],[-9.886284028999954,14.81917234900005],[-10.143278278999954,14.62115322400005],[-10.195277153999953,14.606152724000049],[-10.147279153999953,14.553146849000049],[-10.102099903999953,14.39669997300005],[-9.822284778999954,14.25411984800005]]]},"properties":{"shapeName":"Diema","shapeISO":"","shapeID":"8926073B21360544825560","shapeGroup":"MLI","shapeType":"ADM2"}},
{"type":"Feature","geometry":{"type":"Polygon","coordinates":[[[-10.769565904999954,14.627654099000049],[-10.839664404999954,14.620753349000049],[-10.817264904999954,14.696160599000049],[-10.826264904999954,14.81717097400005],[-10.918104154999954,14.94603009900005],[-10.960677154999953,14.96640197400005],[-10.962517279999954,15.04283722400005],[-11.006260279999953,15.03919172400005],[-11.018260154999954,15.13320059900005],[-10.990693404999954,15.227422349000049],[-11.252753904999954,15.41602059900005],[-11.358603279999954,15.529111974000049],[-11.410759404999954,15.63265622500005],[-11.517770655999954,15.63565572500005],[-11.493433529999953,15.60749985000005],[-11.547435655999953,15.59169272400005],[-11.582609530999953,15.54437134900005],[-11.641540530999954,15.522254224000049],[-11.711198030999954,15.53840372400005],[-11.708780405999955,15.48896934900005],[-11.747869405999953,15.44980197400005],[-11.809680030999953,15.20878709900005],[-11.838623030999953,15.177517099000049],[-11.812843405999955,15.130550724000049],[-11.847213905999954,15.09344797400005],[-11.841946155999954,15.03325497400005],[-11.791649530999953,15.02502059900005],[-11.817537030999954,14.93747672400005],[-11.800571155999954,14.89355809900005],[-11.931341780999954,14.81709059900005],[-11.944540655999953,14.77340484900005],[-12.041909405999954,14.76517884900005],[-12.052869655999954,14.71922334900005],[-12.122314030999954,14.769992224000049],[-12.239236905999954,14.76136559900005],[-12.212685905999955,14.700953224000049],[-12.160265030999954,14.68352822400005],[-12.175917655999953,14.65886359900005],[-12.143989780999954,14.64375784900005],[-12.187207280999953,14.55214122400005],[-12.216265530999953,14.54349609900005],[-12.199764905999954,14.402874473000049],[-12.093443280999955,14.364733598000049],[-12.100802655999953,14.30749647300005],[-12.026806905999953,14.283491723000049],[-11.974114405999954,14.180681098000049],[-11.975589905999954,14.097548848000049],[-12.015964030999953,14.02321309800005],[-12.006369280999953,13.97797659800005],[-11.934251530999953,13.918789223000049],[-11.950464405999954,13.805310973000049],[-12.073170405999953,13.71540222300005],[-12.038067780999954,13.61907309800005],[-11.970598030999954,13.53389122300005],[-11.944239530999953,13.569252473000049],[-11.801241530999954,13.52604847300005],[-11.733243030999954,13.54205109800005],[-11.536248280999954,13.614056098000049],[-11.469248779999953,13.691064473000049],[-11.442634529999953,13.78904184800005],[-11.381550904999953,13.84538434800005],[-11.183255029999954,13.75306972300005],[-11.077257279999953,13.775071973000049],[-11.048259029999954,13.835078723000048],[-10.977260529999954,13.87608259800005],[-10.926260779999954,14.01309472300005],[-10.933260779999953,14.10910484800005],[-10.863262279999953,14.15210797300005],[-10.835264029999953,14.20611309800005],[-10.855262779999954,14.33012584800005],[-10.770265654999953,14.48213934800005],[-10.769565904999954,14.627654099000049]]]},"properties":{"shapeName":"Kayes","shapeISO":"","shapeID":"8926073B46590111149246","shapeGroup":"MLI","shapeType":"ADM2"}},
{"type":"Feature","geometry":{"type":"Polygon","coordinates":[[[-11.469248779999953,13.691064473000049],[-11.536248280999954,13.614056098000049],[-11.733243030999954,13.54205109800005],[-11.801241530999954,13.52604847300005],[-11.944239530999953,13.569252473000049],[-11.970598030999954,13.53389122300005],[-11.869382030999954,13.45610084700005],[-11.887149905999953,13.38363497200005],[-11.829547405999953,13.305396847000049],[-11.765776780999953,13.33960172200005],[-11.741252780999954,13.40700247200005],[-11.626264155999953,13.389419972000049],[-11.636423530999954,13.359782472000049],[-11.597061905999954,13.362102222000049],[-11.588048655999954,13.304558972000049],[-11.525770530999953,13.253563097000049],[-11.538435655999955,13.19660334700005],[-11.499825529999955,13.18476834700005],[-11.517732030999953,13.14727484700005],[-11.424967654999953,13.076332472000049],[-11.434028904999954,13.05135934700005],[-11.397564529999954,13.003477222000049],[-11.414950404999953,12.966689472000049],[-11.387091404999953,12.96373484700005],[-11.384083529999954,12.990809972000049],[-11.357154154999954,12.97816634700005],[-11.348441154999954,12.93197747200005],[-11.398555279999954,12.92460109700005],[-11.410095029999953,12.844628347000048],[-11.382717154999954,12.82848222200005],[-11.401753279999953,12.76977397200005],[-11.367862154999953,12.73408222200005],[-11.421356779999954,12.722271722000048],[-11.440623404999954,12.694190347000049],[-11.403122904999954,12.588634472000049],[-11.447010529999954,12.54573997200005],[-11.417260779999953,12.51980697200005],[-11.409784654999953,12.541126347000048],[-11.388318904999954,12.53503172200005],[-11.382758904999953,12.48980147200005],[-11.363685779999953,12.50669009700005],[-11.350006154999953,12.461318472000048],[-11.372794654999954,12.449726972000049],[-11.366951404999954,12.391501097000049],[-11.430792654999953,12.38358897200005],[-11.446002904999954,12.35539759600005],[-11.429703654999953,12.28548959600005],[-11.494786029999954,12.18446509600005],[-11.457086904999954,12.133629596000048],[-11.367977279999954,12.105155096000049],[-11.355957529999953,12.058982846000049],[-11.309421654999953,12.01972047100005],[-11.222935279999954,11.993281721000049],[-11.142816154999954,12.047418221000049],[-11.140993404999953,12.09361622100005],[-11.110660029999954,12.09361059600005],[-11.073410404999954,12.13420872100005],[-11.043063654999953,12.216368596000049],[-10.930570279999953,12.226737846000049],[-10.857819654999954,12.139376471000048],[-10.791054529999954,12.110046971000049],[-10.800675654999953,12.03699997100005],[-10.764008279999954,11.96166634600005],[-10.773083404999953,11.935568096000049],[-10.658928154999954,11.89348409600005],[-10.614983029999953,11.97001122100005],[-10.568220029999953,11.98823947100005],[-10.581149904999954,12.019192221000049],[-10.520735404999954,12.04169159600005],[-10.514067779999953,12.12078184600005],[-10.447074654999954,12.119685971000049],[-10.410911153999953,12.14182597100005],[-10.414703028999954,12.17285784600005],[-10.331528403999954,12.190731096000048],[-10.339715778999954,12.220809346000049],[-10.345727903999954,12.307228971000049],[-10.373546403999953,12.29966809600005],[-10.382720528999954,12.326051596000049],[-10.346953653999954,12.339943846000049],[-10.353780278999954,12.39945322200005],[-10.258982903999954,12.51091497200005],[-10.256273153999954,12.58673947200005],[-10.215880903999954,12.62009034700005],[-10.226405278999954,12.68645097200005],[-10.266838528999953,12.69698184700005],[-10.270976778999954,12.719109722000049],[-10.186040528999953,12.775498347000049],[-10.256429153999953,12.83592034700005],[-10.505269404999954,12.774977222000048],[-10.622265904999953,12.71797172200005],[-10.651266279999954,12.728973722000049],[-10.743264404999953,12.819981347000049],[-10.765264029999953,12.90198909700005],[-10.993259404999954,13.13501109700005],[-10.993276654999953,13.31918159700005],[-11.114531154999954,13.30745597200005],[-11.189787154999953,13.351186347000048],[-11.262846029999954,13.466387473000049],[-11.384250529999953,13.559052098000048],[-11.441249404999954,13.68606509800005],[-11.469248779999953,13.691064473000049]]]},"properties":{"shapeName":"Kenieba","shapeISO":"","shapeID":"8926073B58532098111230","shapeGroup":"MLI","shapeType":"ADM2"}},
{"type":"Feature","geometry":{"type":"Polygon","coordinates":[[[-10.256429153999953,12.83592034700005],[-10.186040528999953,12.775498347000049],[-10.270976778999954,12.719109722000049],[-10.266838528999953,12.69698184700005],[-10.226405278999954,12.68645097200005],[-10.215880903999954,12.62009034700005],[-10.256273153999954,12.58673947200005],[-10.258982903999954,12.51091497200005],[-10.353780278999954,12.39945322200005],[-10.346953653999954,12.339943846000049],[-10.382720528999954,12.326051596000049],[-10.373546403999953,12.29966809600005],[-10.345727903999954,12.307228971000049],[-10.339715778999954,12.220809346000049],[-10.298062403999953,12.18843834600005],[-10.250586903999954,12.213111596000049],[-10.244054028999953,12.19402759600005],[-10.194455028999954,12.200214471000049],[-10.139875278999954,12.17036122100005],[-10.091731778999954,12.180570471000049],[-10.096355153999953,12.14692884600005],[-10.067770278999953,12.133478096000049],[-10.063455778999954,12.14864472100005],[-9.971157653999953,12.097195596000049],[-9.914428653999954,12.09703109600005],[-9.872296778999953,12.05088097100005],[-9.816686403999954,12.059732221000049],[-9.715285653999953,12.020873846000049],[-9.688068778999954,12.03193359600005],[-9.679790403999954,12.11824759600005],[-9.635789903999953,12.169746971000048],[-9.535579153999953,12.189876096000049],[-9.473870278999954,12.25356397100005],[-9.342174902999954,12.24373647100005],[-9.298839902999953,12.35612159600005],[-9.407648153999954,12.453397597000048],[-9.365339028999953,12.49537747200005],[-9.334417277999954,12.47743047200005],[-9.315483652999953,12.50232034700005],[-9.157743152999954,12.48761397200005],[-9.044757152999953,12.426363847000049],[-8.900898652999953,12.515286597000049],[-8.871490152999954,12.60028459700005],[-8.788235902999954,12.588896847000049],[-8.611067027999953,12.77236509700005],[-8.609703402999953,12.80507559700005],[-8.657475277999954,12.860150472000049],[-8.621448277999953,12.883464097000049],[-8.632322902999954,12.92603722200005],[-8.604540402999953,12.929553972000049],[-8.580508527999953,12.98358897200005],[-8.598056902999954,13.09878322200005],[-8.571465652999953,13.13024934700005],[-8.569511027999953,13.222823222000049],[-8.526010277999953,13.268558472000048],[-8.540011777999954,13.29653022200005],[-8.522047152999953,13.33744384700005],[-8.501702527999953,13.336081222000049],[-8.513470652999953,13.368639097000049],[-8.453229402999954,13.395515847000048],[-8.475444027999954,13.488638098000049],[-8.558671277999954,13.570027598000049],[-8.541581652999954,13.58285784800005],[-8.556940777999953,13.67453134800005],[-8.454502777999954,13.81505297300005],[-8.460829902999953,13.860678848000049],[-8.434832152999954,13.866049348000049],[-8.480855777999952,13.95186959800005],[-8.532667652999953,13.959234348000049],[-8.589748027999953,13.925533098000049],[-8.570913277999953,13.90412772300005],[-8.602352402999953,13.86118597300005],[-8.572574902999953,13.86079322300005],[-8.601565902999953,13.83419522300005],[-8.663936152999954,13.85588372300005],[-8.703634277999953,13.84131684800005],[-8.739188027999953,13.876562098000049],[-8.739962527999953,13.915780223000048],[-8.771323902999953,13.89847184800005],[-8.786562902999954,13.93499097300005],[-8.847993527999954,13.96166534800005],[-8.863421902999953,13.99629747300005],[-8.813996152999954,14.042721973000049],[-8.825343027999953,14.10903909800005],[-8.747699777999953,14.10391147300005],[-8.755160152999954,14.19779734800005],[-8.792284527999954,14.26077697300005],[-8.820183402999954,14.26784822300005],[-8.799326027999953,14.29037359800005],[-8.879641902999953,14.30794847300005],[-8.879420402999953,14.33707097300005],[-8.927288527999954,14.35252272300005],[-8.931296527999953,14.38395259800005],[-8.971444277999954,14.36256922300005],[-8.970868652999954,14.27229897300005],[-9.015041652999953,14.18746747300005],[-8.986366152999953,14.133286223000049],[-9.116300652999954,14.134109348000049],[-9.200297902999953,14.170112598000049],[-9.272297527999953,14.33412709800005],[-9.390296028999954,14.314126098000049],[-9.386293903999954,14.194113723000049],[-9.417558153999954,14.17367372300005],[-9.513302278999953,14.21024309800005],[-9.625290028999954,14.327125973000049],[-9.661289278999954,14.334126598000049],[-9.822284778999954,14.25411984800005],[-9.838531278999953,14.226946223000049],[-9.902781028999954,14.237095098000049],[-9.991524653999953,14.13123847300005],[-10.171277028999954,14.049099973000049],[-10.179276778999954,14.02309747300005],[-10.136277528999953,13.83407859800005],[-10.035279528999954,13.71906872300005],[-9.963281903999954,13.57105472300005],[-9.910426153999953,13.53976747300005],[-9.881371778999954,13.46307559800005],[-10.046375903999953,13.42927709700005],[-10.202275403999954,13.25102297200005],[-10.211608153999954,13.182258472000049],[-10.246032403999953,13.16032222200005],[-10.204276153999954,13.052004972000049],[-10.311272778999953,13.03000184700005],[-10.234275403999954,12.99599859700005],[-10.224256903999953,12.86686497200005],[-10.250729028999954,12.872645972000049],[-10.256429153999953,12.83592034700005]]]},"properties":{"shapeName":"Kita","shapeISO":"","shapeID":"8926073B18522946307375","shapeGroup":"MLI","shapeType":"ADM2"}},
{"type":"Feature","geometry":{"type":"Polygon","coordinates":[[[-10.195277153999953,14.606152724000049],[-10.143278278999954,14.62115322400005],[-9.886284028999954,14.81917234900005],[-9.812286653999953,14.80717222400005],[-9.761854653999954,14.694614724000049],[-9.474292778999953,14.747166974000049],[-9.461294153999953,14.83117397400005],[-9.527026028999954,15.05639622400005],[-9.511324528999953,15.11723184900005],[-9.453889778999953,15.137309974000049],[-9.454405778999954,15.17996997400005],[-9.415149653999954,15.19708059900005],[-9.380305403999953,15.200426974000049],[-9.323072527999953,15.14695297400005],[-9.189300402999953,15.105200224000049],[-9.037302402999954,14.946186474000049],[-9.016302652999954,14.77317009900005],[-9.001303902999954,14.723164349000049],[-8.969303527999953,14.71116322400005],[-8.915304652999954,14.71816397400005],[-8.802308152999954,14.79217209900005],[-8.677306652999953,14.97918997400005],[-8.725397152999953,15.00449134900005],[-8.788304527999953,15.14020409900005],[-8.804303277999953,15.242213724000049],[-8.849306902999952,15.29021922400005],[-8.988653027999954,15.35853947400005],[-9.136137777999954,15.49722709900005],[-9.329340652999953,15.49679947400005],[-9.308648027999954,15.689245850000049],[-9.330761277999953,15.69883810000005],[-9.445757278999954,15.600038724000049],[-9.401585278999953,15.43388422400005],[-10.004937028999954,15.43403947400005],[-9.988282528999953,15.33322172400005],[-10.133280153999953,15.12820122400005],[-10.196311778999954,15.07622022400005],[-10.258277403999953,15.07919647400005],[-10.393231278999954,14.851161724000049],[-10.455005904999954,14.81426509900005],[-10.516270404999954,14.717162849000049],[-10.655543279999954,14.61999247400005],[-10.474434154999953,14.608882724000049],[-10.347275028999954,14.64515522400005],[-10.195277153999953,14.606152724000049]]]},"properties":{"shapeName":"Nioro","shapeISO":"","shapeID":"8926073B70352921020870","shapeGroup":"MLI","shapeType":"ADM2"}},
{"type":"Feature","geometry":{"type":"Polygon","coordinates":[[[-10.655543279999954,14.61999247400005],[-10.516270404999954,14.717162849000049],[-10.455005904999954,14.81426509900005],[-10.393231278999954,14.851161724000049],[-10.258277403999953,15.07919647400005],[-10.196311778999954,15.07622022400005],[-10.133280153999953,15.12820122400005],[-9.988282528999953,15.33322172400005],[-10.004937028999954,15.43403947400005],[-10.257997153999954,15.47370384900005],[-10.348262028999953,15.428490224000049],[-10.507852529999953,15.43727184900005],[-10.640025529999953,15.41604997400005],[-10.721100529999953,15.43858034900005],[-10.716495904999954,15.36742422400005],[-10.824944904999954,15.28251059900005],[-10.836742654999954,15.211562349000049],[-10.869216154999954,15.18872684900005],[-10.898401529999953,15.104583224000049],[-10.990693404999954,15.227422349000049],[-11.018260154999954,15.13320059900005],[-11.006260279999953,15.03919172400005],[-10.962517279999954,15.04283722400005],[-10.960677154999953,14.96640197400005],[-10.918104154999954,14.94603009900005],[-10.826264904999954,14.81717097400005],[-10.817264904999954,14.696160599000049],[-10.839664404999954,14.620753349000049],[-10.769565904999954,14.627654099000049],[-10.655543279999954,14.61999247400005]]]},"properties":{"shapeName":"Yelimane","shapeISO":"","shapeID":"8926073B99329075829336","shapeGroup":"MLI","shapeType":"ADM2"}},
{"type":"Feature","geometry":{"type":"Polygon","coordinates":[[[3.120216108000048,19.12954610300005],[3.121082108000048,19.18182572800005],[3.297931233000048,19.37640985300005],[3.230101733000048,19.58211447800005],[3.252777358000048,19.83290397800005],[3.146429233000048,19.85451035300005],[2.971783233000048,19.96623035400005],[2.731057483000048,20.01066410400005],[2.683287483000048,20.11506885400005],[2.662816358000048,20.07012310400005],[2.586822233000048,20.04578747900005],[2.548980608000048,20.05333160400005],[2.514708108000048,20.10885772900005],[2.464319608000048,20.11341997900005],[2.403872107000048,20.08894272900005],[2.368718232000048,20.04294360400005],[2.392140482000048,20.14757485400005],[2.352230107000048,20.17328347900005],[2.300393607000048,20.25113522900005],[2.302324107000048,20.28785760400005],[2.266464732000048,20.31374047900005],[2.183617107000048,20.33126872900005],[2.180415232000048,20.29409322900005],[2.110292607000048,20.25233485400005],[2.031022357000048,20.28439285400005],[1.987434857000048,20.25310397900005],[1.947148857000048,20.25637747900005],[1.926016357000048,20.22127497900005],[1.886396982000048,20.29373772900005],[1.800079107000048,20.29509822900005],[1.766311982000048,20.34839072900005],[1.714645357000048,20.37208160400005],[1.394404482000048,19.76537547800005],[1.403693482000048,19.38855435300005],[1.470865857000048,19.17394722800005],[1.744792107000048,18.91571910300005],[1.796320107000048,18.88407535300005],[1.996534982000048,18.88570535300005],[2.260610607000048,18.88787597800005],[2.301942982000048,19.15504497800005],[2.761485233000048,18.97484960300005],[3.120216108000048,19.12954610300005]]]},"properties":{"shapeName":"Abeibara","shapeISO":"","shapeID":"8926073B20562192673680","shapeGroup":"MLI","shapeType":"ADM2"}},
{"type":"Feature","geometry":{"type":"Polygon","coordinates":[[[1.177673356000048,17.69958510100005],[1.670171232000048,17.74302947600005],[1.730505982000048,17.72736822600005],[1.932595857000048,17.75597935200005],[1.979458982000048,18.06050210200005],[1.996534982000048,18.88570535300005],[1.796320107000048,18.88407535300005],[1.744792107000048,18.91571910300005],[1.470865857000048,19.17394722800005],[1.403693482000048,19.38855435300005],[1.124671981000048,19.13891197800005],[1.195822981000048,19.01428260300005],[1.437946357000048,18.91177285300005],[1.585557232000048,18.93589347800005],[1.626972482000048,18.91277747800005],[1.626972607000048,18.88664810300005],[1.542017357000048,18.86855710300005],[1.518654982000048,18.80323097700005],[1.375292106000048,18.75901047700005],[1.366118481000048,18.69303035200005],[1.175668481000048,18.64523435200005],[1.186266481000048,18.56951735200005],[1.223434856000048,18.53119585200005],[1.207506356000048,18.51102697700005],[1.090691731000048,18.49342297700005],[1.029099106000048,18.44704847700005],[0.952640606000048,18.49459572700005],[0.882085981000048,18.81671247700005],[0.275989605000048,18.41589160200005],[0.471172481000048,18.14653397700005],[0.375717606000048,18.05625935200005],[0.463478106000048,17.95184885200005],[0.705279231000048,17.95673785200005],[0.976507981000048,17.84506122700005],[1.177673356000048,17.69958510100005]]]},"properties":{"shapeName":"Kidal","shapeISO":"","shapeID":"8926073B1219027063836","shapeGroup":"MLI","shapeType":"ADM2"}},
{"type":"Feature","geometry":{"type":"Polygon","coordinates":[[[0.275989605000048,18.41589160200005],[0.882085981000048,18.81671247700005],[0.952640606000048,18.49459572700005],[1.029099106000048,18.44704847700005],[1.090691731000048,18.49342297700005],[1.207506356000048,18.51102697700005],[1.223434856000048,18.53119585200005],[1.186266481000048,18.56951735200005],[1.175668481000048,18.64523435200005],[1.366118481000048,18.69303035200005],[1.375292106000048,18.75901047700005],[1.518654982000048,18.80323097700005],[1.542017357000048,18.86855710300005],[1.626972607000048,18.88664810300005],[1.626972482000048,18.91277747800005],[1.585557232000048,18.93589347800005],[1.437946357000048,18.91177285300005],[1.195822981000048,19.01428260300005],[1.124671981000048,19.13891197800005],[1.403693482000048,19.38855435300005],[1.394404482000048,19.76537547800005],[1.714645357000048,20.37208160400005],[1.671534732000048,20.40491360400005],[1.668921232000048,20.528355354000052],[1.593745232000048,20.59742472900005],[1.384391482000048,20.65508235400005],[1.315119106000048,20.73953160400005],[1.170309856000048,20.73034672900005],[1.195332231000048,20.94346947900005],[1.179452106000048,21.11404960500005],[-0.014338894999952,21.906762105000052],[-0.237504644999952,21.22978660500005],[-1.292479645999952,20.38670647900005],[-2.056461396999953,19.99866910400005],[-1.981868271999953,19.76993547800005],[-1.124977145999952,19.07418685300005],[-0.888484145999952,19.03658397800005],[0.072494730000048,18.80656635200005],[0.275989605000048,18.41589160200005]]]},"properties":{"shapeName":"Tessalit","shapeISO":"","shapeID":"8926073B10282848961107","shapeGroup":"MLI","shapeType":"ADM2"}},
{"type":"Feature","geometry":{"type":"Polygon","coordinates":[[[4.242842984000048,18.00562522700005],[4.242464859000048,19.14041510300005],[3.356664983000048,18.96498697800005],[3.120216108000048,19.12954610300005],[2.761485233000048,18.97484960300005],[2.301942982000048,19.15504497800005],[2.260610607000048,18.88787597800005],[1.996534982000048,18.88570535300005],[1.979458982000048,18.06050210200005],[2.247452607000048,18.05950322700005],[2.432253107000048,17.96723060200005],[3.216959233000048,18.00461735200005],[4.242842984000048,18.00562522700005]]]},"properties":{"shapeName":"Tin-Essako","shapeISO":"","shapeID":"8926073B78830545080626","shapeGroup":"MLI","shapeType":"ADM2"}},
{"type":"Feature","geometry":{"type":"Polygon","coordinates":[[[-6.900346900999953,13.746074348000048],[-6.936100275999953,13.821789473000049],[-6.900347275999954,13.995099098000049],[-6.638668400999953,14.41999684800005],[-6.849020900999953,14.35936484800005],[-6.895113775999953,14.251898473000049],[-7.113451025999953,14.17763009800005],[-7.214776901999953,14.11246272300005],[-7.337401401999953,14.18180022300005],[-7.490113151999953,14.21274697300005],[-7.583885151999954,14.195126098000049],[-7.723756276999953,14.208719223000049],[-7.759806651999953,14.308131598000049],[-7.816728401999954,14.32101872300005],[-7.818625401999953,14.295244348000049],[-7.797279776999953,14.28426534800005],[-7.807789401999953,14.200281348000049],[-7.783210901999953,14.18260159800005],[-7.796328401999953,13.96809422300005],[-7.717114901999953,13.83849397300005],[-7.762651901999953,13.821920348000049],[-7.764729776999953,13.78894122300005],[-7.690892401999953,13.80335072300005],[-7.655331026999953,13.72107084800005],[-7.712328776999954,13.68306722300005],[-7.666234651999953,13.63793797300005],[-7.540748276999953,13.65742697300005],[-7.533775276999953,13.53209497300005],[-7.553240776999953,13.49249322300005],[-7.585460151999953,13.48705259800005],[-7.528357276999953,13.468576973000049],[-7.504464651999953,13.43248959700005],[-7.449772901999953,13.417491222000049],[-7.454889776999953,13.38159784700005],[-7.490955901999953,13.36301097200005],[-7.484193026999953,13.33567634700005],[-7.409220651999953,13.320292972000049],[-7.177612525999953,13.37141022200005],[-7.221043776999953,13.426474347000049],[-7.204970025999954,13.452062847000049],[-7.084405650999953,13.492139848000049],[-7.044218525999953,13.548062223000048],[-6.945345775999953,13.57705822300005],[-6.929345275999953,13.71807159800005],[-6.900346900999953,13.746074348000048]]]},"properties":{"shapeName":"Banamba","shapeISO":"","shapeID":"8926073B21738268784100","shapeGroup":"MLI","shapeType":"ADM2"}},
{"type":"Feature","geometry":{"type":"Polygon","coordinates":[[[-6.422017900999953,12.718327347000049],[-6.477597525999953,12.72240134700005],[-6.500769775999953,12.69179222200005],[-6.566745525999953,12.80201947200005],[-6.791700775999953,12.78351947200005],[-6.807897525999953,12.820733972000049],[-6.852089650999953,12.82263209700005],[-6.887314900999953,12.79549947200005],[-6.892876775999953,12.834842222000049],[-7.037144775999953,12.88221859700005],[-7.037144900999953,12.96194822200005],[-7.067386275999954,12.996969722000049],[-7.155340400999953,12.928996847000048],[-7.229846901999953,12.96244097200005],[-7.255682276999953,12.951248847000048],[-7.339336401999953,12.80798409700005],[-7.490332151999954,12.775981847000049],[-7.444661776999953,12.52621297200005],[-7.402047651999953,12.479005472000049],[-7.378029026999953,12.387813722000049],[-7.376558901999953,12.30316972100005],[-7.426149901999954,12.255425971000049],[-7.355033901999954,12.21618322100005],[-7.296306901999953,12.25291484600005],[-7.276115651999953,12.32435984600005],[-7.194691525999954,12.354730221000048],[-7.124173650999953,12.44828497200005],[-7.143999025999953,12.38003447100005],[-7.132372900999953,12.313820721000049],[-7.088461400999953,12.270762096000048],[-7.120087275999953,12.21377347100005],[-7.076117275999954,12.19667584600005],[-7.071092650999953,12.17090797100005],[-7.138639650999953,12.131720596000049],[-7.128949775999953,12.10917209600005],[-7.088798150999954,12.10872459600005],[-7.161739150999953,12.062113846000049],[-7.160816150999953,12.03811334600005],[-7.091768275999953,12.01501984600005],[-7.100635400999953,11.960546471000049],[-6.971974025999953,11.97410959600005],[-6.949342400999953,11.951902471000048],[-6.947343400999953,11.85889559600005],[-6.897343400999953,11.867895471000049],[-6.709948150999953,11.768435221000049],[-6.662289650999953,11.787162221000049],[-6.564574275999953,11.74975359600005],[-6.547257525999953,11.637849471000049],[-6.486236275999953,11.66420384600005],[-6.466932525999953,11.75288809600005],[-6.357125400999953,11.925113096000048],[-6.379189150999953,12.02307422100005],[-6.330856525999953,12.085317096000049],[-6.236691525999953,12.108766471000049],[-6.168273900999953,12.06675359600005],[-6.133516649999953,12.154313971000049],[-5.968472149999953,12.161870846000049],[-5.964312774999953,12.23211347100005],[-5.993600524999953,12.25410859600005],[-5.982284274999953,12.281884721000049],[-6.009190024999953,12.32794872100005],[-6.080362024999953,12.28903697100005],[-6.125211774999953,12.309575471000048],[-6.170802150999953,12.398382722000049],[-6.267358275999953,12.394746847000048],[-6.234653525999953,12.43601247200005],[-6.270092900999953,12.47322859700005],[-6.274539025999953,12.501749222000049],[-6.254018775999953,12.49486722200005],[-6.243918900999953,12.522582222000048],[-6.259911150999953,12.54944197200005],[-6.296935775999953,12.578647222000049],[-6.347956775999953,12.56216284700005],[-6.386064025999953,12.59030034700005],[-6.422017900999953,12.718327347000049]]]},"properties":{"shapeName":"Dioila","shapeISO":"","shapeID":"8926073B3838133103629","shapeGroup":"MLI","shapeType":"ADM2"}},
{"type":"Feature","geometry":{"type":"Polygon","coordinates":[[[-8.215955901999953,11.71060447100005],[-8.174986901999953,11.753593971000049],[-8.201304151999953,11.915107596000048],[-8.231932651999953,11.968823471000048],[-8.308218527999953,12.000321096000048],[-8.334015027999953,12.065698471000049],[-8.394313277999954,12.02790909600005],[-8.453312152999953,12.092914221000049],[-8.440311402999953,12.177922346000049],[-8.481310777999953,12.33893872100005],[-8.606308152999953,12.355940221000049],[-8.759304902999954,12.263932346000049],[-8.803305902999954,12.274931221000049],[-8.871303652999954,12.360940471000049],[-8.962060402999953,12.351879346000048],[-8.932830277999953,12.31867509600005],[-8.992920152999954,12.212769721000049],[-8.967546027999953,12.180908346000049],[-8.916794277999953,12.19584684600005],[-8.892639402999954,12.167000096000049],[-8.908656027999953,12.03959559600005],[-8.864829402999954,12.01841947100005],[-8.827035402999954,12.040319846000049],[-8.773320152999954,11.971005096000049],[-8.790125402999953,11.85726072100005],[-8.831512777999954,11.79362909600005],[-8.848318027999953,11.648516471000049],[-8.759551652999953,11.626856096000049],[-8.745571777999954,11.604108971000048],[-8.701066527999954,11.640462721000048],[-8.613812152999953,11.468342096000049],[-8.565230777999954,11.45618897100005],[-8.531009777999953,11.486092721000048],[-8.514115152999953,11.576416096000049],[-8.442628527999954,11.615545346000049],[-8.456572277999953,11.635275971000048],[-8.333040152999953,11.652521221000049],[-8.215955901999953,11.71060447100005]]]},"properties":{"shapeName":"Kangaba","shapeISO":"","shapeID":"8926073B95674786747910","shapeGroup":"MLI","shapeType":"ADM2"}},
{"type":"Feature","geometry":{"type":"Polygon","coordinates":[[[-9.044757152999953,12.426363847000049],[-8.962060402999953,12.351879346000048],[-8.871303652999954,12.360940471000049],[-8.803305902999954,12.274931221000049],[-8.759304902999954,12.263932346000049],[-8.606308152999953,12.355940221000049],[-8.481310777999953,12.33893872100005],[-8.440311402999953,12.177922346000049],[-8.453312152999953,12.092914221000049],[-8.394313277999954,12.02790909600005],[-8.334015027999953,12.065698471000049],[-8.308218527999953,12.000321096000048],[-8.231932651999953,11.968823471000048],[-8.201304151999953,11.915107596000048],[-8.174986901999953,11.753593971000049],[-8.215955901999953,11.71060447100005],[-8.174575401999954,11.682432221000049],[-8.035318401999954,11.70387747100005],[-7.968337901999953,11.782181096000048],[-7.723627151999954,11.914298971000049],[-7.689078026999953,11.95383759600005],[-7.624329276999953,11.942401846000049],[-7.547208026999953,11.99436622100005],[-7.520339026999953,12.028998596000049],[-7.528999401999953,12.077100721000049],[-7.502040276999953,12.14333647100005],[-7.355033901999954,12.21618322100005],[-7.426149901999954,12.255425971000049],[-7.376558901999953,12.30316972100005],[-7.378029026999953,12.387813722000049],[-7.402047651999953,12.479005472000049],[-7.444661776999953,12.52621297200005],[-7.490332151999954,12.775981847000049],[-7.641833651999953,12.80770197200005],[-7.729228151999953,12.731877347000049],[-7.779782026999953,12.73743272200005],[-7.830325026999954,12.77998072200005],[-7.825967151999953,12.83878034700005],[-7.859456526999954,12.86487684700005],[-7.820226401999953,12.92639184700005],[-7.867325526999953,13.00200297200005],[-7.975322151999953,12.965998347000049],[-8.002321651999953,12.99400097200005],[-7.998446776999954,13.034113847000048],[-8.045827901999953,13.060332347000049],[-8.040894026999954,13.111020097000049],[-8.112320526999953,13.129014847000049],[-8.132318151999954,13.18101972200005],[-8.206316651999954,13.200022472000049],[-8.248383901999953,13.256039722000049],[-8.240317151999953,13.348135597000049],[-8.355007152999953,13.443030347000049],[-8.355762652999953,13.47402109800005],[-8.429278277999954,13.48895772300005],[-8.450614527999953,13.51571997300005],[-8.475444027999954,13.488638098000049],[-8.453229402999954,13.395515847000048],[-8.513470652999953,13.368639097000049],[-8.501702527999953,13.336081222000049],[-8.522047152999953,13.33744384700005],[-8.540011777999954,13.29653022200005],[-8.526010277999953,13.268558472000048],[-8.569511027999953,13.222823222000049],[-8.571465652999953,13.13024934700005],[-8.598056902999954,13.09878322200005],[-8.580508527999953,12.98358897200005],[-8.604540402999953,12.929553972000049],[-8.632322902999954,12.92603722200005],[-8.621448277999953,12.883464097000049],[-8.657475277999954,12.860150472000049],[-8.609703402999953,12.80507559700005],[-8.611067027999953,12.77236509700005],[-8.788235902999954,12.588896847000049],[-8.871490152999954,12.60028459700005],[-8.900898652999953,12.515286597000049],[-9.044757152999953,12.426363847000049]],[[-7.929383644999954,12.681709137000048],[-7.912267588999954,12.60272442900005],[-7.934839380999954,12.50288964300005],[-7.987615403999953,12.52432574000005],[-8.036934214999953,12.59576038100005],[-8.041942882999953,12.56760452000005],[-8.078510188999953,12.563706544000048],[-8.044831148999954,12.68034902300005],[-8.021133010999954,12.65910819500005],[-7.943017937999953,12.71143053900005],[-7.929383644999954,12.681709137000048]]]},"properties":{"shapeName":"Kati","shapeISO":"","shapeID":"8926073B85176458631238","shapeGroup":"MLI","shapeType":"ADM2"}},
{"type":"Feature","geometry":{"type":"Polygon","coordinates":[[[-8.799326027999953,14.29037359800005],[-8.820183402999954,14.26784822300005],[-8.792284527999954,14.26077697300005],[-8.755160152999954,14.19779734800005],[-8.747699777999953,14.10391147300005],[-8.825343027999953,14.10903909800005],[-8.813996152999954,14.042721973000049],[-8.863421902999953,13.99629747300005],[-8.847993527999954,13.96166534800005],[-8.786562902999954,13.93499097300005],[-8.771323902999953,13.89847184800005],[-8.739962527999953,13.915780223000048],[-8.739188027999953,13.876562098000049],[-8.703634277999953,13.84131684800005],[-8.663936152999954,13.85588372300005],[-8.601565902999953,13.83419522300005],[-8.572574902999953,13.86079322300005],[-8.602352402999953,13.86118597300005],[-8.570913277999953,13.90412772300005],[-8.589748027999953,13.925533098000049],[-8.532667652999953,13.959234348000049],[-8.480855777999952,13.95186959800005],[-8.434832152999954,13.866049348000049],[-8.460829902999953,13.860678848000049],[-8.454502777999954,13.81505297300005],[-8.556940777999953,13.67453134800005],[-8.541581652999954,13.58285784800005],[-8.558671277999954,13.570027598000049],[-8.475444027999954,13.488638098000049],[-8.450614527999953,13.51571997300005],[-8.429278277999954,13.48895772300005],[-8.355762652999953,13.47402109800005],[-8.355007152999953,13.443030347000049],[-8.240317151999953,13.348135597000049],[-8.248383901999953,13.256039722000049],[-8.206316651999954,13.200022472000049],[-8.132318151999954,13.18101972200005],[-8.112320526999953,13.129014847000049],[-8.040894026999954,13.111020097000049],[-8.045827901999953,13.060332347000049],[-7.998446776999954,13.034113847000048],[-8.002321651999953,12.99400097200005],[-7.975322151999953,12.965998347000049],[-7.867325526999953,13.00200297200005],[-7.833584401999953,13.067996347000049],[-7.855367901999953,13.09271559700005],[-7.845104151999953,13.118392097000049],[-7.701329276999953,13.18902097200005],[-7.682973026999953,13.23098722200005],[-7.723143026999953,13.36432572200005],[-7.696523776999953,13.439054972000049],[-7.504464651999953,13.43248959700005],[-7.528357276999953,13.468576973000049],[-7.585460151999953,13.48705259800005],[-7.553240776999953,13.49249322300005],[-7.533775276999953,13.53209497300005],[-7.540748276999953,13.65742697300005],[-7.666234651999953,13.63793797300005],[-7.712328776999954,13.68306722300005],[-7.655331026999953,13.72107084800005],[-7.690892401999953,13.80335072300005],[-7.764729776999953,13.78894122300005],[-7.762651901999953,13.821920348000049],[-7.717114901999953,13.83849397300005],[-7.796328401999953,13.96809422300005],[-7.783210901999953,14.18260159800005],[-7.807789401999953,14.200281348000049],[-7.797279776999953,14.28426534800005],[-7.818625401999953,14.295244348000049],[-8.162314651999953,14.31712797300005],[-8.472314402999954,14.298124723000049],[-8.571312527999954,14.41013622300005],[-8.650309652999953,14.311126723000049],[-8.722309152999953,14.285124098000049],[-8.799326027999953,14.29037359800005]]]},"properties":{"shapeName":"Kolokani","shapeISO":"","shapeID":"8926073B69551700582235","shapeGroup":"MLI","shapeType":"ADM2"}},
{"type":"Feature","geometry":{"type":"Polygon","coordinates":[[[-7.504464651999953,13.43248959700005],[-7.696523776999953,13.439054972000049],[-7.723143026999953,13.36432572200005],[-7.682973026999953,13.23098722200005],[-7.701329276999953,13.18902097200005],[-7.845104151999953,13.118392097000049],[-7.855367901999953,13.09271559700005],[-7.833584401999953,13.067996347000049],[-7.867325526999953,13.00200297200005],[-7.820226401999953,12.92639184700005],[-7.859456526999954,12.86487684700005],[-7.825967151999953,12.83878034700005],[-7.830325026999954,12.77998072200005],[-7.779782026999953,12.73743272200005],[-7.729228151999953,12.731877347000049],[-7.641833651999953,12.80770197200005],[-7.490332151999954,12.775981847000049],[-7.339336401999953,12.80798409700005],[-7.255682276999953,12.951248847000048],[-7.229846901999953,12.96244097200005],[-7.155340400999953,12.928996847000048],[-7.067386275999954,12.996969722000049],[-7.081341025999953,13.01300409700005],[-7.021342525999954,13.143016472000049],[-7.050574025999953,13.231253972000049],[-6.932587775999953,13.33898109700005],[-6.838649275999953,13.345780597000049],[-6.823683025999953,13.399347347000049],[-6.759206525999953,13.46621472300005],[-6.775349275999953,13.522053098000049],[-6.862325525999953,13.62375372300005],[-6.841348025999953,13.68806884800005],[-6.900346900999953,13.746074348000048],[-6.929345275999953,13.71807159800005],[-6.945345775999953,13.57705822300005],[-7.044218525999953,13.548062223000048],[-7.084405650999953,13.492139848000049],[-7.204970025999954,13.452062847000049],[-7.221043776999953,13.426474347000049],[-7.177612525999953,13.37141022200005],[-7.409220651999953,13.320292972000049],[-7.484193026999953,13.33567634700005],[-7.490955901999953,13.36301097200005],[-7.454889776999953,13.38159784700005],[-7.449772901999953,13.417491222000049],[-7.504464651999953,13.43248959700005]]]},"properties":{"shapeName":"Koulikoro","shapeISO":"","shapeID":"8926073B42356193702634","shapeGroup":"MLI","shapeType":"ADM2"}},
{"type":"Feature","geometry":{"type":"Polygon","coordinates":[[[-8.162314651999953,14.31712797300005],[-7.818625401999953,14.295244348000049],[-7.816728401999954,14.32101872300005],[-7.759806651999953,14.308131598000049],[-7.723756276999953,14.208719223000049],[-7.583885151999954,14.195126098000049],[-7.490113151999953,14.21274697300005],[-7.337401401999953,14.18180022300005],[-7.214776901999953,14.11246272300005],[-7.113451025999953,14.17763009800005],[-6.895113775999953,14.251898473000049],[-6.849020900999953,14.35936484800005],[-6.638668400999953,14.41999684800005],[-6.617349525999953,14.46714447300005],[-6.582349275999953,14.47714434800005],[-6.459348275999953,14.44314234800005],[-6.382353525999953,14.53315097400005],[-6.381354650999953,14.59915734900005],[-6.436352775999953,14.778174224000049],[-6.545351775999953,14.94118947400005],[-6.405359650999953,15.165210974000049],[-6.308531650999953,15.49619422400005],[-7.664148901999953,15.495374224000049],[-9.136137777999954,15.49722709900005],[-8.988653027999954,15.35853947400005],[-8.849306902999952,15.29021922400005],[-8.804303277999953,15.242213724000049],[-8.788304527999953,15.14020409900005],[-8.725397152999953,15.00449134900005],[-8.677306652999953,14.97918997400005],[-8.507309277999953,14.960188474000049],[-8.475310777999953,14.87318022400005],[-8.471457027999953,14.67746472400005],[-8.361312277999954,14.62215759900005],[-8.237315776999953,14.51714684800005],[-8.150315651999954,14.485142848000049],[-8.160314776999954,14.43113872300005],[-8.132315776999953,14.33712984800005],[-8.162314651999953,14.31712797300005]]]},"properties":{"shapeName":"Nara","shapeISO":"","shapeID":"8926073B7074311745372","shapeGroup":"MLI","shapeType":"ADM2"}},
{"type":"Feature","geometry":{"type":"Polygon","coordinates":[[[-2.907338896999953,14.819566224000049],[-2.982803397999953,14.817520974000049],[-3.082723397999953,14.85106197400005],[-3.136110272999953,14.81219709900005],[-3.164439647999953,14.82071184900005],[-3.186816397999953,14.92203547400005],[-3.281423522999953,14.95819672400005],[-3.373928772999953,15.05151347400005],[-3.633094147999953,14.908018349000049],[-3.695997897999953,14.94898409900005],[-3.766414397999953,14.919191099000049],[-3.795288647999953,14.86867122400005],[-3.845755647999953,14.84845122400005],[-3.854411897999953,14.588159474000049],[-4.004407648999953,14.466147598000049],[-4.006408398999953,14.352136723000049],[-4.061657898999953,14.200697098000049],[-4.102854898999952,14.12344059800005],[-4.071907523999953,14.07168572300005],[-4.104620648999953,13.98930984800005],[-4.094517773999953,13.94598572300005],[-4.092878773999953,13.89747409800005],[-4.041405648999953,13.83608734800005],[-3.868396397999953,13.925573098000049],[-3.824428397999953,13.98264772300005],[-3.769548522999953,13.99379984800005],[-3.756125897999953,14.019505348000049],[-3.738189272999953,14.008266348000049],[-3.694713397999953,14.139440973000049],[-3.642922397999953,14.13022109800005],[-3.636280647999953,14.15588259800005],[-3.497288647999953,14.222519223000049],[-3.478354022999953,14.19282734800005],[-3.214813772999953,14.384155098000049],[-3.253776022999953,14.42921934800005],[-3.173876897999953,14.511632348000049],[-3.164426147999952,14.57015897400005],[-3.208370272999953,14.596659474000049],[-3.204202397999953,14.62611922400005],[-3.134988897999953,14.65907747400005],[-3.122635272999953,14.69355784900005],[-3.045381897999953,14.687720474000049],[-2.907338896999953,14.819566224000049]]]},"properties":{"shapeName":"Bandiagara","shapeISO":"","shapeID":"8926073B93084007572424","shapeGroup":"MLI","shapeType":"ADM2"}},
{"type":"Feature","geometry":{"type":"Polygon","coordinates":[[[-4.041405648999953,13.83608734800005],[-4.010406148999953,13.69707409800005],[-3.958407022999953,13.595064348000049],[-3.962664397999953,13.49719909800005],[-3.940577772999953,13.44789009700005],[-3.895818772999953,13.43786084700005],[-3.963018272999953,13.40274372200005],[-3.960860522999953,13.375394222000049],[-3.796479147999953,13.366510097000049],[-3.738060022999953,13.298164097000049],[-3.612303897999953,13.20977297200005],[-3.551503147999953,13.194308597000049],[-3.547865522999953,13.163432847000049],[-3.441314647999953,13.15408259700005],[-3.422260897999953,13.17471872200005],[-3.437947522999953,13.27111747200005],[-3.233182647999953,13.283861847000049],[-3.278769022999953,13.551911348000049],[-3.250747272999953,13.579590848000048],[-3.246402147999953,13.67579384800005],[-3.269269772999952,13.70426047300005],[-3.290361147999953,13.82059309800005],[-3.342627022999953,13.81068109800005],[-3.451674022999953,13.88563809800005],[-3.394419397999953,14.012171223000049],[-3.446685397999953,14.05598734800005],[-3.418652022999953,14.08072572300005],[-3.478354022999953,14.19282734800005],[-3.497288647999953,14.222519223000049],[-3.636280647999953,14.15588259800005],[-3.642922397999953,14.13022109800005],[-3.694713397999953,14.139440973000049],[-3.738189272999953,14.008266348000049],[-3.756125897999953,14.019505348000049],[-3.769548522999953,13.99379984800005],[-3.824428397999953,13.98264772300005],[-3.868396397999953,13.925573098000049],[-4.041405648999953,13.83608734800005]]]},"properties":{"shapeName":"Bankass","shapeISO":"","shapeID":"8926073B46110396602069","shapeGroup":"MLI","shapeType":"ADM2"}},
{"type":"Feature","geometry":{"type":"Polygon","coordinates":[[[-4.061657898999953,14.200697098000049],[-4.198310523999953,14.149896848000049],[-4.197314398999953,14.115260598000049],[-4.252816148999953,14.069053223000049],[-4.246837898999953,14.020762098000048],[-4.313401273999953,14.001102598000049],[-4.350399648999953,14.03610584800005],[-4.414399273999953,14.03310659800005],[-4.370399398999953,14.15011672300005],[-4.489946898999952,14.230628598000049],[-4.590161898999953,14.26244234800005],[-4.608478773999953,14.30127484800005],[-4.570518648999953,14.34769834800005],[-4.584952398999953,14.41895209800005],[-4.678221523999953,14.42043109800005],[-4.734393273999953,14.36413659800005],[-4.744622523999952,14.21355934800005],[-4.898887523999953,14.167994973000049],[-4.905203148999953,14.10490659800005],[-4.842390273999952,13.926094598000049],[-4.897010023999953,13.87251834800005],[-4.869395398999953,13.77455309800005],[-4.892724898999953,13.72094997300005],[-4.877388023999953,13.63406759800005],[-4.605869273999953,13.62050247300005],[-4.555719648999953,13.67216197300005],[-4.578278148999953,13.60348822300005],[-4.551882773999953,13.608156598000049],[-4.412436773999953,13.706255348000049],[-4.363798898999953,13.79117447300005],[-4.299896398999953,13.84086734800005],[-4.300368398999953,13.874318473000049],[-4.094517773999953,13.94598572300005],[-4.104620648999953,13.98930984800005],[-4.071907523999953,14.07168572300005],[-4.102854898999952,14.12344059800005],[-4.061657898999953,14.200697098000049]]]},"properties":{"shapeName":"Djenne","shapeISO":"","shapeID":"8926073B86660589431001","shapeGroup":"MLI","shapeType":"ADM2"}},
{"type":"Feature","geometry":{"type":"Polygon","coordinates":[[[-2.907338896999953,14.819566224000049],[-2.849432146999953,14.823184724000049],[-2.745875146999952,14.75789272400005],[-2.551439146999952,14.705173974000049],[-2.093186271999953,14.60588847400005],[-2.000765146999953,14.33370134800005],[-1.979269896999952,14.49994822300005],[-1.709696145999952,14.56007247400005],[-1.339685145999952,14.73948409900005],[-1.112017895999952,14.77524847400005],[-0.741958019999952,15.06414984900005],[-0.975052020999952,14.99888722400005],[-1.077305895999952,14.99632772400005],[-1.160971270999952,15.03471622400005],[-1.214466520999952,15.17622059900005],[-1.305464770999953,15.26022847400005],[-1.686457395999952,15.42824359900005],[-1.907300771999953,15.39940547400005],[-2.134386771999953,15.27272297400005],[-2.532440771999953,15.31923159900005],[-2.727995896999952,15.414759224000049],[-2.820954146999953,15.51201034900005],[-2.838218896999953,15.58110984900005],[-2.820954521999953,15.66556385000005],[-2.921882647999952,15.765374100000049],[-2.988279522999953,15.89244797500005],[-3.010181022999953,15.89611335000005],[-3.054345022999953,15.83303722500005],[-3.085340397999953,15.863574100000049],[-3.105019897999953,15.825696475000049],[-3.186628272999953,15.81781760000005],[-3.191367272999953,15.85746135000005],[-3.245588147999953,15.85891035000005],[-3.286325272999953,15.89793097500005],[-3.296324022999953,15.869465225000049],[-3.278113397999953,15.841012600000049],[-3.323725397999953,15.79057572500005],[-3.300828772999953,15.77666747500005],[-3.296704772999953,15.72377247500005],[-3.368416147999953,15.69885497500005],[-3.482421897999953,15.73026972500005],[-3.597418147999953,15.53625009900005],[-3.658017772999953,15.483546974000049],[-3.530419272999953,15.41823897400005],[-3.602417647999953,15.37223547400005],[-3.768413772999953,15.139213099000049],[-3.808413772999953,15.01820047400005],[-3.804412647999953,14.94619459900005],[-3.766414397999953,14.919191099000049],[-3.695997897999953,14.94898409900005],[-3.633094147999953,14.908018349000049],[-3.373928772999953,15.05151347400005],[-3.281423522999953,14.95819672400005],[-3.186816397999953,14.92203547400005],[-3.164439647999953,14.82071184900005],[-3.136110272999953,14.81219709900005],[-3.082723397999953,14.85106197400005],[-2.982803397999953,14.817520974000049],[-2.907338896999953,14.819566224000049]]]},"properties":{"shapeName":"Douentza","shapeISO":"","shapeID":"8926073B88686388091277","shapeGroup":"MLI","shapeType":"ADM2"}},
{"type":"Feature","geometry":{"type":"Polygon","coordinates":[[[-3.478354022999953,14.19282734800005],[-3.418652022999953,14.08072572300005],[-3.446685397999953,14.05598734800005],[-3.394419397999953,14.012171223000049],[-3.451674022999953,13.88563809800005],[-3.342627022999953,13.81068109800005],[-3.290361147999953,13.82059309800005],[-3.269269772999952,13.70426047300005],[-3.210931897999953,13.701129098000049],[-3.181113647999953,13.67420584800005],[-3.106138772999953,13.685640598000049],[-3.038543022999953,13.61035134800005],[-3.000902897999953,13.65576359800005],[-2.951534147999953,13.620647973000048],[-2.876991521999953,13.64831334800005],[-2.907027646999953,13.72450222300005],[-2.906785646999952,13.81846059800005],[-2.831217896999953,14.055308848000049],[-2.676923521999953,14.130827973000049],[-2.473680021999952,14.29450947300005],[-2.295212021999953,14.243555348000049],[-2.100776396999953,14.14266959800005],[-2.031157896999952,14.17749209800005],[-2.000765146999953,14.33370134800005],[-2.093186271999953,14.60588847400005],[-2.551439146999952,14.705173974000049],[-2.745875146999952,14.75789272400005],[-2.849432146999953,14.823184724000049],[-2.907338896999953,14.819566224000049],[-3.045381897999953,14.687720474000049],[-3.122635272999953,14.69355784900005],[-3.134988897999953,14.65907747400005],[-3.204202397999953,14.62611922400005],[-3.208370272999953,14.596659474000049],[-3.164426147999952,14.57015897400005],[-3.173876897999953,14.511632348000049],[-3.253776022999953,14.42921934800005],[-3.214813772999953,14.384155098000049],[-3.478354022999953,14.19282734800005]]]},"properties":{"shapeName":"Koro","shapeISO":"","shapeID":"8926073B21763479745041","shapeGroup":"MLI","shapeType":"ADM2"}},
{"type":"Feature","geometry":{"type":"Polygon","coordinates":[[[-3.766414397999953,14.919191099000049],[-3.804412647999953,14.94619459900005],[-3.808413772999953,15.01820047400005],[-3.768413772999953,15.139213099000049],[-3.602417647999953,15.37223547400005],[-3.530419272999953,15.41823897400005],[-3.658017772999953,15.483546974000049],[-3.871564522999953,15.51408809900005],[-3.909265522999953,15.477278849000049],[-3.977402022999953,15.46403259900005],[-3.949507522999953,15.43048947400005],[-4.000029398999953,15.405215849000049],[-3.959071147999953,15.35614834900005],[-3.953360147999953,15.25818784900005],[-3.975027397999953,15.22901709900005],[-3.946448647999953,15.22284159900005],[-3.904804897999953,15.11604259900005],[-3.988409022999953,15.089207974000049],[-4.133298273999952,15.22083022400005],[-4.204268523999953,15.06112084900005],[-4.312346273999953,15.071043599000049],[-4.396400398999953,14.97119497400005],[-4.423412523999953,14.85935634900005],[-4.259402773999953,14.76717684900005],[-4.268403398999953,14.60516134900005],[-4.324400898999953,14.466146973000049],[-4.482309648999953,14.46715184800005],[-4.521088898999952,14.51061184800005],[-4.682128523999953,14.463348098000049],[-4.678221523999953,14.42043109800005],[-4.584952398999953,14.41895209800005],[-4.570518648999953,14.34769834800005],[-4.608478773999953,14.30127484800005],[-4.590161898999953,14.26244234800005],[-4.489946898999952,14.230628598000049],[-4.370399398999953,14.15011672300005],[-4.414399273999953,14.03310659800005],[-4.350399648999953,14.03610584800005],[-4.313401273999953,14.001102598000049],[-4.246837898999953,14.020762098000048],[-4.252816148999953,14.069053223000049],[-4.197314398999953,14.115260598000049],[-4.198310523999953,14.149896848000049],[-4.061657898999953,14.200697098000049],[-4.006408398999953,14.352136723000049],[-4.004407648999953,14.466147598000049],[-3.854411897999953,14.588159474000049],[-3.845755647999953,14.84845122400005],[-3.795288647999953,14.86867122400005],[-3.766414397999953,14.919191099000049]]]},"properties":{"shapeName":"Mopti","shapeISO":"","shapeID":"8926073B6997954969747","shapeGroup":"MLI","shapeType":"ADM2"}},
{"type":"Feature","geometry":{"type":"Polygon","coordinates":[[[-4.678221523999953,14.42043109800005],[-4.682128523999953,14.463348098000049],[-4.521088898999952,14.51061184800005],[-4.482309648999953,14.46715184800005],[-4.324400898999953,14.466146973000049],[-4.268403398999953,14.60516134900005],[-4.259402773999953,14.76717684900005],[-4.423412523999953,14.85935634900005],[-4.396400398999953,14.97119497400005],[-4.454227148999953,14.992547849000049],[-4.485432523999953,14.96034484900005],[-4.523263773999953,14.96507422400005],[-4.528977773999953,15.06705184900005],[-4.506124398999953,15.11482547400005],[-4.526121023999953,15.16902947400005],[-4.659395398999953,15.230219099000049],[-4.748941523999953,15.21259422400005],[-4.852734023999953,15.08291384900005],[-4.887013273999953,15.07463697400005],[-4.918437648999953,15.093950724000049],[-4.938434398999953,15.16568847400005],[-5.045389273999953,15.20221772400005],[-5.100386649999953,15.19321634900005],[-5.208384524999953,15.02119934900005],[-5.272382024999953,14.97019334900005],[-5.439046899999953,14.96284209900005],[-5.498148274999953,14.930377224000049],[-5.543118899999953,14.941668849000049],[-5.607374649999953,14.76017284900005],[-5.594374774999953,14.68316559900005],[-5.621374149999953,14.58815647400005],[-5.665573024999953,14.530376974000049],[-5.512377149999953,14.43614322300005],[-5.325958899999953,14.361914473000049],[-5.197335399999953,14.260759973000049],[-5.188135399999953,14.163511723000049],[-5.118926774999953,14.11529322300005],[-5.137718274999953,14.060045973000049],[-5.126383399999953,13.954096848000049],[-4.983130398999953,13.954310098000049],[-4.988644398999953,14.02812609800005],[-4.935394648999953,14.100330098000049],[-4.905203148999953,14.10490659800005],[-4.898887523999953,14.167994973000049],[-4.744622523999952,14.21355934800005],[-4.734393273999953,14.36413659800005],[-4.678221523999953,14.42043109800005]]]},"properties":{"shapeName":"Tenenkou","shapeISO":"","shapeID":"8926073B19754802458169","shapeGroup":"MLI","shapeType":"ADM2"}},
{"type":"Feature","geometry":{"type":"Polygon","coordinates":[[[-3.871564522999953,15.51408809900005],[-3.835996272999953,15.574901349000049],[-3.895289147999953,15.669117100000049],[-4.024107648999953,15.73434610000005],[-4.054409148999953,15.81727585000005],[-4.213791773999953,15.77705872500005],[-4.350456648999953,15.64975347500005],[-4.396142773999953,15.69511860000005],[-4.427090148999953,15.69236635000005],[-4.455180398999953,15.627241100000049],[-4.536734648999952,15.589076349000049],[-5.123935649999953,15.59147184900005],[-5.226302899999953,15.67485597500005],[-5.354033024999953,15.55125597400005],[-5.339527899999953,15.49699197400005],[-5.185712149999953,15.47407509900005],[-5.100386649999953,15.19321634900005],[-5.045389273999953,15.20221772400005],[-4.938434398999953,15.16568847400005],[-4.918437648999953,15.093950724000049],[-4.887013273999953,15.07463697400005],[-4.852734023999953,15.08291384900005],[-4.748941523999953,15.21259422400005],[-4.659395398999953,15.230219099000049],[-4.526121023999953,15.16902947400005],[-4.506124398999953,15.11482547400005],[-4.528977773999953,15.06705184900005],[-4.523263773999953,14.96507422400005],[-4.485432523999953,14.96034484900005],[-4.454227148999953,14.992547849000049],[-4.396400398999953,14.97119497400005],[-4.312346273999953,15.071043599000049],[-4.204268523999953,15.06112084900005],[-4.133298273999952,15.22083022400005],[-3.988409022999953,15.089207974000049],[-3.904804897999953,15.11604259900005],[-3.946448647999953,15.22284159900005],[-3.975027397999953,15.22901709900005],[-3.953360147999953,15.25818784900005],[-3.959071147999953,15.35614834900005],[-4.000029398999953,15.405215849000049],[-3.949507522999953,15.43048947400005],[-3.977402022999953,15.46403259900005],[-3.909265522999953,15.477278849000049],[-3.871564522999953,15.51408809900005]]]},"properties":{"shapeName":"Youwarou","shapeISO":"","shapeID":"8926073B44950387084983","shapeGroup":"MLI","shapeType":"ADM2"}},
{"type":"Feature","geometry":{"type":"Polygon","coordinates":[[[-6.422017900999953,12.718327347000049],[-6.294288150999953,12.801771972000049],[-6.352866400999953,12.90370509700005],[-6.344564775999953,12.97340047200005],[-6.262803025999953,13.02664297200005],[-6.134925149999953,13.039228597000049],[-6.026457149999953,13.12464522200005],[-6.086659149999953,13.25293434700005],[-6.131857274999953,13.21380359700005],[-6.247834775999953,13.237658597000049],[-6.298218650999953,13.18365047200005],[-6.401577525999953,13.17732559700005],[-6.464122150999953,13.13246334700005],[-6.543353525999953,13.14001684700005],[-6.599351275999953,13.09301234700005],[-6.636372650999953,13.15732347200005],[-6.593351525999953,13.173019972000048],[-6.613504150999953,13.243162722000049],[-6.551531525999953,13.22476097200005],[-6.517648275999953,13.290058347000048],[-6.479696150999953,13.305220847000049],[-6.493042400999953,13.363524972000048],[-6.632466025999953,13.37985322200005],[-6.838649275999953,13.345780597000049],[-6.932587775999953,13.33898109700005],[-7.050574025999953,13.231253972000049],[-7.021342525999954,13.143016472000049],[-7.081341025999953,13.01300409700005],[-7.067386275999954,12.996969722000049],[-7.037144900999953,12.96194822200005],[-7.037144775999953,12.88221859700005],[-6.892876775999953,12.834842222000049],[-6.887314900999953,12.79549947200005],[-6.852089650999953,12.82263209700005],[-6.807897525999953,12.820733972000049],[-6.791700775999953,12.78351947200005],[-6.566745525999953,12.80201947200005],[-6.500769775999953,12.69179222200005],[-6.477597525999953,12.72240134700005],[-6.422017900999953,12.718327347000049]]]},"properties":{"shapeName":"Baroueli","shapeISO":"","shapeID":"8926073B94232083808790","shapeGroup":"MLI","shapeType":"ADM2"}},
{"type":"Feature","geometry":{"type":"Polygon","coordinates":[[[-6.259911150999953,12.54944197200005],[-6.211358650999953,12.601965847000049],[-6.063337899999953,12.66893047200005],[-6.015954024999953,12.76183734700005],[-5.935917649999953,12.765058847000049],[-5.893209524999953,12.731179597000049],[-5.831728774999953,12.725228097000048],[-5.743713649999953,12.77793934700005],[-5.586794024999953,12.80966459700005],[-5.517077399999953,12.736941722000049],[-5.493598774999953,12.67350772200005],[-5.438906899999953,12.669104347000049],[-5.379812024999953,12.627947472000049],[-5.361041524999953,12.69783522200005],[-5.257748274999953,12.679783222000049],[-5.217709274999953,12.79343797200005],[-5.282460024999953,12.840885222000049],[-5.306478899999953,12.902196972000048],[-5.204192149999953,12.95448909700005],[-5.233913649999953,13.06608572200005],[-5.194693524999953,13.101243097000049],[-5.241380774999953,13.19802534700005],[-5.211238399999953,13.28594597200005],[-5.264017274999953,13.258496597000049],[-5.302378149999953,13.28391197200005],[-5.371574524999953,13.27694372200005],[-5.457685524999953,13.20619047200005],[-5.486133899999953,13.23065497200005],[-5.546523024999953,13.20456859700005],[-5.652577899999953,13.23066359700005],[-5.671825274999953,13.20384859700005],[-5.767401774999953,13.17954722200005],[-5.885553274999953,13.21719984700005],[-5.980012024999953,13.19020084700005],[-6.026457149999953,13.12464522200005],[-6.134925149999953,13.039228597000049],[-6.262803025999953,13.02664297200005],[-6.344564775999953,12.97340047200005],[-6.352866400999953,12.90370509700005],[-6.294288150999953,12.801771972000049],[-6.422017900999953,12.718327347000049],[-6.386064025999953,12.59030034700005],[-6.347956775999953,12.56216284700005],[-6.296935775999953,12.578647222000049],[-6.259911150999953,12.54944197200005]]]},"properties":{"shapeName":"Bla","shapeISO":"","shapeID":"8926073B53903332689390","shapeGroup":"MLI","shapeType":"ADM2"}},
{"type":"Feature","geometry":{"type":"Polygon","coordinates":[[[-4.905203148999953,14.10490659800005],[-4.935394648999953,14.100330098000049],[-4.988644398999953,14.02812609800005],[-4.983130398999953,13.954310098000049],[-5.126383399999953,13.954096848000049],[-5.137718274999953,14.060045973000049],[-5.118926774999953,14.11529322300005],[-5.188135399999953,14.163511723000049],[-5.197335399999953,14.260759973000049],[-5.325958899999953,14.361914473000049],[-5.512377149999953,14.43614322300005],[-5.665573024999953,14.530376974000049],[-5.706585024999953,14.41959934800005],[-5.683373399999953,14.34513322300005],[-5.836368774999953,14.129112473000049],[-5.782055774999953,14.025664598000048],[-5.839473399999953,13.92693709800005],[-5.827982524999953,13.835124348000049],[-5.774544649999953,13.799963098000049],[-5.675305774999953,13.836008723000049],[-5.500584274999953,13.76438109800005],[-5.453641149999953,13.69175522300005],[-5.333467524999953,13.634750973000049],[-5.262274774999953,13.521127223000049],[-5.223034649999953,13.511649348000049],[-5.219443899999953,13.616965473000048],[-5.173731774999953,13.58826272300005],[-5.033034773999953,13.600526223000049],[-5.005613398999953,13.641584098000049],[-4.877388023999953,13.63406759800005],[-4.892724898999953,13.72094997300005],[-4.869395398999953,13.77455309800005],[-4.897010023999953,13.87251834800005],[-4.842390273999952,13.926094598000049],[-4.905203148999953,14.10490659800005]]]},"properties":{"shapeName":"Macina","shapeISO":"","shapeID":"8926073B71452714760112","shapeGroup":"MLI","shapeType":"ADM2"}},
{"type":"Feature","geometry":{"type":"Polygon","coordinates":[[[-6.459348275999953,14.44314234800005],[-6.385358775999953,14.407138098000049],[-6.171363150999953,14.36913472300005],[-6.249361400999953,14.27312647300005],[-6.193881400999953,14.16719247300005],[-6.207901900999953,14.00595009800005],[-6.101467024999953,13.94555347300005],[-6.107658774999953,13.914300473000049],[-6.055453774999953,13.84596309800005],[-6.014363649999953,13.84926647300005],[-6.024528524999953,13.87419684800005],[-5.983092399999953,13.90314559800005],[-5.961470774999953,13.83106484800005],[-5.934561274999953,13.848325473000049],[-5.897409024999953,13.82459222300005],[-5.827982524999953,13.835124348000049],[-5.839473399999953,13.92693709800005],[-5.782055774999953,14.025664598000048],[-5.836368774999953,14.129112473000049],[-5.683373399999953,14.34513322300005],[-5.706585024999953,14.41959934800005],[-5.665573024999953,14.530376974000049],[-5.621374149999953,14.58815647400005],[-5.594374774999953,14.68316559900005],[-5.607374649999953,14.76017284900005],[-5.543118899999953,14.941668849000049],[-5.498148274999953,14.930377224000049],[-5.439046899999953,14.96284209900005],[-5.272382024999953,14.97019334900005],[-5.208384524999953,15.02119934900005],[-5.100386649999953,15.19321634900005],[-5.185712149999953,15.47407509900005],[-5.339527899999953,15.49699197400005],[-5.354033024999953,15.55125597400005],[-5.517409649999953,15.49985909900005],[-6.308531650999953,15.49619422400005],[-6.405359650999953,15.165210974000049],[-6.545351775999953,14.94118947400005],[-6.436352775999953,14.778174224000049],[-6.381354650999953,14.59915734900005],[-6.382353525999953,14.53315097400005],[-6.459348275999953,14.44314234800005]]]},"properties":{"shapeName":"Niono","shapeISO":"","shapeID":"8926073B49172345831470","shapeGroup":"MLI","shapeType":"ADM2"}},
{"type":"Feature","geometry":{"type":"Polygon","coordinates":[[[-4.877388023999953,13.63406759800005],[-5.005613398999953,13.641584098000049],[-5.033034773999953,13.600526223000049],[-5.173731774999953,13.58826272300005],[-5.219443899999953,13.616965473000048],[-5.223034649999953,13.511649348000049],[-5.226515399999953,13.41326797200005],[-5.156659149999953,13.326509847000048],[-5.211238399999953,13.28594597200005],[-5.241380774999953,13.19802534700005],[-5.194693524999953,13.101243097000049],[-5.233913649999953,13.06608572200005],[-5.204192149999953,12.95448909700005],[-5.306478899999953,12.902196972000048],[-5.282460024999953,12.840885222000049],[-5.217709274999953,12.79343797200005],[-5.117397649999953,12.71439172200005],[-5.086403024999953,12.54589897200005],[-5.054105648999953,12.55794922200005],[-5.041511023999953,12.629807097000048],[-4.953036773999953,12.631569472000049],[-4.943411023999953,12.59066247200005],[-4.782237523999953,12.67176647200005],[-4.785084523999953,12.762010222000049],[-4.727590773999953,12.80648859700005],[-4.799557648999953,13.002587222000049],[-4.786238398999953,13.11424922200005],[-4.821324273999953,13.170612097000049],[-4.530495898999953,13.407846472000049],[-4.499726648999953,13.482878723000049],[-4.533646898999953,13.51572184800005],[-4.551882773999953,13.608156598000049],[-4.578278148999953,13.60348822300005],[-4.555719648999953,13.67216197300005],[-4.605869273999953,13.62050247300005],[-4.877388023999953,13.63406759800005]]]},"properties":{"shapeName":"San","shapeISO":"","shapeID":"8926073B15709511390037","shapeGroup":"MLI","shapeType":"ADM2"}},
{"type":"Feature","geometry":{"type":"Polygon","coordinates":[[[-6.900346900999953,13.746074348000048],[-6.841348025999953,13.68806884800005],[-6.862325525999953,13.62375372300005],[-6.775349275999953,13.522053098000049],[-6.759206525999953,13.46621472300005],[-6.823683025999953,13.399347347000049],[-6.838649275999953,13.345780597000049],[-6.632466025999953,13.37985322200005],[-6.493042400999953,13.363524972000048],[-6.479696150999953,13.305220847000049],[-6.517648275999953,13.290058347000048],[-6.551531525999953,13.22476097200005],[-6.613504150999953,13.243162722000049],[-6.593351525999953,13.173019972000048],[-6.636372650999953,13.15732347200005],[-6.599351275999953,13.09301234700005],[-6.543353525999953,13.14001684700005],[-6.464122150999953,13.13246334700005],[-6.401577525999953,13.17732559700005],[-6.298218650999953,13.18365047200005],[-6.247834775999953,13.237658597000049],[-6.131857274999953,13.21380359700005],[-6.086659149999953,13.25293434700005],[-6.026457149999953,13.12464522200005],[-5.980012024999953,13.19020084700005],[-5.885553274999953,13.21719984700005],[-5.767401774999953,13.17954722200005],[-5.671825274999953,13.20384859700005],[-5.652577899999953,13.23066359700005],[-5.546523024999953,13.20456859700005],[-5.486133899999953,13.23065497200005],[-5.457685524999953,13.20619047200005],[-5.371574524999953,13.27694372200005],[-5.302378149999953,13.28391197200005],[-5.264017274999953,13.258496597000049],[-5.211238399999953,13.28594597200005],[-5.156659149999953,13.326509847000048],[-5.226515399999953,13.41326797200005],[-5.223034649999953,13.511649348000049],[-5.262274774999953,13.521127223000049],[-5.333467524999953,13.634750973000049],[-5.453641149999953,13.69175522300005],[-5.500584274999953,13.76438109800005],[-5.675305774999953,13.836008723000049],[-5.774544649999953,13.799963098000049],[-5.827982524999953,13.835124348000049],[-5.897409024999953,13.82459222300005],[-5.934561274999953,13.848325473000049],[-5.961470774999953,13.83106484800005],[-5.983092399999953,13.90314559800005],[-6.024528524999953,13.87419684800005],[-6.014363649999953,13.84926647300005],[-6.055453774999953,13.84596309800005],[-6.107658774999953,13.914300473000049],[-6.101467024999953,13.94555347300005],[-6.207901900999953,14.00595009800005],[-6.193881400999953,14.16719247300005],[-6.249361400999953,14.27312647300005],[-6.171363150999953,14.36913472300005],[-6.385358775999953,14.407138098000049],[-6.459348275999953,14.44314234800005],[-6.582349275999953,14.47714434800005],[-6.617349525999953,14.46714447300005],[-6.638668400999953,14.41999684800005],[-6.900347275999954,13.995099098000049],[-6.936100275999953,13.821789473000049],[-6.900346900999953,13.746074348000048]]]},"properties":{"shapeName":"Segou","shapeISO":"","shapeID":"8926073B86377774430631","shapeGroup":"MLI","shapeType":"ADM2"}},
{"type":"Feature","geometry":{"type":"Polygon","coordinates":[[[-4.094517773999953,13.94598572300005],[-4.300368398999953,13.874318473000049],[-4.299896398999953,13.84086734800005],[-4.363798898999953,13.79117447300005],[-4.412436773999953,13.706255348000049],[-4.551882773999953,13.608156598000049],[-4.533646898999953,13.51572184800005],[-4.499726648999953,13.482878723000049],[-4.530495898999953,13.407846472000049],[-4.821324273999953,13.170612097000049],[-4.786238398999953,13.11424922200005],[-4.799557648999953,13.002587222000049],[-4.727590773999953,12.80648859700005],[-4.621617898999953,12.722624722000049],[-4.574771898999953,12.73671509700005],[-4.480892898999953,12.71897859700005],[-4.346225773999953,12.73902134700005],[-4.302005273999953,12.69856334700005],[-4.234881773999953,12.72631109700005],[-4.210048398999953,12.814897972000049],[-4.219704023999952,12.959416597000049],[-4.266507773999953,12.98717009700005],[-4.342062648999953,13.13569547200005],[-4.286828398999953,13.184927972000049],[-4.231388023999953,13.17647634700005],[-4.259027898999953,13.23178484700005],[-4.135257273999953,13.293498722000049],[-4.095617648999953,13.38935909700005],[-3.984327272999953,13.430095847000048],[-3.962664397999953,13.49719909800005],[-3.958407022999953,13.595064348000049],[-4.010406148999953,13.69707409800005],[-4.041405648999953,13.83608734800005],[-4.092878773999953,13.89747409800005],[-4.094517773999953,13.94598572300005]]]},"properties":{"shapeName":"Tominian","shapeISO":"","shapeID":"8926073B14979931376640","shapeGroup":"MLI","shapeType":"ADM2"}},
{"type":"Feature","geometry":{"type":"Polygon","coordinates":[[[-7.355033901999954,12.21618322100005],[-7.502040276999953,12.14333647100005],[-7.528999401999953,12.077100721000049],[-7.520339026999953,12.028998596000049],[-7.547208026999953,11.99436622100005],[-7.624329276999953,11.942401846000049],[-7.689078026999953,11.95383759600005],[-7.723627151999954,11.914298971000049],[-7.968337901999953,11.782181096000048],[-8.035318401999954,11.70387747100005],[-7.915524901999953,11.69534672100005],[-7.870476901999953,11.75045009600005],[-7.851495276999954,11.73479359600005],[-7.895452276999953,11.664662846000049],[-7.828916651999953,11.629627596000049],[-7.892275276999953,11.53528347100005],[-7.978321401999954,11.53886172100005],[-8.130116151999953,11.49185797100005],[-8.120834276999954,11.47268347100005],[-8.152836651999953,11.43304547100005],[-8.082318026999953,11.34084259600005],[-7.976320151999953,11.27083697000005],[-7.939437901999954,11.20594272000005],[-7.783268151999954,11.229862220000049],[-7.671391401999953,11.200518970000049],[-7.669526401999954,11.16624984500005],[-7.638444901999954,11.15684297000005],[-7.697115776999953,11.09877672000005],[-7.668475651999954,11.043405720000049],[-7.710603401999953,11.029351720000049],[-7.654456276999953,10.99742672000005],[-7.699322651999953,10.97759509500005],[-7.657244651999953,10.93092559500005],[-7.626540276999953,10.92957609500005],[-7.642278776999953,10.887460470000049],[-7.605071401999953,10.88227409500005],[-7.590146776999953,10.840318845000048],[-7.644489776999953,10.83119297000005],[-7.681581776999953,10.740055970000048],[-7.708565151999953,10.766479845000049],[-7.715120026999953,10.74403709500005],[-7.762990401999954,10.761177845000049],[-7.738505901999953,10.72854984500005],[-7.765819651999953,10.67842084500005],[-7.742401901999953,10.652530220000049],[-7.781961776999953,10.653978345000048],[-7.781097651999954,10.628644845000048],[-7.807740401999953,10.625923095000049],[-7.782147026999954,10.617300845000049],[-7.791101026999954,10.602997220000049],[-7.838956651999953,10.600079345000049],[-7.807678776999953,10.562075345000048],[-7.825990526999953,10.55024909500005],[-7.787727401999954,10.538395095000048],[-7.812320526999954,10.51757434500005],[-7.762479276999954,10.50456459500005],[-7.793283026999953,10.454454845000049],[-7.748362651999953,10.44673209500005],[-7.722886276999954,10.424641720000048],[-7.740533026999953,10.391069095000049],[-7.717355776999954,10.391028095000049],[-7.625799026999953,10.457743345000049],[-7.553441776999954,10.41389759500005],[-7.512167776999953,10.45476972000005],[-7.447741401999953,10.44021984500005],[-7.434093151999953,10.33638547000005],[-7.390203901999953,10.349058720000048],[-7.357740651999953,10.328948345000049],[-7.376710026999953,10.24317872000005],[-7.334166026999953,10.234234969000049],[-7.277083401999954,10.262319595000049],[-7.142824275999953,10.245213720000049],[-7.079790400999953,10.20526434400005],[-7.082759775999953,10.160251344000049],[-7.049001650999953,10.14137134400005],[-6.996160900999953,10.16626371900005],[-6.978446400999953,10.21206371900005],[-7.013335525999953,10.256875470000049],[-6.935484525999954,10.352390720000049],[-7.123557150999953,10.696816970000048],[-7.019665275999953,10.81577859500005],[-7.023833525999953,10.86614309500005],[-7.117605775999953,10.95816584500005],[-7.245374401999953,11.237449595000049],[-7.126149025999953,11.32516422100005],[-7.061339400999953,11.40985134600005],[-6.843468775999953,11.28858597000005],[-6.744162900999953,11.316094721000049],[-6.717079525999953,11.301009220000049],[-6.664094650999953,11.377875721000049],[-6.633087275999953,11.35291534600005],[-6.625047525999953,11.38744472100005],[-6.576323900999953,11.413807971000049],[-6.548663150999953,11.503816971000049],[-6.577252275999953,11.52482259600005],[-6.589097525999953,11.58510634600005],[-6.582955900999953,11.61901597100005],[-6.547257525999953,11.637849471000049],[-6.564574275999953,11.74975359600005],[-6.662289650999953,11.787162221000049],[-6.709948150999953,11.768435221000049],[-6.897343400999953,11.867895471000049],[-6.947343400999953,11.85889559600005],[-6.949342400999953,11.951902471000048],[-6.971974025999953,11.97410959600005],[-7.100635400999953,11.960546471000049],[-7.091768275999953,12.01501984600005],[-7.160816150999953,12.03811334600005],[-7.161739150999953,12.062113846000049],[-7.088798150999954,12.10872459600005],[-7.128949775999953,12.10917209600005],[-7.138639650999953,12.131720596000049],[-7.071092650999953,12.17090797100005],[-7.076117275999954,12.19667584600005],[-7.120087275999953,12.21377347100005],[-7.088461400999953,12.270762096000048],[-7.132372900999953,12.313820721000049],[-7.143999025999953,12.38003447100005],[-7.124173650999953,12.44828497200005],[-7.194691525999954,12.354730221000048],[-7.276115651999953,12.32435984600005],[-7.296306901999953,12.25291484600005],[-7.355033901999954,12.21618322100005]]]},"properties":{"shapeName":"Bougouni","shapeISO":"","shapeID":"8926073B95704920034733","shapeGroup":"MLI","shapeType":"ADM2"}},
{"type":"Feature","geometry":{"type":"Polygon","coordinates":[[[-5.491101899999953,10.971797220000049],[-5.512338024999953,10.951065095000049],[-5.632989524999953,11.020698595000049],[-5.772928649999953,10.99844334500005],[-5.795938149999953,10.97641322000005],[-5.783978274999953,10.87641959500005],[-5.868660524999953,10.82471934500005],[-5.872502274999953,10.864034220000049],[-5.933264274999953,10.831721845000049],[-5.992949024999953,10.880688595000048],[-6.027015774999953,10.881110720000049],[-6.032903274999953,10.90765847000005],[-6.088957024999953,10.915164470000049],[-6.110530774999953,10.863393220000049],[-6.195406650999953,10.88819397000005],[-6.200897525999953,10.866448845000049],[-6.193557775999953,10.849899470000048],[-6.227673400999953,10.836698095000049],[-6.197741775999953,10.80262097000005],[-6.244485275999953,10.79817909500005],[-6.220325025999953,10.763532720000049],[-6.248030775999953,10.73435584500005],[-6.212054400999953,10.72184047000005],[-6.233089025999953,10.656319845000048],[-6.183925650999953,10.631485595000049],[-6.225093775999953,10.612981845000048],[-6.206029525999953,10.579530720000049],[-6.249250525999953,10.525357720000049],[-6.169484400999953,10.49126847000005],[-6.186439525999953,10.44398947000005],[-6.156889650999953,10.41514434500005],[-6.190094150999953,10.385694470000049],[-6.163031525999953,10.36040072000005],[-6.193327900999953,10.33870159500005],[-6.190343650999953,10.299913720000049],[-6.231949525999953,10.303787095000049],[-6.219900150999953,10.25957834500005],[-6.131675524999953,10.203941219000049],[-5.985892024999953,10.192275094000049],[-5.955230649999953,10.27362659500005],[-5.884372024999953,10.263551095000048],[-5.865249649999953,10.370449470000048],[-5.783161899999953,10.427380720000048],[-5.702793524999953,10.42522884500005],[-5.649281774999953,10.462942720000049],[-5.616284899999953,10.443614220000049],[-5.560207274999953,10.45690084500005],[-5.510527024999953,10.42300259500005],[-5.455834024999953,10.55171622000005],[-5.478738024999953,10.61914684500005],[-5.460667899999953,10.63924659500005],[-5.467809024999953,10.760439595000049],[-5.433422774999953,10.767238345000049],[-5.402696649999953,10.846161095000049],[-5.453540524999953,10.895583845000049],[-5.452482774999953,10.968861970000049],[-5.491101899999953,10.971797220000049]]]},"properties":{"shapeName":"Kadiolo","shapeISO":"","shapeID":"8926073B46210070398927","shapeGroup":"MLI","shapeType":"ADM2"}},
{"type":"Feature","geometry":{"type":"Polygon","coordinates":[[[-6.935484525999954,10.352390720000049],[-6.852628400999953,10.34255722000005],[-6.803512275999953,10.382080095000049],[-6.679334025999953,10.33673297000005],[-6.645192775999953,10.360381470000048],[-6.653558525999953,10.395467720000049],[-6.628340400999953,10.425529595000048],[-6.681812400999953,10.484905470000049],[-6.679728400999953,10.52981522000005],[-6.660260150999953,10.53311147000005],[-6.674181150999953,10.604198095000049],[-6.640946775999953,10.669297345000048],[-6.613035525999953,10.667380720000049],[-6.588870525999953,10.61878009500005],[-6.534221025999953,10.58731922000005],[-6.428106150999954,10.55761922000005],[-6.398605775999953,10.594137845000049],[-6.414103275999953,10.69638397000005],[-6.320241775999953,10.679945220000048],[-6.248030775999953,10.73435584500005],[-6.220325025999953,10.763532720000049],[-6.244485275999953,10.79817909500005],[-6.197741775999953,10.80262097000005],[-6.227673400999953,10.836698095000049],[-6.193557775999953,10.849899470000048],[-6.200897525999953,10.866448845000049],[-6.229485400999953,10.887666470000049],[-6.259056400999953,10.86840022000005],[-6.245721025999953,10.97940972000005],[-6.300936150999953,10.98211059500005],[-6.296330525999953,11.00198797000005],[-6.329057025999953,11.009926345000048],[-6.322947025999953,11.03671309500005],[-6.350247275999953,11.01903572000005],[-6.358887025999953,11.06801722000005],[-6.403607650999953,11.057315470000049],[-6.399233400999953,11.101164220000049],[-6.450769275999953,11.114743220000049],[-6.422928900999954,11.160533345000049],[-6.477739150999953,11.23066622000005],[-6.464965150999953,11.30126709500005],[-6.521406525999953,11.29191472000005],[-6.540758525999953,11.244847970000048],[-6.562753150999953,11.24627772000005],[-6.528438900999953,11.37991222100005],[-6.576323900999953,11.413807971000049],[-6.625047525999953,11.38744472100005],[-6.633087275999953,11.35291534600005],[-6.664094650999953,11.377875721000049],[-6.717079525999953,11.301009220000049],[-6.744162900999953,11.316094721000049],[-6.843468775999953,11.28858597000005],[-7.061339400999953,11.40985134600005],[-7.126149025999953,11.32516422100005],[-7.245374401999953,11.237449595000049],[-7.117605775999953,10.95816584500005],[-7.023833525999953,10.86614309500005],[-7.019665275999953,10.81577859500005],[-7.123557150999953,10.696816970000048],[-6.935484525999954,10.352390720000049]]]},"properties":{"shapeName":"Kolondieba","shapeISO":"","shapeID":"8926073B25086326483325","shapeGroup":"MLI","shapeType":"ADM2"}},
{"type":"Feature","geometry":{"type":"Polygon","coordinates":[[[-5.964312774999953,12.23211347100005],[-5.908669524999953,12.236730096000048],[-5.899651899999953,12.206124596000048],[-5.821165274999953,12.195861971000049],[-5.783814149999953,12.16510847100005],[-5.830860149999953,12.12948434600005],[-5.820660024999953,12.116719221000048],[-5.870462274999953,12.10688834600005],[-5.834487274999953,12.04790472100005],[-5.706487399999953,12.066702721000048],[-5.697083774999953,12.012570221000049],[-5.665843524999953,12.021900971000049],[-5.654176774999953,11.98851947100005],[-5.629768524999953,12.007799971000049],[-5.631094774999953,11.97191309600005],[-5.590898149999953,11.99174109600005],[-5.526660524999953,11.95018447100005],[-5.533131149999953,11.93113859600005],[-5.504401149999953,11.915735596000049],[-5.516412149999953,11.884175596000048],[-5.446693274999953,11.849182346000049],[-5.439309649999953,11.80181384600005],[-5.403507524999953,11.82451697100005],[-5.380230899999953,11.836694846000048],[-5.355418149999953,11.814588346000049],[-5.286918649999953,11.846892471000048],[-5.262312024999953,11.828042096000049],[-5.209359274999953,11.88242809600005],[-5.223379399999953,12.033912596000048],[-5.197981024999953,12.07876297100005],[-5.072025649999953,12.147060721000049],[-5.110122024999953,12.21951959600005],[-5.139914399999953,12.22922447100005],[-5.108381149999953,12.297938096000049],[-4.993484648999953,12.38938709700005],[-4.943411023999953,12.59066247200005],[-4.953036773999953,12.631569472000049],[-5.041511023999953,12.629807097000048],[-5.054105648999953,12.55794922200005],[-5.086403024999953,12.54589897200005],[-5.117397649999953,12.71439172200005],[-5.217709274999953,12.79343797200005],[-5.257748274999953,12.679783222000049],[-5.361041524999953,12.69783522200005],[-5.379812024999953,12.627947472000049],[-5.438906899999953,12.669104347000049],[-5.493598774999953,12.67350772200005],[-5.517077399999953,12.736941722000049],[-5.586794024999953,12.80966459700005],[-5.743713649999953,12.77793934700005],[-5.831728774999953,12.725228097000048],[-5.893209524999953,12.731179597000049],[-5.935917649999953,12.765058847000049],[-6.015954024999953,12.76183734700005],[-6.063337899999953,12.66893047200005],[-6.211358650999953,12.601965847000049],[-6.259911150999953,12.54944197200005],[-6.243918900999953,12.522582222000048],[-6.254018775999953,12.49486722200005],[-6.274539025999953,12.501749222000049],[-6.270092900999953,12.47322859700005],[-6.234653525999953,12.43601247200005],[-6.267358275999953,12.394746847000048],[-6.170802150999953,12.398382722000049],[-6.125211774999953,12.309575471000048],[-6.080362024999953,12.28903697100005],[-6.009190024999953,12.32794872100005],[-5.982284274999953,12.281884721000049],[-5.993600524999953,12.25410859600005],[-5.964312774999953,12.23211347100005]]]},"properties":{"shapeName":"Koutiala","shapeISO":"","shapeID":"8926073B20399394700191","shapeGroup":"MLI","shapeType":"ADM2"}},
{"type":"Feature","geometry":{"type":"Polygon","coordinates":[[[-6.547257525999953,11.637849471000049],[-6.582955900999953,11.61901597100005],[-6.589097525999953,11.58510634600005],[-6.577252275999953,11.52482259600005],[-6.548663150999953,11.503816971000049],[-6.576323900999953,11.413807971000049],[-6.528438900999953,11.37991222100005],[-6.562753150999953,11.24627772000005],[-6.540758525999953,11.244847970000048],[-6.521406525999953,11.29191472000005],[-6.464965150999953,11.30126709500005],[-6.477739150999953,11.23066622000005],[-6.422928900999954,11.160533345000049],[-6.450769275999953,11.114743220000049],[-6.399233400999953,11.101164220000049],[-6.403607650999953,11.057315470000049],[-6.358887025999953,11.06801722000005],[-6.350247275999953,11.01903572000005],[-6.322947025999953,11.03671309500005],[-6.329057025999953,11.009926345000048],[-6.296330525999953,11.00198797000005],[-6.300936150999953,10.98211059500005],[-6.245721025999953,10.97940972000005],[-6.259056400999953,10.86840022000005],[-6.229485400999953,10.887666470000049],[-6.200897525999953,10.866448845000049],[-6.195406650999953,10.88819397000005],[-6.110530774999953,10.863393220000049],[-6.088957024999953,10.915164470000049],[-6.032903274999953,10.90765847000005],[-6.027015774999953,10.881110720000049],[-5.992949024999953,10.880688595000048],[-5.933264274999953,10.831721845000049],[-5.872502274999953,10.864034220000049],[-5.868660524999953,10.82471934500005],[-5.783978274999953,10.87641959500005],[-5.795938149999953,10.97641322000005],[-5.772928649999953,10.99844334500005],[-5.632989524999953,11.020698595000049],[-5.512338024999953,10.951065095000049],[-5.491101899999953,10.971797220000049],[-5.490275649999953,11.077539220000048],[-5.331482274999953,11.13575522000005],[-5.322366024999953,11.204588720000048],[-5.255958274999953,11.24026309500005],[-5.249159524999953,11.377763846000049],[-5.197876274999953,11.430411096000048],[-5.215846649999953,11.57591334600005],[-5.291990274999953,11.61277597100005],[-5.260426274999953,11.759729221000049],[-5.403507524999953,11.82451697100005],[-5.439309649999953,11.80181384600005],[-5.446693274999953,11.849182346000049],[-5.516412149999953,11.884175596000048],[-5.504401149999953,11.915735596000049],[-5.533131149999953,11.93113859600005],[-5.526660524999953,11.95018447100005],[-5.590898149999953,11.99174109600005],[-5.631094774999953,11.97191309600005],[-5.629768524999953,12.007799971000049],[-5.654176774999953,11.98851947100005],[-5.665843524999953,12.021900971000049],[-5.697083774999953,12.012570221000049],[-5.706487399999953,12.066702721000048],[-5.834487274999953,12.04790472100005],[-5.870462274999953,12.10688834600005],[-5.820660024999953,12.116719221000048],[-5.830860149999953,12.12948434600005],[-5.783814149999953,12.16510847100005],[-5.821165274999953,12.195861971000049],[-5.899651899999953,12.206124596000048],[-5.908669524999953,12.236730096000048],[-5.964312774999953,12.23211347100005],[-5.968472149999953,12.161870846000049],[-6.133516649999953,12.154313971000049],[-6.168273900999953,12.06675359600005],[-6.236691525999953,12.108766471000049],[-6.330856525999953,12.085317096000049],[-6.379189150999953,12.02307422100005],[-6.357125400999953,11.925113096000048],[-6.466932525999953,11.75288809600005],[-6.486236275999953,11.66420384600005],[-6.547257525999953,11.637849471000049]]]},"properties":{"shapeName":"Sikasso","shapeISO":"","shapeID":"8926073B43266503533040","shapeGroup":"MLI","shapeType":"ADM2"}},
{"type":"Feature","geometry":{"type":"Polygon","coordinates":[[[-8.531009777999953,11.486092721000048],[-8.501577152999953,11.41299372100005],[-8.350535777999953,11.370571346000048],[-8.407816777999953,11.345143846000049],[-8.355018027999954,11.31199947100005],[-8.388631652999953,11.27391784500005],[-8.473335527999954,11.28876322000005],[-8.473569152999954,11.22609497000005],[-8.553338777999953,11.208025595000048],[-8.562390527999954,11.133937095000048],[-8.604107402999952,11.129569095000049],[-8.602156152999953,11.09266622000005],[-8.679508277999954,10.995768970000048],[-8.670625027999954,10.947695095000048],[-8.580614277999953,10.954325470000049],[-8.513239027999953,10.99092447000005],[-8.477413527999953,11.06388447000005],[-8.358140402999954,11.066558470000048],[-8.286624276999953,11.012012970000049],[-8.257654526999954,10.892346970000048],[-8.307131027999953,10.847163845000049],[-8.332347777999953,10.77824259500005],[-8.290087902999954,10.752222220000048],[-8.324707652999953,10.58642072000005],[-8.275802026999953,10.578879470000048],[-8.230093276999954,10.416508095000049],[-8.185469276999953,10.411042220000049],[-8.111048276999954,10.450890720000048],[-8.069699401999953,10.33354872000005],[-7.987156776999953,10.340334345000048],[-7.945688401999953,10.24635047000005],[-7.967642526999954,10.158087844000049],[-7.921040901999953,10.15687171900005],[-7.894775901999953,10.19573946900005],[-7.807809901999954,10.235102719000048],[-7.751652776999953,10.30143609500005],[-7.773175276999953,10.306040470000049],[-7.755116276999953,10.340233595000049],[-7.724048776999953,10.345044595000049],[-7.740656401999953,10.371710095000049],[-7.717355776999954,10.391028095000049],[-7.740533026999953,10.391069095000049],[-7.722886276999954,10.424641720000048],[-7.748362651999953,10.44673209500005],[-7.793283026999953,10.454454845000049],[-7.762479276999954,10.50456459500005],[-7.812320526999954,10.51757434500005],[-7.787727401999954,10.538395095000048],[-7.825990526999953,10.55024909500005],[-7.807678776999953,10.562075345000048],[-7.838956651999953,10.600079345000049],[-7.791101026999954,10.602997220000049],[-7.782147026999954,10.617300845000049],[-7.807740401999953,10.625923095000049],[-7.781097651999954,10.628644845000048],[-7.781961776999953,10.653978345000048],[-7.742401901999953,10.652530220000049],[-7.765819651999953,10.67842084500005],[-7.738505901999953,10.72854984500005],[-7.762990401999954,10.761177845000049],[-7.715120026999953,10.74403709500005],[-7.708565151999953,10.766479845000049],[-7.681581776999953,10.740055970000048],[-7.644489776999953,10.83119297000005],[-7.590146776999953,10.840318845000048],[-7.605071401999953,10.88227409500005],[-7.642278776999953,10.887460470000049],[-7.626540276999953,10.92957609500005],[-7.657244651999953,10.93092559500005],[-7.699322651999953,10.97759509500005],[-7.654456276999953,10.99742672000005],[-7.710603401999953,11.029351720000049],[-7.668475651999954,11.043405720000049],[-7.697115776999953,11.09877672000005],[-7.638444901999954,11.15684297000005],[-7.669526401999954,11.16624984500005],[-7.671391401999953,11.200518970000049],[-7.783268151999954,11.229862220000049],[-7.939437901999954,11.20594272000005],[-7.976320151999953,11.27083697000005],[-8.082318026999953,11.34084259600005],[-8.152836651999953,11.43304547100005],[-8.120834276999954,11.47268347100005],[-8.130116151999953,11.49185797100005],[-7.978321401999954,11.53886172100005],[-7.892275276999953,11.53528347100005],[-7.828916651999953,11.629627596000049],[-7.895452276999953,11.664662846000049],[-7.851495276999954,11.73479359600005],[-7.870476901999953,11.75045009600005],[-7.915524901999953,11.69534672100005],[-8.035318401999954,11.70387747100005],[-8.174575401999954,11.682432221000049],[-8.215955901999953,11.71060447100005],[-8.333040152999953,11.652521221000049],[-8.456572277999953,11.635275971000048],[-8.442628527999954,11.615545346000049],[-8.514115152999953,11.576416096000049],[-8.531009777999953,11.486092721000048]]]},"properties":{"shapeName":"Yanfolila","shapeISO":"","shapeID":"8926073B66933927430110","shapeGroup":"MLI","shapeType":"ADM2"}},
{"type":"Feature","geometry":{"type":"Polygon","coordinates":[[[-4.943411023999953,12.59066247200005],[-4.993484648999953,12.38938709700005],[-5.108381149999953,12.297938096000049],[-5.139914399999953,12.22922447100005],[-5.110122024999953,12.21951959600005],[-5.072025649999953,12.147060721000049],[-5.197981024999953,12.07876297100005],[-5.223379399999953,12.033912596000048],[-5.209359274999953,11.88242809600005],[-5.147027399999953,11.945452721000049],[-5.073463024999953,11.977425346000048],[-4.832546523999953,12.01483409600005],[-4.735967898999953,11.99651347100005],[-4.701613523999953,12.056515596000049],[-4.630710148999952,12.05354672100005],[-4.607508398999953,12.132921596000049],[-4.543357398999953,12.13729209600005],[-4.580864523999953,12.19549297100005],[-4.471556023999953,12.279889471000049],[-4.474946773999953,12.32760747100005],[-4.396694898999953,12.306330596000048],[-4.440726898999952,12.40599234700005],[-4.422367523999953,12.48456559700005],[-4.367423773999953,12.529955472000049],[-4.402852773999953,12.555118347000048],[-4.412312898999953,12.60435634700005],[-4.483680898999953,12.65417347200005],[-4.480892898999953,12.71897859700005],[-4.574771898999953,12.73671509700005],[-4.621617898999953,12.722624722000049],[-4.727590773999953,12.80648859700005],[-4.785084523999953,12.762010222000049],[-4.782237523999953,12.67176647200005],[-4.943411023999953,12.59066247200005]]]},"properties":{"shapeName":"Yorosso","shapeISO":"","shapeID":"8926073B52464298998123","shapeGroup":"MLI","shapeType":"ADM2"}},
{"type":"Feature","geometry":{"type":"Polygon","coordinates":[[[-3.301621272999953,16.01290472500005],[-3.045643147999953,16.02976097500005],[-3.068909397999953,16.17774985000005],[-3.210638772999953,16.29308647500005],[-3.124734522999953,16.30127135000005],[-3.112159397999953,16.58722235000005],[-3.090644397999953,16.61137085000005],[-3.185755397999953,16.62184272500005],[-3.182891897999953,16.57403197500005],[-3.268314022999953,16.50250910000005],[-3.287716522999953,16.449742100000048],[-3.322604772999953,16.46233222500005],[-3.437217272999953,16.40185922500005],[-3.565632522999953,16.37651860000005],[-3.552582647999953,16.31135547500005],[-3.503570522999953,16.25632935000005],[-3.570679147999953,16.26791435000005],[-3.610266147999953,16.16761585000005],[-3.688225397999953,16.108547475000048],[-3.467739272999953,16.14994647500005],[-3.472470022999953,16.08937797500005],[-3.536507897999953,16.08011497500005],[-3.565364772999953,16.01076110000005],[-3.301621272999953,16.01290472500005]]]},"properties":{"shapeName":"Dire","shapeISO":"","shapeID":"8926073B18441291459751","shapeGroup":"MLI","shapeType":"ADM2"}},
{"type":"Feature","geometry":{"type":"Polygon","coordinates":[[[-5.226302899999953,15.67485597500005],[-5.047013898999953,15.84077797500005],[-4.983341023999952,15.816853975000049],[-4.920567148999953,15.82591397500005],[-4.010679023999953,16.26061897500005],[-3.967161147999953,16.24797797500005],[-3.955988897999953,16.17836497500005],[-3.904337147999953,16.15016497500005],[-3.688225397999953,16.108547475000048],[-3.610266147999953,16.16761585000005],[-3.570679147999953,16.26791435000005],[-3.503570522999953,16.25632935000005],[-3.552582647999953,16.31135547500005],[-3.565632522999953,16.37651860000005],[-3.437217272999953,16.40185922500005],[-3.322604772999953,16.46233222500005],[-3.287716522999953,16.449742100000048],[-3.268314022999953,16.50250910000005],[-3.182891897999953,16.57403197500005],[-3.185755397999953,16.62184272500005],[-3.275299522999953,16.61218160000005],[-3.336535022999953,16.63205485000005],[-3.323521772999953,16.69020385100005],[-3.359226647999953,16.79366285100005],[-3.379139147999953,17.16909947600005],[-3.611885647999953,17.33056410100005],[-3.656251397999953,17.62315922600005],[-4.142782523999953,18.80188647700005],[-5.150674774999953,20.92242385400005],[-6.402705400999953,23.55345860700005],[-6.186826650999953,21.68952323000005],[-5.995980024999953,19.94871985400005],[-5.799747774999953,18.24952172700005],[-5.608452524999953,16.49529372500005],[-5.333427024999953,16.328793225000048],[-5.517409649999953,15.49985909900005],[-5.354033024999953,15.55125597400005],[-5.226302899999953,15.67485597500005]]]},"properties":{"shapeName":"Goundam","shapeISO":"","shapeID":"8926073B20620148277365","shapeGroup":"MLI","shapeType":"ADM2"}},
{"type":"Feature","geometry":{"type":"Polygon","coordinates":[[[-1.583018270999953,17.04383472600005],[-1.665607395999952,16.98645410100005],[-1.795422770999953,17.01229522600005],[-1.904333521999952,16.98817172600005],[-2.028105646999952,16.88211247600005],[-2.213502771999952,16.87704460100005],[-2.273700396999953,16.82233935100005],[-2.482506771999953,16.803969726000048],[-2.604345271999953,16.66775497500005],[-2.593854771999953,16.61659572500005],[-2.679971396999953,16.54302510000005],[-2.787203021999953,16.50257110000005],[-2.832106146999953,16.51156085000005],[-2.837468021999953,16.54174060000005],[-2.773070146999953,16.71109997600005],[-2.825905396999953,16.67532222500005],[-2.855141146999953,16.682213226000048],[-2.897452396999953,16.63881860000005],[-2.939060272999953,16.66070435000005],[-3.006506272999953,16.63648097500005],[-3.030666272999953,16.65364910000005],[-3.090644397999953,16.61137085000005],[-3.112159397999953,16.58722235000005],[-3.124734522999953,16.30127135000005],[-3.210638772999953,16.29308647500005],[-3.068909397999953,16.17774985000005],[-3.045643147999953,16.02976097500005],[-3.301621272999953,16.01290472500005],[-3.361329772999953,15.88465860000005],[-3.296324022999953,15.869465225000049],[-3.286325272999953,15.89793097500005],[-3.245588147999953,15.85891035000005],[-3.191367272999953,15.85746135000005],[-3.186628272999953,15.81781760000005],[-3.105019897999953,15.825696475000049],[-3.085340397999953,15.863574100000049],[-3.054345022999953,15.83303722500005],[-3.010181022999953,15.89611335000005],[-2.988279522999953,15.89244797500005],[-2.921882647999952,15.765374100000049],[-2.820954521999953,15.66556385000005],[-2.838218896999953,15.58110984900005],[-2.820954146999953,15.51201034900005],[-2.727995896999952,15.414759224000049],[-2.532440771999953,15.31923159900005],[-2.134386771999953,15.27272297400005],[-1.907300771999953,15.39940547400005],[-1.686457395999952,15.42824359900005],[-1.305464770999953,15.26022847400005],[-1.214466520999952,15.17622059900005],[-1.160971270999952,15.03471622400005],[-1.077305895999952,14.99632772400005],[-0.975052020999952,14.99888722400005],[-0.741958019999952,15.06414984900005],[-0.701392894999952,15.07981897400005],[-0.739339269999952,15.22078784900005],[-0.702153144999952,15.294271974000049],[-0.707468269999952,15.350016224000049],[-0.808393145999952,15.36268522400005],[-0.856202270999952,15.398160474000049],[-0.861514395999952,15.458973224000049],[-0.756295644999952,15.563142474000049],[-0.707445019999952,15.68641722500005],[-0.692179644999952,15.818496850000049],[-0.752620769999952,15.95308247500005],[-0.869483645999952,16.077243975000048],[-0.904010145999952,16.19126872500005],[-0.757933519999952,16.35597272500005],[-0.719473894999952,16.56137022500005],[-0.687480894999952,16.735369726000048],[-0.710127769999952,16.86021747600005],[-0.771165644999952,16.90228322600005],[-1.559447520999953,16.96433022600005],[-1.604657770999953,17.01197360100005],[-1.583018270999953,17.04383472600005]]]},"properties":{"shapeName":"Gourma-Rharous","shapeISO":"","shapeID":"8926073B81360088660364","shapeGroup":"MLI","shapeType":"ADM2"}},
{"type":"Feature","geometry":{"type":"Polygon","coordinates":[[[-3.296324022999953,15.869465225000049],[-3.361329772999953,15.88465860000005],[-3.301621272999953,16.01290472500005],[-3.565364772999953,16.01076110000005],[-3.536507897999953,16.08011497500005],[-3.472470022999953,16.08937797500005],[-3.467739272999953,16.14994647500005],[-3.688225397999953,16.108547475000048],[-3.904337147999953,16.15016497500005],[-3.955988897999953,16.17836497500005],[-3.967161147999953,16.24797797500005],[-4.010679023999953,16.26061897500005],[-4.920567148999953,15.82591397500005],[-4.983341023999952,15.816853975000049],[-5.047013898999953,15.84077797500005],[-5.226302899999953,15.67485597500005],[-5.123935649999953,15.59147184900005],[-4.536734648999952,15.589076349000049],[-4.455180398999953,15.627241100000049],[-4.427090148999953,15.69236635000005],[-4.396142773999953,15.69511860000005],[-4.350456648999953,15.64975347500005],[-4.213791773999953,15.77705872500005],[-4.054409148999953,15.81727585000005],[-4.024107648999953,15.73434610000005],[-3.895289147999953,15.669117100000049],[-3.835996272999953,15.574901349000049],[-3.871564522999953,15.51408809900005],[-3.658017772999953,15.483546974000049],[-3.597418147999953,15.53625009900005],[-3.482421897999953,15.73026972500005],[-3.368416147999953,15.69885497500005],[-3.296704772999953,15.72377247500005],[-3.300828772999953,15.77666747500005],[-3.323725397999953,15.79057572500005],[-3.278113397999953,15.841012600000049],[-3.296324022999953,15.869465225000049]]]},"properties":{"shapeName":"Niafunke","shapeISO":"","shapeID":"8926073B8185774675652","shapeGroup":"MLI","shapeType":"ADM2"}},
{"type":"Feature","geometry":{"type":"Polygon","coordinates":[[[-0.888484145999952,19.03658397800005],[-1.124977145999952,19.07418685300005],[-1.981868271999953,19.76993547800005],[-2.056461396999953,19.99866910400005],[-1.292479645999952,20.38670647900005],[-0.237504644999952,21.22978660500005],[-0.014338894999952,21.906762105000052],[-1.150133145999952,22.65884623100005],[-2.438687646999953,23.48707785700005],[-3.884890147999953,24.39866210800005],[-4.833489648999953,24.99951198300005],[-6.572009150999953,24.99597035800005],[-6.402705400999953,23.55345860700005],[-5.150674774999953,20.92242385400005],[-4.142782523999953,18.80188647700005],[-3.656251397999953,17.62315922600005],[-3.611885647999953,17.33056410100005],[-3.379139147999953,17.16909947600005],[-3.359226647999953,16.79366285100005],[-3.323521772999953,16.69020385100005],[-3.336535022999953,16.63205485000005],[-3.275299522999953,16.61218160000005],[-3.185755397999953,16.62184272500005],[-3.090644397999953,16.61137085000005],[-3.030666272999953,16.65364910000005],[-3.006506272999953,16.63648097500005],[-2.939060272999953,16.66070435000005],[-2.897452396999953,16.63881860000005],[-2.855141146999953,16.682213226000048],[-2.825905396999953,16.67532222500005],[-2.773070146999953,16.71109997600005],[-2.837468021999953,16.54174060000005],[-2.832106146999953,16.51156085000005],[-2.787203021999953,16.50257110000005],[-2.679971396999953,16.54302510000005],[-2.593854771999953,16.61659572500005],[-2.604345271999953,16.66775497500005],[-2.482506771999953,16.803969726000048],[-2.273700396999953,16.82233935100005],[-2.213502771999952,16.87704460100005],[-2.028105646999952,16.88211247600005],[-1.904333521999952,16.98817172600005],[-1.795422770999953,17.01229522600005],[-1.665607395999952,16.98645410100005],[-1.583018270999953,17.04383472600005],[-1.609462895999953,17.12240497600005],[-1.488494770999953,17.26173735100005],[-1.471254270999953,17.33771547600005],[-1.591943520999953,17.59759260100005],[-1.523563645999952,17.87863197700005],[-1.123738895999952,17.89029810200005],[-0.944480020999952,18.00048872700005],[-0.888484145999952,19.03658397800005]]]},"properties":{"shapeName":"Tombouctou","shapeISO":"","shapeID":"8926073B54989133575544","shapeGroup":"MLI","shapeType":"ADM2"}}
]}