{"type":"FeatureCollection", "features": [
{"type":"Feature","geometry":{"type":"Polygon","coordinates":[[[125.30250549300001,38.51542282100007],[125.26306915300006,38.48321533200004],[125.27518463100012,38.445182800000055],[125.29835510300006,38.432014465000066],[125.32775878900009,38.44002914400005],[125.36021423300008,38.42919540400004],[125.34998321500007,38.38616561900005],[125.41193389900002,38.39141464200003],[125.40518951400009,38.369903564000026],[125.4213562010001,38.35910415600006],[125.48354339600007,38.38588714600007],[125.51288604700005,38.38851547200005],[125.53554534900002,38.375015259000065],[125.58602142300003,38.38274383500004],[125.56529235800008,38.41531753500004],[125.57543945300006,38.45027542100007],[125.56275939900002,38.48259735100004],[125.56619262700008,38.49873352100008],[125.6055679320001,38.52555847200006],[125.61848449700005,38.565895081000065],[125.59948730500003,38.56593704200003],[125.56339263900009,38.541793823000035],[125.55368042000009,38.54719543500005],[125.46209716800001,38.51240539600008],[125.39980316200001,38.474861145000034],[125.3412780760001,38.485744476000036],[125.30250549300001,38.51542282100007]]]},"properties":{"shapeName":"Anak","shapeISO":"","shapeID":"82179303B532613620970","shapeGroup":"PRK","shapeType":"ADM2"}},
{"type":"Feature","geometry":{"type":"Polygon","coordinates":[[[127.28192901600005,39.01452636700003],[127.29753112800006,38.949909210000044],[127.31038665800008,38.933734894000054],[127.329925537,38.933696747000056],[127.35993957500011,38.99821472200006],[127.38294220000012,39.017002106000064],[127.40908813500005,39.02502441400003],[127.44160461400008,39.01957321200007],[127.45783233600002,39.01416015600006],[127.454231262,38.981876373000034],[127.46377563500005,38.96032714800003],[127.56025695800008,38.877342224000074],[127.5804367070001,38.90357589700005],[127.59349823000002,38.90623855600006],[127.7007064820001,38.87910842900004],[127.72045135500002,38.89790344200003],[127.7272796630001,38.92748642000004],[127.6850814820001,38.94103241000005],[127.64965057400002,38.97877883900003],[127.65631103500004,38.99222183200004],[127.6825103760001,39.005619049000074],[127.6631088260001,39.019115448000036],[127.64714050300006,39.04874801600005],[127.6510823960001,39.11026519700005],[127.6213370800001,39.131952968000064],[127.60798497000008,39.15578900600008],[127.5813003940001,39.141366238000046],[127.55052309300004,39.148382808000065],[127.52934896400006,39.137882510000054],[127.52787885700002,39.11662652600006],[127.52427981300002,39.13344240600003],[127.51744842500011,39.10552215600006],[127.50433349600007,39.097480774000076],[127.45878601100003,39.10295486500007],[127.28192901600005,39.01452636700003]]]},"properties":{"shapeName":"Anbyon","shapeISO":"","shapeID":"82179303B46901799029181","shapeGroup":"PRK","shapeType":"ADM2"}},
{"type":"Feature","geometry":{"type":"Polygon","coordinates":[[[125.83702087400002,39.71679687500006],[125.82360839800003,39.690544128000056],[125.75444030800008,39.657714844000054],[125.68747711200001,39.62971496600005],[125.63471984900002,39.636383057000046],[125.578872681,39.601936340000066],[125.55159759500009,39.59676361100003],[125.60384368900009,39.58040237400007],[125.63944244400011,39.55880355800008],[125.69170379600007,39.57215118400006],[125.72415924100005,39.56132125900007],[125.7337036130001,39.539772034000066],[125.71984100300006,39.479461670000035],[125.76965332000009,39.460391998000034],[125.82442474400011,39.49383926400003],[125.84815216100003,39.53762054400005],[125.83168792700008,39.56378936800007],[125.8679275510001,39.60138320900006],[125.86158752400002,39.61754226700003],[125.83573150600012,39.63643264800004],[125.83702087400002,39.71679687500006]]]},"properties":{"shapeName":"Anju City","shapeISO":"","shapeID":"82179303B77985943192226","shapeGroup":"PRK","shapeType":"ADM2"}},
{"type":"Feature","geometry":{"type":"Polygon","coordinates":[[[127.85005950900006,38.83305358900003],[127.82396698000002,38.830417633000025],[127.7879028320001,38.80896377600004],[127.77124786400009,38.774017334000064],[127.73506164600008,38.74179840100004],[127.71756744400011,38.62881469700005],[127.66838836700003,38.599319458000025],[127.6096801760001,38.584674835000044],[127.5997848510001,38.58062362700008],[127.59358215300006,38.54887771600005],[127.61860656700003,38.51331329300007],[127.69664001500007,38.49969482400007],[127.70954895000011,38.48890686000004],[127.7253494260001,38.443126678000056],[127.74800872800006,38.42962646500007],[127.79678344700005,38.421451569000055],[127.85166931200001,38.37559127800006],[127.88352214100007,38.319303579000064],[127.89826124600006,38.328517943000065],[127.94979858400006,38.314659119000055],[128.0496218390001,38.30531891700008],[128.04660034200003,38.326751709000064],[128.07644653300008,38.37512970000006],[128.07337951700003,38.39396667500006],[128.06367492700008,38.39937210100004],[128.04080200200008,38.39403533900003],[128.01181030300006,38.42369461100003],[127.97583007800006,38.41031646700003],[127.9432525630001,38.410385132000044],[127.93080139200003,38.464229584000066],[127.92774200400004,38.48307037400008],[127.99027252200005,38.542144775000054],[127.9970169070001,38.56365585300006],[127.98750305200008,38.58789444000007],[127.9453353880001,38.60412979100005],[127.90950775100009,38.60419845600006],[127.87403869600007,38.63925552400008],[127.83187103300008,38.655490875000055],[127.79018402100007,38.71746826200007],[127.79695892300003,38.74167251600005],[127.86675262500012,38.78265380900007],[127.8399429320001,38.80078506500007],[127.85005950900006,38.83305358900003]]]},"properties":{"shapeName":"Changdo","shapeISO":"","shapeID":"82179303B43918374415643","shapeGroup":"PRK","shapeType":"ADM2"}},
{"type":"Feature","geometry":{"type":"Polygon","coordinates":[[[125.12780031800003,40.57243020800007],[125.00453303100005,40.52202288900003],[125.00293850500009,40.504414344000054],[125.03830620800011,40.485630367000056],[125.0434106560001,40.46880107700008],[125.02615244800006,40.456647317000034],[125.00204405000011,40.46393256400006],[125.05546569800003,40.408847809000065],[125.11335754400011,40.37792587300004],[125.17863464400011,40.35886764500003],[125.22079467800006,40.36618423500005],[125.26570892300003,40.33811569200003],[125.2814788820001,40.31855773900003],[125.27702331500006,40.276863098000035],[125.32719421400009,40.20426940900006],[125.38063049300001,40.24568176300005],[125.43892669700006,40.34268951400003],[125.42021179200003,40.373386383000025],[125.29821014400011,40.446395874000075],[125.22811889600007,40.507984161000024],[125.12780031800003,40.57243020800007]]]},"properties":{"shapeName":"Changsong","shapeISO":"","shapeID":"82179303B23970649452661","shapeGroup":"PRK","shapeType":"ADM2"}},
{"type":"Feature","geometry":{"type":"Polygon","coordinates":[[[125.52272033700001,39.00202560400004],[125.55128479000007,38.93200302100007],[125.59288787800006,38.89444732700008],[125.60594177200005,38.93884658800005],[125.5788650510001,39.010272980000025],[125.52272033700001,39.00202560400004]]]},"properties":{"shapeName":"Chollima","shapeISO":"","shapeID":"82179303B23985566152661","shapeGroup":"PRK","shapeType":"ADM2"}},
{"type":"Feature","geometry":{"type":"MultiPolygon","coordinates":[[[[124.61496769900009,39.424121237000065],[124.61366130100009,39.45022300800008],[124.58828639800004,39.432873122000046],[124.59987699900012,39.42153790800006],[124.61496769900009,39.424121237000065]]],[[[124.63144665200002,39.45620493600006],[124.62281918500003,39.468424180000056],[124.61440126600007,39.45890941000005],[124.63144665200002,39.45620493600006]]],[[[124.62693155700003,39.483937250000054],[124.6231989900001,39.490387386000066],[124.61831063800003,39.480597585000055],[124.62693155700003,39.483937250000054]]],[[[124.70242434800002,39.497047070000065],[124.70540712700006,39.53087590900003],[124.67971135500011,39.51423979500004],[124.68611237900006,39.492659668000044],[124.70242434800002,39.497047070000065]]],[[[124.73692439400008,39.54171672200005],[124.73506138500011,39.552947163000056],[124.72953129300004,39.54157593200006],[124.73692439400008,39.54171672200005]]],[[[124.68621715200004,39.56312659200006],[124.62708216900012,39.56035336000008],[124.59226125400005,39.52778180800004],[124.61254153100003,39.53968673000003],[124.63456039900007,39.53190072700005],[124.63984820100006,39.54739742600003],[124.651108109,39.53286333700004],[124.67228551200003,39.52850867600006],[124.69290957800001,39.54131399800008],[124.6984789600001,39.55520634800007],[124.68621715200004,39.56312659200006]]],[[[124.76154296100003,39.62401326200006],[124.76344198600009,39.630394641000066],[124.75180882100005,39.625041355000064],[124.76154296100003,39.62401326200006]]],[[[124.6485900880001,39.87280273400006],[124.58280181900011,39.869220734000066],[124.47289700600004,39.82482269500008],[124.53595843700009,39.80582853400006],[124.5671384630001,39.82723512900003],[124.57263908700008,39.82063765400005],[124.54900277400009,39.76956043100006],[124.55539725000006,39.763319842000044],[124.57858172600004,39.767654857000025],[124.5864495830001,39.74218500300003],[124.55548892700006,39.71460330200006],[124.59365932900005,39.71374546700008],[124.61804215500001,39.686036073000025],[124.63884630100006,39.691071763000025],[124.6467665450001,39.67108288800006],[124.61035765200006,39.61818194500006],[124.63099809000005,39.59828147300004],[124.60485702800008,39.590790147000064],[124.60711621300004,39.585043959000075],[124.6377789180001,39.58082354000004],[124.63928831600003,39.59910984100003],[124.67262275300004,39.61177764700005],[124.67636841600006,39.62294260500005],[124.68128951000006,39.61694103100007],[124.70053842000004,39.63456267300006],[124.74491994400012,39.635875620000036],[124.72660744900008,39.65301923100003],[124.767272778,39.67564054800005],[124.74288340300006,39.68416651500007],[124.72770757400008,39.68022767600007],[124.75019792400008,39.69551810100006],[124.72337255900004,39.69526598900006],[124.75061701900006,39.71724229200004],[124.74273606500003,39.75415868300007],[124.72923334300003,39.760723416000076],[124.73654479200002,39.765231983000035],[124.73444366500007,39.80438613900003],[124.65806579600007,39.874351501000035],[124.6485900880001,39.87280273400006]]]]},"properties":{"shapeName":"Cholsan","shapeISO":"","shapeID":"82179303B45759472884401","shapeGroup":"PRK","shapeType":"ADM2"}},
{"type":"Feature","geometry":{"type":"Polygon","coordinates":[[[126.78513336200001,38.36287689200003],[126.79498291000004,38.348045349000074],[126.82527160600011,38.34193420400004],[126.83551025400004,38.323875427000075],[126.87442016600005,38.339714050000055],[126.89109802200005,38.33415985100004],[126.88832092300004,38.311660767000035],[126.86443328900009,38.295272827000076],[126.88581848100011,38.26499939000007],[126.86914062500011,38.24082946800007],[126.87355041500007,38.22648620600006],[126.89050293000003,38.20497894300007],[126.9260864260001,38.20166015600006],[126.94442749000007,38.16415405300006],[126.9613189700001,38.162044525000056],[126.9694137570001,38.19206619300007],[127.01658630400004,38.237419128000056],[127.10009765600012,38.28760147100007],[127.13944244400011,38.30724334700005],[127.16795349100005,38.301769257000046],[127.23873901400009,38.32726669300007],[127.25175021200005,38.32523609500004],[127.2422103880001,38.347255707000045],[127.17089080800008,38.37969589200003],[127.10250854500009,38.38252639800004],[127.07299041700003,38.36375045800003],[127.0534744260001,38.366485596000075],[127.02793884300002,38.41497421300005],[127.01782226600005,38.47309112500005],[126.99253845200008,38.45541381800007],[126.96273040800008,38.40972900400004],[126.93324279800004,38.39364242600004],[126.87763214100005,38.372230530000024],[126.78513336200001,38.36287689200003]]]},"properties":{"shapeName":"Cholwon","shapeISO":"","shapeID":"82179303B128003605723","shapeGroup":"PRK","shapeType":"ADM2"}},
{"type":"Feature","geometry":{"type":"Polygon","coordinates":[[[125.99922943100012,38.17583465600006],[125.94256591800001,38.169284821000076],[125.93702697800006,38.14545059200003],[125.89135742200006,38.140167236000025],[125.85858154300001,38.12139892600004],[125.84532928500005,38.09989929200003],[125.81467437700007,38.097278595000034],[125.79288482700008,38.07040786700003],[125.82183075000012,38.035362244000055],[125.78495845100008,37.99470386200005],[125.80946424000001,37.98333097700004],[125.7922911610001,37.96236639600005],[125.79704199800005,37.94805822500007],[125.81096708900009,37.94043265700003],[125.8290798590001,37.945789217000026],[125.82328128400002,37.93651346300004],[125.86110789800011,37.90821144200004],[125.86004706300002,37.89402114100005],[125.87802886500003,37.88676228200006],[125.89874133400008,37.840471911000066],[125.9363897400001,37.83925382500007],[125.94417572000009,37.900562286000024],[125.97071838400007,37.94625473000008],[126.0363616940001,37.99186325100004],[125.98801422100007,38.04040527300003],[126.03417205800008,38.09143066400003],[126.02459716800001,38.110290527000075],[125.98245239300002,38.12921142600004],[125.99922943100012,38.17583465600006]]]},"properties":{"shapeName":"Chongdan","shapeISO":"","shapeID":"82179303B18505219089610","shapeGroup":"PRK","shapeType":"ADM2"}},
{"type":"Feature","geometry":{"type":"Polygon","coordinates":[[[129.9620666500001,42.32896423300008],[129.9417877200001,42.30649185200008],[129.95138549800004,42.29296493500004],[129.8613739010001,42.259986877000074],[129.858093262,42.162967682000044],[129.82469177200005,42.111511230000076],[129.8306427000001,42.07091522200005],[129.79414367700008,42.030284882000046],[129.78979492200006,41.954486847000055],[129.7141723630001,41.91924667400008],[129.66915893600003,41.96794128400006],[129.56172180200008,41.99222946200007],[129.52976989700005,42.040927887000066],[129.48408508300008,42.04360580400004],[129.45768737800006,42.024639130000025],[129.4216918950001,42.01919937100007],[129.371841431,41.95961380000006],[129.34417724600007,41.87895584100005],[129.36468505900007,41.860744476000036],[129.39088439900002,41.87437439000007],[129.42329406700003,41.85805892900004],[129.44940185500002,41.86352539100005],[129.47578430200008,41.89349746700003],[129.50155639600007,41.866283417000034],[129.54043579100005,41.84725189200003],[129.54963684100005,41.79279708900003],[129.62403869600007,41.74383163500005],[129.6758270260001,41.713916779000044],[129.74108886700003,41.72485351600005],[129.7576998410001,41.719298597000034],[129.7615513400001,41.76048185900004],[129.76885931200002,41.745806980000054],[129.77993914,41.76902419700008],[129.8171076430001,41.77550380100007],[129.8411565030001,41.75980737800006],[129.8515487530001,41.762390706000076],[129.84898507000003,41.78114848900003],[129.86857449500008,41.79212681800004],[129.8817890890001,41.82048777400007],[129.8828433760001,41.872331157000076],[129.8968666930001,41.90225062300004],[129.90843110000003,41.90682465400005],[129.95349037900007,41.89211375800005],[129.96052659400004,41.90017806600008],[129.94984294200003,41.91186034400005],[129.98728975000006,41.941936971000075],[129.96900999700006,41.94903866900006],[129.99229269900002,41.97034049100006],[129.97912721700004,41.97919387700006],[130.0139481320001,42.01562896300004],[130.03141916200002,41.99019185100008],[130.049774221,42.05521053700005],[130.06878739,42.035182372000065],[130.07598731400003,42.03909829200006],[130.07577449200005,42.07540896000006],[130.09916524100004,42.08612208000005],[130.13198890600006,42.08749723600005],[130.152328118,42.06576649700003],[130.17378382700008,42.072904211000036],[130.17361356900005,42.08486152100005],[130.1447909540001,42.097031651000066],[130.17965770700005,42.10814422200008],[130.19192606400009,42.09679263600003],[130.20828387200004,42.139871036000045],[130.1993551800001,42.14802047200004],[130.21299869300003,42.15129137900004],[130.19817974900002,42.16740035000004],[130.20663385900002,42.17577767600005],[130.1817169190001,42.18484878500004],[130.172622681,42.23356246900005],[130.1597900390001,42.24980163600003],[130.17399597200006,42.30601882900004],[130.13447570800008,42.30662536600005],[130.098892212,42.33096313500005],[130.07254028300008,42.314704895000034],[129.9620666500001,42.32896423300008]]]},"properties":{"shapeName":"Chongjin City","shapeISO":"","shapeID":"82179303B21659587132529","shapeGroup":"PRK","shapeType":"ADM2"}},
{"type":"Feature","geometry":{"type":"Polygon","coordinates":[[[125.44269561800002,39.45655441300005],[125.47097015400004,39.48027420000005],[125.46115875200007,39.501136780000024],[125.43338775600012,39.48119735700004],[125.44269561800002,39.45655441300005]]]},"properties":{"shapeName":"Chongnam","shapeISO":"","shapeID":"82179303B42180748236160","shapeGroup":"PRK","shapeType":"ADM2"}},
{"type":"Feature","geometry":{"type":"Polygon","coordinates":[[[124.76828002900004,40.18799591100003],[124.72185516400009,40.16323089600007],[124.70767974900002,40.12437439000007],[124.65168762200005,40.108009338000045],[124.70066833500005,40.10772705100004],[124.69995117200006,40.082698822000054],[124.73172760000011,40.051929474000076],[124.74089050300006,40.02962493900003],[124.76071929900002,40.037857056000064],[124.78954315200008,40.018222809000065],[124.95878601100003,39.99778747600004],[125.01277923600003,39.94463729900008],[125.0593338010001,39.942272186000025],[125.04664611800001,40.06528091400003],[124.98603057900004,40.14892578100006],[124.9668960570001,40.19207763700007],[124.94445037800006,40.181423187000064],[124.90534210200008,40.18443298300008],[124.83740997300004,40.207069397000055],[124.80746460000012,40.187770844000056],[124.76828002900004,40.18799591100003]]]},"properties":{"shapeName":"Chonma","shapeISO":"","shapeID":"82179303B45554830914621","shapeGroup":"PRK","shapeType":"ADM2"}},
{"type":"Feature","geometry":{"type":"Polygon","coordinates":[[[127.33414895400006,39.40514759700005],[127.28676605200008,39.41139221200007],[127.13997650100009,39.40915679900007],[127.10608673100012,39.379989624000075],[127.09443664600008,39.32437896700003],[127.0861129760001,39.28388214100005],[127.02414703400007,39.26444244400005],[127.04248046900011,39.22082519500003],[127.03970336900011,39.20943450900006],[127.02551269500009,39.20433807400008],[127.06169891400009,39.17375183100006],[127.09472656200012,39.176368713000045],[127.1271286010001,39.16015243500004],[127.15333557100007,39.17355346700003],[127.16058349600007,39.16859436000004],[127.16641235400004,39.17890930200008],[127.13735961900011,39.20318985000006],[127.15053558300008,39.21661758400006],[127.18645477300004,39.22461319000007],[127.27899169900002,39.34820556600005],[127.29868316700004,39.361614227000075],[127.37806808500011,39.35784755200007],[127.37354378600003,39.37375778400008],[127.39340169400009,39.36485528600008],[127.38497067800006,39.37796183300003],[127.40352546200006,39.37757875300008],[127.40881981300004,39.388164181000036],[127.42822915800002,39.38156998000005],[127.43195190100005,39.401139760000035],[127.41194010700008,39.40752768700003],[127.38748197500001,39.40260986700008],[127.37779367300004,39.38712626500006],[127.3611084470001,39.38400924500007],[127.37885123400008,39.40655853000004],[127.34632224500001,39.39983663600003],[127.33414895400006,39.40514759700005]]]},"properties":{"shapeName":"Chonnae","shapeISO":"","shapeID":"82179303B51352172049621","shapeGroup":"PRK","shapeType":"ADM2"}},
{"type":"Feature","geometry":{"type":"Polygon","coordinates":[[[125.68293374900009,40.765505338000025],[125.71100616500007,40.74769973800005],[125.71691131600005,40.709064484000066],[125.69686889600007,40.662761688000046],[125.71713256800001,40.64312744100005],[125.79776763900009,40.65465927100007],[125.83054351800001,40.67374420200008],[125.84992218000002,40.657421112000065],[125.87274932900004,40.66016006500007],[125.97937774700006,40.72092819200003],[125.90678405800008,40.79633712800006],[125.87752533000003,40.801761627000076],[125.89323822100005,40.89651389100004],[125.87026250800011,40.904905617000054],[125.8563014,40.88480869400007],[125.80877666200001,40.861892701000045],[125.79709765900009,40.86586100900007],[125.79094547300008,40.88446490500007],[125.77005619800002,40.891635362000045],[125.75073198100006,40.86824461300006],[125.70696272900011,40.86704298800004],[125.62982302500006,40.800927451000064],[125.68003913900009,40.78459256200006],[125.68293374900009,40.765505338000025]]]},"properties":{"shapeName":"Chosan","shapeISO":"","shapeID":"82179303B68159150924260","shapeGroup":"PRK","shapeType":"ADM2"}},
{"type":"Feature","geometry":{"type":"Polygon","coordinates":[[[125.81467437700007,38.097278595000034],[125.81603241000005,38.10264968900003],[125.78352356000005,38.10810089100005],[125.65335845900006,38.12182235700004],[125.61116027800006,38.13536453200004],[125.57823944100005,38.10314559900007],[125.58078666300003,38.03662851800004],[125.59175084800006,38.03967963200006],[125.61357981300011,38.02391117600007],[125.62236771500011,38.037034094000035],[125.64726131300006,38.017529798000055],[125.67500344900009,38.02500802700007],[125.68608982500007,38.00897436300005],[125.6941312140001,38.01398713400005],[125.69055908300004,37.99422090300004],[125.69848587500007,37.988559844000065],[125.7156818740001,37.99211560500004],[125.71920161800006,38.01221580200007],[125.74305730100002,38.01608915800006],[125.78495845100008,37.99470386200005],[125.82183075000012,38.035362244000055],[125.79288482700008,38.07040786700003],[125.81467437700007,38.097278595000034]]]},"properties":{"shapeName":"Haeju City","shapeISO":"","shapeID":"82179303B26132853361668","shapeGroup":"PRK","shapeType":"ADM2"}},
{"type":"Feature","geometry":{"type":"Polygon","coordinates":[[[127.77006530800008,39.97925567600004],[127.7739486690001,40.00116348300003],[127.72834014900002,40.08022308300008],[127.63570404100005,40.07704925500008],[127.5991439820001,40.05500793500005],[127.59803009000007,40.01607513400006],[127.5844955440001,39.99946975700004],[127.55136108400006,39.98296737700008],[127.46392059300001,39.89447021500007],[127.46320343000002,39.86944580100004],[127.49784851100003,39.82474899300007],[127.50342559800004,39.79134368900003],[127.53388277900001,39.749354469000025],[127.5475010240001,39.75145748400007],[127.54139795000003,39.77455683100004],[127.57457850100002,39.794941882000046],[127.56429429800005,39.838553973000046],[127.58923373500011,39.797184696000045],[127.60727774600002,39.81693783000003],[127.63583515300002,39.82327337000004],[127.6591866120001,39.796362876000046],[127.69088321900006,39.83353039000008],[127.70140838600003,39.86251831100003],[127.76567077600009,39.94002914400005],[127.77006530800008,39.97925567600004]]]},"properties":{"shapeName":"Hamhung City","shapeISO":"","shapeID":"82179303B86824596043159","shapeGroup":"PRK","shapeType":"ADM2"}},
{"type":"Feature","geometry":{"type":"Polygon","coordinates":[[[127.46392059300001,39.89447021500007],[127.4260864260001,39.94196701000004],[127.33784484900002,39.93969345100004],[127.30471801800002,39.923191071000076],[127.26545715300006,39.92063522300003],[127.21791076700003,39.97096633900003],[127.2457046510001,40.02921676600005],[127.23973846400008,40.04871749900008],[127.20365905800008,40.04336166400003],[127.11244964600007,40.08327484100005],[127.08138275100009,40.061103821000074],[127.08888244600007,40.03388214100005],[127.05637359600007,40.02027130100004],[127.07360839800003,39.95332336400003],[127.1141510010001,39.89638519300007],[127.10527801500007,39.86671447800006],[127.16264343300008,39.86560058600003],[127.2011947630001,39.84313201900005],[127.26673889200003,39.85110092200006],[127.34135437000009,39.83398819000007],[127.38642883300008,39.81148147600004],[127.465591431,39.72481155400004],[127.49943810100001,39.71590353200003],[127.53388277900001,39.749354469000025],[127.50342559800004,39.79134368900003],[127.49784851100003,39.82474899300007],[127.46320343000002,39.86944580100004],[127.46392059300001,39.89447021500007]]]},"properties":{"shapeName":"Hamju","shapeISO":"","shapeID":"82179303B5529079256515","shapeGroup":"PRK","shapeType":"ADM2"}},
{"type":"Feature","geometry":{"type":"Polygon","coordinates":[[[128.4337158200001,40.978553772000055],[128.44165039100005,40.92166137700008],[128.40730285600011,40.858177185000045],[128.39080810500002,40.79610443100006],[128.35830688500005,40.75083160400004],[128.3399658200001,40.69609832800006],[128.30012512200005,40.66573333700006],[128.37683105500003,40.640167236000025],[128.43663024900002,40.67597961400003],[128.51499939000007,40.67553329500004],[128.50057983400006,40.628337860000045],[128.54292297400002,40.585456848000035],[128.62100219700005,40.613742828000056],[128.656356812,40.59407043500005],[128.70214843700012,40.59659194900007],[128.7253265380001,40.60758590700004],[128.8066406250001,40.595996857000046],[128.92610168500005,40.662059784000064],[128.9296875000001,40.67316436800007],[128.90339660600011,40.667751312000064],[128.87744140600012,40.67346572900004],[128.8492431640001,40.71533966100003],[128.79827880900007,40.76013183600003],[128.78927612300004,40.787990570000034],[128.8106231690001,40.84905624400005],[128.75646972700008,40.89664840700004],[128.73489379900002,40.94126892100007],[128.78289794900002,41.02164840700004],[128.78729248000002,41.06055831900005],[128.7046356200001,41.153274536000026],[128.6713562010001,41.12054443400007],[128.6674804690001,41.09027099600007],[128.62133789100005,41.070549011000026],[128.57553100600012,41.013328552000075],[128.44357299800004,41.00193786600005],[128.4337158200001,40.978553772000055]]]},"properties":{"shapeName":"Hochon","shapeISO":"","shapeID":"82179303B14875494019042","shapeGroup":"PRK","shapeType":"ADM2"}},
{"type":"Feature","geometry":{"type":"Polygon","coordinates":[[[126.24800872800006,39.14237213100006],[126.23943328900009,39.11415863000008],[126.24803161600005,39.08998870800008],[126.27720642100007,39.06388092000003],[126.34526062000009,39.04694366500007],[126.38498687700007,38.97721099900008],[126.38739013700001,38.93048095700004],[126.47380828900009,38.90813446000004],[126.4877624510001,38.911102295000035],[126.50054931600005,38.930824280000024],[126.47886657700008,38.98526763900003],[126.48970031700003,39],[126.51554870600012,39.00277710000006],[126.59664917000009,38.96832275400004],[126.64360046400009,38.96943664600008],[126.65971374500009,38.980819702000076],[126.62136840800008,39.04943847700008],[126.59192657500012,39.07221984900008],[126.56275939900002,39.11499786400003],[126.56515502900004,39.16401672400008],[126.52101135300006,39.13988494900008],[126.50480651900011,39.14798736600005],[126.46600341800001,39.17498016400003],[126.45661163300008,39.20998001100003],[126.43404388400006,39.23222732500005],[126.3948898320001,39.22625732400007],[126.37225341800001,39.24244689900007],[126.36245727500011,39.239776611000025],[126.33939361600005,39.21560287500006],[126.32310485800008,39.21564102200006],[126.29321289100005,39.161884308000026],[126.24800872800006,39.14237213100006]]]},"properties":{"shapeName":"Hoechang","shapeISO":"","shapeID":"82179303B89029266614527","shapeGroup":"PRK","shapeType":"ADM2"}},
{"type":"Feature","geometry":{"type":"Polygon","coordinates":[[[129.9620666500001,42.32896423300008],[129.99513244600007,42.38232040400004],[129.97895813000002,42.393135071000074],[129.9728851320001,42.42561721800007],[129.98303222700008,42.44998550400004],[130.01931762700008,42.47437286400003],[130.05917358400006,42.52203750600006],[130.0562744140001,42.54748535200008],[130.02404785200008,42.57723617600004],[130.02766418500005,42.60160446200007],[130.04421997100008,42.617855072000054],[130.03150939900002,42.64220809900007],[130.04818725600012,42.666580200000055],[130.0485687260001,42.693653107000046],[130.01980590800008,42.73693847700008],[130.016860962,42.759277344000054],[129.97135925300006,42.77480316200007],[129.89297485400004,42.77474975600006],[129.844421387,42.80449295000005],[129.80715670300003,42.80801727700003],[129.8088075940001,42.789894193000066],[129.7849126210001,42.771643908000044],[129.75972107300004,42.72443349200006],[129.77055206300008,42.69480215400006],[129.8033593570001,42.67832320100007],[129.77446143600002,42.67211862800008],[129.78369135200012,42.64230721000007],[129.7648451660001,42.65497501600004],[129.74705654100012,42.64695982100005],[129.7659911290001,42.63292013300003],[129.75459370500005,42.61559644100004],[129.77981472200008,42.610678621000034],[129.75714101800008,42.60042716000004],[129.751358814,42.58336867700007],[129.7375941570001,42.57717065200006],[129.74606446400003,42.54091237200004],[129.73187416300004,42.497614602000056],[129.74374306900006,42.46782610300005],[129.72213674900001,42.441249576000075],[129.70098881400008,42.42625382700004],[129.67378364400008,42.43447202100003],[129.64611681400004,42.425346879000074],[129.61912446600002,42.46007611700003],[129.60842771600005,42.46160188500005],[129.5841071000001,42.446141202000035],[129.60743563900007,42.44273278000003],[129.59626740800002,42.41419501800004],[129.5750900050001,42.41211263900004],[129.55746508900006,42.38877427700004],[129.57168485700004,42.38234051100005],[129.55024879400003,42.37484591100008],[129.54711867700007,42.35986653300006],[129.54492170100002,42.36854966100003],[129.53445414500004,42.362767457000075],[129.5231778650001,42.39109567100007],[129.5048228060001,42.39413411100003],[129.49395907400003,42.412695443000075],[129.46041836300003,42.42236737400003],[129.44496095500006,42.44198299200008],[129.42340047300002,42.43348321800005],[129.39566161100004,42.45134715000006],[129.38711599900012,42.42580853800007],[129.36218311000005,42.425621910000075],[129.35604729500005,42.43154162900004],[129.36871182700008,42.44905194900008],[129.3553924590001,42.45511245800003],[129.3360747910001,42.43952408200005],[129.35520910500009,42.418552953000074],[129.34100243300009,42.41784573000007],[129.34837261500002,42.40649414400008],[129.33654561700007,42.410090635000074],[129.3322601320001,42.387275696000074],[129.399673462,42.306114197000056],[129.41918945300006,42.300716400000056],[129.4553070070001,42.31427383400006],[129.48135376000005,42.30887603800005],[129.50051879900002,42.27911758400006],[129.52645874000007,42.265598297000054],[129.59904480000012,42.317081451000035],[129.63508606000005,42.325229645000036],[129.69044494600007,42.31443786600005],[129.70980835000012,42.29820632900004],[129.7576293950001,42.21703720100004],[129.83682251000005,42.273937225000054],[129.8531494140001,42.27394866900005],[129.8613739010001,42.259986877000074],[129.95138549800004,42.29296493500004],[129.9417877200001,42.30649185200008],[129.9620666500001,42.32896423300008]]]},"properties":{"shapeName":"Hoeryong City","shapeISO":"","shapeID":"82179303B62276356715792","shapeGroup":"PRK","shapeType":"ADM2"}},
{"type":"Feature","geometry":{"type":"Polygon","coordinates":[[[127.56025695800008,38.877342224000074],[127.55680084200003,38.825588226000036],[127.5371322630001,38.814865112000064],[127.49150085400004,38.812267303000056],[127.42521667500012,38.770198822000054],[127.47400665300006,38.69928741500007],[127.51946258500004,38.68574142500006],[127.58747100800008,38.64792251600005],[127.59355163600003,38.607547760000045],[127.6096801760001,38.584674835000044],[127.66838836700003,38.599319458000025],[127.71756744400011,38.62881469700005],[127.73506164600008,38.74179840100004],[127.77124786400009,38.774017334000064],[127.7879028320001,38.80896377600004],[127.82396698000002,38.830417633000025],[127.85005950900006,38.83305358900003],[127.83094024700006,38.87345504800004],[127.76274108900009,38.89243698100006],[127.7272796630001,38.92748642000004],[127.72045135500002,38.89790344200003],[127.7007064820001,38.87910842900004],[127.59349823000002,38.90623855600006],[127.5804367070001,38.90357589700005],[127.56025695800008,38.877342224000074]]]},"properties":{"shapeName":"Hoeyang","shapeISO":"","shapeID":"82179303B10482682881188","shapeGroup":"PRK","shapeType":"ADM2"}},
{"type":"Feature","geometry":{"type":"Polygon","coordinates":[[[127.77006530800008,39.97925567600004],[127.88775634800004,39.983829498000034],[127.88722369300001,39.96851242900004],[127.90216686000008,39.981311539000046],[127.91699235100009,39.97092583700004],[127.9587938200001,40.005298190000076],[128.09109276700008,40.01337056300008],[128.0859069820001,40.060569763000046],[128.09625244100005,40.07997512800006],[128.11289978000002,40.09100723300003],[128.13241577100007,40.088111877000074],[128.1893463130001,40.137847900000054],[128.19087219200003,40.19068527200005],[128.17820739700005,40.20465850800008],[128.12652587900004,40.22442245500008],[128.08168029800004,40.25527191200007],[128.03979492200006,40.27497863800005],[127.985481262,40.31700897200005],[127.9396057130001,40.31170654300007],[127.88672637900004,40.28976059000007],[127.85956573500005,40.253761292000036],[127.81377410900006,40.25124359100005],[127.79378509500009,40.23745346100003],[127.71860504200004,40.12107086200007],[127.72834014900002,40.08022308300008],[127.7739486690001,40.00116348300003],[127.77006530800008,39.97925567600004]]]},"properties":{"shapeName":"Hongwon","shapeISO":"","shapeID":"82179303B34267251323335","shapeGroup":"PRK","shapeType":"ADM2"}},
{"type":"Feature","geometry":{"type":"Polygon","coordinates":[[[125.96726226800001,40.22164535500008],[126.09545898400006,40.11936569200003],[126.141372681,40.07471466100003],[126.19165039100005,40.04888153100006],[126.31748962400002,40.03388214100005],[126.36020660400004,40.017616272000055],[126.40358734100005,39.99388122600004],[126.42637634300002,39.99054718000008],[126.47370147700008,40.021625519000054],[126.406997681,40.053291321000074],[126.38777923600003,40.083232880000025],[126.35520172100007,40.08320617700008],[126.34225463900009,40.09136962900004],[126.32635498000002,40.12675476100003],[126.29383087200006,40.13217926000004],[126.27771759000007,40.14850616500007],[126.27481842000009,40.181182861000025],[126.2066955570001,40.20836257900004],[126.18106842000009,40.24919128400006],[126.17514038100012,40.30365371700003],[126.10664367700008,40.29543304400005],[126.07756042500012,40.31719589200003],[126.05472564700005,40.31445694000007],[126.01490020800009,40.24635314900007],[125.96726226800001,40.22164535500008]]]},"properties":{"shapeName":"Huichon City","shapeISO":"","shapeID":"82179303B50455397600006","shapeGroup":"PRK","shapeType":"ADM2"}},
{"type":"Feature","geometry":{"type":"Polygon","coordinates":[[[129.3944244380001,40.85871124300007],[129.3983306880001,40.84439086900005],[129.38511657700008,40.83355712900004],[129.36236572300004,40.84165954600007],[129.32315063500005,40.83892822300004],[129.3004455570001,40.84973907500006],[129.26109314000007,40.83888244600007],[129.26707458500005,40.80099105800008],[129.28306579600007,40.776641846000075],[129.33515930200008,40.765846252000074],[129.3547242720001,40.74095257400006],[129.42918267700009,40.77586359500003],[129.4865430540001,40.791343923000056],[129.51502842900004,40.78967409100005],[129.54846109100004,40.80698141200003],[129.54762290100007,40.81643724600008],[129.5745694100001,40.835037869000075],[129.63084276000006,40.83329927900007],[129.69862485500005,40.84345578800003],[129.70996007000008,40.82785431600007],[129.73391725200008,40.854633842000055],[129.73604371500005,40.87146668300005],[129.6928405760001,40.88520050000005],[129.66998291000004,40.885185242000034],[129.66001892100007,40.874351501000035],[129.6111450200001,40.882434845000034],[129.54295349100005,40.90945816000004],[129.47372436500007,40.86339187600004],[129.3944244380001,40.85871124300007]]]},"properties":{"shapeName":"Hwadae","shapeISO":"","shapeID":"82179303B21594878793257","shapeGroup":"PRK","shapeType":"ADM2"}},
{"type":"Feature","geometry":{"type":"Polygon","coordinates":[[[125.642066956,38.80952835100004],[125.65471649200003,38.80353927600004],[125.65839386000005,38.776920319000055],[125.62291717500011,38.731281281000065],[125.60358429000007,38.73306274400005],[125.61804199200003,38.71972656200006],[125.6169281010001,38.70061111500007],[125.62979126000005,38.65693664600008],[125.63518524200003,38.646793365000065],[125.69470214800003,38.635704041000054],[125.75630188000002,38.60866928100006],[125.77590942400002,38.61400985700004],[125.78469848600002,38.61937332200006],[125.74391174300001,38.66789245600006],[125.8192291260001,38.70540618900003],[125.81617736800001,38.72425079300007],[125.82609558100012,38.73768615700004],[125.85552978500004,38.748386383000025],[125.90400695800008,38.80090332000003],[125.89495849600007,38.80448913600003],[125.80415344200003,38.838600159000066],[125.70999145500002,38.83915710400004],[125.66386413600003,38.82452011100003],[125.642066956,38.80952835100004]]]},"properties":{"shapeName":"Hwangju","shapeISO":"","shapeID":"82179303B1056018992840","shapeGroup":"PRK","shapeType":"ADM2"}},
{"type":"Feature","geometry":{"type":"Polygon","coordinates":[[[126.74080658000003,41.25046539300007],[126.76255035400004,41.22804260300006],[126.73298645000011,41.18991088900003],[126.74265289300001,41.17638015700004],[126.7293624880001,41.13831329300007],[126.76507568400007,41.12488937400008],[126.77822113000002,41.143947601000036],[126.79779052700007,41.14945983900003],[126.85285949700005,41.111679077000076],[126.87536621100003,41.07376861600005],[126.85225677500011,41.027515411000024],[126.85867309600008,41.01396942100007],[126.87490081800001,41.00860214200003],[126.92771911600005,40.95751953100006],[126.97879028300008,40.97103118900003],[127.00803375200007,40.963008881000064],[127.04747009300002,41.017471313000044],[127.06055450400004,41.02567291300005],[127.10939025900007,41.02859115600006],[127.12899780300006,41.03953170800003],[127.19500732400002,41.13504409800004],[127.14414978000002,41.156654358000026],[127.12303161600005,41.23693847700008],[127.13720703100012,41.261383057000046],[127.07303619400011,41.288887024000076],[127.01860046400009,41.379158020000034],[127.01554870600012,41.404708862000064],[127.03276062000009,41.429718018000074],[127.01220703100012,41.43693542500006],[126.96608734100005,41.43582153300008],[126.93081665000011,41.462768555000025],[126.92440795900006,41.48102188100006],[126.89751434300001,41.440376282000045],[126.86491394000006,41.432094574000075],[126.84196472200006,41.41027832000003],[126.76715850800008,41.41811370800008],[126.73448181200001,41.39897155800003],[126.71794891400009,41.36360931400003],[126.71089935300006,41.28755950900006],[126.7269439700001,41.25504684400005],[126.74080658000003,41.25046539300007]]]},"properties":{"shapeName":"Hwaphyong","shapeISO":"","shapeID":"82179303B2578505364646","shapeGroup":"PRK","shapeType":"ADM2"}},
{"type":"Feature","geometry":{"type":"Polygon","coordinates":[[[126.09545898400006,40.11936569200003],[126.01734924300001,40.12801361100003],[125.997200012,40.10866165200008],[126.00272369400011,40.08324432400008],[126.0452270510001,40.07501220700004],[126.0767593380001,40.03589630100004],[126.14811706500006,40.01879882800006],[126.15106201200001,40.007659912000065],[126.12374115000011,39.96609878500004],[126.13624572800006,39.94655990600006],[126.1588668820001,39.93808364900008],[126.21755981400008,39.93496704100005],[126.25420379600007,39.95979309100005],[126.28334045400004,39.95127868700007],[126.32579040500002,39.95103454600007],[126.34221649200003,39.959213257000044],[126.34332275400004,39.992767334000064],[126.36020660400004,40.017616272000055],[126.31748962400002,40.03388214100005],[126.19165039100005,40.04888153100006],[126.141372681,40.07471466100003],[126.09545898400006,40.11936569200003]]]},"properties":{"shapeName":"Hyangsan","shapeISO":"","shapeID":"82179303B99713456197263","shapeGroup":"PRK","shapeType":"ADM2"}},
{"type":"Feature","geometry":{"type":"Polygon","coordinates":[[[128.31974792500012,41.466228485000045],[128.29357910200008,41.46350479100005],[128.23197314000004,41.49271115700003],[128.23884434500008,41.478466825000055],[128.2282851120001,41.45446707800005],[128.24034064600005,41.44809879600007],[128.21454010000002,41.43727435400007],[128.20184282600007,41.40856306100005],[128.1818660250001,41.409790583000074],[128.17745971700003,41.33619689900007],[128.20338439900002,41.32268142700008],[128.20614624000007,41.287490845000036],[128.23841857900004,41.26044845600006],[128.27064514200003,41.23069381700003],[128.31668090800008,41.25238037100007],[128.42776489300002,41.255165100000056],[128.38911438000002,41.29303741500007],[128.34378051800002,41.320072174000074],[128.34066772500012,41.33089447000003],[128.3775177000001,41.39588928200004],[128.3354949950001,41.425636292000036],[128.31974792500012,41.466228485000045]]]},"properties":{"shapeName":"Hyesan City","shapeISO":"","shapeID":"82179303B10222488142424","shapeGroup":"PRK","shapeType":"ADM2"}},
{"type":"Feature","geometry":{"type":"Polygon","coordinates":[[[127.01782226600005,38.47309112500005],[127.05554962200006,38.560226440000065],[127.02669525100009,38.603340149000076],[126.97434234600007,38.581924438000044],[126.93228912400002,38.60892105100004],[126.86335754400011,38.56062316900005],[126.84061431900011,38.56605529800004],[126.83147430400004,38.625270844000056],[126.81213378900009,38.644153595000034],[126.7762374880001,38.638843536000024],[126.73340606700003,38.59318542500006],[126.70770263700001,38.58018875100004],[126.71637725800008,38.56388092000003],[126.69999694800003,38.513328552000075],[126.7087249760001,38.474018097000055],[126.78513336200001,38.36287689200003],[126.87763214100005,38.372230530000024],[126.93324279800004,38.39364242600004],[126.96273040800008,38.40972900400004],[126.99253845200008,38.45541381800007],[127.01782226600005,38.47309112500005]]]},"properties":{"shapeName":"Ichon","shapeISO":"","shapeID":"82179303B59888018028618","shapeGroup":"PRK","shapeType":"ADM2"}},
{"type":"Feature","geometry":{"type":"Polygon","coordinates":[[[125.58602142300003,38.38274383500004],[125.62329864500009,38.35599517800006],[125.56376647900004,38.272701263000044],[125.57009124800004,38.23728561400003],[125.65803527800006,38.25366973900003],[125.69734954800003,38.27511596700003],[125.75613403300008,38.288448334000066],[125.78430175800008,38.31549453700006],[125.75888061500007,38.302772522000055],[125.73387146000005,38.30971527100007],[125.75277710000012,38.32694244400005],[125.745246887,38.343048096000075],[125.69886779800004,38.35665893600003],[125.72664642300003,38.38526916500007],[125.69941711400008,38.41554260300006],[125.69727325400004,38.48939895600006],[125.6780395510001,38.50083160400004],[125.68221283000003,38.515830994000055],[125.6624908450001,38.53193664600008],[125.65582275400004,38.61749267600004],[125.64188385000011,38.63946151700003],[125.62951660200008,38.63314819300007],[125.61848449700005,38.565895081000065],[125.6055679320001,38.52555847200006],[125.56619262700008,38.49873352100008],[125.56275939900002,38.48259735100004],[125.57543945300006,38.45027542100007],[125.56529235800008,38.41531753500004],[125.58602142300003,38.38274383500004]]]},"properties":{"shapeName":"Jaerong","shapeISO":"","shapeID":"82179303B97817957609730","shapeGroup":"PRK","shapeType":"ADM2"}},
{"type":"Feature","geometry":{"type":"Polygon","coordinates":[[[126.74080658000003,41.25046539300007],[126.68865203900009,41.23017501800007],[126.63739013700001,41.18624115000006],[126.54347229000007,41.15304946900005],[126.52876281700003,41.07996749900008],[126.55447387700008,41.04730987500005],[126.58283233600002,41.04207229600007],[126.61899566700004,41.00405120800008],[126.65572357200006,40.98243331900005],[126.67375183100012,40.99341964700005],[126.72458648700001,41.000747681000064],[126.6701507570001,40.97144317600004],[126.67736053500005,40.94396972700008],[126.73143768300008,40.891773224000076],[126.74822998000002,40.889507294000055],[126.80058288600003,40.911327362000065],[126.83298492400002,40.89501190200008],[126.8753051760001,40.89231872600004],[126.9131851200001,40.87097549400005],[126.92964172400002,40.924671173000036],[126.92771911600005,40.95751953100006],[126.87490081800001,41.00860214200003],[126.85867309600008,41.01396942100007],[126.85225677500011,41.027515411000024],[126.87536621100003,41.07376861600005],[126.85285949700005,41.111679077000076],[126.79779052700007,41.14945983900003],[126.77822113000002,41.143947601000036],[126.76507568400007,41.12488937400008],[126.7293624880001,41.13831329300007],[126.74265289300001,41.17638015700004],[126.73298645000011,41.18991088900003],[126.76255035400004,41.22804260300006],[126.74080658000003,41.25046539300007]]]},"properties":{"shapeName":"Janggang","shapeISO":"","shapeID":"82179303B52063530776064","shapeGroup":"PRK","shapeType":"ADM2"}},
{"type":"Feature","geometry":{"type":"Polygon","coordinates":[[[127.41730499300002,40.82725143400006],[127.3947067260001,40.78388214100005],[127.33748626700003,40.76943969700005],[127.30721283000003,40.746658325000055],[127.24803161600005,40.72470855700004],[127.20583343500005,40.62860107400007],[127.12359619100005,40.615272522000055],[127.06720733600002,40.57610321000004],[127.01693725600012,40.56276702900004],[127.00610351600005,40.54804992700008],[127.00998687700007,40.48721313500005],[126.98448944100005,40.46258544900007],[126.9421997070001,40.42749023400006],[126.91118621800001,40.334693909000066],[126.9919281010001,40.33749389600007],[127.0527572630001,40.32527160600006],[127.1127624510001,40.27332305900006],[127.10220336900011,40.24110412600004],[127.11026001000005,40.188041687000066],[127.17010498000002,40.16671371500007],[127.21162414600008,40.207405090000066],[127.26123809800004,40.229366302000074],[127.28098297100007,40.23482132000004],[127.31331634500009,40.223506927000074],[127.393119812,40.25538253800005],[127.40060424800004,40.30644226100003],[127.47116851800001,40.37559509300007],[127.48685455300006,40.467258453000056],[127.45930481000005,40.53138351400003],[127.48263549800004,40.54793930100004],[127.4912338260001,40.62020111100003],[127.4501419070001,40.66771698000008],[127.47132873500004,40.72321701000004],[127.41730499300002,40.82725143400006]]]},"properties":{"shapeName":"Jangjin","shapeISO":"","shapeID":"82179303B63049631124183","shapeGroup":"PRK","shapeType":"ADM2"}},
{"type":"Feature","geometry":{"type":"Polygon","coordinates":[[[126.87355041500007,38.22648620600006],[126.843597412,38.207214355000076],[126.81080627400002,38.19915771500007],[126.7566528320001,38.20166015600006],[126.70664978000002,38.21749115000006],[126.61296081500006,38.212409973000035],[126.61052703900009,38.19415283200004],[126.64193725600012,38.139434814000026],[126.63053894000006,38.119712830000026],[126.59875488300008,38.102382660000046],[126.55953979500009,38.07797622700008],[126.55220794700006,38.05020904500003],[126.64323425300006,38.03578186000004],[126.7386121620001,37.96160310600004],[126.77802276600005,37.96353912400008],[126.84042358400006,38.018390656000065],[126.88201904300001,38.09123992900004],[126.97116004800012,38.14318001100003],[126.9613189700001,38.162044525000056],[126.94442749000007,38.16415405300006],[126.9260864260001,38.20166015600006],[126.89050293000003,38.20497894300007],[126.87355041500007,38.22648620600006]]]},"properties":{"shapeName":"Jangphung","shapeISO":"","shapeID":"82179303B70820658627831","shapeGroup":"PRK","shapeType":"ADM2"}},
{"type":"Feature","geometry":{"type":"Polygon","coordinates":[[[124.85725183800002,38.33739220100006],[124.87663369800009,38.306639981000046],[124.86974482100004,38.25357860400004],[124.89211402600006,38.23953891600007],[124.88662649800006,38.22792867000004],[124.89845284000012,38.22318765600005],[124.89512627200008,38.217503677000025],[124.9368982740001,38.216256214000055],[124.96154630800004,38.22828555500007],[124.99641105400008,38.22005356600005],[125.03542327900004,38.21459579500004],[125.10994720500003,38.176769257000046],[125.15544891400009,38.16760253900003],[125.15908813500005,38.20357513400006],[125.18549346900011,38.23581314100005],[125.17902374300002,38.25121307400008],[125.17829895000011,38.26222991900005],[125.10455322300004,38.281726837000065],[125.07877349900002,38.30868911700003],[125.03308868400006,38.30138397200005],[125.01982116700003,38.27921295200008],[124.99042511000005,38.27119827300004],[124.90950775100009,38.31980514500003],[124.85725183800002,38.33739220100006]]]},"properties":{"shapeName":"Jangyon","shapeISO":"","shapeID":"82179303B35312856855320","shapeGroup":"PRK","shapeType":"ADM2"}},
{"type":"Feature","geometry":{"type":"Polygon","coordinates":[[[126.92440795900006,41.48102188100006],[126.91110229500009,41.518325806000064],[126.92249298100012,41.53276825000006],[126.9414291380001,41.53443145800003],[126.91127014200003,41.54359817500006],[126.83954620400004,41.52701187100007],[126.81358337400002,41.53776550300006],[126.75872039800004,41.602691650000054],[126.72309112500011,41.626976013000046],[126.69709014900002,41.632301331000065],[126.6663619740001,41.665495090000036],[126.64328027500005,41.65435255500006],[126.60954311400008,41.670291269000074],[126.6085510370001,41.641471927000055],[126.59030075200008,41.617252810000025],[126.55879985600006,41.612786827000036],[126.58679083000004,41.562279311000054],[126.58146701100009,41.54848518600005],[126.55393114900005,41.53042153000007],[126.54340465700011,41.49522735800008],[126.55161957700011,41.486763600000074],[126.5297480480001,41.473339458000055],[126.5017407040001,41.43233361500006],[126.503927857,41.39258833100007],[126.53220368400002,41.37195444300005],[126.5341089740001,41.36088285500006],[126.54795837400002,41.35228347800006],[126.54132843000002,41.341388702000074],[126.4953460690001,41.30595779400005],[126.553840637,41.292385101000036],[126.60595703100012,41.29241943400007],[126.69329834000007,41.23529434200003],[126.68865203900009,41.23017501800007],[126.74080658000003,41.25046539300007],[126.7269439700001,41.25504684400005],[126.71089935300006,41.28755950900006],[126.71794891400009,41.36360931400003],[126.73448181200001,41.39897155800003],[126.76715850800008,41.41811370800008],[126.84196472200006,41.41027832000003],[126.86491394000006,41.432094574000075],[126.89751434300001,41.440376282000045],[126.92440795900006,41.48102188100006]]]},"properties":{"shapeName":"Jasong","shapeISO":"","shapeID":"82179303B8327085431714","shapeGroup":"PRK","shapeType":"ADM2"}},
{"type":"Feature","geometry":{"type":"Polygon","coordinates":[[[126.39798736600005,40.731311798000036],[126.33300018300008,40.74761581400003],[126.30033874500009,40.73942565900006],[126.25481414800004,40.74756240800008],[126.2286148070001,40.733928680000076],[126.22831726100003,40.70669937100007],[126.24423217800006,40.67131042500006],[126.23367309600008,40.59777832000003],[126.18445587200006,40.56506729100005],[126.11442565900006,40.54637908900003],[126.11229705800008,40.518726349000076],[126.09159851100003,40.489387512000064],[126.11153411900011,40.44792938200004],[126.11098480200008,40.396186829000044],[126.1205749510001,40.37985611000005],[126.20829772900004,40.35813522300003],[126.2768249510001,40.369075775000056],[126.299369812,40.344585419000055],[126.34177398700001,40.35005950900006],[126.36518859900002,40.407260895000036],[126.38162231400008,40.42088317900004],[126.40111541700003,40.41545105000006],[126.44628143300008,40.37464141800007],[126.52770996100003,40.39668273900003],[126.51866912800006,40.44276428200004],[126.46687316900011,40.47268295300006],[126.46704864500009,40.48902130100004],[126.48019409200003,40.49992370600006],[126.48080444300001,40.55710983300003],[126.49747467000009,40.59252166700003],[126.5074234010001,40.608863831000065],[126.5380325320001,40.62704467800006],[126.4820098880001,40.66875076300005],[126.4268569950001,40.69049835200008],[126.39798736600005,40.731311798000036]]]},"properties":{"shapeName":"Jonchon","shapeISO":"","shapeID":"82179303B33919717050875","shapeGroup":"PRK","shapeType":"ADM2"}},
{"type":"Feature","geometry":{"type":"Polygon","coordinates":[[[125.16249847400002,39.813064575000055],[125.16831207300004,39.78800582900004],[125.13072204600007,39.729812622000054],[125.1292877200001,39.67975997900004],[125.14402771000005,39.624050140000065],[125.17944199200008,39.59223165700007],[125.219725304,39.60762926000007],[125.22886681700004,39.62990678800003],[125.26360260400008,39.63485080100003],[125.23721925300003,39.621082870000066],[125.21301323300008,39.57570272100003],[125.2492289490001,39.55934818700007],[125.2542122530001,39.54645446200004],[125.26953869400006,39.545066209000026],[125.26425089200006,39.53485403900004],[125.27358230800007,39.51891860000006],[125.30778355200005,39.52577538200006],[125.29358673100012,39.600948334000066],[125.30147552500011,39.64818573000008],[125.36270904500009,39.73404693600003],[125.36465454100005,39.80220413200004],[125.33953857400002,39.837085724000076],[125.3205413820001,39.834964752000076],[125.27526855500003,39.87360763500004],[125.16249847400002,39.813064575000055]]]},"properties":{"shapeName":"Jongju City","shapeISO":"","shapeID":"82179303B20654085451729","shapeGroup":"PRK","shapeType":"ADM2"}},
{"type":"Feature","geometry":{"type":"Polygon","coordinates":[[[127.10527801500007,39.86671447800006],[127.08548736600005,39.84793090800008],[127.1219406130001,39.81299209600007],[127.14145660400004,39.810100555000076],[127.1473541260001,39.78781509400005],[127.1635208130001,39.78216171300005],[127.17283630400004,39.76541900600006],[127.17506408700001,39.72925186200007],[127.19362640400004,39.69299316400003],[127.15977478000002,39.65146637000004],[127.17428588900009,39.59928512600004],[127.21688079800003,39.592735291000054],[127.2398986820001,39.59816741900005],[127.2719955440001,39.578514099000074],[127.29157257100007,39.57840347300004],[127.31347656200012,39.544902802000024],[127.33921051000004,39.53085327100007],[127.404350281,39.52491760300006],[127.44090271000005,39.546955109000066],[127.54038269000011,39.546389797000074],[127.5697163420001,39.56822449100008],[127.56443836200003,39.57413111400007],[127.5754396100001,39.585662780000064],[127.55747090500006,39.60276382700005],[127.56343973700007,39.619275522000066],[127.53357593200008,39.63689389000007],[127.50418033500011,39.63325954900006],[127.49388958400004,39.645671969000034],[127.48816631500006,39.686615603000064],[127.49943810100001,39.71590353200003],[127.465591431,39.72481155400004],[127.38642883300008,39.81148147600004],[127.34135437000009,39.83398819000007],[127.26673889200003,39.85110092200006],[127.2011947630001,39.84313201900005],[127.16264343300008,39.86560058600003],[127.10527801500007,39.86671447800006]]]},"properties":{"shapeName":"Jongphyong","shapeISO":"","shapeID":"82179303B98077140175950","shapeGroup":"PRK","shapeType":"ADM2"}},
{"type":"Feature","geometry":{"type":"Polygon","coordinates":[[[126.9414291380001,41.53443145800003],[126.9905395510001,41.52748870800008],[127.01165771500007,41.565544128000056],[127.06860351600005,41.59137725800008],[127.06059889200003,41.658746516000065],[127.03095967800004,41.67158457000005],[127.04386977400009,41.69168149300003],[127.06257517000006,41.68616777200003],[127.07704050200005,41.69885195000006],[127.04921651100005,41.70206719500004],[127.04831611200007,41.740456968000046],[127.00411139400012,41.74313852200004],[127.003950959,41.759689507000076],[126.98037030700004,41.76362179800003],[126.97239767600001,41.77455101500004],[126.93383764700002,41.770278208000036],[126.93018366100011,41.784412848000045],[126.94719630500003,41.792719445000046],[126.93383764700002,41.80865161000003],[126.86570848800011,41.77576901000003],[126.84078214800002,41.72197749000003],[126.82579949600006,41.720798785000056],[126.81478842500007,41.74403892200007],[126.80364311300002,41.746131123000055],[126.79221294700005,41.69154725200008],[126.77607778300012,41.69492620700004],[126.76891387500007,41.71655544600003],[126.72332090400005,41.74366239100004],[126.69071988400003,41.74956573900005],[126.6840372800001,41.72868628700007],[126.72728593700003,41.71017079300003],[126.68112980700005,41.66793058400003],[126.6663619740001,41.665495090000036],[126.69709014900002,41.632301331000065],[126.72309112500011,41.626976013000046],[126.75872039800004,41.602691650000054],[126.81358337400002,41.53776550300006],[126.83954620400004,41.52701187100007],[126.91127014200003,41.54359817500006],[126.9414291380001,41.53443145800003]]]},"properties":{"shapeName":"Junggang","shapeISO":"","shapeID":"82179303B78642437827574","shapeGroup":"PRK","shapeType":"ADM2"}},
{"type":"Feature","geometry":{"type":"Polygon","coordinates":[[[125.89495849600007,38.80448913600003],[125.92168426500007,38.84243011500007],[125.92891693100012,38.909690857000044],[125.89969635000011,38.917823792000036],[125.86034393300008,38.89368820200008],[125.82154083300009,38.920681],[125.79225921600005,38.923427582000045],[125.74641418500005,38.90199661300005],[125.72372436500007,38.91280746500007],[125.71104431200001,38.945125580000024],[125.70130157500012,38.946762085000046],[125.69449615500002,38.920940399000074],[125.64521026600005,38.88068008400006],[125.64177703900009,38.864540100000056],[125.66386413600003,38.82452011100003],[125.70999145500002,38.83915710400004],[125.80415344200003,38.838600159000066],[125.89495849600007,38.80448913600003]]]},"properties":{"shapeName":"Junghwa","shapeISO":"","shapeID":"82179303B90038198338897","shapeGroup":"PRK","shapeType":"ADM2"}},
{"type":"Feature","geometry":{"type":"Polygon","coordinates":[[[125.38789788800011,39.23276971800004],[125.40164862400002,39.21790349400004],[125.393990314,39.217350157000055],[125.38819828800001,39.22065053100005],[125.37416187400004,39.23439554300006],[125.32666660400002,39.19650672100005],[125.33419067200009,39.191801723000026],[125.30251297100006,39.17217955600006],[125.281960937,39.11688846100003],[125.30110834700008,39.10788118900007],[125.26101600100003,39.076167472000066],[125.21066237100001,39.002413270000034],[125.21818358500002,38.99453788400007],[125.25514221200001,38.95952224700005],[125.28128814700005,38.967544556000064],[125.35798645000011,38.95692062400008],[125.3561859130001,38.964698792000036],[125.37255859400011,38.972736359000066],[125.36661529500009,39.02656936600005],[125.46099853500004,39.01829910300006],[125.48255920400004,39.03590774500003],[125.46482849100005,39.07210922200005],[125.5077819820001,39.128528595000034],[125.47872924800004,39.15280914300007],[125.48159790000011,39.16417312600004],[125.4108963010001,39.20676803600003],[125.4044723510001,39.21485137900004],[125.38789788800011,39.23276971800004]]]},"properties":{"shapeName":"Jungsan","shapeISO":"","shapeID":"82179303B67987786077582","shapeGroup":"PRK","shapeType":"ADM2"}},
{"type":"Feature","geometry":{"type":"Polygon","coordinates":[[[128.7046356200001,41.153274536000026],[128.73217773400006,41.16991806000004],[128.69143676800002,41.195796967000035],[128.6718444820001,41.19578552200005],[128.6123504640001,41.14701461800007],[128.5797424320001,41.14970016500007],[128.54408264200003,41.16862487800006],[128.5216064450001,41.19567871100003],[128.4501190190001,41.21999359100005],[128.42776489300002,41.255165100000056],[128.31668090800008,41.25238037100007],[128.27064514200003,41.23069381700003],[128.23841857900004,41.26044845600006],[128.16987609900002,41.26310730000006],[128.12715148900008,41.24412918100006],[128.11000061000004,41.18727111800007],[128.11634826700003,41.173740387000066],[128.16168212900004,41.146705627000074],[128.171081543,41.11964416500007],[128.15394592300004,41.06278228800005],[128.09808349600007,41.038383484000065],[128.21234130900007,41.03575515700004],[128.228363037,41.01411056500007],[128.30635070800008,40.98709869400005],[128.33239746100003,40.98170471200007],[128.3913421630001,40.99257278400006],[128.4337158200001,40.978553772000055],[128.44357299800004,41.00193786600005],[128.57553100600012,41.013328552000075],[128.62133789100005,41.070549011000026],[128.6674804690001,41.09027099600007],[128.6713562010001,41.12054443400007],[128.7046356200001,41.153274536000026]]]},"properties":{"shapeName":"Kabsan","shapeISO":"","shapeID":"82179303B90819617668456","shapeGroup":"PRK","shapeType":"ADM2"}},
{"type":"Feature","geometry":{"type":"Polygon","coordinates":[[[125.84815216100003,39.53762054400005],[125.89337921100002,39.54482269300007],[125.92961883500004,39.582420349000074],[125.96233367900004,39.595806122000056],[125.98503112800006,39.58230590800008],[126.03388214100005,39.58489608800005],[126.08297729500009,39.606319427000074],[126.1267700200001,39.66934204100005],[126.11650085400004,39.69505310100004],[126.1666030880001,39.81065750100004],[126.13796234100005,39.82925796500007],[126.08442688000002,39.820831299000076],[126.01609802200005,39.86360931400003],[125.99942016600005,39.82943725600006],[125.97083282500012,39.820831299000076],[125.95776367200006,39.791938782000045],[125.94095611600005,39.78398895300006],[125.8986129760001,39.75054931600005],[125.85498046900011,39.74582672100007],[125.85247802700007,39.72276306200007],[125.83702087400002,39.71679687500006],[125.83573150600012,39.63643264800004],[125.86158752400002,39.61754226700003],[125.8679275510001,39.60138320900006],[125.83168792700008,39.56378936800007],[125.84815216100003,39.53762054400005]]]},"properties":{"shapeName":"Kaechon City","shapeISO":"","shapeID":"82179303B11143169061479","shapeGroup":"PRK","shapeType":"ADM2"}},
{"type":"Feature","geometry":{"type":"Polygon","coordinates":[[[126.59875488300008,38.102382660000046],[126.56887817400002,38.126098633000026],[126.5369262700001,38.12526702900004],[126.51332092300004,38.08193969700005],[126.48970031700003,38.064155579000044],[126.4752731320001,38.02999115000006],[126.44886779800004,38.02110290500008],[126.39019775400004,38.02267456100003],[126.40664672900004,37.99110412600004],[126.39166259800004,37.97054290800003],[126.38804626500007,37.93054962200006],[126.41304016100003,37.908075653000026],[126.41774813800009,37.90018969800008],[126.40440257600005,37.877604398000074],[126.42301956900008,37.85167615800003],[126.46228682200001,37.836673861000065],[126.47184743100001,37.81601705300005],[126.50702523200005,37.81463207400003],[126.5853731090001,37.76827949400007],[126.62029879800002,37.78842225500006],[126.65411454000002,37.78886427000003],[126.64972058900003,37.800909982000064],[126.66583283400007,37.83301987500005],[126.67711639400011,37.821800232000044],[126.68923950200008,37.85894775400004],[126.69526672400002,37.91128921500007],[126.68578279500002,37.95236063600004],[126.7386121620001,37.96160310600004],[126.64323425300006,38.03578186000004],[126.55220794700006,38.05020904500003],[126.55953979500009,38.07797622700008],[126.59875488300008,38.102382660000046]]]},"properties":{"shapeName":"Kaesong City","shapeISO":"","shapeID":"82179303B5428034439323","shapeGroup":"PRK","shapeType":"ADM2"}},
{"type":"Feature","geometry":{"type":"Polygon","coordinates":[[[126.24800872800006,39.14237213100006],[126.2277679440001,39.15804290800003],[126.17165374800004,39.15693664600008],[126.14082336400008,39.18332672100007],[126.0963668820001,39.18110656700003],[126.07360839800003,39.223602295000035],[126.03942871100003,39.232818604000045],[126.02469635000011,39.21360778800005],[125.97302246100003,39.203506470000036],[125.99467468300008,39.14356994600007],[126.04191589400011,39.076152802000024],[126.05175781200012,39.04768371600005],[126.04231262200005,39.008041382000044],[126.11698913600003,38.94212341300005],[126.12525939900002,38.97193145800003],[126.14360046400009,38.97887420700005],[126.14221191400009,38.96887970000006],[126.15386962900004,38.964714050000055],[126.17192077600009,38.98360443100006],[126.18414306600005,38.98165893600003],[126.18718719500009,38.992767334000064],[126.23831176800002,38.98499298100006],[126.27249145500002,38.95332336400003],[126.279708862,38.95749664300007],[126.28665161100002,38.95054626500007],[126.3030395510001,38.95915985100004],[126.38739013700001,38.93048095700004],[126.38498687700007,38.97721099900008],[126.34526062000009,39.04694366500007],[126.27720642100007,39.06388092000003],[126.24803161600005,39.08998870800008],[126.23943328900009,39.11415863000008],[126.24800872800006,39.14237213100006]]]},"properties":{"shapeName":"Kangdong","shapeISO":"","shapeID":"82179303B54519262383509","shapeGroup":"PRK","shapeType":"ADM2"}},
{"type":"Feature","geometry":{"type":"Polygon","coordinates":[[[126.55447387700008,41.04730987500005],[126.50484466600005,40.976474762000066],[126.51427459700005,40.94380569500004],[126.50757598900009,40.92745971700003],[126.44661712600009,40.89917373700007],[126.48273468000002,40.87222671500007],[126.52002716100003,40.87300872800006],[126.5594406130001,40.902988434000065],[126.57572937000009,40.90299987800006],[126.62397766100003,40.845851898000035],[126.66309356700003,40.84859848000008],[126.70565033000003,40.86769104000007],[126.73143768300008,40.891773224000076],[126.67736053500005,40.94396972700008],[126.6701507570001,40.97144317600004],[126.72458648700001,41.000747681000064],[126.67375183100012,40.99341964700005],[126.65572357200006,40.98243331900005],[126.61899566700004,41.00405120800008],[126.58283233600002,41.04207229600007],[126.55447387700008,41.04730987500005]]]},"properties":{"shapeName":"Kanggye City","shapeISO":"","shapeID":"82179303B59934044847437","shapeGroup":"PRK","shapeType":"ADM2"}},
{"type":"Feature","geometry":{"type":"Polygon","coordinates":[[[125.59288787800006,38.89444732700008],[125.57859802200005,38.87748718300003],[125.53634643600003,38.86427688600003],[125.52185058600003,38.84864807100007],[125.52777099600007,38.82110595700004],[125.54891204800003,38.80715179400005],[125.56873321500007,38.80089569100005],[125.57514953600003,38.78044891400003],[125.642066956,38.80952835100004],[125.66386413600003,38.82452011100003],[125.64177703900009,38.864540100000056],[125.64521026600005,38.88068008400006],[125.69449615500002,38.920940399000074],[125.70130157500012,38.946762085000046],[125.67201232900004,38.950588226000036],[125.60594177200005,38.93884658800005],[125.59288787800006,38.89444732700008]]]},"properties":{"shapeName":"Kangnam","shapeISO":"","shapeID":"82179303B41089875582012","shapeGroup":"PRK","shapeType":"ADM2"}},
{"type":"Feature","geometry":{"type":"MultiPolygon","coordinates":[[[[125.23721270500005,37.73741378900007],[125.238875989,37.74655530200005],[125.22799588500004,37.749711613000045],[125.22411270700002,37.744502391000026],[125.23721270500005,37.73741378900007]]],[[[125.3380738510001,37.76599738900006],[125.27160797600004,37.740520987000025],[125.28156148700009,37.722935361000054],[125.25071870200009,37.73581926300005],[125.25277816100004,37.725698769000076],[125.211602061,37.69313049100003],[125.22498363900002,37.686267807000036],[125.25287638700001,37.69498367700004],[125.2965474130001,37.72314490800005],[125.3380738510001,37.76599738900006]]],[[[125.91166780100002,37.77004755100006],[125.9168999420001,37.77955904700008],[125.88530736900009,37.767176095000025],[125.88947212800008,37.762271371000054],[125.91166780100002,37.77004755100006]]],[[[125.77236776900008,37.80989106000004],[125.75964430200008,37.809236224000074],[125.75834772600001,37.79550430900008],[125.77451235800004,37.79517689100004],[125.77236776900008,37.80989106000004]]],[[[125.34068992200002,37.78910328500007],[125.36641843600012,37.82327263800005],[125.33450172000005,37.79517034200006],[125.3290862240001,37.77623902800008],[125.34068992200002,37.78910328500007]]],[[[125.75479851400007,37.829506679000076],[125.7442622000001,37.83430008000005],[125.74519206700006,37.82694954300007],[125.75479851400007,37.829506679000076]]],[[[125.39789891800001,37.89591556500005],[125.43419725700005,37.89291446800007],[125.42400473200007,37.91120076900006],[125.43361772700007,37.92455287900003],[125.45423851900011,37.927624061000074],[125.45284371800005,37.88776745600006],[125.46350117700001,37.886660782000035],[125.46795733800002,37.901476451000065],[125.48294981300012,37.88951914200004],[125.51241416800008,37.88852379100007],[125.5063405620001,37.87451029700003],[125.45852769600003,37.863600725000026],[125.49186868200002,37.85749765200006],[125.47104489000003,37.84664046800003],[125.47577608200004,37.84014121800004],[125.49767380500009,37.817510079000044],[125.5153576560001,37.84010847700006],[125.52509179700007,37.83694561800007],[125.53286142800005,37.84596926100005],[125.53414818100009,37.84044571700008],[125.49191124600009,37.79744262400004],[125.482812297,37.82304999400003],[125.46502694600008,37.82772879800007],[125.44571582600008,37.818446495000046],[125.44434394400002,37.83130747800004],[125.40484749900008,37.802664943000025],[125.40197604200011,37.813489385000025],[125.393371494,37.79438781300007],[125.40152747900004,37.78622200600006],[125.37864750200004,37.783871144000045],[125.37371986000005,37.79358236400003],[125.36313770700008,37.78643155300006],[125.35478854500002,37.77648459100004],[125.38591618400005,37.77480166200007],[125.37666334800008,37.76304735200006],[125.39836134600012,37.765417859000024],[125.4173581440001,37.784568544000024],[125.43360135600005,37.78749238800003],[125.44245801600005,37.773806311000044],[125.4267124800001,37.75735355100005],[125.41372707800008,37.767899689000046],[125.37243638100006,37.745926660000066],[125.360511814,37.76355485000005],[125.35085298000001,37.75821793500006],[125.35875685300005,37.75189221800008],[125.31356660600011,37.71186208000006],[125.33753361100003,37.69082219300003],[125.34140041900002,37.67333479200005],[125.356553329,37.67972599400008],[125.3475264120001,37.68698485300007],[125.36929316700002,37.72466412800003],[125.38086739700009,37.726297945000056],[125.37287839500004,37.718872102000034],[125.41142205400001,37.72530586800008],[125.41049218700005,37.73380236700007],[125.46697180900003,37.72133756000005],[125.481826769,37.73665745300008],[125.50309912300008,37.794947698000044],[125.51721084300004,37.80385674400003],[125.51164146100007,37.79089426200005],[125.52732806200004,37.76401651000003],[125.5477818710001,37.76249074200007],[125.54833848200008,37.77210701100006],[125.537085122,37.77231328500005],[125.55682515900003,37.795782614000075],[125.56526272300005,37.77820681000003],[125.58664640000006,37.77917596800006],[125.56680158800009,37.76167219600006],[125.61437216400009,37.76030686300004],[125.6225805360001,37.79338918800005],[125.60347896400003,37.79191908000007],[125.6001131060001,37.80504854600008],[125.64173776900009,37.825564565000036],[125.62980010500007,37.822355867000056],[125.61599615800003,37.84393926800004],[125.6176823610001,37.85147315900008],[125.6376581400001,37.852920347000065],[125.63046149000002,37.87323009200003],[125.64201280100008,37.892033713000046],[125.61566874000005,37.90996312900006],[125.62610682900004,37.91136120400006],[125.62521297800004,37.92926115200004],[125.66191982100008,37.89049812300004],[125.69055908300004,37.89130684500003],[125.72821871300005,37.91210116900004],[125.73332316100004,37.93652328500008],[125.72041306500012,37.92120011800006],[125.7109899720001,37.92550894000004],[125.69423598800006,37.91690766700003],[125.68135863400005,37.93045295300004],[125.6986397610001,37.93744660400006],[125.70467407700005,37.95474737700005],[125.71617954900012,37.95268136800007],[125.71054140900003,37.96677671800006],[125.68202329300004,37.96161333400005],[125.67334016500001,37.95193158100005],[125.68483581400005,37.987227252000025],[125.64330282800006,37.96305724800004],[125.6000148810001,37.986578964000046],[125.5709164860001,38.017084271000044],[125.4433822630001,37.98233032200005],[125.40409851100003,37.96357727100008],[125.39789891800001,37.89591556500005]]]]},"properties":{"shapeName":"Kangryong","shapeISO":"","shapeID":"82179303B5734042978537","shapeGroup":"PRK","shapeType":"ADM2"}},
{"type":"Feature","geometry":{"type":"Polygon","coordinates":[[[125.52272033700001,39.00202560400004],[125.5099411010001,39.026271820000034],[125.49057769800004,39.042457581000065],[125.48255920400004,39.03590774500003],[125.46099853500004,39.01829910300006],[125.36661529500009,39.02656936600005],[125.37255859400011,38.972736359000066],[125.3561859130001,38.964698792000036],[125.35798645000011,38.95692062400008],[125.36879730200008,38.925659180000025],[125.42410278300008,38.918811798000036],[125.44016265900007,38.89725112900004],[125.53634643600003,38.86427688600003],[125.57859802200005,38.87748718300003],[125.59288787800006,38.89444732700008],[125.55128479000007,38.93200302100007],[125.52272033700001,39.00202560400004]]]},"properties":{"shapeName":"Kangso","shapeISO":"","shapeID":"82179303B75449776739739","shapeGroup":"PRK","shapeType":"ADM2"}},
{"type":"Feature","geometry":{"type":"Polygon","coordinates":[[[129.3944244380001,40.85871124300007],[129.34658813500005,40.87954711900005],[129.34028625500002,40.895782471000075],[129.3704986570001,40.95264816300005],[129.36116027800006,40.985122681000064],[129.338562012,41.004055023000035],[129.29284668000003,41.004024506000064],[129.23107910200008,41.02293014500003],[129.22177124000007,41.05811691300005],[129.2091064450001,41.08517456100003],[129.18640136700003,41.095989227000075],[129.1446075440001,41.14197540300006],[129.0870666500001,41.22452545200008],[129.0409088130001,41.19874954200003],[128.9932098390001,41.185504913000045],[129.00692749000007,41.124710083000025],[128.98876953100012,41.098930359000065],[129.00027465800008,41.00666046100008],[128.979751587,40.97269058200004],[129.0341491700001,40.95512008700007],[129.10188293500005,40.895614624000075],[129.202972412,40.88486099200003],[129.23097229000007,40.78743362400007],[129.26707458500005,40.80099105800008],[129.26109314000007,40.83888244600007],[129.3004455570001,40.84973907500006],[129.32315063500005,40.83892822300004],[129.36236572300004,40.84165954600007],[129.38511657700008,40.83355712900004],[129.3983306880001,40.84439086900005],[129.3944244380001,40.85871124300007]]]},"properties":{"shapeName":"Kilju","shapeISO":"","shapeID":"82179303B12447049329197","shapeGroup":"PRK","shapeType":"ADM2"}},
{"type":"Feature","geometry":{"type":"Polygon","coordinates":[[[129.26707458500005,40.80099105800008],[129.23097229000007,40.78743362400007],[129.202972412,40.88486099200003],[129.10188293500005,40.895614624000075],[129.0341491700001,40.95512008700007],[128.979751587,40.97269058200004],[128.9410705570001,40.932769775000054],[128.9591369630001,40.87832641600005],[128.93191528300008,40.84582519500003],[128.9741210940001,40.77999115000006],[128.97857666000004,40.72221374500003],[129.05801391600005,40.656654358000026],[129.05441284200003,40.61193847700008],[129.06359863300008,40.59748840300006],[129.16803072400012,40.56774027900008],[129.16597126500005,40.587120156000026],[129.19230550200007,40.632896481000046],[129.20303499400006,40.635047618000044],[129.2206435390001,40.698969454000064],[129.27329891800002,40.70472219000004],[129.30334607700001,40.67641034700006],[129.3276372260001,40.71838534700004],[129.3547242720001,40.74095257400006],[129.33515930200008,40.765846252000074],[129.28306579600007,40.776641846000075],[129.26707458500005,40.80099105800008]]]},"properties":{"shapeName":"Kim Chaek City","shapeISO":"","shapeID":"82179303B42335507852567","shapeGroup":"PRK","shapeType":"ADM2"}},
{"type":"Feature","geometry":{"type":"Polygon","coordinates":[[[128.40730285600011,40.858177185000045],[128.29791259800004,40.85445785500008],[128.23925781200012,40.86253738400006],[128.151550293,40.89495468100006],[128.07612609900002,40.87324905400004],[128.03381347700008,40.88404846200007],[127.97141265900007,40.85963821400003],[127.94171905500002,40.83796310400004],[127.94467163100012,40.81631088300003],[127.98342895500002,40.786563873000034],[127.97666931200001,40.77031707800006],[127.87776947000009,40.705284119000055],[127.83430481000005,40.63487625100004],[127.77920532200005,40.60021209700005],[127.79498291000004,40.59693908700007],[127.76914978000002,40.56694030800003],[127.77249145500002,40.525268555000025],[127.72859191900011,40.47776794400005],[127.73405456500006,40.415840149000076],[127.78249359100005,40.42665863000008],[127.888519287,40.483726501000035],[127.92886352500011,40.512496948000035],[127.97915649400011,40.578880310000045],[128.05746460000012,40.60166168200004],[128.089691162,40.603050232000044],[128.13552856400008,40.56721496600005],[128.17996215800008,40.56610107400007],[128.30012512200005,40.66573333700006],[128.3399658200001,40.69609832800006],[128.35830688500005,40.75083160400004],[128.39080810500002,40.79610443100006],[128.40730285600011,40.858177185000045]]]},"properties":{"shapeName":"Kim Hyong Gwon","shapeISO":"","shapeID":"82179303B61862606891781","shapeGroup":"PRK","shapeType":"ADM2"}},
{"type":"Feature","geometry":{"type":"Polygon","coordinates":[[[127.19500732400002,41.13504409800004],[127.23063659700006,41.112178802000074],[127.24127197300004,41.18395996100003],[127.31420135500002,41.259803772000055],[127.34129333500005,41.32749557500006],[127.39385223400006,41.34918975800008],[127.44004821800002,41.381702423000036],[127.45629882800006,41.37630081200007],[127.47278595000012,41.387138367000034],[127.50279235800008,41.43046951300005],[127.5191192630001,41.43048095700004],[127.52907562300004,41.44131469700005],[127.53271877600002,41.47373393100003],[127.52047593400005,41.464878974000044],[127.49387321300003,41.47526140200006],[127.47515144600004,41.468087672000024],[127.46659928500003,41.480611414000066],[127.46188446400004,41.46106455300003],[127.41021788800003,41.45551154200007],[127.39285163200009,41.47842098700005],[127.35581082200008,41.47673805800008],[127.35668175400008,41.46274093400007],[127.34718990300007,41.460350782000035],[127.28933839900003,41.48305067900003],[127.25437996800008,41.477248830000065],[127.24858794200009,41.48620698900004],[127.28090738300011,41.497506188000045],[127.27673280200008,41.51063892800005],[127.26161263400002,41.51100563600005],[127.24044178000008,41.497100190000026],[127.22749239400002,41.50654620200004],[127.23425357700012,41.51884730000006],[127.20982491300003,41.51681403300006],[127.2064819740001,41.53115167200008],[127.17630712200003,41.523794587000054],[127.16043061800008,41.53984462300008],[127.14022892100002,41.524089264000054],[127.1368728860001,41.53862335300005],[127.09899061100009,41.54213654900008],[127.09950138400006,41.552623751000056],[127.11576751500002,41.54803989800007],[127.12169705700012,41.566280360000064],[127.13977708400012,41.56818265900006],[127.14370610100002,41.58452082300005],[127.17875620900008,41.59120670000004],[127.12422145000005,41.59681209800004],[127.11757813700001,41.62271087000005],[127.09931148100009,41.61822524200005],[127.08601503200009,41.624079478000056],[127.10311935400011,41.64105283200007],[127.07169376400009,41.64339387200005],[127.06059889200003,41.658746516000065],[127.06860351600005,41.59137725800008],[127.01165771500007,41.565544128000056],[126.9905395510001,41.52748870800008],[126.9414291380001,41.53443145800003],[126.92249298100012,41.53276825000006],[126.91110229500009,41.518325806000064],[126.92440795900006,41.48102188100006],[126.93081665000011,41.462768555000025],[126.96608734100005,41.43582153300008],[127.01220703100012,41.43693542500006],[127.03276062000009,41.429718018000074],[127.01554870600012,41.404708862000064],[127.01860046400009,41.379158020000034],[127.07303619400011,41.288887024000076],[127.13720703100012,41.261383057000046],[127.12303161600005,41.23693847700008],[127.14414978000002,41.156654358000026],[127.19500732400002,41.13504409800004]]]},"properties":{"shapeName":"Kim Hyong Jik","shapeISO":"","shapeID":"82179303B57298285068990","shapeGroup":"PRK","shapeType":"ADM2"}},
{"type":"Feature","geometry":{"type":"Polygon","coordinates":[[[127.23063659700006,41.112178802000074],[127.30386352500011,41.101104736000025],[127.34443664600008,41.10471344000007],[127.38777160600011,41.15082550000005],[127.46804809600008,41.17054748500004],[127.4877624510001,41.162490845000036],[127.50026702900004,41.14221954300007],[127.50563049300001,41.07077789300007],[127.60887146000005,41.064994812000066],[127.64942932100007,41.14221954300007],[127.68359375000011,41.14527130100004],[127.73371887200005,41.13588333100006],[127.75170135500002,41.25198745700004],[127.7648773190001,41.260116577000076],[127.80729675300006,41.25743866000005],[127.81413269000006,41.27909851100003],[127.84352874800004,41.279121399000076],[127.86755371100003,41.360343933000024],[127.91326904300001,41.36037445100004],[127.9768024120001,41.41544335700007],[127.97569186900012,41.430467332000035],[127.94168949900006,41.43714666100004],[127.94550392000008,41.447486525000045],[127.93596623000008,41.44678912400008],[127.93257090500003,41.45638574900005],[127.9063021500001,41.42627638000005],[127.88316351300011,41.43321764400008],[127.88292777200002,41.444693648000055],[127.87283347200002,41.443514943000025],[127.86519480800007,41.40088183200004],[127.84401740500005,41.420428693000076],[127.8285534480001,41.41615588600007],[127.82758429000012,41.40446051200007],[127.79911201200002,41.42178420400006],[127.78717107400007,41.404614398000035],[127.7765430820001,41.42421037200006],[127.71605586200008,41.41596271000003],[127.68386084000008,41.42110317400005],[127.67106534100003,41.41209262800004],[127.65207509100003,41.42608975200005],[127.65988073900007,41.40720755000007],[127.64701975600008,41.40318685500006],[127.61328259400011,41.429756834000045],[127.58849377000001,41.42380109900006],[127.555090575,41.431688601000076],[127.53865746100007,41.45215223300005],[127.5418923520001,41.473277248000045],[127.53271877600002,41.47373393100003],[127.52907562300004,41.44131469700005],[127.5191192630001,41.43048095700004],[127.50279235800008,41.43046951300005],[127.47278595000012,41.387138367000034],[127.45629882800006,41.37630081200007],[127.44004821800002,41.381702423000036],[127.39385223400006,41.34918975800008],[127.34129333500005,41.32749557500006],[127.31420135500002,41.259803772000055],[127.24127197300004,41.18395996100003],[127.23063659700006,41.112178802000074]]]},"properties":{"shapeName":"Kim Jong Suk","shapeISO":"","shapeID":"82179303B38572973441712","shapeGroup":"PRK","shapeType":"ADM2"}},
{"type":"Feature","geometry":{"type":"Polygon","coordinates":[[[127.59358215300006,38.54887771600005],[127.57977294900002,38.53761291500007],[127.5249786380001,38.59154510500008],[127.46910095200008,38.54591751100003],[127.47868347200006,38.52706146200006],[127.44901275600012,38.49482727100008],[127.46169281000005,38.462512970000034],[127.43866729700005,38.44103241000005],[127.36700872200004,38.324302731000046],[127.40125274700006,38.33113861100003],[127.4989166260001,38.29781723000008],[127.58606720000012,38.33311080900006],[127.61361694300001,38.32114410400004],[127.68184661900011,38.31896591200007],[127.70255279500009,38.329925537000065],[127.76378631600005,38.32749557500006],[127.79065704300001,38.33913040200008],[127.83348083500005,38.30041503900003],[127.88352214100007,38.319303579000064],[127.85166931200001,38.37559127800006],[127.79678344700005,38.421451569000055],[127.74800872800006,38.42962646500007],[127.7253494260001,38.443126678000056],[127.70954895000011,38.48890686000004],[127.69664001500007,38.49969482400007],[127.61860656700003,38.51331329300007],[127.59358215300006,38.54887771600005]]]},"properties":{"shapeName":"Kimhwa","shapeISO":"","shapeID":"82179303B18704732408852","shapeGroup":"PRK","shapeType":"ADM2"}},
{"type":"Feature","geometry":{"type":"Polygon","coordinates":[[[126.55320739700005,38.80075836200007],[126.56594848600002,38.77382278400006],[126.51993560800008,38.73624801600005],[126.50993347200006,38.71474075300006],[126.51628112800006,38.69858551000004],[126.55828094500009,38.66620254500003],[126.54824829100005,38.64200592000003],[126.56453704800003,38.64197158800005],[126.5940551760001,38.66074752800006],[126.62976837200006,38.64991378800005],[126.63934326200001,38.63105011000005],[126.67885589600007,38.62560272200005],[126.70082092300004,38.64360809300007],[126.75971984900002,38.65693664600008],[126.79165649400011,38.675827026000036],[126.86387634300002,38.77193450900006],[126.87573242200006,38.81194686900005],[126.8432083130001,38.80823135400004],[126.7749786380001,38.82452011100003],[126.72280120800008,38.81924438500005],[126.65087127700008,38.79517746000005],[126.55320739700005,38.80075836200007]]]},"properties":{"shapeName":"Koksan","shapeISO":"","shapeID":"82179303B26306903245930","shapeGroup":"PRK","shapeType":"ADM2"}},
{"type":"Feature","geometry":{"type":"Polygon","coordinates":[[[125.71713256800001,40.64312744100005],[125.67982482900004,40.59194946300005],[125.68924713100012,40.55927658100006],[125.67269897500012,40.534755707000045],[125.64320373500004,40.518398285000046],[125.66511535600011,40.435371399000076],[125.7073898320001,40.428585052000074],[125.75962829600007,40.43951034500003],[125.78612518300008,40.48037719700005],[125.87026977500011,40.42869567900004],[125.9686431880001,40.488670349000074],[126.0081710820001,40.529548645000034],[126.02770996100003,40.52956008900003],[126.09159851100003,40.489387512000064],[126.11229705800008,40.518726349000076],[126.11442565900006,40.54637908900003],[126.06392669700006,40.56498336800007],[126.03836059600008,40.61125946000004],[125.99950408900008,40.63301467900004],[126.01314544700006,40.690208435000045],[125.97937774700006,40.72092819200003],[125.87274932900004,40.66016006500007],[125.84992218000002,40.657421112000065],[125.83054351800001,40.67374420200008],[125.79776763900009,40.65465927100007],[125.71713256800001,40.64312744100005]]]},"properties":{"shapeName":"Kophung","shapeISO":"","shapeID":"82179303B51910076802628","shapeGroup":"PRK","shapeType":"ADM2"}},
{"type":"Feature","geometry":{"type":"Polygon","coordinates":[[[127.29753112800006,38.949909210000044],[127.31018066400009,38.91490173300008],[127.29695129400011,38.896091461000026],[127.29666137700008,38.86918258700007],[127.30948638900009,38.850318909000066],[127.34520721400008,38.83948135400004],[127.39020538300008,38.78287887600004],[127.42521667500012,38.770198822000054],[127.49150085400004,38.812267303000056],[127.5371322630001,38.814865112000064],[127.55680084200003,38.825588226000036],[127.56025695800008,38.877342224000074],[127.46377563500005,38.96032714800003],[127.454231262,38.981876373000034],[127.45783233600002,39.01416015600006],[127.44160461400008,39.01957321200007],[127.40908813500005,39.02502441400003],[127.38294220000012,39.017002106000064],[127.35993957500011,38.99821472200006],[127.329925537,38.933696747000056],[127.31038665800008,38.933734894000054],[127.29753112800006,38.949909210000044]]]},"properties":{"shapeName":"Kosan","shapeISO":"","shapeID":"82179303B69390699872040","shapeGroup":"PRK","shapeType":"ADM2"}},
{"type":"Feature","geometry":{"type":"Polygon","coordinates":[[[127.93881988500004,38.77218627900004],[127.9437408450001,38.76020431500007],[127.95997619600007,38.754787445000034],[127.98941040000011,38.76549148600003],[128.00564575200008,38.760074615000065],[128.02485656700003,38.73043441800007],[128.04429626500007,38.719631195000034],[128.10014343300008,38.76257324200003],[128.119476318,38.74369049100005],[128.15782165500002,38.673652649000076],[128.17666626000005,38.60902786300005],[128.16574096700003,38.50141525300006],[128.14916992200006,38.47454071000004],[128.18156433100012,38.458328247000054],[128.2104492190001,38.417903900000056],[128.21339416500007,38.388294220000034],[128.22577255200008,38.38827198300004],[128.2891845700001,38.43442535400004],[128.31207275400004,38.472717285000044],[128.3206939700001,38.51089859000007],[128.31510925300006,38.58634567300004],[128.3637838190001,38.61939630000006],[128.35874812800012,38.67578097200004],[128.28311127300003,38.721743925000055],[128.2801972520001,38.74433250000004],[128.2656238720001,38.74973162400005],[128.26120045300001,38.731337275000044],[128.2207806890001,38.73044342400004],[128.19839511300006,38.71436719500008],[128.20434430000012,38.73889081100003],[128.14573646000008,38.78339347900004],[128.12173343900008,38.81596830600006],[128.0560762870001,38.85244595700004],[128.0469216770001,38.84202423900007],[128.0073382930001,38.85175209200003],[127.93881988500004,38.77218627900004]]]},"properties":{"shapeName":"Kosong","shapeISO":"","shapeID":"82179303B58420780140205","shapeGroup":"PRK","shapeType":"ADM2"}},
{"type":"Feature","geometry":{"type":"Polygon","coordinates":[[[127.28676605200008,39.41139221200007],[127.2006301880001,39.481582642000035],[127.09638214100005,39.49052429200003],[127.00186920200008,39.456329346000075],[127.01658630400004,39.44091415400004],[127.03051757800006,39.357402802000024],[127.068901062,39.32937240600006],[127.09443664600008,39.32437896700003],[127.10608673100012,39.379989624000075],[127.13997650100009,39.40915679900007],[127.28676605200008,39.41139221200007]]]},"properties":{"shapeName":"Kowon","shapeISO":"","shapeID":"82179303B22851132027505","shapeGroup":"PRK","shapeType":"ADM2"}},
{"type":"Feature","geometry":{"type":"Polygon","coordinates":[[[126.00272369400011,40.08324432400008],[125.95841980000012,40.008758545000035],[125.93563842800006,40.01167297400008],[125.88896942100007,39.97856521600005],[125.86611175500002,39.97869491600005],[125.86139679000007,39.92755508400006],[125.89557647700008,39.86727905300006],[125.94304657000009,39.81416702300004],[125.94095611600005,39.78398895300006],[125.95776367200006,39.791938782000045],[125.97083282500012,39.820831299000076],[125.99942016600005,39.82943725600006],[126.01609802200005,39.86360931400003],[126.08442688000002,39.820831299000076],[126.13796234100005,39.82925796500007],[126.25694274900002,39.84971618700007],[126.36720275900007,39.893882751000035],[126.36943054200003,39.92304992700008],[126.34221649200003,39.959213257000044],[126.32579040500002,39.95103454600007],[126.28334045400004,39.95127868700007],[126.25420379600007,39.95979309100005],[126.21755981400008,39.93496704100005],[126.1588668820001,39.93808364900008],[126.13624572800006,39.94655990600006],[126.12374115000011,39.96609878500004],[126.15106201200001,40.007659912000065],[126.14811706500006,40.01879882800006],[126.0767593380001,40.03589630100004],[126.0452270510001,40.07501220700004],[126.00272369400011,40.08324432400008]]]},"properties":{"shapeName":"Kujang","shapeISO":"","shapeID":"82179303B72462969749210","shapeGroup":"PRK","shapeType":"ADM2"}},
{"type":"Feature","geometry":{"type":"Polygon","coordinates":[[[126.61296081500006,38.212409973000035],[126.60250091600005,38.232875824000075],[126.60327911400009,38.30552673300008],[126.56110382100007,38.32175827000003],[126.5843658450001,38.364768982000044],[126.54871368400006,38.38098907500006],[126.52913665800008,38.378337860000045],[126.51584625200007,38.35414505000006],[126.46018219000007,38.32735061600005],[126.43045806900011,38.28974151600005],[126.4398345950001,38.25204849200003],[126.4166793820001,38.21980285600006],[126.42622375500002,38.19825744600007],[126.418510437,38.17594909700006],[126.44193267800006,38.13999176000004],[126.44053649900002,38.123603821000074],[126.43221283000003,38.117767334000064],[126.41137695300006,38.14999389600007],[126.3783111570001,38.12748718300003],[126.37248230000012,38.09832763700007],[126.39526367200006,38.09387970000006],[126.38281250000011,38.06087875400004],[126.40165710400004,38.039993286000026],[126.39019775400004,38.02267456100003],[126.44886779800004,38.02110290500008],[126.4752731320001,38.02999115000006],[126.48970031700003,38.064155579000044],[126.51332092300004,38.08193969700005],[126.5369262700001,38.12526702900004],[126.56887817400002,38.126098633000026],[126.59875488300008,38.102382660000046],[126.63053894000006,38.119712830000026],[126.64193725600012,38.139434814000026],[126.61052703900009,38.19415283200004],[126.61296081500006,38.212409973000035]]]},"properties":{"shapeName":"Kumchon","shapeISO":"","shapeID":"82179303B1083832537536","shapeGroup":"PRK","shapeType":"ADM2"}},
{"type":"Feature","geometry":{"type":"Polygon","coordinates":[[[128.0496218390001,38.30531891700008],[128.07830810500002,38.308830261000026],[128.11605835000012,38.33098602300004],[128.1451721190001,38.331447601000036],[128.22577255200008,38.38827198300004],[128.21339416500007,38.388294220000034],[128.2104492190001,38.417903900000056],[128.18156433100012,38.458328247000054],[128.14916992200006,38.47454071000004],[128.16574096700003,38.50141525300006],[128.17666626000005,38.60902786300005],[128.15782165500002,38.673652649000076],[128.119476318,38.74369049100005],[128.10014343300008,38.76257324200003],[128.04429626500007,38.719631195000034],[128.02485656700003,38.73043441800007],[128.00564575200008,38.760074615000065],[127.98941040000011,38.76549148600003],[127.95997619600007,38.754787445000034],[127.9437408450001,38.76020431500007],[127.93881988500004,38.77218627900004],[127.89817047100007,38.76298904400005],[127.86675262500012,38.78265380900007],[127.79695892300003,38.74167251600005],[127.79018402100007,38.71746826200007],[127.83187103300008,38.655490875000055],[127.87403869600007,38.63925552400008],[127.90950775100009,38.60419845600006],[127.9453353880001,38.60412979100005],[127.98750305200008,38.58789444000007],[127.9970169070001,38.56365585300006],[127.99027252200005,38.542144775000054],[127.92774200400004,38.48307037400008],[127.93080139200003,38.464229584000066],[127.9432525630001,38.410385132000044],[127.97583007800006,38.41031646700003],[128.01181030300006,38.42369461100003],[128.04080200200008,38.39403533900003],[128.06367492700008,38.39937210100004],[128.07337951700003,38.39396667500006],[128.07644653300008,38.37512970000006],[128.04660034200003,38.326751709000064],[128.0496218390001,38.30531891700008]]]},"properties":{"shapeName":"Kumgang","shapeISO":"","shapeID":"82179303B90843555893266","shapeGroup":"PRK","shapeType":"ADM2"}},
{"type":"Feature","geometry":{"type":"Polygon","coordinates":[[[128.38305664100005,40.103012085000046],[128.3978424070001,40.11997222900004],[128.38838195800008,40.13114929200003],[128.3653564450001,40.12572097800006],[128.36186218300008,40.11739730800008],[128.38305664100005,40.103012085000046]]]},"properties":{"shapeName":"Kumho","shapeISO":"","shapeID":"82179303B22742196001734","shapeGroup":"PRK","shapeType":"ADM2"}},
{"type":"Feature","geometry":{"type":"MultiPolygon","coordinates":[[[[127.63191923300008,39.219553681000036],[127.62045305100003,39.23507329900008],[127.61303703100009,39.21883663500006],[127.63191923300008,39.219553681000036]]],[[[127.46631770500005,39.39312129100006],[127.47184124900002,39.37552911600005],[127.4824070310001,39.390518317000044],[127.46631770500005,39.39312129100006]]],[[[127.44719648800003,39.388720791000026],[127.44760248700004,39.39603858600003],[127.43879821400003,39.38625205900007],[127.44719648800003,39.388720791000026]]],[[[127.33414895400006,39.40514759700005],[127.37098010300008,39.41391888900006],[127.39614873200003,39.41011101600003],[127.41319411800009,39.41962578600004],[127.46140316000003,39.40542238900008],[127.45246792000012,39.41488149800006],[127.50184584400006,39.42718914400007],[127.51239852900005,39.394083900000055],[127.53090747400006,39.39276767900003],[127.54102469400004,39.35738360500005],[127.522872634,39.343799028000035],[127.53164743900004,39.33731942400004],[127.51310575200011,39.30611320400004],[127.55648865100011,39.29157584100005],[127.56646835400011,39.30657813800008],[127.51873079500001,39.44425090100003],[127.51569235500006,39.479621879000035],[127.51672372200005,39.51393529600006],[127.54038269000011,39.546389797000074],[127.44090271000005,39.546955109000066],[127.404350281,39.52491760300006],[127.33921051000004,39.53085327100007],[127.31347656200012,39.544902802000024],[127.29157257100007,39.57840347300004],[127.2719955440001,39.578514099000074],[127.2398986820001,39.59816741900005],[127.21688079800003,39.592735291000054],[127.17428588900009,39.59928512600004],[127.05950927700007,39.57138824500004],[127.02383422900004,39.57993698100006],[127.00687408400006,39.55778121900005],[126.98703765900007,39.54955291700003],[126.95111846900011,39.54975509600007],[126.9343872070001,39.535392761000026],[126.93312072800006,39.49145507800006],[126.94252014200003,39.47749710100004],[127.00186920200008,39.456329346000075],[127.09638214100005,39.49052429200003],[127.2006301880001,39.481582642000035],[127.28676605200008,39.41139221200007],[127.33414895400006,39.40514759700005]]]]},"properties":{"shapeName":"Kumya","shapeISO":"","shapeID":"82179303B64116140751716","shapeGroup":"PRK","shapeType":"ADM2"}},
{"type":"Feature","geometry":{"type":"Polygon","coordinates":[[[125.0593338010001,39.942272186000025],[125.10683441200001,39.921848297000054],[125.12236022900004,39.893947601000036],[125.10770416300011,39.838409424000076],[125.13971710200008,39.81597518900003],[125.16249847400002,39.813064575000055],[125.27526855500003,39.87360763500004],[125.3205413820001,39.834964752000076],[125.31320190400004,39.907604218000074],[125.33414459200003,39.91358566300005],[125.33676147500012,39.92754745500008],[125.36032104500009,39.941509247000056],[125.31058502200005,40.00333404500003],[125.21374511700003,40.07114410400004],[125.17186737100008,40.089092255000025],[125.11166381800001,40.09108734100005],[125.04664611800001,40.06528091400003],[125.0593338010001,39.942272186000025]]]},"properties":{"shapeName":"Kusong City","shapeISO":"","shapeID":"82179303B13626815484241","shapeGroup":"PRK","shapeType":"ADM2"}},
{"type":"Feature","geometry":{"type":"MultiPolygon","coordinates":[[[[124.87616876400011,38.52586604600003],[124.87547463800001,38.53389433700005],[124.81820593800012,38.55684307200005],[124.8020642250001,38.53643182800005],[124.77926610300005,38.53350798400004],[124.78199022100011,38.52293892800003],[124.77015733100006,38.51438021900003],[124.7973952430001,38.505569397000045],[124.78907882300007,38.51277587000004],[124.79501491300005,38.51865302500005],[124.81742013400003,38.516770371000064],[124.87404709500004,38.493598992000045],[124.89433392,38.50203328200007],[124.88863357100001,38.52203852800005],[124.87616876400011,38.52586604600003]]],[[[125.03308868400006,38.30138397200005],[125.03028869600007,38.343772888000046],[125.0502395630001,38.38140487700008],[125.047416687,38.42177200300006],[125.07099914600008,38.45124435400004],[125.07719421400009,38.46476364100005],[125.06771087600009,38.49169540400004],[125.00991929100007,38.57850860700006],[125.00000156400006,38.58225399100007],[125.00000156400006,38.52784692500006],[125.01328164300003,38.492613463000055],[124.96956477800006,38.451997248000055],[124.9789518550001,38.44132996600007],[124.97145070600004,38.43089515100007],[124.95659574700005,38.45744221100006],[124.92044224000006,38.39998360800007],[124.85725183800002,38.33739220100006],[124.90950775100009,38.31980514500003],[124.99042511000005,38.27119827300004],[125.01982116700003,38.27921295200008],[125.03308868400006,38.30138397200005]]]]},"properties":{"shapeName":"Kwail","shapeISO":"","shapeID":"82179303B47267328602468","shapeGroup":"PRK","shapeType":"ADM2"}},
{"type":"Feature","geometry":{"type":"MultiPolygon","coordinates":[[[[125.20818381600009,39.51308728300006],[125.19582378300004,39.52655071600003],[125.19119409100006,39.51861082700003],[125.20818381600009,39.51308728300006]]],[[[125.14298177500007,39.51545779000003],[125.15640264300009,39.532869885000025],[125.12962311700005,39.524350466000044],[125.14298177500007,39.51545779000003]]],[[[125.15619637000009,39.54866453400007],[125.1362598820001,39.542558186000065],[125.15773850900007,39.53925781200007],[125.15619637000009,39.54866453400007]]],[[[125.16249847400002,39.813064575000055],[125.13971710200008,39.81597518900003],[125.10770416300011,39.838409424000076],[125.00321960400004,39.83900833100006],[124.98641967800006,39.822414398000035],[124.99765014600007,39.758384705000026],[124.98736572300004,39.74175643900003],[124.9578247070001,39.73636245700004],[124.94110107400002,39.72255325300006],[124.9259738070001,39.64868983000008],[124.93650209800012,39.647646300000076],[124.93891189500005,39.63617684400003],[124.9458007720001,39.640200813000035],[124.94740184600005,39.67243512500005],[124.97091046600008,39.65221705700003],[124.9689328610001,39.629366548000064],[125.01141208500007,39.63793180500005],[125.01909658800002,39.62478596900007],[125.05909725800007,39.61598169600006],[125.06156926400001,39.60771111500003],[125.10368505500003,39.61327722200008],[125.12412904100006,39.56630254700008],[125.18251751100001,39.57343043900005],[125.17944199200008,39.59223165700007],[125.14402771000005,39.624050140000065],[125.1292877200001,39.67975997900004],[125.13072204600007,39.729812622000054],[125.16831207300004,39.78800582900004],[125.16249847400002,39.813064575000055]]]]},"properties":{"shapeName":"Kwaksan","shapeISO":"","shapeID":"82179303B20796163774072","shapeGroup":"PRK","shapeType":"ADM2"}},
{"type":"Feature","geometry":{"type":"Polygon","coordinates":[[[130.17399597200006,42.30601882900004],[130.18696594200003,42.32290267900004],[130.22618103000002,42.32563781700003],[130.2695007320001,42.385219574000075],[130.29258728000002,42.40147781400003],[130.30265808100012,42.42043304400005],[130.28022766100003,42.45019149800004],[130.39845275900007,42.49629211400003],[130.41983032200005,42.53593826300005],[130.44072070700008,42.54839178100008],[130.41700636300004,42.56917510200003],[130.43470658600006,42.60620936400005],[130.41336220000005,42.61443738100007],[130.37975928000003,42.60016850000005],[130.36006180700008,42.63039246500006],[130.30969180600005,42.65904154900005],[130.29032830000006,42.695794231000036],[130.25807690800002,42.70449267600003],[130.24766540500002,42.68566894500003],[130.22135925300006,42.67211532600004],[130.19418335000012,42.599010468000074],[130.11238098100011,42.588127136000026],[130.09223938000002,42.55021667500006],[130.05917358400006,42.52203750600006],[130.01931762700008,42.47437286400003],[129.98303222700008,42.44998550400004],[129.9728851320001,42.42561721800007],[129.97895813000002,42.393135071000074],[129.99513244600007,42.38232040400004],[129.9620666500001,42.32896423300008],[130.07254028300008,42.314704895000034],[130.098892212,42.33096313500005],[130.13447570800008,42.30662536600005],[130.17399597200006,42.30601882900004]]]},"properties":{"shapeName":"Kyonghung","shapeISO":"","shapeID":"82179303B15741079373395","shapeGroup":"PRK","shapeType":"ADM2"}},
{"type":"Feature","geometry":{"type":"Polygon","coordinates":[[[129.34417724600007,41.87895584100005],[129.32099914600008,41.89497757000004],[129.2983398440001,41.84316253700007],[129.242034912,41.78898620600006],[129.24453735400004,41.734851837000065],[129.22470092800006,41.718597412000065],[129.20298767100007,41.66729354900008],[129.2124023440001,41.63462448100006],[129.2450103760001,41.63736724900008],[129.25463867200006,41.62376022300003],[129.2313385010001,41.577453613000046],[129.20516967800006,41.56654357900004],[129.20483398400006,41.53658676100008],[129.17205810500002,41.517505646000075],[129.20729064900002,41.46034240700004],[129.31816101100003,41.47131729100005],[129.33106994600007,41.46043014500003],[129.34098815900006,41.47405242900004],[129.3381958010001,41.51762008700007],[129.3644104000001,41.53125381500007],[129.43278503400006,41.52857971200007],[129.44593811000004,41.53947830200008],[129.5795898440001,41.54774475100004],[129.65572416400005,41.52108294900006],[129.65017679800007,41.549454344000026],[129.69699103900007,41.65159896900008],[129.74023314700003,41.68414760300004],[129.7576998410001,41.719298597000034],[129.74108886700003,41.72485351600005],[129.6758270260001,41.713916779000044],[129.62403869600007,41.74383163500005],[129.54963684100005,41.79279708900003],[129.54043579100005,41.84725189200003],[129.50155639600007,41.866283417000034],[129.47578430200008,41.89349746700003],[129.44940185500002,41.86352539100005],[129.42329406700003,41.85805892900004],[129.39088439900002,41.87437439000007],[129.36468505900007,41.860744476000036],[129.34417724600007,41.87895584100005]]]},"properties":{"shapeName":"Kyongsong","shapeISO":"","shapeID":"82179303B44322363830429","shapeGroup":"PRK","shapeType":"ADM2"}},
{"type":"Feature","geometry":{"type":"Polygon","coordinates":[[[130.05917358400006,42.52203750600006],[130.09223938000002,42.55021667500006],[130.11238098100011,42.588127136000026],[130.19418335000012,42.599010468000074],[130.22135925300006,42.67211532600004],[130.24766540500002,42.68566894500003],[130.25807690800002,42.70449267600003],[130.23440528800006,42.73677715400004],[130.24311788400007,42.76375968000008],[130.2273854440001,42.787759427000026],[130.25526509500003,42.84012667800005],[130.24974155200005,42.85776796600004],[130.268492787,42.88032379900005],[130.26246501900005,42.90235576300006],[130.16943244000004,42.914260685000045],[130.13822949500002,42.90239177900003],[130.1158125920001,42.91204048600008],[130.0797119140001,42.88206863400006],[130.09471130400004,42.87582778900003],[130.09335327100007,42.852947235000045],[130.016860962,42.759277344000054],[130.01980590800008,42.73693847700008],[130.0485687260001,42.693653107000046],[130.04818725600012,42.666580200000055],[130.03150939900002,42.64220809900007],[130.04421997100008,42.617855072000054],[130.02766418500005,42.60160446200007],[130.02404785200008,42.57723617600004],[130.0562744140001,42.54748535200008],[130.05917358400006,42.52203750600006]]]},"properties":{"shapeName":"Kyongwon","shapeISO":"","shapeID":"82179303B19451054742324","shapeGroup":"PRK","shapeType":"ADM2"}},
{"type":"Feature","geometry":{"type":"Polygon","coordinates":[[[126.53015899700006,39.76713562000003],[126.51792144800004,39.76418304400005],[126.45856475800008,39.697032928000056],[126.46362304700006,39.68995666500007],[126.47747802700007,39.63779068000008],[126.49682617200006,39.618915558000026],[126.50286865200007,39.57584762600004],[126.46009826700003,39.535575867000034],[126.49543762200005,39.48975753800005],[126.54825592000009,39.46223831200007],[126.59638977100008,39.48685455300006],[126.61313629200004,39.529876709000064],[126.61007690400004,39.548721313000044],[126.68131256100003,39.56994247400007],[126.71555328400007,39.59638214100005],[126.70220947300004,39.65804290800003],[126.75637817400002,39.70555114700005],[126.75166320800008,39.717208862000064],[126.72164917000009,39.72165679900007],[126.71665954600007,39.73304748500004],[126.75498962400002,39.78137970000006],[126.77609252900004,39.83554840100004],[126.8027572630001,39.85166168200004],[126.863334656,39.86494064300007],[126.76696014400011,39.90090560900006],[126.75061798100012,39.895557404000044],[126.71735382100007,39.83104324300007],[126.63239288300008,39.80699920700005],[126.57341766400009,39.77483367900004],[126.53015899700006,39.76713562000003]]]},"properties":{"shapeName":"Maengsan","shapeISO":"","shapeID":"82179303B43316794404011","shapeGroup":"PRK","shapeType":"ADM2"}},
{"type":"Feature","geometry":{"type":"Polygon","coordinates":[[[126.68865203900009,41.23017501800007],[126.69329834000007,41.23529434200003],[126.60595703100012,41.29241943400007],[126.553840637,41.292385101000036],[126.4953460690001,41.30595779400005],[126.54132843000002,41.341388702000074],[126.54795837400002,41.35228347800006],[126.5341089740001,41.36088285500006],[126.51959153900009,41.347751697000035],[126.4767979930001,41.34537136700004],[126.50646862100007,41.363490685000045],[126.50418979100004,41.371492783000065],[126.48983905600005,41.37189223300004],[126.43121484500011,41.35086216900004],[126.43225930800008,41.32963237900003],[126.40592179600003,41.32910523600003],[126.39559175500005,41.30377617100004],[126.36076429200011,41.27811314100006],[126.35363640000003,41.24329877400004],[126.31897591900008,41.22978622900007],[126.30534223000006,41.19006386500007],[126.28398802100003,41.186095557000044],[126.29145970200011,41.16974757100007],[126.28320221700005,41.16032120400007],[126.23596233400008,41.14455929700006],[126.22415236300003,41.127628507000054],[126.19317533600008,41.11680733900005],[126.16808201300012,41.09310226800005],[126.11760723800012,41.087794821000045],[126.10885535300008,41.071617092000054],[126.13066139800003,41.05923741400005],[126.12552748200005,41.041360385000075],[126.11605855100004,41.03066363600004],[126.09651823800004,41.03455663700004],[126.1041863700001,41.00266284000003],[126.07179162300008,41.00237143800007],[126.06044658600001,40.99302692500004],[126.06877211200003,40.985927091000065],[126.10442352300004,41.00070190400004],[126.15648651100003,40.99529266400003],[126.17594146700003,40.98713684100005],[126.20514679000007,40.953227997000056],[126.23764038100012,40.96812057500006],[126.2378692630001,40.98990249600007],[126.26401519800004,40.998092651000036],[126.267425537,41.01170730600006],[126.28045654300001,41.01171493500004],[126.28379821800002,41.01988983200005],[126.25476837200006,41.04710006700003],[126.27146148700001,41.08523178100006],[126.317512512,41.126113892000035],[126.3598861690001,41.128864288000045],[126.42215728800011,41.16430664100005],[126.45793914800004,41.15888214100005],[126.51666259800004,41.16709518400006],[126.54347229000007,41.15304946900005],[126.63739013700001,41.18624115000006],[126.68865203900009,41.23017501800007]]]},"properties":{"shapeName":"Manpho City","shapeISO":"","shapeID":"82179303B45279105584010","shapeGroup":"PRK","shapeType":"ADM2"}},
{"type":"Feature","geometry":{"type":"Polygon","coordinates":[[[127.16058349600007,39.16859436000004],[127.20000457800006,39.149925232000044],[127.21853637700008,39.17879867600004],[127.257865906,39.20024871800007],[127.38451650600007,39.197336678000056],[127.36366230800002,39.233688320000056],[127.36798750100002,39.27591543300008],[127.38202718900004,39.29057394100005],[127.40308999600006,39.29331115700006],[127.39045820500007,39.29945352000004],[127.40041499000006,39.31447218900007],[127.38739684600012,39.33551535000004],[127.40078824600005,39.33781709900006],[127.41200886500008,39.30561552900008],[127.42510231500012,39.297161593000055],[127.45464197600006,39.30923022500008],[127.42268269500005,39.31213114900004],[127.42427067300002,39.32512964800003],[127.4631875880001,39.32543414700007],[127.47004044900007,39.34283969300003],[127.44640413600007,39.36882359300006],[127.4255214100001,39.34822244600008],[127.41419929200003,39.35684336500003],[127.39952768700005,39.34725328900004],[127.37965995600007,39.350655163000056],[127.37806808500011,39.35784755200007],[127.29868316700004,39.361614227000075],[127.27899169900002,39.34820556600005],[127.18645477300004,39.22461319000007],[127.15053558300008,39.21661758400006],[127.13735961900011,39.20318985000006],[127.16641235400004,39.17890930200008],[127.16058349600007,39.16859436000004]]]},"properties":{"shapeName":"Munchon City","shapeISO":"","shapeID":"82179303B61369301137013","shapeGroup":"PRK","shapeType":"ADM2"}},
{"type":"Feature","geometry":{"type":"MultiPolygon","coordinates":[[[[125.41475517000003,39.55158182900004],[125.42858203700007,39.57033633800006],[125.39095187400005,39.54535433700005],[125.41475517000003,39.55158182900004]]],[[[125.55159759500009,39.59676361100003],[125.49552917500012,39.57332611100003],[125.43446104400005,39.57099987300006],[125.44362689900004,39.55908952600004],[125.41525284600004,39.54814066500006],[125.39969721200009,39.530787506000024],[125.40483112800007,39.50278343600007],[125.34558809600003,39.46566732000008],[125.33757945000002,39.45200743600003],[125.34573216000001,39.43513230700006],[125.35662208600002,39.434264649000056],[125.39066374700008,39.449250576000054],[125.38008639600002,39.43677493600006],[125.52426910400004,39.451408386000026],[125.60882568400007,39.43777465800008],[125.71984100300006,39.479461670000035],[125.7337036130001,39.539772034000066],[125.72415924100005,39.56132125900007],[125.69170379600007,39.57215118400006],[125.63944244400011,39.55880355800008],[125.60384368900009,39.58040237400007],[125.55159759500009,39.59676361100003]],[[125.44269561800002,39.45655441300005],[125.43338775600012,39.48119735700004],[125.46115875200007,39.501136780000024],[125.47097015400004,39.48027420000005],[125.44269561800002,39.45655441300005]]]]},"properties":{"shapeName":"Mundok","shapeISO":"","shapeID":"82179303B50652768805745","shapeGroup":"PRK","shapeType":"ADM2"}},
{"type":"Feature","geometry":{"type":"Polygon","coordinates":[[[129.52976989700005,42.040927887000066],[129.57995605500003,42.12487411500007],[129.5514221190001,42.184406281000065],[129.4996337890001,42.21685409500003],[129.52645874000007,42.265598297000054],[129.50051879900002,42.27911758400006],[129.48135376000005,42.30887603800005],[129.4553070070001,42.31427383400006],[129.41918945300006,42.300716400000056],[129.399673462,42.306114197000056],[129.3322601320001,42.387275696000074],[129.33654561700007,42.410090635000074],[129.3312977610001,42.43126005000005],[129.31980866000004,42.41784573000007],[129.30734385300002,42.42297309700007],[129.31083740400004,42.405230310000036],[129.30127024700005,42.403007142000035],[129.31826652000007,42.38369602200004],[129.2944042890001,42.38928504900008],[129.29074048100006,42.378627590000065],[129.27085965300012,42.38734346000007],[129.25947532600003,42.37204321200005],[129.24133308900002,42.378080802000056],[129.22499165200009,42.35166143500004],[129.25590646900002,42.32775009100004],[129.23399237500007,42.31414259500008],[129.20721284900003,42.32081210100006],[129.19346456300002,42.31477451200004],[129.2097765320001,42.30313152400004],[129.23478800100008,42.30764007100004],[129.19980010300003,42.28693087600004],[129.2248082970001,42.28146299400004],[129.21603349200007,42.264574768000045],[129.18414296900005,42.264411059000054],[129.176376612,42.25766297200005],[129.17545984100002,42.23679989100003],[129.20083474400008,42.24226449900004],[129.19703669400008,42.22277984800007],[129.20459023,42.212675725000054],[129.21948120500008,42.21616272800003],[129.22070247400006,42.204320015000064],[129.18994154400002,42.20362588900008],[129.18894946700004,42.18914091200003],[129.1582638420001,42.184855009000046],[129.16528368700006,42.164273507000075],[129.1262358040001,42.160118571000055],[129.12902868000003,42.150453189000075],[129.1127789200001,42.13842712200005],[129.0847322850001,42.13904266800006],[129.06776547900006,42.156038942000066],[129.07125903000008,42.13763149600004],[129.03968937700006,42.13347983400007],[129.02580357500005,42.118173038000066],[129.04052756700003,42.116607980000026],[129.0333112720001,42.104817654000044],[129.01247242400007,42.09948205400008],[129.01406860400004,42.08929061900005],[129.03811645500002,42.089252472000055],[129.18687439000007,41.98860549900007],[129.19630432100007,41.95593261700003],[129.21253967300004,41.95049667400008],[129.25828552200005,41.96414566000004],[129.27774047900004,41.95598983800005],[129.3002624510001,41.92877578700006],[129.29682922400002,41.91243362400007],[129.32099914600008,41.89497757000004],[129.34417724600007,41.87895584100005],[129.371841431,41.95961380000006],[129.4216918950001,42.01919937100007],[129.45768737800006,42.024639130000025],[129.48408508300008,42.04360580400004],[129.52976989700005,42.040927887000066]]]},"properties":{"shapeName":"Musan","shapeISO":"","shapeID":"82179303B23816821783286","shapeGroup":"PRK","shapeType":"ADM2"}},
{"type":"Feature","geometry":{"type":"Polygon","coordinates":[[[129.73604371500005,40.87146668300005],[129.76510710000002,40.93834810200008],[129.72155721900003,40.98436671600007],[129.73539718200004,40.992250944000034],[129.72062735100008,41.03032967000007],[129.727860017,41.073047909000024],[129.7436841340001,41.096648206000054],[129.72607558900006,41.093583573000046],[129.72121039600006,41.10160896300005],[129.66630554200003,41.085491180000076],[129.64302063000002,41.055698395000036],[129.59710693400007,41.04213333100006],[129.56399536100002,41.00962829600007],[129.46298217800006,41.02579879800004],[129.45986938500005,41.03662490800008],[129.4435882570001,41.03932189900007],[129.34207153300008,41.02030181900005],[129.2934265140001,41.04462814300007],[129.22177124000007,41.05811691300005],[129.23107910200008,41.02293014500003],[129.29284668000003,41.004024506000064],[129.338562012,41.004055023000035],[129.36116027800006,40.985122681000064],[129.3704986570001,40.95264816300005],[129.34028625500002,40.895782471000075],[129.34658813500005,40.87954711900005],[129.3944244380001,40.85871124300007],[129.47372436500007,40.86339187600004],[129.54295349100005,40.90945816000004],[129.6111450200001,40.882434845000034],[129.66001892100007,40.874351501000035],[129.66998291000004,40.885185242000034],[129.6928405760001,40.88520050000005],[129.73604371500005,40.87146668300005]]]},"properties":{"shapeName":"Myongchon","shapeISO":"","shapeID":"82179303B5816291579612","shapeGroup":"PRK","shapeType":"ADM2"}},
{"type":"Feature","geometry":{"type":"Polygon","coordinates":[[[129.22177124000007,41.05811691300005],[129.2934265140001,41.04462814300007],[129.34207153300008,41.02030181900005],[129.4435882570001,41.03932189900007],[129.45986938500005,41.03662490800008],[129.46298217800006,41.02579879800004],[129.56399536100002,41.00962829600007],[129.59710693400007,41.04213333100006],[129.64302063000002,41.055698395000036],[129.66630554200003,41.085491180000076],[129.72121039600006,41.10160896300005],[129.72163252500002,41.19531237700005],[129.73533497200003,41.20137288600006],[129.7278894850001,41.205724272000054],[129.74165414200002,41.21522594600003],[129.7371088120001,41.22088761800006],[129.642425537,41.24247741700003],[129.5734710690001,41.21535873400006],[129.5639343260001,41.23429870600006],[129.531585693,41.25593185400004],[129.4630126950001,41.255882263000046],[129.42410278300008,41.274806976000036],[129.33949279800004,41.29640579200003],[129.2904205320001,41.29095459000007],[129.2057189940001,41.304431915000066],[129.12670898400006,41.261062622000054],[129.10342407200005,41.23127365100004],[129.0870666500001,41.22452545200008],[129.1446075440001,41.14197540300006],[129.18640136700003,41.095989227000075],[129.2091064450001,41.08517456100003],[129.22177124000007,41.05811691300005]]]},"properties":{"shapeName":"Myonggan","shapeISO":"","shapeID":"82179303B68633969029735","shapeGroup":"PRK","shapeType":"ADM2"}},
{"type":"Feature","geometry":{"type":"MultiPolygon","coordinates":[[[[125.16577007500007,38.618168483000034],[125.18383789100005,38.60652923600003],[125.2259674070001,38.61454772900004],[125.24092865000011,38.62763214100005],[125.24655558100005,38.65766876200007],[125.22604447300012,38.64745930600003],[125.19711381000002,38.64654253500004],[125.169502641,38.663460229000066],[125.18154180500005,38.63029604900004],[125.16577007500007,38.618168483000034]]],[[[125.6169281010001,38.70061111500007],[125.57846832300004,38.73281478900003],[125.5427856450001,38.74634933500005],[125.50738525400004,38.78678512600004],[125.4618606570001,38.794952393000074],[125.42265319800003,38.78426742600004],[125.39037323000002,38.81124496500007],[125.29540252700008,38.79107284500003],[125.29556274400011,38.779151917000036],[125.26734006000004,38.76938262800007],[125.271368961,38.76444906800003],[125.25177626200002,38.76407908500005],[125.22498363900002,38.72191090800004],[125.28224251600011,38.687554927000065],[125.29807318200005,38.68841931000003],[125.30161912000005,38.70235095100003],[125.318412394,38.70756999500003],[125.30223794000005,38.72615752100006],[125.3247839500001,38.71639718700004],[125.33000299500009,38.72440583400004],[125.33746485300003,38.70977024500007],[125.36181493800007,38.71439666300006],[125.35684145700009,38.74631992800005],[125.37416842300001,38.749230675000035],[125.36438844400004,38.72259848600004],[125.38897099500002,38.71325069900007],[125.43359480800007,38.73125542100007],[125.4364400710001,38.73921822900007],[125.41767246600011,38.747567391000075],[125.42719378400011,38.75312367600003],[125.45983736900007,38.73972245300007],[125.46457510900007,38.72154747400003],[125.47778315500011,38.72337446700004],[125.48834238900008,38.714481791000026],[125.49942876600005,38.72389833600005],[125.529053556,38.71763482800003],[125.52649642000006,38.71035304900005],[125.55551876100003,38.70363770400007],[125.5581390540001,38.691945909000026],[125.59499359100005,38.65721130400004],[125.62979126000005,38.65693664600008],[125.6169281010001,38.70061111500007]]]]},"properties":{"shapeName":"Nampo City","shapeISO":"","shapeID":"82179303B45638248322590","shapeGroup":"PRK","shapeType":"ADM2"}},
{"type":"Feature","geometry":{"type":"Polygon","coordinates":[[[125.83702087400002,39.71679687500006],[125.85247802700007,39.72276306200007],[125.85498046900011,39.74582672100007],[125.8986129760001,39.75054931600005],[125.94095611600005,39.78398895300006],[125.94304657000009,39.81416702300004],[125.89557647700008,39.86727905300006],[125.86139679000007,39.92755508400006],[125.83824157700008,39.91766738900003],[125.8158645630001,39.93448257400007],[125.81506347700008,39.90667724600007],[125.78870391800001,39.898483276000036],[125.72793579100005,39.943332672000054],[125.71248626700003,39.974010468000074],[125.68901825000012,39.98720550500008],[125.669639587,39.960353851000036],[125.6692504880001,39.946449280000024],[125.69162750200007,39.929630280000026],[125.68453979500009,39.91020584100005],[125.66175842300004,39.91311645500008],[125.6451950070001,39.904869080000026],[125.63475799600008,39.88267517100007],[125.64033508300008,39.849273682000046],[125.60681152300003,39.818866730000025],[125.60921478300008,39.79518127400007],[125.63937377900004,39.815902710000046],[125.67155456500006,39.79903030400004],[125.66988372800006,39.74063491800007],[125.69226074200003,39.72381973300003],[125.72148895300006,39.718093872000054],[125.75444030800008,39.657714844000054],[125.82360839800003,39.690544128000056],[125.83702087400002,39.71679687500006]]]},"properties":{"shapeName":"Nyongbyon","shapeISO":"","shapeID":"82179303B72509498170942","shapeGroup":"PRK","shapeType":"ADM2"}},
{"type":"Feature","geometry":{"type":"Polygon","coordinates":[[[126.36020660400004,40.017616272000055],[126.34332275400004,39.992767334000064],[126.34221649200003,39.959213257000044],[126.36943054200003,39.92304992700008],[126.36720275900007,39.893882751000035],[126.437553406,39.86391067500006],[126.44709777800006,39.842369080000026],[126.46984100300006,39.83693695100004],[126.46317291300011,39.82349777200005],[126.48892211900011,39.79384231600005],[126.53015899700006,39.76713562000003],[126.57341766400009,39.77483367900004],[126.63239288300008,39.80699920700005],[126.71735382100007,39.83104324300007],[126.75061798100012,39.895557404000044],[126.76696014400011,39.90090560900006],[126.863334656,39.86494064300007],[126.90950775100009,39.86655426000004],[126.88134765600012,39.935649872000056],[126.83920288100012,39.95457077000003],[126.77465820300006,40.011215210000046],[126.77157592800006,40.027366638000046],[126.81097412100007,40.05688476600005],[126.82095336900011,40.07569885300006],[126.75277710000012,40.09737014800004],[126.74157714800003,40.187530518000074],[126.70748901400009,40.153602600000056],[126.65776062000009,40.14249420200008],[126.58027648900008,40.09971618700007],[126.5544281010001,40.03694152800006],[126.47370147700008,40.021625519000054],[126.42637634300002,39.99054718000008],[126.40358734100005,39.99388122600004],[126.36020660400004,40.017616272000055]]]},"properties":{"shapeName":"Nyongwon","shapeISO":"","shapeID":"82179303B95281313978448","shapeGroup":"PRK","shapeType":"ADM2"}},
{"type":"Feature","geometry":{"type":"Polygon","coordinates":[[[125.21818358500002,38.99453788400007],[125.20104937500003,38.99556368300006],[125.18771363600001,38.98617333200008],[125.18784460300003,38.97465803800003],[125.20493255400004,38.972693529000026],[125.17864088100009,38.94086521500003],[125.15097077700011,38.87984430400007],[125.12761604400009,38.87867214700003],[125.12502289200006,38.867720011000074],[125.13362744000005,38.87240209000004],[125.15601301600009,38.85351661400006],[125.14346308000006,38.84294100900007],[125.13671171900012,38.805720120000046],[125.15081034200011,38.78398283200005],[125.16345195500003,38.786762612000075],[125.16977767300011,38.77040807700007],[125.1943831430001,38.78399592900007],[125.19074225400004,38.76687523600003],[125.21051830700003,38.750995458000034],[125.21048883900005,38.73839968400006],[125.22305187200004,38.737970766000046],[125.21810785900004,38.75064512100005],[125.23066761700011,38.77380667700004],[125.21262360500009,38.81187885400004],[125.22263277700006,38.80278645300007],[125.23280238300003,38.81132879200004],[125.2310114060001,38.786854289000075],[125.24122685100008,38.77478565700005],[125.26734006000004,38.76938262800007],[125.29556274400011,38.779151917000036],[125.29540252700008,38.79107284500003],[125.29647827100007,38.865257263000046],[125.36869812000009,38.916236877000074],[125.36879730200008,38.925659180000025],[125.35798645000011,38.95692062400008],[125.28128814700005,38.967544556000064],[125.25514221200001,38.95952224700005],[125.21818358500002,38.99453788400007]]]},"properties":{"shapeName":"Onchon","shapeISO":"","shapeID":"82179303B53175016570528","shapeGroup":"PRK","shapeType":"ADM2"}},
{"type":"Feature","geometry":{"type":"MultiPolygon","coordinates":[[[[125.09504776500012,37.677283455000065],[125.09351217400001,37.685557310000036],[125.08727158500005,37.67785971100005],[125.09504776500012,37.677283455000065]]],[[[125.19706797100002,37.806587411000066],[125.1886827940001,37.81795209400008],[125.13382716500007,37.79382465400005],[125.14443878600002,37.79113655100008],[125.14311929100006,37.77190401200005],[125.1796493280001,37.80250778200008],[125.19706797100002,37.806587411000066]]],[[[125.04783734900002,37.83452599800006],[125.020042826,37.831035721000035],[125.03029756100011,37.824700181000026],[125.02631288300006,37.81444217200004],[125.00509619000002,37.82139325800006],[124.9913315330001,37.79912882700006],[125.02101853200008,37.79709883500004],[125.04187834000004,37.813073564000035],[125.04783734900002,37.83452599800006]]],[[[125.37625080200007,37.83410690300008],[125.37964612700011,37.842298904000074],[125.36726317500006,37.843657689000054],[125.37625080200007,37.83410690300008]]],[[[124.96462403800001,37.913407567000036],[124.96116650300007,37.927663351000035],[124.95411719200001,37.922260953000034],[124.95820009500005,37.91051646500006],[124.96462403800001,37.913407567000036]]],[[[125.40409851100003,37.96357727100008],[125.3782348630001,37.982467651000036],[125.35584259000007,38.020183563000046],[125.32660675000011,38.02832031200006],[125.23934720400007,38.05070459900003],[125.23754012300003,38.01656064000008],[125.21164789900001,38.02361977400005],[125.21354692400007,38.04169325400005],[125.18784460300003,38.055850812000074],[125.11609747500006,38.047786504000044],[125.10193009400007,38.02394064400005],[125.116965133,37.98613040200007],[125.13905275800005,37.98992190300004],[125.12992761500004,37.97126889400005],[125.17307149900012,37.98458171400006],[125.16265960300007,37.960683467000024],[125.15000816800011,37.95193812900004],[125.13253713800009,37.959540778000076],[125.08303806900005,37.95822128300006],[125.0776684120001,37.976406084000075],[125.06041020400005,37.98078693800005],[125.05876001700005,37.97187461800007],[125.0262310280001,37.95332638200006],[125.0162971630001,37.96217649300007],[124.99537514700012,37.957890590000034],[124.98014693100004,37.922585096000034],[125.00816409800007,37.93433285800006],[125.01215205000005,37.90563138700003],[125.03650540800004,37.896113343000025],[125.06926686400004,37.900219166000056],[125.08345716400004,37.87594111400006],[125.13170549600011,37.863296227000035],[125.15023081200002,37.87653701500005],[125.14747722600009,37.87016218400004],[125.16121568900007,37.864677931000074],[125.19339106600012,37.86875756100005],[125.22686629300006,37.89045555800004],[125.20986019700001,37.904023764000044],[125.23459663400001,37.89881126800003],[125.22760625800004,37.90854868200006],[125.24284429600004,37.92755530300008],[125.23043187600001,37.940589818000035],[125.238875989,37.94320261400003],[125.26083264700003,37.93047259900004],[125.24337143900004,37.91448149800004],[125.24305711800002,37.90211164300007],[125.27121834900004,37.89523586200005],[125.28943589200003,37.90225570700005],[125.30451349600003,37.87180254900005],[125.26540995200003,37.83734506800005],[125.23272052800007,37.823665540000036],[125.22392935200003,37.80684607200004],[125.2452475450001,37.81636084200005],[125.28717015900008,37.795962694000025],[125.2590645890001,37.82576101500007],[125.28045808800005,37.82678583400008],[125.27908948000004,37.81878701000005],[125.31297397900005,37.833350567000025],[125.30169770000009,37.79984587300004],[125.33119807100002,37.82364589500003],[125.34609886900012,37.81903912200005],[125.35668102200009,37.84773731800004],[125.38067749400011,37.85947198300005],[125.34854795600006,37.85704581500005],[125.34660309300011,37.870830117000025],[125.37097282200011,37.87430729700003],[125.37210896300007,37.86305721100007],[125.39066374700008,37.864799076000054],[125.39528034200009,37.85417435800008],[125.42236436700011,37.86195053800003],[125.4216604180001,37.84706611100006],[125.43477678700003,37.851417498000046],[125.43359480800007,37.839748317000044],[125.44468773300002,37.844135719000064],[125.44714336900006,37.859449064000046],[125.42938093700002,37.86526400900004],[125.43147968700009,37.87829197600007],[125.39016607100007,37.879015570000035],[125.37109396700009,37.90043198800004],[125.39789891800001,37.89591556500005],[125.40409851100003,37.96357727100008]]]]},"properties":{"shapeName":"Ongjin","shapeISO":"","shapeID":"82179303B18261928237919","shapeGroup":"PRK","shapeType":"ADM2"}},
{"type":"Feature","geometry":{"type":"Polygon","coordinates":[[[130.016860962,42.759277344000054],[130.09335327100007,42.852947235000045],[130.09471130400004,42.87582778900003],[130.0797119140001,42.88206863400006],[130.1158125920001,42.91204048600008],[130.10498018700002,42.91317365700007],[130.10148663600012,42.92618525200004],[130.13215588900005,42.934059657000034],[130.11488458400004,42.95245400600004],[130.14544579000005,42.97105462900004],[130.14202754500002,42.97939724200006],[130.10354609500007,42.987572872000044],[130.05958694100002,42.96794088300004],[129.9910288650001,42.970828710000035],[129.9530188970001,42.98031728700005],[129.95469527800003,43.01129103900007],[129.90200715700007,43.00534840100005],[129.87815802300008,42.983165824000025],[129.9148550430001,42.97896177600006],[129.90953122500002,42.96818644600006],[129.86593550500004,42.97197467400008],[129.85203660600007,42.96119607000003],[129.8698285060001,42.918710297000075],[129.84434555500002,42.91980714700003],[129.8367167130001,42.86390378100003],[129.8123011460001,42.84819426000007],[129.80715670300003,42.80801727700003],[129.844421387,42.80449295000005],[129.89297485400004,42.77474975600006],[129.97135925300006,42.77480316200007],[130.016860962,42.759277344000054]]]},"properties":{"shapeName":"Onsong","shapeISO":"","shapeID":"82179303B70197071761439","shapeGroup":"PRK","shapeType":"ADM2"}},
{"type":"Feature","geometry":{"type":"Polygon","coordinates":[[[129.0870666500001,41.22452545200008],[129.10342407200005,41.23127365100004],[129.12670898400006,41.261062622000054],[129.2057189940001,41.304431915000066],[129.2904205320001,41.29095459000007],[129.33949279800004,41.29640579200003],[129.42410278300008,41.274806976000036],[129.4630126950001,41.255882263000046],[129.531585693,41.25593185400004],[129.5639343260001,41.23429870600006],[129.5734710690001,41.21535873400006],[129.642425537,41.24247741700003],[129.7371088120001,41.22088761800006],[129.73458845900007,41.24319727400007],[129.7522592140001,41.25223074000007],[129.75805778900008,41.29251626300004],[129.78172356900006,41.31197472100007],[129.77360687400005,41.31866387200006],[129.79154938600004,41.33272975400007],[129.80941659200005,41.37457706200007],[129.7934713310001,41.38495949000003],[129.7745203710001,41.38151832500006],[129.7432715870001,41.408432093000044],[129.73590140600004,41.393495280000025],[129.73455899200007,41.41538645400004],[129.68051208600002,41.44043393900006],[129.65434155700007,41.47872221100005],[129.65572416400005,41.52108294900006],[129.5795898440001,41.54774475100004],[129.44593811000004,41.53947830200008],[129.43278503400006,41.52857971200007],[129.3644104000001,41.53125381500007],[129.3381958010001,41.51762008700007],[129.34098815900006,41.47405242900004],[129.33106994600007,41.46043014500003],[129.31816101100003,41.47131729100005],[129.20729064900002,41.46034240700004],[129.17205810500002,41.517505646000075],[129.20483398400006,41.53658676100008],[129.20516967800006,41.56654357900004],[129.2313385010001,41.577453613000046],[129.25463867200006,41.62376022300003],[129.2450103760001,41.63736724900008],[129.2124023440001,41.63462448100006],[129.20298767100007,41.66729354900008],[129.18652343700012,41.65094375600006],[129.14402771000005,41.637298584000064],[129.11747741700003,41.59098815900006],[129.09472656200012,41.59642028800005],[129.05131530800008,41.56853485100004],[129.0510864260001,41.52943420400004],[128.97662353500004,41.46832275400004],[128.96359252900004,41.44137573200004],[128.9724731450001,41.36998748800005],[129.0333251950001,41.27832794200003],[129.03054809600008,41.26027679400005],[128.99383544900002,41.21249389600007],[128.9932098390001,41.185504913000045],[129.0409088130001,41.19874954200003],[129.0870666500001,41.22452545200008]]]},"properties":{"shapeName":"Orang","shapeISO":"","shapeID":"82179303B20024569416279","shapeGroup":"PRK","shapeType":"ADM2"}},
{"type":"Feature","geometry":{"type":"MultiPolygon","coordinates":[[[[126.17355316900012,37.80284174800005],[126.21264689100008,37.84454826600006],[126.17066861600006,37.82652390000004],[126.17355316900012,37.80284174800005]]],[[[126.3752132520001,37.834103629000026],[126.40003154500005,37.855022371000075],[126.39747768300003,37.86356798400004],[126.3568581940001,37.85955711200006],[126.35829228500006,37.838346967000064],[126.3752132520001,37.834103629000026]]],[[[126.39019775400004,38.02267456100003],[126.40165710400004,38.039993286000026],[126.38281250000011,38.06087875400004],[126.35305786100002,38.05847930900006],[126.33363342300004,38.069282532000045],[126.21987915000011,38.09373855600006],[126.18078613300008,38.09381866500007],[126.11865997300004,38.07108306900005],[126.13099670400004,38.00781631500007],[126.1891174320001,37.959255219000056],[126.18240356400008,37.94043731700003],[126.21148681600005,37.91884613000008],[126.19133758500004,37.86238098100006],[126.1945337410001,37.84572886300003],[126.21472927000002,37.85343439300004],[126.2021334960001,37.87184838700006],[126.26740102000008,37.84046536200003],[126.27150684300011,37.849760762000074],[126.27823528500005,37.84409315500005],[126.34079833600003,37.87738502800005],[126.393411151,37.88453583900008],[126.41304016100003,37.908075653000026],[126.38804626500007,37.93054962200006],[126.39166259800004,37.97054290800003],[126.40664672900004,37.99110412600004],[126.39019775400004,38.02267456100003]]]]},"properties":{"shapeName":"Paechon","shapeISO":"","shapeID":"82179303B51934598994225","shapeGroup":"PRK","shapeType":"ADM2"}},
{"type":"Feature","geometry":{"type":"Polygon","coordinates":[[[128.9932098390001,41.185504913000045],[128.99383544900002,41.21249389600007],[129.03054809600008,41.26027679400005],[129.0333251950001,41.27832794200003],[128.9724731450001,41.36998748800005],[128.96359252900004,41.44137573200004],[128.97662353500004,41.46832275400004],[129.0510864260001,41.52943420400004],[129.05131530800008,41.56853485100004],[129.00637817400002,41.621658325000055],[128.92718505900007,41.64027404800004],[128.9535827640001,41.684158325000055],[128.92996215800008,41.72248840300006],[128.9260864260001,41.82193756100003],[128.9147033690001,41.82971954300007],[128.87411499000007,41.82555389400005],[128.83828735400004,41.89638519300007],[128.82162475600012,41.89499664300007],[128.8246765140001,41.906097412000065],[128.81079101600005,41.90998840300006],[128.8093109130001,41.92370224000007],[128.756607056,41.86985778800005],[128.65878295900006,41.88061523400006],[128.60932922400002,41.84809875500008],[128.49607849100005,41.85286331200007],[128.54658508300008,41.79933166500007],[128.559265137,41.77227020300006],[128.58538818400007,41.77229309100005],[128.61416626000005,41.729000092000035],[128.6303405760001,41.71818542500006],[128.65972900400004,41.718204498000034],[128.69183349600007,41.680332184000065],[128.67823791500007,41.642425537000065],[128.69044494600007,41.58287811300005],[128.68037414600008,41.563926697000056],[128.68232727100008,41.47189331100003],[128.65405273400006,41.43942260700004],[128.71708679200003,41.39071273800005],[128.70367431600005,41.366340637000064],[128.7099304200001,41.34739685100004],[128.77465820300006,41.30683517500006],[128.8036346440001,41.27708053600003],[128.8086395260001,41.170398712000065],[128.835784912,41.17832946800007],[128.86941528300008,41.16860199000007],[128.967468262,41.12193298300008],[128.98876953100012,41.098930359000065],[129.00692749000007,41.124710083000025],[128.9932098390001,41.185504913000045]]]},"properties":{"shapeName":"Paekam","shapeISO":"","shapeID":"82179303B39212929407944","shapeGroup":"PRK","shapeType":"ADM2"}},
{"type":"Feature","geometry":{"type":"Polygon","coordinates":[[[125.75444030800008,39.657714844000054],[125.72148895300006,39.718093872000054],[125.69226074200003,39.72381973300003],[125.66988372800006,39.74063491800007],[125.67155456500006,39.79903030400004],[125.63937377900004,39.815902710000046],[125.60921478300008,39.79518127400007],[125.55074310300006,39.79972457900004],[125.5270080570001,39.76926422100007],[125.51546478300008,39.708145142000035],[125.5607757570001,39.693981171000075],[125.5630874630001,39.66059112500005],[125.50391387900004,39.64702224700005],[125.42695074100004,39.58075895200005],[125.43446104400005,39.57099987300006],[125.49552917500012,39.57332611100003],[125.55159759500009,39.59676361100003],[125.578872681,39.601936340000066],[125.63471984900002,39.636383057000046],[125.68747711200001,39.62971496600005],[125.75444030800008,39.657714844000054]]]},"properties":{"shapeName":"Pakchon","shapeISO":"","shapeID":"82179303B99885007667227","shapeGroup":"PRK","shapeType":"ADM2"}},
{"type":"Feature","geometry":{"type":"Polygon","coordinates":[[[127.05554962200006,38.560226440000065],[127.07524108900009,38.57363891600005],[127.08884429900002,38.62743377700008],[127.0632171630001,38.667846680000025],[127.08962249800004,38.700084686000025],[127.09983062700007,38.74042892500006],[127.12594604500009,38.74575424200003],[127.2079010010001,38.79402160600006],[127.20713806200001,38.82273483300003],[127.19184875500002,38.81557846100003],[127.18218994100005,38.82636261000005],[127.1496429440001,38.82912445100004],[127.12735748300008,38.87760925300006],[127.10787200900006,38.883026123000036],[127.0426330570001,38.87509155300006],[126.99132537800006,38.92610931400003],[126.96555328400007,38.90832519500003],[126.906097412,38.90443420400004],[126.88136291500007,38.88916015600006],[126.87052917500012,38.869155884000065],[126.87573242200006,38.81194686900005],[126.86387634300002,38.77193450900006],[126.79165649400011,38.675827026000036],[126.75971984900002,38.65693664600008],[126.70082092300004,38.64360809300007],[126.67885589600007,38.62560272200005],[126.68221283000003,38.607772827000076],[126.70770263700001,38.58018875100004],[126.73340606700003,38.59318542500006],[126.7762374880001,38.638843536000024],[126.81213378900009,38.644153595000034],[126.83147430400004,38.625270844000056],[126.84061431900011,38.56605529800004],[126.86335754400011,38.56062316900005],[126.93228912400002,38.60892105100004],[126.97434234600007,38.581924438000044],[127.02669525100009,38.603340149000076],[127.05554962200006,38.560226440000065]]]},"properties":{"shapeName":"Phangyo","shapeISO":"","shapeID":"82179303B47367102754155","shapeGroup":"PRK","shapeType":"ADM2"}},
{"type":"Feature","geometry":{"type":"Polygon","coordinates":[[[124.65168762200005,40.108009338000045],[124.61266326900011,40.11379241900005],[124.59339141800001,40.12502670300006],[124.52426910400004,40.10595703100006],[124.4721374510001,40.111980438000046],[124.44223785400004,40.09251785300006],[124.43682098400006,40.017456055000025],[124.4202270510001,40.01271057100007],[124.42949676500007,39.989688873000034],[124.46501159700006,39.975578308000024],[124.5441741940001,40.00293731700003],[124.57029724100005,40.002788544000055],[124.6543197630001,39.97171783400006],[124.68378448500005,39.97432708700006],[124.70441436800002,40.01036453200004],[124.74089050300006,40.02962493900003],[124.73172760000011,40.051929474000076],[124.69995117200006,40.082698822000054],[124.70066833500005,40.10772705100004],[124.65168762200005,40.108009338000045]]]},"properties":{"shapeName":"Phihyon","shapeISO":"","shapeID":"82179303B32066025180418","shapeGroup":"PRK","shapeType":"ADM2"}},
{"type":"Feature","geometry":{"type":"Polygon","coordinates":[[[128.4337158200001,40.978553772000055],[128.3913421630001,40.99257278400006],[128.33239746100003,40.98170471200007],[128.30635070800008,40.98709869400005],[128.228363037,41.01411056500007],[128.21234130900007,41.03575515700004],[128.09808349600007,41.038383484000065],[128.06898498500004,41.060020447000056],[128.05963134800004,41.089786530000026],[128.0040588380001,41.087043762000064],[127.97771453900009,41.07078552200005],[127.96137237500011,41.07077026400003],[127.92581176800002,41.09510803200004],[127.79074859600007,41.11641311600005],[127.79470825200008,41.089714050000055],[127.77026367200006,41.02027130100004],[127.7405395510001,41.00332641600005],[127.70776367200006,41.004997253000056],[127.68997192400002,40.99443817100007],[127.71748352100008,40.95777130100004],[127.70748901400009,40.929161072000056],[127.60999298100012,40.86638641400003],[127.59471130400004,40.84387970000006],[127.62275695800008,40.769714355000076],[127.6733093260001,40.699996948000035],[127.70942688000002,40.68554687500006],[127.72387695300006,40.608886719000054],[127.77920532200005,40.60021209700005],[127.83430481000005,40.63487625100004],[127.87776947000009,40.705284119000055],[127.97666931200001,40.77031707800006],[127.98342895500002,40.786563873000034],[127.94467163100012,40.81631088300003],[127.94171905500002,40.83796310400004],[127.97141265900007,40.85963821400003],[128.03381347700008,40.88404846200007],[128.07612609900002,40.87324905400004],[128.151550293,40.89495468100006],[128.23925781200012,40.86253738400006],[128.29791259800004,40.85445785500008],[128.40730285600011,40.858177185000045],[128.44165039100005,40.92166137700008],[128.4337158200001,40.978553772000055]]]},"properties":{"shapeName":"Phungso","shapeISO":"","shapeID":"82179303B38580271965004","shapeGroup":"PRK","shapeType":"ADM2"}},
{"type":"Feature","geometry":{"type":"Polygon","coordinates":[[[127.25175021200005,38.32523609500004],[127.2918090820001,38.31295013400006],[127.36700872200004,38.324302731000046],[127.43866729700005,38.44103241000005],[127.46169281000005,38.462512970000034],[127.44901275600012,38.49482727100008],[127.47868347200006,38.52706146200006],[127.46910095200008,38.54591751100003],[127.45290374800004,38.55401992800006],[127.43656158400006,38.54867172200005],[127.40695190400004,38.521823883000025],[127.36478424100005,38.53805923500005],[127.34841156000005,38.53002166700003],[127.33180236800001,38.50045013400006],[127.31871032700008,38.49509811400003],[127.2796783450001,38.50056076000004],[127.2607650760001,38.55979919400005],[127.22167968700012,38.55988311800007],[127.17319488500004,38.59496307400008],[127.08884429900002,38.62743377700008],[127.07524108900009,38.57363891600005],[127.05554962200006,38.560226440000065],[127.01782226600005,38.47309112500005],[127.02793884300002,38.41497421300005],[127.0534744260001,38.366485596000075],[127.07299041700003,38.36375045800003],[127.10250854500009,38.38252639800004],[127.17089080800008,38.37969589200003],[127.2422103880001,38.347255707000045],[127.25175021200005,38.32523609500004]]]},"properties":{"shapeName":"Phyonggang","shapeISO":"","shapeID":"82179303B58088097152813","shapeGroup":"PRK","shapeType":"ADM2"}},
{"type":"Feature","geometry":{"type":"Polygon","coordinates":[[[126.54871368400006,38.38098907500006],[126.53578949000007,38.39177703900003],[126.54274749800004,38.43212890600006],[126.49733734100005,38.45105743400006],[126.448936462,38.49421310400004],[126.41304779100005,38.488903046000075],[126.38274383500004,38.47282409700006],[126.37355041500007,38.451313019000054],[126.35715484600007,38.440582275000054],[126.30485534700006,38.42454910300006],[126.25602722200006,38.427341461000026],[126.22599029500009,38.36012649500003],[126.189170837,38.355594635000045],[126.17326355000012,38.30372619600007],[126.19612121600005,38.30906295800003],[126.21555328400007,38.298259735000045],[126.20235443100012,38.28213882400007],[126.21835327100007,38.23580551100008],[126.2855377200001,38.23888397200005],[126.39414978000002,38.19915771500007],[126.418510437,38.17594909700006],[126.42622375500002,38.19825744600007],[126.4166793820001,38.21980285600006],[126.4398345950001,38.25204849200003],[126.43045806900011,38.28974151600005],[126.46018219000007,38.32735061600005],[126.51584625200007,38.35414505000006],[126.52913665800008,38.378337860000045],[126.54871368400006,38.38098907500006]]]},"properties":{"shapeName":"Phyongsan","shapeISO":"","shapeID":"82179303B46729479227191","shapeGroup":"PRK","shapeType":"ADM2"}},
{"type":"Feature","geometry":{"type":"Polygon","coordinates":[[[128.31974792500012,41.466228485000045],[128.36912536600005,41.49333190900006],[128.41795349100005,41.48253631600005],[128.46394348100011,41.50151443500005],[128.56759643600003,41.44203567500006],[128.65405273400006,41.43942260700004],[128.68232727100008,41.47189331100003],[128.68037414600008,41.563926697000056],[128.69044494600007,41.58287811300005],[128.67823791500007,41.642425537000065],[128.69183349600007,41.680332184000065],[128.65972900400004,41.718204498000034],[128.6303405760001,41.71818542500006],[128.61416626000005,41.729000092000035],[128.58538818400007,41.77229309100005],[128.559265137,41.77227020300006],[128.54658508300008,41.79933166500007],[128.49607849100005,41.85286331200007],[128.488616943,41.856136322000054],[128.451919556,41.80197143600003],[128.470809937,41.75326538100006],[128.46606445300006,41.65039444000007],[128.4097900390001,41.59621810900006],[128.36036682100007,41.56641387900004],[128.3088755670001,41.58332243900003],[128.31120374600005,41.57071032700003],[128.28593361700007,41.55067561300007],[128.29536325800007,41.536174266000046],[128.2810681840001,41.53348288900003],[128.2762911540001,41.52109011400006],[128.23197314000004,41.49271115700003],[128.29357910200008,41.46350479100005],[128.31974792500012,41.466228485000045]]]},"properties":{"shapeName":"Pochon","shapeISO":"","shapeID":"82179303B51146356154870","shapeGroup":"PRK","shapeType":"ADM2"}},
{"type":"Feature","geometry":{"type":"Polygon","coordinates":[[[126.03417205800008,38.09143066400003],[126.11865997300004,38.07108306900005],[126.18078613300008,38.09381866500007],[126.21987915000011,38.09373855600006],[126.33363342300004,38.069282532000045],[126.35305786100002,38.05847930900006],[126.38281250000011,38.06087875400004],[126.39526367200006,38.09387970000006],[126.37248230000012,38.09832763700007],[126.3783111570001,38.12748718300003],[126.41137695300006,38.14999389600007],[126.43221283000003,38.117767334000064],[126.44053649900002,38.123603821000074],[126.44193267800006,38.13999176000004],[126.418510437,38.17594909700006],[126.39414978000002,38.19915771500007],[126.2855377200001,38.23888397200005],[126.21835327100007,38.23580551100008],[126.15804290800008,38.20304870600006],[126.11971283000003,38.20610046400003],[126.08083343500005,38.175827026000036],[126.04525756800001,38.19193267800006],[125.99922943100012,38.17583465600006],[125.98245239300002,38.12921142600004],[126.02459716800001,38.110290527000075],[126.03417205800008,38.09143066400003]]]},"properties":{"shapeName":"Pongchon","shapeISO":"","shapeID":"82179303B59678099693620","shapeGroup":"PRK","shapeType":"ADM2"}},
{"type":"Feature","geometry":{"type":"Polygon","coordinates":[[[125.77590942400002,38.61400985700004],[125.77155304000007,38.511764526000036],[125.7649536130001,38.50370407100007],[125.719291687,38.49841690100004],[125.70709228500004,38.48619461100003],[125.75817871100003,38.47949981700003],[125.83252716100003,38.42552948000008],[125.87490081800001,38.42812728900003],[125.89101409900002,38.41195297200005],[125.91716003400006,38.419967651000036],[125.9308929440001,38.43669891400003],[125.92070770300006,38.446872711000026],[125.94042205800008,38.462974548000034],[126.00548553500005,38.45476913500005],[126.06449890100009,38.48962783800005],[126.07444000200007,38.505752563000044],[126.0715942380001,38.543430328000056],[126.09746551500007,38.59766769400005],[126.07233429000007,38.61339187600004],[126.043022156,38.61345672600004],[125.95812988300008,38.59479141200006],[125.90946197500011,38.61373138400006],[125.88988494900002,38.61108017000004],[125.8570861820001,38.589618683000026],[125.78469848600002,38.61937332200006],[125.77590942400002,38.61400985700004]]]},"properties":{"shapeName":"Pongsan","shapeISO":"","shapeID":"82179303B35443402904983","shapeGroup":"PRK","shapeType":"ADM2"}},
{"type":"Feature","geometry":{"type":"Polygon","coordinates":[[[127.28192901600005,39.01452636700003],[127.26252746600005,39.02801513700007],[127.27584838900009,39.054901123000036],[127.26944732700008,39.06567764300007],[127.22090148900008,39.09537506100003],[127.20000457800006,39.149925232000044],[127.16058349600007,39.16859436000004],[127.15333557100007,39.17355346700003],[127.1271286010001,39.16015243500004],[127.09472656200012,39.176368713000045],[127.06169891400009,39.17375183100006],[127.06247711200001,39.15499115000006],[126.99497985800008,39.123603821000074],[126.9820098880001,39.06920623800005],[126.9777679440001,39.038047791000054],[127.0197067260001,38.977485657000045],[127.01110839800003,38.947486877000074],[126.99132537800006,38.92610931400003],[127.0426330570001,38.87509155300006],[127.10787200900006,38.883026123000036],[127.12735748300008,38.87760925300006],[127.1496429440001,38.82912445100004],[127.18218994100005,38.82636261000005],[127.19184875500002,38.81557846100003],[127.20713806200001,38.82273483300003],[127.257865906,38.896171570000035],[127.28397369400011,38.90150070200008],[127.29695129400011,38.896091461000026],[127.31018066400009,38.91490173300008],[127.29753112800006,38.949909210000044],[127.28192901600005,39.01452636700003]]]},"properties":{"shapeName":"Popdong","shapeISO":"","shapeID":"82179303B73748645094132","shapeGroup":"PRK","shapeType":"ADM2"}},
{"type":"Feature","geometry":{"type":"Polygon","coordinates":[[[127.47116851800001,40.37559509300007],[127.65417480500003,40.38008880600006],[127.6805343630001,40.388278961000026],[127.70085144000006,40.41319656400003],[127.73405456500006,40.415840149000076],[127.72859191900011,40.47776794400005],[127.77249145500002,40.525268555000025],[127.76914978000002,40.56694030800003],[127.79498291000004,40.59693908700007],[127.77920532200005,40.60021209700005],[127.72387695300006,40.608886719000054],[127.70942688000002,40.68554687500006],[127.6733093260001,40.699996948000035],[127.62275695800008,40.769714355000076],[127.59471130400004,40.84387970000006],[127.60999298100012,40.86638641400003],[127.70748901400009,40.929161072000056],[127.71748352100008,40.95777130100004],[127.68997192400002,40.99443817100007],[127.70776367200006,41.004997253000056],[127.7405395510001,41.00332641600005],[127.77026367200006,41.02027130100004],[127.79470825200008,41.089714050000055],[127.79074859600007,41.11641311600005],[127.781661987,41.126098633000026],[127.73371887200005,41.13588333100006],[127.68359375000011,41.14527130100004],[127.64942932100007,41.14221954300007],[127.60887146000005,41.064994812000066],[127.50563049300001,41.07077789300007],[127.4871978760001,41.01444244400005],[127.43109130900007,40.98276519800004],[127.40165710400004,40.95416259800004],[127.3963775630001,40.92360687300004],[127.41730499300002,40.82725143400006],[127.47132873500004,40.72321701000004],[127.4501419070001,40.66771698000008],[127.4912338260001,40.62020111100003],[127.48263549800004,40.54793930100004],[127.45930481000005,40.53138351400003],[127.48685455300006,40.467258453000056],[127.47116851800001,40.37559509300007]]]},"properties":{"shapeName":"Pujon","shapeISO":"","shapeID":"82179303B63177642668058","shapeGroup":"PRK","shapeType":"ADM2"}},
{"type":"Feature","geometry":{"type":"Polygon","coordinates":[[[125.98503112800006,39.58230590800008],[126.001106262,39.56612777700008],[126.04019928000002,39.56604385400004],[126.08219909700006,39.53366851800007],[126.1344299320001,39.544322968000074],[126.21909332300004,39.54145431500007],[126.26444244400011,39.51714325000006],[126.352104187,39.49005127000004],[126.38555145300006,39.45713043200004],[126.41322326700003,39.41727066000004],[126.44908142100007,39.41988754300007],[126.4524536130001,39.43064498900003],[126.54825592000009,39.46223831200007],[126.49543762200005,39.48975753800005],[126.46009826700003,39.535575867000034],[126.50286865200007,39.57584762600004],[126.49682617200006,39.618915558000026],[126.47747802700007,39.63779068000008],[126.46362304700006,39.68995666500007],[126.42276001000005,39.699798584000064],[126.3641281130001,39.69992065400004],[126.29235076900011,39.68930435200008],[126.1973648070001,39.64106750500008],[126.19661712600009,39.57110214200003],[126.11511993400006,39.56589126600005],[126.0924606320001,39.57939147900004],[126.08297729500009,39.606319427000074],[126.03388214100005,39.58489608800005],[125.98503112800006,39.58230590800008]]]},"properties":{"shapeName":"Pukchang","shapeISO":"","shapeID":"82179303B65927505203644","shapeGroup":"PRK","shapeType":"ADM2"}},
{"type":"Feature","geometry":{"type":"Polygon","coordinates":[[[128.1893463130001,40.137847900000054],[128.26380920400004,40.115177155000026],[128.3236236570001,40.15098953200004],[128.38581848100011,40.15619659400005],[128.41407822500003,40.10774547700004],[128.4433889820001,40.10172609500006],[128.46911749600008,40.131380352000065],[128.52003428500007,40.13389164900008],[128.55007817000012,40.164462677000074],[128.58909211800005,40.17989152200005],[128.5803833010001,40.221832275000054],[128.56469726600005,40.24416732800006],[128.51977539100005,40.27223587000003],[128.5175476070001,40.30840301500007],[128.50497436500007,40.325164795000035],[128.42759704600007,40.360385895000036],[128.4273986820001,40.35342025800003],[128.32856750500002,40.32339096100003],[128.24238586400008,40.27938461300005],[128.13137817400002,40.28002166700003],[128.08168029800004,40.25527191200007],[128.12652587900004,40.22442245500008],[128.17820739700005,40.20465850800008],[128.19087219200003,40.19068527200005],[128.1893463130001,40.137847900000054]]]},"properties":{"shapeName":"Pukchong","shapeISO":"","shapeID":"82179303B88623362081426","shapeGroup":"PRK","shapeType":"ADM2"}},
{"type":"Feature","geometry":{"type":"Polygon","coordinates":[[[129.8613739010001,42.259986877000074],[129.8531494140001,42.27394866900005],[129.83682251000005,42.273937225000054],[129.7576293950001,42.21703720100004],[129.70980835000012,42.29820632900004],[129.69044494600007,42.31443786600005],[129.63508606000005,42.325229645000036],[129.59904480000012,42.317081451000035],[129.52645874000007,42.265598297000054],[129.4996337890001,42.21685409500003],[129.5514221190001,42.184406281000065],[129.57995605500003,42.12487411500007],[129.52976989700005,42.040927887000066],[129.56172180200008,41.99222946200007],[129.66915893600003,41.96794128400006],[129.7141723630001,41.91924667400008],[129.78979492200006,41.954486847000055],[129.79414367700008,42.030284882000046],[129.8306427000001,42.07091522200005],[129.82469177200005,42.111511230000076],[129.858093262,42.162967682000044],[129.8613739010001,42.259986877000074]]]},"properties":{"shapeName":"Puryong","shapeISO":"","shapeID":"82179303B95814990753322","shapeGroup":"PRK","shapeType":"ADM2"}},
{"type":"Feature","geometry":{"type":"Polygon","coordinates":[[[125.43892669700006,40.34268951400003],[125.46592712400002,40.373126984000066],[125.47348785400004,40.40924072300004],[125.59900665300006,40.39446258500004],[125.57527160600011,40.42360687300004],[125.59304809600008,40.48304748500004],[125.61331176800002,40.51361084000007],[125.59275817900004,40.57332611100003],[125.54637146000005,40.569442749000075],[125.49859619100005,40.61554718000008],[125.41125743000009,40.65439344300006],[125.41857941400008,40.63371502600006],[125.40531243200007,40.62434759400003],[125.36633985600008,40.649224822000065],[125.32527835200005,40.637071062000075],[125.28273036900009,40.65540320100007],[125.26825848900012,40.646330446000036],[125.25541715100007,40.61400445700008],[125.18424955300009,40.60345177100004],[125.12780031800003,40.57243020800007],[125.22811889600007,40.507984161000024],[125.29821014400011,40.446395874000075],[125.42021179200003,40.373386383000025],[125.43892669700006,40.34268951400003]]]},"properties":{"shapeName":"Pyokdong","shapeISO":"","shapeID":"82179303B48679015064508","shapeGroup":"PRK","shapeType":"ADM2"}},
{"type":"Feature","geometry":{"type":"Polygon","coordinates":[[[125.61116027800006,38.13536453200004],[125.60182189900002,38.17574691800007],[125.54006958000002,38.189331055000025],[125.50452423100012,38.216316223000035],[125.46209716800001,38.208328247000054],[125.37437439000007,38.23004150400004],[125.3582687380001,38.219066620000035],[125.30538940400004,38.17636489900008],[125.32733154300001,38.09559249900008],[125.32660675000011,38.02832031200006],[125.35584259000007,38.020183563000046],[125.3782348630001,37.982467651000036],[125.40409851100003,37.96357727100008],[125.4433822630001,37.98233032200005],[125.5709164860001,38.017084271000044],[125.56060683800001,38.02468060900003],[125.58078666300003,38.03662851800004],[125.57823944100005,38.10314559900007],[125.61116027800006,38.13536453200004]]]},"properties":{"shapeName":"Pyoksong","shapeISO":"","shapeID":"82179303B11091889229707","shapeGroup":"PRK","shapeType":"ADM2"}},
{"type":"Feature","geometry":{"type":"Polygon","coordinates":[[[126.03942871100003,39.232818604000045],[125.98199462900004,39.30245590200008],[125.97562408400006,39.315925598000035],[125.9920806880001,39.33203506500007],[125.98662567100007,39.343574524000076],[125.94048309300001,39.38058090200008],[125.90145111100003,39.386039734000065],[125.80865478500004,39.43173980700004],[125.80096435500002,39.400341034000064],[125.83289337200006,39.372726440000065],[125.78012085000012,39.31094741800007],[125.75895690900006,39.26651382400007],[125.78970336900011,39.22887420700005],[125.82704925500002,39.22008132900004],[125.85448455800008,39.239746094000054],[125.88574218700012,39.22157669100005],[125.92498779300001,39.23471832300004],[125.94831848100011,39.22721099900008],[125.97302246100003,39.203506470000036],[126.02469635000011,39.21360778800005],[126.03942871100003,39.232818604000045]]]},"properties":{"shapeName":"Pyongsong City","shapeISO":"","shapeID":"82179303B57975227411207","shapeGroup":"PRK","shapeType":"ADM2"}},
{"type":"Feature","geometry":{"type":"Polygon","coordinates":[[[125.48159790000011,39.16417312600004],[125.54096984900002,39.184970856000064],[125.56047821000004,39.18223953200004],[125.58360290500002,39.21179199200003],[125.634819031,39.20092010500008],[125.61943054200003,39.22721099900008],[125.63081359900002,39.24748992900004],[125.72191619900002,39.28333282500006],[125.75895690900006,39.26651382400007],[125.78012085000012,39.31094741800007],[125.83289337200006,39.372726440000065],[125.80096435500002,39.400341034000064],[125.73543548600003,39.39714813200004],[125.692512512,39.34341812100007],[125.65024566700004,39.35158157300003],[125.611045837,39.34090042100007],[125.58807373000002,39.324798584000064],[125.51317596400008,39.32764816300005],[125.45809686600012,39.32060911100007],[125.40551870600007,39.29383175100003],[125.40129173800005,39.27925509700003],[125.4259856110001,39.27837106900006],[125.43237353800009,39.25376887200008],[125.40411408200009,39.264098914000044],[125.38440023800001,39.24314742900003],[125.38789788800011,39.23276971800004],[125.4044723510001,39.21485137900004],[125.4108963010001,39.20676803600003],[125.48159790000011,39.16417312600004]]]},"properties":{"shapeName":"Pyongwon","shapeISO":"","shapeID":"82179303B73199246171338","shapeGroup":"PRK","shapeType":"ADM2"}},
{"type":"Feature","geometry":{"type":"Polygon","coordinates":[[[125.60594177200005,38.93884658800005],[125.67201232900004,38.950588226000036],[125.70130157500012,38.946762085000046],[125.71104431200001,38.945125580000024],[125.72372436500007,38.91280746500007],[125.74641418500005,38.90199661300005],[125.79225921600005,38.923427582000045],[125.82154083300009,38.920681],[125.86034393300008,38.89368820200008],[125.89969635000011,38.917823792000036],[125.92891693100012,38.909690857000044],[125.96190643300008,38.947296143000074],[125.94936370800008,38.993068695000034],[125.95604705800008,39.00920105000006],[126.04231262200005,39.008041382000044],[126.05175781200012,39.04768371600005],[126.04191589400011,39.076152802000024],[125.99467468300008,39.14356994600007],[125.97302246100003,39.203506470000036],[125.94831848100011,39.22721099900008],[125.92498779300001,39.23471832300004],[125.88574218700012,39.22157669100005],[125.85979461700003,39.18521499600007],[125.82704925500002,39.22008132900004],[125.78970336900011,39.22887420700005],[125.75895690900006,39.26651382400007],[125.72191619900002,39.28333282500006],[125.63081359900002,39.24748992900004],[125.61943054200003,39.22721099900008],[125.634819031,39.20092010500008],[125.63388061500007,39.14694213900003],[125.66665649400011,39.12276458700006],[125.57859802200005,39.06526947000003],[125.5788650510001,39.010272980000025],[125.60594177200005,38.93884658800005]]]},"properties":{"shapeName":"Pyongyang","shapeISO":"","shapeID":"82179303B55999426557094","shapeGroup":"PRK","shapeType":"ADM2"}},
{"type":"Feature","geometry":{"type":"Polygon","coordinates":[[[127.69088321900006,39.83353039000008],[127.71914668900001,39.84759398700004],[127.74891554300007,39.84402185500005],[127.79026844900011,39.85558953700007],[127.7713469570001,39.89174959200005],[127.8037253330001,39.872274763000064],[127.81201883400001,39.88159308200005],[127.82436249600005,39.874507755000025],[127.86035229400011,39.89014196900007],[127.88009560600005,39.88277833600006],[127.87110797900004,39.900963137000076],[127.88291140100011,39.92410504900005],[127.8697131780001,39.93649455000008],[127.88722369300001,39.96851242900004],[127.88775634800004,39.983829498000034],[127.77006530800008,39.97925567600004],[127.76567077600009,39.94002914400005],[127.70140838600003,39.86251831100003],[127.69088321900006,39.83353039000008]]]},"properties":{"shapeName":"Rakwon","shapeISO":"","shapeID":"82179303B33699377246047","shapeGroup":"PRK","shapeType":"ADM2"}},
{"type":"Feature","geometry":{"type":"Polygon","coordinates":[[[126.92771911600005,40.95751953100006],[126.92964172400002,40.924671173000036],[126.9131851200001,40.87097549400005],[126.90363311800002,40.79975509600007],[126.95557403600003,40.78345108000008],[126.96614837600009,40.767829895000034],[126.9715728760001,40.756233215000066],[126.95465087900004,40.696315765000065],[126.98675537100007,40.65276718100006],[126.95344543500005,40.58466720600006],[126.965950012,40.535663605000025],[126.95922851600005,40.51659774800004],[126.98448944100005,40.46258544900007],[127.00998687700007,40.48721313500005],[127.00610351600005,40.54804992700008],[127.01693725600012,40.56276702900004],[127.06720733600002,40.57610321000004],[127.12359619100005,40.615272522000055],[127.20583343500005,40.62860107400007],[127.24803161600005,40.72470855700004],[127.30721283000003,40.746658325000055],[127.33748626700003,40.76943969700005],[127.3947067260001,40.78388214100005],[127.41730499300002,40.82725143400006],[127.3963775630001,40.92360687300004],[127.40165710400004,40.95416259800004],[127.43109130900007,40.98276519800004],[127.4871978760001,41.01444244400005],[127.50563049300001,41.07077789300007],[127.50026702900004,41.14221954300007],[127.4877624510001,41.162490845000036],[127.46804809600008,41.17054748500004],[127.38777160600011,41.15082550000005],[127.34443664600008,41.10471344000007],[127.30386352500011,41.101104736000025],[127.23063659700006,41.112178802000074],[127.19500732400002,41.13504409800004],[127.12899780300006,41.03953170800003],[127.10939025900007,41.02859115600006],[127.06055450400004,41.02567291300005],[127.04747009300002,41.017471313000044],[127.00803375200007,40.963008881000064],[126.97879028300008,40.97103118900003],[126.92771911600005,40.95751953100006]]]},"properties":{"shapeName":"Rangrim","shapeISO":"","shapeID":"82179303B57192008066519","shapeGroup":"PRK","shapeType":"ADM2"}},
{"type":"Feature","geometry":{"type":"MultiPolygon","coordinates":[[[[130.20663385900002,42.17577767600005],[130.23236219900002,42.17739642400005],[130.29992819900008,42.23533305800004],[130.31483554500005,42.21759354500006],[130.30638160900003,42.18481899300008],[130.31130925200011,42.179442788000074],[130.33010959900002,42.18971716800007],[130.3306269200001,42.20990904200005],[130.36994983400007,42.23171181300006],[130.36570649500004,42.250836305000064],[130.3775950470001,42.25718821600003],[130.3826307370001,42.25019129100008],[130.400956328,42.250836305000064],[130.38249322100012,42.28306734300003],[130.38566590300002,42.294124252000074],[130.40623430800008,42.290254170000026],[130.39720084200007,42.29750975500008],[130.40159479300007,42.31629700600007],[130.38566590300002,42.328139718000045],[130.4020400820001,42.330516774000046],[130.45397841500005,42.304126875000065],[130.4616694670001,42.32706578700004],[130.48671040300007,42.33713389400003],[130.51156471100012,42.33273339400006],[130.5270843290001,42.317681984000046],[130.57634110800007,42.31301627600004],[130.60978686800001,42.28272355400003],[130.59097342300004,42.27295339700004],[130.5920702740001,42.25402863100004],[130.62147569400008,42.272049723000066],[130.63580351000007,42.267865320000055],[130.67486448900002,42.283614131000036],[130.64613355100005,42.33892159700008],[130.66001935300005,42.36755431000006],[130.6478721410001,42.39798782200006],[130.61260921200005,42.42943633100003],[130.5647897980001,42.44022475700007],[130.56384355900002,42.46479421200007],[130.58357377400012,42.47904344700004],[130.54914903500003,42.49540780400008],[130.54927018,42.52293057000003],[130.52720547400008,42.54165561100007],[130.51135188900003,42.58123063700003],[130.51322799500008,42.61632003500006],[130.47474654600012,42.61693230700007],[130.45774699800006,42.59392463700004],[130.4766095550001,42.557289825000055],[130.44072070700008,42.54839178100008],[130.41983032200005,42.53593826300005],[130.39845275900007,42.49629211400003],[130.28022766100003,42.45019149800004],[130.30265808100012,42.42043304400005],[130.29258728000002,42.40147781400003],[130.2695007320001,42.385219574000075],[130.22618103000002,42.32563781700003],[130.18696594200003,42.32290267900004],[130.17399597200006,42.30601882900004],[130.1597900390001,42.24980163600003],[130.172622681,42.23356246900005],[130.1817169190001,42.18484878500004],[130.20663385900002,42.17577767600005]]],[[[130.2757581940001,42.14450727600007],[130.2880691150001,42.152217972000074],[130.27921900400008,42.17163059200004],[130.26339816100005,42.160239716000035],[130.2757581940001,42.14450727600007]]]]},"properties":{"shapeName":"Rason City","shapeISO":"","shapeID":"82179303B91931790309769","shapeGroup":"PRK","shapeType":"ADM2"}},
{"type":"Feature","geometry":{"type":"Polygon","coordinates":[[[125.99922943100012,38.17583465600006],[126.04525756800001,38.19193267800006],[126.08083343500005,38.175827026000036],[126.11971283000003,38.20610046400003],[126.15804290800008,38.20304870600006],[126.21835327100007,38.23580551100008],[126.20235443100012,38.28213882400007],[126.21555328400007,38.298259735000045],[126.19612121600005,38.30906295800003],[126.17326355000012,38.30372619600007],[126.189170837,38.355594635000045],[126.13803863500004,38.360313416000054],[126.08948516800001,38.390010834000066],[126.06340026900011,38.38737487800006],[126.00548553500005,38.45476913500005],[125.94042205800008,38.462974548000034],[125.92070770300006,38.446872711000026],[125.9308929440001,38.43669891400003],[125.94657135000011,38.42797851600005],[125.94642639200003,38.41452789300007],[125.9229507450001,38.35268402100007],[125.925498962,38.28540420500008],[125.89600372300004,38.269321442000034],[125.86870575000012,38.26562118500004],[125.90165710400004,38.24499511700003],[125.92109680200008,38.18138122600004],[125.94256591800001,38.169284821000076],[125.99922943100012,38.17583465600006]]]},"properties":{"shapeName":"Rinsan","shapeISO":"","shapeID":"82179303B26506354510144","shapeGroup":"PRK","shapeType":"ADM2"}},
{"type":"Feature","geometry":{"type":"Polygon","coordinates":[[[128.58909211800005,40.17989152200005],[128.63268903100004,40.18113808100003],[128.6496885790001,40.20845457300004],[128.65551662200005,40.189595291000046],[128.6624284180001,40.19359306600006],[128.6595929770001,40.226279215000034],[128.6679061220001,40.23593477500003],[128.61853147300008,40.276495329000056],[128.634231171,40.30938775200008],[128.65662984300002,40.31580842000005],[128.6642619590001,40.307167857000024],[128.6969612050001,40.332300470000064],[128.7523505250001,40.33929412100008],[128.76808296500008,40.351310365000074],[128.7789139560001,40.34524658200007],[128.8091280980001,40.35168362200005],[128.89108720800004,40.390024244000074],[128.78514099100005,40.41534042400008],[128.70429992700008,40.44361496000005],[128.67547607400002,40.46324920700005],[128.61558532700008,40.42465591400003],[128.59591674800004,40.42198562600004],[128.4863739010001,40.465080261000026],[128.4531250000001,40.453395844000056],[128.4160156250001,40.41188812300004],[128.42759704600007,40.360385895000036],[128.50497436500007,40.325164795000035],[128.5175476070001,40.30840301500007],[128.51977539100005,40.27223587000003],[128.56469726600005,40.24416732800006],[128.5803833010001,40.221832275000054],[128.58909211800005,40.17989152200005]]]},"properties":{"shapeName":"Riwon","shapeISO":"","shapeID":"82179303B95293101027847","shapeGroup":"PRK","shapeType":"ADM2"}},
{"type":"Feature","geometry":{"type":"MultiPolygon","coordinates":[[[[124.34047018500007,39.87900975400004],[124.3427490150001,39.885427148000076],[124.3252190500001,39.891946043000075],[124.34047018500007,39.87900975400004]]],[[[124.36060312400002,39.93966068300006],[124.36019057800002,39.952240086000074],[124.3480531890001,39.933364433000065],[124.36060312400002,39.93966068300006]]],[[[124.4202270510001,40.01271057100007],[124.36604685600003,40.01805848400005],[124.35810819900007,40.00092061000004],[124.37174843700006,40.00000056500005],[124.36821887000008,39.95285563200008],[124.40086245400005,39.95164745900007],[124.3800419370001,39.94931951700005],[124.33099470600007,39.92345021300008],[124.3158810860001,39.90345806300007],[124.35766767900009,39.880865355000026],[124.35184478800011,39.90113449100005],[124.3750228880001,39.91212844800003],[124.414604187,39.925804138000046],[124.45378112800006,39.92558288600003],[124.46501159700006,39.975578308000024],[124.42949676500007,39.989688873000034],[124.4202270510001,40.01271057100007]]]]},"properties":{"shapeName":"Ryongchon","shapeISO":"","shapeID":"82179303B54196732560859","shapeGroup":"PRK","shapeType":"ADM2"}},
{"type":"Feature","geometry":{"type":"Polygon","coordinates":[[[125.60358429000007,38.73306274400005],[125.57998657200005,38.74721527100007],[125.57514953600003,38.78044891400003],[125.56873321500007,38.80089569100005],[125.54891204800003,38.80715179400005],[125.53731536900011,38.79792022700008],[125.51926422100007,38.79808425900006],[125.488128662,38.81373214700005],[125.48867797900004,38.84629821800007],[125.52185058600003,38.84864807100007],[125.53634643600003,38.86427688600003],[125.44016265900007,38.89725112900004],[125.42410278300008,38.918811798000036],[125.36879730200008,38.925659180000025],[125.36869812000009,38.916236877000074],[125.29647827100007,38.865257263000046],[125.29540252700008,38.79107284500003],[125.39037323000002,38.81124496500007],[125.42265319800003,38.78426742600004],[125.4618606570001,38.794952393000074],[125.50738525400004,38.78678512600004],[125.5427856450001,38.74634933500005],[125.57846832300004,38.73281478900003],[125.6169281010001,38.70061111500007],[125.61804199200003,38.71972656200006],[125.60358429000007,38.73306274400005]]]},"properties":{"shapeName":"Ryonggang","shapeISO":"","shapeID":"82179303B96536489392823","shapeGroup":"PRK","shapeType":"ADM2"}},
{"type":"Feature","geometry":{"type":"Polygon","coordinates":[[[126.98448944100005,40.46258544900007],[126.95922851600005,40.51659774800004],[126.965950012,40.535663605000025],[126.95344543500005,40.58466720600006],[126.98675537100007,40.65276718100006],[126.95465087900004,40.696315765000065],[126.9715728760001,40.756233215000066],[126.96614837600009,40.767829895000034],[126.89300537100007,40.76137161300005],[126.83454895000011,40.737075806000064],[126.81137085000012,40.70166015600006],[126.74938964800003,40.69344711300005],[126.73947143600003,40.67982482900004],[126.7519760130001,40.63082122800006],[126.7027359010001,40.595382690000065],[126.6570968630001,40.592632294000055],[126.56626129200004,40.62796783400006],[126.5380325320001,40.62704467800006],[126.5074234010001,40.608863831000065],[126.49747467000009,40.59252166700003],[126.48080444300001,40.55710983300003],[126.48019409200003,40.49992370600006],[126.46704864500009,40.48902130100004],[126.46687316900011,40.47268295300006],[126.51866912800006,40.44276428200004],[126.52770996100003,40.39668273900003],[126.57984161400009,40.37473297100007],[126.6582260130001,40.39384841900005],[126.67422485400004,40.36662674000007],[126.70342254600007,40.355754852000075],[126.72261810300006,40.32309722900004],[126.71258544900002,40.29858017000004],[126.72805786100002,40.222343445000035],[126.75302124000007,40.19157409700006],[126.80747985800008,40.201934814000026],[126.82666015600012,40.25193786600005],[126.88553619400011,40.288887024000076],[126.91118621800001,40.334693909000066],[126.9421997070001,40.42749023400006],[126.98448944100005,40.46258544900007]]]},"properties":{"shapeName":"Ryongrim","shapeISO":"","shapeID":"82179303B90804961571919","shapeGroup":"PRK","shapeType":"ADM2"}},
{"type":"Feature","geometry":{"type":"Polygon","coordinates":[[[124.99641105400008,38.22005356600005],[124.95321679200003,38.21900980100003],[124.95036170600008,38.20736353900003],[124.93344073800006,38.20369973000004],[124.94228430100009,38.19601850200007],[124.91539672700003,38.187217503000056],[124.91272826900001,38.212458164000054],[124.87847051300002,38.21176403800007],[124.8662185280001,38.23758750400003],[124.80415315300002,38.18110788100006],[124.82573655400006,38.18701777800004],[124.82765849800012,38.18149423500006],[124.79895047900004,38.16719588600006],[124.77687922500002,38.18098673700007],[124.73668537900005,38.141837354000074],[124.72178785500012,38.13514165400005],[124.6664902120001,38.13991213600008],[124.654343,38.12515867600007],[124.69172759900005,38.10892201200005],[124.79028372200003,38.09398192400005],[124.85545302100002,38.10621099000008],[124.8809523430001,38.12031616200005],[124.87404709500004,38.122928959000035],[124.88559840500011,38.135377395000035],[124.88655119200007,38.12482471000004],[124.99047697200001,38.07826585500004],[125.00662850700007,38.061538065000036],[125.01760028700005,38.072837263000054],[125.04440273300008,38.06626598200006],[125.12580869600004,38.091179225000076],[125.1426692770001,38.08704125500003],[125.17774200400004,38.120121002000076],[125.15544891400009,38.16760253900003],[125.10994720500003,38.176769257000046],[125.03542327900004,38.21459579500004],[124.99641105400008,38.22005356600005]]]},"properties":{"shapeName":"Ryongyon","shapeISO":"","shapeID":"82179303B51657859086197","shapeGroup":"PRK","shapeType":"ADM2"}},
{"type":"Feature","geometry":{"type":"Polygon","coordinates":[[[125.00204405000011,40.46393256400006],[124.982789195,40.46894186700007],[124.93937028000005,40.452862364000055],[124.91992819300003,40.45455184100007],[124.90529587800006,40.46259323000004],[124.90602274700007,40.480106824000075],[124.89703512000006,40.48066998300004],[124.85621590500011,40.42693412400007],[124.79833820700003,40.394961747000025],[124.75070869600006,40.380980994000026],[124.7363219450001,40.36735057800007],[124.72128363100012,40.321315593000065],[124.66949818500007,40.30045998400004],[124.72703552200005,40.22994613600008],[124.75609588600003,40.21865463300003],[124.76828002900004,40.18799591100003],[124.80746460000012,40.187770844000056],[124.83740997300004,40.207069397000055],[124.90534210200008,40.18443298300008],[124.94445037800006,40.181423187000064],[124.9668960570001,40.19207763700007],[124.9763031010001,40.26745986900005],[125.01516723600002,40.256111145000034],[125.07163238500004,40.289165497000056],[125.10411834700005,40.283416748000036],[125.11821746800001,40.31949234000007],[125.16440582300004,40.335910797000054],[125.17863464400011,40.35886764500003],[125.11335754400011,40.37792587300004],[125.05546569800003,40.408847809000065],[125.00204405000011,40.46393256400006]]]},"properties":{"shapeName":"Sakju","shapeISO":"","shapeID":"82179303B80718033581165","shapeGroup":"PRK","shapeType":"ADM2"}},
{"type":"Feature","geometry":{"type":"Polygon","coordinates":[[[125.27518463100012,38.445182800000055],[125.21331024200003,38.39989852900004],[125.18693542500012,38.370357513000044],[125.18676757800006,38.35421752900004],[125.20239257800006,38.292289734000065],[125.17829895000011,38.26222991900005],[125.17902374300002,38.25121307400008],[125.2281036380001,38.25994491600005],[125.28671264600007,38.257133484000065],[125.34182739300002,38.232795715000066],[125.34845733600002,38.243549347000055],[125.32265472400002,38.26781845100004],[125.32306671100002,38.30549240100004],[125.34595489500009,38.31351470900006],[125.36578369100005,38.340385437000066],[125.34998321500007,38.38616561900005],[125.36021423300008,38.42919540400004],[125.32775878900009,38.44002914400005],[125.29835510300006,38.432014465000066],[125.27518463100012,38.445182800000055]]]},"properties":{"shapeName":"Samchon","shapeISO":"","shapeID":"82179303B40793124111890","shapeGroup":"PRK","shapeType":"ADM2"}},
{"type":"Feature","geometry":{"type":"Polygon","coordinates":[[[128.488616943,41.856136322000054],[128.54493713400007,41.91302108800005],[128.55516052200005,41.94280242900004],[128.54922485400004,41.983402252000076],[128.5650222390001,41.99795463600003],[128.54115275300012,42.004496747000076],[128.488936114,41.99741142000005],[128.4629980520001,42.00804268600007],[128.44222992200002,42.02935760400004],[128.32810834200006,42.03843363400006],[128.23875266800007,42.03082116300004],[128.186860173,42.00884486000007],[128.15147282500004,42.00345555800004],[128.11572204200002,41.97715406200007],[128.09620792400005,41.992726067000035],[128.08135951300005,41.99404228800006],[128.07160900200006,41.982766008000056],[128.0665143760001,41.96128083200006],[128.08485306400007,41.90466042000003],[128.1029199950001,41.882432005000055],[128.09704611400002,41.83674080900005],[128.10667548000004,41.79040787300005],[128.1412049930001,41.777618922000045],[128.1402587550001,41.749392208000074],[128.16235292800002,41.712105834000056],[128.18397562000007,41.708307784000056],[128.20219316300006,41.68468456800008],[128.2427209760001,41.67818531900008],[128.25232087400002,41.664604016000055],[128.2631387680001,41.66506240100006],[128.26341380000008,41.65525950400007],[128.27248982900005,41.65615335500007],[128.2802267190001,41.623539238000035],[128.29791384500004,41.62605380900004],[128.2997604830001,41.614646562000075],[128.28794723800002,41.60994811200004],[128.31117100400002,41.600063360000036],[128.3088755670001,41.58332243900003],[128.36036682100007,41.56641387900004],[128.4097900390001,41.59621810900006],[128.46606445300006,41.65039444000007],[128.470809937,41.75326538100006],[128.451919556,41.80197143600003],[128.488616943,41.856136322000054]]]},"properties":{"shapeName":"Samjiyon","shapeISO":"","shapeID":"82179303B58303989641607","shapeGroup":"PRK","shapeType":"ADM2"}},
{"type":"Feature","geometry":{"type":"Polygon","coordinates":[[[128.1818660250001,41.409790583000074],[128.15035960300008,41.38181300200006],[128.12005705800004,41.37779558200003],[128.1069472370001,41.360648696000055],[128.0849774830001,41.37164994400007],[128.10331617100007,41.38430465300007],[128.09713779100002,41.39630125300005],[128.09655826100004,41.389667762000045],[128.0792378430001,41.390541968000036],[128.07554784100012,41.37626981300008],[128.06498860800002,41.39250647700004],[128.03231882900002,41.39102327300003],[128.03953512400005,41.41515071300006],[128.02970930700008,41.41899132700007],[128.01690725900005,41.40886755900004],[128.01332203100003,41.425320319000036],[127.99704607700005,41.42732739200005],[128.0093373530001,41.444520117000025],[127.99768126800006,41.442905945000064],[127.9768024120001,41.41544335700007],[127.91326904300001,41.36037445100004],[127.86755371100003,41.360343933000024],[127.84352874800004,41.279121399000076],[127.81413269000006,41.27909851100003],[127.80729675300006,41.25743866000005],[127.7648773190001,41.260116577000076],[127.75170135500002,41.25198745700004],[127.73371887200005,41.13588333100006],[127.781661987,41.126098633000026],[127.79074859600007,41.11641311600005],[127.92581176800002,41.09510803200004],[127.96137237500011,41.07077026400003],[127.97771453900009,41.07078552200005],[128.0040588380001,41.087043762000064],[128.05963134800004,41.089786530000026],[128.06898498500004,41.060020447000056],[128.09808349600007,41.038383484000065],[128.15394592300004,41.06278228800005],[128.171081543,41.11964416500007],[128.16168212900004,41.146705627000074],[128.11634826700003,41.173740387000066],[128.11000061000004,41.18727111800007],[128.12715148900008,41.24412918100006],[128.16987609900002,41.26310730000006],[128.23841857900004,41.26044845600006],[128.20614624000007,41.287490845000036],[128.20338439900002,41.32268142700008],[128.17745971700003,41.33619689900007],[128.1818660250001,41.409790583000074]]]},"properties":{"shapeName":"Samsu","shapeISO":"","shapeID":"82179303B33326321250637","shapeGroup":"PRK","shapeType":"ADM2"}},
{"type":"Feature","geometry":{"type":"Polygon","coordinates":[[[125.90400695800008,38.80090332000003],[125.93414306600005,38.78221130400004],[125.94136047400002,38.74110412600004],[125.96887207000009,38.73721313500005],[126.03221130400004,38.70777130100004],[126.10331726100003,38.70943450900006],[126.1483306880001,38.75054931600005],[126.17565918000003,38.75913238500004],[126.20082092300004,38.76166534400005],[126.21665954600007,38.77332305900006],[126.2149963380001,38.830825806000064],[126.1733093260001,38.879158020000034],[126.12442016600005,38.903602600000056],[126.11698913600003,38.94212341300005],[126.04231262200005,39.008041382000044],[125.95604705800008,39.00920105000006],[125.94936370800008,38.993068695000034],[125.96190643300008,38.947296143000074],[125.92891693100012,38.909690857000044],[125.92168426500007,38.84243011500007],[125.89495849600007,38.80448913600003],[125.90400695800008,38.80090332000003]]]},"properties":{"shapeName":"Sangwon","shapeISO":"","shapeID":"82179303B39263220364420","shapeGroup":"PRK","shapeType":"ADM2"}},
{"type":"Feature","geometry":{"type":"Polygon","coordinates":[[[125.63518524200003,38.646793365000065],[125.64188385000011,38.63946151700003],[125.65582275400004,38.61749267600004],[125.6624908450001,38.53193664600008],[125.68221283000003,38.515830994000055],[125.6780395510001,38.50083160400004],[125.69727325400004,38.48939895600006],[125.70709228500004,38.48619461100003],[125.719291687,38.49841690100004],[125.7649536130001,38.50370407100007],[125.77155304000007,38.511764526000036],[125.77590942400002,38.61400985700004],[125.75630188000002,38.60866928100006],[125.69470214800003,38.635704041000054],[125.63518524200003,38.646793365000065]]]},"properties":{"shapeName":"Sariwon City","shapeISO":"","shapeID":"82179303B86388706464223","shapeGroup":"PRK","shapeType":"ADM2"}},
{"type":"Feature","geometry":{"type":"Polygon","coordinates":[[[127.6096801760001,38.584674835000044],[127.59355163600003,38.607547760000045],[127.58747100800008,38.64792251600005],[127.51946258500004,38.68574142500006],[127.47400665300006,38.69928741500007],[127.42521667500012,38.770198822000054],[127.39020538300008,38.78287887600004],[127.34520721400008,38.83948135400004],[127.30948638900009,38.850318909000066],[127.29666137700008,38.86918258700007],[127.29695129400011,38.896091461000026],[127.28397369400011,38.90150070200008],[127.257865906,38.896171570000035],[127.20713806200001,38.82273483300003],[127.2079010010001,38.79402160600006],[127.12594604500009,38.74575424200003],[127.09983062700007,38.74042892500006],[127.08962249800004,38.700084686000025],[127.0632171630001,38.667846680000025],[127.08884429900002,38.62743377700008],[127.17319488500004,38.59496307400008],[127.22167968700012,38.55988311800007],[127.2607650760001,38.55979919400005],[127.2796783450001,38.50056076000004],[127.31871032700008,38.49509811400003],[127.33180236800001,38.50045013400006],[127.34841156000005,38.53002166700003],[127.36478424100005,38.53805923500005],[127.40695190400004,38.521823883000025],[127.43656158400006,38.54867172200005],[127.45290374800004,38.55401992800006],[127.46910095200008,38.54591751100003],[127.5249786380001,38.59154510500008],[127.57977294900002,38.53761291500007],[127.59358215300006,38.54887771600005],[127.5997848510001,38.58062362700008],[127.6096801760001,38.584674835000044]]]},"properties":{"shapeName":"Sepho","shapeISO":"","shapeID":"82179303B30150640587931","shapeGroup":"PRK","shapeType":"ADM2"}},
{"type":"Feature","geometry":{"type":"Polygon","coordinates":[[[126.54347229000007,41.15304946900005],[126.51666259800004,41.16709518400006],[126.45793914800004,41.15888214100005],[126.42215728800011,41.16430664100005],[126.3598861690001,41.128864288000045],[126.317512512,41.126113892000035],[126.27146148700001,41.08523178100006],[126.25476837200006,41.04710006700003],[126.28379821800002,41.01988983200005],[126.28045654300001,41.01171493500004],[126.267425537,41.01170730600006],[126.26401519800004,40.998092651000036],[126.2378692630001,40.98990249600007],[126.23764038100012,40.96812057500006],[126.20514679000007,40.953227997000056],[126.23714447000009,40.921825409000064],[126.31491088900009,40.88375473000008],[126.35031127900004,40.84293746900005],[126.37317657500012,40.84840011600005],[126.44661712600009,40.89917373700007],[126.50757598900009,40.92745971700003],[126.51427459700005,40.94380569500004],[126.50484466600005,40.976474762000066],[126.55447387700008,41.04730987500005],[126.52876281700003,41.07996749900008],[126.54347229000007,41.15304946900005]]]},"properties":{"shapeName":"Sijung","shapeISO":"","shapeID":"82179303B78887339067777","shapeGroup":"PRK","shapeType":"ADM2"}},
{"type":"Feature","geometry":{"type":"Polygon","coordinates":[[[125.34998321500007,38.38616561900005],[125.36578369100005,38.340385437000066],[125.34595489500009,38.31351470900006],[125.32306671100002,38.30549240100004],[125.32265472400002,38.26781845100004],[125.34845733600002,38.243549347000055],[125.34182739300002,38.232795715000066],[125.3582687380001,38.219066620000035],[125.37437439000007,38.23004150400004],[125.46209716800001,38.208328247000054],[125.50452423100012,38.216316223000035],[125.50463867200006,38.227081299000076],[125.57009124800004,38.23728561400003],[125.56376647900004,38.272701263000044],[125.62329864500009,38.35599517800006],[125.58602142300003,38.38274383500004],[125.53554534900002,38.375015259000065],[125.51288604700005,38.38851547200005],[125.48354339600007,38.38588714600007],[125.4213562010001,38.35910415600006],[125.40518951400009,38.369903564000026],[125.41193389900002,38.39141464200003],[125.34998321500007,38.38616561900005]]]},"properties":{"shapeName":"Sinchon","shapeISO":"","shapeID":"82179303B96637573116833","shapeGroup":"PRK","shapeType":"ADM2"}},
{"type":"Feature","geometry":{"type":"MultiPolygon","coordinates":[[[[124.25144847800004,39.80633930600004],[124.28198349000002,39.83034560100003],[124.26820246200009,39.86474742100006],[124.27998951400002,39.88180263000004],[124.28019578700003,39.92135473700006],[124.23397089900004,39.90297675900007],[124.22791366500007,39.868722277000074],[124.24504090500011,39.85722990100004],[124.18910152300009,39.82213722900008],[124.19438932500009,39.801896242000055],[124.20620584400001,39.80321573700007],[124.22955402900004,39.78432371300005],[124.230552654,39.79415280400008],[124.25144847800004,39.80633930600004]]],[[[124.30177264000008,39.91340502500003],[124.30960775500012,39.922487603000036],[124.29618688700009,39.91756978300003],[124.30177264000008,39.91340502500003]]],[[[124.30161220500008,39.92369905000004],[124.30735839300007,39.931881229000055],[124.28820770800007,39.92014983800004],[124.30161220500008,39.92369905000004]]]]},"properties":{"shapeName":"Sindo","shapeISO":"","shapeID":"82179303B2981535202544","shapeGroup":"PRK","shapeType":"ADM2"}},
{"type":"Feature","geometry":{"type":"Polygon","coordinates":[[[127.72834014900002,40.08022308300008],[127.71860504200004,40.12107086200007],[127.79378509500009,40.23745346100003],[127.81377410900006,40.25124359100005],[127.85956573500005,40.253761292000036],[127.88672637900004,40.28976059000007],[127.9396057130001,40.31170654300007],[127.94087982200006,40.356201172000056],[127.92247772200005,40.39802551300005],[127.92654418900008,40.425811768000074],[127.888519287,40.483726501000035],[127.78249359100005,40.42665863000008],[127.73405456500006,40.415840149000076],[127.70085144000006,40.41319656400003],[127.6805343630001,40.388278961000026],[127.65417480500003,40.38008880600006],[127.47116851800001,40.37559509300007],[127.40060424800004,40.30644226100003],[127.393119812,40.25538253800005],[127.38873291000004,40.23420333900003],[127.42386627200005,40.206192017000035],[127.44496917700008,40.144882202000076],[127.48995971700003,40.119594574000075],[127.49227142300003,40.086208344000056],[127.54396057100007,40.06644821200007],[127.56609344500009,40.041286469000056],[127.59221649200003,40.041141510000045],[127.5991439820001,40.05500793500005],[127.63570404100005,40.07704925500008],[127.72834014900002,40.08022308300008]]]},"properties":{"shapeName":"Sinhung","shapeISO":"","shapeID":"82179303B53420606691311","shapeGroup":"PRK","shapeType":"ADM2"}},
{"type":"Feature","geometry":{"type":"Polygon","coordinates":[[[126.70770263700001,38.58018875100004],[126.68221283000003,38.607772827000076],[126.67885589600007,38.62560272200005],[126.63934326200001,38.63105011000005],[126.62976837200006,38.64991378800005],[126.5940551760001,38.66074752800006],[126.56453704800003,38.64197158800005],[126.54824829100005,38.64200592000003],[126.52829742400002,38.60437774700006],[126.47557830800008,38.54797744800004],[126.4363403320001,38.53459930400004],[126.35493469200003,38.537460327000076],[126.327972412,38.54940414400005],[126.3153228760001,38.48910903900003],[126.38274383500004,38.47282409700006],[126.41304779100005,38.488903046000075],[126.448936462,38.49421310400004],[126.49733734100005,38.45105743400006],[126.54274749800004,38.43212890600006],[126.53578949000007,38.39177703900003],[126.54871368400006,38.38098907500006],[126.5843658450001,38.364768982000044],[126.67235565200008,38.36727523800005],[126.68578338600003,38.404918671000075],[126.6831283570001,38.461437225000054],[126.7087249760001,38.474018097000055],[126.69999694800003,38.513328552000075],[126.71637725800008,38.56388092000003],[126.70770263700001,38.58018875100004]]]},"properties":{"shapeName":"Sinkye","shapeISO":"","shapeID":"82179303B98001602077811","shapeGroup":"PRK","shapeType":"ADM2"}},
{"type":"Feature","geometry":{"type":"Polygon","coordinates":[[[128.09109276700008,40.01337056300008],[128.16082716000005,40.00741985900004],[128.17303330700008,40.00000056500005],[128.1634366820001,39.98357727300004],[128.17381256200008,39.978597243000024],[128.2106634690001,39.98265395400006],[128.24478043600004,40.006008687000076],[128.31672728900003,39.99611411200004],[128.3272243140001,40.040724828000066],[128.35339484200006,40.08390145300007],[128.3750470010001,40.09705383800008],[128.41598408700008,40.09848793000003],[128.41407822500003,40.10774547700004],[128.38581848100011,40.15619659400005],[128.3236236570001,40.15098953200004],[128.26380920400004,40.115177155000026],[128.1893463130001,40.137847900000054],[128.13241577100007,40.088111877000074],[128.11289978000002,40.09100723300003],[128.09625244100005,40.07997512800006],[128.0859069820001,40.060569763000046],[128.09109276700008,40.01337056300008]],[[128.38305664100005,40.103012085000046],[128.36186218300008,40.11739730800008],[128.3653564450001,40.12572097800006],[128.38838195800008,40.13114929200003],[128.3978424070001,40.11997222900004],[128.38305664100005,40.103012085000046]]]},"properties":{"shapeName":"Sinpho City","shapeISO":"","shapeID":"82179303B3587564724867","shapeGroup":"PRK","shapeType":"ADM2"}},
{"type":"Feature","geometry":{"type":"Polygon","coordinates":[[[126.47380828900009,38.90813446000004],[126.50206756600005,38.89235687300004],[126.5241775510001,38.82772827100007],[126.54998779300001,38.80374908400006],[126.55320739700005,38.80075836200007],[126.65087127700008,38.79517746000005],[126.72280120800008,38.81924438500005],[126.7749786380001,38.82452011100003],[126.8432083130001,38.80823135400004],[126.87573242200006,38.81194686900005],[126.87052917500012,38.869155884000065],[126.88136291500007,38.88916015600006],[126.906097412,38.90443420400004],[126.96555328400007,38.90832519500003],[126.99132537800006,38.92610931400003],[127.01110839800003,38.947486877000074],[127.0197067260001,38.977485657000045],[126.9777679440001,39.038047791000054],[126.9820098880001,39.06920623800005],[126.91776275600012,39.06137847900004],[126.8394317630001,39.106941223000035],[126.77110290500002,39.123603821000074],[126.73027038600003,39.14694213900003],[126.63498687700007,39.134994507000044],[126.57997894300001,39.17115783700007],[126.56515502900004,39.16401672400008],[126.56275939900002,39.11499786400003],[126.59192657500012,39.07221984900008],[126.62136840800008,39.04943847700008],[126.65971374500009,38.980819702000076],[126.64360046400009,38.96943664600008],[126.59664917000009,38.96832275400004],[126.51554870600012,39.00277710000006],[126.48970031700003,39],[126.47886657700008,38.98526763900003],[126.50054931600005,38.930824280000024],[126.4877624510001,38.911102295000035],[126.47380828900009,38.90813446000004]]]},"properties":{"shapeName":"Sinphyong","shapeISO":"","shapeID":"82179303B74961933380219","shapeGroup":"PRK","shapeType":"ADM2"}},
{"type":"Feature","geometry":{"type":"Polygon","coordinates":[[[124.4721374510001,40.111980438000046],[124.45697784400011,40.15084075900006],[124.43704838700012,40.15593052600008],[124.40371754000012,40.13402916500007],[124.33631197600005,40.062949969000044],[124.3379195980001,40.04779051100007],[124.35849127800009,40.03661245700005],[124.36604685600003,40.01805848400005],[124.4202270510001,40.01271057100007],[124.43682098400006,40.017456055000025],[124.44223785400004,40.09251785300006],[124.4721374510001,40.111980438000046]]]},"properties":{"shapeName":"Sinuiju City","shapeISO":"","shapeID":"82179303B65076017972610","shapeGroup":"PRK","shapeType":"ADM2"}},
{"type":"Feature","geometry":{"type":"Polygon","coordinates":[[[125.94256591800001,38.169284821000076],[125.92109680200008,38.18138122600004],[125.90165710400004,38.24499511700003],[125.86870575000012,38.26562118500004],[125.83360290500002,38.31971740700004],[125.8144226070001,38.31694030800003],[125.81025695800008,38.30165863000008],[125.78430175800008,38.31549453700006],[125.75613403300008,38.288448334000066],[125.69734954800003,38.27511596700003],[125.65803527800006,38.25366973900003],[125.57009124800004,38.23728561400003],[125.50463867200006,38.227081299000076],[125.50452423100012,38.216316223000035],[125.54006958000002,38.189331055000025],[125.60182189900002,38.17574691800007],[125.61116027800006,38.13536453200004],[125.65335845900006,38.12182235700004],[125.78352356000005,38.10810089100005],[125.81603241000005,38.10264968900003],[125.81467437700007,38.097278595000034],[125.84532928500005,38.09989929200003],[125.85858154300001,38.12139892600004],[125.89135742200006,38.140167236000025],[125.93702697800006,38.14545059200003],[125.94256591800001,38.169284821000076]]]},"properties":{"shapeName":"Sinwon","shapeISO":"","shapeID":"82179303B41250986640334","shapeGroup":"PRK","shapeType":"ADM2"}},
{"type":"Feature","geometry":{"type":"Polygon","coordinates":[[[126.56515502900004,39.16401672400008],[126.57997894300001,39.17115783700007],[126.58039093000002,39.20972442600004],[126.62663269000006,39.268829346000075],[126.62709045400004,39.311885834000066],[126.70817565900006,39.309047699000075],[126.69413757300003,39.343048096000075],[126.71163940400004,39.39922332800006],[126.74108886700003,39.46832275400004],[126.67886352500011,39.518325806000064],[126.66970825200008,39.540550232000044],[126.68131256100003,39.56994247400007],[126.61007690400004,39.548721313000044],[126.61313629200004,39.529876709000064],[126.59638977100008,39.48685455300006],[126.54825592000009,39.46223831200007],[126.4524536130001,39.43064498900003],[126.44908142100007,39.41988754300007],[126.47476959200003,39.38485336300005],[126.47138977100008,39.374095917000034],[126.40575408900008,39.32848739600007],[126.40235137900004,39.315040588000045],[126.43404388400006,39.23222732500005],[126.45661163300008,39.20998001100003],[126.46600341800001,39.17498016400003],[126.50480651900011,39.14798736600005],[126.52101135300006,39.13988494900008],[126.56515502900004,39.16401672400008]]]},"properties":{"shapeName":"Sinyang","shapeISO":"","shapeID":"82179303B23592668869801","shapeGroup":"PRK","shapeType":"ADM2"}},
{"type":"Feature","geometry":{"type":"Polygon","coordinates":[[[126.38274383500004,38.47282409700006],[126.3153228760001,38.48910903900003],[126.327972412,38.54940414400005],[126.25150299100005,38.61302185100004],[126.21673584000007,38.71265411400003],[126.20338439900002,38.683082581000065],[126.14777374300002,38.66167068500005],[126.09746551500007,38.59766769400005],[126.0715942380001,38.543430328000056],[126.07444000200007,38.505752563000044],[126.06449890100009,38.48962783800005],[126.00548553500005,38.45476913500005],[126.06340026900011,38.38737487800006],[126.08948516800001,38.390010834000066],[126.13803863500004,38.360313416000054],[126.189170837,38.355594635000045],[126.22599029500009,38.36012649500003],[126.25602722200006,38.427341461000026],[126.30485534700006,38.42454910300006],[126.35715484600007,38.440582275000054],[126.37355041500007,38.451313019000054],[126.38274383500004,38.47282409700006]]]},"properties":{"shapeName":"Sohung","shapeISO":"","shapeID":"82179303B44729459459193","shapeGroup":"PRK","shapeType":"ADM2"}},
{"type":"Feature","geometry":{"type":"MultiPolygon","coordinates":[[[[124.78469796900004,39.44802603200003],[124.7819280120001,39.45721011000006],[124.768097871,39.45875224900004],[124.76806512900009,39.44250576300004],[124.78469796900004,39.44802603200003]]],[[[124.89328618200011,39.606712489000074],[124.87222337600008,39.60021978800006],[124.88598475900005,39.59409379600004],[124.86604172200009,39.58702811300003],[124.87550410500012,39.57272321600004],[124.82176824700002,39.545950238000046],[124.85019796000006,39.54971227200008],[124.86041340500003,39.543402925000066],[124.84570251000002,39.531468535000045],[124.85649748500009,39.525378559000046],[124.85478181400003,39.51396148900005],[124.83614190100002,39.511679385000036],[124.81762640800002,39.486972415000025],[124.8384632960001,39.495177513000044],[124.84211728200012,39.486667917000034],[124.85843580000005,39.491035674000045],[124.9085242210001,39.52791277500006],[124.90661537300002,39.535482681000076],[124.92398162900008,39.532971384000064],[124.9398483110001,39.54305258800008],[124.93321154600005,39.550232867000034],[124.91634296500001,39.548396051000054],[124.92504901200004,39.55491494600005],[124.90939187900005,39.56884986000006],[124.91776396000012,39.573548310000035],[124.91187370800003,39.588494946000026],[124.92962631800003,39.58940516800004],[124.9268105220001,39.595848757000056],[124.89328618200011,39.606712489000074]]],[[[124.90580010200006,39.622431832000075],[124.89528670700008,39.61524827900007],[124.90883526800008,39.61278609500005],[124.90580010200006,39.622431832000075]]],[[[124.8390133580001,39.63861938300005],[124.82203672900005,39.63265382600008],[124.83735007400003,39.629487692000055],[124.8390133580001,39.63861938300005]]],[[[125.01277923600003,39.94463729900008],[124.98967742900004,39.93642425500008],[124.95233154300001,39.88657760600006],[124.89012908900008,39.88137054400005],[124.86257934600008,39.83146667500006],[124.79344940200008,39.81239700300006],[124.76262579400009,39.77334470000005],[124.753341137,39.75129050000004],[124.77011804100005,39.73073191800006],[124.790863252,39.731396577000055],[124.80583280700012,39.70994086800005],[124.82227247000003,39.717972434000046],[124.8521264530001,39.71599482900007],[124.85791847900009,39.695105554000065],[124.88913779500001,39.70202717300003],[124.91116321100003,39.66582455300005],[124.90203152000004,39.65382140600008],[124.9259738070001,39.64868983000008],[124.94110107400002,39.72255325300006],[124.9578247070001,39.73636245700004],[124.98736572300004,39.74175643900003],[124.99765014600007,39.758384705000026],[124.98641967800006,39.822414398000035],[125.00321960400004,39.83900833100006],[125.10770416300011,39.838409424000076],[125.12236022900004,39.893947601000036],[125.10683441200001,39.921848297000054],[125.0593338010001,39.942272186000025],[125.01277923600003,39.94463729900008]]]]},"properties":{"shapeName":"Sonchon","shapeISO":"","shapeID":"82179303B49493469146837","shapeGroup":"PRK","shapeType":"ADM2"}},
{"type":"Feature","geometry":{"type":"Polygon","coordinates":[[[126.43404388400006,39.23222732500005],[126.40235137900004,39.315040588000045],[126.40575408900008,39.32848739600007],[126.47138977100008,39.374095917000034],[126.47476959200003,39.38485336300005],[126.44908142100007,39.41988754300007],[126.41322326700003,39.41727066000004],[126.38555145300006,39.45713043200004],[126.28978729200003,39.44982147200005],[126.20476532000009,39.42039489700005],[126.19808197000009,39.40426254300007],[126.21736908000003,39.380004883000026],[126.1878814700001,39.36391830400004],[126.18101501500007,39.33164215100004],[126.16129303000002,39.31554031400003],[126.11904144300001,39.32369995100004],[126.04789733900009,39.37228393600003],[126.00540161100002,39.358917236000025],[125.98662567100007,39.343574524000076],[125.9920806880001,39.33203506500007],[125.97562408400006,39.315925598000035],[125.98199462900004,39.30245590200008],[126.03942871100003,39.232818604000045],[126.07360839800003,39.223602295000035],[126.0963668820001,39.18110656700003],[126.14082336400008,39.18332672100007],[126.17165374800004,39.15693664600008],[126.2277679440001,39.15804290800003],[126.24800872800006,39.14237213100006],[126.29321289100005,39.161884308000026],[126.32310485800008,39.21564102200006],[126.33939361600005,39.21560287500006],[126.36245727500011,39.239776611000025],[126.37225341800001,39.24244689900007],[126.3948898320001,39.22625732400007],[126.43404388400006,39.23222732500005]]]},"properties":{"shapeName":"Songchon","shapeISO":"","shapeID":"82179303B38365888495896","shapeGroup":"PRK","shapeType":"ADM2"}},
{"type":"Feature","geometry":{"type":"Polygon","coordinates":[[[126.73143768300008,40.891773224000076],[126.70565033000003,40.86769104000007],[126.66309356700003,40.84859848000008],[126.62397766100003,40.845851898000035],[126.57572937000009,40.90299987800006],[126.5594406130001,40.902988434000065],[126.52002716100003,40.87300872800006],[126.48273468000002,40.87222671500007],[126.43168640100009,40.837547302000075],[126.42485809300001,40.807586670000035],[126.44082641600005,40.77764892600004],[126.39798736600005,40.731311798000036],[126.4268569950001,40.69049835200008],[126.4820098880001,40.66875076300005],[126.5380325320001,40.62704467800006],[126.56626129200004,40.62796783400006],[126.6570968630001,40.592632294000055],[126.7027359010001,40.595382690000065],[126.7519760130001,40.63082122800006],[126.73947143600003,40.67982482900004],[126.74938964800003,40.69344711300005],[126.81137085000012,40.70166015600006],[126.83454895000011,40.737075806000064],[126.89300537100007,40.76137161300005],[126.96614837600009,40.767829895000034],[126.95557403600003,40.78345108000008],[126.90363311800002,40.79975509600007],[126.9131851200001,40.87097549400005],[126.8753051760001,40.89231872600004],[126.83298492400002,40.89501190200008],[126.80058288600003,40.911327362000065],[126.74822998000002,40.889507294000055],[126.73143768300008,40.891773224000076]]]},"properties":{"shapeName":"Songgan","shapeISO":"","shapeID":"82179303B82902527088629","shapeGroup":"PRK","shapeType":"ADM2"}},
{"type":"Feature","geometry":{"type":"Polygon","coordinates":[[[125.17829895000011,38.26222991900005],[125.20239257800006,38.292289734000065],[125.18676757800006,38.35421752900004],[125.12850189200003,38.38931274400005],[125.11598968500005,38.43777465800008],[125.07099914600008,38.45124435400004],[125.047416687,38.42177200300006],[125.0502395630001,38.38140487700008],[125.03028869600007,38.343772888000046],[125.03308868400006,38.30138397200005],[125.07877349900002,38.30868911700003],[125.10455322300004,38.281726837000065],[125.17829895000011,38.26222991900005]]]},"properties":{"shapeName":"Songhwa","shapeISO":"","shapeID":"82179303B30689671895320","shapeGroup":"PRK","shapeType":"ADM2"}},
{"type":"Feature","geometry":{"type":"Polygon","coordinates":[[[125.642066956,38.80952835100004],[125.57514953600003,38.78044891400003],[125.57998657200005,38.74721527100007],[125.60358429000007,38.73306274400005],[125.62291717500011,38.731281281000065],[125.65839386000005,38.776920319000055],[125.65471649200003,38.80353927600004],[125.642066956,38.80952835100004]]]},"properties":{"shapeName":"Songrim City","shapeISO":"","shapeID":"82179303B86306184890234","shapeGroup":"PRK","shapeType":"ADM2"}},
{"type":"Feature","geometry":{"type":"Polygon","coordinates":[[[126.17514038100012,40.30365371700003],[126.18496704100005,40.30910491900005],[126.20445251500007,40.303672791000054],[126.24654388400006,40.27919387800006],[126.28263855000012,40.303722382000046],[126.299369812,40.344585419000055],[126.2768249510001,40.369075775000056],[126.20829772900004,40.35813522300003],[126.1205749510001,40.37985611000005],[126.11098480200008,40.396186829000044],[126.11153411900011,40.44792938200004],[126.09159851100003,40.489387512000064],[126.02770996100003,40.52956008900003],[126.0081710820001,40.529548645000034],[125.9686431880001,40.488670349000074],[125.87026977500011,40.42869567900004],[125.78612518300008,40.48037719700005],[125.75962829600007,40.43951034500003],[125.7073898320001,40.428585052000074],[125.66511535600011,40.435371399000076],[125.65497589100005,40.40131759600007],[125.62088012700008,40.37823867800006],[125.6316528320001,40.36444091800007],[125.61303710900006,40.34443664600008],[125.61470031700003,40.33305358900003],[125.70207977300004,40.27502059900007],[125.75000000000011,40.257499695000035],[125.80998230000012,40.22082519500003],[125.90415954600007,40.23915863000008],[125.93858337400002,40.217765808000024],[125.96726226800001,40.22164535500008],[126.01490020800009,40.24635314900007],[126.05472564700005,40.31445694000007],[126.07756042500012,40.31719589200003],[126.10664367700008,40.29543304400005],[126.17514038100012,40.30365371700003]]]},"properties":{"shapeName":"Songwon","shapeISO":"","shapeID":"82179303B48656719864416","shapeGroup":"PRK","shapeType":"ADM2"}},
{"type":"Feature","geometry":{"type":"Polygon","coordinates":[[[126.55320739700005,38.80075836200007],[126.54998779300001,38.80374908400006],[126.51412200900006,38.80083847000003],[126.46537017800006,38.81170654300007],[126.42945098900009,38.80370712300004],[126.40022277800006,38.81184005700004],[126.38713836700003,38.806488037000065],[126.37375640900007,38.77422332800006],[126.35735321000004,38.76349258400006],[126.2956619260001,38.78245925900006],[126.2528762820001,38.74218368500004],[126.21704864500009,38.74225616500007],[126.18571472200006,38.75413894700006],[126.21673584000007,38.71265411400003],[126.25150299100005,38.61302185100004],[126.327972412,38.54940414400005],[126.35493469200003,38.537460327000076],[126.4363403320001,38.53459930400004],[126.47557830800008,38.54797744800004],[126.52829742400002,38.60437774700006],[126.54824829100005,38.64200592000003],[126.55828094500009,38.66620254500003],[126.51628112800006,38.69858551000004],[126.50993347200006,38.71474075300006],[126.51993560800008,38.73624801600005],[126.56594848600002,38.77382278400006],[126.55320739700005,38.80075836200007]]]},"properties":{"shapeName":"Suan","shapeISO":"","shapeID":"82179303B93868129225348","shapeGroup":"PRK","shapeType":"ADM2"}},
{"type":"Feature","geometry":{"type":"Polygon","coordinates":[[[127.09443664600008,39.32437896700003],[127.068901062,39.32937240600006],[127.03051757800006,39.357402802000024],[127.01658630400004,39.44091415400004],[127.00186920200008,39.456329346000075],[126.94252014200003,39.47749710100004],[126.93312072800006,39.49145507800006],[126.9343872070001,39.535392761000026],[126.85253143300008,39.52807235700004],[126.79296112100008,39.50059890700004],[126.7955856320001,39.47833633400006],[126.77503967300004,39.445079803000056],[126.78100585900006,39.42557525600006],[126.76316833500005,39.372837067000034],[126.7280502320001,39.40084838900003],[126.71163940400004,39.39922332800006],[126.69413757300003,39.343048096000075],[126.70817565900006,39.309047699000075],[126.73803710900006,39.29721832300004],[126.79582214400011,39.31526947000003],[126.81944274900002,39.312210083000025],[126.8361129760001,39.29999542200005],[126.8494262700001,39.26776886000005],[126.87943267800006,39.28610992400007],[126.90971374500009,39.285552979000045],[126.93247985800008,39.25777435300006],[126.92192077600009,39.219154358000026],[126.9435882570001,39.21054840100004],[126.99552917500012,39.21554565400004],[127.02551269500009,39.20433807400008],[127.03970336900011,39.20943450900006],[127.04248046900011,39.22082519500003],[127.02414703400007,39.26444244400005],[127.0861129760001,39.28388214100005],[127.09443664600008,39.32437896700003]]]},"properties":{"shapeName":"Sudong","shapeISO":"","shapeID":"82179303B18733431209554","shapeGroup":"PRK","shapeType":"ADM2"}},
{"type":"Feature","geometry":{"type":"Polygon","coordinates":[[[125.71984100300006,39.479461670000035],[125.60882568400007,39.43777465800008],[125.52426910400004,39.451408386000026],[125.38008639600002,39.43677493600006],[125.35067617400011,39.42177692300004],[125.37268849300006,39.37798147800004],[125.39658346600004,39.37480552200003],[125.40226089600003,39.33652052300005],[125.41348151400007,39.333220149000056],[125.41940450700008,39.30980975500006],[125.45809686600012,39.32060911100007],[125.51317596400008,39.32764816300005],[125.58807373000002,39.324798584000064],[125.611045837,39.34090042100007],[125.65024566700004,39.35158157300003],[125.692512512,39.34341812100007],[125.73543548600003,39.39714813200004],[125.80096435500002,39.400341034000064],[125.80865478500004,39.43173980700004],[125.80759429900002,39.442745209000066],[125.76965332000009,39.460391998000034],[125.71984100300006,39.479461670000035]]]},"properties":{"shapeName":"Sukchon","shapeISO":"","shapeID":"82179303B55497026765088","shapeGroup":"PRK","shapeType":"ADM2"}},
{"type":"Feature","geometry":{"type":"Polygon","coordinates":[[[125.76965332000009,39.460391998000034],[125.80759429900002,39.442745209000066],[125.80865478500004,39.43173980700004],[125.90145111100003,39.386039734000065],[125.94048309300001,39.38058090200008],[125.98940277100007,39.38586044300007],[126.01909637500012,39.420780182000044],[126.09764862100008,39.45560073900003],[126.07865142800006,39.50676345800008],[126.08219909700006,39.53366851800007],[126.04019928000002,39.56604385400004],[126.001106262,39.56612777700008],[125.98503112800006,39.58230590800008],[125.96233367900004,39.595806122000056],[125.92961883500004,39.582420349000074],[125.89337921100002,39.54482269300007],[125.84815216100003,39.53762054400005],[125.82442474400011,39.49383926400003],[125.76965332000009,39.460391998000034]]]},"properties":{"shapeName":"Sunchon City","shapeISO":"","shapeID":"82179303B13009461499859","shapeGroup":"PRK","shapeType":"ADM2"}},
{"type":"Feature","geometry":{"type":"Polygon","coordinates":[[[125.52185058600003,38.84864807100007],[125.48867797900004,38.84629821800007],[125.488128662,38.81373214700005],[125.51926422100007,38.79808425900006],[125.53731536900011,38.79792022700008],[125.54891204800003,38.80715179400005],[125.52777099600007,38.82110595700004],[125.52185058600003,38.84864807100007]]]},"properties":{"shapeName":"Taean","shapeISO":"","shapeID":"82179303B55886689837874","shapeGroup":"PRK","shapeType":"ADM2"}},
{"type":"Feature","geometry":{"type":"Polygon","coordinates":[[[125.5788650510001,39.010272980000025],[125.57859802200005,39.06526947000003],[125.66665649400011,39.12276458700006],[125.63388061500007,39.14694213900003],[125.634819031,39.20092010500008],[125.58360290500002,39.21179199200003],[125.56047821000004,39.18223953200004],[125.54096984900002,39.184970856000064],[125.48159790000011,39.16417312600004],[125.47872924800004,39.15280914300007],[125.5077819820001,39.128528595000034],[125.46482849100005,39.07210922200005],[125.48255920400004,39.03590774500003],[125.49057769800004,39.042457581000065],[125.5099411010001,39.026271820000034],[125.52272033700001,39.00202560400004],[125.5788650510001,39.010272980000025]]]},"properties":{"shapeName":"Taedong","shapeISO":"","shapeID":"82179303B2846476233094","shapeGroup":"PRK","shapeType":"ADM2"}},
{"type":"Feature","geometry":{"type":"Polygon","coordinates":[[[125.36465454100005,39.80220413200004],[125.37457275400004,39.80629348800005],[125.39982605000012,39.77555465700004],[125.41599273700001,39.76990127600004],[125.45938873300008,39.80302429200003],[125.5270080570001,39.76926422100007],[125.55074310300006,39.79972457900004],[125.60921478300008,39.79518127400007],[125.60681152300003,39.818866730000025],[125.64033508300008,39.849273682000046],[125.63475799600008,39.88267517100007],[125.6451950070001,39.904869080000026],[125.66175842300004,39.91311645500008],[125.68453979500009,39.91020584100005],[125.69162750200007,39.929630280000026],[125.6692504880001,39.946449280000024],[125.669639587,39.960353851000036],[125.68901825000012,39.98720550500008],[125.67155456500006,40.027088165000066],[125.67016601600005,40.06393432600004],[125.64823150600012,40.04721069300007],[125.59326934800004,40.041229248000036],[125.52259826700003,40.053195953000056],[125.47286987300004,40.07313919100005],[125.46762847900004,40.08710098300003],[125.4440765380001,40.10106277500006],[125.3711166380001,40.088161469000056],[125.31058502200005,40.00333404500003],[125.36032104500009,39.941509247000056],[125.33676147500012,39.92754745500008],[125.33414459200003,39.91358566300005],[125.31320190400004,39.907604218000074],[125.3205413820001,39.834964752000076],[125.33953857400002,39.837085724000076],[125.36465454100005,39.80220413200004]]]},"properties":{"shapeName":"Taegwan","shapeISO":"","shapeID":"82179303B79358107253704","shapeGroup":"PRK","shapeType":"ADM2"}},
{"type":"Feature","geometry":{"type":"Polygon","coordinates":[[[129.01247242400007,42.09948205400008],[129.002913776,42.08899681100007],[128.96438648800006,42.09422240400005],[128.9487620960001,42.082805335000046],[128.94535694800004,42.063297764000026],[128.95857154200007,42.05410713800006],[128.9475539230001,42.02482613700005],[128.9156797710001,42.009571728000026],[128.88517750100004,42.02535328100004],[128.87570202100005,42.01954488300004],[128.85339502500005,42.02887302500005],[128.8357995770001,42.02374565800005],[128.81071607600006,42.041098817000034],[128.770263569,42.03107327500004],[128.74526847200002,42.05026325000006],[128.7291725980001,42.04861306300006],[128.7296309830001,42.040522561000046],[128.68498097600002,42.012204170000075],[128.6500258200001,42.01555693100005],[128.65226863400005,42.02662038900007],[128.63682432200005,42.035598193000055],[128.60331635400007,42.03139087000005],[128.589112956,42.02193831000005],[128.58705022200002,42.005917742000065],[128.5650222390001,41.99795463600003],[128.54922485400004,41.983402252000076],[128.55516052200005,41.94280242900004],[128.54493713400007,41.91302108800005],[128.488616943,41.856136322000054],[128.49607849100005,41.85286331200007],[128.60932922400002,41.84809875500008],[128.65878295900006,41.88061523400006],[128.756607056,41.86985778800005],[128.8093109130001,41.92370224000007],[128.8577270510001,41.929161072000056],[128.87246704100005,41.914993286000026],[128.88525390600012,41.914993286000026],[128.89276123000002,41.937210083000025],[128.9080200200001,41.93888092000003],[128.8844299320001,41.95610046400003],[128.89804077100007,41.95860290500008],[128.89358520500002,41.96499633800005],[128.90859985400004,41.978599548000034],[128.91720581100003,41.97165679900007],[128.95303344700005,41.99360656700003],[128.9724731450001,41.99304962200006],[128.9819030760001,42.018325806000064],[129.01666259800004,42.054161072000056],[129.01406860400004,42.08929061900005],[129.01247242400007,42.09948205400008]]]},"properties":{"shapeName":"Taehongdan","shapeISO":"","shapeID":"82179303B43556128459055","shapeGroup":"PRK","shapeType":"ADM2"}},
{"type":"Feature","geometry":{"type":"Polygon","coordinates":[[[127.11244964600007,40.08327484100005],[127.17359924300001,40.12554931600005],[127.17010498000002,40.16671371500007],[127.11026001000005,40.188041687000066],[127.10220336900011,40.24110412600004],[127.1127624510001,40.27332305900006],[127.0527572630001,40.32527160600006],[126.9919281010001,40.33749389600007],[126.91118621800001,40.334693909000066],[126.88553619400011,40.288887024000076],[126.82666015600012,40.25193786600005],[126.80747985800008,40.201934814000026],[126.75302124000007,40.19157409700006],[126.74157714800003,40.187530518000074],[126.75277710000012,40.09737014800004],[126.82095336900011,40.07569885300006],[126.81097412100007,40.05688476600005],[126.77157592800006,40.027366638000046],[126.77465820300006,40.011215210000046],[126.83920288100012,39.95457077000003],[126.88134765600012,39.935649872000056],[126.90950775100009,39.86655426000004],[126.96999359100005,39.857772827000076],[127.00776672400002,39.82471466100003],[127.03414917000009,39.84526825000006],[127.08548736600005,39.84793090800008],[127.10527801500007,39.86671447800006],[127.1141510010001,39.89638519300007],[127.07360839800003,39.95332336400003],[127.05637359600007,40.02027130100004],[127.08888244600007,40.03388214100005],[127.08138275100009,40.061103821000074],[127.11244964600007,40.08327484100005]]]},"properties":{"shapeName":"Taehung","shapeISO":"","shapeID":"82179303B83506580076946","shapeGroup":"PRK","shapeType":"ADM2"}},
{"type":"Feature","geometry":{"type":"Polygon","coordinates":[[[128.54292297400002,40.585456848000035],[128.46888732900004,40.547863007000046],[128.49597168000003,40.46705627400007],[128.4863739010001,40.465080261000026],[128.59591674800004,40.42198562600004],[128.61558532700008,40.42465591400003],[128.67547607400002,40.46324920700005],[128.70429992700008,40.44361496000005],[128.78514099100005,40.41534042400008],[128.89108720800004,40.390024244000074],[128.9669632680001,40.456535995000024],[129.04277038100008,40.48154418900003],[129.060257782,40.46958033200008],[129.0793757250001,40.47518245600003],[129.16803072400012,40.56774027900008],[129.06359863300008,40.59748840300006],[129.05441284200003,40.61193847700008],[129.05801391600005,40.656654358000026],[128.97857666000004,40.72221374500003],[128.9741210940001,40.77999115000006],[128.93191528300008,40.84582519500003],[128.9591369630001,40.87832641600005],[128.9410705570001,40.932769775000054],[128.979751587,40.97269058200004],[129.00027465800008,41.00666046100008],[128.98876953100012,41.098930359000065],[128.967468262,41.12193298300008],[128.86941528300008,41.16860199000007],[128.835784912,41.17832946800007],[128.8086395260001,41.170398712000065],[128.73217773400006,41.16991806000004],[128.7046356200001,41.153274536000026],[128.78729248000002,41.06055831900005],[128.78289794900002,41.02164840700004],[128.73489379900002,40.94126892100007],[128.75646972700008,40.89664840700004],[128.8106231690001,40.84905624400005],[128.78927612300004,40.787990570000034],[128.79827880900007,40.76013183600003],[128.8492431640001,40.71533966100003],[128.87744140600012,40.67346572900004],[128.90339660600011,40.667751312000064],[128.9296875000001,40.67316436800007],[128.92610168500005,40.662059784000064],[128.8066406250001,40.595996857000046],[128.7253265380001,40.60758590700004],[128.70214843700012,40.59659194900007],[128.656356812,40.59407043500005],[128.62100219700005,40.613742828000056],[128.54292297400002,40.585456848000035]]]},"properties":{"shapeName":"Tanchon City","shapeISO":"","shapeID":"82179303B77244062124892","shapeGroup":"PRK","shapeType":"ADM2"}},
{"type":"Feature","geometry":{"type":"Polygon","coordinates":[[[125.17863464400011,40.35886764500003],[125.16440582300004,40.335910797000054],[125.11821746800001,40.31949234000007],[125.10411834700005,40.283416748000036],[125.07163238500004,40.289165497000056],[125.01516723600002,40.256111145000034],[124.9763031010001,40.26745986900005],[124.9668960570001,40.19207763700007],[124.98603057900004,40.14892578100006],[125.04664611800001,40.06528091400003],[125.11166381800001,40.09108734100005],[125.17186737100008,40.089092255000025],[125.21374511700003,40.07114410400004],[125.31058502200005,40.00333404500003],[125.3711166380001,40.088161469000056],[125.3734054570001,40.11502075200008],[125.321060181,40.13496398900003],[125.29226684600008,40.168869019000056],[125.32719421400009,40.20426940900006],[125.27702331500006,40.276863098000035],[125.2814788820001,40.31855773900003],[125.26570892300003,40.33811569200003],[125.22079467800006,40.36618423500005],[125.17863464400011,40.35886764500003]]]},"properties":{"shapeName":"Thaechon","shapeISO":"","shapeID":"82179303B82011588476807","shapeGroup":"PRK","shapeType":"ADM2"}},
{"type":"Feature","geometry":{"type":"Polygon","coordinates":[[[125.15544891400009,38.16760253900003],[125.17774200400004,38.120121002000076],[125.1426692770001,38.08704125500003],[125.17719369300005,38.09451234200003],[125.2217029090001,38.07822656500008],[125.24420308100002,38.08565895600003],[125.26001082700009,38.08059052400006],[125.27686303700011,38.059920619000025],[125.25560050500007,38.066685077000045],[125.23934720400007,38.05070459900003],[125.32660675000011,38.02832031200006],[125.32733154300001,38.09559249900008],[125.30538940400004,38.17636489900008],[125.3582687380001,38.219066620000035],[125.34182739300002,38.232795715000066],[125.28671264600007,38.257133484000065],[125.2281036380001,38.25994491600005],[125.17902374300002,38.25121307400008],[125.18549346900011,38.23581314100005],[125.15908813500005,38.20357513400006],[125.15544891400009,38.16760253900003]]]},"properties":{"shapeName":"Thaethan","shapeISO":"","shapeID":"82179303B3017694876336","shapeGroup":"PRK","shapeType":"ADM2"}},
{"type":"Feature","geometry":{"type":"Polygon","coordinates":[[[127.7272796630001,38.92748642000004],[127.76274108900009,38.89243698100006],[127.83094024700006,38.87345504800004],[127.85005950900006,38.83305358900003],[127.8399429320001,38.80078506500007],[127.86675262500012,38.78265380900007],[127.89817047100007,38.76298904400005],[127.93881988500004,38.77218627900004],[128.0073382930001,38.85175209200003],[127.95556547800004,38.90028829000005],[127.95365008200008,38.91686219400003],[127.93083231500009,38.917720030000055],[127.91338420400007,38.929831225000044],[127.8987748080001,38.94527553700004],[127.90370899900006,38.95907293600004],[127.87870080400012,38.95289455600005],[127.87460480400011,38.97733959200008],[127.85227161500006,38.977018722000025],[127.82705714700012,39.01690152100008],[127.80014665300007,39.033468877000075],[127.74484901000005,39.12734946900008],[127.71748995400003,39.106790887000045],[127.69724241800009,39.112324253000054],[127.66748666100011,39.10100868300003],[127.6510823960001,39.11026519700005],[127.64714050300006,39.04874801600005],[127.6631088260001,39.019115448000036],[127.6825103760001,39.005619049000074],[127.65631103500004,38.99222183200004],[127.64965057400002,38.97877883900003],[127.6850814820001,38.94103241000005],[127.7272796630001,38.92748642000004]]]},"properties":{"shapeName":"Thongchon","shapeISO":"","shapeID":"82179303B46927697528233","shapeGroup":"PRK","shapeType":"ADM2"}},
{"type":"Feature","geometry":{"type":"Polygon","coordinates":[[[126.78513336200001,38.36287689200003],[126.7087249760001,38.474018097000055],[126.6831283570001,38.461437225000054],[126.68578338600003,38.404918671000075],[126.67235565200008,38.36727523800005],[126.5843658450001,38.364768982000044],[126.56110382100007,38.32175827000003],[126.60327911400009,38.30552673300008],[126.60250091600005,38.232875824000075],[126.61296081500006,38.212409973000035],[126.70664978000002,38.21749115000006],[126.7566528320001,38.20166015600006],[126.81080627400002,38.19915771500007],[126.843597412,38.207214355000076],[126.87355041500007,38.22648620600006],[126.86914062500011,38.24082946800007],[126.88581848100011,38.26499939000007],[126.86443328900009,38.295272827000076],[126.88832092300004,38.311660767000035],[126.89109802200005,38.33415985100004],[126.87442016600005,38.339714050000055],[126.83551025400004,38.323875427000075],[126.82527160600011,38.34193420400004],[126.79498291000004,38.348045349000074],[126.78513336200001,38.36287689200003]]]},"properties":{"shapeName":"Thosan","shapeISO":"","shapeID":"82179303B9528454471639","shapeGroup":"PRK","shapeType":"ADM2"}},
{"type":"Feature","geometry":{"type":"Polygon","coordinates":[[[126.1267700200001,39.66934204100005],[126.13567352300004,39.660026550000055],[126.18450164800004,39.65723419200003],[126.1973648070001,39.64106750500008],[126.29235076900011,39.68930435200008],[126.3641281130001,39.69992065400004],[126.42276001000005,39.699798584000064],[126.46362304700006,39.68995666500007],[126.45856475800008,39.697032928000056],[126.51792144800004,39.76418304400005],[126.53015899700006,39.76713562000003],[126.48892211900011,39.79384231600005],[126.46317291300011,39.82349777200005],[126.46984100300006,39.83693695100004],[126.44709777800006,39.842369080000026],[126.437553406,39.86391067500006],[126.36720275900007,39.893882751000035],[126.25694274900002,39.84971618700007],[126.13796234100005,39.82925796500007],[126.1666030880001,39.81065750100004],[126.11650085400004,39.69505310100004],[126.1267700200001,39.66934204100005]]]},"properties":{"shapeName":"Tokchon City","shapeISO":"","shapeID":"82179303B91694454499505","shapeGroup":"PRK","shapeType":"ADM2"}},
{"type":"Feature","geometry":{"type":"Polygon","coordinates":[[[128.30012512200005,40.66573333700006],[128.17996215800008,40.56610107400007],[128.13552856400008,40.56721496600005],[128.089691162,40.603050232000044],[128.05746460000012,40.60166168200004],[127.97915649400011,40.578880310000045],[127.92886352500011,40.512496948000035],[127.888519287,40.483726501000035],[127.92654418900008,40.425811768000074],[127.92247772200005,40.39802551300005],[127.94087982200006,40.356201172000056],[127.9396057130001,40.31170654300007],[127.985481262,40.31700897200005],[128.03979492200006,40.27497863800005],[128.08168029800004,40.25527191200007],[128.13137817400002,40.28002166700003],[128.24238586400008,40.27938461300005],[128.32856750500002,40.32339096100003],[128.4273986820001,40.35342025800003],[128.42759704600007,40.360385895000036],[128.4160156250001,40.41188812300004],[128.4531250000001,40.453395844000056],[128.4863739010001,40.465080261000026],[128.49597168000003,40.46705627400007],[128.46888732900004,40.547863007000046],[128.54292297400002,40.585456848000035],[128.50057983400006,40.628337860000045],[128.51499939000007,40.67553329500004],[128.43663024900002,40.67597961400003],[128.37683105500003,40.640167236000025],[128.30012512200005,40.66573333700006]]]},"properties":{"shapeName":"Toksong","shapeISO":"","shapeID":"82179303B35188226848964","shapeGroup":"PRK","shapeType":"ADM2"}},
{"type":"Feature","geometry":{"type":"Polygon","coordinates":[[[125.32719421400009,40.20426940900006],[125.29226684600008,40.168869019000056],[125.321060181,40.13496398900003],[125.3734054570001,40.11502075200008],[125.3711166380001,40.088161469000056],[125.4440765380001,40.10106277500006],[125.46762847900004,40.08710098300003],[125.47286987300004,40.07313919100005],[125.52259826700003,40.053195953000056],[125.59326934800004,40.041229248000036],[125.64823150600012,40.04721069300007],[125.67016601600005,40.06393432600004],[125.65370941200001,40.088375092000035],[125.65475463900009,40.12452316300005],[125.67792511000005,40.13551712000003],[125.68151092500011,40.14662170400004],[125.65937042200005,40.17177581800007],[125.6831817630001,40.20501709000007],[125.67792511000005,40.249542236000025],[125.70207977300004,40.27502059900007],[125.61470031700003,40.33305358900003],[125.61303710900006,40.34443664600008],[125.6316528320001,40.36444091800007],[125.62088012700008,40.37823867800006],[125.59900665300006,40.39446258500004],[125.47348785400004,40.40924072300004],[125.46592712400002,40.373126984000066],[125.43892669700006,40.34268951400003],[125.38063049300001,40.24568176300005],[125.32719421400009,40.20426940900006]]]},"properties":{"shapeName":"Tongchang","shapeISO":"","shapeID":"82179303B87943019672886","shapeGroup":"PRK","shapeType":"ADM2"}},
{"type":"Feature","geometry":{"type":"Polygon","coordinates":[[[124.73654479200002,39.765231983000035],[124.76262579400009,39.77334470000005],[124.79344940200008,39.81239700300006],[124.86257934600008,39.83146667500006],[124.89012908900008,39.88137054400005],[124.95233154300001,39.88657760600006],[124.98967742900004,39.93642425500008],[125.01277923600003,39.94463729900008],[124.95878601100003,39.99778747600004],[124.78954315200008,40.018222809000065],[124.76071929900002,40.037857056000064],[124.74089050300006,40.02962493900003],[124.70441436800002,40.01036453200004],[124.68378448500005,39.97432708700006],[124.6485900880001,39.87280273400006],[124.65806579600007,39.874351501000035],[124.73444366500007,39.80438613900003],[124.73654479200002,39.765231983000035]]]},"properties":{"shapeName":"Tongrim","shapeISO":"","shapeID":"82179303B24369360194646","shapeGroup":"PRK","shapeType":"ADM2"}},
{"type":"Feature","geometry":{"type":"Polygon","coordinates":[[[126.47370147700008,40.021625519000054],[126.5544281010001,40.03694152800006],[126.58027648900008,40.09971618700007],[126.65776062000009,40.14249420200008],[126.70748901400009,40.153602600000056],[126.74157714800003,40.187530518000074],[126.75302124000007,40.19157409700006],[126.72805786100002,40.222343445000035],[126.71258544900002,40.29858017000004],[126.72261810300006,40.32309722900004],[126.70342254600007,40.355754852000075],[126.67422485400004,40.36662674000007],[126.6582260130001,40.39384841900005],[126.57984161400009,40.37473297100007],[126.52770996100003,40.39668273900003],[126.44628143300008,40.37464141800007],[126.40111541700003,40.41545105000006],[126.38162231400008,40.42088317900004],[126.36518859900002,40.407260895000036],[126.34177398700001,40.35005950900006],[126.299369812,40.344585419000055],[126.28263855000012,40.303722382000046],[126.24654388400006,40.27919387800006],[126.20445251500007,40.303672791000054],[126.18496704100005,40.30910491900005],[126.17514038100012,40.30365371700003],[126.18106842000009,40.24919128400006],[126.2066955570001,40.20836257900004],[126.27481842000009,40.181182861000025],[126.27771759000007,40.14850616500007],[126.29383087200006,40.13217926000004],[126.32635498000002,40.12675476100003],[126.34225463900009,40.09136962900004],[126.35520172100007,40.08320617700008],[126.38777923600003,40.083232880000025],[126.406997681,40.053291321000074],[126.47370147700008,40.021625519000054]]]},"properties":{"shapeName":"Tongsin","shapeISO":"","shapeID":"82179303B24749722055654","shapeGroup":"PRK","shapeType":"ADM2"}},
{"type":"Feature","geometry":{"type":"Polygon","coordinates":[[[126.08297729500009,39.606319427000074],[126.0924606320001,39.57939147900004],[126.11511993400006,39.56589126600005],[126.19661712600009,39.57110214200003],[126.1973648070001,39.64106750500008],[126.18450164800004,39.65723419200003],[126.13567352300004,39.660026550000055],[126.1267700200001,39.66934204100005],[126.08297729500009,39.606319427000074]]]},"properties":{"shapeName":"Tukjang","shapeISO":"","shapeID":"82179303B96835998752740","shapeGroup":"PRK","shapeType":"ADM2"}},
{"type":"Feature","geometry":{"type":"Polygon","coordinates":[[[124.76828002900004,40.18799591100003],[124.75609588600003,40.21865463300003],[124.72703552200005,40.22994613600008],[124.66949818500007,40.30045998400004],[124.61437834700007,40.285977357000036],[124.56970214700004,40.25085194300004],[124.52159133100008,40.22936021900006],[124.48384984600011,40.17534932900003],[124.45633690300008,40.17386285100008],[124.43704838700012,40.15593052600008],[124.45697784400011,40.15084075900006],[124.4721374510001,40.111980438000046],[124.52426910400004,40.10595703100006],[124.59339141800001,40.12502670300006],[124.61266326900011,40.11379241900005],[124.65168762200005,40.108009338000045],[124.70767974900002,40.12437439000007],[124.72185516400009,40.16323089600007],[124.76828002900004,40.18799591100003]]]},"properties":{"shapeName":"Uiju","shapeISO":"","shapeID":"82179303B2030756807209","shapeGroup":"PRK","shapeType":"ADM2"}},
{"type":"Feature","geometry":{"type":"Polygon","coordinates":[[[125.61848449700005,38.565895081000065],[125.62951660200008,38.63314819300007],[125.64188385000011,38.63946151700003],[125.63518524200003,38.646793365000065],[125.62979126000005,38.65693664600008],[125.59499359100005,38.65721130400004],[125.5581390540001,38.691945909000026],[125.51393011300001,38.66958622100003],[125.47618862900003,38.69797991900003],[125.43240300600007,38.70928894000008],[125.42809418400009,38.701574970000024],[125.4413840850001,38.68577049800007],[125.43189223400009,38.680895243000066],[125.42822187700006,38.68681496200003],[125.36253198300005,38.68805915100006],[125.3465867220001,38.668849531000035],[125.33010122000007,38.67485437900007],[125.31304273700005,38.659102294000036],[125.30788480700005,38.62184319200003],[125.36857605000012,38.60139846800007],[125.37497711200001,38.59061813400007],[125.3259124760001,38.571887970000034],[125.31602478000002,38.56114578200004],[125.31558990500002,38.52077865600006],[125.30250549300001,38.51542282100007],[125.3412780760001,38.485744476000036],[125.39980316200001,38.474861145000034],[125.46209716800001,38.51240539600008],[125.55368042000009,38.54719543500005],[125.56339263900009,38.541793823000035],[125.59948730500003,38.56593704200003],[125.61848449700005,38.565895081000065]]]},"properties":{"shapeName":"Unchon","shapeISO":"","shapeID":"82179303B30475034164158","shapeGroup":"PRK","shapeType":"ADM2"}},
{"type":"Feature","geometry":{"type":"Polygon","coordinates":[[[128.42776489300002,41.255165100000056],[128.4501190190001,41.21999359100005],[128.5216064450001,41.19567871100003],[128.54408264200003,41.16862487800006],[128.5797424320001,41.14970016500007],[128.6123504640001,41.14701461800007],[128.6718444820001,41.19578552200005],[128.69143676800002,41.195796967000035],[128.73217773400006,41.16991806000004],[128.8086395260001,41.170398712000065],[128.8036346440001,41.27708053600003],[128.77465820300006,41.30683517500006],[128.7099304200001,41.34739685100004],[128.70367431600005,41.366340637000064],[128.71708679200003,41.39071273800005],[128.65405273400006,41.43942260700004],[128.56759643600003,41.44203567500006],[128.46394348100011,41.50151443500005],[128.41795349100005,41.48253631600005],[128.36912536600005,41.49333190900006],[128.31974792500012,41.466228485000045],[128.3354949950001,41.425636292000036],[128.3775177000001,41.39588928200004],[128.34066772500012,41.33089447000003],[128.34378051800002,41.320072174000074],[128.38911438000002,41.29303741500007],[128.42776489300002,41.255165100000056]]]},"properties":{"shapeName":"Unhung","shapeISO":"","shapeID":"82179303B62384537244682","shapeGroup":"PRK","shapeType":"ADM2"}},
{"type":"Feature","geometry":{"type":"Polygon","coordinates":[[[125.30778355200005,39.52577538200006],[125.33663976000003,39.54695213700006],[125.37075672600008,39.55233161700005],[125.39354830000002,39.57505443300005],[125.42695074100004,39.58075895200005],[125.50391387900004,39.64702224700005],[125.5630874630001,39.66059112500005],[125.5607757570001,39.693981171000075],[125.51546478300008,39.708145142000035],[125.5270080570001,39.76926422100007],[125.45938873300008,39.80302429200003],[125.41599273700001,39.76990127600004],[125.39982605000012,39.77555465700004],[125.37457275400004,39.80629348800005],[125.36465454100005,39.80220413200004],[125.36270904500009,39.73404693600003],[125.30147552500011,39.64818573000008],[125.29358673100012,39.600948334000066],[125.30778355200005,39.52577538200006]]]},"properties":{"shapeName":"Unjon","shapeISO":"","shapeID":"82179303B11827018498152","shapeGroup":"PRK","shapeType":"ADM2"}},
{"type":"Feature","geometry":{"type":"Polygon","coordinates":[[[125.82704925500002,39.22008132900004],[125.85979461700003,39.18521499600007],[125.88574218700012,39.22157669100005],[125.85448455800008,39.239746094000054],[125.82704925500002,39.22008132900004]]]},"properties":{"shapeName":"Unjong Dist.","shapeISO":"","shapeID":"82179303B85891331606678","shapeGroup":"PRK","shapeType":"ADM2"}},
{"type":"Feature","geometry":{"type":"Polygon","coordinates":[[[125.78430175800008,38.31549453700006],[125.81025695800008,38.30165863000008],[125.8144226070001,38.31694030800003],[125.83360290500002,38.31971740700004],[125.86870575000012,38.26562118500004],[125.89600372300004,38.269321442000034],[125.925498962,38.28540420500008],[125.9229507450001,38.35268402100007],[125.94642639200003,38.41452789300007],[125.94657135000011,38.42797851600005],[125.9308929440001,38.43669891400003],[125.91716003400006,38.419967651000036],[125.89101409900002,38.41195297200005],[125.87490081800001,38.42812728900003],[125.83252716100003,38.42552948000008],[125.75817871100003,38.47949981700003],[125.70709228500004,38.48619461100003],[125.69727325400004,38.48939895600006],[125.69941711400008,38.41554260300006],[125.72664642300003,38.38526916500007],[125.69886779800004,38.35665893600003],[125.745246887,38.343048096000075],[125.75277710000012,38.32694244400005],[125.73387146000005,38.30971527100007],[125.75888061500007,38.302772522000055],[125.78430175800008,38.31549453700006]]]},"properties":{"shapeName":"Unpha","shapeISO":"","shapeID":"82179303B22390657322605","shapeGroup":"PRK","shapeType":"ADM2"}},
{"type":"Feature","geometry":{"type":"MultiPolygon","coordinates":[[[[125.07443352100006,38.59251527400005],[125.07637838500011,38.600959387000046],[125.06487291300004,38.59540637600003],[125.07443352100006,38.59251527400005]]],[[[125.0010820440001,38.65220359400007],[124.98975337800005,38.667936034000036],[124.98596842400002,38.64210602000003],[125.00000156400006,38.63938845000007],[124.98213108400012,38.62681559500004],[124.98420691500007,38.61487465600004],[125.01584532600009,38.63413011500006],[125.02011158400012,38.65468214900005],[125.0010820440001,38.65220359400007]]],[[[125.30250549300001,38.51542282100007],[125.31558990500002,38.52077865600006],[125.31602478000002,38.56114578200004],[125.3259124760001,38.571887970000034],[125.37497711200001,38.59061813400007],[125.36857605000012,38.60139846800007],[125.30788480700005,38.62184319200003],[125.29929445100004,38.624517120000064],[125.29548657900011,38.64633953600003],[125.26480095400007,38.65646003000006],[125.26909668000008,38.66486485200005],[125.24655558100005,38.65766876200007],[125.24092865000011,38.62763214100005],[125.2259674070001,38.61454772900004],[125.18383789100005,38.60652923600003],[125.16577007500007,38.618168483000034],[125.1231991730001,38.66851883800007],[125.10846863300003,38.650645084000075],[125.13091314400003,38.61251724600004],[125.13284163700007,38.59508223200004],[125.12426655600007,38.59062934600007],[125.14144291000002,38.576854867000065],[125.13678047600001,38.564789509000036],[125.12590692100002,38.57388191000007],[125.11266940700011,38.56881675200003],[125.08748768100008,38.57720520400005],[125.07286846300008,38.53733877600007],[125.03623037700004,38.55436451700007],[125.0525423470001,38.56626616500006],[125.038941399,38.58387143600004],[125.00991929100007,38.57850860700006],[125.06771087600009,38.49169540400004],[125.07719421400009,38.46476364100005],[125.07099914600008,38.45124435400004],[125.11598968500005,38.43777465800008],[125.12850189200003,38.38931274400005],[125.18676757800006,38.35421752900004],[125.18693542500012,38.370357513000044],[125.21331024200003,38.39989852900004],[125.27518463100012,38.445182800000055],[125.26306915300006,38.48321533200004],[125.30250549300001,38.51542282100007]]]]},"properties":{"shapeName":"Unryul","shapeISO":"","shapeID":"82179303B17598108149664","shapeGroup":"PRK","shapeType":"ADM2"}},
{"type":"Feature","geometry":{"type":"Polygon","coordinates":[[[125.96726226800001,40.22164535500008],[125.93858337400002,40.217765808000024],[125.90415954600007,40.23915863000008],[125.80998230000012,40.22082519500003],[125.75000000000011,40.257499695000035],[125.70207977300004,40.27502059900007],[125.67792511000005,40.249542236000025],[125.6831817630001,40.20501709000007],[125.65937042200005,40.17177581800007],[125.68151092500011,40.14662170400004],[125.67792511000005,40.13551712000003],[125.65475463900009,40.12452316300005],[125.65370941200001,40.088375092000035],[125.67016601600005,40.06393432600004],[125.67155456500006,40.027088165000066],[125.68901825000012,39.98720550500008],[125.71248626700003,39.974010468000074],[125.72793579100005,39.943332672000054],[125.78870391800001,39.898483276000036],[125.81506347700008,39.90667724600007],[125.8158645630001,39.93448257400007],[125.83824157700008,39.91766738900003],[125.86139679000007,39.92755508400006],[125.86611175500002,39.97869491600005],[125.88896942100007,39.97856521600005],[125.93563842800006,40.01167297400008],[125.95841980000012,40.008758545000035],[126.00272369400011,40.08324432400008],[125.997200012,40.10866165200008],[126.01734924300001,40.12801361100003],[126.09545898400006,40.11936569200003],[125.96726226800001,40.22164535500008]]]},"properties":{"shapeName":"Unsan","shapeISO":"","shapeID":"82179303B31233151456599","shapeGroup":"PRK","shapeType":"ADM2"}},
{"type":"Feature","geometry":{"type":"Polygon","coordinates":[[[126.08219909700006,39.53366851800007],[126.07865142800006,39.50676345800008],[126.09764862100008,39.45560073900003],[126.01909637500012,39.420780182000044],[125.98940277100007,39.38586044300007],[125.94048309300001,39.38058090200008],[125.98662567100007,39.343574524000076],[126.00540161100002,39.358917236000025],[126.04789733900009,39.37228393600003],[126.11904144300001,39.32369995100004],[126.16129303000002,39.31554031400003],[126.18101501500007,39.33164215100004],[126.1878814700001,39.36391830400004],[126.21736908000003,39.380004883000026],[126.19808197000009,39.40426254300007],[126.20476532000009,39.42039489700005],[126.28978729200003,39.44982147200005],[126.38555145300006,39.45713043200004],[126.352104187,39.49005127000004],[126.26444244400011,39.51714325000006],[126.21909332300004,39.54145431500007],[126.1344299320001,39.544322968000074],[126.08219909700006,39.53366851800007]]]},"properties":{"shapeName":"Unsan","shapeISO":"","shapeID":"82179303B62623868631396","shapeGroup":"PRK","shapeType":"ADM2"}},
{"type":"Feature","geometry":{"type":"Polygon","coordinates":[[[125.68293374900009,40.765505338000025],[125.60088253900005,40.756120284000076],[125.58299241400005,40.774111908000066],[125.56468319300006,40.77329336300005],[125.54763125900001,40.75915872400003],[125.5350813230001,40.72050046800007],[125.47606748400005,40.71906965100004],[125.4554074020001,40.700216917000034],[125.45123937000005,40.669361035000065],[125.41377946400007,40.67081477100004],[125.41125743000009,40.65439344300006],[125.49859619100005,40.61554718000008],[125.54637146000005,40.569442749000075],[125.59275817900004,40.57332611100003],[125.61331176800002,40.51361084000007],[125.59304809600008,40.48304748500004],[125.57527160600011,40.42360687300004],[125.59900665300006,40.39446258500004],[125.62088012700008,40.37823867800006],[125.65497589100005,40.40131759600007],[125.66511535600011,40.435371399000076],[125.64320373500004,40.518398285000046],[125.67269897500012,40.534755707000045],[125.68924713100012,40.55927658100006],[125.67982482900004,40.59194946300005],[125.71713256800001,40.64312744100005],[125.69686889600007,40.662761688000046],[125.71691131600005,40.709064484000066],[125.71100616500007,40.74769973800005],[125.68293374900009,40.765505338000025]]]},"properties":{"shapeName":"Usi","shapeISO":"","shapeID":"82179303B10804861284408","shapeGroup":"PRK","shapeType":"ADM2"}},
{"type":"Feature","geometry":{"type":"Polygon","coordinates":[[[125.97937774700006,40.72092819200003],[126.01314544700006,40.690208435000045],[125.99950408900008,40.63301467900004],[126.03836059600008,40.61125946000004],[126.06392669700006,40.56498336800007],[126.11442565900006,40.54637908900003],[126.18445587200006,40.56506729100005],[126.23367309600008,40.59777832000003],[126.24423217800006,40.67131042500006],[126.22831726100003,40.70669937100007],[126.2286148070001,40.733928680000076],[126.25481414800004,40.74756240800008],[126.30033874500009,40.73942565900006],[126.33300018300008,40.74761581400003],[126.39798736600005,40.731311798000036],[126.44082641600005,40.77764892600004],[126.42485809300001,40.807586670000035],[126.43168640100009,40.837547302000075],[126.48273468000002,40.87222671500007],[126.44661712600009,40.89917373700007],[126.37317657500012,40.84840011600005],[126.35031127900004,40.84293746900005],[126.31491088900009,40.88375473000008],[126.23714447000009,40.921825409000064],[126.20514679000007,40.953227997000056],[126.17594146700003,40.98713684100005],[126.15648651100003,40.99529266400003],[126.10442352300004,41.00070190400004],[126.06877211200003,40.985927091000065],[126.07710234500007,40.97382057900006],[126.04891819500006,40.96181743200003],[126.0345772820001,40.925398716000075],[126.00054871900011,40.93333205700003],[125.973107808,40.913660777000075],[125.97924034900007,40.90649686900008],[125.99890835400004,40.916889120000064],[126.02181125000004,40.89918234900006],[125.99024159700002,40.892905744000075],[125.97084862300005,40.902682448000064],[125.96140261000005,40.88319452300004],[125.93849316600006,40.876364581000075],[125.90901244000008,40.88607907700003],[125.91018787100006,40.910694369000055],[125.89323822100005,40.89651389100004],[125.87752533000003,40.801761627000076],[125.90678405800008,40.79633712800006],[125.97937774700006,40.72092819200003]]]},"properties":{"shapeName":"Wiwon","shapeISO":"","shapeID":"82179303B10108678790042","shapeGroup":"PRK","shapeType":"ADM2"}},
{"type":"Feature","geometry":{"type":"Polygon","coordinates":[[[127.52427981300002,39.13344240600003],[127.48319283400008,39.16991709700005],[127.47543302500003,39.19446690600006],[127.46771905500009,39.156008376000045],[127.444298838,39.152442793000034],[127.4313134360001,39.17326658400003],[127.38451650600007,39.197336678000056],[127.257865906,39.20024871800007],[127.21853637700008,39.17879867600004],[127.20000457800006,39.149925232000044],[127.22090148900008,39.09537506100003],[127.26944732700008,39.06567764300007],[127.27584838900009,39.054901123000036],[127.26252746600005,39.02801513700007],[127.28192901600005,39.01452636700003],[127.45878601100003,39.10295486500007],[127.50433349600007,39.097480774000076],[127.51744842500011,39.10552215600006],[127.52427981300002,39.13344240600003]]]},"properties":{"shapeName":"Wonsan City","shapeISO":"","shapeID":"82179303B41531617373143","shapeGroup":"PRK","shapeType":"ADM2"}},
{"type":"Feature","geometry":{"type":"Polygon","coordinates":[[[127.02551269500009,39.20433807400008],[126.99552917500012,39.21554565400004],[126.9435882570001,39.21054840100004],[126.92192077600009,39.219154358000026],[126.93247985800008,39.25777435300006],[126.90971374500009,39.285552979000045],[126.87943267800006,39.28610992400007],[126.8494262700001,39.26776886000005],[126.8361129760001,39.29999542200005],[126.81944274900002,39.312210083000025],[126.79582214400011,39.31526947000003],[126.73803710900006,39.29721832300004],[126.70817565900006,39.309047699000075],[126.62709045400004,39.311885834000066],[126.62663269000006,39.268829346000075],[126.58039093000002,39.20972442600004],[126.57997894300001,39.17115783700007],[126.63498687700007,39.134994507000044],[126.73027038600003,39.14694213900003],[126.77110290500002,39.123603821000074],[126.8394317630001,39.106941223000035],[126.91776275600012,39.06137847900004],[126.9820098880001,39.06920623800005],[126.99497985800008,39.123603821000074],[127.06247711200001,39.15499115000006],[127.06169891400009,39.17375183100006],[127.02551269500009,39.20433807400008]]]},"properties":{"shapeName":"Yangdok","shapeISO":"","shapeID":"82179303B23606982482595","shapeGroup":"PRK","shapeType":"ADM2"}},
{"type":"Feature","geometry":{"type":"Polygon","coordinates":[[[127.08548736600005,39.84793090800008],[127.03414917000009,39.84526825000006],[127.00776672400002,39.82471466100003],[126.96999359100005,39.857772827000076],[126.90950775100009,39.86655426000004],[126.863334656,39.86494064300007],[126.8027572630001,39.85166168200004],[126.77609252900004,39.83554840100004],[126.75498962400002,39.78137970000006],[126.71665954600007,39.73304748500004],[126.72164917000009,39.72165679900007],[126.75166320800008,39.717208862000064],[126.75637817400002,39.70555114700005],[126.70220947300004,39.65804290800003],[126.71555328400007,39.59638214100005],[126.68131256100003,39.56994247400007],[126.66970825200008,39.540550232000044],[126.67886352500011,39.518325806000064],[126.74108886700003,39.46832275400004],[126.71163940400004,39.39922332800006],[126.7280502320001,39.40084838900003],[126.76316833500005,39.372837067000034],[126.78100585900006,39.42557525600006],[126.77503967300004,39.445079803000056],[126.7955856320001,39.47833633400006],[126.79296112100008,39.50059890700004],[126.85253143300008,39.52807235700004],[126.9343872070001,39.535392761000026],[126.95111846900011,39.54975509600007],[126.98703765900007,39.54955291700003],[127.00687408400006,39.55778121900005],[127.02383422900004,39.57993698100006],[127.05950927700007,39.57138824500004],[127.17428588900009,39.59928512600004],[127.15977478000002,39.65146637000004],[127.19362640400004,39.69299316400003],[127.17506408700001,39.72925186200007],[127.17283630400004,39.76541900600006],[127.1635208130001,39.78216171300005],[127.1473541260001,39.78781509400005],[127.14145660400004,39.810100555000076],[127.1219406130001,39.81299209600007],[127.08548736600005,39.84793090800008]]]},"properties":{"shapeName":"Yodok","shapeISO":"","shapeID":"82179303B84023939599766","shapeGroup":"PRK","shapeType":"ADM2"}},
{"type":"Feature","geometry":{"type":"MultiPolygon","coordinates":[[[[124.35405803700007,39.85373635000008],[124.35901514700004,39.868558568000026],[124.33474691700007,39.87334214600003],[124.33802109800001,39.85158848800006],[124.35405803700007,39.85373635000008]]],[[[124.38272021700004,39.84639891100005],[124.39129529700006,39.86507156500005],[124.36411304700005,39.87194407100003],[124.36820904700005,39.847669293000024],[124.38272021700004,39.84639891100005]]],[[[124.6485900880001,39.87280273400006],[124.68378448500005,39.97432708700006],[124.6543197630001,39.97171783400006],[124.57029724100005,40.002788544000055],[124.5441741940001,40.00293731700003],[124.46501159700006,39.975578308000024],[124.45378112800006,39.92558288600003],[124.414604187,39.925804138000046],[124.3750228880001,39.91212844800003],[124.35184478800011,39.90113449100005],[124.35766767900009,39.880865355000026],[124.39160961900006,39.86940658100008],[124.40908064900009,39.827565821000064],[124.41945652800007,39.82364990100007],[124.413278149,39.79781988700006],[124.42558252100002,39.79732221100005],[124.45848149200003,39.83274230200004],[124.47289700600004,39.82482269500008],[124.58280181900011,39.869220734000066],[124.6485900880001,39.87280273400006]]]]},"properties":{"shapeName":"Yomju","shapeISO":"","shapeID":"82179303B57222251804338","shapeGroup":"PRK","shapeType":"ADM2"}},
{"type":"Feature","geometry":{"type":"MultiPolygon","coordinates":[[[[126.16699825900002,37.828904229000045],[126.15534872300009,37.82619975600005],[126.15815797000005,37.816272439000045],[126.16699825900002,37.828904229000045]]],[[[125.9363897400001,37.83925382500007],[125.9555451010001,37.828923874000054],[125.97722017900003,37.82912687400005],[125.96417911600008,37.84500665100006],[125.96972557900006,37.86322419500004],[125.95294867500002,37.87963766400003],[125.97619536000002,37.88989894700006],[126.03073994200008,37.84582519700007],[126.04667538100011,37.871835291000025],[126.05708400200001,37.87159627600005],[126.0663368380001,37.80674129800008],[126.09554908100006,37.78469623700005],[126.10428459600007,37.78819306200006],[126.09866282700011,37.75022893400006],[126.15656344400008,37.73922113700007],[126.17088471200009,37.774854049000055],[126.15030648400011,37.82692007600008],[126.15617381700008,37.836166363000075],[126.1945337410001,37.84572886300003],[126.19133758500004,37.86238098100006],[126.21148681600005,37.91884613000008],[126.18240356400008,37.94043731700003],[126.1891174320001,37.959255219000056],[126.13099670400004,38.00781631500007],[126.11865997300004,38.07108306900005],[126.03417205800008,38.09143066400003],[125.98801422100007,38.04040527300003],[126.0363616940001,37.99186325100004],[125.97071838400007,37.94625473000008],[125.94417572000009,37.900562286000024],[125.9363897400001,37.83925382500007]]]]},"properties":{"shapeName":"Yonan","shapeISO":"","shapeID":"82179303B35883429877711","shapeGroup":"PRK","shapeType":"ADM2"}},
{"type":"Feature","geometry":{"type":"Polygon","coordinates":[[[127.5991439820001,40.05500793500005],[127.59221649200003,40.041141510000045],[127.56609344500009,40.041286469000056],[127.54396057100007,40.06644821200007],[127.49227142300003,40.086208344000056],[127.48995971700003,40.119594574000075],[127.44496917700008,40.144882202000076],[127.42386627200005,40.206192017000035],[127.38873291000004,40.23420333900003],[127.393119812,40.25538253800005],[127.31331634500009,40.223506927000074],[127.28098297100007,40.23482132000004],[127.26123809800004,40.229366302000074],[127.21162414600008,40.207405090000066],[127.17010498000002,40.16671371500007],[127.17359924300001,40.12554931600005],[127.11244964600007,40.08327484100005],[127.20365905800008,40.04336166400003],[127.23973846400008,40.04871749900008],[127.2457046510001,40.02921676600005],[127.21791076700003,39.97096633900003],[127.26545715300006,39.92063522300003],[127.30471801800002,39.923191071000076],[127.33784484900002,39.93969345100004],[127.4260864260001,39.94196701000004],[127.46392059300001,39.89447021500007],[127.55136108400006,39.98296737700008],[127.5844955440001,39.99946975700004],[127.59803009000007,40.01607513400006],[127.5991439820001,40.05500793500005]]]},"properties":{"shapeName":"Yonggwang","shapeISO":"","shapeID":"82179303B97977133847329","shapeGroup":"PRK","shapeType":"ADM2"}},
{"type":"Feature","geometry":{"type":"Polygon","coordinates":[[[129.32099914600008,41.89497757000004],[129.29682922400002,41.91243362400007],[129.3002624510001,41.92877578700006],[129.27774047900004,41.95598983800005],[129.25828552200005,41.96414566000004],[129.21253967300004,41.95049667400008],[129.19630432100007,41.95593261700003],[129.18687439000007,41.98860549900007],[129.03811645500002,42.089252472000055],[129.01406860400004,42.08929061900005],[129.01666259800004,42.054161072000056],[128.9819030760001,42.018325806000064],[128.9724731450001,41.99304962200006],[128.95303344700005,41.99360656700003],[128.91720581100003,41.97165679900007],[128.90859985400004,41.978599548000034],[128.89358520500002,41.96499633800005],[128.89804077100007,41.95860290500008],[128.8844299320001,41.95610046400003],[128.9080200200001,41.93888092000003],[128.89276123000002,41.937210083000025],[128.88525390600012,41.914993286000026],[128.87246704100005,41.914993286000026],[128.8577270510001,41.929161072000056],[128.8093109130001,41.92370224000007],[128.81079101600005,41.90998840300006],[128.8246765140001,41.906097412000065],[128.82162475600012,41.89499664300007],[128.83828735400004,41.89638519300007],[128.87411499000007,41.82555389400005],[128.9147033690001,41.82971954300007],[128.9260864260001,41.82193756100003],[128.92996215800008,41.72248840300006],[128.9535827640001,41.684158325000055],[128.92718505900007,41.64027404800004],[129.00637817400002,41.621658325000055],[129.05131530800008,41.56853485100004],[129.09472656200012,41.59642028800005],[129.11747741700003,41.59098815900006],[129.14402771000005,41.637298584000064],[129.18652343700012,41.65094375600006],[129.20298767100007,41.66729354900008],[129.22470092800006,41.718597412000065],[129.24453735400004,41.734851837000065],[129.242034912,41.78898620600006],[129.2983398440001,41.84316253700007],[129.32099914600008,41.89497757000004]]]},"properties":{"shapeName":"Yonsa","shapeISO":"","shapeID":"82179303B76324542059269","shapeGroup":"PRK","shapeType":"ADM2"}},
{"type":"Feature","geometry":{"type":"Polygon","coordinates":[[[126.38739013700001,38.93048095700004],[126.3030395510001,38.95915985100004],[126.28665161100002,38.95054626500007],[126.279708862,38.95749664300007],[126.27249145500002,38.95332336400003],[126.23831176800002,38.98499298100006],[126.18718719500009,38.992767334000064],[126.18414306600005,38.98165893600003],[126.17192077600009,38.98360443100006],[126.15386962900004,38.964714050000055],[126.14221191400009,38.96887970000006],[126.14360046400009,38.97887420700005],[126.12525939900002,38.97193145800003],[126.11698913600003,38.94212341300005],[126.12442016600005,38.903602600000056],[126.1733093260001,38.879158020000034],[126.2149963380001,38.830825806000064],[126.21665954600007,38.77332305900006],[126.20082092300004,38.76166534400005],[126.17565918000003,38.75913238500004],[126.18571472200006,38.75413894700006],[126.21704864500009,38.74225616500007],[126.2528762820001,38.74218368500004],[126.2956619260001,38.78245925900006],[126.35735321000004,38.76349258400006],[126.37375640900007,38.77422332800006],[126.38713836700003,38.806488037000065],[126.40022277800006,38.81184005700004],[126.42945098900009,38.80370712300004],[126.46537017800006,38.81170654300007],[126.51412200900006,38.80083847000003],[126.54998779300001,38.80374908400006],[126.5241775510001,38.82772827100007],[126.50206756600005,38.89235687300004],[126.47380828900009,38.90813446000004],[126.38739013700001,38.93048095700004]]]},"properties":{"shapeName":"Yonsan","shapeISO":"","shapeID":"82179303B92685512874627","shapeGroup":"PRK","shapeType":"ADM2"}},
{"type":"Feature","geometry":{"type":"Polygon","coordinates":[[[125.78469848600002,38.61937332200006],[125.8570861820001,38.589618683000026],[125.88988494900002,38.61108017000004],[125.90946197500011,38.61373138400006],[125.95812988300008,38.59479141200006],[126.043022156,38.61345672600004],[126.07233429000007,38.61339187600004],[126.09746551500007,38.59766769400005],[126.14777374300002,38.66167068500005],[126.20338439900002,38.683082581000065],[126.21673584000007,38.71265411400003],[126.18571472200006,38.75413894700006],[126.17565918000003,38.75913238500004],[126.1483306880001,38.75054931600005],[126.10331726100003,38.70943450900006],[126.03221130400004,38.70777130100004],[125.96887207000009,38.73721313500005],[125.94136047400002,38.74110412600004],[125.93414306600005,38.78221130400004],[125.90400695800008,38.80090332000003],[125.85552978500004,38.748386383000025],[125.82609558100012,38.73768615700004],[125.81617736800001,38.72425079300007],[125.8192291260001,38.70540618900003],[125.74391174300001,38.66789245600006],[125.78469848600002,38.61937332200006]]]},"properties":{"shapeName":"Yonthan","shapeISO":"","shapeID":"82179303B91092350263646","shapeGroup":"PRK","shapeType":"ADM2"}}
]}