{"type":"FeatureCollection", "features": [
{"type":"Feature","geometry":{"type":"Polygon","coordinates":[[[33.954305151163396,44.5059089954928],[34.18674641862407,44.56708499676682],[34.1975799991007,44.71485328157377],[33.957881170333394,44.88467084834804],[33.78226934296441,44.851048313727176],[33.60743125967707,44.947978782769724],[33.66822359117458,44.74260797935324],[33.954305151163396,44.5059089954928]]]},"properties":{"shapeName":"Bakhchysarai","shapeISO":"","shapeID":"74538382B84610439401970","shapeGroup":"UKR","shapeType":"ADM2"}},
{"type":"Feature","geometry":{"type":"Polygon","coordinates":[[[34.1975799991007,44.71485328157377],[34.25111476965168,44.66381555270891],[34.35353414232486,44.79656436830044],[34.61229273906122,44.86946656584797],[34.291081645251836,44.87232703599017],[34.09376991165789,45.22318639748261],[33.82556844916837,45.23829694054933],[33.75404805917117,45.03649271594634],[33.60027922067724,45.02385623801882],[33.60743125967707,44.947978782769724],[33.78226934296441,44.851048313727176],[33.957881170333394,44.88467084834804],[34.1975799991007,44.71485328157377]]]},"properties":{"shapeName":"Simferopol","shapeISO":"","shapeID":"74538382B84040377374615","shapeGroup":"UKR","shapeType":"ADM2"}},
{"type":"Feature","geometry":{"type":"Polygon","coordinates":[[[34.61229273906122,44.86946656584797],[34.6818611533721,44.876040089191235],[34.88407022101336,45.013745046705594],[34.851886045627964,45.114776608888974],[34.73745342163255,45.192953259372985],[34.569380505139065,45.205552353124176],[34.29558547010538,45.18478752890178],[34.20105049665369,45.27857208196201],[34.09376991165789,45.22318639748261],[34.291081645251836,44.87232703599017],[34.61229273906122,44.86946656584797]]]},"properties":{"shapeName":"Bilohirsk","shapeISO":"","shapeID":"74538382B31597126471541","shapeGroup":"UKR","shapeType":"ADM2"}},
{"type":"Feature","geometry":{"type":"Polygon","coordinates":[[[34.88407022101336,45.013745046705594],[34.92373829023472,45.065758188756945],[34.93838566610623,44.940442213399876],[35.098042063104685,44.94355253495792],[35.37599375863931,45.15549948849588],[35.45543803402387,45.24239019877223],[35.131731027608964,45.32380724069935],[35.1185483893247,45.180476400180225],[34.851886045627964,45.114776608888974],[34.88407022101336,45.013745046705594]]]},"properties":{"shapeName":"Kirovske","shapeISO":"","shapeID":"74538382B85800934600856","shapeGroup":"UKR","shapeType":"ADM2"}},
{"type":"Feature","geometry":{"type":"Polygon","coordinates":[[[35.37599375863931,45.15549948849588],[35.728153863873445,45.124567170619],[35.872338970107876,45.01303719671404],[36.42848152272586,45.07287018472209],[36.4193269128063,45.30352832320392],[36.58182123887997,45.42252289234631],[36.380419820647774,45.49797056226561],[36.00695133269028,45.36239848840387],[35.892936842426934,45.47871692512729],[35.785370175871265,45.34053992830553],[35.45543803402387,45.24239019877223],[35.37599375863931,45.15549948849588]]]},"properties":{"shapeName":"Lenine","shapeISO":"","shapeID":"74538382B91806639169097","shapeGroup":"UKR","shapeType":"ADM2"}},
{"type":"Feature","geometry":{"type":"Polygon","coordinates":[[[33.36426193412325,45.524633997289754],[33.11394056869642,45.6922432521028],[32.93871561320327,45.59724276215201],[33.09963649069698,45.57972509975224],[32.845739106206906,45.542168842161516],[32.52032133171974,45.333903756734344],[32.967323769161055,45.331389852081884],[33.36426193412325,45.524633997289754]]]},"properties":{"shapeName":"Chornomorske","shapeISO":"","shapeID":"74538382B17328028725822","shapeGroup":"UKR","shapeType":"ADM2"}},
{"type":"Feature","geometry":{"type":"Polygon","coordinates":[[[34.851886045627964,45.114776608888974],[35.1185483893247,45.180476400180225],[35.131731027608964,45.32380724069935],[34.93628010582472,45.36627287145751],[35.05071272959668,45.51561394828053],[34.73487868759253,45.34214858004873],[34.73745342163255,45.192953259372985],[34.851886045627964,45.114776608888974]]]},"properties":{"shapeName":"Sovietsky","shapeISO":"","shapeID":"74538382B10810755627981","shapeGroup":"UKR","shapeType":"ADM2"}},
{"type":"Feature","geometry":{"type":"Polygon","coordinates":[[[34.73745342163255,45.192953259372985],[34.73487868759253,45.34214858004873],[35.05071272959668,45.51561394828053],[34.85928983637149,45.70766411713555],[34.50921755307348,45.49347863558643],[34.569380505139065,45.205552353124176],[34.73745342163255,45.192953259372985]]]},"properties":{"shapeName":"Nyzhniohirskyi","shapeISO":"","shapeID":"74538382B80563569865238","shapeGroup":"UKR","shapeType":"ADM2"}},
{"type":"Feature","geometry":{"type":"Polygon","coordinates":[[[34.09376991165789,45.22318639748261],[34.20105049665369,45.27857208196201],[34.29558547010538,45.18478752890178],[34.569380505139065,45.205552353124176],[34.50921755307348,45.49347863558643],[34.332075850915885,45.54607586235488],[34.26112762393677,45.472297583445425],[34.075746773261585,45.579725099484904],[34.06889437576524,45.50308818146175],[33.92240705722452,45.546075862609825],[33.9544481919433,45.42091652587783],[33.698202210165164,45.35873774949539],[33.82556844916837,45.23829694054933],[34.09376991165789,45.22318639748261]]]},"properties":{"shapeName":"Krasnohvardiiske","shapeISO":"","shapeID":"74538382B73102854459711","shapeGroup":"UKR","shapeType":"ADM2"}},
{"type":"Feature","geometry":{"type":"Polygon","coordinates":[[[33.36426193412325,45.524633997289754],[33.435782323259616,45.41680000314733],[33.61458329834642,45.4293494402292],[33.53104748316002,45.5476786642447],[33.66836663186086,45.76523395680664],[33.59055244731644,45.85297586340937],[33.2129247884526,45.82905995997197],[33.11394056869642,45.6922432521028],[33.36426193412325,45.524633997289754]]]},"properties":{"shapeName":"Rozdolne","shapeISO":"","shapeID":"74538382B24072865224387","shapeGroup":"UKR","shapeType":"ADM2"}},
{"type":"Feature","geometry":{"type":"Polygon","coordinates":[[[34.85928983637149,45.70766411713555],[34.71428081527347,45.71252246650869],[34.796935034819114,45.78711206453511],[34.675373723114944,45.79396470511847],[34.728012730152955,45.88484774409727],[34.43964251768415,45.77481251771354],[34.58382762391858,45.9389879997741],[34.377848900726576,45.88484774409727],[34.27943684409047,46.03916712082963],[34.13754039033603,45.92943767464055],[34.0551489010594,46.0502869423936],[34.0043640643828,45.75357423253769],[34.075746773261585,45.579725099484904],[34.26112762393677,45.472297583445425],[34.332075850915885,45.54607586235488],[34.50921755307348,45.49347863558643],[34.85928983637149,45.70766411713555]]]},"properties":{"shapeName":"Dzhankoy","shapeISO":"","shapeID":"74538382B78065593112494","shapeGroup":"UKR","shapeType":"ADM2"}},
{"type":"Feature","geometry":{"type":"Polygon","coordinates":[[[34.075746773261585,45.579725099484904],[34.0043640643828,45.75357423253769],[33.66836663186086,45.76523395680664],[33.53104748316002,45.5476786642447],[33.61458329834642,45.4293494402292],[33.698202210165164,45.35873774949539],[33.9544481919433,45.42091652587783],[33.92240705722452,45.546075862609825],[34.06889437576524,45.50308818146175],[34.075746773261585,45.579725099484904]]]},"properties":{"shapeName":"Pervomaiske","shapeISO":"","shapeID":"74538382B62014959099240","shapeGroup":"UKR","shapeType":"ADM2"}},
{"type":"Feature","geometry":{"type":"Polygon","coordinates":[[[33.66836663186086,45.76523395680664],[34.0043640643828,45.75357423253769],[34.0551489010594,46.0502869423936],[33.6912531567537,46.172457261414024],[33.63174819227612,46.180381035902826],[33.582582704523986,46.10773305392564],[33.73473755387204,45.923069877508965],[33.59055244731644,45.85297586340937],[33.66836663186086,45.76523395680664]]]},"properties":{"shapeName":"Krasnoperekopsk","shapeISO":"","shapeID":"74538382B12626856106214","shapeGroup":"UKR","shapeType":"ADM2"}},
{"type":"Feature","geometry":{"type":"Polygon","coordinates":[[[33.63174819227612,46.180381035902826],[33.68610368838114,46.258863699998585],[33.24982930952865,46.38728113345826],[33.1389727051955,46.37001172850296],[33.18711338027566,46.159992136961726],[33.45008640168322,46.01851008528138],[33.582582704523986,46.10773305392564],[33.63174819227612,46.180381035902826]]]},"properties":{"shapeName":"Kalanchak","shapeISO":"","shapeID":"74538382B36897928857836","shapeGroup":"UKR","shapeType":"ADM2"}},
{"type":"Feature","geometry":{"type":"Polygon","coordinates":[[[33.1389727051955,46.37001172850296],[32.93156357414381,46.2687526663143],[32.84573910592252,46.37988062869658],[32.43092084390082,46.10287717032696],[33.18711338027566,46.159992136961726],[33.1389727051955,46.37001172850296]]]},"properties":{"shapeName":"Skadovsk","shapeISO":"","shapeID":"74538382B43795583594371","shapeGroup":"UKR","shapeType":"ADM2"}},
{"type":"Feature","geometry":{"type":"Polygon","coordinates":[[[32.84573910592252,46.37988062869658],[32.62760191671555,46.621111653408036],[32.43807288322307,46.54000031725144],[32.366270777491025,46.45279642991909],[31.62989247625478,46.564592324123396],[32.134111225734955,46.4070109087134],[31.973190348241417,46.328049004881564],[32.43092084390082,46.10287717032696],[32.84573910592252,46.37988062869658]]]},"properties":{"shapeName":"Holo Prystan","shapeISO":"","shapeID":"74538382B87705908812983","shapeGroup":"UKR","shapeType":"ADM2"}},
{"type":"Feature","geometry":{"type":"Polygon","coordinates":[[[33.24982930952865,46.38728113345826],[33.45008640144624,46.569509388397364],[33.171156880694184,46.692291147990204],[33.307045621376915,46.81479440584678],[33.06030027602657,46.78786758079548],[32.62760191671555,46.621111653408036],[32.84573910592252,46.37988062869658],[32.93156357414381,46.2687526663143],[33.1389727051955,46.37001172850296],[33.24982930952865,46.38728113345826]]]},"properties":{"shapeName":"Oleshky","shapeISO":"","shapeID":"74538382B21297633796285","shapeGroup":"UKR","shapeType":"ADM2"}},
{"type":"Feature","geometry":{"type":"Polygon","coordinates":[[[33.68610368838114,46.258863699998585],[33.6912531567537,46.172457261414024],[33.83629650766807,46.25144580470965],[33.997217385161605,46.14748990874051],[34.158138262250986,46.184639592896076],[34.147410203835534,46.47847154636037],[34.276146905718235,46.508014048522796],[33.986199868810104,46.564550900168456],[33.45008640144624,46.569509388397364],[33.24982930952865,46.38728113345826],[33.68610368838114,46.258863699998585]]]},"properties":{"shapeName":"Chaplynka","shapeISO":"","shapeID":"74538382B62779126534418","shapeGroup":"UKR","shapeType":"ADM2"}},
{"type":"Feature","geometry":{"type":"Polygon","coordinates":[[[33.45008640144624,46.569509388397364],[33.986199868810104,46.564550900168456],[34.16171428202216,46.73397350017905],[33.997798869096926,46.83444507081862],[33.61815931811759,46.89305036619413],[33.307045621376915,46.81479440584678],[33.171156880694184,46.692291147990204],[33.45008640144624,46.569509388397364]]]},"properties":{"shapeName":"Kakhovka","shapeISO":"","shapeID":"74538382B61089393980714","shapeGroup":"UKR","shapeType":"ADM2"}},
{"type":"Feature","geometry":{"type":"Polygon","coordinates":[[[34.158138262250986,46.184639592896076],[34.46746394956335,46.19330424255946],[34.71242128513347,46.38974774562064],[34.555076427139625,46.52523976430956],[34.42633972514483,46.52277928212425],[34.2260826331526,46.73397349996469],[34.16171428202216,46.73397350017905],[33.986199868810104,46.564550900168456],[34.276146905718235,46.508014048522796],[34.147410203835534,46.47847154636037],[34.158138262250986,46.184639592896076]]]},"properties":{"shapeName":"Novotroitske","shapeISO":"","shapeID":"74538382B42205538030067","shapeGroup":"UKR","shapeType":"ADM2"}},
{"type":"Feature","geometry":{"type":"Polygon","coordinates":[[[34.46746394956335,46.19330424255946],[34.59083662213823,46.15244464951337],[34.42633972514483,46.05078331080716],[34.46567593964312,45.9464480469278],[34.71242128513347,46.18711534650157],[35.048567118120275,46.24402690604609],[35.127239547117256,46.4070109087134],[34.77083176103042,46.57121801962427],[34.555076427139625,46.52523976430956],[34.71242128513347,46.38974774562064],[34.46746394956335,46.19330424255946]]]},"properties":{"shapeName":"Henichesk","shapeISO":"","shapeID":"74538382B33781793273381","shapeGroup":"UKR","shapeType":"ADM2"}},
{"type":"Feature","geometry":{"type":"Polygon","coordinates":[[[34.555076427139625,46.52523976430956],[34.77083176103042,46.57121801962427],[34.7553335191306,46.694743941929005],[34.64447691430735,46.680025505591914],[34.794669733630144,46.827029416575044],[34.2260826331526,46.73397349996469],[34.42633972514483,46.52277928212425],[34.555076427139625,46.52523976430956]]]},"properties":{"shapeName":"Ivanivka","shapeISO":"","shapeID":"74538382B92774727366654","shapeGroup":"UKR","shapeType":"ADM2"}},
{"type":"Feature","geometry":{"type":"Polygon","coordinates":[[[35.127239547117256,46.4070109087134],[35.110459763337246,46.501955356628116],[35.320344600109536,46.3675442247619],[35.32034459986579,46.42473079497273],[35.23750629244722,46.49415848152597],[35.30172214853013,46.72624554619051],[34.9412865328614,46.81479440584678],[34.794669733630144,46.827029416575044],[34.64447691430735,46.680025505591914],[34.7553335191306,46.694743941929005],[34.77083176103042,46.57121801962427],[35.127239547117256,46.4070109087134]]]},"properties":{"shapeName":"Yakymivka","shapeISO":"","shapeID":"74538382B57790499946350","shapeGroup":"UKR","shapeType":"ADM2"}},
{"type":"Feature","geometry":{"type":"Polygon","coordinates":[[[34.16171428202216,46.73397350017905],[34.2260826331526,46.73397349996469],[34.794669733630144,46.827029416575044],[34.77678963596139,46.99558827653004],[34.67418538439205,46.95054085907475],[34.54434836864016,47.0833216123508],[34.48705313776094,47.06085411177435],[34.18674641862407,46.94434387184276],[34.16607148623007,46.86267262952083],[33.997798869096926,46.83444507081862],[34.16171428202216,46.73397350017905]]]},"properties":{"shapeName":"Nyzhni Sirohozy","shapeISO":"","shapeID":"74538382B32095344223749","shapeGroup":"UKR","shapeType":"ADM2"}},
{"type":"Feature","geometry":{"type":"Polygon","coordinates":[[[32.62760191671555,46.621111653408036],[33.06030027602657,46.78786758079548],[32.81272969513731,46.858451217120546],[32.43092084390082,46.851491085748705],[32.06974287473753,46.67266478360608],[32.43807288322307,46.54000031725144],[32.62760191671555,46.621111653408036]]]},"properties":{"shapeName":"Bilozerka","shapeISO":"","shapeID":"74538382B72369548204787","shapeGroup":"UKR","shapeType":"ADM2"}},
{"type":"Feature","geometry":{"type":"Polygon","coordinates":[[[33.307045621376915,46.81479440584678],[33.61815931811759,46.89305036619413],[33.839872526865975,47.100364120105894],[33.74047156732911,47.15473850501786],[33.429362032483084,47.09630253576023],[33.34995785568702,47.002904898188945],[33.05672425625539,47.03459868017626],[32.81272969513731,46.858451217120546],[33.06030027602657,46.78786758079548],[33.307045621376915,46.81479440584678]]]},"properties":{"shapeName":"Beryslav","shapeISO":"","shapeID":"74538382B60808123109786","shapeGroup":"UKR","shapeType":"ADM2"}},
{"type":"Feature","geometry":{"type":"Polygon","coordinates":[[[33.997798869096926,46.83444507081862],[34.16607148623007,46.86267262952083],[34.18674641862407,46.94434387184276],[34.00794544353727,47.10279831909634],[33.839872526865975,47.100364120105894],[33.61815931811759,46.89305036619413],[33.997798869096926,46.83444507081862]]]},"properties":{"shapeName":"Hornostaivka","shapeISO":"","shapeID":"74538382B65177906747126","shapeGroup":"UKR","shapeType":"ADM2"}},
{"type":"Feature","geometry":{"type":"Polygon","coordinates":[[[35.32034459986579,46.42473079497273],[35.564631432193664,46.45938348448027],[35.85402975026858,46.636435428467735],[35.90895740978641,46.90917647337193],[35.8219886155498,46.99197837441557],[35.654916984516376,46.94668754396082],[35.48784535348153,46.7588694660663],[35.30172214853013,46.72624554619051],[35.23750629244722,46.49415848152597],[35.32034459986579,46.42473079497273]]]},"properties":{"shapeName":"Pryazovske","shapeISO":"","shapeID":"74538382B73890092439247","shapeGroup":"UKR","shapeType":"ADM2"}},
{"type":"Feature","geometry":{"type":"Polygon","coordinates":[[[33.74047156732911,47.15473850501786],[33.510878733065624,47.30929850655423],[33.12819532228883,47.41627752889923],[33.23194921219175,47.26320940070332],[32.97447580780522,47.156322536180085],[32.92441153520389,47.0516567711569],[33.05672425625539,47.03459868017626],[33.34995785568702,47.002904898188945],[33.429362032483084,47.09630253576023],[33.74047156732911,47.15473850501786]]]},"properties":{"shapeName":"Velyka Oleksandrivka","shapeISO":"","shapeID":"74538382B19608093506995","shapeGroup":"UKR","shapeType":"ADM2"}},
{"type":"Feature","geometry":{"type":"Polygon","coordinates":[[[34.48705313776094,47.06085411177435],[34.3009905057051,47.09113124664492],[34.14025816515601,47.24621908047612],[33.98402310627614,47.240693959775456],[33.839872526865975,47.100364120105894],[34.00794544353727,47.10279831909634],[34.18674641862407,46.94434387184276],[34.48705313776094,47.06085411177435]]]},"properties":{"shapeName":"Velyka Lepetkya","shapeISO":"","shapeID":"74538382B83290488809947","shapeGroup":"UKR","shapeType":"ADM2"}},
{"type":"Feature","geometry":{"type":"Polygon","coordinates":[[[34.48705313776094,47.06085411177435],[34.54434836864016,47.0833216123508],[34.53968974605681,47.168902569420084],[34.46699799661707,47.32107143253353],[34.2725708866509,47.3141476556342],[34.2725708866509,47.40377666235787],[34.115226028589404,47.45941525851714],[33.98402310627614,47.240693959775456],[34.14025816515601,47.24621908047612],[34.3009905057051,47.09113124664492],[34.48705313776094,47.06085411177435]]]},"properties":{"shapeName":"Verkhniy Rohackyk","shapeISO":"","shapeID":"74538382B88832969225176","shapeGroup":"UKR","shapeType":"ADM2"}},
{"type":"Feature","geometry":{"type":"Polygon","coordinates":[[[33.839872526865975,47.100364120105894],[33.98402310627614,47.240693959775456],[34.115226028589404,47.45941525851714],[34.04833607206035,47.47934119540611],[33.64676747417553,47.50774883633704],[33.65749553267506,47.39409438011381],[33.510878733065624,47.30929850655423],[33.74047156732911,47.15473850501786],[33.839872526865975,47.100364120105894]]]},"properties":{"shapeName":"Novovorontsovka","shapeISO":"","shapeID":"74538382B85739457006484","shapeGroup":"UKR","shapeType":"ADM2"}},
{"type":"Feature","geometry":{"type":"Polygon","coordinates":[[[33.510878733065624,47.30929850655423],[33.65749553267506,47.39409438011381],[33.64676747417553,47.50774883633704],[33.56809504491372,47.58981386987392],[33.35971972595826,47.50143841520298],[33.110364549196504,47.565690433710984],[33.14040637528359,47.48319196989985],[33.12819532228883,47.41627752889923],[33.510878733065624,47.30929850655423]]]},"properties":{"shapeName":"Vysokopillia","shapeISO":"","shapeID":"74538382B44474254323889","shapeGroup":"UKR","shapeType":"ADM2"}},
{"type":"Feature","geometry":{"type":"Polygon","coordinates":[[[32.81272969513731,46.858451217120546],[33.05672425625539,47.03459868017626],[32.92441153520389,47.0516567711569],[32.97447580780522,47.156322536180085],[32.80030709575328,47.11742871589814],[32.69264077136933,47.18959593578916],[32.58246788548172,47.13892541642588],[32.36297647363733,46.88113592228109],[32.43092084390082,46.851491085748705],[32.81272969513731,46.858451217120546]]]},"properties":{"shapeName":"Snihurivka","shapeISO":"","shapeID":"74538382B23953232699474","shapeGroup":"UKR","shapeType":"ADM2"}},
{"type":"Feature","geometry":{"type":"Polygon","coordinates":[[[32.43092084390082,46.851491085748705],[32.36297647363733,46.88113592228109],[32.58246788548172,47.13892541642588],[32.28670653037011,47.169624020737274],[31.92156156641994,47.018449392090474],[31.94716182508364,46.83884447719436],[32.003147338789816,46.702489041950436],[32.06974287473753,46.67266478360608],[32.43092084390082,46.851491085748705]]]},"properties":{"shapeName":"Vitovka","shapeISO":"","shapeID":"74538382B2161330582129","shapeGroup":"UKR","shapeType":"ADM2"}},
{"type":"Feature","geometry":{"type":"Polygon","coordinates":[[[33.12819532228883,47.41627752889923],[33.14040637528359,47.48319196989985],[32.973024139756376,47.41895776593958],[32.872137935804574,47.52198208513954],[32.86999959219435,47.520014781394764],[32.82641522356391,47.43900898465694],[32.75410360652313,47.48494697042645],[32.782041258856566,47.231348078331564],[32.69264077136933,47.18959593578916],[32.80030709575328,47.11742871589814],[32.97447580780522,47.156322536180085],[33.23194921219175,47.26320940070332],[33.12819532228883,47.41627752889923]]]},"properties":{"shapeName":"Bereznehuvate","shapeISO":"","shapeID":"74538382B30589256184120","shapeGroup":"UKR","shapeType":"ADM2"}},
{"type":"Feature","geometry":{"type":"Polygon","coordinates":[[[31.94716182508364,46.83884447719436],[31.69247281728667,46.8925921674512],[31.63100998224087,46.839108757479835],[31.607781000323143,46.66164138650157],[31.485734190166852,46.59777385803818],[32.003147338789816,46.702489041950436],[31.94716182508364,46.83884447719436]]]},"properties":{"shapeName":"Ochakiv","shapeISO":"","shapeID":"74538382B72550121130033","shapeGroup":"UKR","shapeType":"ADM2"}},
{"type":"Feature","geometry":{"type":"Polygon","coordinates":[[[31.92156156641994,47.018449392090474],[31.709235408907944,47.34126437695534],[31.42985888515591,47.05272272053634],[31.66453516515969,46.99177713957732],[31.63100998224087,46.839108757479835],[31.69247281728667,46.8925921674512],[31.94716182508364,46.83884447719436],[31.92156156641994,47.018449392090474]]]},"properties":{"shapeName":"Mykolaiv","shapeISO":"","shapeID":"74538382B8424812087391","shapeGroup":"UKR","shapeType":"ADM2"}},
{"type":"Feature","geometry":{"type":"Polygon","coordinates":[[[32.28670653037011,47.169624020737274],[32.15623784639047,47.28443963536586],[32.20093809013872,47.57549192019263],[31.977078479119655,47.55593564133818],[31.6701226952884,47.40181009269537],[31.709235408907944,47.34126437695534],[31.92156156641994,47.018449392090474],[32.28670653037011,47.169624020737274]]]},"properties":{"shapeName":"Nova Odesa","shapeISO":"","shapeID":"74538382B84492064754997","shapeGroup":"UKR","shapeType":"ADM2"}},
{"type":"Feature","geometry":{"type":"Polygon","coordinates":[[[32.69264077136933,47.18959593578916],[32.782041258856566,47.231348078331564],[32.75410360652313,47.48494697042645],[32.530602387725025,47.44717376828339],[32.42916471171702,47.603763722667566],[32.20093809013872,47.57549192019263],[32.15623784639047,47.28443963536586],[32.28670653037011,47.169624020737274],[32.58246788548172,47.13892541642588],[32.69264077136933,47.18959593578916]]]},"properties":{"shapeName":"Bashtanka","shapeISO":"","shapeID":"74538382B39145583667330","shapeGroup":"UKR","shapeType":"ADM2"}},
{"type":"Feature","geometry":{"type":"Polygon","coordinates":[[[31.42985888515591,47.05272272053634],[31.351633458922095,46.93839268012289],[31.30693321506459,46.98796573038766],[31.14325416146704,46.96967349865122],[31.30421634223444,46.76661445637052],[31.211945197021578,46.555525318630316],[31.63100998224087,46.839108757479835],[31.66453516515969,46.99177713957732],[31.42985888515591,47.05272272053634]]]},"properties":{"shapeName":"Berezanka","shapeISO":"","shapeID":"74538382B1113173119948","shapeGroup":"UKR","shapeType":"ADM2"}},
{"type":"Feature","geometry":{"type":"Polygon","coordinates":[[[31.709235408907944,47.34126437695534],[31.6701226952884,47.40181009269537],[31.57625218375705,47.44732491499542],[31.28301858447253,47.48600422925449],[30.831233951416777,47.385773821439216],[30.772600360358467,47.35414144715128],[30.73946362056813,47.3020239490682],[31.011241102520387,47.345656278518334],[31.247258389455283,47.27776819348799],[31.207938232950653,47.21222536340184],[31.375995091338154,47.124701099979745],[31.30693321506459,46.98796573038766],[31.351633458922095,46.93839268012289],[31.42985888515591,47.05272272053634],[31.709235408907944,47.34126437695534]]]},"properties":{"shapeName":"Veselynove","shapeISO":"","shapeID":"74538382B16168555985033","shapeGroup":"UKR","shapeType":"ADM2"}},
{"type":"Feature","geometry":{"type":"Polygon","coordinates":[[[33.110364549196504,47.565690433710984],[33.00308396417853,47.62115772180118],[33.100961788669,47.72406184996987],[33.03984733548748,47.905263642704426],[33.02096406170017,47.995819602837116],[32.902635024641256,48.01022022551825],[32.74561056021105,47.99103334489246],[32.63475395558959,47.837638642144384],[32.809978910905045,47.81122812731434],[32.872137935804574,47.52198208513954],[32.973024139756376,47.41895776593958],[33.14040637528359,47.48319196989985],[33.110364549196504,47.565690433710984]]]},"properties":{"shapeName":"Kazanka","shapeISO":"","shapeID":"74538382B29888444022224","shapeGroup":"UKR","shapeType":"ADM2"}},
{"type":"Feature","geometry":{"type":"Polygon","coordinates":[[[32.86999959219435,47.520014781394764],[32.872137935804574,47.52198208513954],[32.809978910905045,47.81122812731434],[32.63475395558959,47.837638642144384],[32.47810196881056,47.828267984860815],[32.273575986229616,47.81603103838199],[32.42916471171702,47.603763722667566],[32.530602387725025,47.44717376828339],[32.75410360652313,47.48494697042645],[32.82641522356391,47.43900898465694],[32.86999959219435,47.520014781394764]]]},"properties":{"shapeName":"Novyi Buh","shapeISO":"","shapeID":"74538382B79754688878625","shapeGroup":"UKR","shapeType":"ADM2"}},
{"type":"Feature","geometry":{"type":"Polygon","coordinates":[[[32.20093809013872,47.57549192019263],[32.42916471171702,47.603763722667566],[32.273575986229616,47.81603103838199],[32.19132753773272,47.74153598780168],[32.05186277689643,47.832837729994935],[31.898093938411762,47.799218905076714],[31.744325099926925,47.72229413061689],[31.977078479119655,47.55593564133818],[32.20093809013872,47.57549192019263]]]},"properties":{"shapeName":"Yelanets","shapeISO":"","shapeID":"74538382B14537158586651","shapeGroup":"UKR","shapeType":"ADM2"}},
{"type":"Feature","geometry":{"type":"Polygon","coordinates":[[[31.977078479119655,47.55593564133818],[31.744325099926925,47.72229413061689],[31.539453530379774,47.767726291684426],[31.31162674076745,47.760770735726396],[31.57625218375705,47.44732491499542],[31.6701226952884,47.40181009269537],[31.977078479119655,47.55593564133818]]]},"properties":{"shapeName":"Voznesensk","shapeISO":"","shapeID":"74538382B59692398614753","shapeGroup":"UKR","shapeType":"ADM2"}},
{"type":"Feature","geometry":{"type":"Polygon","coordinates":[[[31.898093938411762,47.799218905076714],[31.858757724245777,48.026919458692134],[31.540491988758447,48.108168881129814],[31.539453530379774,47.767726291684426],[31.744325099926925,47.72229413061689],[31.898093938411762,47.799218905076714]]]},"properties":{"shapeName":"Bratske","shapeISO":"","shapeID":"74538382B69774355156403","shapeGroup":"UKR","shapeType":"ADM2"}},
{"type":"Feature","geometry":{"type":"Polygon","coordinates":[[[31.539453530379774,47.767726291684426],[31.540491988758447,48.108168881129814],[31.53512795952662,48.10936276866903],[31.26156246764191,48.1702142574602],[31.129249745987806,47.91439283537312],[31.202342360337855,47.86182626188664],[31.31162674076745,47.760770735726396],[31.539453530379774,47.767726291684426]]]},"properties":{"shapeName":"Arbuzynka","shapeISO":"","shapeID":"74538382B18710182758525","shapeGroup":"UKR","shapeType":"ADM2"}},
{"type":"Feature","geometry":{"type":"Polygon","coordinates":[[[31.57625218375705,47.44732491499542],[31.31162674076745,47.760770735726396],[31.202342360337855,47.86182626188664],[30.911112556783223,47.81603103838199],[30.832440127433586,47.613926192250005],[30.91969500358283,47.4792374040336],[30.831233951416777,47.385773821439216],[31.28301858447253,47.48600422925449],[31.57625218375705,47.44732491499542]]]},"properties":{"shapeName":"Domanivka","shapeISO":"","shapeID":"74538382B97324557643268","shapeGroup":"UKR","shapeType":"ADM2"}},
{"type":"Feature","geometry":{"type":"Polygon","coordinates":[[[31.26156246764191,48.1702142574602],[31.223843485337227,48.22903843718319],[30.722545055934233,48.15781684731712],[30.639335074793962,48.15590274922357],[30.793103913287894,48.053220072781585],[30.675095269792394,47.89761257061514],[30.828864108286496,47.76557831191138],[30.911112556783223,47.81603103838199],[31.202342360337855,47.86182626188664],[31.129249745987806,47.91439283537312],[31.26156246764191,48.1702142574602]]]},"properties":{"shapeName":"Pervomaisk","shapeISO":"","shapeID":"74538382B15723930579981","shapeGroup":"UKR","shapeType":"ADM2"}},
{"type":"Feature","geometry":{"type":"Polygon","coordinates":[[[30.639335074793962,48.15590274922357],[30.396165748581154,48.153517109423206],[30.369886205627495,48.12092854449395],[30.237334613986626,48.013753760310294],[30.338949436733117,47.842439110702344],[30.490858733941785,47.821697889085456],[30.675095269792394,47.89761257061514],[30.793103913287894,48.053220072781585],[30.639335074793962,48.15590274922357]]]},"properties":{"shapeName":"Kryve Ozero","shapeISO":"","shapeID":"74538382B94391556881320","shapeGroup":"UKR","shapeType":"ADM2"}},
{"type":"Feature","geometry":{"type":"Polygon","coordinates":[[[30.911112556783223,47.81603103838199],[30.828864108286496,47.76557831191138],[30.675095269792394,47.89761257061514],[30.490858733941785,47.821697889085456],[30.435501963301874,47.63561778079742],[30.832440127433586,47.613926192250005],[30.911112556783223,47.81603103838199]]]},"properties":{"shapeName":"Vradiivka","shapeISO":"","shapeID":"74538382B28831490249541","shapeGroup":"UKR","shapeType":"ADM2"}},
{"type":"Feature","geometry":{"type":"Polygon","coordinates":[[[30.369886205627495,48.12092854449395],[30.213788754310656,48.153517109618576],[30.052867876594348,48.132041361616416],[30.002803603390305,48.25838033632715],[29.83473068732559,48.16067369567696],[29.93485923312693,47.9982125653529],[30.237334613986626,48.013753760310294],[30.369886205627495,48.12092854449395]]]},"properties":{"shapeName":"Savran","shapeISO":"","shapeID":"74538382B34306237745090","shapeGroup":"UKR","shapeType":"ADM2"}},
{"type":"Feature","geometry":{"type":"Polygon","coordinates":[[[29.83473068732559,48.16067369567696],[29.798472459419827,48.16946779016189],[29.70957000460737,48.11771920455203],[29.40203232763787,48.08906290883806],[29.364503592778515,47.94120555898736],[29.7131460243304,47.852038714293144],[29.906251077322793,47.89761257061514],[29.93485923312693,47.9982125653529],[29.83473068732559,48.16067369567696]]]},"properties":{"shapeName":"Balta","shapeISO":"","shapeID":"74538382B90572707310825","shapeGroup":"UKR","shapeType":"ADM2"}},
{"type":"Feature","geometry":{"type":"Polygon","coordinates":[[[29.40203232763787,48.08906290883806],[29.058734455650892,48.14397344226569],[28.951453870598755,47.97906575749778],[29.256152806582453,47.89889774438303],[29.364503592778515,47.94120555898736],[29.40203232763787,48.08906290883806]]]},"properties":{"shapeName":"Kodyma","shapeISO":"","shapeID":"74538382B72647920433352","shapeGroup":"UKR","shapeType":"ADM2"}},
{"type":"Feature","geometry":{"type":"Polygon","coordinates":[[[30.237334613986626,48.013753760310294],[29.93485923312693,47.9982125653529],[29.906251077322793,47.89761257061514],[30.22451681281018,47.76798193338942],[30.25312496851177,47.58981386987392],[30.435501963301874,47.63561778079742],[30.490858733941785,47.821697889085456],[30.338949436733117,47.842439110702344],[30.237334613986626,48.013753760310294]]]},"properties":{"shapeName":"Liubashhivka","shapeISO":"","shapeID":"74538382B99156650022607","shapeGroup":"UKR","shapeType":"ADM2"}},
{"type":"Feature","geometry":{"type":"Polygon","coordinates":[[[29.364503592778515,47.94120555898736],[29.256152806582453,47.89889774438303],[29.25183950884849,47.751154250415425],[29.75248223882869,47.601871420443274],[29.806122531244,47.613926192250005],[29.83115466782573,47.775192131376514],[29.7131460243304,47.852038714293144],[29.364503592778515,47.94120555898736]]]},"properties":{"shapeName":"Podilsk","shapeISO":"","shapeID":"74538382B73630411968214","shapeGroup":"UKR","shapeType":"ADM2"}},
{"type":"Feature","geometry":{"type":"Polygon","coordinates":[[[29.7131460243304,47.852038714293144],[29.83115466782573,47.775192131376514],[29.806122531244,47.613926192250005],[30.024259720818122,47.50774883633704],[30.25312496851177,47.58981386987392],[30.22451681281018,47.76798193338942],[29.906251077322793,47.89761257061514],[29.7131460243304,47.852038714293144]]]},"properties":{"shapeName":"Ananiv","shapeISO":"","shapeID":"74538382B50409761093729","shapeGroup":"UKR","shapeType":"ADM2"}},
{"type":"Feature","geometry":{"type":"Polygon","coordinates":[[[29.25183950884849,47.751154250415425],[29.169591060351763,47.415877013101465],[29.33760363792669,47.40743612933835],[29.37342417184368,47.26320940070332],[29.548649127336773,47.35292482967145],[29.75248223882869,47.601871420443274],[29.25183950884849,47.751154250415425]]]},"properties":{"shapeName":"Okny","shapeISO":"","shapeID":"74538382B46561623007945","shapeGroup":"UKR","shapeType":"ADM2"}},
{"type":"Feature","geometry":{"type":"Polygon","coordinates":[[[29.75248223882869,47.601871420443274],[29.548649127336773,47.35292482967145],[29.65592971233258,47.27291570765635],[30.149420403230977,47.25592850238883],[29.95273933082092,47.415877013101465],[30.024259720818122,47.50774883633704],[29.806122531244,47.613926192250005],[29.75248223882869,47.601871420443274]]]},"properties":{"shapeName":"Zakharivka","shapeISO":"","shapeID":"74538382B64363500151928","shapeGroup":"UKR","shapeType":"ADM2"}},
{"type":"Feature","geometry":{"type":"Polygon","coordinates":[[[30.832440127433586,47.613926192250005],[30.435501963301874,47.63561778079742],[30.25312496851177,47.58981386987392],[30.52725461173129,47.31010886622124],[30.772600360358467,47.35414144715128],[30.831233951416777,47.385773821439216],[30.91969500358283,47.4792374040336],[30.832440127433586,47.613926192250005]]]},"properties":{"shapeName":"Mykolaivka","shapeISO":"","shapeID":"74538382B42144983760497","shapeGroup":"UKR","shapeType":"ADM2"}},
{"type":"Feature","geometry":{"type":"Polygon","coordinates":[[[30.024259720818122,47.50774883633704],[29.95273933082092,47.415877013101465],[30.149420403230977,47.25592850238883],[30.3818616703947,47.08088652330878],[30.59999886026992,47.13929794648402],[30.52725461173129,47.31010886622124],[30.25312496851177,47.58981386987392],[30.024259720818122,47.50774883633704]]]},"properties":{"shapeName":"Shyriaieve","shapeISO":"","shapeID":"74538382B78856367012354","shapeGroup":"UKR","shapeType":"ADM2"}},
{"type":"Feature","geometry":{"type":"Polygon","coordinates":[[[31.30693321506459,46.98796573038766],[31.375995091338154,47.124701099979745],[31.207938232950653,47.21222536340184],[31.247258389455283,47.27776819348799],[31.011241102520387,47.345656278518334],[30.73946362056813,47.3020239490682],[30.772600360358467,47.35414144715128],[30.52725461173129,47.31010886622124],[30.59999886026992,47.13929794648402],[30.67867128894892,47.175772534227406],[30.7425217516967,47.05895336371782],[30.968328868780986,46.98583122290188],[31.14325416146704,46.96967349865122],[31.30693321506459,46.98796573038766]]]},"properties":{"shapeName":"Berezivka","shapeISO":"","shapeID":"74538382B4607226007855","shapeGroup":"UKR","shapeType":"ADM2"}},
{"type":"Feature","geometry":{"type":"Polygon","coordinates":[[[29.65592971233258,47.27291570765635],[29.548649127336773,47.243791446867135],[29.548649127336773,47.11983459453489],[29.727450102329783,46.90526755945706],[30.110084188442386,46.97363240071002],[30.3818616703947,47.08088652330878],[30.149420403230977,47.25592850238883],[29.65592971233258,47.27291570765635]]]},"properties":{"shapeName":"Velyks Mykhailivka","shapeISO":"","shapeID":"74538382B86026417899488","shapeGroup":"UKR","shapeType":"ADM2"}},
{"type":"Feature","geometry":{"type":"Polygon","coordinates":[[[30.3818616703947,47.08088652330878],[30.110084188442386,46.97363240071002],[30.574966723667956,46.79766071285263],[30.73946362056813,46.78297034680685],[30.907536537239594,46.80745206289413],[30.968328868780986,46.98583122290188],[30.7425217516967,47.05895336371782],[30.67867128894892,47.175772534227406],[30.59999886026992,47.13929794648402],[30.3818616703947,47.08088652330878]]]},"properties":{"shapeName":"Ivanivka","shapeISO":"","shapeID":"74538382B97286599584108","shapeGroup":"UKR","shapeType":"ADM2"}},
{"type":"Feature","geometry":{"type":"Polygon","coordinates":[[[31.14325416146704,46.96967349865122],[30.968328868780986,46.98583122290188],[30.907536537239594,46.80745206289413],[30.73946362056813,46.78297034680685],[30.75734371828929,46.653031289273144],[30.907536537239594,46.670210987043674],[30.871776342222176,46.562133625001024],[31.211945197021578,46.555525318630316],[31.30421634223444,46.76661445637052],[31.14325416146704,46.96967349865122]]]},"properties":{"shapeName":"Lyman","shapeISO":"","shapeID":"74538382B85654458417277","shapeGroup":"UKR","shapeType":"ADM2"}},
{"type":"Feature","geometry":{"type":"Polygon","coordinates":[[[29.727450102329783,46.90526755945706],[29.949163311321,46.81234706935436],[29.95273933082092,46.56705091194135],[30.174452539812137,46.57688414893096],[30.574966723667956,46.79766071285263],[30.110084188442386,46.97363240071002],[29.727450102329783,46.90526755945706]]]},"properties":{"shapeName":"Rozdilna","shapeISO":"","shapeID":"74538382B21863106612225","shapeGroup":"UKR","shapeType":"ADM2"}},
{"type":"Feature","geometry":{"type":"Polygon","coordinates":[[[30.574966723667956,46.79766071285263],[30.174452539812137,46.57688414893096],[29.95273933082092,46.56705091194135],[30.18518059831183,46.439056578930376],[30.138692344813535,46.387281133611054],[30.2855571919182,46.39603496327874],[30.592846821295666,46.43412770184989],[30.54993458706599,46.50555278669253],[30.75734371828929,46.653031289273144],[30.73946362056813,46.78297034680685],[30.574966723667956,46.79766071285263]]]},"properties":{"shapeName":"Biliaivka","shapeISO":"","shapeID":"74538382B26202854770966","shapeGroup":"UKR","shapeType":"ADM2"}},
{"type":"Feature","geometry":{"type":"Polygon","coordinates":[[[30.75734371828929,46.653031289273144],[30.54993458706599,46.50555278669253],[30.592846821295666,46.43412770184989],[30.2855571919182,46.39603496327874],[30.304652974663348,46.371425216320546],[30.578542743296282,46.09295832195534],[30.871776342222176,46.562133625001024],[30.907536537239594,46.670210987043674],[30.75734371828929,46.653031289273144]]]},"properties":{"shapeName":"Ovidiopol","shapeISO":"","shapeID":"74538382B54958880930265","shapeGroup":"UKR","shapeType":"ADM2"}},
{"type":"Feature","geometry":{"type":"Polygon","coordinates":[[[30.138692344813535,46.387281133611054],[29.73460214132939,46.439056578930376],[29.71672204383009,46.37247912077589],[30.088628071611595,46.15244464954765],[30.152996422812976,45.973792965050734],[30.30676526130685,45.859351701807554],[30.4641101193007,46.03092509479001],[30.18518059831183,46.29346727764971],[30.304652974663348,46.371425216320546],[30.2855571919182,46.39603496327874],[30.138692344813535,46.387281133611054]]]},"properties":{"shapeName":"Bilhorod Dnistrovskyi","shapeISO":"","shapeID":"74538382B97641778556925","shapeGroup":"UKR","shapeType":"ADM2"}},
{"type":"Feature","geometry":{"type":"Polygon","coordinates":[[[29.71672204383009,46.37247912077589],[29.584409322335375,46.41933839565331],[29.47712873733957,46.4094766290217],[29.555801166122535,46.29840886207637],[29.41276038605315,46.28358277090024],[29.637164129027383,46.22084197535753],[29.5330965024379,46.146102743625136],[29.6273215561572,45.97379296524116],[30.152996422812976,45.973792965050734],[30.088628071611595,46.15244464954765],[29.71672204383009,46.37247912077589]]]},"properties":{"shapeName":"Sarata","shapeISO":"","shapeID":"74538382B34887074672752","shapeGroup":"UKR","shapeType":"ADM2"}},
{"type":"Feature","geometry":{"type":"Polygon","coordinates":[[[29.584409322335375,46.41933839565331],[29.548649127336773,46.52277928212425],[29.380576210843458,46.51539716693867],[29.287599703847093,46.38974774562064],[29.316893478462532,46.517491663997475],[29.051582416856434,46.50309141283225],[28.951453870860405,46.387281133611054],[29.060364233443977,46.052331824426005],[28.897813578362502,45.99615604205604],[29.001518143802627,45.911625905077585],[29.380576210807078,46.19454193840676],[29.5330965024379,46.146102743625136],[29.637164129027383,46.22084197535753],[29.41276038605315,46.28358277090024],[29.555801166122535,46.29840886207637],[29.47712873733957,46.4094766290217],[29.584409322335375,46.41933839565331]]]},"properties":{"shapeName":"Tarutyne","shapeISO":"","shapeID":"74538382B4443211725898","shapeGroup":"UKR","shapeType":"ADM2"}},
{"type":"Feature","geometry":{"type":"Polygon","coordinates":[[[29.5330965024379,46.146102743625136],[29.380576210807078,46.19454193840676],[29.001518143802627,45.911625905077585],[29.0837665922528,45.644763145299464],[29.316207859416522,45.644763145299464],[29.444944561840884,45.74966528641124],[29.316207859416522,45.90416117341158],[29.6273215561572,45.97379296524116],[29.5330965024379,46.146102743625136]]]},"properties":{"shapeName":"Artsyi","shapeISO":"","shapeID":"74538382B21342332427534","shapeGroup":"UKR","shapeType":"ADM2"}},
{"type":"Feature","geometry":{"type":"Polygon","coordinates":[[[30.152996422812976,45.973792965050734],[29.6273215561572,45.97379296524116],[29.316207859416522,45.90416117341158],[29.444944561840884,45.74966528641124],[29.316207859416522,45.644763145299464],[29.405608347342366,45.55719435770436],[29.61894310591373,45.57309756677665],[29.89556273029774,45.66263656488985],[30.04571583781717,45.86931248539645],[30.192332637311438,45.76962433463717],[30.30676526130685,45.859351701807554],[30.152996422812976,45.973792965050734]]]},"properties":{"shapeName":"Tatarbunary","shapeISO":"","shapeID":"74538382B88986400051477","shapeGroup":"UKR","shapeType":"ADM2"}},
{"type":"Feature","geometry":{"type":"Polygon","coordinates":[[[28.897813578362502,45.99615604205604],[28.608155998873826,45.672256536937084],[28.62042534789831,45.50799706273272],[28.719012603369492,45.429349439945895],[29.05552153940903,45.63779344461955],[29.0837665922528,45.644763145299464],[29.001518143802627,45.911625905077585],[28.897813578362502,45.99615604205604]]]},"properties":{"shapeName":"Bolhrad","shapeISO":"","shapeID":"74538382B92147387256537","shapeGroup":"UKR","shapeType":"ADM2"}},
{"type":"Feature","geometry":{"type":"Polygon","coordinates":[[[29.0837665922528,45.644763145299464],[29.05552153940903,45.63779344461955],[29.140982904100895,45.34898483990952],[29.53084635074896,45.388428802463466],[29.738178160829307,45.23074217118],[29.813274570326428,45.29115220514325],[29.61894310591373,45.57309756677665],[29.405608347342366,45.55719435770436],[29.316207859416522,45.644763145299464],[29.0837665922528,45.644763145299464]]]},"properties":{"shapeName":"Kiliia","shapeISO":"","shapeID":"74538382B97836372307066","shapeGroup":"UKR","shapeType":"ADM2"}},
{"type":"Feature","geometry":{"type":"Polygon","coordinates":[[[28.719012603369492,45.429349439945895],[28.715436583663916,45.20807183701095],[29.140982904100895,45.34898483990952],[29.05552153940903,45.63779344461955],[28.719012603369492,45.429349439945895]]]},"properties":{"shapeName":"Izmali","shapeISO":"","shapeID":"74538382B95291552499633","shapeGroup":"UKR","shapeType":"ADM2"}},
{"type":"Feature","geometry":{"type":"Polygon","coordinates":[[[28.62042534789831,45.50799706273272],[28.5259075503771,45.46948889171273],[28.42220298488121,45.569712552355895],[28.254130068387667,45.41428978108297],[28.411474926381516,45.27353925155802],[28.715436583663916,45.20807183701095],[28.719012603369492,45.429349439945895],[28.62042534789831,45.50799706273272]]]},"properties":{"shapeName":"Reni","shapeISO":"","shapeID":"74538382B44725547103458","shapeGroup":"UKR","shapeType":"ADM2"}},
{"type":"Feature","geometry":{"type":"Polygon","coordinates":[[[34.46699799661707,47.32107143253353],[34.76377884408055,47.37411454415104],[34.77149712702328,47.49692598008602],[34.61358010571166,47.574183150941394],[34.115226028589404,47.45941525851714],[34.2725708866509,47.40377666235787],[34.2725708866509,47.3141476556342],[34.46699799661707,47.32107143253353]]]},"properties":{"shapeName":"Kamianka Dniprovska","shapeISO":"","shapeID":"74538382B3314448443504","shapeGroup":"UKR","shapeType":"ADM2"}},
{"type":"Feature","geometry":{"type":"Polygon","coordinates":[[[34.53968974605681,47.168902569420084],[34.849311311567874,47.22873763529191],[34.76377884408055,47.37411454415104],[34.46699799661707,47.32107143253353],[34.53968974605681,47.168902569420084]]]},"properties":{"shapeName":"Velyka Bilozerka","shapeISO":"","shapeID":"74538382B79382588901711","shapeGroup":"UKR","shapeType":"ADM2"}},
{"type":"Feature","geometry":{"type":"Polygon","coordinates":[[[34.9412865328614,46.81479440584678],[35.247536843092405,47.002904898188945],[35.20862975090813,47.09802718480813],[34.99578506997085,47.09802718480813],[34.943146063264464,47.200755326218996],[34.849311311567874,47.22873763529191],[34.53968974605681,47.168902569420084],[34.54434836864016,47.0833216123508],[34.67418538439205,46.95054085907475],[34.77678963596139,46.99558827653004],[34.794669733630144,46.827029416575044],[34.9412865328614,46.81479440584678]]]},"properties":{"shapeName":"Vesele","shapeISO":"","shapeID":"74538382B83069910659837","shapeGroup":"UKR","shapeType":"ADM2"}},
{"type":"Feature","geometry":{"type":"Polygon","coordinates":[[[35.30172214853013,46.72624554619051],[35.48784535348153,46.7588694660663],[35.654916984516376,46.94668754396082],[35.52904109797629,47.06685824238252],[35.345948899523364,47.157197939469484],[35.20862975090813,47.09802718480813],[35.247536843092405,47.002904898188945],[34.9412865328614,46.81479440584678],[35.30172214853013,46.72624554619051]]]},"properties":{"shapeName":"Melitopol","shapeISO":"","shapeID":"74538382B95492559683598","shapeGroup":"UKR","shapeType":"ADM2"}},
{"type":"Feature","geometry":{"type":"Polygon","coordinates":[[[34.76377884408055,47.37411454415104],[34.849311311567874,47.22873763529191],[34.943146063264464,47.200755326218996],[35.04613542486038,47.35292482967145],[35.5656595378,47.427297193384504],[35.61829854453123,47.53247841572062],[35.54984091015206,47.57363820508391],[35.307041807250926,47.63436473397951],[34.997684633995846,47.49268083555802],[34.77149712702328,47.49692598008602],[34.76377884408055,47.37411454415104]]]},"properties":{"shapeName":"Vasylivka","shapeISO":"","shapeID":"74538382B57736951089932","shapeGroup":"UKR","shapeType":"ADM2"}},
{"type":"Feature","geometry":{"type":"Polygon","coordinates":[[[35.20862975090813,47.09802718480813],[35.345948899523364,47.157197939469484],[35.52904109797629,47.06685824238252],[35.47768945810333,47.2898974619373],[35.72443480347198,47.38441031857468],[35.61829854453123,47.53247841572062],[35.5656595378,47.427297193384504],[35.04613542486038,47.35292482967145],[34.943146063264464,47.200755326218996],[34.99578506997085,47.09802718480813],[35.20862975090813,47.09802718480813]]]},"properties":{"shapeName":"Mykhailivka","shapeISO":"","shapeID":"74538382B10558448482031","shapeGroup":"UKR","shapeType":"ADM2"}},
{"type":"Feature","geometry":{"type":"Polygon","coordinates":[[[35.54984091015206,47.57363820508391],[35.59562114202055,47.79889494519381],[35.245248190612585,47.837638642265915],[35.20948799561398,48.08189633902083],[35.1970354605391,48.08249055944839],[34.851886045628135,48.026919458692134],[34.997684633995846,47.49268083555802],[35.307041807250926,47.63436473397951],[35.54984091015206,47.57363820508391]]]},"properties":{"shapeName":"Zaporizhia","shapeISO":"","shapeID":"74538382B86672078093677","shapeGroup":"UKR","shapeType":"ADM2"}},
{"type":"Feature","geometry":{"type":"Polygon","coordinates":[[[35.8219886155498,46.99197837441557],[35.79710900475834,47.09233780133144],[36.039124519581264,47.15632253641883],[36.096340831579084,47.27534200628128],[36.02404455970009,47.39102641412802],[35.77807509609153,47.309298506772905],[35.72443480347198,47.38441031857468],[35.47768945810333,47.2898974619373],[35.52904109797629,47.06685824238252],[35.654916984516376,46.94668754396082],[35.8219886155498,46.99197837441557]]]},"properties":{"shapeName":"Tokmak","shapeISO":"","shapeID":"74538382B76878796003824","shapeGroup":"UKR","shapeType":"ADM2"}},
{"type":"Feature","geometry":{"type":"Polygon","coordinates":[[[35.85402975026858,46.636435428467735],[36.28542286263405,46.639989482358544],[36.45007406275238,46.75149640651017],[36.39158594153611,47.06414227196723],[35.90895740978641,46.90917647337193],[35.85402975026858,46.636435428467735]]]},"properties":{"shapeName":"Prymorsk","shapeISO":"","shapeID":"74538382B30714686760712","shapeGroup":"UKR","shapeType":"ADM2"}},
{"type":"Feature","geometry":{"type":"Polygon","coordinates":[[[35.90895740978641,46.90917647337193],[36.39158594153611,47.06414227196723],[36.47907394617329,47.102161693290384],[36.3407831842548,47.25663275529831],[36.096340831579084,47.27534200628128],[36.039124519581264,47.15632253641883],[35.79710900475834,47.09233780133144],[35.8219886155498,46.99197837441557],[35.90895740978641,46.90917647337193]]]},"properties":{"shapeName":"Chernihivka","shapeISO":"","shapeID":"74538382B52479778935773","shapeGroup":"UKR","shapeType":"ADM2"}},
{"type":"Feature","geometry":{"type":"Polygon","coordinates":[[[36.45007406275238,46.75149640651017],[36.60771162005881,46.74377643365665],[36.747176380553356,46.60882985668388],[36.93323254917851,46.87238052731277],[37.12265842802179,47.02972393840639],[36.980552223360576,47.13102873207572],[36.86160900448482,47.16361711987287],[36.63989579555772,47.183064447344464],[36.629167737058026,47.105232406629455],[36.47907394617329,47.102161693290384],[36.39158594153611,47.06414227196723],[36.45007406275238,46.75149640651017]]]},"properties":{"shapeName":"Berdiansk","shapeISO":"","shapeID":"74538382B42406222783177","shapeGroup":"UKR","shapeType":"ADM2"}},
{"type":"Feature","geometry":{"type":"Polygon","coordinates":[[[36.47907394617329,47.102161693290384],[36.629167737058026,47.105232406629455],[36.63989579555772,47.183064447344464],[36.86160900448482,47.16361711987287],[37.01895386254273,47.3141476556342],[36.829424829050254,47.41103720640672],[36.89021716054776,47.456997412005364],[36.71592484904687,47.48228724098959],[36.68280802939819,47.60669366251631],[36.59698356117684,47.61874732348434],[36.3407831842548,47.25663275529831],[36.47907394617329,47.102161693290384]]]},"properties":{"shapeName":"Bilmak","shapeISO":"","shapeID":"74538382B9912324904593","shapeGroup":"UKR","shapeType":"ADM2"}},
{"type":"Feature","geometry":{"type":"Polygon","coordinates":[[[37.01895386254273,47.3141476556342],[37.12981046666596,47.3020239490682],[37.19417881803588,47.4255552921087],[37.09405027164854,47.51257974834027],[36.68280802939819,47.60669366251631],[36.71592484904687,47.48228724098959],[36.89021716054776,47.456997412005364],[36.829424829050254,47.41103720640672],[37.01895386254273,47.3141476556342]]]},"properties":{"shapeName":"Rozivka","shapeISO":"","shapeID":"74538382B47912633354712","shapeGroup":"UKR","shapeType":"ADM2"}},
{"type":"Feature","geometry":{"type":"Polygon","coordinates":[[[36.096340831579084,47.27534200628128],[36.3407831842548,47.25663275529831],[36.59698356117684,47.61874732348434],[36.184877352523756,47.542243388249176],[36.02404455970009,47.39102641412802],[36.096340831579084,47.27534200628128]]]},"properties":{"shapeName":"Polohy","shapeISO":"","shapeID":"74538382B66940770579939","shapeGroup":"UKR","shapeType":"ADM2"}},
{"type":"Feature","geometry":{"type":"Polygon","coordinates":[[[35.61829854453123,47.53247841572062],[35.72443480347198,47.38441031857468],[35.77807509609153,47.309298506772905],[36.02404455970009,47.39102641412802],[36.184877352523756,47.542243388249176],[36.0411714822759,47.7012858511801],[35.79626622398837,47.819898818668435],[35.59562114202055,47.79889494519381],[35.54984091015206,47.57363820508391],[35.61829854453123,47.53247841572062]]]},"properties":{"shapeName":"Orikhiv","shapeISO":"","shapeID":"74538382B20048272724198","shapeGroup":"UKR","shapeType":"ADM2"}},
{"type":"Feature","geometry":{"type":"Polygon","coordinates":[[[36.68280802939819,47.60669366251631],[36.6184396785585,47.82803637328806],[36.26798976737655,47.835238241896036],[36.0411714822759,47.7012858511801],[36.184877352523756,47.542243388249176],[36.59698356117684,47.61874732348434],[36.68280802939819,47.60669366251631]]]},"properties":{"shapeName":"Huliaipole","shapeISO":"","shapeID":"74538382B69145371014174","shapeGroup":"UKR","shapeType":"ADM2"}},
{"type":"Feature","geometry":{"type":"Polygon","coordinates":[[[35.59562114202055,47.79889494519381],[35.79626622398837,47.819898818668435],[35.838867427168225,48.05082966250649],[35.69165322250291,48.11520820329338],[35.20948799561398,48.08189633902083],[35.245248190612585,47.837638642265915],[35.59562114202055,47.79889494519381]]]},"properties":{"shapeName":"Vilniansk","shapeISO":"","shapeID":"74538382B30291492588031","shapeGroup":"UKR","shapeType":"ADM2"}},
{"type":"Feature","geometry":{"type":"Polygon","coordinates":[[[36.0411714822759,47.7012858511801],[36.26798976737655,47.835238241896036],[36.082036753579644,48.03887594779849],[35.838867427168225,48.05082966250649],[35.79626622398837,47.819898818668435],[36.0411714822759,47.7012858511801]]]},"properties":{"shapeName":"Novomykolaivka","shapeISO":"","shapeID":"74538382B7651650713813","shapeGroup":"UKR","shapeType":"ADM2"}},
{"type":"Feature","geometry":{"type":"Polygon","coordinates":[[[36.93323254917851,46.87238052731277],[37.28000328603247,46.89641037185561],[37.626430175081225,47.10218977985119],[37.58172993133297,47.24272932217923],[37.313528468843685,47.1174011747803],[36.980552223360576,47.13102873207572],[37.12265842802179,47.02972393840639],[36.93323254917851,46.87238052731277]]]},"properties":{"shapeName":"Manhush","shapeISO":"","shapeID":"74538382B13057195168049","shapeGroup":"UKR","shapeType":"ADM2"}},
{"type":"Feature","geometry":{"type":"Polygon","coordinates":[[[37.626430175081225,47.10218977985119],[38.15165803912322,47.07936453589406],[38.336046544584576,47.303388005025624],[38.20194581333999,47.34883639275711],[38.02466014384407,47.318527938583884],[38.011969777409945,47.37911359480074],[37.7299628164439,47.24831982772571],[37.58172993133297,47.24272932217923],[37.626430175081225,47.10218977985119]]]},"properties":{"shapeName":"Novoazovsk","shapeISO":"","shapeID":"74538382B38253727574875","shapeGroup":"UKR","shapeType":"ADM2"}},
{"type":"Feature","geometry":{"type":"Polygon","coordinates":[[[36.980552223360576,47.13102873207572],[37.313528468843685,47.1174011747803],[37.58172993133297,47.24272932217923],[37.7299628164439,47.24831982772571],[37.556143448611294,47.33193922575765],[37.19417881803588,47.4255552921087],[37.12981046666596,47.3020239490682],[37.01895386254273,47.3141476556342],[36.86160900448482,47.16361711987287],[36.980552223360576,47.13102873207572]]]},"properties":{"shapeName":"Nikolske","shapeISO":"","shapeID":"74538382B42239251891056","shapeGroup":"UKR","shapeType":"ADM2"}},
{"type":"Feature","geometry":{"type":"Polygon","coordinates":[[[38.20194581333999,47.34883639275711],[38.3583966664587,47.40937342012535],[38.280171239855235,47.56795247825198],[37.84875099382754,47.59285126253326],[37.556143448611294,47.33193922575765],[37.7299628164439,47.24831982772571],[38.011969777409945,47.37911359480074],[38.02466014384407,47.318527938583884],[38.20194581333999,47.34883639275711]]]},"properties":{"shapeName":"Boikivske","shapeISO":"","shapeID":"74538382B811800225931","shapeGroup":"UKR","shapeType":"ADM2"}},
{"type":"Feature","geometry":{"type":"Polygon","coordinates":[[[37.19417881803588,47.4255552921087],[37.556143448611294,47.33193922575765],[37.84875099382754,47.59285126253326],[37.777293497592154,47.842439110702344],[37.52969344118168,47.72314251304414],[37.0397394758856,47.72605286440444],[37.09405027164854,47.51257974834027],[37.19417881803588,47.4255552921087]]]},"properties":{"shapeName":"Volnovakha","shapeISO":"","shapeID":"74538382B13823475744665","shapeGroup":"UKR","shapeType":"ADM2"}},
{"type":"Feature","geometry":{"type":"Polygon","coordinates":[[[37.09405027164854,47.51257974834027],[37.0397394758856,47.72605286440444],[37.02353116718564,47.94956578082582],[37.133386486437075,48.03533711613096],[36.92283045838661,48.05828737518874],[36.63903755070402,48.08734302357277],[36.6184396785585,47.82803637328806],[36.68280802939819,47.60669366251631],[37.09405027164854,47.51257974834027]]]},"properties":{"shapeName":"Velyka Novosilka","shapeISO":"","shapeID":"74538382B53420808029005","shapeGroup":"UKR","shapeType":"ADM2"}},
{"type":"Feature","geometry":{"type":"Polygon","coordinates":[[[38.280171239855235,47.56795247825198],[38.334929038490884,47.625110535398164],[37.83983334349324,48.010107197743366],[37.664353861877316,47.995532439879696],[37.517880102918696,47.88974794653211],[37.777293497592154,47.842439110702344],[37.84875099382754,47.59285126253326],[38.280171239855235,47.56795247825198]]]},"properties":{"shapeName":"Starobesheve","shapeISO":"","shapeID":"74538382B55698458190122","shapeGroup":"UKR","shapeType":"ADM2"}},
{"type":"Feature","geometry":{"type":"Polygon","coordinates":[[[37.777293497592154,47.842439110702344],[37.517880102918696,47.88974794653211],[37.664353861877316,47.995532439879696],[37.53161201804261,48.14235084198822],[37.24781911013338,48.09804360052192],[37.224932585734564,47.96795735450564],[37.133386486437075,48.03533711613096],[37.02353116718564,47.94956578082582],[37.0397394758856,47.72605286440444],[37.52969344118168,47.72314251304414],[37.777293497592154,47.842439110702344]]]},"properties":{"shapeName":"Marinka","shapeISO":"","shapeID":"74538382B30318275969007","shapeGroup":"UKR","shapeType":"ADM2"}},
{"type":"Feature","geometry":{"type":"Polygon","coordinates":[[[38.334929038490884,47.625110535398164],[38.5673703059818,47.64525559748614],[38.8212676904717,47.83043710710871],[38.13824796579587,47.97906575749778],[38.16685612199757,48.10578102292817],[37.83983334349324,48.010107197743366],[38.334929038490884,47.625110535398164]]]},"properties":{"shapeName":"Amvrosiivka","shapeISO":"","shapeID":"74538382B60964237816069","shapeGroup":"UKR","shapeType":"ADM2"}},
{"type":"Feature","geometry":{"type":"Polygon","coordinates":[[[38.8212676904717,47.83043710710871],[39.010796723964404,47.868833745880295],[39.025100801687245,47.97427794592619],[38.64717719634734,48.079045908278715],[38.49942593548445,48.25838033634744],[38.03454340050263,48.417646175314815],[37.92368679569182,48.267902711768386],[38.16685612199757,48.10578102292817],[38.13824796579587,47.97906575749778],[38.8212676904717,47.83043710710871]]]},"properties":{"shapeName":"Shakhtarsk","shapeISO":"","shapeID":"74538382B91909296876216","shapeGroup":"UKR","shapeType":"ADM2"}},
{"type":"Feature","geometry":{"type":"Polygon","coordinates":[[[37.83983334349324,48.010107197743366],[38.16685612199757,48.10578102292817],[37.92368679569182,48.267902711768386],[37.80925417199552,48.327377369419764],[37.57681290452081,48.279803186235256],[37.462380280237426,48.201208828076574],[37.53161201804261,48.14235084198822],[37.664353861877316,47.995532439879696],[37.83983334349324,48.010107197743366]]]},"properties":{"shapeName":"Yasynuvata","shapeISO":"","shapeID":"74538382B54113761495064","shapeGroup":"UKR","shapeType":"ADM2"}},
{"type":"Feature","geometry":{"type":"Polygon","coordinates":[[[37.133386486437075,48.03533711613096],[37.224932585734564,47.96795735450564],[37.24781911013338,48.09804360052192],[37.53161201804261,48.14235084198822],[37.462380280237426,48.201208828076574],[37.57681290452081,48.279803186235256],[37.36580708336601,48.36430613256482],[36.86160900448482,48.36778056466062],[36.92283045838661,48.05828737518874],[37.133386486437075,48.03533711613096]]]},"properties":{"shapeName":"Pokrovsk","shapeISO":"","shapeID":"74538382B91884310989160","shapeGroup":"UKR","shapeType":"ADM2"}},
{"type":"Feature","geometry":{"type":"Polygon","coordinates":[[[37.36580708336601,48.36430613256482],[37.480260378024525,48.36065291661123],[37.430196104991296,48.59533882504638],[37.35867571495663,48.62843912811303],[36.87948910204824,48.51249312030609],[36.86160900448482,48.36778056466062],[37.36580708336601,48.36430613256482]]]},"properties":{"shapeName":"Dobropillia","shapeISO":"","shapeID":"74538382B17839198127311","shapeGroup":"UKR","shapeType":"ADM2"}},
{"type":"Feature","geometry":{"type":"Polygon","coordinates":[[[38.03454340050263,48.417646175314815],[37.831146549957566,48.71190622802044],[37.430196104991296,48.59533882504638],[37.480260378024525,48.36065291661123],[37.36580708336601,48.36430613256482],[37.57681290452081,48.279803186235256],[37.80925417199552,48.327377369419764],[37.92368679569182,48.267902711768386],[38.03454340050263,48.417646175314815]]]},"properties":{"shapeName":"Kostiantynivka","shapeISO":"","shapeID":"74538382B19842336540914","shapeGroup":"UKR","shapeType":"ADM2"}},
{"type":"Feature","geometry":{"type":"Polygon","coordinates":[[[38.49942593548445,48.25838033634744],[38.31733551060444,48.426689017425645],[38.177584180497036,48.93946142647616],[38.098911751500225,48.93946142647616],[37.92554762062633,48.79378579867853],[37.831146549957566,48.71190622802044],[38.03454340050263,48.417646175314815],[38.49942593548445,48.25838033634744]]]},"properties":{"shapeName":"Bakhmut","shapeISO":"","shapeID":"74538382B24070697851653","shapeGroup":"UKR","shapeType":"ADM2"}},
{"type":"Feature","geometry":{"type":"Polygon","coordinates":[[[37.35867571495663,48.62843912811303],[37.401587948618044,48.774765414832984],[37.28000328603247,48.878351875015994],[36.71499220464432,48.70165544642981],[36.72214424405445,48.6047982687565],[36.8137492476685,48.55107082787637],[36.87948910204824,48.51249312030609],[37.35867571495663,48.62843912811303]]]},"properties":{"shapeName":"Oleksandrivka","shapeISO":"","shapeID":"74538382B99908513430661","shapeGroup":"UKR","shapeType":"ADM2"}},
{"type":"Feature","geometry":{"type":"Polygon","coordinates":[[[37.430196104991296,48.59533882504638],[37.831146549957566,48.71190622802044],[37.92554762062633,48.79378579867853],[37.76634193801334,49.0380190112341],[37.55535678710294,49.12000144433654],[37.29073134453199,49.009879593431094],[37.28000328603247,48.878351875015994],[37.401587948618044,48.774765414832984],[37.35867571495663,48.62843912811303],[37.430196104991296,48.59533882504638]]]},"properties":{"shapeName":"Sloviansk","shapeISO":"","shapeID":"74538382B60058274039512","shapeGroup":"UKR","shapeType":"ADM2"}},
{"type":"Feature","geometry":{"type":"Polygon","coordinates":[[[38.098911751500225,48.93946142647616],[38.00910245998358,48.96933647458616],[38.07030359550123,49.16444953244002],[37.980903108004725,49.108297952630664],[37.89150262044569,49.17613977256224],[37.53032465102251,49.21820178161664],[37.55535678710294,49.12000144433654],[37.76634193801334,49.0380190112341],[37.92554762062633,48.79378579867853],[38.098911751500225,48.93946142647616]]]},"properties":{"shapeName":"Lyman\t","shapeISO":"","shapeID":"74538382B94134496915826","shapeGroup":"UKR","shapeType":"ADM2"}},
{"type":"Feature","geometry":{"type":"Polygon","coordinates":[[[39.010796723964404,47.868833745880295],[39.36981126500774,47.862090131481466],[39.46852721994628,48.04843914164741],[39.35767061525888,48.25361848366225],[39.15980818305553,48.2243853214851],[38.86060390478724,48.39153218829364],[38.49942593548445,48.25838033634744],[38.64717719634734,48.079045908278715],[39.025100801687245,47.97427794592619],[39.010796723964404,47.868833745880295]]]},"properties":{"shapeName":"Antratsyt","shapeISO":"","shapeID":"74538382B83226976460707","shapeGroup":"UKR","shapeType":"ADM2"}},
{"type":"Feature","geometry":{"type":"Polygon","coordinates":[[[39.36981126500774,47.862090131481466],[39.77606489693409,47.82323457248896],[39.8618893649309,48.12488078229336],[39.747456740678615,48.22742036460431],[39.468859700043595,48.23594833824393],[39.35767061525888,48.25361848366225],[39.46852721994628,48.04843914164741],[39.36981126500774,47.862090131481466]]]},"properties":{"shapeName":"Dovzhansk","shapeISO":"","shapeID":"74538382B87091028068119","shapeGroup":"UKR","shapeType":"ADM2"}},
{"type":"Feature","geometry":{"type":"Polygon","coordinates":[[[39.8618893649309,48.12488078229336],[39.96559393042679,48.29408009718526],[39.7903689749337,48.32737736958319],[39.9369857744278,48.37015622580134],[39.83328120893191,48.57641462333686],[39.629448097211196,48.61189168897056],[39.568655765591814,48.4887980006996],[39.37555071295003,48.53854495956085],[39.36428052512065,48.49250731302993],[39.468859700043595,48.23594833824393],[39.747456740678615,48.22742036460431],[39.8618893649309,48.12488078229336]]]},"properties":{"shapeName":"Sorokyne","shapeISO":"","shapeID":"74538382B24236776375789","shapeGroup":"UKR","shapeType":"ADM2"}},
{"type":"Feature","geometry":{"type":"Polygon","coordinates":[[[39.629448097211196,48.61189168897056],[40.019234222924695,48.92771539379771],[39.6544802338131,48.97937726720323],[39.532985816226244,48.954778213928705],[39.49355935644536,49.09425011787812],[39.34336653707226,49.07082822312043],[38.9750365289658,48.75590850545768],[39.05370895796261,48.69221415597775],[39.25396604995467,48.74176117658908],[39.37555071295003,48.53854495956085],[39.568655765591814,48.4887980006996],[39.629448097211196,48.61189168897056]]]},"properties":{"shapeName":"Stanytsia-Luhanska","shapeISO":"","shapeID":"74538382B68112456325611","shapeGroup":"UKR","shapeType":"ADM2"}},
{"type":"Feature","geometry":{"type":"Polygon","coordinates":[[[39.35767061525888,48.25361848366225],[39.468859700043595,48.23594833824393],[39.36428052512065,48.49250731302993],[38.910668177968205,48.521968066929674],[38.86060390478724,48.39153218829364],[39.15980818305553,48.2243853214851],[39.35767061525888,48.25361848366225]]]},"properties":{"shapeName":"Lutuhyne","shapeISO":"","shapeID":"74538382B61551312903365","shapeGroup":"UKR","shapeType":"ADM2"}},
{"type":"Feature","geometry":{"type":"Polygon","coordinates":[[[38.49942593548445,48.25838033634744],[38.86060390478724,48.39153218829364],[38.910668177968205,48.521968066929674],[38.74259526131982,48.566949865168226],[38.31733551060444,48.426689017425645],[38.49942593548445,48.25838033634744]]]},"properties":{"shapeName":"Perevalsk","shapeISO":"","shapeID":"74538382B52931084418443","shapeGroup":"UKR","shapeType":"ADM2"}},
{"type":"Feature","geometry":{"type":"Polygon","coordinates":[[[38.9750365289658,48.75590850545768],[38.62882275113532,48.77624329774682],[38.74259526131982,48.566949865168226],[38.910668177968205,48.521968066929674],[39.36428052512065,48.49250731302993],[39.37555071295003,48.53854495956085],[39.25396604995467,48.74176117658908],[39.05370895796261,48.69221415597775],[38.9750365289658,48.75590850545768]]]},"properties":{"shapeName":"Slovianoserbsk","shapeISO":"","shapeID":"74538382B91393089585676","shapeGroup":"UKR","shapeType":"ADM2"}},
{"type":"Feature","geometry":{"type":"Polygon","coordinates":[[[39.34336653707226,49.07082822312043],[39.31386437642999,49.14208426050334],[38.68207814448317,49.06129966362505],[38.477969818910026,49.05442632383239],[38.68180292970044,48.955901229539734],[38.62882275113532,48.77624329774682],[38.9750365289658,48.75590850545768],[39.34336653707226,49.07082822312043]]]},"properties":{"shapeName":"Novoaidar","shapeISO":"","shapeID":"74538382B39903021428362","shapeGroup":"UKR","shapeType":"ADM2"}},
{"type":"Feature","geometry":{"type":"Polygon","coordinates":[[[38.177584180497036,48.93946142647616],[38.291444641225155,48.94387722007821],[38.38141729227323,49.12234181090463],[38.477969818910026,49.05442632383239],[38.68207814448317,49.06129966362505],[38.67688590307637,49.18227604314404],[38.46366574048585,49.278894877398386],[37.88435058150861,49.309213449289985],[37.89150262044569,49.17613977256224],[37.980903108004725,49.108297952630664],[38.07030359550123,49.16444953244002],[38.00910245998358,48.96933647458616],[38.098911751500225,48.93946142647616],[38.177584180497036,48.93946142647616]]]},"properties":{"shapeName":"Kreminna","shapeISO":"","shapeID":"74538382B64717019630205","shapeGroup":"UKR","shapeType":"ADM2"}},
{"type":"Feature","geometry":{"type":"Polygon","coordinates":[[[38.46366574048585,49.278894877398386],[38.531610110983195,49.49770154552931],[38.413601467487865,49.620641814743294],[38.30014771642874,49.595595941229135],[37.973751068895695,49.6900934995669],[37.95317469529698,49.47282022951396],[37.84501436701015,49.48841047186369],[37.88435058150861,49.309213449289985],[38.46366574048585,49.278894877398386]]]},"properties":{"shapeName":"Svatove","shapeISO":"","shapeID":"74538382B64368506092138","shapeGroup":"UKR","shapeType":"ADM2"}},
{"type":"Feature","geometry":{"type":"Polygon","coordinates":[[[38.30014771642874,49.595595941229135],[38.6567707930983,49.80793396602161],[38.64961875445414,49.907067279928526],[38.653194773978385,49.97150989521697],[38.40642008008348,49.94490430520216],[38.23122447299494,50.05423806365002],[38.10606379049983,50.05194198191725],[38.07030359550123,49.932394301406816],[37.94871893229379,49.913975968775446],[38.01171381865669,49.82672925831531],[37.973751068895695,49.6900934995669],[38.30014771642874,49.595595941229135]]]},"properties":{"shapeName":"Troitske","shapeISO":"","shapeID":"74538382B59316427092609","shapeGroup":"UKR","shapeType":"ADM2"}},
{"type":"Feature","geometry":{"type":"Polygon","coordinates":[[[39.31386437642999,49.14208426050334],[39.33098800846318,49.410975920660576],[39.1965405759845,49.449906316252395],[39.13595740645934,49.35349166704759],[38.98218856796541,49.42099743772337],[38.789083514752406,49.365137210629484],[38.531610110983195,49.49770154552931],[38.46366574048585,49.278894877398386],[38.67688590307637,49.18227604314404],[38.68207814448317,49.06129966362505],[39.31386437642999,49.14208426050334]]]},"properties":{"shapeName":"Starobilsk","shapeISO":"","shapeID":"74538382B4772976790762","shapeGroup":"UKR","shapeType":"ADM2"}},
{"type":"Feature","geometry":{"type":"Polygon","coordinates":[[[39.6544802338131,48.97937726720323],[39.6902404289375,49.06145637220163],[39.91195363792889,49.02629618749836],[40.18373111991815,49.253226134688134],[40.13724286609812,49.33485306111265],[39.919852487529226,49.3235374349029],[39.75279112099031,49.423167690122625],[39.33098800846318,49.410975920660576],[39.31386437642999,49.14208426050334],[39.34336653707226,49.07082822312043],[39.49355935644536,49.09425011787812],[39.532985816226244,48.954778213928705],[39.6544802338131,48.97937726720323]]]},"properties":{"shapeName":"Bilovodsk","shapeISO":"","shapeID":"74538382B63146168478131","shapeGroup":"UKR","shapeType":"ADM2"}},
{"type":"Feature","geometry":{"type":"Polygon","coordinates":[[[38.531610110983195,49.49770154552931],[38.789083514752406,49.365137210629484],[38.98218856796541,49.42099743772337],[38.985764587465326,49.65306493502504],[38.76354665341984,49.76865513443306],[38.889212060969044,49.849456381836774],[38.64961875445414,49.907067279928526],[38.6567707930983,49.80793396602161],[38.30014771642874,49.595595941229135],[38.413601467487865,49.620641814743294],[38.531610110983195,49.49770154552931]]]},"properties":{"shapeName":"Bilokurakyne","shapeISO":"","shapeID":"74538382B35138885386576","shapeGroup":"UKR","shapeType":"ADM2"}},
{"type":"Feature","geometry":{"type":"Polygon","coordinates":[[[39.1965405759845,49.449906316252395],[39.35409459595087,49.62295846781586],[39.300454303410845,49.736339568573385],[39.13953342595926,49.923186014837825],[39.03225284096345,49.828699629603875],[38.889212060969044,49.849456381836774],[38.76354665341984,49.76865513443306],[38.985764587465326,49.65306493502504],[38.98218856796541,49.42099743772337],[39.13595740645934,49.35349166704759],[39.1965405759845,49.449906316252395]]]},"properties":{"shapeName":"Novopskov","shapeISO":"","shapeID":"74538382B72863696789776","shapeGroup":"UKR","shapeType":"ADM2"}},
{"type":"Feature","geometry":{"type":"Polygon","coordinates":[[[39.33098800846318,49.410975920660576],[39.75279112099031,49.423167690122625],[39.79752101388249,49.57196665389398],[39.522167512444184,49.73865071598459],[39.300454303410845,49.736339568573385],[39.35409459595087,49.62295846781586],[39.1965405759845,49.449906316252395],[39.33098800846318,49.410975920660576]]]},"properties":{"shapeName":"Markivka","shapeISO":"","shapeID":"74538382B45881397075814","shapeGroup":"UKR","shapeType":"ADM2"}},
{"type":"Feature","geometry":{"type":"Polygon","coordinates":[[[40.13724286609812,49.33485306111265],[40.054994417923126,49.52092151427621],[40.158698983419015,49.62759144352526],[39.919105676928496,49.650749713733944],[39.79752101388249,49.57196665389398],[39.75279112099031,49.423167690122625],[39.919852487529226,49.3235374349029],[40.13724286609812,49.33485306111265]]]},"properties":{"shapeName":"Milove","shapeISO":"","shapeID":"74538382B36709578446445","shapeGroup":"UKR","shapeType":"ADM2"}},
{"type":"Feature","geometry":{"type":"Polygon","coordinates":[[[34.77149712702328,47.49692598008602],[34.997684633995846,47.49268083555802],[34.851886045628135,48.026919458692134],[34.48842413824979,47.886969823277035],[34.61358010571166,47.574183150941394],[34.77149712702328,47.49692598008602]]]},"properties":{"shapeName":"Tomakivka","shapeISO":"","shapeID":"74538382B71954626153569","shapeGroup":"UKR","shapeType":"ADM2"}},
{"type":"Feature","geometry":{"type":"Polygon","coordinates":[[[34.115226028589404,47.45941525851714],[34.61358010571166,47.574183150941394],[34.48842413824979,47.886969823277035],[34.203911312088735,47.87286374414464],[34.124132314080846,47.77546423803076],[34.04833607206035,47.47934119540611],[34.115226028589404,47.45941525851714]]]},"properties":{"shapeName":"Nikopol","shapeISO":"","shapeID":"74538382B8704633300515","shapeGroup":"UKR","shapeType":"ADM2"}},
{"type":"Feature","geometry":{"type":"Polygon","coordinates":[[[34.04833607206035,47.47934119540611],[34.124132314080846,47.77546423803076],[33.91554109972742,47.786822476498855],[33.90867514216205,47.86518728713503],[33.638614149376565,47.751442770906294],[33.49900634844124,47.62973783954442],[33.56809504491372,47.58981386987392],[33.64676747417553,47.50774883633704],[34.04833607206035,47.47934119540611]]]},"properties":{"shapeName":"Apostolove","shapeISO":"","shapeID":"74538382B1179884845086","shapeGroup":"UKR","shapeType":"ADM2"}},
{"type":"Feature","geometry":{"type":"Polygon","coordinates":[[[33.56809504491372,47.58981386987392],[33.49900634844124,47.62973783954442],[33.638614149376565,47.751442770906294],[33.03984733548748,47.905263642704426],[33.100961788669,47.72406184996987],[33.00308396417853,47.62115772180118],[33.110364549196504,47.565690433710984],[33.35971972595826,47.50143841520298],[33.56809504491372,47.58981386987392]]]},"properties":{"shapeName":"Shyroke","shapeISO":"","shapeID":"74538382B48774443336138","shapeGroup":"UKR","shapeType":"ADM2"}},
{"type":"Feature","geometry":{"type":"Polygon","coordinates":[[[33.03984733548748,47.905263642704426],[33.638614149376565,47.751442770906294],[33.90867514216205,47.86518728713503],[33.75991273115102,47.95263149769909],[33.68896450427377,48.23237521933902],[33.59055244731644,48.22780152426725],[33.26098649046037,48.13165948929742],[33.02096406170017,47.995819602837116],[33.03984733548748,47.905263642704426]]]},"properties":{"shapeName":"Kryvyi Rih","shapeISO":"","shapeID":"74538382B55212312657182","shapeGroup":"UKR","shapeType":"ADM2"}},
{"type":"Feature","geometry":{"type":"Polygon","coordinates":[[[34.203911312088735,47.87286374414464],[34.30690067377469,48.04451844713151],[33.943004929543804,48.20340158003131],[33.68896450427377,48.23237521933902],[33.75991273115102,47.95263149769909],[33.90867514216205,47.86518728713503],[33.91554109972742,47.786822476498855],[34.124132314080846,47.77546423803076],[34.203911312088735,47.87286374414464]]]},"properties":{"shapeName":"Sofiyivka","shapeISO":"","shapeID":"74538382B92549368661816","shapeGroup":"UKR","shapeType":"ADM2"}},
{"type":"Feature","geometry":{"type":"Polygon","coordinates":[[[33.68896450427377,48.23237521933902],[33.943004929543804,48.20340158003131],[34.07946583357216,48.30359582045469],[34.0615857361592,48.48168730466335],[33.81484039026384,48.746477395562465],[33.63246339617598,48.73704451515164],[33.79430684592489,48.59677332261708],[33.476520337489546,48.50703474666216],[33.47154251827709,48.28932157025076],[33.59055244731644,48.22780152426725],[33.68896450427377,48.23237521933902]]]},"properties":{"shapeName":"Piatykhatky","shapeISO":"","shapeID":"74538382B88063181617759","shapeGroup":"UKR","shapeType":"ADM2"}},
{"type":"Feature","geometry":{"type":"Polygon","coordinates":[[[35.1970354605391,48.08249055944839],[35.205911976114066,48.22265562873645],[34.916095108435115,48.18686880158924],[34.64090089513627,48.25838033634744],[34.30690067377469,48.04451844713151],[34.203911312088735,47.87286374414464],[34.48842413824979,47.886969823277035],[34.851886045628135,48.026919458692134],[35.1970354605391,48.08249055944839]]]},"properties":{"shapeName":"Solone","shapeISO":"","shapeID":"74538382B5599119898653","shapeGroup":"UKR","shapeType":"ADM2"}},
{"type":"Feature","geometry":{"type":"Polygon","coordinates":[[[34.30690067377469,48.04451844713151],[34.64090089513627,48.25838033634744],[34.562228465857174,48.46983392931685],[34.414245322181046,48.529669639794804],[34.26541884730295,48.41527273047768],[34.208202535454916,48.50538574761305],[34.0615857361592,48.48168730466335],[34.07946583357216,48.30359582045469],[33.943004929543804,48.20340158003131],[34.30690067377469,48.04451844713151]]]},"properties":{"shapeName":"Krynychky","shapeISO":"","shapeID":"74538382B62641944087949","shapeGroup":"UKR","shapeType":"ADM2"}},
{"type":"Feature","geometry":{"type":"Polygon","coordinates":[[[34.0615857361592,48.48168730466335],[34.208202535454916,48.50538574761305],[34.26541884730295,48.41527273047768],[34.414245322181046,48.529669639794804],[34.25826680865134,48.72289187526178],[33.978601068899366,48.86094042334565],[33.81484039026384,48.746477395562465],[34.0615857361592,48.48168730466335]]]},"properties":{"shapeName":"Verkhnodniprovsk","shapeISO":"","shapeID":"74538382B32904543558628","shapeGroup":"UKR","shapeType":"ADM2"}},
{"type":"Feature","geometry":{"type":"Polygon","coordinates":[[[35.205911976114066,48.22265562873645],[35.34180071669658,48.267902711768386],[35.252400229602245,48.40815173136929],[35.10578342976157,48.642618329826576],[34.85087264009229,48.64986975243636],[34.65857292822221,48.62178514816304],[34.78751769437673,48.47694628674128],[34.562228465857174,48.46983392931685],[34.64090089513627,48.25838033634744],[34.916095108435115,48.18686880158924],[35.205911976114066,48.22265562873645]]]},"properties":{"shapeName":"Dnipro","shapeISO":"","shapeID":"74538382B23045356862491","shapeGroup":"UKR","shapeType":"ADM2"}},
{"type":"Feature","geometry":{"type":"Polygon","coordinates":[[[34.562228465857174,48.46983392931685],[34.78751769437673,48.47694628674128],[34.65857292822221,48.62178514816304],[34.85087264009229,48.64986975243636],[34.84202904126374,48.672906956723864],[34.77149712702328,48.91681260280785],[34.37278355555628,48.767675619656586],[34.25826680865134,48.72289187526178],[34.414245322181046,48.529669639794804],[34.562228465857174,48.46983392931685]]]},"properties":{"shapeName":"Petrykivka","shapeISO":"","shapeID":"74538382B42847215196778","shapeGroup":"UKR","shapeType":"ADM2"}},
{"type":"Feature","geometry":{"type":"Polygon","coordinates":[[[34.77149712702328,48.91681260280785],[34.63646663063065,49.0399881746273],[34.39158081560612,49.053488909077885],[34.37278355555628,48.767675619656586],[34.77149712702328,48.91681260280785]]]},"properties":{"shapeName":"Tsarychanka","shapeISO":"","shapeID":"74538382B85307919179669","shapeGroup":"UKR","shapeType":"ADM2"}},
{"type":"Feature","geometry":{"type":"Polygon","coordinates":[[[36.6184396785585,47.82803637328806],[36.63903755070402,48.08734302357277],[36.57128231982534,48.15907502505405],[36.082036753579644,48.03887594779849],[36.26798976737655,47.835238241896036],[36.6184396785585,47.82803637328806]]]},"properties":{"shapeName":"Pokrovske","shapeISO":"","shapeID":"74538382B48526487653487","shapeGroup":"UKR","shapeType":"ADM2"}},
{"type":"Feature","geometry":{"type":"Polygon","coordinates":[[[36.92283045838661,48.05828737518874],[36.86160900448482,48.36778056466062],[36.87948910204824,48.51249312030609],[36.8137492476685,48.55107082787637],[36.522316274402215,48.38307788069994],[36.4904127654252,48.22290711276465],[36.57128231982534,48.15907502505405],[36.63903755070402,48.08734302357277],[36.92283045838661,48.05828737518874]]]},"properties":{"shapeName":"Mezhova","shapeISO":"","shapeID":"74538382B92973355473211","shapeGroup":"UKR","shapeType":"ADM2"}},
{"type":"Feature","geometry":{"type":"Polygon","coordinates":[[[35.838867427168225,48.05082966250649],[36.082036753579644,48.03887594779849],[36.57128231982534,48.15907502505405],[36.4904127654252,48.22290711276465],[36.067732675458956,48.28456260017356],[35.89608373958686,48.36778056474287],[35.84470543158238,48.30442036908369],[35.69165322250291,48.11520820329338],[35.838867427168225,48.05082966250649]]]},"properties":{"shapeName":"Vasylkivka","shapeISO":"","shapeID":"74538382B93071120022649","shapeGroup":"UKR","shapeType":"ADM2"}},
{"type":"Feature","geometry":{"type":"Polygon","coordinates":[[[35.69165322250291,48.11520820329338],[35.84470543158238,48.30442036908369],[35.74854542489936,48.32127538709523],[35.77807509609153,48.43188451717981],[35.348952756108474,48.55748333501003],[35.252400229602245,48.40815173136929],[35.34180071669658,48.267902711768386],[35.205911976114066,48.22265562873645],[35.1970354605391,48.08249055944839],[35.20948799561398,48.08189633902083],[35.69165322250291,48.11520820329338]]]},"properties":{"shapeName":"Synelnykove","shapeISO":"","shapeID":"74538382B5074223078849","shapeGroup":"UKR","shapeType":"ADM2"}},
{"type":"Feature","geometry":{"type":"Polygon","coordinates":[[[36.72214424405445,48.6047982687565],[36.511159093562696,48.63552922711301],[36.3287820989957,48.50775498226437],[36.067732675458956,48.28456260017356],[36.4904127654252,48.22290711276465],[36.522316274402215,48.38307788069994],[36.8137492476685,48.55107082787637],[36.72214424405445,48.6047982687565]]]},"properties":{"shapeName":"Petropavlivka","shapeISO":"","shapeID":"74538382B21914315222818","shapeGroup":"UKR","shapeType":"ADM2"}},
{"type":"Feature","geometry":{"type":"Polygon","coordinates":[[[36.067732675458956,48.28456260017356],[36.3287820989957,48.50775498226437],[36.159087446555475,48.711435396445495],[35.809725295828684,48.66628422426254],[35.76377101809214,48.7841912145625],[35.59131430241442,48.77688975851722],[35.348952756108474,48.55748333501003],[35.77807509609153,48.43188451717981],[35.74854542489936,48.32127538709523],[35.84470543158238,48.30442036908369],[35.89608373958686,48.36778056474287],[36.067732675458956,48.28456260017356]]]},"properties":{"shapeName":"Pavlohrad","shapeISO":"","shapeID":"74538382B927387955127","shapeGroup":"UKR","shapeType":"ADM2"}},
{"type":"Feature","geometry":{"type":"Polygon","coordinates":[[[35.252400229602245,48.40815173136929],[35.348952756108474,48.55748333501003],[35.59131430241442,48.77688975851722],[35.63145829659743,48.97233561637228],[35.52060169178321,48.9629452013225],[35.288160424610794,49.09190842549094],[35.302464502610235,48.883055263254334],[34.84202904126374,48.672906956723864],[34.85087264009229,48.64986975243636],[35.10578342976157,48.642618329826576],[35.252400229602245,48.40815173136929]]]},"properties":{"shapeName":"Novomoskovsk","shapeISO":"","shapeID":"74538382B42349939916707","shapeGroup":"UKR","shapeType":"ADM2"}},
{"type":"Feature","geometry":{"type":"Polygon","coordinates":[[[34.84202904126374,48.672906956723864],[35.302464502610235,48.883055263254334],[35.288160424610794,49.09190842549094],[35.005654884122066,49.16444953244002],[34.7553335191306,49.148078558958105],[34.63646663063065,49.0399881746273],[34.77149712702328,48.91681260280785],[34.84202904126374,48.672906956723864]]]},"properties":{"shapeName":"Mahdalynivka","shapeISO":"","shapeID":"74538382B69457923953865","shapeGroup":"UKR","shapeType":"ADM2"}},
{"type":"Feature","geometry":{"type":"Polygon","coordinates":[[[36.159087446555475,48.711435396445495],[36.17143724073975,48.76533784503363],[35.99802791356416,48.95411129981119],[35.63145829659743,48.97233561637228],[35.59131430241442,48.77688975851722],[35.76377101809214,48.7841912145625],[35.809725295828684,48.66628422426254],[36.159087446555475,48.711435396445495]]]},"properties":{"shapeName":"Yurivka","shapeISO":"","shapeID":"74538382B23313109833663","shapeGroup":"UKR","shapeType":"ADM2"}},
{"type":"Feature","geometry":{"type":"Polygon","coordinates":[[[36.71499220464432,48.70165544642981],[36.679232009626844,48.986417923231556],[36.17143724073975,48.76533784503363],[36.159087446555475,48.711435396445495],[36.3287820989957,48.50775498226437],[36.511159093562696,48.63552922711301],[36.72214424405445,48.6047982687565],[36.71499220464432,48.70165544642981]]]},"properties":{"shapeName":"Blyzniuky","shapeISO":"","shapeID":"74538382B52051409545176","shapeGroup":"UKR","shapeType":"ADM2"}},
{"type":"Feature","geometry":{"type":"Polygon","coordinates":[[[36.17143724073975,48.76533784503363],[36.679232009626844,48.986417923231556],[36.660101500595204,49.19583769777955],[36.650623854057244,49.21352999137525],[36.19646937734183,49.15041760089349],[36.22150151394379,49.023951291177696],[35.99802791356416,48.95411129981119],[36.17143724073975,48.76533784503363]]]},"properties":{"shapeName":"Lozova","shapeISO":"","shapeID":"74538382B56857399435570","shapeGroup":"UKR","shapeType":"ADM2"}},
{"type":"Feature","geometry":{"type":"Polygon","coordinates":[[[37.28000328603247,48.878351875015994],[37.29073134453199,49.009879593431094],[37.01895386254273,48.98641792322627],[36.94385869499797,49.19502318055561],[36.660101500595204,49.19583769777955],[36.679232009626844,48.986417923231556],[36.71499220464432,48.70165544642981],[37.28000328603247,48.878351875015994]]]},"properties":{"shapeName":"Barvinkove","shapeISO":"","shapeID":"74538382B15610245236220","shapeGroup":"UKR","shapeType":"ADM2"}},
{"type":"Feature","geometry":{"type":"Polygon","coordinates":[[[35.63145829659743,48.97233561637228],[35.99802791356416,48.95411129981119],[36.22150151394379,49.023951291177696],[36.19646937734183,49.15041760089349],[36.11722478545818,49.28990500742526],[35.643934893383175,49.135545416024456],[35.52060169178321,48.9629452013225],[35.63145829659743,48.97233561637228]]]},"properties":{"shapeName":"Sakhnovshchyna","shapeISO":"","shapeID":"74538382B150351319009","shapeGroup":"UKR","shapeType":"ADM2"}},
{"type":"Feature","geometry":{"type":"Polygon","coordinates":[[[35.52060169178321,48.9629452013225],[35.643934893383175,49.135545416024456],[35.5999893249554,49.165852506940496],[35.39172194932678,49.334666639386796],[35.09090397859899,49.28658812664884],[35.005654884122066,49.16444953244002],[35.288160424610794,49.09190842549094],[35.52060169178321,48.9629452013225]]]},"properties":{"shapeName":"Zachepylivka","shapeISO":"","shapeID":"74538382B6869191817667","shapeGroup":"UKR","shapeType":"ADM2"}},
{"type":"Feature","geometry":{"type":"Polygon","coordinates":[[[37.55535678710294,49.12000144433654],[37.53032465102251,49.21820178161664],[37.35509969518529,49.423323568975604],[37.469532319525,49.58356038458004],[37.38907647723573,49.62840723042177],[37.262123188320004,49.6391719550881],[36.94385869499797,49.19502318055561],[37.01895386254273,48.98641792322627],[37.29073134453199,49.009879593431094],[37.55535678710294,49.12000144433654]]]},"properties":{"shapeName":"Izium","shapeISO":"","shapeID":"74538382B31027470477493","shapeGroup":"UKR","shapeType":"ADM2"}},
{"type":"Feature","geometry":{"type":"Polygon","coordinates":[[[37.89150262044569,49.17613977256224],[37.88435058150861,49.309213449289985],[37.84501436701015,49.48841047186369],[37.469532319525,49.58356038458004],[37.35509969518529,49.423323568975604],[37.53032465102251,49.21820178161664],[37.89150262044569,49.17613977256224]]]},"properties":{"shapeName":"Borova","shapeISO":"","shapeID":"74538382B21323031073558","shapeGroup":"UKR","shapeType":"ADM2"}},
{"type":"Feature","geometry":{"type":"Polygon","coordinates":[[[36.94385869499797,49.19502318055561],[37.262123188320004,49.6391719550881],[37.090474252539934,49.69934623615666],[36.82137489712119,49.7201306952619],[36.64704783438077,49.54413046225392],[36.650623854057244,49.21352999137525],[36.660101500595204,49.19583769777955],[36.94385869499797,49.19502318055561]]]},"properties":{"shapeName":"Balakliia","shapeISO":"","shapeID":"74538382B8134714446697","shapeGroup":"UKR","shapeType":"ADM2"}},
{"type":"Feature","geometry":{"type":"Polygon","coordinates":[[[37.973751068895695,49.6900934995669],[38.01171381865669,49.82672925831531],[37.52317261185681,49.835619537245066],[37.41589202680467,49.99680305750178],[37.267789951449956,49.91229013519812],[37.362251734529195,49.777923384882854],[37.49456445602408,49.76868561840382],[37.38907647723573,49.62840723042177],[37.469532319525,49.58356038458004],[37.84501436701015,49.48841047186369],[37.95317469529698,49.47282022951396],[37.973751068895695,49.6900934995669]]]},"properties":{"shapeName":"Kupiansk","shapeISO":"","shapeID":"74538382B18579699267219","shapeGroup":"UKR","shapeType":"ADM2"}},
{"type":"Feature","geometry":{"type":"Polygon","coordinates":[[[38.07030359550123,49.932394301406816],[37.698397567172265,50.13911586720536],[37.41589202680467,49.99680305750178],[37.52317261185681,49.835619537245066],[38.01171381865669,49.82672925831531],[37.94871893229379,49.913975968775446],[38.07030359550123,49.932394301406816]]]},"properties":{"shapeName":"Dvorichna","shapeISO":"","shapeID":"74538382B35146860339147","shapeGroup":"UKR","shapeType":"ADM2"}},
{"type":"Feature","geometry":{"type":"Polygon","coordinates":[[[36.650623854057244,49.21352999137525],[36.64704783438077,49.54413046225392],[36.14282908507715,49.56268968633361],[36.11722478545818,49.28990500742526],[36.19646937734183,49.15041760089349],[36.650623854057244,49.21352999137525]]]},"properties":{"shapeName":"Pervomaiskyi","shapeISO":"","shapeID":"74538382B2803467564734","shapeGroup":"UKR","shapeType":"ADM2"}},
{"type":"Feature","geometry":{"type":"Polygon","coordinates":[[[36.11722478545818,49.28990500742526],[36.14282908507715,49.56268968633361],[35.87691627506763,49.56380301553344],[35.79681343827082,49.47763061689221],[35.84536391011062,49.3510359235446],[35.5999893249554,49.165852506940496],[35.643934893383175,49.135545416024456],[36.11722478545818,49.28990500742526]]]},"properties":{"shapeName":"Kehychivka","shapeISO":"","shapeID":"74538382B98857993780727","shapeGroup":"UKR","shapeType":"ADM2"}},
{"type":"Feature","geometry":{"type":"Polygon","coordinates":[[[35.5999893249554,49.165852506940496],[35.84536391011062,49.3510359235446],[35.79681343827082,49.47763061689221],[35.63889641715707,49.72385746939193],[35.49013400570391,49.72681647934314],[35.517597835721915,49.57716098586491],[35.39172194932678,49.334666639386796],[35.5999893249554,49.165852506940496]]]},"properties":{"shapeName":"Krasnohrad","shapeISO":"","shapeID":"74538382B7695117672354","shapeGroup":"UKR","shapeType":"ADM2"}},
{"type":"Feature","geometry":{"type":"Polygon","coordinates":[[[37.38907647723573,49.62840723042177],[37.49456445602408,49.76868561840382],[37.362251734529195,49.777923384882854],[37.267789951449956,49.91229013519812],[37.1150264994713,49.91159478981052],[37.07159286924593,49.9113968409751],[37.090474252539934,49.69934623615666],[37.262123188320004,49.6391719550881],[37.38907647723573,49.62840723042177]]]},"properties":{"shapeName":"Shevchenkove","shapeISO":"","shapeID":"74538382B88288170046577","shapeGroup":"UKR","shapeType":"ADM2"}},
{"type":"Feature","geometry":{"type":"Polygon","coordinates":[[[37.41589202680467,49.99680305750178],[37.698397567172265,50.13911586720536],[37.62315811723897,50.288684100037074],[37.39887017387946,50.32960991641113],[37.10592265677934,50.17302489362413],[37.110908406636405,50.04428044633077],[37.1150264994713,49.91159478981052],[37.267789951449956,49.91229013519812],[37.41589202680467,49.99680305750178]]]},"properties":{"shapeName":"Velykyi Burluk","shapeISO":"","shapeID":"74538382B51195623672150","shapeGroup":"UKR","shapeType":"ADM2"}},
{"type":"Feature","geometry":{"type":"Polygon","coordinates":[[[37.090474252539934,49.69934623615666],[37.07159286924593,49.9113968409751],[36.87934606100504,49.93055278501015],[36.885516397147,50.00765708934239],[36.595553153759454,50.133431461361226],[36.54136889288492,49.9216013422307],[36.76033613196563,49.8627360269183],[36.82137489712119,49.7201306952619],[37.090474252539934,49.69934623615666]]]},"properties":{"shapeName":"Chuhuiv","shapeISO":"","shapeID":"74538382B29130308321511","shapeGroup":"UKR","shapeType":"ADM2"}},
{"type":"Feature","geometry":{"type":"Polygon","coordinates":[[[37.1150264994713,49.91159478981052],[37.110908406636405,50.04428044633077],[36.885516397147,50.00765708934239],[36.87934606100504,49.93055278501015],[37.07159286924593,49.9113968409751],[37.1150264994713,49.91159478981052]]]},"properties":{"shapeName":"Pechenihy","shapeISO":"","shapeID":"74538382B40204431292765","shapeGroup":"UKR","shapeType":"ADM2"}},
{"type":"Feature","geometry":{"type":"Polygon","coordinates":[[[37.39887017387946,50.32960991641113],[37.45608648620555,50.41573117962099],[37.309612727491356,50.44343187414836],[36.593264500866326,50.199402303162],[36.595553153759454,50.133431461361226],[36.885516397147,50.00765708934239],[37.110908406636405,50.04428044633077],[37.10592265677934,50.17302489362413],[37.39887017387946,50.32960991641113]]]},"properties":{"shapeName":"Vovchansk","shapeISO":"","shapeID":"74538382B35301744305605","shapeGroup":"UKR","shapeType":"ADM2"}},
{"type":"Feature","geometry":{"type":"Polygon","coordinates":[[[36.82137489712119,49.7201306952619],[36.76033613196563,49.8627360269183],[36.54136889288492,49.9216013422307],[36.26369854401037,49.90255306875065],[36.22088060380929,49.8272893049363],[36.10578152269875,49.768223683771566],[36.14282908507715,49.56268968633361],[36.64704783438077,49.54413046225392],[36.82137489712119,49.7201306952619]]]},"properties":{"shapeName":"Zmiiv","shapeISO":"","shapeID":"74538382B19382473130603","shapeGroup":"UKR","shapeType":"ADM2"}},
{"type":"Feature","geometry":{"type":"Polygon","coordinates":[[[36.14282908507715,49.56268968633361],[36.10578152269875,49.768223683771566],[36.22088060380929,49.8272893049363],[35.950153154424754,50.027688652713266],[35.63889641715707,49.72385746939193],[35.79681343827082,49.47763061689221],[35.87691627506763,49.56380301553344],[36.14282908507715,49.56268968633361]]]},"properties":{"shapeName":"Nova Vodolaha","shapeISO":"","shapeID":"74538382B6439769638360","shapeGroup":"UKR","shapeType":"ADM2"}},
{"type":"Feature","geometry":{"type":"Polygon","coordinates":[[[36.595553153759454,50.133431461361226],[36.593264500866326,50.199402303162],[36.56122336656074,50.31207459365976],[36.412460955366555,50.29014634286682],[36.235354804944336,50.10502756228226],[36.03712194866131,50.052676740024935],[35.90666875689237,50.11435626352943],[35.950153154424754,50.027688652713266],[36.22088060380929,49.8272893049363],[36.26369854401037,49.90255306875065],[36.54136889288492,49.9216013422307],[36.595553153759454,50.133431461361226]]]},"properties":{"shapeName":"Kharkiv","shapeISO":"","shapeID":"74538382B36501884751905","shapeGroup":"UKR","shapeType":"ADM2"}},
{"type":"Feature","geometry":{"type":"Polygon","coordinates":[[[36.412460955366555,50.29014634286682],[36.17444109745543,50.39968652766623],[36.203202140655094,50.25389732084386],[35.96388506930424,50.17742214023792],[35.95479983404539,50.13111228562212],[35.90666875689237,50.11435626352943],[36.03712194866131,50.052676740024935],[36.235354804944336,50.10502756228226],[36.412460955366555,50.29014634286682]]]},"properties":{"shapeName":"Derhachi","shapeISO":"","shapeID":"74538382B58806562521535","shapeGroup":"UKR","shapeType":"ADM2"}},
{"type":"Feature","geometry":{"type":"Polygon","coordinates":[[[36.17444109745543,50.39968652766623],[35.92040067218596,50.44926153441435],[35.74188577875299,50.36466115626746],[35.744174431135946,50.3398358672805],[35.80825670054952,50.208191536041454],[35.96388506930424,50.17742214023792],[36.203202140655094,50.25389732084386],[36.17444109745543,50.39968652766623]]]},"properties":{"shapeName":"Zolochiv","shapeISO":"","shapeID":"74538382B7822777781560","shapeGroup":"UKR","shapeType":"ADM2"}},
{"type":"Feature","geometry":{"type":"Polygon","coordinates":[[[35.63889641715707,49.72385746939193],[35.950153154424754,50.027688652713266],[35.90666875689237,50.11435626352943],[35.95479983404539,50.13111228562212],[35.44587700631632,50.02100173632323],[35.439783651404866,49.92760621193662],[35.56731894096043,49.87369409159584],[35.25211414762532,49.78891403255568],[35.30475315502872,49.676488777994166],[35.49013400570391,49.72681647934314],[35.63889641715707,49.72385746939193]]]},"properties":{"shapeName":"Valky","shapeISO":"","shapeID":"74538382B13527376036469","shapeGroup":"UKR","shapeType":"ADM2"}},
{"type":"Feature","geometry":{"type":"Polygon","coordinates":[[[35.439783651404866,49.92760621193662],[35.240670885614975,49.9320260037378],[35.213575133897656,49.860758015556506],[35.25211414762532,49.78891403255568],[35.56731894096043,49.87369409159584],[35.439783651404866,49.92760621193662]]]},"properties":{"shapeName":"Kolomak","shapeISO":"","shapeID":"74538382B81311905240304","shapeGroup":"UKR","shapeType":"ADM2"}},
{"type":"Feature","geometry":{"type":"Polygon","coordinates":[[[35.44587700631632,50.02100173632323],[35.215495708373794,50.253576791282],[34.9683212405435,50.12609574630682],[34.98434180790281,49.89370767531733],[35.213575133897656,49.860758015556506],[35.240670885614975,49.9320260037378],[35.439783651404866,49.92760621193662],[35.44587700631632,50.02100173632323]]]},"properties":{"shapeName":"Krasnokutsk","shapeISO":"","shapeID":"74538382B32195622732164","shapeGroup":"UKR","shapeType":"ADM2"}},
{"type":"Feature","geometry":{"type":"Polygon","coordinates":[[[35.96388506930424,50.17742214023792],[35.80825670054952,50.208191536041454],[35.744174431135946,50.3398358672805],[35.256227244952015,50.26101717563597],[35.215495708373794,50.253576791282],[35.44587700631632,50.02100173632323],[35.95479983404539,50.13111228562212],[35.96388506930424,50.17742214023792]]]},"properties":{"shapeName":"Bohodukhiv","shapeISO":"","shapeID":"74538382B2478883224653","shapeGroup":"UKR","shapeType":"ADM2"}},
{"type":"Feature","geometry":{"type":"Polygon","coordinates":[[[32.47810196881056,47.828267984860815],[32.473690037023005,48.06287619980645],[32.1734474400565,48.085814187742756],[31.858757724245777,48.026919458692134],[31.898093938411762,47.799218905076714],[32.05186277689643,47.832837729994935],[32.19132753773272,47.74153598780168],[32.273575986229616,47.81603103838199],[32.47810196881056,47.828267984860815]]]},"properties":{"shapeName":"Bobrynets","shapeISO":"","shapeID":"74538382B51817175452920","shapeGroup":"UKR","shapeType":"ADM2"}},
{"type":"Feature","geometry":{"type":"Polygon","coordinates":[[[32.902635024641256,48.01022022551825],[32.588122661437126,48.172885296909044],[32.473690037023005,48.06287619980645],[32.47810196881056,47.828267984860815],[32.63475395558959,47.837638642144384],[32.74561056021105,47.99103334489246],[32.902635024641256,48.01022022551825]]]},"properties":{"shapeName":"Ustynivka","shapeISO":"","shapeID":"74538382B67308569242211","shapeGroup":"UKR","shapeType":"ADM2"}},
{"type":"Feature","geometry":{"type":"Polygon","coordinates":[[[31.223843485337227,48.22903843718319],[30.903674436223355,48.411949721693645],[30.780087202007337,48.45750348111051],[30.722545055934233,48.15781684731712],[31.223843485337227,48.22903843718319]]]},"properties":{"shapeName":"Vilshanka","shapeISO":"","shapeID":"74538382B40286307768032","shapeGroup":"UKR","shapeType":"ADM2"}},
{"type":"Feature","geometry":{"type":"Polygon","coordinates":[[[33.02096406170017,47.995819602837116],[33.26098649046037,48.13165948929742],[33.15341982397484,48.355710495045],[32.57791175038585,48.242576604561236],[32.588122661437126,48.172885296909044],[32.902635024641256,48.01022022551825],[33.02096406170017,47.995819602837116]]]},"properties":{"shapeName":"Dolynska","shapeISO":"","shapeID":"74538382B8481477190191","shapeGroup":"UKR","shapeType":"ADM2"}},
{"type":"Feature","geometry":{"type":"Polygon","coordinates":[[[33.59055244731644,48.22780152426725],[33.47154251827709,48.28932157025076],[33.476520337489546,48.50703474666216],[33.09620351158338,48.43473170689583],[33.15341982397484,48.355710495045],[33.26098649046037,48.13165948929742],[33.59055244731644,48.22780152426725]]]},"properties":{"shapeName":"Petrove","shapeISO":"","shapeID":"74538382B37223682167383","shapeGroup":"UKR","shapeType":"ADM2"}},
{"type":"Feature","geometry":{"type":"Polygon","coordinates":[[[30.722545055934233,48.15781684731712],[30.780087202007337,48.45750348111051],[30.595438719935203,48.53624535838611],[30.410881784249227,48.51781446847872],[30.396165748581154,48.153517109423206],[30.639335074793962,48.15590274922357],[30.722545055934233,48.15781684731712]]]},"properties":{"shapeName":"Holovanivsk","shapeISO":"","shapeID":"74538382B68550856765578","shapeGroup":"UKR","shapeType":"ADM2"}},
{"type":"Feature","geometry":{"type":"Polygon","coordinates":[[[30.369886205627495,48.12092854449395],[30.396165748581154,48.153517109423206],[30.410881784249227,48.51781446847872],[30.1633411316584,48.41194972186099],[30.213788754310656,48.153517109618576],[30.369886205627495,48.12092854449395]]]},"properties":{"shapeName":"Blahovishchenske","shapeISO":"","shapeID":"74538382B99860915109561","shapeGroup":"UKR","shapeType":"ADM2"}},
{"type":"Feature","geometry":{"type":"Polygon","coordinates":[[[30.213788754310656,48.153517109618576],[30.1633411316584,48.41194972186099],[30.02940918861981,48.43169469859282],[29.980932745140535,48.343128263750486],[29.885224082439038,48.38763768169537],[29.78223472075325,48.32376328847931],[29.798472459419827,48.16946779016189],[29.83473068732559,48.16067369567696],[30.002803603390305,48.25838033632715],[30.052867876594348,48.132041361616416],[30.213788754310656,48.153517109618576]]]},"properties":{"shapeName":"Haivoron","shapeISO":"","shapeID":"74538382B37973254287789","shapeGroup":"UKR","shapeType":"ADM2"}},
{"type":"Feature","geometry":{"type":"Polygon","coordinates":[[[31.53512795952662,48.10936276866903],[31.32235479926129,48.550382274843116],[31.225802272624435,48.57641462360192],[30.903674436223355,48.411949721693645],[31.223843485337227,48.22903843718319],[31.26156246764191,48.1702142574602],[31.53512795952662,48.10936276866903]]]},"properties":{"shapeName":"Dobrovelychkivka","shapeISO":"","shapeID":"74538382B57034061820630","shapeGroup":"UKR","shapeType":"ADM2"}},
{"type":"Feature","geometry":{"type":"Polygon","coordinates":[[[30.903674436223355,48.411949721693645],[31.225802272624435,48.57641462360192],[31.286594604243817,48.670964778477185],[31.257986447870564,48.69457464425852],[31.000513044105105,48.75590850569728],[30.66794323053341,48.72053271458748],[30.595438719935203,48.53624535838611],[30.780087202007337,48.45750348111051],[30.903674436223355,48.411949721693645]]]},"properties":{"shapeName":"Novoarkhanhelsk","shapeISO":"","shapeID":"74538382B73277137080743","shapeGroup":"UKR","shapeType":"ADM2"}},
{"type":"Feature","geometry":{"type":"Polygon","coordinates":[[[31.858757724245777,48.026919458692134],[32.1734474400565,48.085814187742756],[32.126959186702436,48.34401785848934],[31.920157602937195,48.451361172629504],[31.651348593061584,48.40102973499938],[31.60843635925579,48.50538574738499],[31.32235479926129,48.550382274843116],[31.53512795952662,48.10936276866903],[31.540491988758447,48.108168881129814],[31.858757724245777,48.026919458692134]]]},"properties":{"shapeName":"Novoukrainka","shapeISO":"","shapeID":"74538382B86431925858942","shapeGroup":"UKR","shapeType":"ADM2"}},
{"type":"Feature","geometry":{"type":"Polygon","coordinates":[[[32.473690037023005,48.06287619980645],[32.588122661437126,48.172885296909044],[32.57791175038585,48.242576604561236],[32.551504221567654,48.30702104690897],[32.126959186702436,48.34401785848934],[32.1734474400565,48.085814187742756],[32.473690037023005,48.06287619980645]]]},"properties":{"shapeName":"Kropyvnytskyi","shapeISO":"","shapeID":"74538382B5065610238765","shapeGroup":"UKR","shapeType":"ADM2"}},
{"type":"Feature","geometry":{"type":"Polygon","coordinates":[[[33.15341982397484,48.355710495045],[33.09620351158338,48.43473170689583],[32.88042935617125,48.42847527213462],[32.80865721423777,48.52945581091717],[32.72223769658234,48.5226653529927],[32.551504221567654,48.30702104690897],[32.57791175038585,48.242576604561236],[33.15341982397484,48.355710495045]]]},"properties":{"shapeName":"Novhorodka","shapeISO":"","shapeID":"74538382B97447105405204","shapeGroup":"UKR","shapeType":"ADM2"}},
{"type":"Feature","geometry":{"type":"Polygon","coordinates":[[[33.63246339617598,48.73704451515164],[33.3842990861483,48.66410640000902],[33.27590850445955,48.799363033121836],[33.15287054737979,48.87456250377005],[32.96605932212668,48.807566637914135],[32.88921778126945,48.71342059117711],[32.97856677423681,48.64862532825077],[32.80865721423777,48.52945581091717],[32.88042935617125,48.42847527213462],[33.09620351158338,48.43473170689583],[33.476520337489546,48.50703474666216],[33.79430684592489,48.59677332261708],[33.63246339617598,48.73704451515164]]]},"properties":{"shapeName":"Oleksandriia","shapeISO":"","shapeID":"74538382B69842770208303","shapeGroup":"UKR","shapeType":"ADM2"}},
{"type":"Feature","geometry":{"type":"Polygon","coordinates":[[[33.81484039026384,48.746477395562465],[33.978601068899366,48.86094042334565],[33.917829751949796,48.901770365613515],[33.377419999162555,48.92259778219693],[33.27590850445955,48.799363033121836],[33.3842990861483,48.66410640000902],[33.63246339617598,48.73704451515164],[33.81484039026384,48.746477395562465]]]},"properties":{"shapeName":"Onufriivka","shapeISO":"","shapeID":"74538382B79975421345437","shapeGroup":"UKR","shapeType":"ADM2"}},
{"type":"Feature","geometry":{"type":"Polygon","coordinates":[[[33.27590850445955,48.799363033121836],[33.377419999162555,48.92259778219693],[33.375419114156614,49.02048064192559],[33.16609623495958,49.10662708060198],[33.06416237687654,49.17183808490228],[32.858183654066465,48.912300407256794],[32.96605932212668,48.807566637914135],[33.15287054737979,48.87456250377005],[33.27590850445955,48.799363033121836]]]},"properties":{"shapeName":"Svitlovodsk","shapeISO":"","shapeID":"74538382B332128375794","shapeGroup":"UKR","shapeType":"ADM2"}},
{"type":"Feature","geometry":{"type":"Polygon","coordinates":[[[32.80865721423777,48.52945581091717],[32.97856677423681,48.64862532825077],[32.88921778126945,48.71342059117711],[32.96605932212668,48.807566637914135],[32.858183654066465,48.912300407256794],[32.65193029257699,48.91982050721697],[32.56301356251066,48.76095121756117],[32.370700675845626,48.699767329776876],[32.48055599458854,48.53030455406633],[32.72223769658234,48.5226653529927],[32.80865721423777,48.52945581091717]]]},"properties":{"shapeName":"Znamianka","shapeISO":"","shapeID":"74538382B83616373915642","shapeGroup":"UKR","shapeType":"ADM2"}},
{"type":"Feature","geometry":{"type":"Polygon","coordinates":[[[32.126959186702436,48.34401785848934],[32.551504221567654,48.30702104690897],[32.72223769658234,48.5226653529927],[32.48055599458854,48.53030455406633],[32.370700675845626,48.699767329776876],[32.1782927461652,48.706848156089904],[32.02736618532418,48.632558691284146],[31.920157602937195,48.451361172629504],[32.126959186702436,48.34401785848934]]]},"properties":{"shapeName":"Kompaniivka","shapeISO":"","shapeID":"74538382B33094259068281","shapeGroup":"UKR","shapeType":"ADM2"}},
{"type":"Feature","geometry":{"type":"Polygon","coordinates":[[[31.32235479926129,48.550382274843116],[31.60843635925579,48.50538574738499],[31.651348593061584,48.40102973499938],[31.920157602937195,48.451361172629504],[32.02736618532418,48.632558691284146],[31.42887440706312,48.60893338116705],[31.286594604243817,48.670964778477185],[31.225802272624435,48.57641462360192],[31.32235479926129,48.550382274843116]]]},"properties":{"shapeName":"Mala Vyska","shapeISO":"","shapeID":"74538382B72798454015327","shapeGroup":"UKR","shapeType":"ADM2"}},
{"type":"Feature","geometry":{"type":"Polygon","coordinates":[[[31.286594604243817,48.670964778477185],[31.42887440706312,48.60893338116705],[32.02736618532418,48.632558691284146],[32.1782927461652,48.706848156089904],[32.00833003354518,48.86520214148953],[31.933568052183034,48.92433202380215],[31.871774435159182,48.97092716697978],[31.581115570276893,48.714870277746456],[31.363693584295277,48.7299686931849],[31.257986447870564,48.69457464425852],[31.286594604243817,48.670964778477185]]]},"properties":{"shapeName":"Novomyrhorod","shapeISO":"","shapeID":"74538382B62956114849097","shapeGroup":"UKR","shapeType":"ADM2"}},
{"type":"Feature","geometry":{"type":"Polygon","coordinates":[[[32.65193029257699,48.91982050721697],[32.499630157476474,48.90690112741794],[32.25169074689046,48.96040948606657],[32.00833003354518,48.86520214148953],[32.1782927461652,48.706848156089904],[32.370700675845626,48.699767329776876],[32.56301356251066,48.76095121756117],[32.65193029257699,48.91982050721697]]]},"properties":{"shapeName":"Oleksandrivka","shapeISO":"","shapeID":"74538382B64662360696322","shapeGroup":"UKR","shapeType":"ADM2"}},
{"type":"Feature","geometry":{"type":"Polygon","coordinates":[[[34.25826680865134,48.72289187526178],[34.37278355555628,48.767675619656586],[34.39158081560612,49.053488909077885],[34.463810687872126,49.172316900001704],[34.11959735472942,49.30811297841609],[33.979833287456756,48.998460246549996],[33.917829751949796,48.901770365613515],[33.978601068899366,48.86094042334565],[34.25826680865134,48.72289187526178]]]},"properties":{"shapeName":"Kobeliaky","shapeISO":"","shapeID":"74538382B88978880858250","shapeGroup":"UKR","shapeType":"ADM2"}},
{"type":"Feature","geometry":{"type":"Polygon","coordinates":[[[33.917829751949796,48.901770365613515],[33.979833287456756,48.998460246549996],[33.84230422042788,49.08497636864115],[33.894943227031035,49.23464297056262],[33.698119114193446,49.263028503316605],[33.62488223483638,49.32870077174351],[33.34947134544677,49.19004749081324],[33.19461556861336,49.24360858622509],[33.16609623495958,49.10662708060198],[33.375419114156614,49.02048064192559],[33.377419999162555,48.92259778219693],[33.917829751949796,48.901770365613515]]]},"properties":{"shapeName":"Kremenchuk","shapeISO":"","shapeID":"74538382B89155529549277","shapeGroup":"UKR","shapeType":"ADM2"}},
{"type":"Feature","geometry":{"type":"Polygon","coordinates":[[[34.11959735472942,49.30811297841609],[33.93865375126461,49.42203815257648],[33.698119114193446,49.263028503316605],[33.894943227031035,49.23464297056262],[33.84230422042788,49.08497636864115],[33.979833287456756,48.998460246549996],[34.11959735472942,49.30811297841609]]]},"properties":{"shapeName":"Kozelshchyna","shapeISO":"","shapeID":"74538382B4782887938967","shapeGroup":"UKR","shapeType":"ADM2"}},
{"type":"Feature","geometry":{"type":"Polygon","coordinates":[[[34.63646663063065,49.0399881746273],[34.7553335191306,49.148078558958105],[34.654775850795886,49.24659676305714],[34.750899254952174,49.354050716148436],[34.63646663063065,49.41960170634434],[34.39361216366029,49.49566535652417],[34.11959735472942,49.30811297841609],[34.463810687872126,49.172316900001704],[34.39158081560612,49.053488909077885],[34.63646663063065,49.0399881746273]]]},"properties":{"shapeName":"Novi Sanzhary","shapeISO":"","shapeID":"74538382B44340415968020","shapeGroup":"UKR","shapeType":"ADM2"}},
{"type":"Feature","geometry":{"type":"Polygon","coordinates":[[[35.005654884122066,49.16444953244002],[35.09090397859899,49.28658812664884],[35.144547481494556,49.54598670181383],[35.04842407734037,49.60534914190498],[34.63646663063065,49.41960170634434],[34.750899254952174,49.354050716148436],[34.654775850795886,49.24659676305714],[34.7553335191306,49.148078558958105],[35.005654884122066,49.16444953244002]]]},"properties":{"shapeName":"Mashivka","shapeISO":"","shapeID":"74538382B24211497806867","shapeGroup":"UKR","shapeType":"ADM2"}},
{"type":"Feature","geometry":{"type":"Polygon","coordinates":[[[35.39172194932678,49.334666639386796],[35.517597835721915,49.57716098586491],[35.26126875797206,49.609798414351815],[35.144547481494556,49.54598670181383],[35.09090397859899,49.28658812664884],[35.39172194932678,49.334666639386796]]]},"properties":{"shapeName":"Karlivka","shapeISO":"","shapeID":"74538382B83988407306770","shapeGroup":"UKR","shapeType":"ADM2"}},
{"type":"Feature","geometry":{"type":"Polygon","coordinates":[[[35.49013400570391,49.72681647934314],[35.30475315502872,49.676488777994166],[35.25211414762532,49.78891403255568],[35.213575133897656,49.860758015556506],[34.98434180790281,49.89370767531733],[34.91823785933872,49.756443560804314],[35.04842407734037,49.60534914190498],[35.144547481494556,49.54598670181383],[35.26126875797206,49.609798414351815],[35.517597835721915,49.57716098586491],[35.49013400570391,49.72681647934314]]]},"properties":{"shapeName":"Chutove","shapeISO":"","shapeID":"74538382B60535297050868","shapeGroup":"UKR","shapeType":"ADM2"}},
{"type":"Feature","geometry":{"type":"Polygon","coordinates":[[[34.63646663063065,49.41960170634434],[35.04842407734037,49.60534914190498],[34.91823785933872,49.756443560804314],[34.711744201883164,49.78064323355642],[34.32978719864872,49.794823938223146],[34.39361216366029,49.49566535652417],[34.63646663063065,49.41960170634434]]]},"properties":{"shapeName":"Poltava","shapeISO":"","shapeID":"74538382B39784518508744","shapeGroup":"UKR","shapeType":"ADM2"}},
{"type":"Feature","geometry":{"type":"Polygon","coordinates":[[[34.9683212405435,50.12609574630682],[34.59069358135832,50.10701762440317],[34.7348786875927,49.890758850444115],[34.711744201883164,49.78064323355642],[34.91823785933872,49.756443560804314],[34.98434180790281,49.89370767531733],[34.9683212405435,50.12609574630682]]]},"properties":{"shapeName":"Kotelva","shapeISO":"","shapeID":"74538382B1295446134246","shapeGroup":"UKR","shapeType":"ADM2"}},
{"type":"Feature","geometry":{"type":"Polygon","coordinates":[[[34.11959735472942,49.30811297841609],[34.39361216366029,49.49566535652417],[34.32978719864872,49.794823938223146],[34.278587602294124,49.78590467196602],[34.08852174772244,49.710744391680066],[33.93745347562954,49.460634399745615],[33.93865375126461,49.42203815257648],[34.11959735472942,49.30811297841609]]]},"properties":{"shapeName":"Reshetylivka","shapeISO":"","shapeID":"74538382B30544134807890","shapeGroup":"UKR","shapeType":"ADM2"}},
{"type":"Feature","geometry":{"type":"Polygon","coordinates":[[[33.16609623495958,49.10662708060198],[33.19461556861336,49.24360858622509],[33.34947134544677,49.19004749081324],[33.62488223483638,49.32870077174351],[33.698119114193446,49.263028503316605],[33.93865375126461,49.42203815257648],[33.93745347562954,49.460634399745615],[33.62945953958865,49.60979841407436],[33.25994993859007,49.50690412032111],[32.86276095884773,49.5949659271983],[32.86741748432763,49.41395184625161],[33.06416237687654,49.17183808490228],[33.16609623495958,49.10662708060198]]]},"properties":{"shapeName":"Hlobyne","shapeISO":"","shapeID":"74538382B15303326410198","shapeGroup":"UKR","shapeType":"ADM2"}},
{"type":"Feature","geometry":{"type":"Polygon","coordinates":[[[33.62945953958865,49.60979841407436],[33.543062908311754,49.67621109145034],[33.09248445127264,49.92318601469373],[32.78494677430314,49.68546647023675],[32.86276095884773,49.5949659271983],[33.25994993859007,49.50690412032111],[33.62945953958865,49.60979841407436]]]},"properties":{"shapeName":"Semenivka","shapeISO":"","shapeID":"74538382B92678915216320","shapeGroup":"UKR","shapeType":"ADM2"}},
{"type":"Feature","geometry":{"type":"Polygon","coordinates":[[[34.08852174772244,49.710744391680066],[34.023107766340615,49.9246594589066],[33.81712904314884,49.85093207820864],[33.543062908311754,49.67621109145034],[33.62945953958865,49.60979841407436],[33.93745347562954,49.460634399745615],[34.08852174772244,49.710744391680066]]]},"properties":{"shapeName":"Velyka Bahachka","shapeISO":"","shapeID":"74538382B97123961313815","shapeGroup":"UKR","shapeType":"ADM2"}},
{"type":"Feature","geometry":{"type":"Polygon","coordinates":[[[34.278587602294124,49.78590467196602],[34.34809641826928,49.965897609998194],[34.144406347776,50.03797944028133],[34.023107766340615,49.9246594589066],[34.08852174772244,49.710744391680066],[34.278587602294124,49.78590467196602]]]},"properties":{"shapeName":"Shyshaky","shapeISO":"","shapeID":"74538382B34796929779218","shapeGroup":"UKR","shapeType":"ADM2"}},
{"type":"Feature","geometry":{"type":"Polygon","coordinates":[[[34.711744201883164,49.78064323355642],[34.7348786875927,49.890758850444115],[34.34809641826928,49.965897609998194],[34.278587602294124,49.78590467196602],[34.32978719864872,49.794823938223146],[34.711744201883164,49.78064323355642]]]},"properties":{"shapeName":"Dykanka","shapeISO":"","shapeID":"74538382B57466537231315","shapeGroup":"UKR","shapeType":"ADM2"}},
{"type":"Feature","geometry":{"type":"Polygon","coordinates":[[[34.59069358135832,50.10701762440317],[34.645621240876324,50.22137235052094],[34.481191035343215,50.27761942652967],[34.2588389717144,50.243332283644634],[34.15686660533805,50.095935421417664],[34.144406347776,50.03797944028133],[34.34809641826928,49.965897609998194],[34.7348786875927,49.890758850444115],[34.59069358135832,50.10701762440317]]]},"properties":{"shapeName":"Zinkiv","shapeISO":"","shapeID":"74538382B88912930718320","shapeGroup":"UKR","shapeType":"ADM2"}},
{"type":"Feature","geometry":{"type":"Polygon","coordinates":[[[33.543062908311754,49.67621109145034],[33.81712904314884,49.85093207820864],[33.50129500076133,49.998274250107045],[33.15088757684998,49.945930681555296],[33.09248445127264,49.92318601469373],[33.543062908311754,49.67621109145034]]]},"properties":{"shapeName":"Khorol","shapeISO":"","shapeID":"74538382B15383579018603","shapeGroup":"UKR","shapeType":"ADM2"}},
{"type":"Feature","geometry":{"type":"Polygon","coordinates":[[[33.09248445127264,49.92318601469373],[33.15088757684998,49.945930681555296],[32.9208355157042,49.94620343292166],[32.759631750133394,50.1111316391852],[32.731306482211664,50.12306943625305],[32.53368470599253,49.96134343840066],[32.44880094172271,49.849456381836944],[32.78494677430314,49.68546647023675],[33.09248445127264,49.92318601469373]]]},"properties":{"shapeName":"Orzhytsia","shapeISO":"","shapeID":"74538382B32721525373151","shapeGroup":"UKR","shapeType":"ADM2"}},
{"type":"Feature","geometry":{"type":"Polygon","coordinates":[[[34.481191035343215,50.27761942652967],[34.44064380314438,50.408803473735986],[34.315483120507,50.52489083843602],[34.097345931157804,50.44525372012964],[34.00079340466169,50.53625661512547],[33.70755980567304,50.45208501792695],[33.742602928413405,50.31535583070379],[33.97218524852002,50.120776649579796],[34.15686660533805,50.095935421417664],[34.2588389717144,50.243332283644634],[34.481191035343215,50.27761942652967]]]},"properties":{"shapeName":"Hadiach","shapeISO":"","shapeID":"74538382B87722024081340","shapeGroup":"UKR","shapeType":"ADM2"}},
{"type":"Feature","geometry":{"type":"Polygon","coordinates":[[[34.023107766340615,49.9246594589066],[34.144406347776,50.03797944028133],[34.15686660533805,50.095935421417664],[33.97218524852002,50.120776649579796],[33.742602928413405,50.31535583070379],[33.5104496105493,50.22430092592623],[33.593038149414326,50.07115091998071],[33.50129500076133,49.998274250107045],[33.81712904314884,49.85093207820864],[34.023107766340615,49.9246594589066]]]},"properties":{"shapeName":"Myrhorod","shapeISO":"","shapeID":"74538382B63112784365900","shapeGroup":"UKR","shapeType":"ADM2"}},
{"type":"Feature","geometry":{"type":"Polygon","coordinates":[[[33.50129500076133,49.998274250107045],[33.593038149414326,50.07115091998071],[33.5104496105493,50.22430092592623],[33.33741498145855,50.283403777698936],[33.263275142682744,50.153965481502894],[32.78267302243631,50.171129953214574],[32.759631750133394,50.1111316391852],[32.9208355157042,49.94620343292166],[33.15088757684998,49.945930681555296],[33.50129500076133,49.998274250107045]]]},"properties":{"shapeName":"Lubny","shapeISO":"","shapeID":"74538382B28667917897493","shapeGroup":"UKR","shapeType":"ADM2"}},
{"type":"Feature","geometry":{"type":"Polygon","coordinates":[[[33.70755980567304,50.45208501792695],[33.69007687130585,50.467154312340824],[33.14066308246123,50.51418786939752],[33.092670298331996,50.48166383163016],[33.06416237687654,50.42302240728458],[33.33741498145855,50.283403777698936],[33.5104496105493,50.22430092592623],[33.742602928413405,50.31535583070379],[33.70755980567304,50.45208501792695]]]},"properties":{"shapeName":"Lokhvytsia","shapeISO":"","shapeID":"74538382B63843280303146","shapeGroup":"UKR","shapeType":"ADM2"}},
{"type":"Feature","geometry":{"type":"Polygon","coordinates":[[[33.33741498145855,50.283403777698936],[33.06416237687654,50.42302240728458],[32.86962691641327,50.336914391381754],[32.78267302243631,50.171129953214574],[33.263275142682744,50.153965481502894],[33.33741498145855,50.283403777698936]]]},"properties":{"shapeName":"Chornukhy","shapeISO":"","shapeID":"74538382B30239669246101","shapeGroup":"UKR","shapeType":"ADM2"}},
{"type":"Feature","geometry":{"type":"Polygon","coordinates":[[[32.731306482211664,50.12306943625305],[32.29306737465981,50.2065500760346],[32.2585567043302,50.192076706281966],[32.53368470599253,49.96134343840066],[32.731306482211664,50.12306943625305]]]},"properties":{"shapeName":"Hrebinka","shapeISO":"","shapeID":"74538382B1986372473405","shapeGroup":"UKR","shapeType":"ADM2"}},
{"type":"Feature","geometry":{"type":"Polygon","coordinates":[[[32.759631750133394,50.1111316391852],[32.78267302243631,50.171129953214574],[32.86962691641327,50.336914391381754],[32.54353811952973,50.394933663372626],[32.279154576559904,50.33107090113043],[32.20134039201514,50.2565033888273],[32.29306737465981,50.2065500760346],[32.731306482211664,50.12306943625305],[32.759631750133394,50.1111316391852]]]},"properties":{"shapeName":"Pyriatyn","shapeISO":"","shapeID":"74538382B82525342266993","shapeGroup":"UKR","shapeType":"ADM2"}},
{"type":"Feature","geometry":{"type":"Polygon","coordinates":[[[35.215495708373794,50.253576791282],[35.256227244952015,50.26101717563597],[35.13948162966443,50.413017269308],[34.7553335191306,50.53625661496005],[34.44064380314438,50.408803473735986],[34.481191035343215,50.27761942652967],[34.645621240876324,50.22137235052094],[34.59069358135832,50.10701762440317],[34.9683212405435,50.12609574630682],[35.215495708373794,50.253576791282]]]},"properties":{"shapeName":"Okhtyrka","shapeISO":"","shapeID":"74538382B29845079622826","shapeGroup":"UKR","shapeType":"ADM2"}},
{"type":"Feature","geometry":{"type":"Polygon","coordinates":[[[35.74188577875299,50.36466115626746],[35.384712951107076,50.558979955076836],[35.31319256110987,50.5612516867871],[35.288160424610965,50.41336128897035],[35.13948162966443,50.413017269308],[35.256227244952015,50.26101717563597],[35.744174431135946,50.3398358672805],[35.74188577875299,50.36466115626746]]]},"properties":{"shapeName":"Velyka Pysarivka","shapeISO":"","shapeID":"74538382B36929178896395","shapeGroup":"UKR","shapeType":"ADM2"}},
{"type":"Feature","geometry":{"type":"Polygon","coordinates":[[[35.13948162966443,50.413017269308],[35.288160424610965,50.41336128897035],[35.31319256110987,50.5612516867871],[35.03926946742081,50.78326004408183],[34.888218403746635,50.648494065276736],[34.7553335191306,50.53625661496005],[35.13948162966443,50.413017269308]]]},"properties":{"shapeName":"Trostianets","shapeISO":"","shapeID":"74538382B23206158813586","shapeGroup":"UKR","shapeType":"ADM2"}},
{"type":"Feature","geometry":{"type":"Polygon","coordinates":[[[35.384712951107076,50.558979955076836],[35.519886488201905,50.70070751017886],[35.36654677204774,51.067453350602364],[35.1765886162014,51.038680397608175],[35.03926946742081,50.78326004408183],[35.31319256110987,50.5612516867871],[35.384712951107076,50.558979955076836]]]},"properties":{"shapeName":"Krasnopillia","shapeISO":"","shapeID":"74538382B16544098233158","shapeGroup":"UKR","shapeType":"ADM2"}},
{"type":"Feature","geometry":{"type":"Polygon","coordinates":[[[34.44064380314438,50.408803473735986],[34.7553335191306,50.53625661496005],[34.888218403746635,50.648494065276736],[34.8241361343093,50.79772794060227],[34.55154973207317,50.91151862969019],[34.22222053166456,50.8671115231146],[34.19246804985403,50.7528628845173],[34.315483120507,50.52489083843602],[34.44064380314438,50.408803473735986]]]},"properties":{"shapeName":"Lebedyn","shapeISO":"","shapeID":"74538382B20601682218189","shapeGroup":"UKR","shapeType":"ADM2"}},
{"type":"Feature","geometry":{"type":"Polygon","coordinates":[[[35.03926946742081,50.78326004408183],[35.1765886162014,51.038680397608175],[35.0951125879306,51.22160114022489],[34.73478714145938,51.1757092979322],[34.55154973207317,50.91151862969019],[34.8241361343093,50.79772794060227],[34.888218403746635,50.648494065276736],[35.03926946742081,50.78326004408183]]]},"properties":{"shapeName":"Sumy","shapeISO":"","shapeID":"74538382B37171380171685","shapeGroup":"UKR","shapeType":"ADM2"}},
{"type":"Feature","geometry":{"type":"Polygon","coordinates":[[[34.315483120507,50.52489083843602],[34.19246804985403,50.7528628845173],[33.93613897210423,50.71809908618911],[33.69007687130585,50.467154312340824],[33.70755980567304,50.45208501792695],[34.00079340466169,50.53625661512547],[34.097345931157804,50.44525372012964],[34.315483120507,50.52489083843602]]]},"properties":{"shapeName":"Lypova Dolyna","shapeISO":"","shapeID":"74538382B62400854629938","shapeGroup":"UKR","shapeType":"ADM2"}},
{"type":"Feature","geometry":{"type":"Polygon","coordinates":[[[33.69007687130585,50.467154312340824],[33.93613897210423,50.71809908618911],[33.79424251834979,50.696358608037485],[33.58153975224246,50.89534106992744],[33.258697838050864,50.90465123979874],[33.2158810493076,50.66172456558985],[33.14066308246123,50.51418786939752],[33.69007687130585,50.467154312340824]]]},"properties":{"shapeName":"Romny","shapeISO":"","shapeID":"74538382B59597845190856","shapeGroup":"UKR","shapeType":"ADM2"}},
{"type":"Feature","geometry":{"type":"Polygon","coordinates":[[[34.22222053166456,50.8671115231146],[33.95320869387592,51.02930253670377],[33.61865709976939,50.923409755641956],[33.58153975224246,50.89534106992744],[33.79424251834979,50.696358608037485],[33.93613897210423,50.71809908618911],[34.19246804985403,50.7528628845173],[34.22222053166456,50.8671115231146]]]},"properties":{"shapeName":"Nedryhailiv","shapeISO":"","shapeID":"74538382B29387965575909","shapeGroup":"UKR","shapeType":"ADM2"}},
{"type":"Feature","geometry":{"type":"Polygon","coordinates":[[[34.55154973207317,50.91151862969019],[34.73478714145938,51.1757092979322],[34.77607443223104,51.26120342848077],[34.31036236907397,51.26863217895453],[34.178561644381546,51.266465831655296],[33.95320869387592,51.02930253670377],[34.22222053166456,50.8671115231146],[34.55154973207317,50.91151862969019]]]},"properties":{"shapeName":"Bilopillia","shapeISO":"","shapeID":"74538382B88368635206807","shapeGroup":"UKR","shapeType":"ADM2"}},
{"type":"Feature","geometry":{"type":"Polygon","coordinates":[[[33.95320869387592,51.02930253670377],[34.178561644381546,51.266465831655296],[33.716428333921215,51.26693176035235],[33.61865709976939,50.923409755641956],[33.95320869387592,51.02930253670377]]]},"properties":{"shapeName":"Buryn","shapeISO":"","shapeID":"74538382B72285239783987","shapeGroup":"UKR","shapeType":"ADM2"}},
{"type":"Feature","geometry":{"type":"Polygon","coordinates":[[[33.58153975224246,50.89534106992744],[33.61865709976939,50.923409755641956],[33.716428333921215,51.26693176035235],[33.67446663550959,51.36841546886268],[33.347955284767295,51.379920073073265],[33.23352266077188,51.45984452444549],[33.11222407893666,51.328466248651864],[33.0664510297384,51.124945634810615],[33.22889576118067,51.003697183103874],[33.258697838050864,50.90465123979874],[33.58153975224246,50.89534106992744]]]},"properties":{"shapeName":"Konotop","shapeISO":"","shapeID":"74538382B53011721841283","shapeGroup":"UKR","shapeType":"ADM2"}},
{"type":"Feature","geometry":{"type":"Polygon","coordinates":[[[34.31036236907397,51.26863217895453],[34.35725102840752,51.465548066485894],[34.16271556759392,51.563821994438456],[33.97275741157563,51.46697384087298],[33.7896652131227,51.54674610565564],[33.67446663550959,51.36841546886268],[33.716428333921215,51.26693176035235],[34.178561644381546,51.266465831655296],[34.31036236907397,51.26863217895453]]]},"properties":{"shapeName":"Putyvl","shapeISO":"","shapeID":"74538382B23907235979788","shapeGroup":"UKR","shapeType":"ADM2"}},
{"type":"Feature","geometry":{"type":"Polygon","coordinates":[[[33.67446663550959,51.36841546886268],[33.7896652131227,51.54674610565564],[33.58990433350016,51.64661700099407],[33.187749611173615,51.649105305045055],[33.23352266077188,51.45984452444549],[33.347955284767295,51.379920073073265],[33.67446663550959,51.36841546886268]]]},"properties":{"shapeName":"Krolevets","shapeISO":"","shapeID":"74538382B60331079617508","shapeGroup":"UKR","shapeType":"ADM2"}},
{"type":"Feature","geometry":{"type":"Polygon","coordinates":[[[34.16271556759392,51.563821994438456],[34.28172549657063,51.57662470451436],[34.23366379449254,51.67040110610719],[34.492281524722216,51.72714099004992],[34.20162265977376,51.91246637051836],[34.103210603137654,51.816362085837625],[33.828572305394914,51.78522555383552],[33.58990433350016,51.64661700099407],[33.7896652131227,51.54674610565564],[33.97275741157563,51.46697384087298],[34.16271556759392,51.563821994438456]]]},"properties":{"shapeName":"Hlukhiv","shapeISO":"","shapeID":"74538382B34689599554445","shapeGroup":"UKR","shapeType":"ADM2"}},
{"type":"Feature","geometry":{"type":"Polygon","coordinates":[[[33.58990433350016,51.64661700099407],[33.828572305394914,51.78522555383552],[33.654634716730015,51.88422171706884],[33.62030492980074,52.139189485771],[33.432635426523916,52.08859338437901],[33.47154251827709,51.995684674458516],[33.33881727766817,51.985816554963606],[33.42348081621674,51.90964270417993],[33.13282195163322,51.80504219855874],[33.187749611173615,51.649105305045055],[33.58990433350016,51.64661700099407]]]},"properties":{"shapeName":"Shostka","shapeISO":"","shapeID":"74538382B68405573431293","shapeGroup":"UKR","shapeType":"ADM2"}},
{"type":"Feature","geometry":{"type":"Polygon","coordinates":[[[34.20162265977376,51.91246637051836],[34.10092195040278,52.139189485771],[33.62030492980074,52.139189485771],[33.654634716730015,51.88422171706884],[33.828572305394914,51.78522555383552],[34.103210603137654,51.816362085837625],[34.20162265977376,51.91246637051836]]]},"properties":{"shapeName":"Yampil","shapeISO":"","shapeID":"74538382B98557569749448","shapeGroup":"UKR","shapeType":"ADM2"}},
{"type":"Feature","geometry":{"type":"Polygon","coordinates":[[[33.62030492980074,52.139189485771],[34.10092195040278,52.139189485771],[33.815734395543984,52.37796791595554],[33.40225714087262,52.36091008875326],[33.27933147017097,52.162557603056655],[33.432635426523916,52.08859338437901],[33.62030492980074,52.139189485771]]]},"properties":{"shapeName":"Seredyna-Buda","shapeISO":"","shapeID":"74538382B45068545633774","shapeGroup":"UKR","shapeType":"ADM2"}},
{"type":"Feature","geometry":{"type":"Polygon","coordinates":[[[33.06416237687654,49.17183808490228],[32.86741748432763,49.41395184625161],[32.74146237758612,49.29587557511314],[32.65449358325361,49.33914056547343],[32.58125670399755,49.1733343664651],[32.41876237792388,49.12393319764169],[32.499630157476474,48.90690112741794],[32.65193029257699,48.91982050721697],[32.858183654066465,48.912300407256794],[33.06416237687654,49.17183808490228]]]},"properties":{"shapeName":"Chyhyryn","shapeISO":"","shapeID":"74538382B23530210512837","shapeGroup":"UKR","shapeType":"ADM2"}},
{"type":"Feature","geometry":{"type":"Polygon","coordinates":[[[32.53368470599253,49.96134343840066],[32.2585567043302,50.192076706281966],[32.09477501123661,50.16890210737665],[32.06259083531194,49.99680305750178],[32.116231128235825,49.78946811693231],[32.355824434726344,49.8240858078799],[32.44880094172271,49.849456381836944],[32.53368470599253,49.96134343840066]]]},"properties":{"shapeName":"Drabiv","shapeISO":"","shapeID":"74538382B28496412060318","shapeGroup":"UKR","shapeType":"ADM2"}},
{"type":"Feature","geometry":{"type":"Polygon","coordinates":[[[32.86276095884773,49.5949659271983],[32.78494677430314,49.68546647023675],[32.44880094172271,49.849456381836944],[32.355824434726344,49.8240858078799],[32.237815791231014,49.444253785432295],[32.65449358325361,49.33914056547343],[32.74146237758612,49.29587557511314],[32.86741748432763,49.41395184625161],[32.86276095884773,49.5949659271983]]]},"properties":{"shapeName":"Chornobai","shapeISO":"","shapeID":"74538382B10652079074389","shapeGroup":"UKR","shapeType":"ADM2"}},
{"type":"Feature","geometry":{"type":"Polygon","coordinates":[[[32.00833003354518,48.86520214148953],[32.25169074689046,48.96040948606657],[32.499630157476474,48.90690112741794],[32.41876237792388,49.12393319764169],[32.270201613400445,49.128046198274035],[31.933568052183034,48.92433202380215],[32.00833003354518,48.86520214148953]]]},"properties":{"shapeName":"Kamianka","shapeISO":"","shapeID":"74538382B60018374136133","shapeGroup":"UKR","shapeType":"ADM2"}},
{"type":"Feature","geometry":{"type":"Polygon","coordinates":[[[32.06259083531194,49.99680305750178],[31.9874944262408,50.01978530113189],[31.865909763165632,49.83100637525115],[31.86948578274547,49.60442215903282],[32.237815791231014,49.444253785432295],[32.355824434726344,49.8240858078799],[32.116231128235825,49.78946811693231],[32.06259083531194,49.99680305750178]]]},"properties":{"shapeName":"Zolotonosha","shapeISO":"","shapeID":"74538382B40671988393633","shapeGroup":"UKR","shapeType":"ADM2"}},
{"type":"Feature","geometry":{"type":"Polygon","coordinates":[[[32.65449358325361,49.33914056547343],[32.237815791231014,49.444253785432295],[31.86948578274547,49.60442215903282],[31.560517697879106,49.4389523088272],[31.640620534646132,49.346596205859214],[31.82142408066744,49.29139771714199],[32.270201613400445,49.128046198274035],[32.41876237792388,49.12393319764169],[32.58125670399755,49.1733343664651],[32.65449358325361,49.33914056547343]]]},"properties":{"shapeName":"Cherkasy","shapeISO":"","shapeID":"74538382B28718545705075","shapeGroup":"UKR","shapeType":"ADM2"}},
{"type":"Feature","geometry":{"type":"Polygon","coordinates":[[[31.933568052183034,48.92433202380215],[32.270201613400445,49.128046198274035],[31.82142408066744,49.29139771714199],[31.640620534646132,49.156872782883],[31.871774435159182,48.97092716697978],[31.933568052183034,48.92433202380215]]]},"properties":{"shapeName":"Smila","shapeISO":"","shapeID":"74538382B39705713449097","shapeGroup":"UKR","shapeType":"ADM2"}},
{"type":"Feature","geometry":{"type":"Polygon","coordinates":[[[31.865909763165632,49.83100637525115],[31.5504476266633,49.916466538973566],[31.35563752786163,49.85701147187552],[31.39225596763464,49.67062369164478],[31.26223297106816,49.52803042505627],[31.560517697879106,49.4389523088272],[31.86948578274547,49.60442215903282],[31.865909763165632,49.83100637525115]]]},"properties":{"shapeName":"Kaniv","shapeISO":"","shapeID":"74538382B83638043560631","shapeGroup":"UKR","shapeType":"ADM2"}},
{"type":"Feature","geometry":{"type":"Polygon","coordinates":[[[31.871774435159182,48.97092716697978],[31.640620534646132,49.156872782883],[31.4671693980805,49.09956551768039],[31.40102722794012,48.90186439350407],[31.363693584295277,48.7299686931849],[31.581115570276893,48.714870277746456],[31.871774435159182,48.97092716697978]]]},"properties":{"shapeName":"Shpola","shapeISO":"","shapeID":"74538382B74898399385279","shapeGroup":"UKR","shapeType":"ADM2"}},
{"type":"Feature","geometry":{"type":"Polygon","coordinates":[[[31.640620534646132,49.346596205859214],[31.693259541792486,49.28094779995354],[31.208065216051637,49.28542660708524],[31.4671693980805,49.09956551768039],[31.640620534646132,49.156872782883],[31.82142408066744,49.29139771714199],[31.640620534646132,49.346596205859214]]]},"properties":{"shapeName":"Horodysche","shapeISO":"","shapeID":"74538382B24094017923435","shapeGroup":"UKR","shapeType":"ADM2"}},
{"type":"Feature","geometry":{"type":"Polygon","coordinates":[[[31.560517697879106,49.4389523088272],[31.26223297106816,49.52803042505627],[31.21795219449558,49.48922815711745],[31.034859996042655,49.36060975105795],[31.190122180381024,49.297606904538554],[31.208065216051637,49.28542660708524],[31.693259541792486,49.28094779995354],[31.640620534646132,49.346596205859214],[31.560517697879106,49.4389523088272]]]},"properties":{"shapeName":"Korsun-Shevchenkivskyi","shapeISO":"","shapeID":"74538382B57516616644069","shapeGroup":"UKR","shapeType":"ADM2"}},
{"type":"Feature","geometry":{"type":"Polygon","coordinates":[[[30.595438719935203,48.53624535838611],[30.66794323053341,48.72053271458748],[30.607716460248696,48.75483634994606],[30.181604578477106,48.887758209394406],[30.249548949309258,48.78654738790692],[30.006097824202357,48.52745301085537],[30.01768191586417,48.46387812445999],[30.02940918861981,48.43169469859282],[30.1633411316584,48.41194972186099],[30.410881784249227,48.51781446847872],[30.595438719935203,48.53624535838611]]]},"properties":{"shapeName":"Uman","shapeISO":"","shapeID":"74538382B32197013600938","shapeGroup":"UKR","shapeType":"ADM2"}},
{"type":"Feature","geometry":{"type":"Polygon","coordinates":[[[30.181604578477106,48.887758209394406],[30.171250714992823,48.923516371784046],[30.15004570882212,48.92499859348004],[29.741754180329224,48.86188653301929],[29.7596342778113,48.821876714002144],[29.915432757337808,48.674213354841626],[30.006097824202357,48.52745301085537],[30.249548949309258,48.78654738790692],[30.181604578477106,48.887758209394406]]]},"properties":{"shapeName":"Khrystynivka","shapeISO":"","shapeID":"74538382B17175920641899","shapeGroup":"UKR","shapeType":"ADM2"}},
{"type":"Feature","geometry":{"type":"Polygon","coordinates":[[[30.15004570882212,48.92499859348004],[29.92184252234216,49.14190295821601],[29.75477089130885,49.18530299008421],[29.70442053675083,49.0549887644172],[29.615163089653777,48.97693627422717],[29.741754180329224,48.86188653301929],[30.15004570882212,48.92499859348004]]]},"properties":{"shapeName":"Monastyrysche","shapeISO":"","shapeID":"74538382B11218379347521","shapeGroup":"UKR","shapeType":"ADM2"}},
{"type":"Feature","geometry":{"type":"Polygon","coordinates":[[[30.15004570882212,48.92499859348004],[30.171250714992823,48.923516371784046],[30.539778691706317,49.14190295794316],[30.523758124352867,49.29438300115629],[30.43907798280179,49.192781909887344],[30.281160961688045,49.32720919186164],[30.114089330654622,49.282440780863794],[29.92184252234216,49.14190295821601],[30.15004570882212,48.92499859348004]]]},"properties":{"shapeName":"Zhashkiv","shapeISO":"","shapeID":"74538382B91941622572963","shapeGroup":"UKR","shapeType":"ADM2"}},
{"type":"Feature","geometry":{"type":"Polygon","coordinates":[[[30.607716460248696,48.75483634994606],[30.74575741507806,49.04898907172429],[30.726501870656136,49.11691101587729],[30.539778691706317,49.14190295794316],[30.171250714992823,48.923516371784046],[30.181604578477106,48.887758209394406],[30.607716460248696,48.75483634994606]]]},"properties":{"shapeName":"Mankivka","shapeISO":"","shapeID":"74538382B11416649963923","shapeGroup":"UKR","shapeType":"ADM2"}},
{"type":"Feature","geometry":{"type":"Polygon","coordinates":[[[31.000513044105105,48.75590850569728],[31.10507585441843,48.74958985766119],[31.02918413824375,48.909472556821754],[30.74575741507806,49.04898907172429],[30.607716460248696,48.75483634994606],[30.66794323053341,48.72053271458748],[31.000513044105105,48.75590850569728]]]},"properties":{"shapeName":"Talne","shapeISO":"","shapeID":"74538382B77501055867639","shapeGroup":"UKR","shapeType":"ADM2"}},
{"type":"Feature","geometry":{"type":"Polygon","coordinates":[[[31.257986447870564,48.69457464425852],[31.363693584295277,48.7299686931849],[31.40102722794012,48.90186439350407],[31.02918413824375,48.909472556821754],[31.10507585441843,48.74958985766119],[31.000513044105105,48.75590850569728],[31.257986447870564,48.69457464425852]]]},"properties":{"shapeName":"Katerynopil","shapeISO":"","shapeID":"74538382B12367365780771","shapeGroup":"UKR","shapeType":"ADM2"}},
{"type":"Feature","geometry":{"type":"Polygon","coordinates":[[[31.4671693980805,49.09956551768039],[31.208065216051637,49.28542660708524],[31.190122180381024,49.297606904538554],[31.116519116428776,49.165852506940496],[30.726501870656136,49.11691101587729],[30.74575741507806,49.04898907172429],[31.02918413824375,48.909472556821754],[31.40102722794012,48.90186439350407],[31.4671693980805,49.09956551768039]]]},"properties":{"shapeName":"Zvenyhorodka","shapeISO":"","shapeID":"74538382B54532398243130","shapeGroup":"UKR","shapeType":"ADM2"}},
{"type":"Feature","geometry":{"type":"Polygon","coordinates":[[[31.034859996042655,49.36060975105795],[30.722003733417637,49.3594956815694],[30.53291273414078,49.351069047757505],[30.523758124352867,49.29438300115629],[30.539778691706317,49.14190295794316],[30.726501870656136,49.11691101587729],[31.116519116428776,49.165852506940496],[31.190122180381024,49.297606904538554],[31.034859996042655,49.36060975105795]]]},"properties":{"shapeName":"Lysianka","shapeISO":"","shapeID":"74538382B82178564879136","shapeGroup":"UKR","shapeType":"ADM2"}},
{"type":"Feature","geometry":{"type":"Polygon","coordinates":[[[29.798472459419827,48.16946779016189],[29.78223472075325,48.32376328847931],[29.885224082439038,48.38763768169537],[29.980932745140535,48.343128263750486],[30.02940918861981,48.43169469859282],[30.01768191586417,48.46387812445999],[29.545073107707196,48.393906741338355],[29.39130426922236,48.33213234941212],[29.45209660084066,48.208358759802536],[29.591561361139952,48.22742036460431],[29.70957000460737,48.11771920455203],[29.798472459419827,48.16946779016189]]]},"properties":{"shapeName":"Bershad","shapeISO":"","shapeID":"74538382B24000649598641","shapeGroup":"UKR","shapeType":"ADM2"}},
{"type":"Feature","geometry":{"type":"Polygon","coordinates":[[[30.006097824202357,48.52745301085537],[29.915432757337808,48.674213354841626],[29.50931291268978,48.52196806722577],[29.545073107707196,48.393906741338355],[30.01768191586417,48.46387812445999],[30.006097824202357,48.52745301085537]]]},"properties":{"shapeName":"Teplyk","shapeISO":"","shapeID":"74538382B75813986727772","shapeGroup":"UKR","shapeType":"ADM2"}},
{"type":"Feature","geometry":{"type":"Polygon","coordinates":[[[29.7596342778113,48.821876714002144],[29.707445058626433,48.75949637323441],[29.368060142593947,48.76415927459294],[29.178084106664016,48.63508612511049],[29.20602175891787,48.5685767462283],[29.45746063004941,48.45753312515262],[29.50931291268978,48.52196806722577],[29.915432757337808,48.674213354841626],[29.7596342778113,48.821876714002144]]]},"properties":{"shapeName":"Haisyn","shapeISO":"","shapeID":"74538382B32839428556025","shapeGroup":"UKR","shapeType":"ADM2"}},
{"type":"Feature","geometry":{"type":"Polygon","coordinates":[[[29.741754180329224,48.86188653301929],[29.615163089653777,48.97693627422717],[29.70442053675083,49.0549887644172],[29.358834011999306,49.21371687133137],[29.145989331652686,49.09247044173782],[29.368060142593947,48.76415927459294],[29.707445058626433,48.75949637323441],[29.7596342778113,48.821876714002144],[29.741754180329224,48.86188653301929]]]},"properties":{"shapeName":"Illintsi","shapeISO":"","shapeID":"74538382B12709317910219","shapeGroup":"UKR","shapeType":"ADM2"}},
{"type":"Feature","geometry":{"type":"Polygon","coordinates":[[[29.75477089130885,49.18530299008421],[29.53963755819717,49.35703220404446],[29.253555998090917,49.33168379601693],[29.358834011999306,49.21371687133137],[29.70442053675083,49.0549887644172],[29.75477089130885,49.18530299008421]]]},"properties":{"shapeName":"Orativ","shapeISO":"","shapeID":"74538382B94896655218904","shapeGroup":"UKR","shapeType":"ADM2"}},
{"type":"Feature","geometry":{"type":"Polygon","coordinates":[[[29.70957000460737,48.11771920455203],[29.591561361139952,48.22742036460431],[29.45209660084066,48.208358759802536],[29.39130426922236,48.33213234941212],[29.177647621761025,48.298572299295984],[29.105222709083648,48.267902711768386],[29.058734455650892,48.14397344226569],[29.40203232763787,48.08906290883806],[29.70957000460737,48.11771920455203]]]},"properties":{"shapeName":"Chechelnyk","shapeISO":"","shapeID":"74538382B56756126132930","shapeGroup":"UKR","shapeType":"ADM2"}},
{"type":"Feature","geometry":{"type":"Polygon","coordinates":[[[29.545073107707196,48.393906741338355],[29.50931291268978,48.52196806722577],[29.45746063004941,48.45753312515262],[29.20602175891787,48.5685767462283],[28.972909987429546,48.46272057489011],[29.153752989020347,48.41489920037964],[29.177647621761025,48.298572299295984],[29.39130426922236,48.33213234941212],[29.545073107707196,48.393906741338355]]]},"properties":{"shapeName":"Trostianets","shapeISO":"","shapeID":"74538382B76388790181712","shapeGroup":"UKR","shapeType":"ADM2"}},
{"type":"Feature","geometry":{"type":"Polygon","coordinates":[[[29.058734455650892,48.14397344226569],[29.105222709083648,48.267902711768386],[28.66935498947538,48.17182857206893],[28.622460076798404,48.11533179000651],[28.951453870598755,47.97906575749778],[29.058734455650892,48.14397344226569]]]},"properties":{"shapeName":"Pishchanka","shapeISO":"","shapeID":"74538382B19464931464269","shapeGroup":"UKR","shapeType":"ADM2"}},
{"type":"Feature","geometry":{"type":"Polygon","coordinates":[[[28.972909987429546,48.46272057489011],[28.901826181822514,48.46114934429431],[28.60100395987422,48.36065291661123],[28.60722114398702,48.276017444338834],[28.66935498947538,48.17182857206893],[29.105222709083648,48.267902711768386],[29.177647621761025,48.298572299295984],[29.153752989020347,48.41489920037964],[28.972909987429546,48.46272057489011]]]},"properties":{"shapeName":"Kryzhopil","shapeISO":"","shapeID":"74538382B49727252906057","shapeGroup":"UKR","shapeType":"ADM2"}},
{"type":"Feature","geometry":{"type":"Polygon","coordinates":[[[29.53963755819717,49.35703220404446],[29.63447359569966,49.45587782462019],[29.61368124133753,49.49630828991087],[29.496335974063015,49.61117923407903],[29.062310475355957,49.54413046213256],[29.04085435835691,49.441928646834015],[28.929997753767964,49.455877824461766],[29.253555998090917,49.33168379601693],[29.53963755819717,49.35703220404446]]]},"properties":{"shapeName":"Pohrebyshche","shapeISO":"","shapeID":"74538382B69268260028088","shapeGroup":"UKR","shapeType":"ADM2"}},
{"type":"Feature","geometry":{"type":"Polygon","coordinates":[[[29.062310475355957,49.54413046213256],[29.002085015781347,49.81995310764313],[28.98006202685923,49.8609840607657],[28.450811140879978,49.75713593409887],[28.454387160127112,49.69472008790245],[28.772652895511953,49.65769504723477],[28.865629402863817,49.46517507149002],[28.929997753767964,49.455877824461766],[29.04085435835691,49.441928646834015],[29.062310475355957,49.54413046213256]]]},"properties":{"shapeName":"Koziatyn","shapeISO":"","shapeID":"74538382B65548017442564","shapeGroup":"UKR","shapeType":"ADM2"}},
{"type":"Feature","geometry":{"type":"Polygon","coordinates":[[[28.60722114398702,48.276017444338834],[28.375714731383084,48.3820328687504],[28.24516985452027,48.30911610650071],[28.078905112894063,48.36302891030283],[28.082053712582972,48.28216024894228],[28.175457639390856,48.17021425758702],[28.393594828882385,48.18452177308188],[28.343530555884342,48.11294426471579],[28.479419296878973,48.03648487191788],[28.622460076798404,48.11533179000651],[28.66935498947538,48.17182857206893],[28.60722114398702,48.276017444338834]]]},"properties":{"shapeName":"Yampil","shapeISO":"","shapeID":"74538382B68255145682197","shapeGroup":"UKR","shapeType":"ADM2"}},
{"type":"Feature","geometry":{"type":"Polygon","coordinates":[[[28.901826181822514,48.46114934429431],[28.544370881114446,48.52288613424287],[28.322074438473066,48.493537910534144],[28.375714731383084,48.3820328687504],[28.60722114398702,48.276017444338834],[28.60100395987422,48.36065291661123],[28.901826181822514,48.46114934429431]]]},"properties":{"shapeName":"Tomashpil","shapeISO":"","shapeID":"74538382B70813216743380","shapeGroup":"UKR","shapeType":"ADM2"}},
{"type":"Feature","geometry":{"type":"Polygon","coordinates":[[[29.178084106664016,48.63508612511049],[28.77980493486723,48.788903450628936],[28.59247652875831,48.692395736155504],[28.544370881114446,48.52288613424287],[28.901826181822514,48.46114934429431],[28.972909987429546,48.46272057489011],[29.20602175891787,48.5685767462283],[29.178084106664016,48.63508612511049]]]},"properties":{"shapeName":"Tulchyn","shapeISO":"","shapeID":"74538382B13174941050792","shapeGroup":"UKR","shapeType":"ADM2"}},
{"type":"Feature","geometry":{"type":"Polygon","coordinates":[[[29.368060142593947,48.76415927459294],[29.145989331652686,49.09247044173782],[28.969333968359706,49.23221450307062],[28.74046872026588,49.10361578292748],[28.77980493486723,48.788903450628936],[29.178084106664016,48.63508612511049],[29.368060142593947,48.76415927459294]]]},"properties":{"shapeName":"Nemyriv","shapeISO":"","shapeID":"74538382B96857740504911","shapeGroup":"UKR","shapeType":"ADM2"}},
{"type":"Feature","geometry":{"type":"Polygon","coordinates":[[[29.358834011999306,49.21371687133137],[29.253555998090917,49.33168379601693],[28.929997753767964,49.455877824461766],[28.865629402863817,49.46517507149002],[28.736892700494707,49.41634484475554],[28.969333968359706,49.23221450307062],[29.145989331652686,49.09247044173782],[29.358834011999306,49.21371687133137]]]},"properties":{"shapeName":"Lypovets","shapeISO":"","shapeID":"74538382B32198153584627","shapeGroup":"UKR","shapeType":"ADM2"}},
{"type":"Feature","geometry":{"type":"Polygon","coordinates":[[[28.454387160127112,49.69472008790245],[28.339954536384482,49.60673958316613],[28.422042459679652,49.48896276476693],[28.581729128716574,49.51075119723646],[28.736892700494707,49.41634484475554],[28.865629402863817,49.46517507149002],[28.772652895511953,49.65769504723477],[28.454387160127112,49.69472008790245]]]},"properties":{"shapeName":"Kalynivka","shapeISO":"","shapeID":"74538382B48236413060906","shapeGroup":"UKR","shapeType":"ADM2"}},
{"type":"Feature","geometry":{"type":"Polygon","coordinates":[[[28.969333968359706,49.23221450307062],[28.736892700494707,49.41634484475554],[28.581729128716574,49.51075119723646],[28.422042459679652,49.48896276476693],[28.236249970888537,49.26489540042303],[28.357834633490313,49.18081509537308],[28.74046872026588,49.10361578292748],[28.969333968359706,49.23221450307062]]]},"properties":{"shapeName":"Vinnytsia","shapeISO":"","shapeID":"74538382B89307192182420","shapeGroup":"UKR","shapeType":"ADM2"}},
{"type":"Feature","geometry":{"type":"Polygon","coordinates":[[[28.77980493486723,48.788903450628936],[28.74046872026588,49.10361578292748],[28.357834633490313,49.18081509537308],[28.357834633490313,48.878351875082785],[28.59247652875831,48.692395736155504],[28.77980493486723,48.788903450628936]]]},"properties":{"shapeName":"Tyvriv","shapeISO":"","shapeID":"74538382B94405396686419","shapeGroup":"UKR","shapeType":"ADM2"}},
{"type":"Feature","geometry":{"type":"Polygon","coordinates":[[[28.544370881114446,48.52288613424287],[28.59247652875831,48.692395736155504],[28.357834633490313,48.878351875082785],[28.045917457508267,48.797311814998125],[27.944236516790852,48.739691785420064],[27.975200547398856,48.574048599853086],[28.086057151538,48.609527326093314],[28.322074438473066,48.493537910534144],[28.544370881114446,48.52288613424287]]]},"properties":{"shapeName":"Sharhorod","shapeISO":"","shapeID":"74538382B44263254033139","shapeGroup":"UKR","shapeType":"ADM2"}},
{"type":"Feature","geometry":{"type":"Polygon","coordinates":[[[28.375714731383084,48.3820328687504],[28.322074438473066,48.493537910534144],[28.086057151538,48.609527326093314],[27.975200547398856,48.574048599853086],[27.994539662957024,48.51185612764894],[28.078905112894063,48.36302891030283],[28.24516985452027,48.30911610650071],[28.375714731383084,48.3820328687504]]]},"properties":{"shapeName":"Chernivtsi","shapeISO":"","shapeID":"74538382B29634078398489","shapeGroup":"UKR","shapeType":"ADM2"}},
{"type":"Feature","geometry":{"type":"Polygon","coordinates":[[[28.078905112894063,48.36302891030283],[27.994539662957024,48.51185612764894],[27.71415112390912,48.63789237206652],[27.420917524920696,48.585877610012744],[27.41734150542078,48.55985013361584],[27.573396017158302,48.44484266715625],[28.082053712582972,48.28216024894228],[28.078905112894063,48.36302891030283]]]},"properties":{"shapeName":"Mohyliv-Podilskyi","shapeISO":"","shapeID":"74538382B34820599431847","shapeGroup":"UKR","shapeType":"ADM2"}},
{"type":"Feature","geometry":{"type":"Polygon","coordinates":[[[27.944236516790852,48.739691785420064],[27.420917524920696,48.843062364294155],[27.385157329922095,48.82187671408332],[27.420917524920696,48.585877610012744],[27.71415112390912,48.63789237206652],[27.994539662957024,48.51185612764894],[27.975200547398856,48.574048599853086],[27.944236516790852,48.739691785420064]]]},"properties":{"shapeName":"Murovani Kurylivtsi","shapeISO":"","shapeID":"74538382B88010222583687","shapeGroup":"UKR","shapeType":"ADM2"}},
{"type":"Feature","geometry":{"type":"Polygon","coordinates":[[[28.045917457508267,48.797311814998125],[27.92871229390073,49.13404198946574],[27.538926168416026,49.05208275359888],[27.420917524920696,48.843062364294155],[27.944236516790852,48.739691785420064],[28.045917457508267,48.797311814998125]]]},"properties":{"shapeName":"Bar","shapeISO":"","shapeID":"74538382B24202642451616","shapeGroup":"UKR","shapeType":"ADM2"}},
{"type":"Feature","geometry":{"type":"Polygon","coordinates":[[[28.236249970888537,49.26489540042303],[27.92871229390073,49.13404198946574],[28.045917457508267,48.797311814998125],[28.357834633490313,48.878351875082785],[28.357834633490313,49.18081509537308],[28.236249970888537,49.26489540042303]]]},"properties":{"shapeName":"Zhmerynka","shapeISO":"","shapeID":"74538382B80669310769437","shapeGroup":"UKR","shapeType":"ADM2"}},
{"type":"Feature","geometry":{"type":"Polygon","coordinates":[[[28.339954536384482,49.60673958316613],[28.21355690807195,49.46207405629531],[27.864343942789787,49.555730803507856],[27.806802737159092,49.467632070273886],[27.900745338189097,49.22437588175961],[27.92871229390073,49.13404198946574],[28.236249970888537,49.26489540042303],[28.422042459679652,49.48896276476693],[28.339954536384482,49.60673958316613]]]},"properties":{"shapeName":"Lityn","shapeISO":"","shapeID":"74538382B83246565510085","shapeGroup":"UKR","shapeType":"ADM2"}},
{"type":"Feature","geometry":{"type":"Polygon","coordinates":[[[28.450811140879978,49.75713593409887],[28.34889458516767,49.79985602373887],[28.21601078371134,49.77514417602265],[27.975200547398856,49.74327268091821],[27.81785568935709,49.6900934995669],[27.864343942789787,49.555730803507856],[28.21355690807195,49.46207405629531],[28.339954536384482,49.60673958316613],[28.454387160127112,49.69472008790245],[28.450811140879978,49.75713593409887]]]},"properties":{"shapeName":"Khmilnyk","shapeISO":"","shapeID":"74538382B34104046396179","shapeGroup":"UKR","shapeType":"ADM2"}},
{"type":"Feature","geometry":{"type":"Polygon","coordinates":[[[33.11222407893666,51.328466248651864],[32.843643146566365,51.379954361856676],[32.792098813709174,51.38982901329348],[32.78122733849682,51.20519726526129],[32.595417740801,51.18407003751054],[32.62044987740296,50.9773884406564],[32.792098813709174,50.87144457261246],[33.22889576118067,51.003697183103874],[33.0664510297384,51.124945634810615],[33.11222407893666,51.328466248651864]]]},"properties":{"shapeName":"Bakhmach","shapeISO":"","shapeID":"74538382B54341051528669","shapeGroup":"UKR","shapeType":"ADM2"}},
{"type":"Feature","geometry":{"type":"Polygon","coordinates":[[[33.23352266077188,51.45984452444549],[33.187749611173615,51.649105305045055],[33.13282195163322,51.80504219855874],[32.970899788702184,51.791950034237914],[32.75633861871057,51.4544968063812],[32.843643146566365,51.379954361856676],[33.11222407893666,51.328466248651864],[33.23352266077188,51.45984452444549]]]},"properties":{"shapeName":"Korop","shapeISO":"","shapeID":"74538382B73193392833506","shapeGroup":"UKR","shapeType":"ADM2"}},
{"type":"Feature","geometry":{"type":"Polygon","coordinates":[[[33.432635426523916,52.08859338437901],[33.27933147017097,52.162557603056655],[33.40225714087262,52.36091008875326],[32.93871561278797,52.2584247488864],[33.000501488298084,52.1892901989994],[32.74561056021105,51.94210414891694],[32.888651340205456,51.8405841635842],[32.970899788702184,51.791950034237914],[33.13282195163322,51.80504219855874],[33.42348081621674,51.90964270417993],[33.33881727766817,51.985816554963606],[33.47154251827709,51.995684674458516],[33.432635426523916,52.08859338437901]]]},"properties":{"shapeName":"Novhorod-Siverskyi","shapeISO":"","shapeID":"74538382B3760492540112","shapeGroup":"UKR","shapeType":"ADM2"}},
{"type":"Feature","geometry":{"type":"Polygon","coordinates":[[[33.258697838050864,50.90465123979874],[33.22889576118067,51.003697183103874],[32.792098813709174,50.87144457261246],[32.880040621971375,50.77340617032644],[33.00308396417853,50.642961114937975],[33.2158810493076,50.66172456558985],[33.258697838050864,50.90465123979874]]]},"properties":{"shapeName":"Talalaivka","shapeISO":"","shapeID":"74538382B53480442802738","shapeGroup":"UKR","shapeType":"ADM2"}},
{"type":"Feature","geometry":{"type":"Polygon","coordinates":[[[33.2158810493076,50.66172456558985],[33.00308396417853,50.642961114937975],[32.880040621971375,50.77340617032644],[32.72057842371197,50.69962032245036],[32.83501104750718,50.549891932934145],[33.092670298331996,50.48166383163016],[33.14066308246123,50.51418786939752],[33.2158810493076,50.66172456558985]]]},"properties":{"shapeName":"Sribne","shapeISO":"","shapeID":"74538382B2732576684893","shapeGroup":"UKR","shapeType":"ADM2"}},
{"type":"Feature","geometry":{"type":"Polygon","coordinates":[[[33.092670298331996,50.48166383163016],[32.83501104750718,50.549891932934145],[32.87191556863564,50.494417053417976],[32.54353811952973,50.394933663372626],[32.86962691641327,50.336914391381754],[33.06416237687654,50.42302240728458],[33.092670298331996,50.48166383163016]]]},"properties":{"shapeName":"Varva","shapeISO":"","shapeID":"74538382B64867960998855","shapeGroup":"UKR","shapeType":"ADM2"}},
{"type":"Feature","geometry":{"type":"Polygon","coordinates":[[[32.54353811952973,50.394933663372626],[32.87191556863564,50.494417053417976],[32.83501104750718,50.549891932934145],[32.72057842371197,50.69962032245036],[32.27914227912146,50.72941457234555],[32.091116027777105,50.72062938521805],[32.01535372196412,50.63134353451284],[32.224626777510366,50.383495443822824],[32.279154576559904,50.33107090113043],[32.54353811952973,50.394933663372626]]]},"properties":{"shapeName":"Pryluky","shapeISO":"","shapeID":"74538382B22435039987726","shapeGroup":"UKR","shapeType":"ADM2"}},
{"type":"Feature","geometry":{"type":"Polygon","coordinates":[[[32.62044987740296,50.9773884406564],[32.452376961222626,50.93008163492408],[32.3343683177273,50.997648046639995],[32.27914227912146,50.72941457234555],[32.72057842371197,50.69962032245036],[32.880040621971375,50.77340617032644],[32.792098813709174,50.87144457261246],[32.62044987740296,50.9773884406564]]]},"properties":{"shapeName":"Ichnia","shapeISO":"","shapeID":"74538382B66083941235299","shapeGroup":"UKR","shapeType":"ADM2"}},
{"type":"Feature","geometry":{"type":"Polygon","coordinates":[[[32.792098813709174,51.38982901329348],[32.38280853255418,51.36716654058256],[32.15199132323443,51.34517721087417],[32.22748566796691,51.23234352320365],[32.177023459733334,51.101059085328245],[32.3343683177273,50.997648046639995],[32.452376961222626,50.93008163492408],[32.62044987740296,50.9773884406564],[32.595417740801,51.18407003751054],[32.78122733849682,51.20519726526129],[32.792098813709174,51.38982901329348]]]},"properties":{"shapeName":"Borzna","shapeISO":"","shapeID":"74538382B98672866452807","shapeGroup":"UKR","shapeType":"ADM2"}},
{"type":"Feature","geometry":{"type":"Polygon","coordinates":[[[32.843643146566365,51.379954361856676],[32.75633861871057,51.4544968063812],[32.970899788702184,51.791950034237914],[32.888651340205456,51.8405841635842],[32.60256978021664,51.61465592239398],[32.42019278548554,51.63463619993826],[32.54495674537088,51.557596648555375],[32.38280853255418,51.36716654058256],[32.792098813709174,51.38982901329348],[32.843643146566365,51.379954361856676]]]},"properties":{"shapeName":"Sosnytsia","shapeISO":"","shapeID":"74538382B2815970127948","shapeGroup":"UKR","shapeType":"ADM2"}},
{"type":"Feature","geometry":{"type":"Polygon","coordinates":[[[32.93871561278797,52.2584247488864],[32.32945129091496,52.30969707713365],[32.31196698691883,52.09921479841907],[32.508252265726924,51.9185377547841],[32.74561056021105,51.94210414891694],[33.000501488298084,52.1892901989994],[32.93871561278797,52.2584247488864]]]},"properties":{"shapeName":"Semenivka","shapeISO":"","shapeID":"74538382B79592812488535","shapeGroup":"UKR","shapeType":"ADM2"}},
{"type":"Feature","geometry":{"type":"Polygon","coordinates":[[[32.74561056021105,51.94210414891694],[32.508252265726924,51.9185377547841],[32.31196698691883,52.09921479841907],[32.18775151823303,52.0169933129913],[32.377280551725505,51.88695869456063],[32.26284792773009,51.60577297474754],[32.42019278548554,51.63463619993826],[32.60256978021664,51.61465592239398],[32.888651340205456,51.8405841635842],[32.74561056021105,51.94210414891694]]]},"properties":{"shapeName":"Koriukivka","shapeISO":"","shapeID":"74538382B49232640151190","shapeGroup":"UKR","shapeType":"ADM2"}},
{"type":"Feature","geometry":{"type":"Polygon","coordinates":[[[32.38280853255418,51.36716654058256],[32.54495674537088,51.557596648555375],[32.42019278548554,51.63463619993826],[32.26284792773009,51.60577297474754],[31.97319034821777,51.71003786076733],[31.790813353359624,51.674570361933434],[31.744325099926925,51.48122913155953],[32.15199132323443,51.34517721087417],[32.38280853255418,51.36716654058256]]]},"properties":{"shapeName":"Mena","shapeISO":"","shapeID":"74538382B90390774066886","shapeGroup":"UKR","shapeType":"ADM2"}},
{"type":"Feature","geometry":{"type":"Polygon","coordinates":[[[32.18775151823303,52.0169933129913],[31.92670209474329,52.060987294283166],[31.797965392748267,51.92887541618302],[31.97319034821777,51.71003786076733],[32.26284792773009,51.60577297474754],[32.377280551725505,51.88695869456063],[32.18775151823303,52.0169933129913]]]},"properties":{"shapeName":"Snovsk","shapeISO":"","shapeID":"74538382B13559545331448","shapeGroup":"UKR","shapeType":"ADM2"}},
{"type":"Feature","geometry":{"type":"Polygon","coordinates":[[[32.3343683177273,50.997648046639995],[32.177023459733334,51.101059085328245],[32.22748566796691,51.23234352320365],[31.740749080750675,51.195276285807495],[31.712140924680966,51.08982993822076],[31.941006172742675,50.988644869077746],[32.091116027777105,50.72062938521805],[32.27914227912146,50.72941457234555],[32.3343683177273,50.997648046639995]]]},"properties":{"shapeName":"Nizhyn","shapeISO":"","shapeID":"74538382B46710488362187","shapeGroup":"UKR","shapeType":"ADM2"}},
{"type":"Feature","geometry":{"type":"Polygon","coordinates":[[[32.15199132323443,51.34517721087417],[31.744325099926925,51.48122913155953],[31.640620534646132,51.48568299684894],[31.67638072966355,51.30718893997846],[31.48685169616124,51.14594840698663],[31.540491988758447,51.08982993837765],[31.712140924680966,51.08982993822076],[31.740749080750675,51.195276285807495],[32.22748566796691,51.23234352320365],[32.15199132323443,51.34517721087417]]]},"properties":{"shapeName":"Kulykivka","shapeISO":"","shapeID":"74538382B79532442350116","shapeGroup":"UKR","shapeType":"ADM2"}},
{"type":"Feature","geometry":{"type":"Polygon","coordinates":[[[31.712140924680966,51.08982993822076],[31.540491988758447,51.08982993837765],[31.476123637745957,50.862416931411644],[31.752547939372903,50.8637402287456],[31.969614328446426,50.62935272857226],[32.01535372196412,50.63134353451284],[32.091116027777105,50.72062938521805],[31.941006172742675,50.988644869077746],[31.712140924680966,51.08982993822076]]]},"properties":{"shapeName":"Nosivka","shapeISO":"","shapeID":"74538382B60114922915625","shapeGroup":"UKR","shapeType":"ADM2"}},
{"type":"Feature","geometry":{"type":"Polygon","coordinates":[[[31.476123637745957,50.862416931411644],[31.265138487269326,50.751686407058344],[31.436787422957366,50.508974150674476],[31.70856490490968,50.49305209552102],[31.969614328446426,50.62935272857226],[31.752547939372903,50.8637402287456],[31.476123637745957,50.862416931411644]]]},"properties":{"shapeName":"Bobrovytsia","shapeISO":"","shapeID":"74538382B51921119694159","shapeGroup":"UKR","shapeType":"ADM2"}},
{"type":"Feature","geometry":{"type":"Polygon","coordinates":[[[31.48685169616124,51.14594840698663],[31.179314019191736,51.16613437124067],[31.118521687572525,51.253504857813766],[30.677524331507016,51.179416142388106],[30.688287495309133,51.08188099335477],[30.864305110532666,50.80044999109493],[31.265138487269326,50.751686407058344],[31.476123637745957,50.862416931411644],[31.540491988758447,51.08982993837765],[31.48685169616124,51.14594840698663]]]},"properties":{"shapeName":"Kozelets","shapeISO":"","shapeID":"74538382B36516129113863","shapeGroup":"UKR","shapeType":"ADM2"}},
{"type":"Feature","geometry":{"type":"Polygon","coordinates":[[[31.790813353359624,51.674570361933434],[31.37241907226513,51.74769163089178],[31.047001297537633,51.44335371496203],[30.743039640289908,51.39206046055955],[30.66436721129287,51.264694215828285],[30.677524331507016,51.179416142388106],[31.118521687572525,51.253504857813766],[31.179314019191736,51.16613437124067],[31.48685169616124,51.14594840698663],[31.67638072966355,51.30718893997846],[31.640620534646132,51.48568299684894],[31.744325099926925,51.48122913155953],[31.790813353359624,51.674570361933434]]]},"properties":{"shapeName":"Chernihiv","shapeISO":"","shapeID":"74538382B44220139144156","shapeGroup":"UKR","shapeType":"ADM2"}},
{"type":"Feature","geometry":{"type":"Polygon","coordinates":[[[31.97319034821777,51.71003786076733],[31.797965392748267,51.92887541618302],[31.92670209474329,52.060987294283166],[31.457528336361747,52.14340323561959],[31.24926096059903,52.04779364597954],[31.37241907226513,51.74769163089178],[31.790813353359624,51.674570361933434],[31.97319034821777,51.71003786076733]]]},"properties":{"shapeName":"Horodnia","shapeISO":"","shapeID":"74538382B77165188287872","shapeGroup":"UKR","shapeType":"ADM2"}},
{"type":"Feature","geometry":{"type":"Polygon","coordinates":[[[31.37241907226513,51.74769163089178],[31.24926096059903,52.04779364597954],[30.931138265982383,52.09281191950487],[30.70456167047132,51.799381188521465],[30.626747486154443,51.642004480582386],[30.743039640289908,51.39206046055955],[31.047001297537633,51.44335371496203],[31.37241907226513,51.74769163089178]]]},"properties":{"shapeName":"Ripky","shapeISO":"","shapeID":"74538382B14499181024319","shapeGroup":"UKR","shapeType":"ADM2"}},
{"type":"Feature","geometry":{"type":"Polygon","coordinates":[[[27.41734150542078,48.55985013361584],[27.124977006115273,48.46708141917952],[27.152382035584555,48.33995863278779],[27.362136704391787,48.30909628913571],[27.573396017158302,48.44484266715625],[27.41734150542078,48.55985013361584]]]},"properties":{"shapeName":"Sokyriany","shapeISO":"","shapeID":"74538382B66987741978303","shapeGroup":"UKR","shapeType":"ADM2"}},
{"type":"Feature","geometry":{"type":"Polygon","coordinates":[[[27.124977006115273,48.46708141917952],[27.11069783330788,48.51678667505945],[26.814558718475723,48.5426883348091],[26.551944786454897,48.42046449707743],[26.67018325009287,48.34821149942711],[26.78964848501313,48.266132306132526],[26.848083901286884,48.216103392696084],[26.881609084098102,48.33510398633672],[27.152382035584555,48.33995863278779],[27.124977006115273,48.46708141917952]]]},"properties":{"shapeName":"Kelmentsi","shapeISO":"","shapeID":"74538382B31362091857930","shapeGroup":"UKR","shapeType":"ADM2"}},
{"type":"Feature","geometry":{"type":"Polygon","coordinates":[[[26.551944786454897,48.42046449707743],[26.537640708274864,48.455606223430664],[26.283743323965382,48.47931685116123],[26.172886719457267,48.389157524434665],[26.387447889461328,48.263141745750886],[26.67018325009287,48.34821149942711],[26.551944786454897,48.42046449707743]]]},"properties":{"shapeName":"Khotyn","shapeISO":"","shapeID":"74538382B59394362470608","shapeGroup":"UKR","shapeType":"ADM2"}},
{"type":"Feature","geometry":{"type":"Polygon","coordinates":[[[26.67018325009287,48.34821149942711],[26.387447889461328,48.263141745750886],[26.172886719457267,48.389157524434665],[26.02626991961654,48.355900597258426],[26.051302056218503,48.21074184848129],[26.369567791603515,48.12965461258267],[26.78964848501313,48.266132306132526],[26.67018325009287,48.34821149942711]]]},"properties":{"shapeName":"Novoselytsia","shapeISO":"","shapeID":"74538382B19402975726216","shapeGroup":"UKR","shapeType":"ADM2"}},
{"type":"Feature","geometry":{"type":"Polygon","coordinates":[[[26.051302056218503,48.21074184848129],[26.015541861201086,48.177368514246325],[26.230103031305305,47.993426529619285],[26.369567791603515,48.12965461258267],[26.051302056218503,48.21074184848129]]]},"properties":{"shapeName":"Hertsa","shapeISO":"","shapeID":"74538382B90476934992990","shapeGroup":"UKR","shapeType":"ADM2"}},
{"type":"Feature","geometry":{"type":"Polygon","coordinates":[[[26.015541861201086,48.177368514246325],[25.956115099069393,48.14701983775814],[25.786676613485042,48.06039063726723],[25.778306774340308,47.91817084003125],[25.976205646977576,47.87602995099388],[26.230103031305305,47.993426529619285],[26.015541861201086,48.177368514246325]]]},"properties":{"shapeName":"Hlyboka","shapeISO":"","shapeID":"74538382B92550814183987","shapeGroup":"UKR","shapeType":"ADM2"}},
{"type":"Feature","geometry":{"type":"Polygon","coordinates":[[[26.283743323965382,48.47931685116123],[26.21579895311868,48.566949865168226],[26.104942348972372,48.521968066929674],[26.08348623197321,48.614255940972214],[25.918989334564458,48.540912644038144],[25.86892506198177,48.621348032688786],[25.722308262418153,48.607162853099055],[25.6937001060449,48.538544959330295],[25.901109237480455,48.355900597048674],[26.02626991961654,48.355900597258426],[26.172886719457267,48.389157524434665],[26.283743323965382,48.47931685116123]]]},"properties":{"shapeName":"Zastavna","shapeISO":"","shapeID":"74538382B84300639272242","shapeGroup":"UKR","shapeType":"ADM2"}},
{"type":"Feature","geometry":{"type":"Polygon","coordinates":[[[26.02626991961654,48.355900597258426],[25.901109237480455,48.355900597048674],[25.6937001060449,48.538544959330295],[25.615027677366072,48.3582768120379],[25.6114516575949,48.21074184848129],[25.956115099069393,48.14701983775814],[26.015541861201086,48.177368514246325],[26.051302056218503,48.21074184848129],[26.02626991961654,48.355900597258426]]]},"properties":{"shapeName":"Kitsman","shapeISO":"","shapeID":"74538382B32943992723151","shapeGroup":"UKR","shapeType":"ADM2"}},
{"type":"Feature","geometry":{"type":"Polygon","coordinates":[[[25.956115099069393,48.14701983775814],[25.6114516575949,48.21074184848129],[25.404042527000115,48.01974423355699],[25.534137479646017,47.89837125078097],[25.778306774340308,47.91817084003125],[25.786676613485042,48.06039063726723],[25.956115099069393,48.14701983775814]]]},"properties":{"shapeName":"Storozhynets","shapeISO":"","shapeID":"74538382B50216081867244","shapeGroup":"UKR","shapeType":"ADM2"}},
{"type":"Feature","geometry":{"type":"Polygon","coordinates":[[[25.615027677366072,48.3582768120379],[25.372653608368523,48.28521495823003],[25.207361454507804,48.24171191083218],[25.168025240009285,48.09622848070694],[25.410099534953474,47.85198183552564],[25.534137479646017,47.89837125078097],[25.404042527000115,48.01974423355699],[25.6114516575949,48.21074184848129],[25.615027677366072,48.3582768120379]]]},"properties":{"shapeName":"Vyzhnytsia","shapeISO":"","shapeID":"74538382B46813680897661","shapeGroup":"UKR","shapeType":"ADM2"}},
{"type":"Feature","geometry":{"type":"Polygon","coordinates":[[[25.168025240009285,48.09622848070694],[25.064320674513397,48.09861678267646],[25.07504873301292,47.840038931886625],[24.892671738374872,47.719888398358364],[25.128689025510823,47.698231810384925],[25.410099534953474,47.85198183552564],[25.168025240009285,48.09622848070694]]]},"properties":{"shapeName":"Putyla","shapeISO":"","shapeID":"74538382B95854535176158","shapeGroup":"UKR","shapeType":"ADM2"}},
{"type":"Feature","geometry":{"type":"Polygon","coordinates":[[[32.01535372196412,50.63134353451284],[31.969614328446426,50.62935272857226],[31.70856490490968,50.49305209552102],[31.851605684979006,50.312988051461616],[32.224626777510366,50.383495443822824],[32.01535372196412,50.63134353451284]]]},"properties":{"shapeName":"Zghurivka","shapeISO":"","shapeID":"74538382B56048434461160","shapeGroup":"UKR","shapeType":"ADM2"}},
{"type":"Feature","geometry":{"type":"Polygon","coordinates":[[[32.279154576559904,50.33107090113043],[32.224626777510366,50.383495443822824],[31.851605684979006,50.312988051461616],[31.82707419116298,50.20320201375364],[31.9874944262408,50.01978530113189],[32.06259083531194,49.99680305750178],[32.09477501123661,50.16890210737665],[32.2585567043302,50.192076706281966],[32.29306737465981,50.2065500760346],[32.20134039201514,50.2565033888273],[32.279154576559904,50.33107090113043]]]},"properties":{"shapeName":"Yahotyn","shapeISO":"","shapeID":"74538382B27817216475835","shapeGroup":"UKR","shapeType":"ADM2"}},
{"type":"Feature","geometry":{"type":"Polygon","coordinates":[[[31.9874944262408,50.01978530113189],[31.82707419116298,50.20320201375364],[31.50830781299203,50.23070655792617],[31.31043873415399,50.157717143439925],[31.290170623768404,50.08407712918239],[31.42238391906089,50.06896209149877],[31.5504476266633,49.916466538973566],[31.865909763165632,49.83100637525115],[31.9874944262408,50.01978530113189]]]},"properties":{"shapeName":"Pereiaslav-Khmelnytskyi","shapeISO":"","shapeID":"74538382B16214498015051","shapeGroup":"UKR","shapeType":"ADM2"}},
{"type":"Feature","geometry":{"type":"Polygon","coordinates":[[[31.436787422957366,50.508974150674476],[31.254410428769802,50.34266587528924],[31.31043873415399,50.157717143439925],[31.50830781299203,50.23070655792617],[31.82707419116298,50.20320201375364],[31.851605684979006,50.312988051461616],[31.70856490490968,50.49305209552102],[31.436787422957366,50.508974150674476]]]},"properties":{"shapeName":"Baryshivka","shapeISO":"","shapeID":"74538382B22204754731181","shapeGroup":"UKR","shapeType":"ADM2"}},
{"type":"Feature","geometry":{"type":"Polygon","coordinates":[[[29.92184252234216,49.14190295821601],[30.114089330654622,49.282440780863794],[30.020254578831896,49.37491733613308],[29.63447359569966,49.45587782462019],[29.53963755819717,49.35703220404446],[29.75477089130885,49.18530299008421],[29.92184252234216,49.14190295821601]]]},"properties":{"shapeName":"Tetiiv","shapeISO":"","shapeID":"74538382B22798691386848","shapeGroup":"UKR","shapeType":"ADM2"}},
{"type":"Feature","geometry":{"type":"Polygon","coordinates":[[[30.523758124352867,49.29438300115629],[30.53291273414078,49.351069047757505],[30.38094307978116,49.47837686923924],[30.21707869225048,49.513306579186974],[30.020254578831896,49.37491733613308],[30.114089330654622,49.282440780863794],[30.281160961688045,49.32720919186164],[30.43907798280179,49.192781909887344],[30.523758124352867,49.29438300115629]]]},"properties":{"shapeName":"Stavyshche","shapeISO":"","shapeID":"74538382B40749537195929","shapeGroup":"UKR","shapeType":"ADM2"}},
{"type":"Feature","geometry":{"type":"Polygon","coordinates":[[[30.722003733417637,49.3594956815694],[30.75948932998915,49.562318570959064],[30.416191458002743,49.54895653884188],[30.38094307978116,49.47837686923924],[30.53291273414078,49.351069047757505],[30.722003733417637,49.3594956815694]]]},"properties":{"shapeName":"Tarashcha","shapeISO":"","shapeID":"74538382B17419757649625","shapeGroup":"UKR","shapeType":"ADM2"}},
{"type":"Feature","geometry":{"type":"Polygon","coordinates":[[[31.21795219449558,49.48922815711745],[30.835014861632942,49.566771769195384],[30.75948932998915,49.562318570959064],[30.722003733417637,49.3594956815694],[31.034859996042655,49.36060975105795],[31.21795219449558,49.48922815711745]]]},"properties":{"shapeName":"Bohuslav","shapeISO":"","shapeID":"74538382B9928068726640","shapeGroup":"UKR","shapeType":"ADM2"}},
{"type":"Feature","geometry":{"type":"Polygon","coordinates":[[[30.020254578831896,49.37491733613308],[30.21707869225048,49.513306579186974],[29.880171063384694,49.6097340433256],[29.61368124133753,49.49630828991087],[29.63447359569966,49.45587782462019],[30.020254578831896,49.37491733613308]]]},"properties":{"shapeName":"Volodarka","shapeISO":"","shapeID":"74538382B617661136852","shapeGroup":"UKR","shapeType":"ADM2"}},
{"type":"Feature","geometry":{"type":"Polygon","coordinates":[[[31.5504476266633,49.916466538973566],[31.42238391906089,50.06896209149877],[31.412866553439642,50.031036636422584],[31.111941811895292,49.70165914509158],[30.866556460181243,49.64345220228017],[30.835014861632942,49.566771769195384],[31.21795219449558,49.48922815711745],[31.26223297106816,49.52803042505627],[31.39225596763464,49.67062369164478],[31.35563752786163,49.85701147187552],[31.5504476266633,49.916466538973566]]]},"properties":{"shapeName":"Myronivka","shapeISO":"","shapeID":"74538382B62388892645700","shapeGroup":"UKR","shapeType":"ADM2"}},
{"type":"Feature","geometry":{"type":"Polygon","coordinates":[[[30.75948932998915,49.562318570959064],[30.835014861632942,49.566771769195384],[30.866556460181243,49.64345220228017],[30.725159542381505,49.80664158622483],[30.342954578645617,49.629073902703055],[30.416191458002743,49.54895653884188],[30.75948932998915,49.562318570959064]]]},"properties":{"shapeName":"Rokytne","shapeISO":"","shapeID":"74538382B34512881177192","shapeGroup":"UKR","shapeType":"ADM2"}},
{"type":"Feature","geometry":{"type":"Polygon","coordinates":[[[31.412866553439642,50.031036636422584],[31.114230464206344,50.00857133908494],[30.722870890159243,49.89960478473091],[30.725159542381505,49.80664158622483],[30.866556460181243,49.64345220228017],[31.111941811895292,49.70165914509158],[31.412866553439642,50.031036636422584]]]},"properties":{"shapeName":"Kaharlyk","shapeISO":"","shapeID":"74538382B43652074637145","shapeGroup":"UKR","shapeType":"ADM2"}},
{"type":"Feature","geometry":{"type":"Polygon","coordinates":[[[30.38094307978116,49.47837686923924],[30.416191458002743,49.54895653884188],[30.342954578645617,49.629073902703055],[30.725159542381505,49.80664158622483],[30.722870890159243,49.89960478473091],[30.62445883367451,49.94233727504911],[30.29260422383976,49.90255306875065],[30.26514039432874,49.96442542652835],[30.109512025386834,49.8435531459175],[29.880171063384694,49.6097340433256],[30.21707869225048,49.513306579186974],[30.38094307978116,49.47837686923924]]]},"properties":{"shapeName":"Bila Tserkva","shapeISO":"","shapeID":"74538382B23081700474846","shapeGroup":"UKR","shapeType":"ADM2"}},
{"type":"Feature","geometry":{"type":"Polygon","coordinates":[[[29.61368124133753,49.49630828991087],[29.880171063384694,49.6097340433256],[30.109512025386834,49.8435531459175],[29.798255288106702,49.884860660271784],[29.521328338357876,49.77709205800403],[29.496335974063015,49.61117923407903],[29.61368124133753,49.49630828991087]]]},"properties":{"shapeName":"Skvyra","shapeISO":"","shapeID":"74538382B88503218872177","shapeGroup":"UKR","shapeType":"ADM2"}},
{"type":"Feature","geometry":{"type":"Polygon","coordinates":[[[30.26514039432874,49.96442542652835],[30.37113361197919,50.14828284065129],[30.160148461646315,50.20782535036568],[29.852610784676756,50.223843348065486],[29.798970492326987,50.18264334497508],[29.798255288106702,49.884860660271784],[30.109512025386834,49.8435531459175],[30.26514039432874,49.96442542652835]]]},"properties":{"shapeName":"Fastiv","shapeISO":"","shapeID":"74538382B37624707153101","shapeGroup":"UKR","shapeType":"ADM2"}},
{"type":"Feature","geometry":{"type":"Polygon","coordinates":[[[30.62445883367451,49.94233727504911],[30.703703425550884,50.24671687361382],[30.636195271799465,50.265708029104474],[30.228092831909862,50.27872137477044],[30.160148461646315,50.20782535036568],[30.37113361197919,50.14828284065129],[30.26514039432874,49.96442542652835],[30.29260422383976,49.90255306875065],[30.62445883367451,49.94233727504911]]]},"properties":{"shapeName":"Vasylkiv","shapeISO":"","shapeID":"74538382B61184512329122","shapeGroup":"UKR","shapeType":"ADM2"}},
{"type":"Feature","geometry":{"type":"Polygon","coordinates":[[[31.114230464206344,50.00857133908494],[30.75928027607273,50.20111057529658],[30.703703425550884,50.24671687361382],[30.62445883367451,49.94233727504911],[30.722870890159243,49.89960478473091],[31.114230464206344,50.00857133908494]]]},"properties":{"shapeName":"Obukhiv","shapeISO":"","shapeID":"74538382B76274417735531","shapeGroup":"UKR","shapeType":"ADM2"}},
{"type":"Feature","geometry":{"type":"Polygon","coordinates":[[[31.31043873415399,50.157717143439925],[31.254410428769802,50.34266587528924],[31.436787422957366,50.508974150674476],[30.947612617705715,50.38437240094521],[30.775223815585548,50.34038362361463],[30.75928027607273,50.20111057529658],[31.114230464206344,50.00857133908494],[31.412866553439642,50.031036636422584],[31.42238391906089,50.06896209149877],[31.290170623768404,50.08407712918239],[31.31043873415399,50.157717143439925]]]},"properties":{"shapeName":"Boryspil","shapeISO":"","shapeID":"74538382B74226948291525","shapeGroup":"UKR","shapeType":"ADM2"}},
{"type":"Feature","geometry":{"type":"Polygon","coordinates":[[[31.265138487269326,50.751686407058344],[30.864305110532666,50.80044999109493],[30.686252450632082,50.54098397185891],[30.995220535166993,50.55698074037866],[30.947612617705715,50.38437240094521],[31.436787422957366,50.508974150674476],[31.265138487269326,50.751686407058344]]]},"properties":{"shapeName":"Brovary","shapeISO":"","shapeID":"74538382B7147656565480","shapeGroup":"UKR","shapeType":"ADM2"}},
{"type":"Feature","geometry":{"type":"Polygon","coordinates":[[[30.947612617705715,50.38437240094521],[30.995220535166993,50.55698074037866],[30.686252450632082,50.54098397185891],[30.48942833735981,50.58605187085294],[30.30862479119304,50.46674620658098],[30.636195271799465,50.265708029104474],[30.703703425550884,50.24671687361382],[30.75928027607273,50.20111057529658],[30.775223815585548,50.34038362361463],[30.947612617705715,50.38437240094521]]]},"properties":{"shapeName":"Kyiv","shapeISO":"","shapeID":"74538382B60890943260132","shapeGroup":"UKR","shapeType":"ADM2"}},
{"type":"Feature","geometry":{"type":"Polygon","coordinates":[[[30.160148461646315,50.20782535036568],[30.228092831909862,50.27872137477044],[30.095780110815326,50.49878465372939],[29.830296422813433,50.59767530007224],[29.606008479865807,50.564250205089024],[29.523616990837866,50.40843882957631],[29.852610784676756,50.223843348065486],[30.160148461646315,50.20782535036568]]]},"properties":{"shapeName":"Makariv","shapeISO":"","shapeID":"74538382B93599873315599","shapeGroup":"UKR","shapeType":"ADM2"}},
{"type":"Feature","geometry":{"type":"Polygon","coordinates":[[[30.636195271799465,50.265708029104474],[30.30862479119304,50.46674620658098],[30.48942833735981,50.58605187085294],[30.36265073412858,50.59615829029508],[30.095780110815326,50.49878465372939],[30.228092831909862,50.27872137477044],[30.636195271799465,50.265708029104474]]]},"properties":{"shapeName":"Kyiv-Sviatoshyn","shapeISO":"","shapeID":"74538382B73944053970257","shapeGroup":"UKR","shapeType":"ADM2"}},
{"type":"Feature","geometry":{"type":"Polygon","coordinates":[[[30.688287495309133,51.08188099335477],[30.313917300131152,51.03139440823509],[30.40066772030633,50.85870402265181],[30.302537347788757,50.74683699457063],[30.36265073412858,50.59615829029508],[30.48942833735981,50.58605187085294],[30.686252450632082,50.54098397185891],[30.864305110532666,50.80044999109493],[30.688287495309133,51.08188099335477]]]},"properties":{"shapeName":"Vyshhorod","shapeISO":"","shapeID":"74538382B47612746607547","shapeGroup":"UKR","shapeType":"ADM2"}},
{"type":"Feature","geometry":{"type":"Polygon","coordinates":[[[30.095780110815326,50.49878465372939],[30.36265073412858,50.59615829029508],[30.302537347788757,50.74683699457063],[29.711286493774196,50.768787669300025],[29.606008479865807,50.564250205089024],[29.830296422813433,50.59767530007224],[30.095780110815326,50.49878465372939]]]},"properties":{"shapeName":"Borodianka","shapeISO":"","shapeID":"74538382B66487059537692","shapeGroup":"UKR","shapeType":"ADM2"}},
{"type":"Feature","geometry":{"type":"Polygon","coordinates":[[[30.688287495309133,51.08188099335477],[30.677524331507016,51.179416142388106],[30.66436721129287,51.264694215828285],[30.246831174489273,51.49690480717862],[29.850894295465025,51.44558255060514],[29.83092008448773,51.34935813224064],[30.011099969043983,51.32417582115181],[30.100357415598864,51.13643551405971],[29.602049729878786,50.97153888841859],[29.540791272634067,50.935456216070634],[29.661184164867166,50.84892736624738],[29.589987912512413,50.771682502745705],[29.711286493774196,50.768787669300025],[30.302537347788757,50.74683699457063],[30.40066772030633,50.85870402265181],[30.313917300131152,51.03139440823509],[30.688287495309133,51.08188099335477]]]},"properties":{"shapeName":"Ivankiv","shapeISO":"","shapeID":"74538382B4751802602524","shapeGroup":"UKR","shapeType":"ADM2"}},
{"type":"Feature","geometry":{"type":"Polygon","coordinates":[[[29.850894295465025,51.44558255060514],[29.741038976429365,51.51542365731251],[29.466400678840103,51.351341749398614],[29.393163799482977,51.122072718273785],[29.50759642347856,51.122072718273785],[29.602049729878786,50.97153888841859],[30.100357415598864,51.13643551405971],[30.011099969043983,51.32417582115181],[29.83092008448773,51.34935813224064],[29.850894295465025,51.44558255060514]]]},"properties":{"shapeName":"Poliske","shapeISO":"","shapeID":"74538382B10593574397068","shapeGroup":"UKR","shapeType":"ADM2"}},
{"type":"Feature","geometry":{"type":"Polygon","coordinates":[[[25.064320674513397,48.09861678267646],[24.813999309523183,48.253618483446076],[24.606590178236104,48.0866741635034],[24.640112080433635,47.92855056722583],[24.892671738374872,47.719888398358364],[25.07504873301292,47.840038931886625],[25.064320674513397,48.09861678267646]]]},"properties":{"shapeName":"Verkhovyna","shapeISO":"","shapeID":"74538382B19184608500024","shapeGroup":"UKR","shapeType":"ADM2"}},
{"type":"Feature","geometry":{"type":"Polygon","coordinates":[[[25.372653608368523,48.28521495823003],[25.27888184450501,48.42239273246781],[24.885519699520387,48.39865551439169],[24.813999309523183,48.253618483446076],[25.064320674513397,48.09861678267646],[25.168025240009285,48.09622848070694],[25.207361454507804,48.24171191083218],[25.372653608368523,48.28521495823003]]]},"properties":{"shapeName":"Kosiv","shapeISO":"","shapeID":"74538382B20694939957091","shapeGroup":"UKR","shapeType":"ADM2"}},
{"type":"Feature","geometry":{"type":"Polygon","coordinates":[[[25.6937001060449,48.538544959330295],[25.38902912357264,48.51600944076188],[25.27888184450501,48.42239273246781],[25.372653608368523,48.28521495823003],[25.615027677366072,48.3582768120379],[25.6937001060449,48.538544959330295]]]},"properties":{"shapeName":"Sniatyn","shapeISO":"","shapeID":"74538382B36952464312213","shapeGroup":"UKR","shapeType":"ADM2"}},
{"type":"Feature","geometry":{"type":"Polygon","coordinates":[[[25.722308262418153,48.607162853099055],[25.63626784246088,48.708220785761],[25.37543437066006,48.70873525202029],[25.292453760989595,48.58740883671616],[25.38902912357264,48.51600944076188],[25.6937001060449,48.538544959330295],[25.722308262418153,48.607162853099055]]]},"properties":{"shapeName":"Horodenka","shapeISO":"","shapeID":"74538382B30474831618663","shapeGroup":"UKR","shapeType":"ADM2"}},
{"type":"Feature","geometry":{"type":"Polygon","coordinates":[[[27.420917524920696,48.585877610012744],[27.385157329922095,48.82187671408332],[27.192052276929644,48.84070884554785],[27.231056221137237,48.727662312799055],[27.088347711433755,48.64025540632298],[27.11069783330788,48.51678667505945],[27.124977006115273,48.46708141917952],[27.41734150542078,48.55985013361584],[27.420917524920696,48.585877610012744]]]},"properties":{"shapeName":"Nova Ushytsia","shapeISO":"","shapeID":"74538382B6752863603231","shapeGroup":"UKR","shapeType":"ADM2"}},
{"type":"Feature","geometry":{"type":"Polygon","coordinates":[[[27.11069783330788,48.51678667505945],[27.088347711433755,48.64025540632298],[26.660822124236176,48.83063083261152],[26.275299971788513,48.685006329853195],[26.537640708274864,48.455606223430664],[26.551944786454897,48.42046449707743],[26.814558718475723,48.5426883348091],[27.11069783330788,48.51678667505945]]]},"properties":{"shapeName":"Kamianets-Podilskyi","shapeISO":"","shapeID":"74538382B35313257426644","shapeGroup":"UKR","shapeType":"ADM2"}},
{"type":"Feature","geometry":{"type":"Polygon","coordinates":[[[27.192052276929644,48.84070884554785],[27.0907794044835,48.91681260280785],[26.81804323934847,48.98519238063028],[26.649069476070906,48.96792234156038],[26.660822124236176,48.83063083261152],[27.088347711433755,48.64025540632298],[27.231056221137237,48.727662312799055],[27.192052276929644,48.84070884554785]]]},"properties":{"shapeName":"Dunaivti","shapeISO":"","shapeID":"74538382B65826514960499","shapeGroup":"UKR","shapeType":"ADM2"}},
{"type":"Feature","geometry":{"type":"Polygon","coordinates":[[[26.660822124236176,48.83063083261152],[26.649069476070906,48.96792234156038],[26.28875822864285,49.03468297420454],[26.25770990200641,49.009973417921856],[26.234823377187638,48.87618816806582],[26.275299971788513,48.685006329853195],[26.660822124236176,48.83063083261152]]]},"properties":{"shapeName":"Chemerivtsi","shapeISO":"","shapeID":"74538382B91689640579793","shapeGroup":"UKR","shapeType":"ADM2"}},
{"type":"Feature","geometry":{"type":"Polygon","coordinates":[[[27.420917524920696,48.843062364294155],[27.538926168416026,49.05208275359888],[27.232675858441667,49.117941829974484],[27.067892879564567,49.033986671647426],[27.0907794044835,48.91681260280785],[27.192052276929644,48.84070884554785],[27.385157329922095,48.82187671408332],[27.420917524920696,48.843062364294155]]]},"properties":{"shapeName":"Vinkivtsi","shapeISO":"","shapeID":"74538382B36449186606554","shapeGroup":"UKR","shapeType":"ADM2"}},
{"type":"Feature","geometry":{"type":"Polygon","coordinates":[[[27.92871229390073,49.13404198946574],[27.900745338189097,49.22437588175961],[27.360902968521714,49.249810290137475],[27.239541815887833,49.215211886729776],[27.232675858441667,49.117941829974484],[27.538926168416026,49.05208275359888],[27.92871229390073,49.13404198946574]]]},"properties":{"shapeName":"Derazhnia","shapeISO":"","shapeID":"74538382B86638641463315","shapeGroup":"UKR","shapeType":"ADM2"}},
{"type":"Feature","geometry":{"type":"Polygon","coordinates":[[[27.0907794044835,48.91681260280785],[27.067892879564567,49.033986671647426],[27.232675858441667,49.117941829974484],[27.239541815887833,49.215211886729776],[26.85504819926291,49.21969666123783],[26.81804323934847,48.98519238063028],[27.0907794044835,48.91681260280785]]]},"properties":{"shapeName":"Yarmolyntsi","shapeISO":"","shapeID":"74538382B47304203822520","shapeGroup":"UKR","shapeType":"ADM2"}},
{"type":"Feature","geometry":{"type":"Polygon","coordinates":[[[26.81804323934847,48.98519238063028],[26.85504819926291,49.21969666123783],[26.63059366760183,49.293682106478855],[26.296616994164935,49.297368104036025],[26.28875822864285,49.03468297420454],[26.649069476070906,48.96792234156038],[26.81804323934847,48.98519238063028]]]},"properties":{"shapeName":"Horodok","shapeISO":"","shapeID":"74538382B30351514928450","shapeGroup":"UKR","shapeType":"ADM2"}},
{"type":"Feature","geometry":{"type":"Polygon","coordinates":[[[27.806802737159092,49.467632070273886],[27.617598597412837,49.42099743772337],[27.446785854186032,49.486194332657874],[27.31363693992489,49.49305622914852],[27.360902968521714,49.249810290137475],[27.900745338189097,49.22437588175961],[27.806802737159092,49.467632070273886]]]},"properties":{"shapeName":"Letychiv","shapeISO":"","shapeID":"74538382B98424349787745","shapeGroup":"UKR","shapeType":"ADM2"}},
{"type":"Feature","geometry":{"type":"Polygon","coordinates":[[[27.360902968521714,49.249810290137475],[27.31363693992489,49.49305622914852],[27.185287398565322,49.48590986278157],[26.791538092945416,49.527885355761896],[26.778930175272876,49.337048980694306],[26.63059366760183,49.293682106478855],[26.85504819926291,49.21969666123783],[27.239541815887833,49.215211886729776],[27.360902968521714,49.249810290137475]]]},"properties":{"shapeName":"Khmelnytskyi","shapeISO":"","shapeID":"74538382B37791268598116","shapeGroup":"UKR","shapeType":"ADM2"}},
{"type":"Feature","geometry":{"type":"Polygon","coordinates":[[[26.63059366760183,49.293682106478855],[26.778930175272876,49.337048980694306],[26.791538092945416,49.527885355761896],[26.645322245574164,49.6437539353949],[26.24798312896678,49.692406848761436],[26.3051994409646,49.57892322286551],[26.172886719457267,49.47911763439208],[26.27446477849856,49.33561147517092],[26.296616994164935,49.297368104036025],[26.63059366760183,49.293682106478855]]]},"properties":{"shapeName":"Volochysk","shapeISO":"","shapeID":"74538382B71334227440013","shapeGroup":"UKR","shapeType":"ADM2"}},
{"type":"Feature","geometry":{"type":"Polygon","coordinates":[[[27.864343942789787,49.555730803507856],[27.81785568935709,49.6900934995669],[27.975200547398856,49.74327268091821],[27.80307784910471,49.81129977220095],[27.411190751551544,49.643896013225856],[27.446785854186032,49.486194332657874],[27.617598597412837,49.42099743772337],[27.806802737159092,49.467632070273886],[27.864343942789787,49.555730803507856]]]},"properties":{"shapeName":"Stara Syniava","shapeISO":"","shapeID":"74538382B7503756017754","shapeGroup":"UKR","shapeType":"ADM2"}},
{"type":"Feature","geometry":{"type":"Polygon","coordinates":[[[27.446785854186032,49.486194332657874],[27.411190751551544,49.643896013225856],[27.80307784910471,49.81129977220095],[27.646921957311804,49.89518202018735],[27.445140977815242,49.82656372787835],[27.34671601178343,49.90215465262088],[27.058738269776654,49.8627360269183],[27.054160965015114,49.83469693996261],[27.185287398565322,49.48590986278157],[27.31363693992489,49.49305622914852],[27.446785854186032,49.486194332657874]]]},"properties":{"shapeName":"Starokostiantyniv\t","shapeISO":"","shapeID":"74538382B5461763089897","shapeGroup":"UKR","shapeType":"ADM2"}},
{"type":"Feature","geometry":{"type":"Polygon","coordinates":[[[27.185287398565322,49.48590986278157],[27.054160965015114,49.83469693996261],[26.749770185187003,49.85240772952443],[26.645322245574164,49.6437539353949],[26.791538092945416,49.527885355761896],[27.185287398565322,49.48590986278157]]]},"properties":{"shapeName":"Krasyliv","shapeISO":"","shapeID":"74538382B48627824985747","shapeGroup":"UKR","shapeType":"ADM2"}},
{"type":"Feature","geometry":{"type":"Polygon","coordinates":[[[26.645322245574164,49.6437539353949],[26.749770185187003,49.85240772952443],[26.67145786882719,49.92914158488702],[26.24397798697555,49.80811858922135],[26.24798312896678,49.692406848761436],[26.645322245574164,49.6437539353949]]]},"properties":{"shapeName":"Teofipol","shapeISO":"","shapeID":"74538382B9733134987595","shapeGroup":"UKR","shapeType":"ADM2"}},
{"type":"Feature","geometry":{"type":"Polygon","coordinates":[[[26.67145786882719,49.92914158488702],[26.683399263083004,50.08205783966582],[26.493441107064484,50.12609574641692],[26.259998554329,50.109953215093185],[26.28059642680546,50.02180721251972],[26.1776070652096,49.91581811894264],[26.24397798697555,49.80811858922135],[26.67145786882719,49.92914158488702]]]},"properties":{"shapeName":"Bilohiria","shapeISO":"","shapeID":"74538382B80427643782366","shapeGroup":"UKR","shapeType":"ADM2"}},
{"type":"Feature","geometry":{"type":"Polygon","coordinates":[[[27.058738269776654,49.8627360269183],[26.967192170778503,50.22869345192004],[26.68797656822943,50.32814888640871],[26.493441107064484,50.12609574641692],[26.683399263083004,50.08205783966582],[26.67145786882719,49.92914158488702],[26.749770185187003,49.85240772952443],[27.054160965015114,49.83469693996261],[27.058738269776654,49.8627360269183]]]},"properties":{"shapeName":"Iziaslav","shapeISO":"","shapeID":"74538382B9177697938380","shapeGroup":"UKR","shapeType":"ADM2"}},
{"type":"Feature","geometry":{"type":"Polygon","coordinates":[[[27.646921957311804,49.89518202018735],[27.688888755286882,50.06737968104926],[27.685829049470158,50.244795919443504],[27.555375857732088,50.199402303162],[27.34671601178343,49.90215465262088],[27.445140977815242,49.82656372787835],[27.646921957311804,49.89518202018735]]]},"properties":{"shapeName":"Polonne","shapeISO":"","shapeID":"74538382B39868472225272","shapeGroup":"UKR","shapeType":"ADM2"}},
{"type":"Feature","geometry":{"type":"Polygon","coordinates":[[[27.34671601178343,49.90215465262088],[27.555375857732088,50.199402303162],[27.281615899050735,50.350736398907884],[26.967192170778503,50.22869345192004],[27.058738269776654,49.8627360269183],[27.34671601178343,49.90215465262088]]]},"properties":{"shapeName":"Shepetika","shapeISO":"","shapeID":"74538382B24249088550475","shapeGroup":"UKR","shapeType":"ADM2"}},
{"type":"Feature","geometry":{"type":"Polygon","coordinates":[[[26.967192170778503,50.22869345192004],[27.281615899050735,50.350736398907884],[27.34253117748375,50.463832543182264],[27.267005645370773,50.52643674463269],[27.133166847487246,50.54725455047969],[26.925667856909683,50.51324674366532],[26.68797656822943,50.32814888640871],[26.967192170778503,50.22869345192004]]]},"properties":{"shapeName":"Slavuta","shapeISO":"","shapeID":"74538382B69155666487417","shapeGroup":"UKR","shapeType":"ADM2"}},
{"type":"Feature","geometry":{"type":"Polygon","coordinates":[[[29.496335974063015,49.61117923407903],[29.521328338357876,49.77709205800403],[29.385136514262115,49.812363740066246],[29.002085015781347,49.81995310764313],[29.062310475355957,49.54413046213256],[29.496335974063015,49.61117923407903]]]},"properties":{"shapeName":"Ruzhyn","shapeISO":"","shapeID":"74538382B99424317893885","shapeGroup":"UKR","shapeType":"ADM2"}},
{"type":"Feature","geometry":{"type":"Polygon","coordinates":[[[29.798255288106702,49.884860660271784],[29.798970492326987,50.18264334497508],[29.53076902952057,50.17119258831042],[29.49920436558608,50.093646569236284],[29.385136514262115,49.812363740066246],[29.521328338357876,49.77709205800403],[29.798255288106702,49.884860660271784]]]},"properties":{"shapeName":"Popilnia","shapeISO":"","shapeID":"74538382B13053028483551","shapeGroup":"UKR","shapeType":"ADM2"}},
{"type":"Feature","geometry":{"type":"Polygon","coordinates":[[[29.852610784676756,50.223843348065486],[29.523616990837866,50.40843882957631],[29.448046875768966,50.369465408463725],[29.459248639485907,50.136823849191956],[29.49920436558608,50.093646569236284],[29.53076902952057,50.17119258831042],[29.798970492326987,50.18264334497508],[29.852610784676756,50.223843348065486]]]},"properties":{"shapeName":"Brusyliv","shapeISO":"","shapeID":"74538382B38609283059110","shapeGroup":"UKR","shapeType":"ADM2"}},
{"type":"Feature","geometry":{"type":"Polygon","coordinates":[[[29.385136514262115,49.812363740066246],[29.49920436558608,50.093646569236284],[29.459248639485907,50.136823849191956],[29.230383391849443,50.23756878004275],[28.993125617128875,50.10869351545714],[29.090918631354953,50.0174875712612],[28.98006202685923,49.8609840607657],[29.002085015781347,49.81995310764313],[29.385136514262115,49.812363740066246]]]},"properties":{"shapeName":"Andrushivka","shapeISO":"","shapeID":"74538382B75855496887574","shapeGroup":"UKR","shapeType":"ADM2"}},
{"type":"Feature","geometry":{"type":"Polygon","coordinates":[[[28.98006202685923,49.8609840607657],[29.090918631354953,50.0174875712612],[28.993125617128875,50.10869351545714],[28.651068232872205,50.07719283875207],[28.34889458516767,49.79985602373887],[28.450811140879978,49.75713593409887],[28.98006202685923,49.8609840607657]]]},"properties":{"shapeName":"Berdychiv","shapeISO":"","shapeID":"74538382B58798821419341","shapeGroup":"UKR","shapeType":"ADM2"}},
{"type":"Feature","geometry":{"type":"Polygon","coordinates":[[[28.34889458516767,49.79985602373887],[28.651068232872205,50.07719283875207],[28.331337968066578,50.18530199457172],[28.182609678174856,50.17348295884369],[28.097492437407027,50.00373818858861],[28.057448995895527,49.854067783399444],[28.21601078371134,49.77514417602265],[28.34889458516767,49.79985602373887]]]},"properties":{"shapeName":"Chudniv","shapeISO":"","shapeID":"74538382B45059422214147","shapeGroup":"UKR","shapeType":"ADM2"}},
{"type":"Feature","geometry":{"type":"Polygon","coordinates":[[[28.21601078371134,49.77514417602265],[28.057448995895527,49.854067783399444],[28.097492437407027,50.00373818858861],[27.878648020902517,50.104724069129134],[27.688888755286882,50.06737968104926],[27.646921957311804,49.89518202018735],[27.80307784910471,49.81129977220095],[27.975200547398856,49.74327268091821],[28.21601078371134,49.77514417602265]]]},"properties":{"shapeName":"Liubar","shapeISO":"","shapeID":"74538382B80884786840021","shapeGroup":"UKR","shapeType":"ADM2"}},
{"type":"Feature","geometry":{"type":"Polygon","coordinates":[[[27.688888755286882,50.06737968104926],[27.878648020902517,50.104724069129134],[28.097492437407027,50.00373818858861],[28.182609678174856,50.17348295884369],[28.331337968066578,50.18530199457172],[28.332802497384705,50.39056782816482],[28.257706087887755,50.42019718975695],[27.685829049470158,50.244795919443504],[27.688888755286882,50.06737968104926]]]},"properties":{"shapeName":"Romaniv","shapeISO":"","shapeID":"74538382B64394372263090","shapeGroup":"UKR","shapeType":"ADM2"}},
{"type":"Feature","geometry":{"type":"Polygon","coordinates":[[[29.230383391849443,50.23756878004275],[28.922363123983587,50.40893438331426],[28.865629402863817,50.47484888809089],[28.538546021121874,50.40889841415134],[28.332802497384705,50.39056782816482],[28.331337968066578,50.18530199457172],[28.651068232872205,50.07719283875207],[28.993125617128875,50.10869351545714],[29.230383391849443,50.23756878004275]]]},"properties":{"shapeName":"Zhytomyr","shapeISO":"","shapeID":"74538382B57692221763967","shapeGroup":"UKR","shapeType":"ADM2"}},
{"type":"Feature","geometry":{"type":"Polygon","coordinates":[[[29.448046875768966,50.369465408463725],[29.173167079851623,50.54307476697511],[28.922363123983587,50.40893438331426],[29.230383391849443,50.23756878004275],[29.459248639485907,50.136823849191956],[29.448046875768966,50.369465408463725]]]},"properties":{"shapeName":"Korostyshiv","shapeISO":"","shapeID":"74538382B95360083052097","shapeGroup":"UKR","shapeType":"ADM2"}},
{"type":"Feature","geometry":{"type":"Polygon","coordinates":[[[29.606008479865807,50.564250205089024],[29.711286493774196,50.768787669300025],[29.589987912512413,50.771682502745705],[29.427064464239777,50.69735526715431],[29.033702319048928,50.74263559198778],[29.173167079851623,50.54307476697511],[29.448046875768966,50.369465408463725],[29.523616990837866,50.40843882957631],[29.606008479865807,50.564250205089024]]]},"properties":{"shapeName":"Radomyshl","shapeISO":"","shapeID":"74538382B29600786349581","shapeGroup":"UKR","shapeType":"ADM2"}},
{"type":"Feature","geometry":{"type":"Polygon","coordinates":[[[28.922363123983587,50.40893438331426],[29.173167079851623,50.54307476697511],[29.033702319048928,50.74263559198778],[29.00600547888945,50.74307375726448],[28.890661538979373,50.74489845942435],[28.940725812183473,50.633889294944595],[28.616225970847665,50.55429525873075],[28.538546021121874,50.40889841415134],[28.865629402863817,50.47484888809089],[28.922363123983587,50.40893438331426]]]},"properties":{"shapeName":"Cherniakhiv","shapeISO":"","shapeID":"74538382B60330166440880","shapeGroup":"UKR","shapeType":"ADM2"}},
{"type":"Feature","geometry":{"type":"Polygon","coordinates":[[[27.685829049470158,50.244795919443504],[28.257706087887755,50.42019718975695],[28.016188011420923,50.546724873365804],[27.34253117748375,50.463832543182264],[27.281615899050735,50.350736398907884],[27.555375857732088,50.199402303162],[27.685829049470158,50.244795919443504]]]},"properties":{"shapeName":"Baranivka","shapeISO":"","shapeID":"74538382B58237861988874","shapeGroup":"UKR","shapeType":"ADM2"}},
{"type":"Feature","geometry":{"type":"Polygon","coordinates":[[[28.332802497384705,50.39056782816482],[28.538546021121874,50.40889841415134],[28.616225970847665,50.55429525873075],[28.472267257879196,50.61120208406669],[28.436507062880594,50.78335048234118],[28.221945892889153,50.76525934927981],[28.016188011420923,50.546724873365804],[28.257706087887755,50.42019718975695],[28.332802497384705,50.39056782816482]]]},"properties":{"shapeName":"Pulyny","shapeISO":"","shapeID":"74538382B63160428645400","shapeGroup":"UKR","shapeType":"ADM2"}},
{"type":"Feature","geometry":{"type":"Polygon","coordinates":[[[29.00600547888945,50.74307375726448],[28.907363707546324,50.80798133360594],[28.52090951705867,50.8209326104361],[28.436507062880594,50.78335048234118],[28.472267257879196,50.61120208406669],[28.616225970847665,50.55429525873075],[28.940725812183473,50.633889294944595],[28.890661538979373,50.74489845942435],[29.00600547888945,50.74307375726448]]]},"properties":{"shapeName":"Khoroshiv","shapeISO":"","shapeID":"74538382B5063322332018","shapeGroup":"UKR","shapeType":"ADM2"}},
{"type":"Feature","geometry":{"type":"Polygon","coordinates":[[[29.540791272634067,50.935456216070634],[29.17569488106443,50.98164692368749],[28.907363707546324,50.80798133360594],[29.00600547888945,50.74307375726448],[29.033702319048928,50.74263559198778],[29.427064464239777,50.69735526715431],[29.589987912512413,50.771682502745705],[29.661184164867166,50.84892736624738],[29.540791272634067,50.935456216070634]]]},"properties":{"shapeName":"Malyn","shapeISO":"","shapeID":"74538382B40041339344288","shapeGroup":"UKR","shapeType":"ADM2"}},
{"type":"Feature","geometry":{"type":"Polygon","coordinates":[[[29.466400678840103,51.351341749398614],[29.387728249451243,51.39429179888771],[29.051582416856434,51.2199204412247],[29.17569488106443,50.98164692368749],[29.540791272634067,50.935456216070634],[29.602049729878786,50.97153888841859],[29.50759642347856,51.122072718273785],[29.393163799482977,51.122072718273785],[29.466400678840103,51.351341749398614]]]},"properties":{"shapeName":"Narodychi","shapeISO":"","shapeID":"74538382B60921908613861","shapeGroup":"UKR","shapeType":"ADM2"}},
{"type":"Feature","geometry":{"type":"Polygon","coordinates":[[[27.34253117748375,50.463832543182264],[28.016188011420923,50.546724873365804],[28.221945892889153,50.76525934927981],[27.943016371468673,50.77882835509911],[27.621174616912697,50.975136827713186],[27.667662870410993,51.110040439537556],[27.681966948410434,51.18631150498919],[27.506741992616185,51.18855286370257],[27.410189465979556,51.07859806445424],[27.285028783868142,50.98414262503775],[27.306484900698763,50.79691424053391],[27.40303742733539,50.679230885423806],[27.267005645370773,50.52643674463269],[27.34253117748375,50.463832543182264]]]},"properties":{"shapeName":"Zviahel","shapeISO":"","shapeID":"74538382B7363516927626","shapeGroup":"UKR","shapeType":"ADM2"}},
{"type":"Feature","geometry":{"type":"Polygon","coordinates":[[[28.436507062880594,50.78335048234118],[28.52090951705867,50.8209326104361],[28.400746867881992,50.99089582721302],[28.282738224386662,51.193035254102085],[27.667662870410993,51.110040439537556],[27.621174616912697,50.975136827713186],[27.943016371468673,50.77882835509911],[28.221945892889153,50.76525934927981],[28.436507062880594,50.78335048234118]]]},"properties":{"shapeName":"Yemilchyne","shapeISO":"","shapeID":"74538382B40940873671576","shapeGroup":"UKR","shapeType":"ADM2"}},
{"type":"Feature","geometry":{"type":"Polygon","coordinates":[[[28.907363707546324,50.80798133360594],[29.17569488106443,50.98164692368749],[29.051582416856434,51.2199204412247],[28.947877851360545,51.23111797087432],[28.64034017437268,50.948108953467624],[28.400746867881992,50.99089582721302],[28.52090951705867,50.8209326104361],[28.907363707546324,50.80798133360594]]]},"properties":{"shapeName":"Korosten","shapeISO":"","shapeID":"74538382B96819013794956","shapeGroup":"UKR","shapeType":"ADM2"}},
{"type":"Feature","geometry":{"type":"Polygon","coordinates":[[[28.400746867881992,50.99089582721302],[28.64034017437268,50.948108953467624],[28.947877851360545,51.23111797087432],[28.343530555884342,51.275880850267356],[28.282738224386662,51.193035254102085],[28.400746867881992,50.99089582721302]]]},"properties":{"shapeName":"Luhyny","shapeISO":"","shapeID":"74538382B69405527085585","shapeGroup":"UKR","shapeType":"ADM2"}},
{"type":"Feature","geometry":{"type":"Polygon","coordinates":[[[29.387728249451243,51.39429179888771],[29.423488444841666,51.492362978564074],[29.23753543084905,51.6213169924639],[28.8441732858646,51.42774881734971],[28.654644252372123,51.58355800041511],[28.44365910188037,51.53242231908314],[28.336378516884565,51.68787393107732],[28.214793853889375,51.60133084908023],[28.343530555884342,51.275880850267356],[28.947877851360545,51.23111797087432],[29.051582416856434,51.2199204412247],[29.387728249451243,51.39429179888771]]]},"properties":{"shapeName":"Ovruch","shapeISO":"","shapeID":"74538382B68825553908118","shapeGroup":"UKR","shapeType":"ADM2"}},
{"type":"Feature","geometry":{"type":"Polygon","coordinates":[[[27.667662870410993,51.110040439537556],[28.282738224386662,51.193035254102085],[28.343530555884342,51.275880850267356],[28.214793853889375,51.60133084908023],[27.91440821590112,51.63019689843924],[27.878710317903142,51.544056475752654],[27.603294519252984,51.436666554048486],[27.506741992616185,51.18855286370257],[27.681966948410434,51.18631150498919],[27.667662870410993,51.110040439537556]]]},"properties":{"shapeName":"Olevsk","shapeISO":"","shapeID":"74538382B52142389762962","shapeGroup":"UKR","shapeType":"ADM2"}},
{"type":"Feature","geometry":{"type":"Polygon","coordinates":[[[24.606590178236104,48.0866741635034],[24.6242467744529,48.22727147357364],[24.411920617007866,48.36481083257178],[24.31134506827567,48.33881828948836],[23.92580546605359,48.15649914197439],[23.8643426310079,47.992229950868364],[23.914630405308742,47.90989865481703],[24.300170007637234,47.86493538419086],[24.640112080433635,47.92855056722583],[24.606590178236104,48.0866741635034]]]},"properties":{"shapeName":"Rakhiv","shapeISO":"","shapeID":"74538382B22557738225705","shapeGroup":"UKR","shapeType":"ADM2"}},
{"type":"Feature","geometry":{"type":"Polygon","coordinates":[[[24.31134506827567,48.33881828948836],[24.18841939818418,48.513085356157944],[23.95933064905074,48.45753312515262],[23.92021793577726,48.5426883348091],[23.806043948621095,48.3545905183459],[23.590553637878088,48.01839876736631],[23.8643426310079,47.992229950868364],[23.92580546605359,48.15649914197439],[24.31134506827567,48.33881828948836]]]},"properties":{"shapeName":"Tiachiv","shapeISO":"","shapeID":"74538382B28282753236246","shapeGroup":"UKR","shapeType":"ADM2"}},
{"type":"Feature","geometry":{"type":"Polygon","coordinates":[[[23.806043948621095,48.3545905183459],[23.49444811382523,48.40102973499938],[23.20836655368629,48.196441652780095],[23.30294183818196,48.046385093096],[23.458687919076567,47.9742779459159],[23.590553637878088,48.01839876736631],[23.806043948621095,48.3545905183459]]]},"properties":{"shapeName":"Khust","shapeISO":"","shapeID":"74538382B83702656309397","shapeGroup":"UKR","shapeType":"ADM2"}},
{"type":"Feature","geometry":{"type":"Polygon","coordinates":[[[23.92021793577726,48.5426883348091],[23.89146129260513,48.583112954841965],[23.62318481570793,48.68041005301035],[23.412199665375056,48.72053271458748],[23.336239530518124,48.616895327514584],[23.39789558718843,48.51012410675082],[23.49444811382523,48.40102973499938],[23.806043948621095,48.3545905183459],[23.92021793577726,48.5426883348091]]]},"properties":{"shapeName":"Mizhhiria","shapeISO":"","shapeID":"74538382B15580280288408","shapeGroup":"UKR","shapeType":"ADM2"}},
{"type":"Feature","geometry":{"type":"Polygon","coordinates":[[[23.20836655368629,48.196441652780095],[22.87937275988594,48.15828827807604],[22.886524799099107,48.05082966269623],[22.854340623600365,47.90240748700688],[23.30294183818196,48.046385093096],[23.20836655368629,48.196441652780095]]]},"properties":{"shapeName":"Vynohradiv","shapeISO":"","shapeID":"74538382B49148069101278","shapeGroup":"UKR","shapeType":"ADM2"}},
{"type":"Feature","geometry":{"type":"Polygon","coordinates":[[[23.49444811382523,48.40102973499938],[23.39789558718843,48.51012410675082],[23.319223158509544,48.39865551439169],[22.95804518909631,48.46034923520034],[22.85434062328403,48.25599946513347],[22.87937275988594,48.15828827807604],[23.20836655368629,48.196441652780095],[23.49444811382523,48.40102973499938]]]},"properties":{"shapeName":"Irshava","shapeISO":"","shapeID":"74538382B3065549299103","shapeGroup":"UKR","shapeType":"ADM2"}},
{"type":"Feature","geometry":{"type":"Polygon","coordinates":[[[22.87937275988594,48.15828827807604],[22.85434062328403,48.25599946513347],[22.732755960605175,48.31310977040499],[22.614747317109845,48.24885618703786],[22.49844831352152,48.37878291127322],[22.378730030119073,48.42001950929199],[22.350121874120248,48.355900597048674],[22.353697893620165,48.210741848526766],[22.596867219610544,48.17736851442908],[22.664811590107888,48.04843914164758],[22.886524799099107,48.05082966269623],[22.87937275988594,48.15828827807604]]]},"properties":{"shapeName":"Berehove","shapeISO":"","shapeID":"74538382B96313823976943","shapeGroup":"UKR","shapeType":"ADM2"}},
{"type":"Feature","geometry":{"type":"Polygon","coordinates":[[[23.412199665375056,48.72053271458748],[23.254076035043397,48.79466061816328],[23.072477813091893,48.78419121456267],[22.97234926675145,48.87129596346847],[22.925861013318695,48.826585410825146],[23.004533442594436,48.708735251805365],[23.336239530518124,48.616895327514584],[23.412199665375056,48.72053271458748]]]},"properties":{"shapeName":"Volovets","shapeISO":"","shapeID":"74538382B62918888567345","shapeGroup":"UKR","shapeType":"ADM2"}},
{"type":"Feature","geometry":{"type":"Polygon","coordinates":[[[23.336239530518124,48.616895327514584],[23.004533442594436,48.708735251805365],[22.936589071734204,48.66151773364646],[22.95804518909631,48.46034923520034],[23.319223158509544,48.39865551439169],[23.39789558718843,48.51012410675082],[23.336239530518124,48.616895327514584]]]},"properties":{"shapeName":"Svaliava","shapeISO":"","shapeID":"74538382B32054609841265","shapeGroup":"UKR","shapeType":"ADM2"}},
{"type":"Feature","geometry":{"type":"Polygon","coordinates":[[[22.95804518909631,48.46034923520034],[22.936589071734204,48.66151773364646],[22.786396253007354,48.59533882522311],[22.49844831352152,48.37878291127322],[22.614747317109845,48.24885618703786],[22.732755960605175,48.31310977040499],[22.85434062328403,48.25599946513347],[22.95804518909631,48.46034923520034]]]},"properties":{"shapeName":"Mukachevo\t","shapeISO":"","shapeID":"74538382B46145703776809","shapeGroup":"UKR","shapeType":"ADM2"}},
{"type":"Feature","geometry":{"type":"Polygon","coordinates":[[[22.49844831352152,48.37878291127322],[22.786396253007354,48.59533882522311],[22.468130517615577,48.725250925206524],[22.12840866512903,48.44849087482936],[22.14628876262833,48.36065291661123],[22.350121874120248,48.355900597048674],[22.378730030119073,48.42001950929199],[22.49844831352152,48.37878291127322]]]},"properties":{"shapeName":"Uzhhorod","shapeISO":"","shapeID":"74538382B77535249747568","shapeGroup":"UKR","shapeType":"ADM2"}},
{"type":"Feature","geometry":{"type":"Polygon","coordinates":[[[22.925861013318695,48.826585410825146],[22.789972272602995,48.75119317173255],[22.4645544978643,48.78183493043343],[22.468130517615577,48.725250925206524],[22.786396253007354,48.59533882522311],[22.936589071734204,48.66151773364646],[23.004533442594436,48.708735251805365],[22.925861013318695,48.826585410825146]]]},"properties":{"shapeName":"Perechyn","shapeISO":"","shapeID":"74538382B51879903679765","shapeGroup":"UKR","shapeType":"ADM2"}},
{"type":"Feature","geometry":{"type":"Polygon","coordinates":[[[22.97234926675145,48.87129596346847],[22.83846309702102,49.01457060116536],[22.410914205617928,48.941810301380656],[22.4645544978643,48.78183493043343],[22.789972272602995,48.75119317173255],[22.925861013318695,48.826585410825146],[22.97234926675145,48.87129596346847]]]},"properties":{"shapeName":"Velykyy Bereznyi","shapeISO":"","shapeID":"74538382B40204965193592","shapeGroup":"UKR","shapeType":"ADM2"}},
{"type":"Feature","geometry":{"type":"Polygon","coordinates":[[[27.410189465979556,51.07859806445424],[27.24397035104937,51.15325508355278],[26.83132130964151,51.2309780186643],[26.741920822384827,51.13641307585925],[27.032472406726413,50.773881777455586],[27.306484900698763,50.79691424053391],[27.285028783868142,50.98414262503775],[27.410189465979556,51.07859806445424]]]},"properties":{"shapeName":"Berezne","shapeISO":"","shapeID":"74538382B17645619358290","shapeGroup":"UKR","shapeType":"ADM2"}},
{"type":"Feature","geometry":{"type":"Polygon","coordinates":[[[27.506741992616185,51.18855286370257],[27.603294519252984,51.436666554048486],[27.878710317903142,51.544056475752654],[27.599718499913536,51.6767878949575],[27.614036893176205,51.573344737281616],[27.320788978924497,51.60577297474754],[27.22423645224876,51.701173591959446],[27.091923730594715,51.68122263500186],[27.25642062749489,51.503494106566336],[27.15986810143096,51.43220790341525],[27.24397035104937,51.15325508355278],[27.410189465979556,51.07859806445424],[27.506741992616185,51.18855286370257]]]},"properties":{"shapeName":"Rokytne","shapeISO":"","shapeID":"74538382B57991939893011","shapeGroup":"UKR","shapeType":"ADM2"}},
{"type":"Feature","geometry":{"type":"Polygon","coordinates":[[[27.267005645370773,50.52643674463269],[27.40303742733539,50.679230885423806],[27.306484900698763,50.79691424053391],[27.032472406726413,50.773881777455586],[27.133166847487246,50.54725455047969],[27.267005645370773,50.52643674463269]]]},"properties":{"shapeName":"Korets","shapeISO":"","shapeID":"74538382B86462977342473","shapeGroup":"UKR","shapeType":"ADM2"}},
{"type":"Feature","geometry":{"type":"Polygon","coordinates":[[[27.22423645224876,51.701173591959446],[27.15986810143096,51.79416181529433],[26.498304493956994,51.791950034237914],[26.18361477787255,51.63463619993826],[26.499134281367162,51.479086524801914],[26.795114112040494,51.54354366256092],[27.15986810143096,51.43220790341525],[27.25642062749489,51.503494106566336],[27.091923730594715,51.68122263500186],[27.22423645224876,51.701173591959446]]]},"properties":{"shapeName":"Dubrovytsia","shapeISO":"","shapeID":"74538382B17610954663111","shapeGroup":"UKR","shapeType":"ADM2"}},
{"type":"Feature","geometry":{"type":"Polygon","coordinates":[[[26.498304493956994,51.791950034237914],[26.455392259958614,51.88695869456063],[25.840316905885572,51.94651285980666],[25.579267482348826,51.76982625719444],[25.589995540764107,51.612435348667645],[25.604299618950733,51.576891389065224],[25.94759749093771,51.545767605320634],[26.072758173049294,51.67235272023328],[26.18361477787255,51.63463619993826],[26.498304493956994,51.791950034237914]]]},"properties":{"shapeName":"Zarichne","shapeISO":"","shapeID":"74538382B81176113996215","shapeGroup":"UKR","shapeType":"ADM2"}},
{"type":"Feature","geometry":{"type":"Polygon","coordinates":[[[27.24397035104937,51.15325508355278],[27.15986810143096,51.43220790341525],[26.795114112040494,51.54354366256092],[26.499134281367162,51.479086524801914],[26.240831089720643,51.356344243302544],[26.627041195951847,51.11453046223238],[26.741920822384827,51.13641307585925],[26.83132130964151,51.2309780186643],[27.24397035104937,51.15325508355278]]]},"properties":{"shapeName":"Sarny","shapeISO":"","shapeID":"74538382B1350322387743","shapeGroup":"UKR","shapeType":"ADM2"}},
{"type":"Feature","geometry":{"type":"Polygon","coordinates":[[[26.18361477787255,51.63463619993826],[26.072758173049294,51.67235272023328],[25.94759749093771,51.545767605320634],[25.604299618950733,51.576891389065224],[25.604299618950733,51.3518777570726],[25.876077100903046,51.40321606449794],[26.072758173049294,51.253504857813766],[26.240831089720643,51.356344243302544],[26.499134281367162,51.479086524801914],[26.18361477787255,51.63463619993826]]]},"properties":{"shapeName":"Volodymyrets","shapeISO":"","shapeID":"74538382B53393246886202","shapeGroup":"UKR","shapeType":"ADM2"}},
{"type":"Feature","geometry":{"type":"Polygon","coordinates":[[[26.741920822384827,51.13641307585925],[26.627041195951847,51.11453046223238],[26.240831089720643,51.356344243302544],[26.072758173049294,51.253504857813766],[25.982016678664706,51.11537229292003],[26.015541861201086,50.88681575012515],[26.23904308021713,50.82332401144504],[26.510997937837544,50.872851328588524],[26.697220578550912,50.78801346794933],[27.032472406726413,50.773881777455586],[26.741920822384827,51.13641307585925]]]},"properties":{"shapeName":"Kostopil","shapeISO":"","shapeID":"74538382B91945064938376","shapeGroup":"UKR","shapeType":"ADM2"}},
{"type":"Feature","geometry":{"type":"Polygon","coordinates":[[[27.133166847487246,50.54725455047969],[27.032472406726413,50.773881777455586],[26.697220578550912,50.78801346794933],[26.80941819022712,50.715472646971875],[26.71740481828317,50.5390280429034],[26.720017702948212,50.50669989995674],[26.925667856909683,50.51324674366532],[27.133166847487246,50.54725455047969]]]},"properties":{"shapeName":"Hoshcha","shapeISO":"","shapeID":"74538382B44501351674000","shapeGroup":"UKR","shapeType":"ADM2"}},
{"type":"Feature","geometry":{"type":"Polygon","coordinates":[[[26.015541861201086,50.88681575012515],[25.944021471166366,50.62254705786421],[26.058454095474247,50.465744654886805],[26.190766816969017,50.48167591256663],[26.39649719703499,50.573719804999314],[26.71740481828317,50.5390280429034],[26.80941819022712,50.715472646971875],[26.697220578550912,50.78801346794933],[26.510997937837544,50.872851328588524],[26.23904308021713,50.82332401144504],[26.015541861201086,50.88681575012515]]]},"properties":{"shapeName":"Rivne","shapeISO":"","shapeID":"74538382B36980255523800","shapeGroup":"UKR","shapeType":"ADM2"}},
{"type":"Feature","geometry":{"type":"Polygon","coordinates":[[[26.493441107064484,50.12609574641692],[26.68797656822943,50.32814888640871],[26.925667856909683,50.51324674366532],[26.720017702948212,50.50669989995674],[26.30877546046429,50.38372765229536],[26.310752502536822,50.236715887157864],[26.259998554329,50.109953215093185],[26.493441107064484,50.12609574641692]]]},"properties":{"shapeName":"Ostroh","shapeISO":"","shapeID":"74538382B47818615416103","shapeGroup":"UKR","shapeType":"ADM2"}},
{"type":"Feature","geometry":{"type":"Polygon","coordinates":[[[26.71740481828317,50.5390280429034],[26.39649719703499,50.573719804999314],[26.190766816969017,50.48167591256663],[26.058454095474247,50.35179378478114],[26.310752502536822,50.236715887157864],[26.30877546046429,50.38372765229536],[26.720017702948212,50.50669989995674],[26.71740481828317,50.5390280429034]]]},"properties":{"shapeName":"Zdolbuniv","shapeISO":"","shapeID":"74538382B92334683682599","shapeGroup":"UKR","shapeType":"ADM2"}},
{"type":"Feature","geometry":{"type":"Polygon","coordinates":[[[25.944021471166366,50.62254705786421],[25.911837295920293,50.47029699059482],[25.507747092314105,50.34266587530806],[25.505152026248425,50.30953117060341],[25.622179716491416,50.12536211295503],[25.836740886114455,50.13911586720536],[26.310752502536822,50.236715887157864],[26.058454095474247,50.35179378478114],[26.190766816969017,50.48167591256663],[26.058454095474247,50.465744654886805],[25.944021471166366,50.62254705786421]]]},"properties":{"shapeName":"Dubno","shapeISO":"","shapeID":"74538382B57022409328323","shapeGroup":"UKR","shapeType":"ADM2"}},
{"type":"Feature","geometry":{"type":"Polygon","coordinates":[[[25.944021471166366,50.62254705786421],[25.740188359986746,50.629352728517404],[25.73661234048683,50.69055944452185],[25.421922624092815,50.6701660687761],[25.507747092314105,50.565794821504255],[25.361130293001736,50.60439378632526],[25.35397825382927,50.54080215938694],[25.507747092314105,50.34266587530806],[25.911837295920293,50.47029699059482],[25.944021471166366,50.62254705786421]]]},"properties":{"shapeName":"Mlyniv","shapeISO":"","shapeID":"74538382B5882796525163","shapeGroup":"UKR","shapeType":"ADM2"}},
{"type":"Feature","geometry":{"type":"Polygon","coordinates":[[[25.35397825382927,50.54080215938694],[25.23596961036185,50.52489083843602],[25.21451349350741,50.44525372012964],[25.12153698651116,50.46802087753963],[25.274457156977203,50.37176585018799],[25.505152026248425,50.30953117060341],[25.507747092314105,50.34266587530806],[25.35397825382927,50.54080215938694]]]},"properties":{"shapeName":"Demydivka","shapeISO":"","shapeID":"74538382B42037419255148","shapeGroup":"UKR","shapeType":"ADM2"}},
{"type":"Feature","geometry":{"type":"Polygon","coordinates":[[[25.505152026248425,50.30953117060341],[25.274457156977203,50.37176585018799],[25.16087320100968,50.30613669057584],[25.23954563000649,50.05423806365002],[25.450530780465897,50.01748757133987],[25.622179716491416,50.12536211295503],[25.505152026248425,50.30953117060341]]]},"properties":{"shapeName":"Radyvyliv","shapeISO":"","shapeID":"74538382B1361262622940","shapeGroup":"UKR","shapeType":"ADM2"}},
{"type":"Feature","geometry":{"type":"Polygon","coordinates":[[[26.537640708274864,48.455606223430664],[26.275299971788513,48.685006329853195],[26.234823377187638,48.87618816806582],[26.104942348972372,48.91493844622755],[25.9149663130425,48.82305392967589],[26.08348623197321,48.614255940972214],[26.104942348972372,48.521968066929674],[26.21579895311868,48.566949865168226],[26.283743323965382,48.47931685116123],[26.537640708274864,48.455606223430664]]]},"properties":{"shapeName":"Borschiv","shapeISO":"","shapeID":"74538382B11484774081003","shapeGroup":"UKR","shapeType":"ADM2"}},
{"type":"Feature","geometry":{"type":"Polygon","coordinates":[[[26.25770990200641,49.009973417921856],[25.961178329200777,49.05648014866529],[25.718732242646865,49.038019011031054],[25.69431278766062,48.97249419033514],[25.9149663130425,48.82305392967589],[26.104942348972372,48.91493844622755],[26.234823377187638,48.87618816806582],[26.25770990200641,49.009973417921856]]]},"properties":{"shapeName":"Chortkiv","shapeISO":"","shapeID":"74538382B43402639614828","shapeGroup":"UKR","shapeType":"ADM2"}},
{"type":"Feature","geometry":{"type":"Polygon","coordinates":[[[26.08348623197321,48.614255940972214],[25.9149663130425,48.82305392967589],[25.69431278766062,48.97249419033514],[25.568539423933487,48.86659146910944],[25.63626784246088,48.708220785761],[25.722308262418153,48.607162853099055],[25.86892506198177,48.621348032688786],[25.918989334564458,48.540912644038144],[26.08348623197321,48.614255940972214]]]},"properties":{"shapeName":"Zalishchyky","shapeISO":"","shapeID":"74538382B3900479393084","shapeGroup":"UKR","shapeType":"ADM2"}},
{"type":"Feature","geometry":{"type":"Polygon","coordinates":[[[26.28875822864285,49.03468297420454],[26.296616994164935,49.297368104036025],[26.27446477849856,49.33561147517092],[25.983910995169424,49.30698212537004],[25.961178329200777,49.05648014866529],[26.25770990200641,49.009973417921856],[26.28875822864285,49.03468297420454]]]},"properties":{"shapeName":"Husiatyn","shapeISO":"","shapeID":"74538382B80134977422421","shapeGroup":"UKR","shapeType":"ADM2"}},
{"type":"Feature","geometry":{"type":"Polygon","coordinates":[[[26.24798312896678,49.692406848761436],[26.09063827097299,49.65306493502521],[25.92960522214696,49.48435891875505],[25.922565354335575,49.33951337426316],[25.983910995169424,49.30698212537004],[26.27446477849856,49.33561147517092],[26.172886719457267,49.47911763439208],[26.3051994409646,49.57892322286551],[26.24798312896678,49.692406848761436]]]},"properties":{"shapeName":"Pidvolochysk","shapeISO":"","shapeID":"74538382B47122589681539","shapeGroup":"UKR","shapeType":"ADM2"}},
{"type":"Feature","geometry":{"type":"Polygon","coordinates":[[[26.24397798697555,49.80811858922135],[26.1776070652096,49.91581811894264],[26.28059642680546,50.02180721251972],[25.918989334564458,49.94620343278973],[25.92146662809239,49.9246684639619],[25.91541331547984,49.7525152899633],[26.09063827097299,49.65306493502521],[26.24798312896678,49.692406848761436],[26.24397798697555,49.80811858922135]]]},"properties":{"shapeName":"Lanivtsi","shapeISO":"","shapeID":"74538382B3075345491126","shapeGroup":"UKR","shapeType":"ADM2"}},
{"type":"Feature","geometry":{"type":"Polygon","coordinates":[[[26.259998554329,50.109953215093185],[26.310752502536822,50.236715887157864],[25.836740886114455,50.13911586720536],[25.918989334564458,49.94620343278973],[26.28059642680546,50.02180721251972],[26.259998554329,50.109953215093185]]]},"properties":{"shapeName":"Shumsk","shapeISO":"","shapeID":"74538382B74407255776409","shapeGroup":"UKR","shapeType":"ADM2"}},
{"type":"Feature","geometry":{"type":"Polygon","coordinates":[[[25.622179716491416,50.12536211295503],[25.450530780465897,50.01748757133987],[25.549764832656138,49.92478982699606],[25.604299618950733,49.773304721810405],[25.765220496079564,49.918581211933486],[25.92146662809239,49.9246684639619],[25.918989334564458,49.94620343278973],[25.836740886114455,50.13911586720536],[25.622179716491416,50.12536211295503]]]},"properties":{"shapeName":"Kremenets","shapeISO":"","shapeID":"74538382B23242546961479","shapeGroup":"UKR","shapeType":"ADM2"}},
{"type":"Feature","geometry":{"type":"Polygon","coordinates":[[[26.09063827097299,49.65306493502521],[25.91541331547984,49.7525152899633],[25.92146662809239,49.9246684639619],[25.765220496079564,49.918581211933486],[25.604299618950733,49.773304721810405],[25.63290777499094,49.678525101178195],[25.92960522214696,49.48435891875505],[26.09063827097299,49.65306493502521]]]},"properties":{"shapeName":"Zbarazh","shapeISO":"","shapeID":"74538382B95195670192940","shapeGroup":"UKR","shapeType":"ADM2"}},
{"type":"Feature","geometry":{"type":"Polygon","coordinates":[[[25.549764832656138,49.92478982699606],[25.242760029493354,49.82048257409315],[25.132265045010683,49.821778731992936],[25.217881028698002,49.7566763387419],[25.114384947123256,49.64843438219941],[25.12010615355119,49.649409093484714],[25.507747092314105,49.58819710558345],[25.63290777499094,49.678525101178195],[25.604299618950733,49.773304721810405],[25.549764832656138,49.92478982699606]]]},"properties":{"shapeName":"Zboriv","shapeISO":"","shapeID":"74538382B70043309892570","shapeGroup":"UKR","shapeType":"ADM2"}},
{"type":"Feature","geometry":{"type":"Polygon","coordinates":[[[25.92960522214696,49.48435891875505],[25.63290777499094,49.678525101178195],[25.507747092314105,49.58819710558345],[25.48271495571197,49.35349166730316],[25.922565354335575,49.33951337426316],[25.92960522214696,49.48435891875505]]]},"properties":{"shapeName":"Ternopil","shapeISO":"","shapeID":"74538382B88282912225835","shapeGroup":"UKR","shapeType":"ADM2"}},
{"type":"Feature","geometry":{"type":"Polygon","coordinates":[[[25.961178329200777,49.05648014866529],[25.983910995169424,49.30698212537004],[25.922565354335575,49.33951337426316],[25.48271495571197,49.35349166730316],[25.431712710853446,49.32579856812862],[25.46841087799754,49.145739406858524],[25.51058578331424,49.14699338519898],[25.718732242646865,49.038019011031054],[25.961178329200777,49.05648014866529]]]},"properties":{"shapeName":"Terebovlia","shapeISO":"","shapeID":"74538382B1294553244801","shapeGroup":"UKR","shapeType":"ADM2"}},
{"type":"Feature","geometry":{"type":"Polygon","coordinates":[[[25.12010615355119,49.649409093484714],[25.261001746963757,49.46052666874073],[25.193057376508193,49.33252273892958],[25.431712710853446,49.32579856812862],[25.48271495571197,49.35349166730316],[25.507747092314105,49.58819710558345],[25.12010615355119,49.649409093484714]]]},"properties":{"shapeName":"Kozova","shapeISO":"","shapeID":"74538382B56097972279611","shapeGroup":"UKR","shapeType":"ADM2"}},
{"type":"Feature","geometry":{"type":"Polygon","coordinates":[[[25.63626784246088,48.708220785761],[25.568539423933487,48.86659146910944],[25.69431278766062,48.97249419033514],[25.718732242646865,49.038019011031054],[25.51058578331424,49.14699338519898],[25.311066020003693,48.8242311176175],[25.37543437066006,48.70873525202029],[25.63626784246088,48.708220785761]]]},"properties":{"shapeName":"Buchach","shapeISO":"","shapeID":"74538382B92053116813832","shapeGroup":"UKR","shapeType":"ADM2"}},
{"type":"Feature","geometry":{"type":"Polygon","coordinates":[[[25.12010615355119,49.649409093484714],[25.114384947123256,49.64843438219941],[25.048586188542686,49.62712816602641],[24.753206978025673,49.47447055447458],[24.8890957186037,49.30455026743425],[24.935583972518543,49.29055807348783],[25.11796096689443,49.25089195052789],[25.193057376508193,49.33252273892958],[25.261001746963757,49.46052666874073],[25.12010615355119,49.649409093484714]]]},"properties":{"shapeName":"Berezhany","shapeISO":"","shapeID":"74538382B5205170334636","shapeGroup":"UKR","shapeType":"ADM2"}},
{"type":"Feature","geometry":{"type":"Polygon","coordinates":[[[25.431712710853446,49.32579856812862],[25.193057376508193,49.33252273892958],[25.11796096689443,49.25089195052789],[24.935583972518543,49.29055807348783],[24.94988805022291,49.14340014438983],[25.25742572719264,49.09190842525754],[25.46841087799754,49.145739406858524],[25.431712710853446,49.32579856812862]]]},"properties":{"shapeName":"Pidhaitsi","shapeISO":"","shapeID":"74538382B49196130715862","shapeGroup":"UKR","shapeType":"ADM2"}},
{"type":"Feature","geometry":{"type":"Polygon","coordinates":[[[25.46841087799754,49.145739406858524],[25.25742572719264,49.09190842525754],[24.94988805022291,49.14340014438983],[25.050016596513956,49.05442632396796],[24.961978087850067,48.994881887441345],[24.964192128409536,48.96764062966463],[25.311066020003693,48.8242311176175],[25.51058578331424,49.14699338519898],[25.46841087799754,49.145739406858524]]]},"properties":{"shapeName":"Monastyryska","shapeISO":"","shapeID":"74538382B71617713265509","shapeGroup":"UKR","shapeType":"ADM2"}},
{"type":"Feature","geometry":{"type":"Polygon","coordinates":[[[25.589995540764107,51.612435348667645],[25.473551405890476,51.621178230163935],[25.255637717755747,51.43694520553436],[25.384150918531986,51.30090108183214],[25.626171789277837,51.10627110214635],[25.982016678664706,51.11537229292003],[26.072758173049294,51.253504857813766],[25.876077100903046,51.40321606449794],[25.604299618950733,51.3518777570726],[25.604299618950733,51.576891389065224],[25.589995540764107,51.612435348667645]]]},"properties":{"shapeName":"Manevychi","shapeISO":"","shapeID":"74538382B50995532185808","shapeGroup":"UKR","shapeType":"ADM2"}},
{"type":"Feature","geometry":{"type":"Polygon","coordinates":[[[25.982016678664706,51.11537229292003],[25.626171789277837,51.10627110214635],[25.384150918531986,51.02057012611698],[25.501489057938954,50.862134789358265],[25.70133779459303,50.823777451051114],[25.73661234048683,50.69055944452185],[25.740188359986746,50.629352728517404],[25.944021471166366,50.62254705786421],[26.015541861201086,50.88681575012515],[25.982016678664706,51.11537229292003]]]},"properties":{"shapeName":"Kivertsi","shapeISO":"","shapeID":"74538382B39410931329464","shapeGroup":"UKR","shapeType":"ADM2"}},
{"type":"Feature","geometry":{"type":"Polygon","coordinates":[[[25.840316905885572,51.94651285980666],[25.47913893649701,51.994291995791],[25.110361925574125,51.90475050259687],[25.08242427323148,51.84955915686521],[25.333863144315387,51.777017674734],[25.473551405890476,51.621178230163935],[25.589995540764107,51.612435348667645],[25.579267482348826,51.76982625719444],[25.840316905885572,51.94651285980666]]]},"properties":{"shapeName":"Liubeshiv","shapeISO":"","shapeID":"74538382B51989583187875","shapeGroup":"UKR","shapeType":"ADM2"}},
{"type":"Feature","geometry":{"type":"Polygon","coordinates":[[[25.73661234048683,50.69055944452185],[25.70133779459303,50.823777451051114],[25.501489057938954,50.862134789358265],[25.384150918531986,51.02057012611698],[25.31936238492301,50.91042389593798],[25.099186864637034,50.90796045749789],[24.970673663627394,50.70315925248741],[25.23596961036185,50.52489083843602],[25.35397825382927,50.54080215938694],[25.361130293001736,50.60439378632526],[25.507747092314105,50.565794821504255],[25.421922624092815,50.6701660687761],[25.73661234048683,50.69055944452185]]]},"properties":{"shapeName":"Lutsk\t","shapeISO":"","shapeID":"74538382B46392233077619","shapeGroup":"UKR","shapeType":"ADM2"}},
{"type":"Feature","geometry":{"type":"Polygon","coordinates":[[[25.23596961036185,50.52489083843602],[24.970673663627394,50.70315925248741],[24.866850016774094,50.608424417610536],[24.571944026959315,50.537043031954475],[24.66023047102925,50.46346832266329],[24.556525905533363,50.47029699062341],[24.89982377751994,50.30156856826079],[25.16087320100968,50.30613669057584],[25.274457156977203,50.37176585018799],[25.12153698651116,50.46802087753963],[25.21451349350741,50.44525372012964],[25.23596961036185,50.52489083843602]]]},"properties":{"shapeName":"Horokhiv","shapeISO":"","shapeID":"74538382B72519912366476","shapeGroup":"UKR","shapeType":"ADM2"}},
{"type":"Feature","geometry":{"type":"Polygon","coordinates":[[[24.866850016774094,50.608424417610536],[24.63162231483807,50.76525934937672],[24.123827545950917,50.80369464362229],[24.034427058553888,50.79465388726226],[24.181043857798954,50.61800939641586],[24.571944026959315,50.537043031954475],[24.866850016774094,50.608424417610536]]]},"properties":{"shapeName":"Ivanychi","shapeISO":"","shapeID":"74538382B51634820959847","shapeGroup":"UKR","shapeType":"ADM2"}},
{"type":"Feature","geometry":{"type":"Polygon","coordinates":[[[25.099186864637034,50.90796045749789],[24.935583972518543,50.997648046639995],[24.62089425642256,50.898517008098],[24.63162231483807,50.76525934937672],[24.866850016774094,50.608424417610536],[24.970673663627394,50.70315925248741],[25.099186864637034,50.90796045749789]]]},"properties":{"shapeName":"Lokachi","shapeISO":"","shapeID":"74538382B10219511542041","shapeGroup":"UKR","shapeType":"ADM2"}},
{"type":"Feature","geometry":{"type":"Polygon","coordinates":[[[25.384150918531986,51.30090108183214],[24.935583972518543,50.997648046639995],[25.099186864637034,50.90796045749789],[25.31936238492301,50.91042389593798],[25.384150918531986,51.02057012611698],[25.626171789277837,51.10627110214635],[25.384150918531986,51.30090108183214]]]},"properties":{"shapeName":"Rozhyshche","shapeISO":"","shapeID":"74538382B88565682266832","shapeGroup":"UKR","shapeType":"ADM2"}},
{"type":"Feature","geometry":{"type":"Polygon","coordinates":[[[24.63162231483807,50.76525934937672],[24.62089425642256,50.898517008098],[24.29905250126643,51.05612613415775],[24.04873113614508,51.06511621562208],[24.18819589704782,50.89626157263882],[24.123827545950917,50.80369464362229],[24.63162231483807,50.76525934937672]]]},"properties":{"shapeName":"Volodymyr","shapeISO":"","shapeID":"74538382B9478118461291","shapeGroup":"UKR","shapeType":"ADM2"}},
{"type":"Feature","geometry":{"type":"Polygon","coordinates":[[[24.935583972518543,50.997648046639995],[24.8890957186037,51.09656775357462],[24.742455970222863,51.05412101758651],[24.74247891952615,51.154921036863925],[24.532249598333863,51.2095902650359],[24.474277457036635,51.222160165098444],[24.29905250126643,51.05612613415775],[24.62089425642256,50.898517008098],[24.935583972518543,50.997648046639995]]]},"properties":{"shapeName":"Turiisk","shapeISO":"","shapeID":"74538382B27163197759285","shapeGroup":"UKR","shapeType":"ADM2"}},
{"type":"Feature","geometry":{"type":"Polygon","coordinates":[[[25.255637717755747,51.43694520553436],[24.98557382931608,51.450267542155416],[24.635198334530344,51.36750855460161],[24.532249598333863,51.2095902650359],[24.74247891952615,51.154921036863925],[24.742455970222863,51.05412101758651],[24.8890957186037,51.09656775357462],[24.935583972518543,50.997648046639995],[25.384150918531986,51.30090108183214],[25.255637717755747,51.43694520553436]]]},"properties":{"shapeName":"Kovel","shapeISO":"","shapeID":"74538382B22320856317626","shapeGroup":"UKR","shapeType":"ADM2"}},
{"type":"Feature","geometry":{"type":"Polygon","coordinates":[[[24.29905250126643,51.05612613415775],[24.474277457036635,51.222160165098444],[24.22753211123171,51.49013642658713],[23.76980161554866,51.45672509853057],[23.744769479065383,51.322834980196546],[24.04873113614508,51.06511621562208],[24.29905250126643,51.05612613415775]]]},"properties":{"shapeName":"Liuboml","shapeISO":"","shapeID":"74538382B72123275564902","shapeGroup":"UKR","shapeType":"ADM2"}},
{"type":"Feature","geometry":{"type":"Polygon","coordinates":[[[24.98557382931608,51.450267542155416],[24.79805238674072,51.57732265827951],[24.599438139531742,51.679005319330315],[24.259716287045023,51.60799387461725],[24.22753211123171,51.49013642658713],[24.474277457036635,51.222160165098444],[24.532249598333863,51.2095902650359],[24.635198334530344,51.36750855460161],[24.98557382931608,51.450267542155416]]]},"properties":{"shapeName":"Stara Vyzhivka","shapeISO":"","shapeID":"74538382B62397743463351","shapeGroup":"UKR","shapeType":"ADM2"}},
{"type":"Feature","geometry":{"type":"Polygon","coordinates":[[[24.22753211123171,51.49013642658713],[24.259716287045023,51.60799387461725],[24.17732479748844,51.6945242496825],[23.728748911705907,51.65762482643686],[23.76980161554866,51.45672509853057],[24.22753211123171,51.49013642658713]]]},"properties":{"shapeName":"Shatsk","shapeISO":"","shapeID":"74538382B5714887404176","shapeGroup":"UKR","shapeType":"ADM2"}},
{"type":"Feature","geometry":{"type":"Polygon","coordinates":[[[25.473551405890476,51.621178230163935],[25.333863144315387,51.777017674734],[25.08242427323148,51.84955915686521],[24.836456711982407,51.768232926654775],[24.914270896299286,51.61501120414556],[24.79805238674072,51.57732265827951],[24.98557382931608,51.450267542155416],[25.255637717755747,51.43694520553436],[25.473551405890476,51.621178230163935]]]},"properties":{"shapeName":"Kamin-Kashyrskyi","shapeISO":"","shapeID":"74538382B64329946545346","shapeGroup":"UKR","shapeType":"ADM2"}},
{"type":"Feature","geometry":{"type":"Polygon","coordinates":[[[25.110361925574125,51.90475050259687],[24.477138272636523,51.898346263282576],[24.17732479748844,51.6945242496825],[24.259716287045023,51.60799387461725],[24.599438139531742,51.679005319330315],[24.79805238674072,51.57732265827951],[24.914270896299286,51.61501120414556],[24.836456711982407,51.768232926654775],[25.08242427323148,51.84955915686521],[25.110361925574125,51.90475050259687]]]},"properties":{"shapeName":"Ratne","shapeISO":"","shapeID":"74538382B19676868566368","shapeGroup":"UKR","shapeType":"ADM2"}},
{"type":"Feature","geometry":{"type":"Polygon","coordinates":[[[25.37543437066006,48.70873525202029],[25.311066020003693,48.8242311176175],[24.964192128409536,48.96764062966463],[24.999952323426953,48.72760986436697],[25.292453760989595,48.58740883671616],[25.37543437066006,48.70873525202029]]]},"properties":{"shapeName":"Tlumach","shapeISO":"","shapeID":"74538382B88874986196834","shapeGroup":"UKR","shapeType":"ADM2"}},
{"type":"Feature","geometry":{"type":"Polygon","coordinates":[[[25.27888184450501,48.42239273246781],[25.38902912357264,48.51600944076188],[25.292453760989595,48.58740883671616],[24.999952323426953,48.72760986436697],[24.756782997525534,48.66387966080629],[24.885519699520387,48.39865551439169],[25.27888184450501,48.42239273246781]]]},"properties":{"shapeName":"Kolomyia","shapeISO":"","shapeID":"74538382B92026031653361","shapeGroup":"UKR","shapeType":"ADM2"}},
{"type":"Feature","geometry":{"type":"Polygon","coordinates":[[[24.813999309523183,48.253618483446076],[24.885519699520387,48.39865551439169],[24.756782997525534,48.66387966080629],[24.65336451358951,48.77071177690277],[24.568448832369768,48.61086804772731],[24.204452528476907,48.51173622896505],[24.18841939818418,48.513085356157944],[24.31134506827567,48.33881828948836],[24.411920617007866,48.36481083257178],[24.6242467744529,48.22727147357364],[24.606590178236104,48.0866741635034],[24.813999309523183,48.253618483446076]]]},"properties":{"shapeName":"Nadvirna","shapeISO":"","shapeID":"74538382B63824501838973","shapeGroup":"UKR","shapeType":"ADM2"}},
{"type":"Feature","geometry":{"type":"Polygon","coordinates":[[[24.961978087850067,48.994881887441345],[24.680547323671988,49.019512627850986],[24.474277457036635,48.91596659740895],[24.65336451358951,48.77071177690277],[24.756782997525534,48.66387966080629],[24.999952323426953,48.72760986436697],[24.964192128409536,48.96764062966463],[24.961978087850067,48.994881887441345]]]},"properties":{"shapeName":"Tysmenytsia","shapeISO":"","shapeID":"74538382B41206945038645","shapeGroup":"UKR","shapeType":"ADM2"}},
{"type":"Feature","geometry":{"type":"Polygon","coordinates":[[[24.65336451358951,48.77071177690277],[24.474277457036635,48.91596659740895],[24.427932244491274,48.89311902785232],[24.204452528476907,48.51173622896505],[24.568448832369768,48.61086804772731],[24.65336451358951,48.77071177690277]]]},"properties":{"shapeName":"Bohorodchany","shapeISO":"","shapeID":"74538382B65631972109498","shapeGroup":"UKR","shapeType":"ADM2"}},
{"type":"Feature","geometry":{"type":"Polygon","coordinates":[[[24.18841939818418,48.513085356157944],[24.204452528476907,48.51173622896505],[24.427932244491274,48.89311902785232],[24.2489882285455,49.021606284546124],[23.9486025905573,48.79361524421142],[24.048523383667487,48.636047937371586],[23.89146129260513,48.583112954841965],[23.92021793577726,48.5426883348091],[23.95933064905074,48.45753312515262],[24.18841939818418,48.513085356157944]]]},"properties":{"shapeName":"Rozhniativ","shapeISO":"","shapeID":"74538382B89403854124425","shapeGroup":"UKR","shapeType":"ADM2"}},
{"type":"Feature","geometry":{"type":"Polygon","coordinates":[[[23.89146129260513,48.583112954841965],[24.048523383667487,48.636047937371586],[23.9486025905573,48.79361524421142],[24.2489882285455,49.021606284546124],[24.213228033546898,49.103615782860686],[23.8513607498503,49.04570375100752],[23.62318481570793,48.68041005301035],[23.89146129260513,48.583112954841965]]]},"properties":{"shapeName":"Dolyna","shapeISO":"","shapeID":"74538382B20988283989287","shapeGroup":"UKR","shapeType":"ADM2"}},
{"type":"Feature","geometry":{"type":"Polygon","coordinates":[[[24.680547323671988,49.019512627850986],[24.560101924803405,49.192501470553566],[24.483938607494053,49.17299844630321],[24.231503708369303,49.10281811257158],[24.213228033546898,49.103615782860686],[24.2489882285455,49.021606284546124],[24.427932244491274,48.89311902785232],[24.474277457036635,48.91596659740895],[24.680547323671988,49.019512627850986]]]},"properties":{"shapeName":"Kalush","shapeISO":"","shapeID":"74538382B82550284733464","shapeGroup":"UKR","shapeType":"ADM2"}},
{"type":"Feature","geometry":{"type":"Polygon","coordinates":[[[24.8890957186037,49.30455026743425],[24.560101924803405,49.192501470553566],[24.680547323671988,49.019512627850986],[24.961978087850067,48.994881887441345],[25.050016596513956,49.05442632396796],[24.94988805022291,49.14340014438983],[24.935583972518543,49.29055807348783],[24.8890957186037,49.30455026743425]]]},"properties":{"shapeName":"Halych","shapeISO":"","shapeID":"74538382B19576586324749","shapeGroup":"UKR","shapeType":"ADM2"}},
{"type":"Feature","geometry":{"type":"Polygon","coordinates":[[[24.753206978025673,49.47447055447458],[24.52312064982027,49.506820945005984],[24.53423589277139,49.33766198476883],[24.40275706703943,49.27422882650035],[24.483938607494053,49.17299844630321],[24.560101924803405,49.192501470553566],[24.8890957186037,49.30455026743425],[24.753206978025673,49.47447055447458]]]},"properties":{"shapeName":"Rohatyn","shapeISO":"","shapeID":"74538382B68321020452379","shapeGroup":"UKR","shapeType":"ADM2"}},
{"type":"Feature","geometry":{"type":"Polygon","coordinates":[[[25.16087320100968,50.30613669057584],[24.89982377751994,50.30156856826079],[25.014256401515354,50.21697915025533],[24.940393191596627,50.14420795120998],[25.022044062506275,49.953580787191406],[25.242760029493354,49.82048257409315],[25.549764832656138,49.92478982699606],[25.450530780465897,50.01748757133987],[25.23954563000649,50.05423806365002],[25.16087320100968,50.30613669057584]]]},"properties":{"shapeName":"Brody","shapeISO":"","shapeID":"74538382B56277130334747","shapeGroup":"UKR","shapeType":"ADM2"}},
{"type":"Feature","geometry":{"type":"Polygon","coordinates":[[[24.940393191596627,50.14420795120998],[24.68168658802847,50.143699573387096],[24.527917749534538,49.96690970958957],[24.549373866387896,49.90937028636421],[25.022044062506275,49.953580787191406],[24.940393191596627,50.14420795120998]]]},"properties":{"shapeName":"Busk","shapeISO":"","shapeID":"74538382B89589789730679","shapeGroup":"UKR","shapeType":"ADM2"}},
{"type":"Feature","geometry":{"type":"Polygon","coordinates":[[[25.242760029493354,49.82048257409315],[25.022044062506275,49.953580787191406],[24.549373866387896,49.90937028636421],[24.533065062110488,49.82196050027774],[25.048586188542686,49.62712816602641],[25.114384947123256,49.64843438219941],[25.217881028698002,49.7566763387419],[25.132265045010683,49.821778731992936],[25.242760029493354,49.82048257409315]]]},"properties":{"shapeName":"Zolochiv","shapeISO":"","shapeID":"74538382B27097146636711","shapeGroup":"UKR","shapeType":"ADM2"}},
{"type":"Feature","geometry":{"type":"Polygon","coordinates":[[[25.048586188542686,49.62712816602641],[24.533065062110488,49.82196050027774],[24.181043857798954,49.72015845333169],[24.263292306249127,49.664639389559454],[24.52312064982027,49.506820945005984],[24.753206978025673,49.47447055447458],[25.048586188542686,49.62712816602641]]]},"properties":{"shapeName":"Peremyshliany","shapeISO":"","shapeID":"74538382B58827440346499","shapeGroup":"UKR","shapeType":"ADM2"}},
{"type":"Feature","geometry":{"type":"Polygon","coordinates":[[[24.483938607494053,49.17299844630321],[24.40275706703943,49.27422882650035],[24.53423589277139,49.33766198476883],[24.52312064982027,49.506820945005984],[24.263292306249127,49.664639389559454],[24.30620454054332,49.48608742787894],[24.173305101595133,49.418990737443266],[24.231503708369303,49.10281811257158],[24.483938607494053,49.17299844630321]]]},"properties":{"shapeName":"Zhydachiv","shapeISO":"","shapeID":"74538382B73482868346165","shapeGroup":"UKR","shapeType":"ADM2"}},
{"type":"Feature","geometry":{"type":"Polygon","coordinates":[[[24.213228033546898,49.103615782860686],[24.231503708369303,49.10281811257158],[24.173305101595133,49.418990737443266],[23.966482687694906,49.446578813495194],[23.819865888562447,49.38143633904531],[23.817047013637364,49.25299111403666],[23.562392484572456,49.17847748900823],[23.8513607498503,49.04570375100752],[24.213228033546898,49.103615782860686]]]},"properties":{"shapeName":"Stryi","shapeISO":"","shapeID":"74538382B24886275593146","shapeGroup":"UKR","shapeType":"ADM2"}},
{"type":"Feature","geometry":{"type":"Polygon","coordinates":[[[23.62318481570793,48.68041005301035],[23.8513607498503,49.04570375100752],[23.562392484572456,49.17847748900823],[23.397865467510826,49.08897133227839],[23.244126748703707,49.00518814371543],[23.254076035043397,48.79466061816328],[23.412199665375056,48.72053271458748],[23.62318481570793,48.68041005301035]]]},"properties":{"shapeName":"Skole","shapeISO":"","shapeID":"74538382B50426750850815","shapeGroup":"UKR","shapeType":"ADM2"}},
{"type":"Feature","geometry":{"type":"Polygon","coordinates":[[[23.254076035043397,48.79466061816328],[23.244126748703707,49.00518814371543],[23.397865467510826,49.08897133227839],[23.21665342385114,49.284213606666015],[23.1285543342957,49.22153161030303],[22.81557657222197,49.34212295722921],[22.73318508294517,49.33466663938697],[22.83846309702102,49.01457060116536],[22.97234926675145,48.87129596346847],[23.072477813091893,48.78419121456267],[23.254076035043397,48.79466061816328]]]},"properties":{"shapeName":"Turka","shapeISO":"","shapeID":"74538382B48347776111848","shapeGroup":"UKR","shapeType":"ADM2"}},
{"type":"Feature","geometry":{"type":"Polygon","coordinates":[[[24.181043857798954,49.72015845333169],[24.08648171663674,49.70811650527969],[23.994232599035627,49.59199888801152],[23.895820542692775,49.61424728053095],[23.966482687694906,49.446578813495194],[24.173305101595133,49.418990737443266],[24.30620454054332,49.48608742787894],[24.263292306249127,49.664639389559454],[24.181043857798954,49.72015845333169]]]},"properties":{"shapeName":"Mykolaiv","shapeISO":"","shapeID":"74538382B46794704390703","shapeGroup":"UKR","shapeType":"ADM2"}},
{"type":"Feature","geometry":{"type":"Polygon","coordinates":[[[23.966482687694906,49.446578813495194],[23.895820542692775,49.61424728053095],[23.80198579079473,49.65278711440715],[23.243554585648155,49.379387602743805],[23.21665342385114,49.284213606666015],[23.397865467510826,49.08897133227839],[23.562392484572456,49.17847748900823],[23.817047013637364,49.25299111403666],[23.819865888562447,49.38143633904531],[23.966482687694906,49.446578813495194]]]},"properties":{"shapeName":"Drohobych","shapeISO":"","shapeID":"74538382B88125912704040","shapeGroup":"UKR","shapeType":"ADM2"}},
{"type":"Feature","geometry":{"type":"Polygon","coordinates":[[[23.21665342385114,49.284213606666015],[23.243554585648155,49.379387602743805],[23.17089738301115,49.69734452949808],[22.984936855735214,49.77561410833755],[22.70572125318631,49.571224561452254],[22.81557657222197,49.34212295722921],[23.1285543342957,49.22153161030303],[23.21665342385114,49.284213606666015]]]},"properties":{"shapeName":"Staryi Sambir","shapeISO":"","shapeID":"74538382B78037249212092","shapeGroup":"UKR","shapeType":"ADM2"}},
{"type":"Feature","geometry":{"type":"Polygon","coordinates":[[[23.80198579079473,49.65278711440715],[23.504460968645674,49.80811858922135],[23.17089738301115,49.69734452949808],[23.243554585648155,49.379387602743805],[23.80198579079473,49.65278711440715]]]},"properties":{"shapeName":"Sambir","shapeISO":"","shapeID":"74538382B27410242056643","shapeGroup":"UKR","shapeType":"ADM2"}},
{"type":"Feature","geometry":{"type":"Polygon","coordinates":[[[23.17089738301115,49.69734452949808],[23.504460968645674,49.80811858922135],[23.563965932716144,49.93349917743177],[23.351121252520898,50.03503944029103],[22.984936855735214,49.77561410833755],[23.17089738301115,49.69734452949808]]]},"properties":{"shapeName":"Mostyska","shapeISO":"","shapeID":"74538382B10043952621964","shapeGroup":"UKR","shapeType":"ADM2"}},
{"type":"Feature","geometry":{"type":"Polygon","coordinates":[[[24.08648171663674,49.70811650527969],[24.041579097500914,49.854067783218795],[24.21680405281643,49.98300843549464],[23.937874532057776,49.90246093772839],[23.563965932716144,49.93349917743177],[23.504460968645674,49.80811858922135],[23.80198579079473,49.65278711440715],[23.895820542692775,49.61424728053095],[23.994232599035627,49.59199888801152],[24.08648171663674,49.70811650527969]]]},"properties":{"shapeName":"Horodok","shapeISO":"","shapeID":"74538382B46853229377150","shapeGroup":"UKR","shapeType":"ADM2"}},
{"type":"Feature","geometry":{"type":"Polygon","coordinates":[[[24.527917749534538,49.96690970958957],[24.309897617231172,50.045439387807676],[24.170315799383673,50.02208292096606],[24.21680405281643,49.98300843549464],[24.041579097500914,49.854067783218795],[24.08648171663674,49.70811650527969],[24.181043857798954,49.72015845333169],[24.533065062110488,49.82196050027774],[24.549373866387896,49.90937028636421],[24.527917749534538,49.96690970958957]]]},"properties":{"shapeName":"Pustomyty","shapeISO":"","shapeID":"74538382B29269701893700","shapeGroup":"UKR","shapeType":"ADM2"}},
{"type":"Feature","geometry":{"type":"Polygon","coordinates":[[[23.563965932716144,49.93349917743177],[23.937874532057776,49.90246093772839],[24.21680405281643,49.98300843549464],[24.170315799383673,50.02208292096606],[23.641064913569437,50.23070655779367],[23.387167529079363,50.141407775155585],[23.351121252520898,50.03503944029103],[23.563965932716144,49.93349917743177]]]},"properties":{"shapeName":"Yavoriv","shapeISO":"","shapeID":"74538382B49623999622134","shapeGroup":"UKR","shapeType":"ADM2"}},
{"type":"Feature","geometry":{"type":"Polygon","coordinates":[[[24.556525905533363,50.47029699062341],[24.38487696948772,50.30842058691616],[24.68168658802847,50.143699573387096],[24.940393191596627,50.14420795120998],[25.014256401515354,50.21697915025533],[24.89982377751994,50.30156856826079],[24.556525905533363,50.47029699062341]]]},"properties":{"shapeName":"Radekhiv","shapeISO":"","shapeID":"74538382B52096657726601","shapeGroup":"UKR","shapeType":"ADM2"}},
{"type":"Feature","geometry":{"type":"Polygon","coordinates":[[[24.68168658802847,50.143699573387096],[24.38487696948772,50.30842058691616],[24.337201565977523,50.209827603046335],[24.309897617231172,50.045439387807676],[24.527917749534538,49.96690970958957],[24.68168658802847,50.143699573387096]]]},"properties":{"shapeName":"Kamianka-Buzka","shapeISO":"","shapeID":"74538382B79038092338263","shapeGroup":"UKR","shapeType":"ADM2"}},
{"type":"Feature","geometry":{"type":"Polygon","coordinates":[[[24.309897617231172,50.045439387807676],[24.337201565977523,50.209827603046335],[23.818006358148182,50.355900771758456],[23.641064913569437,50.23070655779367],[24.170315799383673,50.02208292096606],[24.309897617231172,50.045439387807676]]]},"properties":{"shapeName":"Zhovkva","shapeISO":"","shapeID":"74538382B85427402456891","shapeGroup":"UKR","shapeType":"ADM2"}},
{"type":"Feature","geometry":{"type":"Polygon","coordinates":[[[24.571944026959315,50.537043031954475],[24.181043857798954,50.61800939641586],[24.104087918411267,50.44343187414836],[23.810802502090553,50.41694334571099],[23.818006358148182,50.355900771758456],[24.337201565977523,50.209827603046335],[24.38487696948772,50.30842058691616],[24.556525905533363,50.47029699062341],[24.66023047102925,50.46346832266329],[24.571944026959315,50.537043031954475]]]},"properties":{"shapeName":"Sokal","shapeISO":"","shapeID":"74538382B97249439308301","shapeGroup":"UKR","shapeType":"ADM2"}},
{"type":"Feature","geometry":{"type":"Polygon","coordinates":[[[33.82556844916837,45.23829694054933],[33.698202210165164,45.35873774949539],[33.61458329834642,45.4293494402292],[33.435782323259616,45.41680000314733],[33.36426193412325,45.524633997289754],[32.967323769161055,45.331389852081884],[33.1112859889372,45.262160682504316],[33.44791503914513,45.24423794217546],[33.60027922067724,45.02385623801882],[33.75404805917117,45.03649271594634],[33.82556844916837,45.23829694054933]]]},"properties":{"shapeName":"Saky","shapeISO":"","shapeID":"74538382B47758211773177","shapeGroup":"UKR","shapeType":"ADM2"}},
{"type":"Feature","geometry":{"type":"Polygon","coordinates":[[[33.60743125967707,44.947978782769724],[33.60027922067724,45.02385623801882],[33.44791503914513,45.24423794217546],[33.1112859889372,45.262160682504316],[33.0189627315026,45.18025653336002],[33.52312175250228,45.00961826369894],[33.419527433059386,44.49464420049219],[33.68196637516928,44.42070190032251],[33.954305151163396,44.5059089954928],[33.66822359117458,44.74260797935324],[33.60743125967707,44.947978782769724]]]},"properties":{"shapeName":"Nakhimovskyi","shapeISO":"","shapeID":"74538382B3276437105714","shapeGroup":"UKR","shapeType":"ADM2"}},
{"type":"Feature","geometry":{"type":"Polygon","coordinates":[[[33.419527433059386,44.49464420049219],[33.2123387939842,44.45521995937412],[33.42643372107784,44.29231344314002],[33.68196637516928,44.42070190032251],[33.419527433059386,44.49464420049219]]]},"properties":{"shapeName":"Leninskyi","shapeISO":"","shapeID":"74538382B30799636343123","shapeGroup":"UKR","shapeType":"ADM2"}},
{"type":"Feature","geometry":{"type":"Polygon","coordinates":[[[33.954305151163396,44.5059089954928],[33.68196637516928,44.42070190032251],[33.42643372107784,44.29231344314002],[34.11015622900891,44.331847544863194],[34.56597123429634,44.49464420047002],[34.57609610759522,44.68736216538014],[34.83400594780943,44.775618049963555],[34.7231493438843,44.7705408047068],[34.6818611533721,44.876040089191235],[34.61229273906122,44.86946656584797],[34.35353414232486,44.79656436830044],[34.25111476965168,44.66381555270891],[34.1975799991007,44.71485328157377],[34.18674641862407,44.56708499676682],[33.954305151163396,44.5059089954928]]]},"properties":{"shapeName":"Balakavaskyi","shapeISO":"","shapeID":"74538382B52948461958272","shapeGroup":"UKR","shapeType":"ADM2"}},
{"type":"Feature","geometry":{"type":"Polygon","coordinates":[[[33.2123387939842,44.45521995937412],[33.0927218869038,44.522816202658134],[32.81426035640078,44.37451446199964],[33.18554239707146,44.24167093340549],[33.42643372107784,44.29231344314002],[33.2123387939842,44.45521995937412]]]},"properties":{"shapeName":"Gagarin","shapeISO":"","shapeID":"74538382B18343308961646","shapeGroup":"UKR","shapeType":"ADM2"}},
{"type":"Feature","geometry":{"type":"Polygon","coordinates":[[[38.31733551060444,48.426689017425645],[38.74259526131982,48.566949865168226],[38.62882275113532,48.77624329774682],[38.68180292970044,48.955901229539734],[38.477969818910026,49.05442632383239],[38.38141729227323,49.12234181090463],[38.291444641225155,48.94387722007821],[38.177584180497036,48.93946142647616],[38.31733551060444,48.426689017425645]]]},"properties":{"shapeName":"Popasna","shapeISO":"","shapeID":"74538382B55408999642819","shapeGroup":"UKR","shapeType":"ADM2"}}
]}